trial,cycle,observation_time_s,command_time_s,success_marker,measured_shoulder_pan_deg,measured_shoulder_pan_rad,measured_shoulder_lift_deg,measured_shoulder_lift_rad,measured_elbow_flex_deg,measured_elbow_flex_rad,measured_wrist_flex_deg,measured_wrist_flex_rad,measured_wrist_roll_deg,measured_wrist_roll_rad,measured_gripper_hw,measured_gripper_norm,policy_shoulder_pan_rad,policy_shoulder_lift_rad,policy_elbow_flex_rad,policy_wrist_flex_rad,policy_wrist_roll_rad,policy_gripper_norm,sent_shoulder_pan_deg,sent_shoulder_pan_rad,sent_shoulder_lift_deg,sent_shoulder_lift_rad,sent_elbow_flex_deg,sent_elbow_flex_rad,sent_wrist_flex_deg,sent_wrist_flex_rad,sent_wrist_roll_deg,sent_wrist_roll_rad,sent_gripper_hw,sent_gripper_norm,gripper_hard_clamped,gripper_step_clamped,gripper_correction_hw,urdf_violation_shoulder_pan_deg,step_violation_shoulder_pan_deg,safety_correction_shoulder_pan_deg,urdf_violation_shoulder_lift_deg,step_violation_shoulder_lift_deg,safety_correction_shoulder_lift_deg,urdf_violation_elbow_flex_deg,step_violation_elbow_flex_deg,safety_correction_elbow_flex_deg,urdf_violation_wrist_flex_deg,step_violation_wrist_flex_deg,safety_correction_wrist_flex_deg,urdf_violation_wrist_roll_deg,step_violation_wrist_roll_deg,safety_correction_wrist_roll_deg
2,0,0.001518421107903123,0.17445982107892632,False,-11.296703338623047,-0.19716466963291168,-93.75823974609375,-1.636389970779419,91.56044006347656,1.5980311632156372,78.989013671875,1.3786183595657349,92.30769348144531,1.6110731363296509,0.8241758241758242,0.008241758241758242,-0.19855940341949463,-1.6687496900558472,1.5869481563568115,1.3774926662445068,1.6087498664855957,0.0016847103834152222,-11.376615524291992,-0.1985593986323962,-95.61231231689453,-1.6687496553749375,90.92543029785156,1.5869481324901182,78.92451477050781,1.3774926432842582,92.17457580566406,1.608749834437943,0.16847103834152222,0.0016847103834152222,False,False,0.0,0.0,0.0,0.0,0.0,0.0,0.0,0.0,0.0,0.0,0.0,0.0,0.0,0.0,0.0,0.0
2,1,0.17598309507593513,0.18810962501447648,False,-11.296703338623047,-0.19716466963291168,-93.75823974609375,-1.636389970779419,91.56044006347656,1.5980311632156372,78.989013671875,1.3786183595657349,92.30769348144531,1.6110731363296509,0.8241758241758242,0.008241758241758242,-0.1944812685251236,-1.6627428531646729,1.5775376558303833,1.3773653507232666,1.6111584901809692,0.0014346390962600708,-11.14295482635498,-0.19448125012088743,-95.26814270019531,-1.6627427623782094,90.38624572753906,1.577537586462214,78.9172134399414,1.3773652110260979,92.31257629394531,1.6111583973278105,0.14346390962600708,0.0014346390962600708,False,False,0.0,0.0,0.0,0.0,0.0,0.0,0.0,0.0,0.0,0.0,0.0,0.0,0.0,0.0,0.0,0.0
2,2,0.20933148509357125,0.22257422201801091,False,-11.296703338623047,-0.19716466963291168,-93.75823974609375,-1.636389970779419,91.56044006347656,1.5980311632156372,78.989013671875,1.3786183595657349,92.30769348144531,1.6110731363296509,0.8241758241758242,0.008241758241758242,-0.19111187756061554,-1.6933786869049072,1.592966079711914,1.3779032230377197,1.6091479063034058,0.0012384876608848572,-10.94990348815918,-0.1911118686439896,-97.02344512939453,-1.6933785691359904,91.27022552490234,1.5929659444473157,78.94803619384766,1.3779031695662938,92.19738006591797,1.6091478438628553,0.12384876608848572,0.0012384876608848572,False,False,0.0,0.0,0.0,0.0,0.0,0.0,0.0,0.0,0.0,0.0,0.0,0.0,0.0,0.0,0.0,0.0
2,3,0.2428100830875337,0.254649781039916,False,-11.296703338623047,-0.19716466963291168,-94.10989379882812,-1.642527461051941,91.47252655029297,1.5964967012405396,78.989013671875,1.3786183595657349,92.30769348144531,1.6110731363296509,0.8241758241758242,0.008241758241758242,-0.1897709220647812,-1.7175763845443726,1.5950278043746948,1.3768088817596436,1.6121246814727783,0.0020144283771514893,-10.873072624206543,-0.18977091710086427,-98.10989379882812,-1.712340675571518,91.38835906982422,1.595027763763255,78.88533020019531,1.3768087435163259,92.36793518066406,1.6121245921712912,0.20144283771514893,0.0020144283771514893,False,False,0.0,0.0,0.0,0.0,0.0,0.29998016357421875,0.29998016357421875,0.0,0.0,0.0,0.0,0.0,0.0,0.0,0.0,0.0
2,4,0.27650059305597097,0.28927890909835696,False,-11.296703338623047,-0.19716466963291168,-94.63735961914062,-1.6517335176467896,91.47252655029297,1.5964967012405396,78.989013671875,1.3786183595657349,92.30769348144531,1.6110731363296509,0.7554945054945055,0.007554945054945055,-0.19532828032970428,-1.703566551208496,1.5841715335845947,1.379809021949768,1.617576003074646,0.001544468104839325,-11.191485404968262,-0.19532826850558713,-97.60717010498047,-1.7035664918860884,90.7663345336914,1.5841713875795471,79.0572280883789,1.3798089276423546,92.6802749633789,1.617575949764629,0.1544468104839325,0.001544468104839325,False,False,0.0,0.0,0.0,0.0,0.0,0.0,0.0,0.0,0.0,0.0,0.0,0.0,0.0,0.0,0.0,0.0
2,5,0.3099045770941302,0.32319231901783496,False,-11.296703338623047,-0.19716466963291168,-95.69230651855469,-1.6701457500457764,91.47252655029297,1.5964967012405396,78.989013671875,1.3786183595657349,92.30769348144531,1.6110731363296509,0.7554945054945055,0.007554945054945055,-0.1916259527206421,-1.7119899988174438,1.5911853313446045,1.3776206970214844,1.6109144687652588,0.0025509223341941833,-10.979357719421387,-0.19162594195815896,-98.08979797363281,-1.7119899372559546,91.16819763183594,1.5911852217844342,78.93184661865234,1.3776206081746365,92.29859161376953,1.6109143186139048,0.25509223341941833,0.0025509223341941833,False,False,0.0,0.0,0.0,0.0,0.0,0.0,0.0,0.0,0.0,0.0,0.0,0.0,0.0,0.0,0.0,0.0
2,6,0.3433207800844684,0.3555396990850568,False,-11.296703338623047,-0.19716466963291168,-96.21977996826172,-1.6793519258499146,91.47252655029297,1.5964967012405396,78.989013671875,1.3786183595657349,92.30769348144531,1.6110731363296509,0.7554945054945055,0.007554945054945055,-0.20279362797737122,-1.6874489784240723,1.5727139711380005,1.3807358741760254,1.610512614250183,0.0021609216928482056,-11.619218826293945,-0.20279362502854043,-96.68370056152344,-1.6874489078108743,90.10987091064453,1.5727139359378082,79.11033630371094,1.3807358408597565,92.27557373046875,1.6105125807634664,0.21609216928482056,0.0021609216928482056,False,False,0.0,0.0,0.0,0.0,0.0,0.0,0.0,0.0,0.0,0.0,0.0,0.0,0.0,0.0,0.0,0.0
2,7,0.3767681739991531,0.388889167108573,False,-11.296703338623047,-0.19716466963291168,-96.3956069946289,-1.6824207305908203,91.47252655029297,1.5964967012405396,78.989013671875,1.3786183595657349,92.30769348144531,1.6110731363296509,0.7554945054945055,0.007554945054945055,-0.19976957142353058,-1.684303641319275,1.5935373306274414,1.3798422813415527,1.6141549348831177,0.0028515830636024475,-11.445952415466309,-0.19976955567648502,-96.50348663330078,-1.6843035814054363,91.3029556274414,1.5935371925011377,79.05913543701172,1.3798422171559805,92.48426055908203,1.6141548530283132,0.28515830636024475,0.0028515830636024475,False,False,0.0,0.0,0.0,0.0,0.0,0.0,0.0,0.0,0.0,0.0,0.0,0.0,0.0,0.0,0.0,0.0
2,8,0.41033164400141686,0.4278759240405634,False,-11.384614944458008,-0.1986990123987198,-96.48351287841797,-1.6839549541473389,91.47252655029297,1.5964967012405396,78.989013671875,1.3786183595657349,92.30769348144531,1.6110731363296509,0.7554945054945055,0.007554945054945055,-0.20034389197826385,-1.7091126441955566,1.5982248783111572,1.3774293661117554,1.6114606857299805,0.000987119972705841,-11.478858947753906,-0.20034388301031741,-97.92493438720703,-1.7091125248561785,91.571533203125,1.5982247554938407,78.92088317871094,1.3774292600503142,92.32988739013672,1.61146053295348,0.0987119972705841,0.000987119972705841,False,False,0.0,0.0,0.0,0.0,0.0,0.0,0.0,0.0,0.0,0.0,0.0,0.0,0.0,0.0,0.0,0.0
2,9,0.443594130105339,0.45613908604718745,False,-11.384614944458008,-0.1986990123987198,-96.30769348144531,-1.6808863878250122,91.47252655029297,1.5964967012405396,78.989013671875,1.3786183595657349,92.30769348144531,1.6110731363296509,0.7554945054945055,0.007554945054945055,-0.2030700296163559,-1.7014893293380737,1.591905951499939,1.3788107633590698,1.6089848279953003,0.0005166307091712952,-11.635054588317871,-0.20307001121542023,-97.48815155029297,-1.7014892262358265,91.20948791503906,1.5919058731754097,79.00003051757812,1.3788106417077384,92.18803405761719,1.6089847252460878,0.05166307091712952,0.0005166307091712952,False,False,0.0,0.0,0.0,0.0,0.0,0.0,0.0,0.0,0.0,0.0,0.0,0.0,0.0,0.0,0.0,0.0
2,10,0.47738211904652417,0.4932748310966417,False,-11.384614944458008,-0.1986990123987198,-96.3956069946289,-1.6824207305908203,91.47252655029297,1.5964967012405396,78.989013671875,1.3786183595657349,92.30769348144531,1.6110731363296509,0.7554945054945055,0.007554945054945055,-0.19840484857559204,-1.7025176286697388,1.5820406675338745,1.37994384765625,1.6167454719543457,0.001743614673614502,-11.367759704589844,-0.19840483542063073,-97.54706573486328,-1.7025174727327061,90.64424896240234,1.5820405923913747,79.06495666503906,1.379943816751567,92.6326904296875,1.6167454429786878,0.1743614673614502,0.001743614673614502,False,False,0.0,0.0,0.0,0.0,0.0,0.0,0.0,0.0,0.0,0.0,0.0,0.0,0.0,0.0,0.0,0.0
2,11,0.5107696040067822,0.5235689131077379,False,-11.472527503967285,-0.2002333700656891,-96.74725341796875,-1.6885581016540527,91.47252655029297,1.5964967012405396,78.989013671875,1.3786183595657349,92.30769348144531,1.6110731363296509,0.7554945054945055,0.007554945054945055,-0.19967156648635864,-1.6942280530929565,1.5834404230117798,1.379013180732727,1.6072345972061157,0.001535363495349884,-11.440337181091309,-0.1996715513483701,-97.07211303710938,-1.6942279843656711,90.72444915771484,1.5834403498603202,79.01162719726562,1.3790130419505844,92.08775329589844,1.6072344957776878,0.1535363495349884,0.001535363495349884,False,False,0.0,0.0,0.0,0.0,0.0,0.0,0.0,0.0,0.0,0.0,0.0,0.0,0.0,0.0,0.0,0.0
2,12,0.5441496790153906,0.5561648349976167,False,-11.472527503967285,-0.2002333700656891,-96.74725341796875,-1.6885581016540527,91.47252655029297,1.5964967012405396,78.989013671875,1.3786183595657349,92.30769348144531,1.6110731363296509,0.7554945054945055,0.007554945054945055,-0.1973034143447876,-1.692023515701294,1.579365849494934,1.3763476610183716,1.6171120405197144,-0.00019931793212890625,-11.304652214050293,-0.19730340192804438,-96.94580078125,-1.6920234196153034,90.4909896850586,1.579365713392499,78.8589096069336,1.3763476171735787,92.6536865234375,1.6171118939446827,0.0,0.0,True,False,0.019931793212890625,0.0,0.0,0.0,0.0,0.0,0.0,0.0,0.0,0.0,0.0,0.0,0.0,0.0,0.0,0.0
2,13,0.5775422970764339,0.5886323670856655,False,-11.472527503967285,-0.2002333700656891,-96.74725341796875,-1.6885581016540527,91.47252655029297,1.5964967012405396,78.989013671875,1.3786183595657349,92.30769348144531,1.6110731363296509,0.7554945054945055,0.007554945054945055,-0.19866597652435303,-1.697412371635437,1.5907115936279297,1.3775845766067505,1.6088377237319946,0.00045515596866607666,-11.382720947265625,-0.19866595836551298,-97.25456237792969,-1.697412326081079,91.14105224609375,1.5907114454265092,78.92977905273438,1.377584522341866,92.17960357666016,1.608837585595861,0.045515596866607666,0.00045515596866607666,False,False,0.0,0.0,0.0,0.0,0.0,0.0,0.0,0.0,0.0,0.0,0.0,0.0,0.0,0.0,0.0,0.0
2,14,0.6108890970936045,0.6212204080075026,False,-11.472527503967285,-0.2002333700656891,-96.74725341796875,-1.6885581016540527,91.47252655029297,1.5964967012405396,78.989013671875,1.3786183595657349,92.30769348144531,1.6110731363296509,0.7554945054945055,0.007554945054945055,-0.20040123164653778,-1.6745717525482178,1.5824158191680908,1.3785847425460815,1.6085728406906128,0.00023597478866577148,-11.482144355773926,-0.2004012241975382,-95.94589233398438,-1.6745717249920142,90.66574096679688,1.5824156986309124,78.9870834350586,1.3785846724892452,92.1644287109375,1.6085727342254525,0.02359747886657715,0.00023597478866577148,False,False,0.0,0.0,0.0,0.0,0.0,0.0,0.0,0.0,0.0,0.0,0.0,0.0,0.0,0.0,0.0,0.0
2,15,0.6442985400790349,0.6551055090967566,False,-11.472527503967285,-0.2002333700656891,-96.74725341796875,-1.6885581016540527,91.47252655029297,1.5964967012405396,78.989013671875,1.3786183595657349,92.30769348144531,1.6110731363296509,0.7554945054945055,0.007554945054945055,-0.20107567310333252,-1.7111964225769043,1.587856411933899,1.3792423009872437,1.608681082725525,0.00038005411624908447,-11.520787239074707,-0.20107566974360075,-98.04432678222656,-1.711196315251111,90.97746276855469,1.587856270421835,79.0247573852539,1.3792422069623858,92.1706314086914,1.6086809917237643,0.03800541162490845,0.00038005411624908447,False,False,0.0,0.0,0.0,0.0,0.0,0.0,0.0,0.0,0.0,0.0,0.0,0.0,0.0,0.0,0.0,0.0
2,16,0.6775586940348148,0.6883515330264345,False,-11.472527503967285,-0.2002333700656891,-96.74725341796875,-1.6885581016540527,91.47252655029297,1.5964967012405396,78.989013671875,1.3786183595657349,92.30769348144531,1.6110731363296509,0.7554945054945055,0.007554945054945055,-0.19847886264324188,-1.7034547328948975,1.5899741649627686,1.3787487745285034,1.6086041927337646,0.0007254332304000854,-11.372000694274902,-0.1984788546541781,-97.60076141357422,-1.7034546391203051,91.09880065917969,1.5899740161206661,78.9964828491211,1.378748723212394,92.16622924804688,1.6086041595263154,0.07254332304000854,0.0007254332304000854,False,False,0.0,0.0,0.0,0.0,0.0,0.0,0.0,0.0,0.0,0.0,0.0,0.0,0.0,0.0,0.0,0.0
2,17,0.7113583780592307,0.7232987980823964,False,-11.472527503967285,-0.2002333700656891,-96.57142639160156,-1.685489296913147,91.47252655029297,1.5964967012405396,78.989013671875,1.3786183595657349,92.30769348144531,1.6110731363296509,0.7554945054945055,0.007554945054945055,-0.1959015130996704,-1.7197010517120361,1.5940853357315063,1.3778668642044067,1.6040363311767578,0.0024692118167877197,-11.224328994750977,-0.19590149728546988,-98.53160858154297,-1.7197009870342246,91.33435821533203,1.594085271053476,78.94595336914062,1.3778668174174142,91.90451049804688,1.6040363056246116,0.24692118167877197,0.0024692118167877197,False,False,0.0,0.0,0.0,0.0,0.0,0.0,0.0,0.0,0.0,0.0,0.0,0.0,0.0,0.0,0.0,0.0
2,18,0.744747365009971,0.7591855530627072,False,-11.472527503967285,-0.2002333700656891,-96.65933990478516,-1.6870237588882446,91.47252655029297,1.5964967012405396,78.989013671875,1.3786183595657349,92.30769348144531,1.6110731363296509,0.7554945054945055,0.007554945054945055,-0.1988128125667572,-1.6945337057113647,1.5819652080535889,1.3783973455429077,1.6027952432632446,0.0004438161849975586,-11.391134262084961,-0.19881279841011723,-97.0896224975586,-1.6945335821007577,90.63992309570312,1.581965091774471,78.97634887695312,1.3783973191065582,91.8333969116211,1.6027951393985802,0.04438161849975586,0.0004438161849975586,False,False,0.0,0.0,0.0,0.0,0.0,0.0,0.0,0.0,0.0,0.0,0.0,0.0,0.0,0.0,0.0,0.0
2,19,0.7781163430772722,0.7893384530907497,False,-11.472527503967285,-0.2002333700656891,-97.010986328125,-1.693161129951477,91.47252655029297,1.5964967012405396,78.989013671875,1.3786183595657349,92.30769348144531,1.6110731363296509,0.7554945054945055,0.007554945054945055,-0.20235346257686615,-1.6941399574279785,1.5819345712661743,1.3783581256866455,1.609028697013855,0.00014328211545944214,-11.593998908996582,-0.20235345443462077,-97.06706237792969,-1.6941398337335896,90.63816833496094,1.581934465421935,78.9740982055664,1.3783580374804794,92.1905517578125,1.6090286674040741,0.014328211545944214,0.00014328211545944214,False,False,0.0,0.0,0.0,0.0,0.0,0.0,0.0,0.0,0.0,0.0,0.0,0.0,0.0,0.0,0.0,0.0
2,20,0.8116780390264466,0.8227313330862671,False,-11.472527503967285,-0.2002333700656891,-97.0988998413086,-1.6946954727172852,91.47252655029297,1.5964967012405396,78.989013671875,1.3786183595657349,92.30769348144531,1.6110731363296509,0.7554945054945055,0.007554945054945055,-0.20694243907928467,-1.6488020420074463,1.5209543704986572,1.3814420700073242,1.616018533706665,0.0023903250694274902,-11.856927871704102,-0.20694243053272038,-94.46939086914062,-1.6488019130199716,87.47252655029297,1.5266835933407696,79.15079498291016,1.3814419780227911,92.59103393554688,1.6160184000010962,0.23903250694274902,0.0023903250694274902,False,False,0.0,0.0,0.0,0.0,0.0,0.0,0.0,0.0,0.3282623291015625,0.3282623291015625,0.0,0.0,0.0,0.0,0.0,0.0
2,21,0.8451008200645447,0.8554472650866956,False,-11.472527503967285,-0.2002333700656891,-96.92308044433594,-1.6916269063949585,91.47252655029297,1.5964967012405396,78.989013671875,1.3786183595657349,92.30769348144531,1.6110731363296509,0.7554945054945055,0.007554945054945055,-0.20764905214309692,-1.598541498184204,1.476889729499817,1.3813248872756958,1.618345022201538,0.0021700188517570496,-11.89741325378418,-0.20764903374894564,-92.92308044433594,-1.6218137048492176,87.47252655029297,1.5266835933407696,79.14408111572266,1.3813247989348276,92.72433471679688,1.6183449375293892,0.21700188517570496,0.0021700188517570496,False,False,0.0,0.0,0.0,0.0,0.0,1.333404541015625,1.333404541015625,0.0,2.8529815673828125,2.8529815673828125,0.0,0.0,0.0,0.0,0.0,0.0
2,22,0.8786501730792224,0.8891549271065742,False,-11.472527503967285,-0.2002333700656891,-96.74725341796875,-1.6885581016540527,91.38461303710938,1.5949623584747314,78.989013671875,1.3786183595657349,92.30769348144531,1.6110731363296509,0.7554945054945055,0.007554945054945055,-0.21139571070671082,-1.509708046913147,1.3928800821304321,1.3837387561798096,1.618162751197815,0.002637304365634918,-12.112081527709961,-0.2113957019285236,-92.74725341796875,-1.6187449443251192,87.38461303710938,1.5251492130787205,79.28238677978516,1.3837386881468754,92.7138900756836,1.6181626441527734,0.2637304365634918,0.002637304365634918,False,False,0.0,0.0,0.0,0.0,0.0,6.2473602294921875,6.2473602294921875,0.0,7.578468322753906,7.578468322753906,0.0,0.0,0.0,0.0,0.0,0.0
2,23,0.912058316054754,0.9224701550556347,False,-11.472527503967285,-0.2002333700656891,-95.95604705810547,-1.6747488975524902,90.94505310058594,1.587290644645691,78.989013671875,1.3786183595657349,92.30769348144531,1.6110731363296509,0.7554945054945055,0.007554945054945055,-0.2088507115840912,-1.4038912057876587,1.315493106842041,1.3781148195266724,1.611088752746582,-0.0006396546959877014,-11.966263771057129,-0.20885070196705985,-91.95604705810547,-1.604935788282786,86.94505310058594,1.5174774449265291,78.96015930175781,1.3781147577149007,92.30857849121094,1.6110886225072505,0.0,0.0,True,False,0.06396546959877014,0.0,0.0,0.0,0.0,11.519012451171875,11.519012451171875,0.0,11.572853088378906,11.572853088378906,0.0,0.0,0.0,0.0,0.0,0.0
2,24,0.9454656080342829,0.9574653960298747,False,-11.384614944458008,-0.1986990123987198,-94.46154022216797,-1.6486648321151733,90.76923370361328,1.5842219591140747,78.989013671875,1.3786183595657349,92.30769348144531,1.6110731363296509,0.7554945054945055,0.007554945054945055,-0.21097923815250397,-1.3966072797775269,1.3141357898712158,1.3809797763824463,1.61372709274292,0.0014698207378387451,-12.08821964263916,-0.21097923346830566,-90.46154022216797,-1.5788517233021138,86.76923370361328,1.5144088175604853,79.12430572509766,1.3809796532575533,92.45974731445312,1.613727016199192,0.1469820737838745,0.0014698207378387451,False,False,0.0,0.0,0.0,0.0,0.0,10.441841125488281,10.441841125488281,0.0,11.474800109863281,11.474800109863281,0.0,0.0,0.0,0.0,0.0,0.0
2,25,0.9790767410304397,0.9906238700496033,False,-11.296703338623047,-0.19716466963291168,-93.67032623291016,-1.6348556280136108,90.68132019042969,1.5826876163482666,78.989013671875,1.3786183595657349,92.30769348144531,1.6110731363296509,0.7554945054945055,0.007554945054945055,-0.20643460750579834,-1.3746029138565063,1.3059806823730469,1.3803811073303223,1.6169722080230713,0.0013342350721359253,-11.827831268310547,-0.2064345990023559,-89.67032623291016,-1.565042434101726,86.68132019042969,1.5128744372984362,79.09000396728516,1.3803809746445035,92.64567565917969,1.6169720779874535,0.13342350721359253,0.0013342350721359253,False,False,0.0,0.0,0.0,0.0,0.0,10.911384582519531,10.911384582519531,0.0,11.854141235351562,11.854141235351562,0.0,0.0,0.0,0.0,0.0,0.0
2,26,1.0124595781089738,1.0251813021022826,False,-11.472527503967285,-0.2002333700656891,-92.70330047607422,-1.6179778575897217,90.5934066772461,1.5811532735824585,78.989013671875,1.3786183595657349,92.30769348144531,1.6110731363296509,0.7554945054945055,0.007554945054945055,-0.20684298872947693,-1.4950464963912964,1.3949717283248901,1.382010817527771,1.6166390180587769,0.0015102550387382507,-11.851229667663574,-0.20684297811076272,-88.70330047607422,-1.5481646506933486,86.5934066772461,1.511340057036387,79.18338012695312,1.3820106960735776,92.6265869140625,1.6166389165350845,0.15102550387382507,0.0015102550387382507,False,False,0.0,0.0,0.0,0.0,0.0,3.0434494018554688,3.0434494018554688,0.0,6.66741943359375,6.66741943359375,0.0,0.0,0.0,0.0,0.0,0.0
2,27,1.045954027096741,1.0598135370528325,False,-11.824175834655762,-0.20637080073356628,-92.0879135131836,-1.6072373390197754,90.5934066772461,1.5811532735824585,78.989013671875,1.3786183595657349,92.30769348144531,1.6110731363296509,0.7554945054945055,0.007554945054945055,-0.20095807313919067,-1.540745496749878,1.4396685361862183,1.3827065229415894,1.6160502433776855,0.0021487101912498474,-11.51404857635498,-0.20095805789196014,-88.27820587158203,-1.540745350212497,86.5934066772461,1.511340057036387,79.2232437133789,1.3827064469083608,92.59284973144531,1.616050091618068,0.21487101912498474,0.0021487101912498474,False,False,0.0,0.0,0.0,0.0,0.0,0.0,0.0,0.0,4.106483459472656,4.106483459472656,0.0,0.0,0.0,0.0,0.0,0.0
2,28,1.0792406640248373,1.0918344870442525,False,-12.087912559509277,-0.21097387373447418,-91.12088012695312,-1.5903593301773071,90.5934066772461,1.5811532735824585,78.989013671875,1.3786183595657349,92.30769348144531,1.6110731363296509,0.7554945054945055,0.007554945054945055,-0.2136557400226593,-1.295849323272705,1.2279391288757324,1.3810985088348389,1.610317349433899,-0.00018390268087387085,-12.241571426391602,-0.21365572700859212,-87.12088012695312,-1.5205462054506276,86.5934066772461,1.511340057036387,79.13111114501953,1.381098430242171,92.2643814086914,1.610317237897509,0.0,0.0,True,False,0.018390268087387085,0.0,0.0,0.0,0.0,12.874183654785156,12.874183654785156,0.0,16.23767852783203,16.23767852783203,0.0,0.0,0.0,0.0,0.0,0.0
2,29,1.1127680561039597,1.1245562740368769,False,-12.087912559509277,-0.21097387373447418,-89.97801971435547,-1.5704126358032227,90.5934066772461,1.5811532735824585,78.989013671875,1.3786183595657349,92.30769348144531,1.6110731363296509,0.7554945054945055,0.007554945054945055,-0.22105097770690918,-1.1867715120315552,1.1403852701187134,1.3820598125457764,1.615666151046753,0.0017376318573951721,-12.665287017822266,-0.22105095917109227,-85.97801971435547,-1.5005995283600975,86.5934066772461,1.511340057036387,79.18618774414062,1.382059698237635,92.57084655761719,1.6156660637888787,0.1737631857395172,0.0017376318573951721,False,False,0.0,0.0,0.0,0.0,0.0,17.98102569580078,17.98102569580078,0.0,21.254150390625,21.254150390625,0.0,0.0,0.0,0.0,0.0,0.0
2,30,1.1461937070125714,1.3112739340867847,False,-11.736263275146484,-0.2048364281654358,-89.010986328125,-1.553534746170044,90.5934066772461,1.5811532735824585,78.989013671875,1.3786183595657349,92.30769348144531,1.6110731363296509,0.7554945054945055,0.007554945054945055,-0.2054882049560547,-1.6613401174545288,1.59713613986969,1.3776583671569824,1.6131746768951416,0.0001942664384841919,-11.773606300354004,-0.2054881947747258,-93.010986328125,-1.6233479519532121,91.5091552734375,1.5971360552402163,78.93400573730469,1.377658291904061,92.42809295654297,1.613174543431055,0.01942664384841919,0.0001942664384841919,False,False,0.0,0.0,0.0,0.0,0.0,2.176788330078125,2.176788330078125,0.0,0.0,0.0,0.0,0.0,0.0,0.0,0.0,0.0
2,31,1.3127483091084287,1.323672527098097,False,-12.703296661376953,-0.2217143476009369,-86.989013671875,-1.518244743347168,90.5934066772461,1.5811532735824585,78.989013671875,1.3786183595657349,92.30769348144531,1.6110731363296509,0.7554945054945055,0.007554945054945055,-0.20784512162208557,-1.6709774732589722,1.5904558897018433,1.377514123916626,1.6180706024169922,0.0010199397802352905,-11.908647537231445,-0.20784510898420272,-90.989013671875,-1.5880578717163543,91.12640380859375,1.5904557819618614,78.92574310302734,1.3775140817310332,92.70861053466797,1.6180704987790566,0.10199397802352905,0.0010199397802352905,False,False,0.0,0.0,0.0,0.0,0.0,4.750938415527344,4.750938415527344,0.0,0.0,0.0,0.0,0.0,0.0,0.0,0.0,0.0
2,32,1.3466875560116023,1.35998249205295,False,-12.615385055541992,-0.22018000483512878,-86.9011001586914,-1.5167102813720703,90.5934066772461,1.5811532735824585,78.989013671875,1.3786183595657349,92.30769348144531,1.6110731363296509,0.7554945054945055,0.007554945054945055,-0.19986984133720398,-1.6663249731063843,1.5883375406265259,1.377386212348938,1.6118271350860596,0.0005010217428207397,-11.45169734954834,-0.1998698236915265,-90.9011001586914,-1.586523491454305,91.00503540039062,1.5883375036308125,78.91841125488281,1.377386116840655,92.35088348388672,1.611826983919475,0.050102174282073975,0.0005010217428207397,False,False,0.0,0.0,0.0,0.0,0.0,4.5722808837890625,4.5722808837890625,0.0,0.0,0.0,0.0,0.0,0.0,0.0,0.0,0.0
2,33,1.3798825020203367,1.390216633095406,False,-12.615385055541992,-0.22018000483512878,-87.07691955566406,-1.5197789669036865,90.5934066772461,1.5811532735824585,78.989013671875,1.3786183595657349,92.30769348144531,1.6110731363296509,0.7554945054945055,0.007554945054945055,-0.20341455936431885,-1.6435991525650024,1.5734483003616333,1.3775458335876465,1.6139498949050903,0.001093447208404541,-11.654794692993164,-0.2034145410366924,-91.07691955566406,-1.5895921188203488,90.15193939208984,1.573448169450343,78.92755889892578,1.3775457733480052,92.4725112915039,1.613949789624377,0.1093447208404541,0.001093447208404541,False,False,0.0,0.0,0.0,0.0,0.0,3.0943679809570312,3.0943679809570312,0.0,0.0,0.0,0.0,0.0,0.0,0.0,0.0,0.0
2,34,1.4143947430420667,1.4247196890646592,False,-12.263736724853516,-0.21404258906841278,-88.3956069946289,-1.5427943468093872,91.29669952392578,1.5934280157089233,78.989013671875,1.3786183595657349,92.30769348144531,1.6110731363296509,0.7554945054945055,0.007554945054945055,-0.20485030114650726,-1.6402426958084106,1.5488958358764648,1.3773078918457031,1.6133432388305664,-0.0006047561764717102,-11.737056732177734,-0.20485028446986775,-92.3956069946289,-1.612607556434977,88.74518585205078,1.5488956884125755,78.91392517089844,1.3773078199046067,92.43775177001953,1.613343121528057,0.0,0.0,True,False,0.06047561764717102,0.0,0.0,0.0,0.0,1.5833740234375,1.5833740234375,0.0,0.0,0.0,0.0,0.0,0.0,0.0,0.0,0.0
2,35,1.4469083030708134,1.4559099701000378,False,-11.736263275146484,-0.2048364281654358,-89.45054626464844,-1.561206579208374,91.56044006347656,1.5980311632156372,79.07691955566406,1.3801525831222534,92.30769348144531,1.6110731363296509,0.7554945054945055,0.007554945054945055,-0.20748834311962128,-1.692617416381836,1.5895836353302002,1.3767831325531006,1.6153762340545654,0.0008088052272796631,-11.888205528259277,-0.20748832862191618,-93.45054626464844,-1.6310197201054035,91.07643127441406,1.5895835967048606,78.88385772705078,1.3767830440118065,92.55423736572266,1.6153761787042236,0.08088052272796631,0.0008088052272796631,False,False,0.0,0.0,0.0,0.0,0.0,3.5292816162109375,3.5292816162109375,0.0,0.0,0.0,0.0,0.0,0.0,0.0,0.0,0.0
2,36,1.4807657260680571,1.491880463087,False,-11.560439109802246,-0.2017677277326584,-90.68132019042969,-1.5826876163482666,91.56044006347656,1.5980311632156372,79.07691955566406,1.3801525831222534,92.30769348144531,1.6110731363296509,0.7554945054945055,0.007554945054945055,-0.2077111154794693,-1.6694574356079102,1.5801018476486206,1.3732749223709106,1.6150362491607666,0.0005591884255409241,-11.900969505310059,-0.2077111020471013,-94.68132019042969,-1.6525007774579825,90.53316497802734,1.580101811117797,78.68285369873047,1.3732748619078452,92.53475952148438,1.615036226191075,0.05591884255409241,0.0005591884255409241,False,False,0.0,0.0,0.0,0.0,0.0,0.9715423583984375,0.9715423583984375,0.0,0.0,0.0,0.0,0.0,0.0,0.0,0.0,0.0
2,37,1.5142197440145537,1.5244210690725595,False,-11.648351669311523,-0.20330208539962769,-91.47252655029297,-1.5964967012405396,91.56044006347656,1.5980311632156372,79.07691955566406,1.3801525831222534,92.30769348144531,1.6110731363296509,0.7554945054945055,0.007554945054945055,-0.20535428822040558,-1.6527413129806519,1.568402647972107,1.3762165307998657,1.6194965839385986,0.0004461929202079773,-11.7659330368042,-0.20535427106140844,-94.69509887695312,-1.6527412609044168,89.86284637451172,1.5684025444490788,78.85139465332031,1.3762164564898922,92.79031372070312,1.6194964883847396,0.04461929202079773,0.0004461929202079773,False,False,0.0,0.0,0.0,0.0,0.0,0.0,0.0,0.0,0.0,0.0,0.0,0.0,0.0,0.0,0.0,0.0
2,38,1.5480217500589788,1.5581928270403296,False,-11.824175834655762,-0.20637080073356628,-92.26373291015625,-1.610305905342102,91.47252655029297,1.5964967012405396,79.07691955566406,1.3801525831222534,92.30769348144531,1.6110731363296509,0.7554945054945055,0.007554945054945055,-0.20713301002979279,-1.6637425422668457,1.5557411909103394,1.3772588968276978,1.6155433654785156,0.0010318756103515625,-11.867846488952637,-0.20713299635347235,-95.32542419433594,-1.663742513051425,89.13739776611328,1.5557410776785152,78.91111755371094,1.3772588177405491,92.56381225585938,1.615543292062626,0.10318756103515625,0.0010318756103515625,False,False,0.0,0.0,0.0,0.0,0.0,0.0,0.0,0.0,0.0,0.0,0.0,0.0,0.0,0.0,0.0,0.0
2,39,1.5813161820406094,1.5916891660308465,False,-11.912087440490723,-0.2079051434993744,-93.31867980957031,-1.6287182569503784,91.47252655029297,1.5964967012405396,79.07691955566406,1.3801525831222534,92.30769348144531,1.6110731363296509,0.7554945054945055,0.007554945054945055,-0.1993396282196045,-1.6796643733978271,1.5834232568740845,1.3745537996292114,1.61420476436615,0.001175113022327423,-11.421319007873535,-0.19933962160800536,-96.2376708984375,-1.6796642216284638,90.72346496582031,1.5834231724712893,78.7561264038086,1.374553711863301,92.48711395263672,1.6142046541406976,0.11751130223274231,0.001175113022327423,False,False,0.0,0.0,0.0,0.0,0.0,0.0,0.0,0.0,0.0,0.0,0.0,0.0,0.0,0.0,0.0,0.0
2,40,1.6148004340939224,1.6250510601093993,False,-11.912087440490723,-0.2079051434993744,-94.10989379882812,-1.642527461051941,91.47252655029297,1.5964967012405396,79.07691955566406,1.3801525831222534,92.30769348144531,1.6110731363296509,0.7554945054945055,0.007554945054945055,-0.20371177792549133,-1.6814091205596924,1.5803697109222412,1.373639464378357,1.6172386407852173,0.001562073826789856,-11.67182445526123,-0.20371176645910205,-96.33763885498047,-1.6814089916166293,90.54850769042969,1.5803695919654044,78.70374298095703,1.373639448661077,92.66094207763672,1.617238527254516,0.1562073826789856,0.001562073826789856,False,False,0.0,0.0,0.0,0.0,0.0,0.0,0.0,0.0,0.0,0.0,0.0,0.0,0.0,0.0,0.0,0.0
2,41,1.6481451530708,1.6590465320041403,False,-11.912087440490723,-0.2079051434993744,-94.28571319580078,-1.6455961465835571,91.38461303710938,1.5949623584747314,79.07691955566406,1.3801525831222534,92.30769348144531,1.6110731363296509,0.7554945054945055,0.007554945054945055,-0.20255285501480103,-1.6985149383544922,1.5823742151260376,1.3743648529052734,1.6123477220535278,0.0015735626220703125,-11.605422973632812,-0.20255284197648366,-97.31773376464844,-1.6985148747723717,90.66336059570312,1.582374153317907,78.74530029296875,1.3743647605839602,92.3807144165039,1.6123476319125853,0.15735626220703125,0.0015735626220703125,False,False,0.0,0.0,0.0,0.0,0.0,0.0,0.0,0.0,0.0,0.0,0.0,0.0,0.0,0.0,0.0,0.0
2,42,1.6824791630497202,1.6936558100860566,False,-11.912087440490723,-0.2079051434993744,-94.9011001586914,-1.6563366651535034,91.38461303710938,1.5949623584747314,79.07691955566406,1.3801525831222534,92.30769348144531,1.6110731363296509,0.7554945054945055,0.007554945054945055,-0.19758936762809753,-1.701981544494629,1.586890459060669,1.374367356300354,1.6136744022369385,0.0008154958486557007,-11.321036338806152,-0.19758935885009166,-97.516357421875,-1.7019815115633279,90.922119140625,1.5868903418944635,78.74544525146484,1.3743672905869957,92.45672607421875,1.6136742856096085,0.08154958486557007,0.0008154958486557007,False,False,0.0,0.0,0.0,0.0,0.0,0.0,0.0,0.0,0.0,0.0,0.0,0.0,0.0,0.0,0.0,0.0
2,43,1.7156592140672728,1.7318582190200686,False,-11.912087440490723,-0.2079051434993744,-95.42857360839844,-1.6655428409576416,91.38461303710938,1.5949623584747314,79.07691955566406,1.3801525831222534,92.30769348144531,1.6110731363296509,0.7554945054945055,0.007554945054945055,-0.19881218671798706,-1.7022664546966553,1.5922574996948242,1.3724671602249146,1.6164958477020264,0.00017410516738891602,-11.391098976135254,-0.19881218255411515,-97.53267669677734,-1.7022663366419117,91.22962951660156,1.5922574104393001,78.6365737915039,1.3724671251492242,92.6183853149414,1.6164957716264927,0.0174105167388916,0.00017410516738891602,False,False,0.0,0.0,0.0,0.0,0.0,0.0,0.0,0.0,0.0,0.0,0.0,0.0,0.0,0.0,0.0,0.0
2,44,1.7490505240857601,1.7608475500019267,False,-11.912087440490723,-0.2079051434993744,-95.95604705810547,-1.6747488975524902,91.38461303710938,1.5949623584747314,79.07691955566406,1.3801525831222534,92.30769348144531,1.6110731363296509,0.7554945054945055,0.007554945054945055,-0.19534282386302948,-1.701876163482666,1.587449550628662,1.3713794946670532,1.61250901222229,0.001096472144126892,-11.1923189163208,-0.19534281602304168,-97.51031494140625,-1.7018760503841606,90.95415496826172,1.5874494725653256,78.57424926757812,1.3713793570019812,92.38995361328125,1.6125088863165897,0.10964721441268921,0.001096472144126892,False,False,0.0,0.0,0.0,0.0,0.0,0.0,0.0,0.0,0.0,0.0,0.0,0.0,0.0,0.0,0.0,0.0
2,45,1.7826855860184878,1.795077946037054,False,-11.824175834655762,-0.20637080073356628,-96.21977996826172,-1.6793519258499146,91.38461303710938,1.5949623584747314,79.07691955566406,1.3801525831222534,92.30769348144531,1.6110731363296509,0.7554945054945055,0.007554945054945055,-0.1995287537574768,-1.6929359436035156,1.5824615955352783,1.3730309009552002,1.6148219108581543,0.0014411583542823792,-11.432154655456543,-0.1995287393349146,-96.99807739257812,-1.6929358186047647,90.66836547851562,1.5824615050016617,78.66886901855469,1.3730307831939395,92.52247619628906,1.6148218417233235,0.14411583542823792,0.0014411583542823792,False,False,0.0,0.0,0.0,0.0,0.0,0.0,0.0,0.0,0.0,0.0,0.0,0.0,0.0,0.0,0.0,0.0
2,46,1.8157911190064624,1.8280036200303584,False,-11.824175834655762,-0.20637080073356628,-96.30769348144531,-1.6808863878250122,91.38461303710938,1.5949623584747314,78.989013671875,1.3786183595657349,92.30769348144531,1.6110731363296509,0.7554945054945055,0.007554945054945055,-0.20374491810798645,-1.7018933296203613,1.5743882656097412,1.3744040727615356,1.6172350645065308,0.0009261220693588257,-11.673723220825195,-0.20374490616991672,-97.51129913330078,-1.7018932277731917,90.20579528808594,1.5743881321570865,78.74755096435547,1.3744040422100388,92.66073608398438,1.6172349319870443,0.09261220693588257,0.0009261220693588257,False,False,0.0,0.0,0.0,0.0,0.0,0.0,0.0,0.0,0.0,0.0,0.0,0.0,0.0,0.0,0.0,0.0
2,47,1.8491747210500762,1.860757862101309,False,-11.824175834655762,-0.20637080073356628,-96.30769348144531,-1.6808863878250122,91.38461303710938,1.5949623584747314,78.989013671875,1.3786183595657349,92.30769348144531,1.6110731363296509,0.7554945054945055,0.007554945054945055,-0.20509934425354004,-1.704459309577942,1.584143042564392,1.3725649118423462,1.6145658493041992,0.0010289102792739868,-11.751326560974121,-0.2050993399660606,-97.65831756591797,-1.704459183483483,90.76470184326172,1.5841428917558833,78.64217376708984,1.37256486316123,92.50780487060547,1.6145657787845125,0.10289102792739868,0.0010289102792739868,False,False,0.0,0.0,0.0,0.0,0.0,0.0,0.0,0.0,0.0,0.0,0.0,0.0,0.0,0.0,0.0,0.0
2,48,1.8827409220393747,1.8945005040150136,False,-11.824175834655762,-0.20637080073356628,-96.30769348144531,-1.6808863878250122,91.38461303710938,1.5949623584747314,78.989013671875,1.3786183595657349,92.30769348144531,1.6110731363296509,0.7554945054945055,0.007554945054945055,-0.20332026481628418,-1.701115608215332,1.583126425743103,1.371004343032837,1.614288568496704,0.001770511269569397,-11.649392127990723,-0.2033202484893468,-97.46673583984375,-1.701115451576834,90.70645904541016,1.5831263631677999,78.5527572631836,1.3710042507624436,92.4919204711914,1.6142885437150352,0.1770511269569397,0.001770511269569397,False,False,0.0,0.0,0.0,0.0,0.0,0.0,0.0,0.0,0.0,0.0,0.0,0.0,0.0,0.0,0.0,0.0
2,49,1.9160731970332563,1.9268181120278314,False,-11.824175834655762,-0.20637080073356628,-96.48351287841797,-1.6839549541473389,91.38461303710938,1.5949623584747314,78.989013671875,1.3786183595657349,92.30769348144531,1.6110731363296509,0.7554945054945055,0.007554945054945055,-0.20147356390953064,-1.7007237672805786,1.5781959295272827,1.3711779117584229,1.6153388023376465,0.0016116872429847717,-11.543583869934082,-0.20147354601045858,-97.44429016113281,-1.7007237005804834,90.42395782470703,1.5781957867256273,78.56270599365234,1.3711778888655168,92.55209350585938,1.6153387612909078,0.16116872429847717,0.0016116872429847717,False,False,0.0,0.0,0.0,0.0,0.0,0.0,0.0,0.0,0.0,0.0,0.0,0.0,0.0,0.0,0.0,0.0
2,50,1.9494077970739454,1.9607727890834212,False,-11.824175834655762,-0.20637080073356628,-96.48351287841797,-1.6839549541473389,91.38461303710938,1.5949623584747314,78.989013671875,1.3786183595657349,92.30769348144531,1.6110731363296509,0.7554945054945055,0.007554945054945055,-0.20709943771362305,-1.69546377658844,1.5766433477401733,1.372877836227417,1.6148115396499634,0.0009414926171302795,-11.865922927856445,-0.20709942387898053,-97.14291381835938,-1.6954636911114678,90.33500671386719,1.5766432969681656,78.66010284423828,1.3728777845893143,92.52188110351562,1.614811455395072,0.09414926171302795,0.0009414926171302795,False,False,0.0,0.0,0.0,0.0,0.0,0.0,0.0,0.0,0.0,0.0,0.0,0.0,0.0,0.0,0.0,0.0
2,51,1.982943814015016,1.9941619810415432,False,-11.824175834655762,-0.20637080073356628,-96.48351287841797,-1.6839549541473389,91.38461303710938,1.5949623584747314,78.989013671875,1.3786183595657349,92.30769348144531,1.6110731363296509,0.7554945054945055,0.007554945054945055,-0.20315682888031006,-1.703703761100769,1.5803452730178833,1.3737930059432983,1.6132854223251343,0.002681940793991089,-11.64002799987793,-0.20315681362219998,-97.61502838134766,-1.7037036446822276,90.54711151123047,1.5803452240414302,78.71253967285156,1.37379297989792,92.43444061279297,1.6132853309324022,0.2681940793991089,0.002681940793991089,False,False,0.0,0.0,0.0,0.0,0.0,0.0,0.0,0.0,0.0,0.0,0.0,0.0,0.0,0.0,0.0,0.0
2,52,2.0162863050354645,2.026273809024133,False,-11.824175834655762,-0.20637080073356628,-96.48351287841797,-1.6839549541473389,91.38461303710938,1.5949623584747314,78.989013671875,1.3786183595657349,92.30769348144531,1.6110731363296509,0.7554945054945055,0.007554945054945055,-0.20080167055130005,-1.7174715995788574,1.590170979499817,1.3731820583343506,1.6210112571716309,0.003003031015396118,-11.505087852478027,-0.20080166375694522,-98.40386962890625,-1.7174715217276646,91.1100845336914,1.5901709568832776,78.67752838134766,1.3731819175858013,92.8770980834961,1.6210111612547222,0.3003031015396118,0.003003031015396118,False,False,0.0,0.0,0.0,0.0,0.0,0.0,0.0,0.0,0.0,0.0,0.0,0.0,0.0,0.0,0.0,0.0
2,53,2.0496648570988327,2.060460275039077,False,-11.824175834655762,-0.20637080073356628,-96.57142639160156,-1.685489296913147,91.38461303710938,1.5949623584747314,78.989013671875,1.3786183595657349,92.30769348144531,1.6110731363296509,0.7554945054945055,0.007554945054945055,-0.20220912992954254,-1.712802529335022,1.5771098136901855,1.3721152544021606,1.6177787780761719,0.0020655393600463867,-11.585728645324707,-0.20220911110353848,-98.1363525390625,-1.7128024677045377,90.36173248291016,1.577109749633093,78.61640930175781,1.3721151884111702,92.69189453125,1.6177787494816385,0.20655393600463867,0.0020655393600463867,False,False,0.0,0.0,0.0,0.0,0.0,0.0,0.0,0.0,0.0,0.0,0.0,0.0,0.0,0.0,0.0,0.0
2,54,2.0831028131069615,2.094104978023097,False,-11.824175834655762,-0.20637080073356628,-96.83516693115234,-1.6900924444198608,91.38461303710938,1.5949623584747314,78.989013671875,1.3786183595657349,92.30769348144531,1.6110731363296509,0.7554945054945055,0.007554945054945055,-0.19799602031707764,-1.7084473371505737,1.5952272415161133,1.3742250204086304,1.6158778667449951,0.0013235807418823242,-11.344335556030273,-0.19799600690378993,-97.8868179321289,-1.7084472672158766,91.3997802734375,1.5952271013708474,78.73728942871094,1.374224944626731,92.58297729492188,1.61587778509554,0.13235807418823242,0.0013235807418823242,False,False,0.0,0.0,0.0,0.0,0.0,0.0,0.0,0.0,0.0,0.0,0.0,0.0,0.0,0.0,0.0,0.0
2,55,2.1167117630830035,2.1270996930543333,False,-11.824175834655762,-0.20637080073356628,-97.010986328125,-1.693161129951477,91.38461303710938,1.5949623584747314,78.989013671875,1.3786183595657349,92.30769348144531,1.6110731363296509,0.7554945054945055,0.007554945054945055,-0.20249933004379272,-1.6788958311080933,1.5638654232025146,1.3735971450805664,1.6171674728393555,0.0013498291373252869,-11.60235595703125,-0.20249931243857305,-96.19364166259766,-1.6788957664959214,89.6028823852539,1.5638653168999108,78.7013168334961,1.3735971043997448,92.65686798095703,1.6171674208534108,0.1349829137325287,0.0013498291373252869,False,False,0.0,0.0,0.0,0.0,0.0,0.0,0.0,0.0,0.0,0.0,0.0,0.0,0.0,0.0,0.0,0.0
2,56,2.150113530107774,2.162268547108397,False,-11.824175834655762,-0.20637080073356628,-97.010986328125,-1.693161129951477,91.38461303710938,1.5949623584747314,78.989013671875,1.3786183595657349,92.30769348144531,1.6110731363296509,0.7554945054945055,0.007554945054945055,-0.19876030087471008,-1.6211950778961182,1.496307134628296,1.3755637407302856,1.6202949285507202,0.0010840967297554016,-11.3881254196167,-0.19876028420237224,-93.010986328125,-1.6233479519532121,87.38461303710938,1.5251492130787205,78.81399536132812,1.3755637157067138,92.8360595703125,1.6202949040795454,0.10840967297554016,0.0010840967297554016,False,False,0.0,0.0,0.0,0.0,0.0,0.12335205078125,0.12335205078125,0.0,1.6525344848632812,1.6525344848632812,0.0,0.0,0.0,0.0,0.0,0.0
2,57,2.1833354691043496,2.195379206095822,False,-11.824175834655762,-0.20637080073356628,-96.92308044433594,-1.6916269063949585,91.38461303710938,1.5949623584747314,78.989013671875,1.3786183595657349,92.30769348144531,1.6110731363296509,0.7554945054945055,0.007554945054945055,-0.200565367937088,-1.685068130493164,1.561812400817871,1.3734828233718872,1.6188328266143799,0.0025220736861228943,-11.491548538208008,-0.20056535814447113,-96.54728698730469,-1.6850680417963435,89.4852523803711,1.5618122860155688,78.69476318359375,1.3734827216309258,92.75228118896484,1.6188326954830374,0.25220736861228943,0.0025220736861228943,False,False,0.0,0.0,0.0,0.0,0.0,0.0,0.0,0.0,0.0,0.0,0.0,0.0,0.0,0.0,0.0,0.0
2,58,2.2171111260540783,2.2275186830665916,False,-11.824175834655762,-0.20637080073356628,-96.3956069946289,-1.6824207305908203,90.94505310058594,1.587290644645691,78.989013671875,1.3786183595657349,92.30769348144531,1.6110731363296509,0.7554945054945055,0.007554945054945055,-0.20116305351257324,-1.5906084775924683,1.4633420705795288,1.3766441345214844,1.6280494928359985,0.0013921260833740234,-11.525793075561523,-0.20116303807211217,-92.3956069946289,-1.612607556434977,86.94505310058594,1.5174774449265291,78.87589263916016,1.3766440270029043,93.28035736083984,1.6280493633835835,0.13921260833740234,0.0013921260833740234,False,False,0.0,0.0,0.0,0.0,0.0,1.2604598999023438,1.2604598999023438,0.0,3.1017303466796875,3.1017303466796875,0.0,0.0,0.0,0.0,0.0,0.0
2,59,2.2501887490507215,2.2604572860291228,False,-11.824175834655762,-0.20637080073356628,-94.9011001586914,-1.6563366651535034,90.68132019042969,1.5826876163482666,78.989013671875,1.3786183595657349,92.30769348144531,1.6110731363296509,0.7554945054945055,0.007554945054945055,-0.2090989202260971,-1.6701741218566895,1.5322012901306152,1.3770442008972168,1.6193625926971436,0.002513490617275238,-11.980484962463379,-0.20909890858065522,-95.69392395019531,-1.6701740470839663,87.78866577148438,1.5322012636452502,78.89881896972656,1.3770441669566889,92.78263854980469,1.6193625313819087,0.2513490617275238,0.002513490617275238,False,False,0.0,0.0,0.0,0.0,0.0,0.0,0.0,0.0,0.0,0.0,0.0,0.0,0.0,0.0,0.0,0.0
2,60,2.284829555079341,2.446709589101374,False,-11.736263275146484,-0.2048364281654358,-94.37362670898438,-1.6471304893493652,90.5934066772461,1.5811532735824585,78.989013671875,1.3786183595657349,92.3956069946289,1.6126075983047485,0.7554945054945055,0.007554945054945055,-0.1972857117652893,-1.6705917119979858,1.5698697566986084,1.3780196905136108,1.6038174629211426,0.0010990351438522339,-11.303638458251953,-0.19728570855155217,-95.71784973144531,-1.6705916307428907,89.94690704345703,1.5698696798936036,78.95470428466797,1.3780195497059302,91.8919677734375,1.6038173937830071,0.10990351438522339,0.0010990351438522339,False,False,0.0,0.0,0.0,0.0,0.0,0.0,0.0,0.0,0.0,0.0,0.0,0.0,0.0,0.0,0.0,0.0
2,61,2.448270111111924,2.459798225085251,False,-11.824175834655762,-0.20637080073356628,-95.07691955566406,-1.65940523147583,90.5934066772461,1.5811532735824585,78.989013671875,1.3786183595657349,92.3956069946289,1.6126075983047485,0.7554945054945055,0.007554945054945055,-0.2040444016456604,-1.6614547967910767,1.5661942958831787,1.376388669013977,1.5938410758972168,-9.153038263320923e-05,-11.690882682800293,-0.20404439527925297,-95.19434356689453,-1.6614547245169924,89.73632049560547,1.5661942512731852,78.86125946044922,1.3763886298543657,91.32035827636719,1.5938409260234612,0.0,0.0,True,False,0.009153038263320923,0.0,0.0,0.0,0.0,0.0,0.0,0.0,0.0,0.0,0.0,0.0,0.0,0.0,0.0,0.0
2,62,2.48167683405336,2.4931310530519113,False,-11.824175834655762,-0.20637080073356628,-95.16483306884766,-1.6609396934509277,90.5934066772461,1.5811532735824585,78.989013671875,1.3786183595657349,92.3956069946289,1.6126075983047485,0.7554945054945055,0.007554945054945055,-0.19895100593566895,-1.6858159303665161,1.589161992073059,1.3792694807052612,1.6068025827407837,0.0009759366512298584,-11.399052619934082,-0.19895099982593553,-96.59013366699219,-1.6858158574304378,91.0522689819336,1.5891618851462466,79.02631378173828,1.3792693712055044,92.06300354003906,1.606802531048877,0.09759366512298584,0.0009759366512298584,False,False,0.0,0.0,0.0,0.0,0.0,0.0,0.0,0.0,0.0,0.0,0.0,0.0,0.0,0.0,0.0,0.0
2,63,2.5152138840639964,2.525600510998629,False,-11.824175834655762,-0.20637080073356628,-95.16483306884766,-1.6609396934509277,90.5934066772461,1.5811532735824585,78.989013671875,1.3786183595657349,92.3956069946289,1.6126075983047485,0.7554945054945055,0.007554945054945055,-0.20450860261917114,-1.654568076133728,1.5499926805496216,1.3785436153411865,1.6019047498703003,0.0004757195711135864,-11.71747875213623,-0.20450858425725377,-94.79975891113281,-1.6545679230961021,88.80803680419922,1.5499926444655792,78.98472595214844,1.3785435266504034,91.78237915039062,1.6019047114881122,0.04757195711135864,0.0004757195711135864,False,False,0.0,0.0,0.0,0.0,0.0,0.0,0.0,0.0,0.0,0.0,0.0,0.0,0.0,0.0,0.0,0.0
2,64,2.5485394099960104,2.561507454025559,False,-11.824175834655762,-0.20637080073356628,-95.34066009521484,-1.664008378982544,91.03296661376953,1.588824987411499,78.989013671875,1.3786183595657349,92.30769348144531,1.6110731363296509,0.7554945054945055,0.007554945054945055,-0.21414023637771606,-1.59124755859375,1.4902420043945312,1.3826414346694946,1.601104736328125,0.0004541128873825073,-12.269330978393555,-0.21414022258990478,-91.34066009521484,-1.5941952596064963,87.03296661376953,1.5190118251885782,79.21951293945312,1.3826413326197082,91.73654174804688,1.6011046978966523,0.04541128873825073,0.0004541128873825073,False,False,0.0,0.0,0.0,0.0,0.0,0.1688995361328125,0.1688995361328125,0.0,1.6483917236328125,1.6483917236328125,0.0,0.0,0.0,0.0,0.0,0.0
2,65,2.581951655098237,2.5933790750568733,False,-11.824175834655762,-0.20637080073356628,-95.69230651855469,-1.6701457500457764,91.20879364013672,1.5918937921524048,78.989013671875,1.3786183595657349,92.13186645507812,1.6080044507980347,0.7554945054945055,0.007554945054945055,-0.20464326441287994,-1.6109369993209839,1.4925336837768555,1.3814586400985718,1.6084647178649902,0.0013788789510726929,-11.725194931030273,-0.2046432569846277,-92.29988861083984,-1.6109369554831705,87.20879364013672,1.5220805857126767,79.15174865722656,1.3814586227796042,92.15823364257812,1.6084646098851954,0.1378878951072693,0.0013788789510726929,False,False,0.0,0.0,0.0,0.0,0.0,0.0,0.0,0.0,1.6929168701171875,1.6929168701171875,0.0,0.0,0.0,0.0,0.0,0.0
2,66,2.615983985015191,2.6271634800359607,False,-11.824175834655762,-0.20637080073356628,-95.51648712158203,-1.6670771837234497,90.85713958740234,1.5857561826705933,78.989013671875,1.3786183595657349,92.13186645507812,1.6080044507980347,0.7554945054945055,0.007554945054945055,-0.20313970744609833,-1.671542763710022,1.565022587776184,1.382497787475586,1.6075571775436401,0.0005370676517486572,-11.639047622680664,-0.20313970281219623,-95.7723388671875,-1.6715426455681581,89.66918182373047,1.5650224603935503,79.2112808227539,1.3824976550788985,92.10623931884766,1.6075571377437508,0.05370676517486572,0.0005370676517486572,False,False,0.0,0.0,0.0,0.0,0.0,0.0,0.0,0.0,0.0,0.0,0.0,0.0,0.0,0.0,0.0,0.0
2,67,2.649379339069128,2.659829886048101,False,-11.824175834655762,-0.20637080073356628,-93.93406677246094,-1.6394587755203247,90.4175796508789,1.5780844688415527,78.989013671875,1.3786183595657349,92.13186645507812,1.6080044507980347,0.7554945054945055,0.007554945054945055,-0.19763214886188507,-1.6602106094360352,1.5656648874282837,1.3805017471313477,1.6005089282989502,2.1204352378845215e-05,-11.323487281799316,-0.19763213587510106,-95.12305450439453,-1.6602104956557076,89.70598602294922,1.5656648148484773,79.09691619873047,1.3805016158418841,91.70240020751953,1.6005088156027472,0.0021204352378845215,2.1204352378845215e-05,False,False,0.0,0.0,0.0,0.0,0.0,0.0,0.0,0.0,0.0,0.0,0.0,0.0,0.0,0.0,0.0,0.0
2,68,2.6833823471097276,2.693838041042909,False,-11.824175834655762,-0.20637080073356628,-92.87911987304688,-1.6210464239120483,90.5054931640625,1.5796188116073608,78.989013671875,1.3786183595657349,92.13186645507812,1.6080044507980347,0.7554945054945055,0.007554945054945055,-0.19245606660842896,-1.6970531940460205,1.5752886533737183,1.3781940937042236,1.60558021068573,0.0012173280119895935,-11.0269193649292,-0.19245604926993667,-96.87911987304688,-1.6908596182189388,90.25738525390625,1.5752885469216422,78.9646987915039,1.3781939867573305,91.99296569824219,1.6055801401085306,0.12173280119895935,0.0012173280119895935,False,False,0.0,0.0,0.0,0.0,0.0,0.3548583984375,0.3548583984375,0.0,0.0,0.0,0.0,0.0,0.0,0.0,0.0,0.0
2,69,2.717425345093943,2.7290797870373353,False,-11.824175834655762,-0.20637080073356628,-92.96703338623047,-1.6225807666778564,90.85713958740234,1.5857561826705933,78.989013671875,1.3786183595657349,92.13186645507812,1.6080044507980347,0.7554945054945055,0.007554945054945055,-0.19481182098388672,-1.6977192163467407,1.5710229873657227,1.3783841133117676,1.6016175746917725,0.00197601318359375,-11.161894798278809,-0.19481181499119352,-96.96703338623047,-1.6923939984809881,90.01298522949219,1.5710229618036624,78.9755859375,1.3783840033011077,91.76592254638672,1.6016174895645472,0.197601318359375,0.00197601318359375,False,False,0.0,0.0,0.0,0.0,0.0,0.30510711669921875,0.30510711669921875,0.0,0.0,0.0,0.0,0.0,0.0,0.0,0.0,0.0
2,70,2.7502411970635876,2.7606376480543986,False,-11.648351669311523,-0.20330208539962769,-94.46154022216797,-1.6486648321151733,90.94505310058594,1.587290644645691,78.989013671875,1.3786183595657349,92.13186645507812,1.6080044507980347,0.7554945054945055,0.007554945054945055,-0.19852109253406525,-1.7018948793411255,1.5689924955368042,1.3791301250457764,1.5937519073486328,0.0005797669291496277,-11.374420166015625,-0.1985210824022127,-97.51139068603516,-1.7018948256698456,89.89664459228516,1.5689924346305315,79.0183334350586,1.3791300878804933,91.31525421142578,1.5937518432849982,0.05797669291496277,0.0005797669291496277,False,False,0.0,0.0,0.0,0.0,0.0,0.0,0.0,0.0,0.0,0.0,0.0,0.0,0.0,0.0,0.0,0.0
2,71,2.7838647440075874,2.794426218024455,False,-11.472527503967285,-0.2002333700656891,-95.95604705810547,-1.6747488975524902,90.94505310058594,1.587290644645691,78.989013671875,1.3786183595657349,92.13186645507812,1.6080044507980347,0.7554945054945055,0.007554945054945055,-0.20044806599617004,-1.6748026609420776,1.5685592889785767,1.3782602548599243,1.6017873287200928,-0.000623263418674469,-11.484827995300293,-0.20044806254320996,-95.95912170410156,-1.674802621058524,89.87181854248047,1.5685591383211754,78.96849060058594,1.378260166310419,91.77565002441406,1.6017872660840398,0.0,0.0,True,False,0.0623263418674469,0.0,0.0,0.0,0.0,0.0,0.0,0.0,0.0,0.0,0.0,0.0,0.0,0.0,0.0,0.0
2,72,2.817237661103718,2.827694521052763,False,-11.472527503967285,-0.2002333700656891,-95.95604705810547,-1.6747488975524902,90.94505310058594,1.587290644645691,78.989013671875,1.3786183595657349,92.13186645507812,1.6080044507980347,0.7554945054945055,0.007554945054945055,-0.19740882515907288,-1.6766990423202515,1.5698524713516235,1.3794662952423096,1.5987087488174438,0.0005927905440330505,-11.310691833496094,-0.1974088131729411,-96.0677719116211,-1.676698924912715,89.94591522216797,1.569852369346518,79.03759002685547,1.3794661788100613,91.59925842285156,1.598708651863908,0.059279054403305054,0.0005927905440330505,False,False,0.0,0.0,0.0,0.0,0.0,0.0,0.0,0.0,0.0,0.0,0.0,0.0,0.0,0.0,0.0,0.0
2,73,2.8506848850520328,2.8612442390294746,False,-11.560439109802246,-0.2017677277326584,-96.04395294189453,-1.6762832403182983,91.03296661376953,1.588824987411499,78.989013671875,1.3786183595657349,92.13186645507812,1.6080044507980347,0.7554945054945055,0.007554945054945055,-0.19318710267543793,-1.6892718076705933,1.568631649017334,1.3784862756729126,1.6018285751342773,0.0009853020310401917,-11.068804740905762,-0.19318708698916343,-96.78813934326172,-1.6892717084189792,89.87596893310547,1.5686315763028258,78.98143768310547,1.3784861355289122,91.77801513671875,1.601828545080936,0.09853020310401917,0.0009853020310401917,False,False,0.0,0.0,0.0,0.0,0.0,0.0,0.0,0.0,0.0,0.0,0.0,0.0,0.0,0.0,0.0,0.0
2,74,2.883981697028503,2.89471823500935,False,-11.560439109802246,-0.2017677277326584,-95.95604705810547,-1.6747488975524902,91.03296661376953,1.588824987411499,78.989013671875,1.3786183595657349,92.13186645507812,1.6080044507980347,0.7554945054945055,0.007554945054945055,-0.202019602060318,-1.6406912803649902,1.5280848741531372,1.3832173347473145,1.6070634126663208,-0.00027889013290405273,-11.574870109558105,-0.2020195939024657,-94.00468444824219,-1.6406912559201352,87.55281066894531,1.5280848155483149,79.25251007080078,1.383217241205438,92.07794952392578,1.6070633876776501,0.0,0.0,True,False,0.027889013290405273,0.0,0.0,0.0,0.0,0.0,0.0,0.0,0.0,0.0,0.0,0.0,0.0,0.0,0.0,0.0
2,75,2.9175126620102674,2.9281071110162884,False,-11.560439109802246,-0.2017677277326584,-96.13186645507812,-1.6778175830841064,91.03296661376953,1.588824987411499,78.989013671875,1.3786183595657349,92.13186645507812,1.6080044507980347,0.7554945054945055,0.007554945054945055,-0.20214658975601196,-1.6767815351486206,1.5374679565429688,1.380983829498291,1.6049461364746094,7.674098014831543e-07,-11.582145690917969,-0.20214657675219205,-96.07250213623047,-1.6767814829065075,88.09042358398438,1.537467931016991,79.12454223632812,1.380983781157243,91.95663452148438,1.6049460414529826,7.674098014831543e-05,7.674098014831543e-07,False,False,0.0,0.0,0.0,0.0,0.0,0.0,0.0,0.0,0.0,0.0,0.0,0.0,0.0,0.0,0.0,0.0
2,76,2.9506718741031364,2.9626954999985173,False,-11.560439109802246,-0.2017677277326584,-96.04395294189453,-1.6762832403182983,91.03296661376953,1.588824987411499,78.989013671875,1.3786183595657349,92.13186645507812,1.6080044507980347,0.7554945054945055,0.007554945054945055,-0.1956048309803009,-1.6758345365524292,1.5367993116378784,1.3812649250030518,1.6068778038024902,-0.0001423656940460205,-11.207330703735352,-0.19560482114003505,-96.01824188232422,-1.6758344628228754,88.05210876464844,1.5367992112672721,79.1406478881836,1.381264877810301,92.06731414794922,1.6068777653496717,0.0,0.0,True,False,0.01423656940460205,0.0,0.0,0.0,0.0,0.0,0.0,0.0,0.0,0.0,0.0,0.0,0.0,0.0,0.0,0.0
2,77,2.9840698160696775,2.995963201043196,False,-11.560439109802246,-0.2017677277326584,-95.51648712158203,-1.6670771837234497,90.85713958740234,1.5857561826705933,78.989013671875,1.3786183595657349,92.13186645507812,1.6080044507980347,0.7554945054945055,0.007554945054945055,-0.19696122407913208,-1.6622005701065063,1.506571650505066,1.3805698156356812,1.605023741722107,0.0010078176856040955,-11.285046577453613,-0.19696121901748284,-95.23707580566406,-1.662200542780269,86.85713958740234,1.51594306466448,79.10082244873047,1.3805697927657903,91.9610824584961,1.6050236725987586,0.10078176856040955,0.0010078176856040955,False,False,0.0,0.0,0.0,0.0,0.0,0.0,0.0,0.0,0.5369491577148438,0.5369491577148438,0.0,0.0,0.0,0.0,0.0,0.0
2,78,3.0175127260154113,3.0297416780376807,False,-11.472527503967285,-0.2002333700656891,-95.16483306884766,-1.6609396934509277,90.85713958740234,1.5857561826705933,78.989013671875,1.3786183595657349,92.13186645507812,1.6080044507980347,0.7554945054945055,0.007554945054945055,-0.19789181649684906,-1.6186116933822632,1.4820579290390015,1.3817692995071411,1.6115572452545166,0.0002990439534187317,-11.33836555480957,-0.1978918107261406,-92.73961639404297,-1.6186116531125607,86.85713958740234,1.51594306466448,79.16954803466797,1.381769280520762,92.3354263305664,1.6115572057010499,0.02990439534187317,0.0002990439534187317,False,False,0.0,0.0,0.0,0.0,0.0,0.0,0.0,0.0,1.9414825439453125,1.9414825439453125,0.0,0.0,0.0,0.0,0.0,0.0
2,79,3.050890873069875,3.0859799740137532,False,-11.472527503967285,-0.2002333700656891,-95.51648712158203,-1.6670771837234497,90.76923370361328,1.5842219591140747,78.989013671875,1.3786183595657349,92.13186645507812,1.6080044507980347,0.7554945054945055,0.007554945054945055,-0.1981208324432373,-1.6774195432662964,1.539082646369934,1.3819372653961182,1.6031162738800049,3.2417476177215576e-05,-11.351487159729004,-0.19812082593513058,-96.10905456542969,-1.677419443145636,88.18293762207031,1.539082605585906,79.17916870117188,1.3819371928274913,91.85179138183594,1.6031161834679892,0.0032417476177215576,3.2417476177215576e-05,False,False,0.0,0.0,0.0,0.0,0.0,0.0,0.0,0.0,0.0,0.0,0.0,0.0,0.0,0.0,0.0,0.0
2,80,3.087614464107901,3.0993081780616194,False,-11.472527503967285,-0.2002333700656891,-95.42857360839844,-1.6655428409576416,90.5054931640625,1.5796188116073608,78.989013671875,1.3786183595657349,92.13186645507812,1.6080044507980347,0.7554945054945055,0.007554945054945055,-0.19383177161216736,-1.6594080924987793,1.5320045948028564,1.380169153213501,1.6108053922653198,0.00018402934074401855,-11.105741500854492,-0.19383175506528755,-95.07707214355469,-1.6594079520612122,87.77738952636719,1.5320044560406934,79.07786560058594,1.3801691201797879,92.29234313964844,1.610805262167266,0.018402934074401855,0.00018402934074401855,False,False,0.0,0.0,0.0,0.0,0.0,0.0,0.0,0.0,0.0,0.0,0.0,0.0,0.0,0.0,0.0,0.0
2,81,3.1209637880092487,3.1316573690855876,False,-11.472527503967285,-0.2002333700656891,-94.46154022216797,-1.6486648321151733,90.5054931640625,1.5796188116073608,78.989013671875,1.3786183595657349,92.13186645507812,1.6080044507980347,0.7554945054945055,0.007554945054945055,-0.19146427512168884,-1.7088837623596191,1.570231318473816,1.3800803422927856,1.6075502634048462,0.00038089603185653687,-10.970094680786133,-0.19146427143523434,-97.91181945800781,-1.708883626160486,89.96762084960938,1.5702312040115818,79.0727767944336,1.3800803037574336,92.10584259033203,1.6075502135249167,0.038089603185653687,0.00038089603185653687,False,False,0.0,0.0,0.0,0.0,0.0,0.0,0.0,0.0,0.0,0.0,0.0,0.0,0.0,0.0,0.0,0.0
2,82,3.154337640036829,3.164710915996693,False,-11.472527503967285,-0.2002333700656891,-93.93406677246094,-1.6394587755203247,90.5934066772461,1.5811532735824585,78.989013671875,1.3786183595657349,92.13186645507812,1.6080044507980347,0.7554945054945055,0.007554945054945055,-0.19277970492839813,-1.719916582107544,1.5753260850906372,1.3804572820663452,1.5980042219161987,0.00026979297399520874,-11.045462608337402,-0.19277968992140854,-97.93406677246094,-1.7092719150474198,90.25952911376953,1.575325964334958,79.09436798095703,1.38045714105168,91.55889129638672,1.5980041125975277,0.026979297399520874,0.00026979297399520874,False,False,0.0,0.0,0.0,0.0,0.0,0.6098861694335938,0.6098861694335938,0.0,0.0,0.0,0.0,0.0,0.0,0.0,0.0,0.0
2,83,3.1876163970446214,3.1978784340899438,False,-11.472527503967285,-0.2002333700656891,-95.16483306884766,-1.6609396934509277,90.5934066772461,1.5811532735824585,79.07691955566406,1.3801525831222534,92.13186645507812,1.6080044507980347,0.7554945054945055,0.007554945054945055,-0.19121983647346497,-1.6971244812011719,1.5763652324676514,1.3809025287628174,1.6026954650878906,0.0008904784917831421,-10.95608901977539,-0.1912198265366787,-97.23806762695312,-1.6971244383672413,90.3190689086914,1.5763651297923067,79.11988067626953,1.3809024215859411,91.82768249511719,1.6026954040157566,0.08904784917831421,0.0008904784917831421,False,False,0.0,0.0,0.0,0.0,0.0,0.0,0.0,0.0,0.0,0.0,0.0,0.0,0.0,0.0,0.0,0.0
2,84,3.221090033999644,3.2317387700313702,False,-11.472527503967285,-0.2002333700656891,-96.74725341796875,-1.6885581016540527,90.94505310058594,1.587290644645691,79.07691955566406,1.3801525831222534,92.13186645507812,1.6080044507980347,0.7554945054945055,0.007554945054945055,-0.19675813615322113,-1.660663366317749,1.5119177103042603,1.3831455707550049,1.6058146953582764,0.0006183385848999023,-11.273409843444824,-0.19675811969485066,-95.14899444580078,-1.660663233041021,86.94505310058594,1.5174774449265291,79.24839782714844,1.3831454690140603,92.00640106201172,1.605814631442512,0.061833858489990234,0.0006183385848999023,False,False,0.0,0.0,0.0,0.0,0.0,0.0,0.0,0.0,0.3185577392578125,0.3185577392578125,0.0,0.0,0.0,0.0,0.0,0.0
2,85,3.25435629603453,3.2648151280591264,False,-11.472527503967285,-0.2002333700656891,-96.30769348144531,-1.6808863878250122,91.03296661376953,1.588824987411499,79.07691955566406,1.3801525831222534,92.13186645507812,1.6080044507980347,0.7554945054945055,0.007554945054945055,-0.1937180459499359,-1.683229923248291,1.5238466262817383,1.3830008506774902,1.6092300415039062,0.001785077154636383,-11.099225997924805,-0.19371803808674115,-96.44196319580078,-1.6832297948539163,87.30997467041016,1.523846527831508,79.24010467529297,1.3830007262088144,92.20208740234375,1.6092300023824841,0.1785077154636383,0.001785077154636383,False,False,0.0,0.0,0.0,0.0,0.0,0.0,0.0,0.0,0.0,0.0,0.0,0.0,0.0,0.0,0.0,0.0
2,86,3.2880448010982946,3.3008183740312234,False,-11.472527503967285,-0.2002333700656891,-96.30769348144531,-1.6808863878250122,91.03296661376953,1.588824987411499,79.07691955566406,1.3801525831222534,92.13186645507812,1.6080044507980347,0.7554945054945055,0.007554945054945055,-0.19296440482139587,-1.6729931831359863,1.532279133796692,1.3815373182296753,1.6125366687774658,0.001660957932472229,-11.056045532226562,-0.19296439678776237,-95.8554458618164,-1.6729931362558699,87.79312133789062,1.5322790279490806,79.15625,1.3815371860317616,92.39154052734375,1.6125365831919265,0.1660957932472229,0.001660957932472229,False,False,0.0,0.0,0.0,0.0,0.0,0.0,0.0,0.0,0.0,0.0,0.0,0.0,0.0,0.0,0.0,0.0
2,87,3.321527879103087,3.3345879920525476,False,-11.472527503967285,-0.2002333700656891,-95.86813354492188,-1.6732145547866821,90.76923370361328,1.5842219591140747,79.07691955566406,1.3801525831222534,92.13186645507812,1.6080044507980347,0.7554945054945055,0.007554945054945055,-0.19615182280540466,-1.593637228012085,1.422126293182373,1.387399673461914,1.6124765872955322,-0.0005959421396255493,-11.23867130279541,-0.1961518177831805,-91.86813354492188,-1.6034014080207366,86.76923370361328,1.5144088175604853,79.49214172363281,1.387399602539353,92.38809967041016,1.6124765289093452,0.0,0.0,True,False,0.05959421396255493,0.0,0.0,0.0,0.0,0.5594482421875,0.5594482421875,0.0,5.287406921386719,5.287406921386719,0.0,0.0,0.0,0.0,0.0,0.0
2,88,3.355681847082451,3.3694259820040315,False,-11.472527503967285,-0.2002333700656891,-95.86813354492188,-1.6732145547866821,90.68132019042969,1.5826876163482666,79.07691955566406,1.3801525831222534,92.13186645507812,1.6080044507980347,0.7554945054945055,0.007554945054945055,-0.19918057322502136,-1.466765284538269,1.3082572221755981,1.3858972787857056,1.6074604988098145,-0.0009580180048942566,-11.412205696105957,-0.19918056431190037,-91.86813354492188,-1.6034014080207366,86.68132019042969,1.5128744372984362,79.40605926513672,1.3858971802103848,92.10070037841797,1.607460464996181,0.0,0.0,True,False,0.09580180048942566,0.0,0.0,0.0,0.0,7.82867431640625,7.82867431640625,0.0,11.723709106445312,11.723709106445312,0.0,0.0,0.0,0.0,0.0,0.0
2,89,3.3890041010454297,3.40066551102791,False,-11.472527503967285,-0.2002333700656891,-95.78022003173828,-1.671680212020874,90.68132019042969,1.5826876163482666,79.07691955566406,1.3801525831222534,92.13186645507812,1.6080044507980347,0.7554945054945055,0.007554945054945055,-0.20574817061424255,-1.3541609048843384,1.2030140161514282,1.3854708671569824,1.607300877571106,0.000662490725517273,-11.788500785827637,-0.20574815258663115,-91.78022003173828,-1.6018670277586875,86.68132019042969,1.5128744372984362,79.38162994384766,1.385470808119863,92.091552734375,1.6073008084888307,0.0662490725517273,0.000662490725517273,False,False,0.0,0.0,0.0,0.0,0.0,14.192520141601562,14.192520141601562,0.0,17.753700256347656,17.753700256347656,0.0,0.0,0.0,0.0,0.0,0.0
2,90,3.4223303460748866,3.582911528996192,False,-11.472527503967285,-0.2002333700656891,-94.989013671875,-1.6578710079193115,90.5934066772461,1.5811532735824585,79.07691955566406,1.3801525831222534,92.13186645507812,1.6080044507980347,0.7554945054945055,0.007554945054945055,-0.19635246694087982,-1.719515323638916,1.6127451658248901,1.378688097000122,1.6049323081970215,0.0009460002183914185,-11.250166893005371,-0.19635245368180435,-98.52096557617188,-1.7195152315481914,92.40348815917969,1.6127451087052798,78.99300384521484,1.3786880031395403,91.95584106445312,1.6049321930153142,0.09460002183914185,0.0009460002183914185,False,False,0.0,0.0,0.0,0.0,0.0,0.0,0.0,0.0,0.0,0.0,0.0,0.0,0.0,0.0,0.0,0.0
2,91,3.584201075020246,3.597042943001725,False,-11.472527503967285,-0.2002333700656891,-92.70330047607422,-1.6179778575897217,90.5934066772461,1.5811532735824585,79.07691955566406,1.3801525831222534,92.13186645507812,1.6080044507980347,0.7554945054945055,0.007554945054945055,-0.19953984022140503,-1.71220862865448,1.5989999771118164,1.3779494762420654,1.6023108959197998,0.00147903710603714,-11.43278980255127,-0.19953982474295207,-96.70330047607422,-1.6877909908528952,91.6159439086914,1.5989998685291082,78.95068359375,1.3779493754112067,91.80564880371094,1.6023108435543492,0.147903710603714,0.00147903710603714,False,False,0.0,0.0,0.0,0.0,0.0,1.3990249633789062,1.3990249633789062,0.0,0.0,0.0,0.0,0.0,0.0,0.0,0.0,0.0
2,92,3.6178050680318847,3.630713316029869,False,-11.472527503967285,-0.2002333700656891,-92.17582702636719,-1.6087716817855835,90.5934066772461,1.5811532735824585,79.07691955566406,1.3801525831222534,92.13186645507812,1.6080044507980347,0.7554945054945055,0.007554945054945055,-0.19644810259342194,-1.709393858909607,1.602452039718628,1.3768470287322998,1.605798602104187,6.125867366790771e-05,-11.255646705627441,-0.19644809445445183,-96.17582702636719,-1.6785848424386547,91.81373596191406,1.6024519910921236,78.88751983642578,1.3768469598779685,92.00547790527344,1.605798519317917,0.0061258673667907715,6.125867366790771e-05,False,False,0.0,0.0,0.0,0.0,0.0,1.7652206420898438,1.7652206420898438,0.0,0.0,0.0,0.0,0.0,0.0,0.0,0.0,0.0
2,93,3.6511714711086825,3.6618542900541797,False,-11.472527503967285,-0.2002333700656891,-92.61538696289062,-1.616443395614624,90.76923370361328,1.5842219591140747,79.07691955566406,1.3801525831222534,92.13186645507812,1.6080044507980347,0.7554945054945055,0.007554945054945055,-0.1973358690738678,-1.7012865543365479,1.593017578125,1.376918911933899,1.6016650199890137,-0.000411204993724823,-11.306511878967285,-0.19733585920382973,-96.61538696289062,-1.6862566105908459,91.27317810058594,1.5930174766144087,78.89163970947266,1.3769188652274005,91.76863861083984,1.6016648938319504,0.0,0.0,True,False,0.0411204993724823,0.0,0.0,0.0,0.0,0.86114501953125,0.86114501953125,0.0,0.0,0.0,0.0,0.0,0.0,0.0,0.0,0.0
2,94,3.6846425420371816,3.694768183049746,False,-11.472527503967285,-0.2002333700656891,-94.37362670898438,-1.6471304893493652,91.38461303710938,1.5949623584747314,79.07691955566406,1.3801525831222534,92.13186645507812,1.6080044507980347,0.7554945054945055,0.007554945054945055,-0.19962488114833832,-1.6958565711975098,1.5997666120529175,1.3789987564086914,1.6024036407470703,0.0006745606660842896,-11.437662124633789,-0.19962486280550965,-97.16542053222656,-1.6958565073722545,91.65986633300781,1.5997664594488876,79.01080322265625,1.378998660880698,91.81095886230469,1.602403521560284,0.06745606660842896,0.0006745606660842896,False,False,0.0,0.0,0.0,0.0,0.0,0.0,0.0,0.0,0.0,0.0,0.0,0.0,0.0,0.0,0.0,0.0
2,95,3.7188410740345716,3.7305305110057816,False,-11.472527503967285,-0.2002333700656891,-95.16483306884766,-1.6609396934509277,91.56044006347656,1.5980311632156372,79.07691955566406,1.3801525831222534,92.13186645507812,1.6080044507980347,0.7554945054945055,0.007554945054945055,-0.19815674424171448,-1.6979162693023682,1.5979963541030884,1.3779933452606201,1.5993517637252808,0.0026110783219337463,-11.353544235229492,-0.1981567286755762,-97.28343200683594,-1.6979161961593219,91.55844116210938,1.5979962562723118,78.95320129394531,1.377993317569193,91.63610076904297,1.5993516721091077,0.26110783219337463,0.0026110783219337463,False,False,0.0,0.0,0.0,0.0,0.0,0.0,0.0,0.0,0.0,0.0,0.0,0.0,0.0,0.0,0.0,0.0
2,96,3.751899713068269,3.764765866100788,False,-11.472527503967285,-0.2002333700656891,-95.69230651855469,-1.6701457500457764,91.56044006347656,1.5980311632156372,79.07691955566406,1.3801525831222534,92.13186645507812,1.6080044507980347,0.7554945054945055,0.007554945054945055,-0.20191507041454315,-1.694083333015442,1.577438473701477,1.3791528940200806,1.6026159524917603,0.0021414831280708313,-11.568881034851074,-0.2019150648296801,-97.0638198852539,-1.6940832415604252,90.38056182861328,1.5774383837116088,79.01963806152344,1.3791528579078136,91.82312774658203,1.6026159086572178,0.21414831280708313,0.0021414831280708313,False,False,0.0,0.0,0.0,0.0,0.0,0.0,0.0,0.0,0.0,0.0,0.0,0.0,0.0,0.0,0.0,0.0
2,97,3.7853908500401303,3.796970667084679,False,-11.472527503967285,-0.2002333700656891,-96.04395294189453,-1.6762832403182983,91.56044006347656,1.5980311632156372,79.07691955566406,1.3801525831222534,92.13186645507812,1.6080044507980347,0.7554945054945055,0.007554945054945055,-0.20229440927505493,-1.687664270401001,1.5747122764587402,1.3809874057769775,1.605039119720459,0.0004194676876068115,-11.590615272521973,-0.20229439883744826,-96.69603729248047,-1.6876642243850073,90.224365234375,1.5747122388617492,79.12474822998047,1.3809873764247147,91.96195983886719,1.6050389857750265,0.04194676876068115,0.0004194676876068115,False,False,0.0,0.0,0.0,0.0,0.0,0.0,0.0,0.0,0.0,0.0,0.0,0.0,0.0,0.0,0.0,0.0
2,98,3.818694153102115,3.8297272090567276,False,-11.472527503967285,-0.2002333700656891,-96.13186645507812,-1.6778175830841064,91.56044006347656,1.5980311632156372,79.07691955566406,1.3801525831222534,92.13186645507812,1.6080044507980347,0.7554945054945055,0.007554945054945055,-0.1977435201406479,-1.7190663814544678,1.5989115238189697,1.382452130317688,1.6132255792617798,0.0029929503798484802,-11.32986831665039,-0.1977435059429368,-98.4952392578125,-1.7190662225884041,91.61087799072266,1.5989114515809175,79.20867156982422,1.3824521150242581,92.43101501464844,1.61322554296593,0.299295037984848,0.0029929503798484802,False,False,0.0,0.0,0.0,0.0,0.0,0.0,0.0,0.0,0.0,0.0,0.0,0.0,0.0,0.0,0.0,0.0
2,99,3.852257824037224,3.8637901480542496,False,-11.472527503967285,-0.2002333700656891,-96.13186645507812,-1.6778175830841064,91.47252655029297,1.5964967012405396,79.07691955566406,1.3801525831222534,92.13186645507812,1.6080044507980347,0.7554945054945055,0.007554945054945055,-0.2011427879333496,-1.7108372449874878,1.5922234058380127,1.382104754447937,1.6133571863174438,0.0012932568788528442,-11.524632453918457,-0.20114278140307076,-98.02375030517578,-1.7108371879781137,91.22767639160156,1.5922233219773472,79.18876647949219,1.3821047056600573,92.43855285644531,1.61335710312378,0.12932568788528442,0.0012932568788528442,False,False,0.0,0.0,0.0,0.0,0.0,0.0,0.0,0.0,0.0,0.0,0.0,0.0,0.0,0.0,0.0,0.0
2,100,3.885616719024256,3.897187851020135,False,-11.472527503967285,-0.2002333700656891,-96.30769348144531,-1.6808863878250122,91.47252655029297,1.5964967012405396,79.07691955566406,1.3801525831222534,92.13186645507812,1.6080044507980347,0.7554945054945055,0.007554945054945055,-0.1987800896167755,-1.7087241411209106,1.5963979959487915,1.3806744813919067,1.6069670915603638,0.0020270124077796936,-11.389259338378906,-0.19878007481822288,-97.90267944335938,-1.7087241028111904,91.46686553955078,1.5963979601441007,79.10681915283203,1.3806744549966303,92.07242584228516,1.6069669812461893,0.20270124077796936,0.0020270124077796936,False,False,0.0,0.0,0.0,0.0,0.0,0.0,0.0,0.0,0.0,0.0,0.0,0.0,0.0,0.0,0.0,0.0
2,101,3.919049434014596,3.930601087049581,False,-11.472527503967285,-0.2002333700656891,-96.92308044433594,-1.6916269063949585,91.47252655029297,1.5964967012405396,78.989013671875,1.3786183595657349,92.13186645507812,1.6080044507980347,0.7554945054945055,0.007554945054945055,-0.20598408579826355,-1.6905841827392578,1.5699067115783691,1.3809788227081299,1.6130415201187134,0.000867009162902832,-11.802018165588379,-0.20598407536969854,-96.86333465576172,-1.6905841142041702,89.94902038574219,1.569906564674701,79.12425231933594,1.380978721151172,92.42046356201172,1.613041385376551,0.0867009162902832,0.000867009162902832,False,False,0.0,0.0,0.0,0.0,0.0,0.0,0.0,0.0,0.0,0.0,0.0,0.0,0.0,0.0,0.0,0.0
2,102,3.952280366094783,3.9633393411058933,False,-11.472527503967285,-0.2002333700656891,-97.010986328125,-1.693161129951477,91.47252655029297,1.5964967012405396,78.989013671875,1.3786183595657349,92.13186645507812,1.6080044507980347,0.7554945054945055,0.007554945054945055,-0.19572806358337402,-1.7095328569412231,1.5890307426452637,1.379436731338501,1.6117128133773804,0.0006712451577186584,-11.214391708374023,-0.19572805891947845,-97.94901275634766,-1.709532771676193,91.04474639892578,1.5890305913045055,79.03589630126953,1.3794366177219615,92.3443374633789,1.6117127343087105,0.06712451577186584,0.0006712451577186584,False,False,0.0,0.0,0.0,0.0,0.0,0.0,0.0,0.0,0.0,0.0,0.0,0.0,0.0,0.0,0.0,0.0
2,103,3.985867807059549,3.997149932081811,False,-11.472527503967285,-0.2002333700656891,-97.010986328125,-1.693161129951477,91.47252655029297,1.5964967012405396,78.989013671875,1.3786183595657349,92.13186645507812,1.6080044507980347,0.7554945054945055,0.007554945054945055,-0.2024882435798645,-1.712849736213684,1.5862370729446411,1.3804454803466797,1.6078475713729858,0.002006135880947113,-11.601720809936523,-0.2024882270305356,-98.13905334472656,-1.7128496056558322,90.88468170166016,1.5862369353210124,79.09369659423828,1.3804454231428835,92.12287139892578,1.6078474223025694,0.2006135880947113,0.002006135880947113,False,False,0.0,0.0,0.0,0.0,0.0,0.0,0.0,0.0,0.0,0.0,0.0,0.0,0.0,0.0,0.0,0.0
2,104,4.01938929699827,4.031041005044244,False,-11.472527503967285,-0.2002333700656891,-97.010986328125,-1.693161129951477,91.47252655029297,1.5964967012405396,78.989013671875,1.3786183595657349,92.13186645507812,1.6080044507980347,0.7554945054945055,0.007554945054945055,-0.20392099022865295,-1.692877173423767,1.5811415910720825,1.378288984298706,1.6080539226531982,0.0005317181348800659,-11.68381118774414,-0.2039209744074846,-96.99471282958984,-1.6928770959027284,90.59273529052734,1.581141509207364,78.97013854980469,1.3782889284501918,92.13469696044922,1.6080538172870507,0.05317181348800659,0.0005317181348800659,False,False,0.0,0.0,0.0,0.0,0.0,0.0,0.0,0.0,0.0,0.0,0.0,0.0,0.0,0.0,0.0,0.0
2,105,4.05271196400281,4.064486034098081,False,-11.560439109802246,-0.2017677277326584,-97.18681335449219,-1.6962298154830933,91.47252655029297,1.5964967012405396,78.989013671875,1.3786183595657349,92.13186645507812,1.6080044507980347,0.7554945054945055,0.007554945054945055,-0.20359379053115845,-1.6795806884765625,1.5800902843475342,1.379469394683838,1.609305500984192,0.001506902277469635,-11.665063858032227,-0.20359377177805474,-96.23287963867188,-1.6795805983702352,90.53250122070312,1.580090226367055,79.03777313232422,1.3794693746033695,92.20640563964844,1.6093053698413333,0.1506902277469635,0.001506902277469635,False,False,0.0,0.0,0.0,0.0,0.0,0.0,0.0,0.0,0.0,0.0,0.0,0.0,0.0,0.0,0.0,0.0
2,106,4.086154813063331,4.096544810105115,False,-11.560439109802246,-0.2017677277326584,-97.010986328125,-1.693161129951477,91.47252655029297,1.5964967012405396,78.989013671875,1.3786183595657349,92.13186645507812,1.6080044507980347,0.7554945054945055,0.007554945054945055,-0.20356152951717377,-1.6990596055984497,1.584755539894104,1.3787928819656372,1.6061421632766724,0.000340290367603302,-11.663215637207031,-0.20356151423935115,-97.34893798828125,-1.6990594912152928,90.79979705810547,1.5847554188066015,78.99900817871094,1.3787927985284347,92.02516174316406,1.6061420670985374,0.0340290367603302,0.000340290367603302,False,False,0.0,0.0,0.0,0.0,0.0,0.0,0.0,0.0,0.0,0.0,0.0,0.0,0.0,0.0,0.0,0.0
2,107,4.119399420102127,4.1296347450697795,False,-11.560439109802246,-0.2017677277326584,-96.83516693115234,-1.6900924444198608,91.47252655029297,1.5964967012405396,78.989013671875,1.3786183595657349,92.13186645507812,1.6080044507980347,0.7554945054945055,0.007554945054945055,-0.2022843062877655,-1.6931201219558716,1.575449824333191,1.377632737159729,1.6094799041748047,-0.0007238984107971191,-11.590036392211914,-0.20228429547006277,-97.00862884521484,-1.6931199761941436,90.2666244506836,1.5754498013256466,78.93254089355469,1.3776327255575964,92.21640014648438,1.6094798068927336,0.0,0.0,True,False,0.07238984107971191,0.0,0.0,0.0,0.0,0.0,0.0,0.0,0.0,0.0,0.0,0.0,0.0,0.0,0.0,0.0
2,108,4.15279998909682,4.163304689107463,False,-11.560439109802246,-0.2017677277326584,-96.83516693115234,-1.6900924444198608,91.47252655029297,1.5964967012405396,78.989013671875,1.3786183595657349,92.13186645507812,1.6080044507980347,0.7554945054945055,0.007554945054945055,-0.2120140790939331,-1.5914161205291748,1.438659906387329,1.3800760507583618,1.6148239374160767,0.0008495822548866272,-12.14751148223877,-0.21201407128888322,-92.83516693115234,-1.6202793245871683,87.47252655029297,1.5266835933407696,79.07252502441406,1.380075909541635,92.52259063720703,1.614823839094141,0.08495822548866272,0.0008495822548866272,False,False,0.0,0.0,0.0,0.0,0.0,1.65374755859375,1.65374755859375,0.0,5.043388366699219,5.043388366699219,0.0,0.0,0.0,0.0,0.0,0.0
2,109,4.186618963023648,4.19687636801973,False,-11.560439109802246,-0.2017677277326584,-96.83516693115234,-1.6900924444198608,91.47252655029297,1.5964967012405396,78.989013671875,1.3786183595657349,92.13186645507812,1.6080044507980347,0.7554945054945055,0.007554945054945055,-0.1987535059452057,-1.6857833862304688,1.550850749015808,1.3776865005493164,1.6064841747283936,0.0007465258240699768,-11.387736320495605,-0.19875349314159255,-96.58826446533203,-1.6857832337070844,88.8572006225586,1.5508507149688027,78.93561553955078,1.3776863882535615,92.04476165771484,1.606484150140558,0.07465258240699768,0.0007465258240699768,False,False,0.0,0.0,0.0,0.0,0.0,0.0,0.0,0.0,0.0,0.0,0.0,0.0,0.0,0.0,0.0,0.0
2,110,4.219668162055314,4.232958085020073,False,-11.560439109802246,-0.2017677277326584,-96.65933990478516,-1.6870237588882446,91.38461303710938,1.5949623584747314,78.989013671875,1.3786183595657349,92.13186645507812,1.6080044507980347,0.7554945054945055,0.007554945054945055,-0.20702716708183289,-1.6718271970748901,1.5371849536895752,1.3806848526000977,1.6094450950622559,0.0007018446922302246,-11.86178207397461,-0.20702715234489852,-95.78863525390625,-1.6718270711725787,88.07420349121094,1.5371848369931156,79.10741424560547,1.3806848413248816,92.21440887451172,1.609445052640508,0.07018446922302246,0.0007018446922302246,False,False,0.0,0.0,0.0,0.0,0.0,0.0,0.0,0.0,0.0,0.0,0.0,0.0,0.0,0.0,0.0,0.0
2,111,4.253308821003884,4.267307428061031,False,-11.560439109802246,-0.2017677277326584,-96.04395294189453,-1.6762832403182983,90.94505310058594,1.587290644645691,78.989013671875,1.3786183595657349,92.13186645507812,1.6080044507980347,0.7554945054945055,0.007554945054945055,-0.19796961545944214,-1.7035468816757202,1.5706069469451904,1.3765863180160522,1.6082375049591064,0.0028605014085769653,-11.342823028564453,-0.1979696083194845,-97.60604095458984,-1.703546784494022,89.98914337158203,1.5706068428833375,78.8725814819336,1.3765862364072496,92.14521789550781,1.6082374422442116,0.28605014085769653,0.0028605014085769653,False,False,0.0,0.0,0.0,0.0,0.0,0.0,0.0,0.0,0.0,0.0,0.0,0.0,0.0,0.0,0.0,0.0
2,112,4.2865635890048,4.2971363520482555,False,-11.560439109802246,-0.2017677277326584,-95.42857360839844,-1.6655428409576416,90.94505310058594,1.587290644645691,78.989013671875,1.3786183595657349,92.13186645507812,1.6080044507980347,0.7554945054945055,0.007554945054945055,-0.20054560899734497,-1.6965440511703491,1.566726565361023,1.3806403875350952,1.6103744506835938,-0.00034318119287490845,-11.490416526794434,-0.2005456008181341,-97.2048110961914,-1.6965440024076586,89.76681518554688,1.5667264840170374,79.10486602783203,1.3806403665346774,92.26765441894531,1.6103743627028912,0.0,0.0,True,False,0.034318119287490845,0.0,0.0,0.0,0.0,0.0,0.0,0.0,0.0,0.0,0.0,0.0,0.0,0.0,0.0,0.0
2,113,4.320150394109078,4.330314743099734,False,-11.560439109802246,-0.2017677277326584,-95.95604705810547,-1.6747488975524902,90.94505310058594,1.587290644645691,78.989013671875,1.3786183595657349,92.13186645507812,1.6080044507980347,0.7554945054945055,0.007554945054945055,-0.19821038842201233,-1.6889781951904297,1.558178186416626,1.3779406547546387,1.6116598844528198,0.0009146705269813538,-11.35661792755127,-0.19821037472678452,-96.77131652832031,-1.6889780949087978,89.27703094482422,1.5581781363920466,78.95018005371094,1.3779405869796095,92.34130096435547,1.611659737403018,0.09146705269813538,0.0009146705269813538,False,False,0.0,0.0,0.0,0.0,0.0,0.0,0.0,0.0,0.0,0.0,0.0,0.0,0.0,0.0,0.0,0.0
2,114,4.3533738650148734,4.363716430030763,False,-11.560439109802246,-0.2017677277326584,-96.57142639160156,-1.685489296913147,91.12088012695312,1.5903593301773071,78.989013671875,1.3786183595657349,92.13186645507812,1.6080044507980347,0.7554945054945055,0.007554945054945055,-0.1999136507511139,-1.687646508216858,1.569807767868042,1.3784117698669434,1.6107168197631836,0.001367233693599701,-11.454207420349121,-0.19991363269145832,-96.69501495361328,-1.6876463812057039,89.94335174560547,1.5698076282402047,78.9771728515625,1.3784117001764444,92.28726959228516,1.6107167120610208,0.1367233693599701,0.001367233693599701,False,False,0.0,0.0,0.0,0.0,0.0,0.0,0.0,0.0,0.0,0.0,0.0,0.0,0.0,0.0,0.0,0.0
2,115,4.387143468018621,4.397298177005723,False,-11.648351669311523,-0.20330208539962769,-96.48351287841797,-1.6839549541473389,91.12088012695312,1.5903593301773071,78.989013671875,1.3786183595657349,92.13186645507812,1.6080044507980347,0.7554945054945055,0.007554945054945055,-0.20078879594802856,-1.6810076236724854,1.5702089071273804,1.3785130977630615,1.6134922504425049,0.0008227378129959106,-11.504349708557129,-0.20078878071517198,-96.31463623046875,-1.6810075200822998,89.96633911132812,1.5702088334584252,78.98297882080078,1.378513033455922,92.4462890625,1.613492125391047,0.08227378129959106,0.0008227378129959106,False,False,0.0,0.0,0.0,0.0,0.0,0.0,0.0,0.0,0.0,0.0,0.0,0.0,0.0,0.0,0.0,0.0
2,116,4.42053357406985,4.430837176041678,False,-11.648351669311523,-0.20330208539962769,-96.48351287841797,-1.6839549541473389,91.12088012695312,1.5903593301773071,78.989013671875,1.3786183595657349,92.13186645507812,1.6080044507980347,0.7554945054945055,0.007554945054945055,-0.19975262880325317,-1.712674856185913,1.5856142044067383,1.378567099571228,1.6051766872406006,0.002368338406085968,-11.444981575012207,-0.1997526113140494,-98.12903594970703,-1.7126747691302684,90.8489990234375,1.5856141551000975,78.98606872558594,1.3785669624679961,91.96984100341797,1.6051765380453291,0.2368338406085968,0.002368338406085968,False,False,0.0,0.0,0.0,0.0,0.0,0.0,0.0,0.0,0.0,0.0,0.0,0.0,0.0,0.0,0.0,0.0
2,117,4.453836005064659,4.465067251003347,False,-11.648351669311523,-0.20330208539962769,-96.48351287841797,-1.6839549541473389,91.12088012695312,1.5903593301773071,78.989013671875,1.3786183595657349,92.13186645507812,1.6080044507980347,0.7554945054945055,0.007554945054945055,-0.19750605523586273,-1.7107592821121216,1.585981011390686,1.3774642944335938,1.6075254678726196,0.0020066723227500916,-11.316263198852539,-0.1975060518422426,-98.01927947998047,-1.7107591573581744,90.87001037597656,1.5859808723822013,78.92288970947266,1.3774642806186488,92.10442352294922,1.607525446126779,0.20066723227500916,0.0020066723227500916,False,False,0.0,0.0,0.0,0.0,0.0,0.0,0.0,0.0,0.0,0.0,0.0,0.0,0.0,0.0,0.0,0.0
2,118,4.487533374107443,4.499543498037383,False,-11.648351669311523,-0.20330208539962769,-96.57142639160156,-1.685489296913147,91.12088012695312,1.5903593301773071,78.989013671875,1.3786183595657349,92.13186645507812,1.6080044507980347,0.7554945054945055,0.007554945054945055,-0.19425660371780396,-1.7066763639450073,1.5743879079818726,1.3779418468475342,1.6075153350830078,0.002090923488140106,-11.130083084106445,-0.19425659583818242,-97.78534698486328,-1.706676265090974,90.20578002929688,1.5743878658409776,78.95024871826172,1.3779417854021,92.10383605957031,1.607515192956582,0.20909234881401062,0.002090923488140106,False,False,0.0,0.0,0.0,0.0,0.0,0.0,0.0,0.0,0.0,0.0,0.0,0.0,0.0,0.0,0.0,0.0
2,119,4.521312354016118,4.534758365014568,False,-11.648351669311523,-0.20330208539962769,-96.92308044433594,-1.6916269063949585,91.20879364013672,1.5918937921524048,78.989013671875,1.3786183595657349,92.13186645507812,1.6080044507980347,0.7554945054945055,0.007554945054945055,-0.19475823640823364,-1.6871706247329712,1.5550938844680786,1.3790199756622314,1.6072783470153809,0.001840353012084961,-11.15882396697998,-0.19475821887425565,-96.6677474975586,-1.6871704743189067,89.10031127929688,1.5550937963755713,79.01202392578125,1.3790199661694187,92.09026336669922,1.6072783047776196,0.1840353012084961,0.001840353012084961,False,False,0.0,0.0,0.0,0.0,0.0,0.0,0.0,0.0,0.0,0.0,0.0,0.0,0.0,0.0,0.0,0.0
2,120,4.554153487086296,4.720219761016779,False,-11.648351669311523,-0.20330208539962769,-97.010986328125,-1.693161129951477,91.20879364013672,1.5918937921524048,78.989013671875,1.3786183595657349,92.13186645507812,1.6080044507980347,0.7554945054945055,0.007554945054945055,-0.1984597146511078,-1.7309989929199219,1.606246829032898,1.3757753372192383,1.60988187789917,0.0019176006317138672,-11.370903015136719,-0.19845969653908635,-99.1789321899414,-1.7309989153266676,92.03115844726562,1.6062467293293774,78.82611846923828,1.3757753038553207,92.23943328857422,1.609881811059281,0.19176006317138672,0.0019176006317138672,False,False,0.0,0.0,0.0,0.0,0.0,0.0,0.0,0.0,0.0,0.0,0.0,0.0,0.0,0.0,0.0,0.0
2,121,4.721718262066133,4.734318228089251,False,-11.472527503967285,-0.2002333700656891,-97.010986328125,-1.693161129951477,91.20879364013672,1.5918937921524048,78.989013671875,1.3786183595657349,92.13186645507812,1.6080044507980347,0.7554945054945055,0.007554945054945055,-0.19545599818229675,-1.7448307275772095,1.6069031953811646,1.3761875629425049,1.610769271850586,0.0018230155110359192,-11.198802947998047,-0.19545598372461323,-99.97142791748047,-1.7448305750802122,92.06876373291016,1.6069030653800274,78.8497314453125,1.3761874280340103,92.29027557373047,1.6107691763344953,0.18230155110359192,0.0018230155110359192,False,False,0.0,0.0,0.0,0.0,0.0,0.0,0.0,0.0,0.0,0.0,0.0,0.0,0.0,0.0,0.0,0.0
2,122,4.755131357000209,4.767174241016619,False,-11.472527503967285,-0.2002333700656891,-97.010986328125,-1.693161129951477,91.20879364013672,1.5918937921524048,78.989013671875,1.3786183595657349,92.13186645507812,1.6080044507980347,0.7554945054945055,0.007554945054945055,-0.19846048951148987,-1.7473920583724976,1.6043092012405396,1.3778091669082642,1.6072587966918945,0.0019368082284927368,-11.37094783782959,-0.19846047884265658,-100.00004577636719,-1.7453300509426566,91.9201431274414,1.6043091464782901,78.94264221191406,1.3778090268217595,92.08914184570312,1.6072587305436075,0.19368082284927368,0.0019368082284927368,False,False,0.0,0.0,0.0,0.0,0.11814117431640625,0.0,0.11814117431640625,0.0,0.0,0.0,0.0,0.0,0.0,0.0,0.0,0.0
2,123,4.78854596009478,4.799634502036497,False,-11.472527503967285,-0.2002333700656891,-97.27472686767578,-1.697764277458191,91.29669952392578,1.5934280157089233,78.989013671875,1.3786183595657349,92.13186645507812,1.6080044507980347,0.7554945054945055,0.007554945054945055,-0.19954034686088562,-1.7391735315322876,1.5883731842041016,1.3754801750183105,1.6077210903167725,0.0018874779343605042,-11.432819366455078,-0.19954034073041327,-99.64730072021484,-1.739173488292666,91.00707244873047,1.588373056831365,78.8092041015625,1.3754800924484853,92.11563110351562,1.6077210553088452,0.18874779343605042,0.0018874779343605042,False,False,0.0,0.0,0.0,0.0,0.0,0.0,0.0,0.0,0.0,0.0,0.0,0.0,0.0,0.0,0.0,0.0
2,124,4.821931855054572,4.835013231029734,False,-11.560439109802246,-0.2017677277326584,-97.89010620117188,-1.7085046768188477,91.47252655029297,1.5964967012405396,78.989013671875,1.3786183595657349,92.13186645507812,1.6080044507980347,0.7554945054945055,0.007554945054945055,-0.19536003470420837,-1.7450220584869385,1.6030306816101074,1.3737143278121948,1.6044384241104126,0.002376958727836609,-11.193305015563965,-0.1953600267015863,-99.98239135742188,-1.7450219232045343,91.84688568115234,1.6030305628389432,78.7080307006836,1.3737142834877083,91.92754364013672,1.604438309791159,0.2376958727836609,0.002376958727836609,False,False,0.0,0.0,0.0,0.0,0.0,0.0,0.0,0.0,0.0,0.0,0.0,0.0,0.0,0.0,0.0,0.0
2,125,4.855245194048621,4.866760668111965,False,-11.560439109802246,-0.2017677277326584,-98.06593322753906,-1.7115733623504639,91.47252655029297,1.5964967012405396,78.9011001586914,1.3770840167999268,92.13186645507812,1.6080044507980347,0.7554945054945055,0.007554945054945055,-0.19619116187095642,-1.743079662322998,1.60088050365448,1.3724993467330933,1.6107591390609741,0.0006806924939155579,-11.240924835205078,-0.1961911493435296,-99.87110137939453,-1.7430795466634852,91.72369384765625,1.6008804597328676,78.63841247558594,1.3724992162403595,92.2896957397461,1.610759056322353,0.06806924939155579,0.0006806924939155579,False,False,0.0,0.0,0.0,0.0,0.0,0.0,0.0,0.0,0.0,0.0,0.0,0.0,0.0,0.0,0.0,0.0
2,126,4.88896458002273,4.899630436091684,False,-11.560439109802246,-0.2017677277326584,-98.15384674072266,-1.7131078243255615,91.47252655029297,1.5964967012405396,78.9011001586914,1.3770840167999268,92.13186645507812,1.6080044507980347,0.7554945054945055,0.007554945054945055,-0.194652259349823,-1.7308876514434814,1.6017661094665527,1.3738317489624023,1.6122715473175049,0.0023722052574157715,-11.152751922607422,-0.19465224170762732,-99.17255401611328,-1.7308875951931024,91.77442932128906,1.601765960795319,78.71475982666016,1.3738317288917807,92.37635040283203,1.6122714655054091,0.23722052574157715,0.0023722052574157715,False,False,0.0,0.0,0.0,0.0,0.0,0.0,0.0,0.0,0.0,0.0,0.0,0.0,0.0,0.0,0.0,0.0
2,127,4.922203158028424,4.932335234014317,False,-11.560439109802246,-0.2017677277326584,-98.15384674072266,-1.7131078243255615,91.47252655029297,1.5964967012405396,78.9011001586914,1.3770840167999268,92.13186645507812,1.6080044507980347,0.7554945054945055,0.007554945054945055,-0.19375932216644287,-1.7429511547088623,1.5951534509658813,1.373665690422058,1.6112924814224243,0.0023270919919013977,-11.101591110229492,-0.1937593170836374,-99.86373901367188,-1.7429510491408888,91.39555358886719,1.5951533318086524,78.70524597167969,1.3736656807978143,92.32025146484375,1.6112923543306414,0.23270919919013977,0.0023270919919013977,False,False,0.0,0.0,0.0,0.0,0.0,0.0,0.0,0.0,0.0,0.0,0.0,0.0,0.0,0.0,0.0,0.0
2,128,4.955662360065617,4.967077455017716,False,-11.560439109802246,-0.2017677277326584,-98.15384674072266,-1.7131078243255615,91.47252655029297,1.5964967012405396,78.9011001586914,1.3770840167999268,92.13186645507812,1.6080044507980347,0.7554945054945055,0.007554945054945055,-0.1931043267250061,-1.741079568862915,1.5950735807418823,1.3768346309661865,1.6060866117477417,0.0021768733859062195,-11.064062118530273,-0.1931043126135324,-99.75650787353516,-1.7410795126848355,91.39097595214844,1.5950734369759498,78.88681030273438,1.3768345761788996,92.02198028564453,1.606086540189809,0.21768733859062195,0.0021768733859062195,False,False,0.0,0.0,0.0,0.0,0.0,0.0,0.0,0.0,0.0,0.0,0.0,0.0,0.0,0.0,0.0,0.0
2,129,4.989384766086005,5.000803104019724,False,-11.560439109802246,-0.2017677277326584,-98.15384674072266,-1.7131078243255615,91.47252655029297,1.5964967012405396,78.9011001586914,1.3770840167999268,92.13186645507812,1.6080044507980347,0.7554945054945055,0.007554945054945055,-0.19200405478477478,-1.7431179285049438,1.5996328592300415,1.3735584020614624,1.6102972030639648,0.003222227096557617,-11.001021385192871,-0.19200404425392298,-99.87329864501953,-1.7431178961831824,91.65220642089844,1.5996327687621656,78.6990966796875,1.3735583554058841,92.26322937011719,1.6102971310312788,0.3222227096557617,0.003222227096557617,False,False,0.0,0.0,0.0,0.0,0.0,0.0,0.0,0.0,0.0,0.0,0.0,0.0,0.0,0.0,0.0,0.0
2,130,5.022610168089159,5.033871635096148,False,-11.560439109802246,-0.2017677277326584,-98.15384674072266,-1.7131078243255615,91.47252655029297,1.5964967012405396,78.9011001586914,1.3770840167999268,92.13186645507812,1.6080044507980347,0.7554945054945055,0.007554945054945055,-0.19340234994888306,-1.746666431427002,1.601104497909546,1.3729934692382812,1.6087342500686646,0.002220235764980316,-11.081137657165527,-0.19340233698426906,-100.00004577636719,-1.7453300509426566,91.73652648925781,1.6011044315805434,78.6667251586914,1.3729933657806237,92.17367553710938,1.6087341217875113,0.22202357649803162,0.002220235764980316,False,False,0.0,0.0,0.0,0.0,0.07656097412109375,0.0,0.07656097412109375,0.0,0.0,0.0,0.0,0.0,0.0,0.0,0.0,0.0
2,131,5.056048413040116,5.06850747007411,False,-11.560439109802246,-0.2017677277326584,-98.15384674072266,-1.7131078243255615,91.47252655029297,1.5964967012405396,78.9011001586914,1.3770840167999268,92.13186645507812,1.6080044507980347,0.7554945054945055,0.007554945054945055,-0.19229362905025482,-1.7476751804351807,1.6060634851455688,1.3735532760620117,1.6111540794372559,0.0014742761850357056,-11.01761245727539,-0.19229361308819864,-100.00004577636719,-1.7453300509426566,92.0206527709961,1.6060633706883254,78.69879913330078,1.3735531622417585,92.31232452392578,1.611154003112012,0.14742761850357056,0.0014742761850357056,False,False,0.0,0.0,0.0,0.0,0.13436126708984375,0.0,0.13436126708984375,0.0,0.0,0.0,0.0,0.0,0.0,0.0,0.0,0.0
2,132,5.0897681571077555,5.100748196011409,False,-11.560439109802246,-0.2017677277326584,-98.15384674072266,-1.7131078243255615,91.47252655029297,1.5964967012405396,78.9011001586914,1.3770840167999268,92.13186645507812,1.6080044507980347,0.7554945054945055,0.007554945054945055,-0.19178837537765503,-1.7320860624313354,1.6068952083587646,1.3723257780075073,1.6148884296417236,0.0024269968271255493,-10.988663673400879,-0.19178836149514017,-99.24121856689453,-1.7320860176836381,92.06830596923828,1.606895075896757,78.62847137451172,1.3723257112953409,92.52628326416016,1.614888287592521,0.24269968271255493,0.0024269968271255493,False,False,0.0,0.0,0.0,0.0,0.0,0.0,0.0,0.0,0.0,0.0,0.0,0.0,0.0,0.0,0.0,0.0
2,133,5.123022220097482,5.135234819026664,False,-11.560439109802246,-0.2017677277326584,-98.15384674072266,-1.7131078243255615,91.47252655029297,1.5964967012405396,78.9011001586914,1.3770840167999268,92.13186645507812,1.6080044507980347,0.7554945054945055,0.007554945054945055,-0.19525930285453796,-1.73445725440979,1.5928583145141602,1.3737601041793823,1.6165790557861328,0.002425476908683777,-11.187533378601074,-0.19525929263335406,-99.3770751953125,-1.7344571631601902,91.26405334472656,1.592858219581222,78.71065521240234,1.3737600898584577,92.62315368652344,1.6165789954105578,0.24254769086837769,0.002425476908683777,False,False,0.0,0.0,0.0,0.0,0.0,0.0,0.0,0.0,0.0,0.0,0.0,0.0,0.0,0.0,0.0,0.0
2,134,5.156354583101347,5.166869767010212,False,-11.560439109802246,-0.2017677277326584,-98.15384674072266,-1.7131078243255615,91.47252655029297,1.5964967012405396,78.9011001586914,1.3770840167999268,92.13186645507812,1.6080044507980347,0.7554945054945055,0.007554945054945055,-0.19914525747299194,-1.74056077003479,1.6003860235214233,1.3757948875427246,1.6134631633758545,0.0019558295607566833,-11.410181999206543,-0.19914524413794318,-99.7267837524414,-1.7405607289044882,91.69535827636719,1.60038591071844,78.82723999023438,1.3757948780893325,92.44462585449219,1.613463096935165,0.19558295607566833,0.0019558295607566833,False,False,0.0,0.0,0.0,0.0,0.0,0.0,0.0,0.0,0.0,0.0,0.0,0.0,0.0,0.0,0.0,0.0
2,135,5.189655833062716,5.2003283210797235,False,-11.560439109802246,-0.2017677277326584,-98.15384674072266,-1.7131078243255615,91.47252655029297,1.5964967012405396,78.9011001586914,1.3770840167999268,92.13186645507812,1.6080044507980347,0.7554945054945055,0.007554945054945055,-0.19807344675064087,-1.728136658668518,1.5954363346099854,1.3753819465637207,1.6134544610977173,0.0031294450163841248,-11.348772048950195,-0.198073438312484,-99.01493072509766,-1.7281365497870504,91.4117660522461,1.5954362926744732,78.80357360839844,1.3753818218042613,92.44412231445312,1.6134543085035677,0.3129445016384125,0.0031294450163841248,False,False,0.0,0.0,0.0,0.0,0.0,0.0,0.0,0.0,0.0,0.0,0.0,0.0,0.0,0.0,0.0,0.0
2,136,5.22321120207198,5.233608961105347,False,-11.560439109802246,-0.2017677277326584,-98.15384674072266,-1.7131078243255615,91.47252655029297,1.5964967012405396,78.9011001586914,1.3770840167999268,92.13186645507812,1.6080044507980347,0.7554945054945055,0.007554945054945055,-0.21298553049564362,-1.7042746543884277,1.5462278127670288,1.3765937089920044,1.6188100576400757,0.0017740502953529358,-12.203171730041504,-0.21298552587551686,-97.64774322509766,-1.7042746264199404,88.59232330322266,1.546227733632534,78.87300872802734,1.3765936932583018,92.7509765625,1.6188099254557171,0.17740502953529358,0.0017740502953529358,False,False,0.0,0.0,0.0,0.0,0.0,0.0,0.0,0.0,0.0,0.0,0.0,0.0,0.0,0.0,0.0,0.0
2,137,5.256476725102402,5.267297585029155,False,-11.560439109802246,-0.2017677277326584,-98.15384674072266,-1.7131078243255615,91.47252655029297,1.5964967012405396,78.9011001586914,1.3770840167999268,92.13186645507812,1.6080044507980347,0.7554945054945055,0.007554945054945055,-0.22961202263832092,-1.657325029373169,1.4737416505813599,1.3789515495300293,1.6153407096862793,0.0021759793162345886,-13.15579891204834,-0.22961200674553142,-94.95772552490234,-1.6573249606146065,87.47252655029297,1.5266835933407696,79.00810241699219,1.3789515229294036,92.55220031738281,1.6153406255036709,0.21759793162345886,0.0021759793162345886,False,False,0.0,0.0,0.0,0.0,0.0,0.0,0.0,0.0,3.033355712890625,3.033355712890625,0.0,0.0,0.0,0.0,0.0,0.0
2,138,5.28991987707559,5.302024887059815,False,-11.560439109802246,-0.2017677277326584,-98.06593322753906,-1.7115733623504639,91.38461303710938,1.5949623584747314,78.9011001586914,1.3770840167999268,92.13186645507812,1.6080044507980347,0.7554945054945055,0.007554945054945055,-0.2165696769952774,-1.667916178703308,1.500421404838562,1.3765017986297607,1.6174626350402832,0.0027472376823425293,-12.408527374267578,-0.21656965800481595,-95.5645523071289,-1.6679160859537427,87.38461303710938,1.5251492130787205,78.86773681640625,1.3765016810426396,92.67377471923828,1.6174624991021915,0.27472376823425293,0.0027472376823425293,False,False,0.0,0.0,0.0,0.0,0.0,0.0,0.0,0.0,1.4168014526367188,1.4168014526367188,0.0,0.0,0.0,0.0,0.0,0.0
2,139,5.323771842056885,5.334520580014214,False,-11.736263275146484,-0.2048364281654358,-97.36264038085938,-1.699298620223999,90.85713958740234,1.5857561826705933,78.989013671875,1.3786183595657349,92.13186645507812,1.6080044507980347,0.7554945054945055,0.007554945054945055,-0.21065226197242737,-1.645126461982727,1.454166293144226,1.3776296377182007,1.618560552597046,0.0019358471035957336,-12.06948471069336,-0.21065224722071438,-94.25879669189453,-1.6451263512414986,86.85713958740234,1.51594306466448,78.93235778808594,1.3776295297642882,92.73668670654297,1.6185605204196312,0.19358471035957336,0.0019358471035957336,False,False,0.0,0.0,0.0,0.0,0.0,0.0,0.0,0.0,3.53955078125,3.53955078125,0.0,0.0,0.0,0.0,0.0,0.0
2,140,5.357197098084725,5.367907691048458,False,-12.0,-0.20943951606750488,-96.30769348144531,-1.6808863878250122,90.5934066772461,1.5811532735824585,78.989013671875,1.3786183595657349,92.13186645507812,1.6080044507980347,0.7554945054945055,0.007554945054945055,-0.20121657848358154,-1.6431249380111694,1.4739223718643188,1.3810256719589233,1.619922161102295,0.0013229921460151672,-11.528860092163086,-0.20121656761002277,-94.14411926269531,-1.6431248525242497,86.5934066772461,1.511340057036387,79.12693786621094,1.3810255927863573,92.814697265625,1.6199220615269343,0.13229921460151672,0.0013229921460151672,False,False,0.0,0.0,0.0,0.0,0.0,0.0,0.0,0.0,2.1438827514648438,2.1438827514648438,0.0,0.0,0.0,0.0,0.0,0.0
2,141,5.39055004902184,5.4025956250261515,False,-12.351648330688477,-0.2155769318342209,-96.30769348144531,-1.6808863878250122,90.5934066772461,1.5811532735824585,78.989013671875,1.3786183595657349,92.13186645507812,1.6080044507980347,0.7554945054945055,0.007554945054945055,-0.2069048285484314,-1.6497734785079956,1.4814116954803467,1.37949800491333,1.6293656826019287,0.0016151592135429382,-11.854772567749023,-0.206904813382323,-94.52505493164062,-1.6497734341856325,86.5934066772461,1.511340057036387,79.0394058227539,1.3794978704270333,93.35577392578125,1.6293656307523552,0.16151592135429382,0.0016151592135429382,False,False,0.0,0.0,0.0,0.0,0.0,0.0,0.0,0.0,1.7147750854492188,1.7147750854492188,0.0,0.0,0.0,0.0,0.0,0.0
2,142,5.42422347003594,5.434630159055814,False,-12.263736724853516,-0.21404258906841278,-95.69230651855469,-1.6701457500457764,90.5934066772461,1.5811532735824585,78.989013671875,1.3786183595657349,92.13186645507812,1.6080044507980347,0.7554945054945055,0.007554945054945055,-0.20957553386688232,-1.5571210384368896,1.3980507850646973,1.380122423171997,1.6247724294662476,0.0006746277213096619,-12.007792472839355,-0.20957551454723852,-91.69230651855469,-1.6003326474966384,86.5934066772461,1.511340057036387,79.07518768310547,1.3801223817026569,93.09259796142578,1.624772343662241,0.06746277213096619,0.0006746277213096619,False,False,0.0,0.0,0.0,0.0,0.0,2.4758453369140625,2.4758453369140625,0.0,6.491004943847656,6.491004943847656,0.0,0.0,0.0,0.0,0.0,0.0
2,143,5.4574822060531005,5.467935144086368,False,-11.912087440490723,-0.2079051434993744,-95.34066009521484,-1.664008378982544,90.5934066772461,1.5811532735824585,78.989013671875,1.3786183595657349,92.13186645507812,1.6080044507980347,0.7554945054945055,0.007554945054945055,-0.2135443389415741,-1.542693853378296,1.3479530811309814,1.3816087245941162,1.6252291202545166,0.0019762590527534485,-12.235188484191895,-0.21354432365124273,-91.34066009521484,-1.5941952596064963,86.5934066772461,1.511340057036387,79.16034698486328,1.38160869190703,93.11876678466797,1.6252290757891896,0.19762590527534485,0.0019762590527534485,False,False,0.0,0.0,0.0,0.0,0.0,2.9508209228515625,2.9508209228515625,0.0,9.36138916015625,9.36138916015625,0.0,0.0,0.0,0.0,0.0,0.0
2,144,5.490901798009872,5.501278943032958,False,-11.648351669311523,-0.20330208539962769,-94.81318664550781,-1.6548023223876953,90.5934066772461,1.5811532735824585,78.989013671875,1.3786183595657349,92.30769348144531,1.6110731363296509,0.7554945054945055,0.007554945054945055,-0.20994102954864502,-1.5291095972061157,1.3443045616149902,1.3820950984954834,1.628098726272583,0.0006651431322097778,-12.02873420715332,-0.2099410167620951,-90.81318664550781,-1.5849891111922558,86.5934066772461,1.511340057036387,79.1882095336914,1.3820949851220785,93.2831802368164,1.62809863186375,0.06651431322097778,0.0006651431322097778,False,False,0.0,0.0,0.0,0.0,0.0,3.2016677856445312,3.2016677856445312,0.0,9.5704345703125,9.5704345703125,0.0,0.0,0.0,0.0,0.0,0.0
2,145,5.524392191087827,5.534872182062827,False,-11.648351669311523,-0.20330208539962769,-93.67032623291016,-1.6348556280136108,90.5934066772461,1.5811532735824585,78.989013671875,1.3786183595657349,92.30769348144531,1.6110731363296509,0.7554945054945055,0.007554945054945055,-0.20847147703170776,-1.4231891632080078,1.238914966583252,1.3809727430343628,1.6237365007400513,0.002836160361766815,-11.944535255432129,-0.20847146782783255,-89.67032623291016,-1.565042434101726,86.5934066772461,1.511340057036387,79.12390899658203,1.3809727290387193,93.03324127197266,1.6237363739982003,0.2836160361766815,0.002836160361766815,False,False,0.0,0.0,0.0,0.0,0.0,8.127601623535156,8.127601623535156,0.0,15.608810424804688,15.608810424804688,0.0,0.0,0.0,0.0,0.0,0.0
2,146,5.557920237071812,5.568462980096228,False,-12.087912559509277,-0.21097387373447418,-92.52747344970703,-1.614909052848816,90.5934066772461,1.5811532735824585,78.989013671875,1.3786183595657349,92.48351287841797,1.614141821861267,0.7554945054945055,0.007554945054945055,-0.21444837749004364,-1.34774649143219,1.2001140117645264,1.384165644645691,1.6217725276947021,0.0016203075647354126,-12.286986351013184,-0.21444836697278377,-88.52747344970703,-1.5450958901692504,86.5934066772461,1.511340057036387,79.30684661865234,1.3841655928696153,92.92071533203125,1.6217724258523214,0.16203075647354126,0.0016203075647354126,False,False,0.0,0.0,0.0,0.0,0.0,11.307289123535156,11.307289123535156,0.0,17.831939697265625,17.831939697265625,0.0,0.0,0.0,0.0,0.0,0.0
2,147,5.59125470102299,5.602740293019451,False,-12.351648330688477,-0.2155769318342209,-91.20879364013672,-1.5918937921524048,90.5934066772461,1.5811532735824585,78.989013671875,1.3786183595657349,92.48351287841797,1.614141821861267,0.7554945054945055,0.007554945054945055,-0.21674811840057373,-1.3181360960006714,1.184632658958435,1.3825162649154663,1.6217480897903442,0.002716340124607086,-12.41875171661377,-0.21674810644260806,-87.20879364013672,-1.5220805857126767,86.5934066772461,1.511340057036387,79.21234130859375,1.3825161640484747,92.91931915283203,1.621748057928347,0.2716340124607086,0.002716340124607086,False,False,0.0,0.0,0.0,0.0,0.0,11.685165405273438,11.685165405273438,0.0,18.718955993652344,18.718955993652344,0.0,0.0,0.0,0.0,0.0,0.0
2,148,5.624594281078316,5.634841828024946,False,-12.439560890197754,-0.21711128950119019,-90.68132019042969,-1.5826876163482666,90.5934066772461,1.5811532735824585,78.989013671875,1.3786183595657349,92.48351287841797,1.614141821861267,0.7554945054945055,0.007554945054945055,-0.21723634004592896,-1.2902976274490356,1.174057960510254,1.3822166919708252,1.622637152671814,0.0029677078127861023,-12.446724891662598,-0.21723633044944685,-86.68132019042969,-1.5128744372984362,86.5934066772461,1.511340057036387,79.19517517089844,1.3822165584258408,92.97025299072266,1.6226370211002155,0.29677078127861023,0.0029677078127861023,False,False,0.0,0.0,0.0,0.0,0.0,12.752716064453125,12.752716064453125,0.0,19.324844360351562,19.324844360351562,0.0,0.0,0.0,0.0,0.0,0.0
2,149,5.658110359101556,5.66860069707036,False,-12.439560890197754,-0.21711128950119019,-89.97801971435547,-1.5704126358032227,90.5934066772461,1.5811532735824585,78.989013671875,1.3786183595657349,92.48351287841797,1.614141821861267,0.7554945054945055,0.007554945054945055,-0.21203503012657166,-1.2116276025772095,1.0906778573989868,1.3821313381195068,1.6130285263061523,0.001467876136302948,-12.148711204528809,-0.21203501039295397,-85.97801971435547,-1.5005995283600975,86.5934066772461,1.511340057036387,79.1902847290039,1.3821312041129037,92.41972351074219,1.613028469045264,0.1467876136302948,0.001467876136302948,False,False,0.0,0.0,0.0,0.0,0.0,16.55687713623047,16.55687713623047,0.0,24.1021728515625,24.1021728515625,0.0,0.0,0.0,0.0,0.0,0.0
2,150,5.691420425078832,5.850760395056568,False,-12.351648330688477,-0.2155769318342209,-88.83516693115234,-1.5504661798477173,90.5934066772461,1.5811532735824585,78.989013671875,1.3786183595657349,92.48351287841797,1.614141821861267,0.7554945054945055,0.007554945054945055,-0.20973753929138184,-1.6577396392822266,1.588092565536499,1.3770256042480469,1.6190727949142456,1.7762184143066406e-05,-12.017075538635254,-0.20973753461005623,-92.83516693115234,-1.6202793245871683,90.99099731445312,1.5880924928105251,78.89775085449219,1.3770255248290582,92.76602935791016,1.6190726462972536,0.0017762184143066406,1.7762184143066406e-05,False,False,0.0,0.0,0.0,0.0,0.0,2.1463165283203125,2.1463165283203125,0.0,0.0,0.0,0.0,0.0,0.0,0.0,0.0,0.0
2,151,5.8522470340831205,5.864355992060155,False,-12.351648330688477,-0.2155769318342209,-86.989013671875,-1.518244743347168,90.5934066772461,1.5811532735824585,78.989013671875,1.3786183595657349,92.83516693115234,1.620279312133789,0.7554945054945055,0.007554945054945055,-0.21621054410934448,-1.6564983129501343,1.5806057453155518,1.3771939277648926,1.6142762899398804,4.8294663429260254e-05,-12.387950897216797,-0.21621053073181876,-90.989013671875,-1.5880578717163543,90.5620346069336,1.58060568119604,78.90739440917969,1.3771938366099512,92.4912109375,1.6142761600159663,0.004829466342926025,4.8294663429260254e-05,False,False,0.0,0.0,0.0,0.0,0.0,3.9213409423828125,3.9213409423828125,0.0,0.0,0.0,0.0,0.0,0.0,0.0,0.0,0.0
2,152,5.8858068770496175,5.896197788999416,False,-12.351648330688477,-0.2155769318342209,-86.9011001586914,-1.5167102813720703,90.5934066772461,1.5811532735824585,78.989013671875,1.3786183595657349,92.83516693115234,1.620279312133789,0.7554945054945055,0.007554945054945055,-0.22000257670879364,-1.6829153299331665,1.5948896408081055,1.3752158880233765,1.6149967908859253,0.00011865049600601196,-12.605218887329102,-0.22000257251846897,-90.9011001586914,-1.586523491454305,91.38043975830078,1.59488954570268,78.79405975341797,1.3752157737102948,92.5324935913086,1.6149966782488872,0.011865049600601196,0.00011865049600601196,False,False,0.0,0.0,0.0,0.0,0.0,5.5228424072265625,5.5228424072265625,0.0,0.0,0.0,0.0,0.0,0.0,0.0,0.0,0.0
2,153,5.919034006074071,5.929600292001851,False,-12.351648330688477,-0.2155769318342209,-87.25274658203125,-1.5228476524353027,90.68132019042969,1.5826876163482666,78.989013671875,1.3786183595657349,92.83516693115234,1.620279312133789,0.7554945054945055,0.007554945054945055,-0.21299363672733307,-1.6893208026885986,1.5882195234298706,1.3757399320602417,1.6169184446334839,0.0014348030090332031,-12.203636169433594,-0.21299363187208478,-91.25274658203125,-1.5926608793444472,90.9982681274414,1.5882193924364676,78.82408905029297,1.3757398838128225,92.6426010131836,1.6169184152914884,0.1434803009033203,0.0014348030090332031,False,False,0.0,0.0,0.0,0.0,0.0,5.538200378417969,5.538200378417969,0.0,0.0,0.0,0.0,0.0,0.0,0.0,0.0,0.0
2,154,5.952536888071336,5.96343071910087,False,-12.351648330688477,-0.2155769318342209,-88.48351287841797,-1.5443285703659058,91.38461303710938,1.5949623584747314,78.989013671875,1.3786183595657349,92.48351287841797,1.614141821861267,0.7554945054945055,0.007554945054945055,-0.21122795343399048,-1.6851311922073364,1.5815715789794922,1.3758341073989868,1.6126480102539062,0.0009752660989761353,-12.102469444274902,-0.21122793942460544,-92.48351287841797,-1.6141418035389719,90.61737060546875,1.5815714765653572,78.82948303222656,1.3758340265573568,92.39791870117188,1.612647903325492,0.09752660989761353,0.0009752660989761353,False,False,0.0,0.0,0.0,0.0,0.0,4.067390441894531,4.067390441894531,0.0,0.0,0.0,0.0,0.0,0.0,0.0,0.0,0.0
2,155,5.986057541100308,5.996729955077171,False,-12.351648330688477,-0.2155769318342209,-89.36264038085938,-1.559672236442566,91.64835357666016,1.5995655059814453,78.989013671875,1.3786183595657349,92.74725341796875,1.618744969367981,0.7554945054945055,0.007554945054945055,-0.20674321055412292,-1.6818526983261108,1.5899275541305542,1.3727973699569702,1.6115678548812866,0.0005424171686172485,-11.845512390136719,-0.20674319279366882,-93.36264038085938,-1.6294854730014088,91.09613037109375,1.5899274108015897,78.6554946899414,1.3727973571243939,92.33602905273438,1.6115677251873557,0.054241716861724854,0.0005424171686172485,False,False,0.0,0.0,0.0,0.0,0.0,3.0004119873046875,3.0004119873046875,0.0,0.0,0.0,0.0,0.0,0.0,0.0,0.0,0.0
2,156,6.019721795106307,6.03056754800491,False,-12.439560890197754,-0.21711128950119019,-90.32967376708984,-1.5765502452850342,91.64835357666016,1.5995655059814453,78.989013671875,1.3786183595657349,92.48351287841797,1.614141821861267,0.7554945054945055,0.007554945054945055,-0.21103253960609436,-1.6922383308410645,1.5932598114013672,1.3752100467681885,1.6245145797729492,3.063678741455078e-05,-12.091273307800293,-0.21103252997962088,-94.32967376708984,-1.6463633895678405,91.28705596923828,1.5932596911155514,78.7937240600586,1.3752099147558967,93.07782745361328,1.6245145496687214,0.003063678741455078,3.063678741455078e-05,False,False,0.0,0.0,0.0,0.0,0.0,2.6284332275390625,2.6284332275390625,0.0,0.0,0.0,0.0,0.0,0.0,0.0,0.0,0.0
2,157,6.053156430018134,6.063788482104428,False,-12.439560890197754,-0.21711128950119019,-91.38461303710938,-1.5949623584747314,91.64835357666016,1.5995655059814453,78.989013671875,1.3786183595657349,92.48351287841797,1.614141821861267,0.7554945054945055,0.007554945054945055,-0.21098089218139648,-1.6875866651535034,1.5883833169937134,1.37245774269104,1.6162221431732178,0.0007966160774230957,-12.088314056396484,-0.21098088129923015,-95.38461303710938,-1.6647755532382669,91.00765228271484,1.5883831768435073,78.63603210449219,1.3724576709273544,92.60269927978516,1.6162219986664326,0.07966160774230957,0.0007966160774230957,False,False,0.0,0.0,0.0,0.0,0.0,1.306976318359375,1.306976318359375,0.0,0.0,0.0,0.0,0.0,0.0,0.0,0.0,0.0
2,158,6.086630268022418,6.097547226003371,False,-12.439560890197754,-0.21711128950119019,-92.43955993652344,-1.6133747100830078,91.64835357666016,1.5995655059814453,78.989013671875,1.3786183595657349,92.48351287841797,1.614141821861267,0.7554945054945055,0.007554945054945055,-0.20988452434539795,-1.6912240982055664,1.5926674604415894,1.3730354309082031,1.622515320777893,0.0006720125675201416,-12.025496482849121,-0.20988450781271498,-96.43955993652344,-1.6831878500667476,91.25312042236328,1.5926674040891178,78.66912841796875,1.3730353105677926,92.96327209472656,1.6225151814803445,0.06720125675201416,0.0006720125675201416,False,False,0.0,0.0,0.0,0.0,0.0,0.46044158935546875,0.46044158935546875,0.0,0.0,0.0,0.0,0.0,0.0,0.0,0.0,0.0
2,159,6.119981504045427,6.130796639015898,False,-12.439560890197754,-0.21711128950119019,-93.31867980957031,-1.6287182569503784,91.56044006347656,1.5980311632156372,78.989013671875,1.3786183595657349,92.48351287841797,1.614141821861267,0.7554945054945055,0.007554945054945055,-0.21178603172302246,-1.6974836587905884,1.5905145406723022,1.3724247217178345,1.616586685180664,0.0008147954940795898,-12.134445190429688,-0.21178602147578837,-97.2586441040039,-1.6974835656402385,91.12976837158203,1.5905145046638978,78.63414001464844,1.3724246477298374,92.62358856201172,1.6165865854196646,0.08147954940795898,0.0008147954940795898,False,False,0.0,0.0,0.0,0.0,0.0,0.0,0.0,0.0,0.0,0.0,0.0,0.0,0.0,0.0,0.0,0.0
2,160,6.153360149008222,6.163999137002975,False,-12.439560890197754,-0.21711128950119019,-94.28571319580078,-1.6455961465835571,91.56044006347656,1.5980311632156372,78.989013671875,1.3786183595657349,92.48351287841797,1.614141821861267,0.7554945054945055,0.007554945054945055,-0.20841296017169952,-1.7072874307632446,1.593025803565979,1.3737376928329468,1.6250967979431152,-0.0010440275073051453,-11.941182136535645,-0.20841294486287806,-97.82035827636719,-1.7072873274030926,91.27365112304688,1.593025732413788,78.70936584472656,1.3737375861472465,93.1111831665039,1.6250967166830128,0.0,0.0,True,False,0.10440275073051453,0.0,0.0,0.0,0.0,0.0,0.0,0.0,0.0,0.0,0.0,0.0,0.0,0.0,0.0,0.0
2,161,6.186913071083836,6.197697924100794,False,-12.439560890197754,-0.21711128950119019,-95.25274658203125,-1.6624740362167358,91.56044006347656,1.5980311632156372,78.989013671875,1.3786183595657349,92.48351287841797,1.614141821861267,0.7554945054945055,0.007554945054945055,-0.20950770378112793,-1.6967177391052246,1.5982093811035156,1.3733065128326416,1.6185240745544434,-0.00014410167932510376,-12.00390625,-0.20950768716322557,-97.21475982666016,-1.6967176405107316,91.57064819335938,1.5982093091595182,78.68466186523438,1.3733064203667626,92.7345962524414,1.618524035112697,0.0,0.0,True,False,0.014410167932510376,0.0,0.0,0.0,0.0,0.0,0.0,0.0,0.0,0.0,0.0,0.0,0.0,0.0,0.0,0.0
2,162,6.220756267081015,6.2312768660485744,False,-12.439560890197754,-0.21711128950119019,-96.04395294189453,-1.6762832403182983,91.56044006347656,1.5980311632156372,78.989013671875,1.3786183595657349,92.48351287841797,1.614141821861267,0.7554945054945055,0.007554945054945055,-0.21242687106132507,-1.6855571269989014,1.5868936777114868,1.3726238012313843,1.6175373792648315,0.00030110031366348267,-12.171162605285645,-0.2124268612578455,-96.57530212402344,-1.685556998172482,90.92230224609375,1.5868935376877715,78.64554595947266,1.3726237190213209,92.67806243896484,1.6175373339288228,0.030110031366348267,0.00030110031366348267,False,False,0.0,0.0,0.0,0.0,0.0,0.0,0.0,0.0,0.0,0.0,0.0,0.0,0.0,0.0,0.0,0.0
2,163,6.254130759043619,6.2643359180074185,False,-12.439560890197754,-0.21711128950119019,-96.21977996826172,-1.6793519258499146,91.56044006347656,1.5980311632156372,78.989013671875,1.3786183595657349,92.48351287841797,1.614141821861267,0.7554945054945055,0.007554945054945055,-0.21376149356365204,-1.674062728881836,1.5617222785949707,1.3740744590759277,1.6225974559783936,-1.4312565326690674e-05,-12.247631072998047,-0.2137614877933819,-95.9167251586914,-1.6740626617496457,89.48008728027344,1.5617221380126696,78.7286605834961,1.374074342867087,92.96797943115234,1.6225973399999734,0.0,0.0,True,False,0.0014312565326690674,0.0,0.0,0.0,0.0,0.0,0.0,0.0,0.0,0.0,0.0,0.0,0.0,0.0,0.0,0.0
2,164,6.2875357700977474,6.2977216480067,False,-12.439560890197754,-0.21711128950119019,-96.13186645507812,-1.6778175830841064,91.47252655029297,1.5964967012405396,78.989013671875,1.3786183595657349,92.48351287841797,1.614141821861267,0.7554945054945055,0.007554945054945055,-0.2249235361814499,-1.5551728010177612,1.4108182191848755,1.3803902864456177,1.623072624206543,0.0002843812108039856,-12.887168884277344,-0.22492352829120374,-92.13186645507812,-1.6080044156488296,87.47252655029297,1.5266835933407696,79.09053039550781,1.3803901625502644,92.99520874023438,1.623072581096498,0.02843812108039856,0.0002843812108039856,False,False,0.0,0.0,0.0,0.0,0.0,3.0270309448242188,3.0270309448242188,0.0,6.638603210449219,6.638603210449219,0.0,0.0,0.0,0.0,0.0,0.0
2,165,6.321164994034916,6.331561145023443,False,-12.439560890197754,-0.21711128950119019,-96.13186645507812,-1.6778175830841064,91.47252655029297,1.5964967012405396,78.989013671875,1.3786183595657349,92.48351287841797,1.614141821861267,0.7554945054945055,0.007554945054945055,-0.23740121722221375,-1.5145237445831299,1.344275712966919,1.3784637451171875,1.6241592168807983,0.00039411336183547974,-13.602087020874023,-0.23740120365703837,-92.13186645507812,-1.6080044156488296,87.47252655029297,1.5266835933407696,78.98014831542969,1.378463631817701,93.05746459960938,1.6241591508212503,0.039411336183547974,0.00039411336183547974,False,False,0.0,0.0,0.0,0.0,0.0,5.356056213378906,5.356056213378906,0.0,10.451202392578125,10.451202392578125,0.0,0.0,0.0,0.0,0.0,0.0
2,166,6.35427269001957,6.364777167094871,False,-12.527472496032715,-0.21864564716815948,-95.95604705810547,-1.6747488975524902,91.03296661376953,1.588824987411499,78.989013671875,1.3786183595657349,92.48351287841797,1.614141821861267,0.7554945054945055,0.007554945054945055,-0.23551702499389648,-1.5166747570037842,1.317290186882019,1.3796201944351196,1.6222913265228271,9.243190288543701e-05,-13.494131088256836,-0.2355170171858073,-91.95604705810547,-1.604935788282786,87.03296661376953,1.5190118251885782,79.0464096069336,1.3796201095210678,92.950439453125,1.6222912096326687,0.009243190288543701,9.243190288543701e-05,False,False,0.0,0.0,0.0,0.0,0.0,5.0569915771484375,5.0569915771484375,0.0,11.55780029296875,11.55780029296875,0.0,0.0,0.0,0.0,0.0,0.0
2,167,6.388025091029704,6.399229786009528,False,-12.527472496032715,-0.21864564716815948,-94.989013671875,-1.6578710079193115,90.85713958740234,1.5857561826705933,78.989013671875,1.3786183595657349,92.48351287841797,1.614141821861267,0.7554945054945055,0.007554945054945055,-0.23741847276687622,-1.42316734790802,1.2498160600662231,1.3805440664291382,1.6263964176177979,0.0006954893469810486,-13.603075981140137,-0.23741846426985344,-90.989013671875,-1.5880578717163543,86.85713958740234,1.51594306466448,79.0993423461914,1.3805439601032163,93.1856460571289,1.6263963392949714,0.06954893469810486,0.0006954893469810486,False,False,0.0,0.0,0.0,0.0,0.0,9.447532653808594,9.447532653808594,0.0,15.247955322265625,15.247955322265625,0.0,0.0,0.0,0.0,0.0,0.0
2,168,6.421376491081901,6.43174391402863,False,-12.79120922088623,-0.22324872016906738,-93.75823974609375,-1.636389970779419,90.68132019042969,1.5826876163482666,78.989013671875,1.3786183595657349,92.48351287841797,1.614141821861267,0.7554945054945055,0.007554945054945055,-0.24731233716011047,-1.3511980772018433,1.2094087600708008,1.3804491758346558,1.6193205118179321,0.0002541765570640564,-14.169952392578125,-0.24731232410133638,-89.75823974609375,-1.566576814363775,86.68132019042969,1.5128744372984362,79.09391021728516,1.3804491515684096,92.78022766113281,1.6193204534366854,0.02541765570640564,0.0002541765570640564,False,False,0.0,0.0,0.0,0.0,0.0,12.340293884277344,12.340293884277344,0.0,17.387306213378906,17.387306213378906,0.0,0.0,0.0,0.0,0.0,0.0
2,169,6.454806634108536,6.4652975930366665,False,-13.318681716918945,-0.23245485126972198,-92.43955993652344,-1.6133747100830078,90.5934066772461,1.5811532735824585,78.989013671875,1.3786183595657349,92.48351287841797,1.614141821861267,0.7554945054945055,0.007554945054945055,-0.2396163046360016,-1.3114871978759766,1.1578593254089355,1.3795686960220337,1.6227937936782837,0.0015823766589164734,-13.729001998901367,-0.23961628789371178,-88.43955993652344,-1.5435615099072013,86.5934066772461,1.511340057036387,79.04345703125,1.379568577353975,92.97923278808594,1.6227937481303667,0.15823766589164734,0.0015823766589164734,False,False,0.0,0.0,0.0,0.0,0.0,13.296882629394531,13.296882629394531,0.0,20.252960205078125,20.252960205078125,0.0,0.0,0.0,0.0,0.0,0.0
2,170,6.488149349112064,6.499778401106596,False,-13.670330047607422,-0.238592267036438,-91.9120864868164,-1.6041685342788696,90.5934066772461,1.5811532735824585,78.989013671875,1.3786183595657349,92.48351287841797,1.614141821861267,0.7554945054945055,0.007554945054945055,-0.22986117005348206,-1.3411895036697388,1.1794533729553223,1.3822089433670044,1.6221098899841309,0.0021181702613830566,-13.170074462890625,-0.22986116211026517,-87.9120864868164,-1.5343553614929608,86.5934066772461,1.511340057036387,79.19473266601562,1.3822088352586794,92.94004821777344,1.6221098483624343,0.21181702613830566,0.0021181702613830566,False,False,0.0,0.0,0.0,0.0,0.0,11.067588806152344,11.067588806152344,0.0,19.015708923339844,19.015708923339844,0.0,0.0,0.0,0.0,0.0,0.0
2,171,6.52182971406728,6.533222852041945,False,-13.934065818786621,-0.2431953251361847,-91.20879364013672,-1.5918937921524048,90.5934066772461,1.5811532735824585,78.989013671875,1.3786183595657349,92.48351287841797,1.614141821861267,0.7554945054945055,0.007554945054945055,-0.22677397727966309,-1.323899269104004,1.1800328493118286,1.3801257610321045,1.625221610069275,0.0014005452394485474,-12.99319076538086,-0.22677395919561805,-87.20879364013672,-1.5220805857126767,86.5934066772461,1.511340057036387,79.07537841796875,1.3801257106540195,93.11833190917969,1.6252214857800829,0.14005452394485474,0.0014005452394485474,False,False,0.0,0.0,0.0,0.0,0.0,11.354957580566406,11.354957580566406,0.0,18.982505798339844,18.982505798339844,0.0,0.0,0.0,0.0,0.0,0.0
2,172,6.555147798033431,6.566531148040667,False,-13.84615421295166,-0.2416609823703766,-89.97801971435547,-1.5704126358032227,90.5934066772461,1.5811532735824585,78.989013671875,1.3786183595657349,92.48351287841797,1.614141821861267,0.7554945054945055,0.007554945054945055,-0.22493740916252136,-1.241344690322876,1.1354897022247314,1.3782262802124023,1.6258645057678223,0.001682870090007782,-12.88796329498291,-0.22493739337362897,-85.97801971435547,-1.5005995283600975,86.5934066772461,1.511340057036387,78.96654510498047,1.3782262110065204,93.15516662597656,1.625864372867228,0.1682870090007782,0.001682870090007782,False,False,0.0,0.0,0.0,0.0,0.0,14.854209899902344,14.854209899902344,0.0,21.534645080566406,21.534645080566406,0.0,0.0,0.0,0.0,0.0,0.0
2,173,6.588484172010794,6.599108760012314,False,-13.406593322753906,-0.2339891940355301,-88.74725341796875,-1.5489317178726196,90.5934066772461,1.5811532735824585,78.989013671875,1.3786183595657349,92.48351287841797,1.614141821861267,0.7554945054945055,0.007554945054945055,-0.23005226254463196,-1.1878600120544434,1.082350254058838,1.3794498443603516,1.6213299036026,0.00205230712890625,-13.181022644042969,-0.23005224391847834,-84.74725341796875,-1.4791186041655728,86.5934066772461,1.511340057036387,79.03665161132812,1.3794498003693574,92.89535522460938,1.62132980847915,0.205230712890625,0.00205230712890625,False,False,0.0,0.0,0.0,0.0,0.0,16.687889099121094,16.687889099121094,0.0,24.579307556152344,24.579307556152344,0.0,0.0,0.0,0.0,0.0,0.0
2,174,6.6226960780331865,6.6351248431019485,False,-13.05494499206543,-0.2278517782688141,-87.95604705810547,-1.5351226329803467,90.5054931640625,1.5796188116073608,78.989013671875,1.3786183595657349,92.48351287841797,1.614141821861267,0.7554945054945055,0.007554945054945055,-0.2321775257587433,-1.10646653175354,1.0069226026535034,1.3800396919250488,1.6132534742355347,0.0028189346194267273,-13.302791595458984,-0.23217751304738882,-83.95604705810547,-1.4653094481232396,86.5054931640625,1.509805676774338,79.07044219970703,1.3800395573927555,92.43260955810547,1.6132533729993213,0.28189346194267273,0.0028189346194267273,False,False,0.0,0.0,0.0,0.0,0.0,20.56018829345703,20.56018829345703,0.0,28.813079833984375,28.813079833984375,0.0,0.0,0.0,0.0,0.0,0.0
2,175,6.655825995025225,6.667466055019759,False,-12.967033386230469,-0.2263174206018448,-87.42857360839844,-1.5259164571762085,90.5054931640625,1.5796188116073608,78.989013671875,1.3786183595657349,92.48351287841797,1.614141821861267,0.7554945054945055,0.007554945054945055,-0.24703751504421234,-0.9866467714309692,0.9148037433624268,1.382554531097412,1.612955093383789,0.0022742226719856262,-14.154206275939941,-0.24703750252159704,-83.42857360839844,-1.456103299708999,86.5054931640625,1.509805676774338,79.21453857421875,1.3825545135681718,92.41551208496094,1.612954965799178,0.22742226719856262,0.0022742226719856262,False,False,0.0,0.0,0.0,0.0,0.0,26.89788055419922,26.89788055419922,0.0,34.091102600097656,34.091102600097656,0.0,0.0,0.0,0.0,0.0,0.0
2,176,6.6894528770353645,6.702087456011213,False,-12.967033386230469,-0.2263174206018448,-86.28571319580078,-1.505969762802124,90.32967376708984,1.5765502452850342,78.81318664550781,1.375549554824829,92.83516693115234,1.620279312133789,0.7554945054945055,0.007554945054945055,-0.2646970748901367,-0.8733301162719727,0.8227556943893433,1.3848152160644531,1.6113442182540894,0.0029533058404922485,-15.166024208068848,-0.26469705686796696,-82.28571319580078,-1.436156622618469,86.32967376708984,1.5067370494082941,79.34406280517578,1.3848151378594855,92.3232192993164,1.6113441528138435,0.29533058404922485,0.0029533058404922485,False,False,0.0,0.0,0.0,0.0,0.0,32.24758529663086,32.24758529663086,0.0,39.189247131347656,39.189247131347656,0.0,0.0,0.0,0.0,0.0,0.0
2,177,6.722825584001839,6.735802147071809,False,-13.230769157409668,-0.2309204787015915,-85.4945068359375,-1.492160677909851,90.32967376708984,1.5765502452850342,78.54945373535156,1.3709465265274048,92.83516693115234,1.620279312133789,0.7554945054945055,0.007554945054945055,-0.2604621648788452,-0.852514386177063,0.7684652805328369,1.384085774421692,1.616521954536438,0.0038127079606056213,-14.923381805419922,-0.2604621480367934,-81.4945068359375,-1.4223474665761358,86.32967376708984,1.5067370494082941,79.3022689819336,1.3840856980369127,92.61988067626953,1.6165218706051756,0.38127079606056213,0.0038127079606056213,False,False,0.0,0.0,0.0,0.0,0.0,32.64903259277344,32.64903259277344,0.0,42.29985809326172,42.29985809326172,0.0,0.0,0.0,0.0,0.0,0.0
2,178,6.756358147016726,6.769710366032086,False,-13.934065818786621,-0.2431953251361847,-84.79120635986328,-1.4798856973648071,90.06593322753906,1.5719470977783203,78.54945373535156,1.3709465265274048,92.83516693115234,1.620279312133789,0.7554945054945055,0.007554945054945055,-0.2686462998390198,-0.758531928062439,0.7023674249649048,1.3854851722717285,1.6084094047546387,0.0021255388855934143,-15.392298698425293,-0.26864629173795906,-80.79120635986328,-1.410072557637797,86.06593322753906,1.5021339086221466,79.3824462890625,1.385485056031695,92.15506744384766,1.6084093492925762,0.21255388855934143,0.0021255388855934143,False,False,0.0,0.0,0.0,0.0,0.0,37.33053207397461,37.33053207397461,0.0,45.823246002197266,45.823246002197266,0.0,0.0,0.0,0.0,0.0,0.0
2,179,6.789629155071452,6.825833167065866,False,-14.90109920501709,-0.2600732445716858,-83.82417297363281,-1.4630078077316284,89.80220031738281,1.567344069480896,78.54945373535156,1.3709465265274048,92.92308044433594,1.6218136548995972,0.7554945054945055,0.007554945054945055,-0.2747715413570404,-0.6680071353912354,0.6414850950241089,1.3842267990112305,1.602457880973816,0.0029999837279319763,-15.74324893951416,-0.27477152895562773,-79.82417297363281,-1.3931946410713654,85.80220031738281,1.4975309009940536,79.31034851074219,1.3842267124166325,91.81407165527344,1.6024578500465216,0.29999837279319763,0.0029999837279319763,False,False,0.0,0.0,0.0,0.0,0.0,41.55018615722656,41.55018615722656,0.0,49.047813415527344,49.047813415527344,0.0,0.0,0.0,0.0,0.0,0.0
2,180,6.827449094038457,6.989847240038216,False,-14.90109920501709,-0.2600732445716858,-83.03296661376953,-1.449198603630066,89.53845977783203,1.5627409219741821,78.54945373535156,1.3709465265274048,92.92308044433594,1.6218136548995972,0.7554945054945055,0.007554945054945055,-0.2550641596317291,-1.6438608169555664,1.5966660976409912,1.3644241094589233,1.6211826801300049,0.00044251978397369385,-14.614099502563477,-0.2550641535337982,-87.03296661376953,-1.5190118251885782,91.48222351074219,1.5966660073078174,78.17573547363281,1.3644239791830213,92.88691711425781,1.6211825356708687,0.044251978397369385,0.00044251978397369385,False,False,0.0,0.0,0.0,0.0,0.0,7.153312683105469,7.153312683105469,0.0,0.0,0.0,0.0,0.0,0.0,0.0,0.0,0.0
2,181,6.991300913039595,7.002548690070398,False,-15.252747535705566,-0.266210675239563,-81.18681335449219,-1.4169771671295166,88.83516693115234,1.5504661798477173,78.54945373535156,1.3709465265274048,92.83516693115234,1.620279312133789,0.7554945054945055,0.007554945054945055,-0.24832725524902344,-1.6337963342666626,1.589309573173523,1.3674845695495605,1.6201491355895996,-0.0005620196461677551,-14.228102684020996,-0.24832723814800878,-85.18681335449219,-1.4867903723177642,91.06072235107422,1.589309424270637,78.35108947753906,1.3674844839077405,92.82770538330078,1.6201490960098635,0.0,0.0,True,False,0.05620196461677551,0.0,0.0,0.0,0.0,8.422813415527344,8.422813415527344,0.0,0.0,0.0,0.0,0.0,0.0,0.0,0.0,0.0
2,182,7.024872766109183,7.035418266081251,False,-15.164834976196289,-0.2646763026714325,-81.18681335449219,-1.4169771671295166,88.83516693115234,1.5504661798477173,78.54945373535156,1.3709465265274048,92.83516693115234,1.620279312133789,0.7554945054945055,0.007554945054945055,-0.25196507573127747,-1.631895899772644,1.5823885202407837,1.3671319484710693,1.6218056678771973,0.0007419288158416748,-14.436534881591797,-0.2519650662627866,-85.18681335449219,-1.4867903723177642,90.66417694091797,1.582388401229739,78.33088684082031,1.3671318813794138,92.92261505126953,1.6218055822078927,0.07419288158416748,0.0007419288158416748,False,False,0.0,0.0,0.0,0.0,0.0,8.313926696777344,8.313926696777344,0.0,0.0,0.0,0.0,0.0,0.0,0.0,0.0,0.0
2,183,7.05820696009323,7.0690193850314245,False,-15.340659141540527,-0.2677450180053711,-81.53845977783203,-1.423114538192749,88.92308044433594,1.5520005226135254,78.54945373535156,1.3709465265274048,92.83516693115234,1.620279312133789,0.7554945054945055,0.007554945054945055,-0.2635838985443115,-1.6019235849380493,1.5693219900131226,1.3695948123931885,1.6255534887313843,0.0006585791707038879,-15.10224437713623,-0.2635838888218275,-85.53845977783203,-1.4929277602079063,89.91551971435547,1.5693218676573741,78.47200012207031,1.369594772755519,93.1373519897461,1.6255534488099612,0.0658579170703888,0.0006585791707038879,False,False,0.0,0.0,0.0,0.0,0.0,6.2449951171875,6.2449951171875,0.0,0.0,0.0,0.0,0.0,0.0,0.0,0.0,0.0
2,184,7.091770835104398,7.10210887901485,False,-15.076923370361328,-0.2631419599056244,-83.12088012695312,-1.4507330656051636,89.80220031738281,1.567344069480896,78.54945373535156,1.3709465265274048,92.83516693115234,1.620279312133789,0.7554945054945055,0.007554945054945055,-0.2590792179107666,-1.6267335414886475,1.5722837448120117,1.368579387664795,1.6226394176483154,0.0016170740127563477,-14.844144821166992,-0.2590792017722289,-87.12088012695312,-1.5205462054506276,90.08522033691406,1.572283702263706,78.413818359375,1.368579309431872,92.97038269042969,1.622639284787142,0.16170740127563477,0.0016170740127563477,False,False,0.0,0.0,0.0,0.0,0.0,6.084083557128906,6.084083557128906,0.0,0.0,0.0,0.0,0.0,0.0,0.0,0.0,0.0
2,185,7.125036798999645,7.135592641076073,False,-14.725275039672852,-0.2570045292377472,-84.35164642333984,-1.4722139835357666,90.4175796508789,1.5780844688415527,78.54945373535156,1.3709465265274048,92.83516693115234,1.620279312133789,0.7554945054945055,0.007554945054945055,-0.2577357292175293,-1.6256966590881348,1.5786529779434204,1.3683360815048218,1.6189112663269043,0.001934744417667389,-14.767168998718262,-0.25773572022606794,-88.35164642333984,-1.5420271296451522,90.45014953613281,1.5786529183267393,78.3998794555664,1.3683360296662932,92.75677490234375,1.6189111255771402,0.1934744417667389,0.001934744417667389,False,False,0.0,0.0,0.0,0.0,0.0,4.793907165527344,4.793907165527344,0.0,0.0,0.0,0.0,0.0,0.0,0.0,0.0,0.0
2,186,7.158470761030912,7.169004941009916,False,-14.637362480163574,-0.2554701566696167,-85.05494689941406,-1.484488844871521,90.5054931640625,1.5796188116073608,78.9011001586914,1.3770840167999268,92.74725341796875,1.618744969367981,0.7554945054945055,0.007554945054945055,-0.2516578733921051,-1.6527565717697144,1.5889471769332886,1.3686667680740356,1.6214122772216797,0.0008678287267684937,-14.418932914733887,-0.25165785398628915,-89.05494689941406,-1.554302038583491,91.03996276855469,1.5889471012043317,78.4188232421875,1.3686666611156266,92.90007781982422,1.6214122333148882,0.08678287267684937,0.0008678287267684937,False,False,0.0,0.0,0.0,0.0,0.0,5.641021728515625,5.641021728515625,0.0,0.0,0.0,0.0,0.0,0.0,0.0,0.0,0.0
2,187,7.1921820980496705,7.203286893083714,False,-14.725275039672852,-0.2570045292377472,-86.37362670898438,-1.5075041055679321,90.68132019042969,1.5826876163482666,79.25274658203125,1.3832213878631592,92.48351287841797,1.614141821861267,0.7554945054945055,0.007554945054945055,-0.25397324562072754,-1.646905779838562,1.5854464769363403,1.3677881956100464,1.6201534271240234,0.00036363303661346436,-14.551594734191895,-0.25397323952751766,-90.37362670898438,-1.5773173430400647,90.83938598632812,1.5854463759514226,78.36848449707031,1.3677880842720094,92.82794952392578,1.6201533570676077,0.036363303661346436,0.00036363303661346436,False,False,0.0,0.0,0.0,0.0,0.0,3.98712158203125,3.98712158203125,0.0,0.0,0.0,0.0,0.0,0.0,0.0,0.0,0.0
2,188,7.225922063109465,7.23659468407277,False,-14.813186645507812,-0.2585388720035553,-87.42857360839844,-1.5259164571762085,91.20879364013672,1.5918937921524048,79.25274658203125,1.3832213878631592,92.48351287841797,1.614141821861267,0.7554945054945055,0.007554945054945055,-0.2526240348815918,-1.6507335901260376,1.5850050449371338,1.3686758279800415,1.6243442296981812,0.0005519092082977295,-14.474289894104004,-0.25262401554025626,-91.42857360839844,-1.5957296398685454,90.81409454345703,1.5850049570007418,78.41934204101562,1.368675715863333,93.06806182861328,1.6243441073589564,0.05519092082977295,0.0005519092082977295,False,False,0.0,0.0,0.0,0.0,0.0,3.1514892578125,3.1514892578125,0.0,0.0,0.0,0.0,0.0,0.0,0.0,0.0,0.0
2,189,7.25885018100962,7.269271159078926,False,-14.90109920501709,-0.2600732445716858,-87.86813354492188,-1.533588171005249,91.38461303710938,1.5949623584747314,79.16483306884766,1.3816869258880615,92.48351287841797,1.614141821861267,0.7554945054945055,0.007554945054945055,-0.25227242708206177,-1.6303668022155762,1.5733941793441772,1.365370273590088,1.6194058656692505,0.0011507123708724976,-14.454144477844238,-0.25227241169733855,-91.86813354492188,-1.6034014080207366,90.14884185791016,1.5733941072802144,78.22994995117188,1.3653702003183266,92.78511810302734,1.6194058077496223,0.11507123708724976,0.0011507123708724976,False,False,0.0,0.0,0.0,0.0,0.0,1.5449981689453125,1.5449981689453125,0.0,0.0,0.0,0.0,0.0,0.0,0.0,0.0,0.0
2,190,7.292797063011676,7.303413443034515,False,-14.90109920501709,-0.2600732445716858,-89.0988998413086,-1.5550692081451416,91.38461303710938,1.5949623584747314,79.07691955566406,1.3801525831222534,92.48351287841797,1.614141821861267,0.7554945054945055,0.007554945054945055,-0.25142136216163635,-1.6408573389053345,1.5632240772247314,1.367933750152588,1.6252870559692383,0.0019394829869270325,-14.40538215637207,-0.25142134863673327,-93.0988998413086,-1.6248823322152612,89.5661392211914,1.5632240277094198,78.37682342529297,1.3679336260255823,93.12208557128906,1.625286999542899,0.19394829869270325,0.0019394829869270325,False,False,0.0,0.0,0.0,0.0,0.0,0.9152984619140625,0.9152984619140625,0.0,0.0,0.0,0.0,0.0,0.0,0.0,0.0,0.0
2,191,7.326157355098985,7.336537001072429,False,-14.813186645507812,-0.2585388720035553,-90.32967376708984,-1.5765502452850342,91.38461303710938,1.5949623584747314,78.989013671875,1.3786183595657349,92.3956069946289,1.6126075983047485,0.7554945054945055,0.007554945054945055,-0.2543225884437561,-1.6443296670913696,1.5826164484024048,1.3682907819747925,1.626814842224121,0.0008875876665115356,-14.571610450744629,-0.2543225796835088,-94.21314239501953,-1.644329533443347,90.67723846435547,1.5826163678190497,78.39728546142578,1.368290755927762,93.2096176147461,1.6268147219022229,0.08875876665115356,0.0008875876665115356,False,False,0.0,0.0,0.0,0.0,0.0,0.0,0.0,0.0,0.0,0.0,0.0,0.0,0.0,0.0,0.0,0.0
2,192,7.3593535530380905,7.370055195060559,False,-14.725275039672852,-0.2570045292377472,-91.56044006347656,-1.5980311632156372,91.38461303710938,1.5949623584747314,78.989013671875,1.3786183595657349,92.3956069946289,1.6126075983047485,0.7554945054945055,0.007554945054945055,-0.25208258628845215,-1.6548559665679932,1.5780766010284424,1.3684206008911133,1.6270720958709717,0.0022096484899520874,-14.443267822265625,-0.2520825782458863,-94.81625366210938,-1.6548558108099396,90.41712188720703,1.5780764771087916,78.40472412109375,1.3684205850309032,93.22435760498047,1.6270719832635245,0.22096484899520874,0.0022096484899520874,False,False,0.0,0.0,0.0,0.0,0.0,0.0,0.0,0.0,0.0,0.0,0.0,0.0,0.0,0.0,0.0,0.0
2,193,7.393861468997784,7.404641391010955,False,-14.725275039672852,-0.2570045292377472,-92.0879135131836,-1.6072373390197754,91.38461303710938,1.5949623584747314,78.989013671875,1.3786183595657349,92.57142639160156,1.6156761646270752,0.7554945054945055,0.007554945054945055,-0.2459273636341095,-1.6365489959716797,1.5852570533752441,1.368438720703125,1.621016025543213,0.0028403401374816895,-14.090599060058594,-0.24592734717644069,-93.76734161376953,-1.6365488420025716,90.82853698730469,1.585257025197918,78.40576171875,1.3684386945263158,92.87737274169922,1.6210159549446843,0.28403401374816895,0.0028403401374816895,False,False,0.0,0.0,0.0,0.0,0.0,0.0,0.0,0.0,0.0,0.0,0.0,0.0,0.0,0.0,0.0,0.0
2,194,7.427248859079555,7.440456527052447,False,-14.725275039672852,-0.2570045292377472,-92.79120635986328,-1.6195120811462402,91.38461303710938,1.5949623584747314,78.989013671875,1.3786183595657349,92.57142639160156,1.6156761646270752,0.7554945054945055,0.007554945054945055,-0.2499586045742035,-1.623235821723938,1.5607693195343018,1.3657557964324951,1.6213669776916504,0.0008795037865638733,-14.321572303771973,-0.24995859076325044,-93.00455474853516,-1.6232356997132653,89.42549133300781,1.5607692589746394,78.25203704833984,1.3657556928861154,92.89747619628906,1.6213668264183023,0.08795037865638733,0.0008795037865638733,False,False,0.0,0.0,0.0,0.0,0.0,0.0,0.0,0.0,0.0,0.0,0.0,0.0,0.0,0.0,0.0,0.0
2,195,7.460347192012705,7.474175295094028,False,-14.725275039672852,-0.2570045292377472,-93.75823974609375,-1.636389970779419,91.38461303710938,1.5949623584747314,78.989013671875,1.3786183595657349,92.57142639160156,1.6156761646270752,0.7554945054945055,0.007554945054945055,-0.2563667595386505,-1.6307121515274048,1.5803426504135132,1.3670743703842163,1.6212939023971558,0.0011178404092788696,-14.688732147216797,-0.2563667389124695,-93.43292236328125,-1.6307121249994994,90.54695892333984,1.58034256088034,78.32759094238281,1.3670743570998682,92.89329528808594,1.621293855804434,0.11178404092788696,0.0011178404092788696,False,False,0.0,0.0,0.0,0.0,0.0,0.0,0.0,0.0,0.0,0.0,0.0,0.0,0.0,0.0,0.0,0.0
2,196,7.4942526100203395,7.508474537055008,False,-14.725275039672852,-0.2570045292377472,-93.4945068359375,-1.6317869424819946,91.38461303710938,1.5949623584747314,78.989013671875,1.3786183595657349,92.57142639160156,1.6156761646270752,0.7554945054945055,0.007554945054945055,-0.25855857133865356,-1.5998564958572388,1.5537514686584473,1.3634968996047974,1.6244010925292969,3.8504600524902344e-05,-14.814313888549805,-0.2585585537791184,-91.66502380371094,-1.5998564742937322,89.02339935302734,1.553751430028117,78.12261199951172,1.3634967996495102,93.07131958007812,1.6244009658482295,0.0038504600524902344,3.8504600524902344e-05,False,False,0.0,0.0,0.0,0.0,0.0,0.0,0.0,0.0,0.0,0.0,0.0,0.0,0.0,0.0,0.0,0.0
2,197,7.52737731707748,7.541678414097987,False,-14.725275039672852,-0.2570045292377472,-92.79120635986328,-1.6195120811462402,91.38461303710938,1.5949623584747314,78.989013671875,1.3786183595657349,92.57142639160156,1.6156761646270752,0.7554945054945055,0.007554945054945055,-0.2548760175704956,-1.6244183778762817,1.5604621171951294,1.36695396900177,1.6265220642089844,0.002292238175868988,-14.60331916809082,-0.2548760012027841,-93.07231140136719,-1.624418276395315,89.40789031982422,1.5604620633428987,78.32068634033203,1.3669538490605422,93.1928482055664,1.626522040498423,0.2292238175868988,0.002292238175868988,False,False,0.0,0.0,0.0,0.0,0.0,0.0,0.0,0.0,0.0,0.0,0.0,0.0,0.0,0.0,0.0,0.0
2,198,7.560739653068595,7.571143328095786,False,-14.725275039672852,-0.2570045292377472,-92.87911987304688,-1.6210464239120483,91.38461303710938,1.5949623584747314,78.989013671875,1.3786183595657349,92.57142639160156,1.6156761646270752,0.7554945054945055,0.007554945054945055,-0.2605835199356079,-1.6286609172821045,1.550623893737793,1.3657461404800415,1.627213954925537,0.0014175698161125183,-14.93033504486084,-0.26058350495871696,-93.31539154052734,-1.6286608251698658,88.84420013427734,1.5506238136439279,78.2514877319336,1.3657461055061912,93.23249053955078,1.6272139297496258,0.14175698161125183,0.0014175698161125183,False,False,0.0,0.0,0.0,0.0,0.0,0.0,0.0,0.0,0.0,0.0,0.0,0.0,0.0,0.0,0.0,0.0
2,199,7.594029130996205,7.604521924047731,False,-14.725275039672852,-0.2570045292377472,-93.05494689941406,-1.624115228652954,91.38461303710938,1.5949623584747314,78.989013671875,1.3786183595657349,92.57142639160156,1.6156761646270752,0.7554945054945055,0.007554945054945055,-0.2585236132144928,-1.6393206119537354,1.552513837814331,1.367611289024353,1.6277178525924683,0.0011152476072311401,-14.812311172485352,-0.2585235997898111,-93.9261474609375,-1.6393205269070714,88.95248413085938,1.5525137259115027,78.35835266113281,1.3676112503756281,93.26136016845703,1.6277177998278687,0.11152476072311401,0.0011152476072311401,False,False,0.0,0.0,0.0,0.0,0.0,0.0,0.0,0.0,0.0,0.0,0.0,0.0,0.0,0.0,0.0,0.0
2,200,7.627690021996386,7.640403621015139,False,-14.725275039672852,-0.2570045292377472,-92.52747344970703,-1.614909052848816,91.38461303710938,1.5949623584747314,78.989013671875,1.3786183595657349,92.57142639160156,1.6156761646270752,0.7554945054945055,0.007554945054945055,-0.2981331944465637,-1.4640766382217407,1.32243013381958,1.366275668144226,1.6278523206710815,0.0011119022965431213,-17.08177375793457,-0.2981331941567231,-88.52747344970703,-1.5450958901692504,87.38461303710938,1.5251492130787205,78.28182220458984,1.366275541930899,93.2690658569336,1.6278522894629177,0.11119022965431213,0.0011119022965431213,False,False,0.0,0.0,0.0,0.0,0.0,4.642066955566406,4.642066955566406,0.0,11.614952087402344,11.614952087402344,0.0,0.0,0.0,0.0,0.0,0.0
2,201,7.660923008108512,7.675057009095326,False,-14.725275039672852,-0.2570045292377472,-92.96703338623047,-1.6225807666778564,91.38461303710938,1.5949623584747314,78.989013671875,1.3786183595657349,92.57142639160156,1.6156761646270752,0.7554945054945055,0.007554945054945055,-0.29005223512649536,-1.4302583932876587,1.302788257598877,1.3683592081069946,1.6313785314559937,0.003227643668651581,-16.6187686920166,-0.2900522313030412,-88.96703338623047,-1.5527676583214416,87.38461303710938,1.5251492130787205,78.40120697021484,1.3683591991677768,93.47109985351562,1.631378447904237,0.3227643668651581,0.003227643668651581,False,False,0.0,0.0,0.0,0.0,0.0,7.0192718505859375,7.0192718505859375,0.0,12.740348815917969,12.740348815917969,0.0,0.0,0.0,0.0,0.0,0.0
2,202,7.694650915102102,7.708553158096038,False,-14.813186645507812,-0.2585388720035553,-93.67032623291016,-1.6348556280136108,91.29669952392578,1.5934280157089233,78.989013671875,1.3786183595657349,92.57142639160156,1.6156761646270752,0.7554945054945055,0.007554945054945055,-0.2601322531700134,-1.5862237215042114,1.4664287567138672,1.3705897331237793,1.6260554790496826,0.0031651705503463745,-14.904479026794434,-0.260132232312003,-90.88391876220703,-1.5862236195155621,87.29669952392578,1.5236148328166712,78.52899932861328,1.3705895965807182,93.1661148071289,1.6260554546754413,0.31651705503463745,0.0031651705503463745,False,False,0.0,0.0,0.0,0.0,0.0,0.0,0.0,0.0,3.2765274047851562,3.2765274047851562,0.0,0.0,0.0,0.0,0.0,0.0
2,203,7.727833306067623,7.7412441140040755,False,-15.868131637573242,-0.2769511342048645,-92.17582702636719,-1.6087716817855835,90.85713958740234,1.5857561826705933,78.989013671875,1.3786183595657349,92.57142639160156,1.6156761646270752,0.7554945054945055,0.007554945054945055,-0.25271010398864746,-1.6612778902053833,1.561716079711914,1.3679040670394897,1.6248881816864014,0.0018568262457847595,-14.47922134399414,-0.2527100855777362,-95.1842041015625,-1.6612777574625568,89.479736328125,1.5617160127421623,78.3751220703125,1.367903931779428,93.09922790527344,1.624888058011605,0.18568262457847595,0.0018568262457847595,False,False,0.0,0.0,0.0,0.0,0.0,0.0,0.0,0.0,0.0,0.0,0.0,0.0,0.0,0.0,0.0,0.0
2,204,7.761431824066676,7.775187920080498,False,-16.483516693115234,-0.2876916229724884,-90.76923370361328,-1.5842219591140747,90.85713958740234,1.5857561826705933,78.989013671875,1.3786183595657349,93.010986328125,1.6233479976654053,0.7554945054945055,0.007554945054945055,-0.24810558557510376,-1.6434770822525024,1.5685664415359497,1.3659389019012451,1.6258584260940552,0.00222817063331604,-14.215402603149414,-0.24810557992153012,-94.16429901123047,-1.6434770555784126,89.87223052978516,1.5685663288561187,78.26252746582031,1.3659387852110583,93.15482330322266,1.6258583807547753,0.222817063331604,0.00222817063331604,False,False,0.0,0.0,0.0,0.0,0.0,0.0,0.0,0.0,0.0,0.0,0.0,0.0,0.0,0.0,0.0,0.0
2,205,7.794746836996637,7.808158289059065,False,-14.90109920501709,-0.2600732445716858,-90.32967376708984,-1.5765502452850342,90.85713958740234,1.5857561826705933,78.989013671875,1.3786183595657349,92.65933990478516,1.6172105073928833,0.7554945054945055,0.007554945054945055,-0.25063109397888184,-1.6632270812988281,1.5725406408309937,1.3666754961013794,1.6276123523712158,0.0032113194465637207,-14.360102653503418,-0.25063107222800907,-94.32967376708984,-1.6463633895678405,90.09993743896484,1.572540564150844,78.30473327636719,1.3666754155685743,93.25531005859375,1.627612205490647,0.32113194465637207,0.0032113194465637207,False,False,0.0,0.0,0.0,0.0,0.0,0.9662094116210938,0.9662094116210938,0.0,0.0,0.0,0.0,0.0,0.0,0.0,0.0,0.0
2,206,7.827960760099813,7.8391480260761455,False,-14.637362480163574,-0.2554701566696167,-91.9120864868164,-1.6041685342788696,91.03296661376953,1.588824987411499,78.989013671875,1.3786183595657349,92.48351287841797,1.614141821861267,0.7554945054945055,0.007554945054945055,-0.2496180534362793,-1.6375584602355957,1.5618253946304321,1.3669092655181885,1.6260015964508057,0.002911880612373352,-14.3020601272583,-0.24961803903885657,-93.82518005371094,-1.6375583132137659,89.48600006103516,1.56182533550491,78.31813049316406,1.3669092411122832,93.16302490234375,1.626001525663367,0.2911880612373352,0.002911880612373352,False,False,0.0,0.0,0.0,0.0,0.0,0.0,0.0,0.0,0.0,0.0,0.0,0.0,0.0,0.0,0.0,0.0
2,207,7.861776550067589,7.872338174027391,False,-15.428571701049805,-0.2692793607711792,-93.67032623291016,-1.6348556280136108,91.12088012695312,1.5903593301773071,78.989013671875,1.3786183595657349,93.010986328125,1.6233479976654053,0.7554945054945055,0.007554945054945055,-0.24308225512504578,-1.6537948846817017,1.561388373374939,1.3670645952224731,1.6321470737457275,0.002904921770095825,-13.927586555480957,-0.2430822422496386,-94.75546264648438,-1.6537948074316522,89.4609603881836,1.5613883107700282,78.3270263671875,1.367064503403835,93.51513671875,1.632147036194834,0.2904921770095825,0.002904921770095825,False,False,0.0,0.0,0.0,0.0,0.0,0.0,0.0,0.0,0.0,0.0,0.0,0.0,0.0,0.0,0.0,0.0
2,208,7.8947364810155705,7.907169196056202,False,-14.637362480163574,-0.2554701566696167,-93.5824203491211,-1.6333212852478027,91.12088012695312,1.5903593301773071,78.989013671875,1.3786183595657349,92.57142639160156,1.6156761646270752,0.7554945054945055,0.007554945054945055,-0.24869342148303986,-1.6420270204544067,1.5498520135879517,1.3692693710327148,1.6270962953567505,0.00292881578207016,-14.249082565307617,-0.24869340615313787,-94.08121490478516,-1.6420269643648644,88.79997253417969,1.5498518964019685,78.45335388183594,1.3692693344703115,93.22574615478516,1.6270962180294442,0.292881578207016,0.00292881578207016,False,False,0.0,0.0,0.0,0.0,0.0,0.0,0.0,0.0,0.0,0.0,0.0,0.0,0.0,0.0,0.0,0.0
2,209,7.928516561049037,7.939842103049159,False,-14.10988998413086,-0.2462640404701233,-93.4065933227539,-1.6302525997161865,91.12088012695312,1.5903593301773071,78.989013671875,1.3786183595657349,92.57142639160156,1.6156761646270752,0.7554945054945055,0.007554945054945055,-0.25236380100250244,-1.6543267965316772,1.548580288887024,1.3694294691085815,1.6319832801818848,0.003354974091053009,-14.459380149841309,-0.25236379141224186,-94.78593444824219,-1.6543266407013408,88.72711181640625,1.5485802369814556,78.4625244140625,1.3694293904518253,93.50575256347656,1.6319832517877941,0.3354974091053009,0.003354974091053009,False,False,0.0,0.0,0.0,0.0,0.0,0.0,0.0,0.0,0.0,0.0,0.0,0.0,0.0,0.0,0.0,0.0
2,210,7.961815224029124,8.128766957088374,False,-14.90109920501709,-0.2600732445716858,-93.67032623291016,-1.6348556280136108,91.12088012695312,1.5903593301773071,78.989013671875,1.3786183595657349,92.65933990478516,1.6172105073928833,0.7554945054945055,0.007554945054945055,-0.25564947724342346,-1.6402509212493896,1.5482428073883057,1.3759818077087402,1.6086554527282715,0.0017387941479682922,-14.647635459899902,-0.25564946640712716,-93.97944641113281,-1.6402507690758361,88.70777130126953,1.5482426813132881,78.83794403076172,1.3759816988398017,92.1691665649414,1.6086554253772996,0.17387941479682922,0.0017387941479682922,False,False,0.0,0.0,0.0,0.0,0.0,0.0,0.0,0.0,0.0,0.0,0.0,0.0,0.0,0.0,0.0,0.0
2,211,8.130227909074165,8.143636192078702,False,-14.461538314819336,-0.2524014711380005,-94.19779968261719,-1.6440616846084595,91.12088012695312,1.5903593301773071,78.989013671875,1.3786183595657349,92.83516693115234,1.620279312133789,0.7554945054945055,0.007554945054945055,-0.25846946239471436,-1.7229735851287842,1.6025197505950928,1.381556510925293,1.6101512908935547,0.003140270709991455,-14.809208869934082,-0.2584694543958984,-98.19779968261719,-1.7138749226755128,91.81761169433594,1.6025196353838114,79.15735626220703,1.3815564939496645,92.25486755371094,1.6101511898035425,0.3140270709991455,0.003140270709991455,False,False,0.0,0.0,0.0,0.0,0.0,0.5213088989257812,0.5213088989257812,0.0,0.0,0.0,0.0,0.0,0.0,0.0,0.0,0.0
2,212,8.163686735089868,8.176253334037028,False,-14.461538314819336,-0.2524014711380005,-94.19779968261719,-1.6440616846084595,91.12088012695312,1.5903593301773071,78.989013671875,1.3786183595657349,92.83516693115234,1.620279312133789,0.7554945054945055,0.007554945054945055,-0.25459009408950806,-1.7377005815505981,1.6051746606826782,1.3750680685043335,1.6095037460327148,0.002698741853237152,-14.586936950683594,-0.25459007757025043,-98.19779968261719,-1.7138749226755128,91.9697265625,1.6051745406745115,78.78559112548828,1.3750679682697955,92.21776580810547,1.6095036421844897,0.2698741853237152,0.002698741853237152,False,False,0.0,0.0,0.0,0.0,0.0,1.3651046752929688,1.3651046752929688,0.0,0.0,0.0,0.0,0.0,0.0,0.0,0.0,0.0
2,213,8.197342309053056,8.208103519049473,False,-14.461538314819336,-0.2524014711380005,-94.19779968261719,-1.6440616846084595,91.12088012695312,1.5903593301773071,79.07691955566406,1.3801525831222534,92.83516693115234,1.620279312133789,0.7554945054945055,0.007554945054945055,-0.2525688409805298,-1.7020626068115234,1.5885636806488037,1.3746389150619507,1.606353759765625,0.002186708152294159,-14.4711275100708,-0.2525688215266644,-97.52099609375,-1.7020624716604662,91.01799011230469,1.5885636060073602,78.76100158691406,1.3746387998601293,92.03728485107422,1.606353655247144,0.2186708152294159,0.002186708152294159,False,False,0.0,0.0,0.0,0.0,0.0,0.0,0.0,0.0,0.0,0.0,0.0,0.0,0.0,0.0,0.0,0.0
2,214,8.230526335071772,8.240648866049014,False,-14.461538314819336,-0.2524014711380005,-94.989013671875,-1.6578710079193115,91.47252655029297,1.5964967012405396,79.07691955566406,1.3801525831222534,92.83516693115234,1.620279312133789,0.7554945054945055,0.007554945054945055,-0.2524276375770569,-1.7079918384552002,1.6010339260101318,1.3754589557647705,1.6081628799438477,0.0027494728565216064,-14.463037490844727,-0.2524276240546197,-97.8607177734375,-1.7079917335114185,91.73248291015625,1.6010338578116563,78.80799102783203,1.3754589203178191,92.14093780517578,1.608162740575635,0.27494728565216064,0.0027494728565216064,False,False,0.0,0.0,0.0,0.0,0.0,0.0,0.0,0.0,0.0,0.0,0.0,0.0,0.0,0.0,0.0,0.0
2,215,8.263857915997505,8.273924660054035,False,-14.549450874328613,-0.2539358139038086,-96.21977996826172,-1.6793519258499146,91.56044006347656,1.5980311632156372,78.989013671875,1.3786183595657349,92.83516693115234,1.620279312133789,0.7554945054945055,0.007554945054945055,-0.24515727162361145,-1.7202439308166504,1.5924326181411743,1.374434471130371,1.6095750331878662,0.001779220998287201,-14.046476364135742,-0.24515726085773065,-98.56271362304688,-1.7202438724224371,91.23966217041016,1.592432513280973,78.7492904663086,1.3744344022464656,92.22184753417969,1.6095748817436495,0.1779220998287201,0.001779220998287201,False,False,0.0,0.0,0.0,0.0,0.0,0.0,0.0,0.0,0.0,0.0,0.0,0.0,0.0,0.0,0.0,0.0
2,216,8.297266252106056,8.308451967081055,False,-14.813186645507812,-0.2585388720035553,-96.48351287841797,-1.6839549541473389,91.56044006347656,1.5980311632156372,78.989013671875,1.3786183595657349,92.83516693115234,1.620279312133789,0.7554945054945055,0.007554945054945055,-0.24636143445968628,-1.7229334115982056,1.6129392385482788,1.3756625652313232,1.6118485927581787,0.0014715641736984253,-14.115469932556152,-0.2463614257893668,-98.71680450439453,-1.7229332656492538,92.41460418701172,1.612939119990692,78.81965637207031,1.3756625189831557,92.35211944580078,1.6118485555243045,0.14715641736984253,0.0014715641736984253,False,False,0.0,0.0,0.0,0.0,0.0,0.0,0.0,0.0,0.0,0.0,0.0,0.0,0.0,0.0,0.0,0.0
2,217,8.330927481059916,8.341975858085789,False,-14.813186645507812,-0.2585388720035553,-96.83516693115234,-1.6900924444198608,91.56044006347656,1.5980311632156372,78.989013671875,1.3786183595657349,92.83516693115234,1.620279312133789,0.7554945054945055,0.007554945054945055,-0.24655362963676453,-1.7253661155700684,1.603488564491272,1.3748722076416016,1.609925627708435,0.0019321367144584656,-14.126482009887695,-0.24655362279628645,-98.85619354248047,-1.7253660633050412,91.87312316894531,1.6034884933883824,78.77436828613281,1.3748720927716203,92.24193572998047,1.6099254869011583,0.19321367144584656,0.0019321367144584656,False,False,0.0,0.0,0.0,0.0,0.0,0.0,0.0,0.0,0.0,0.0,0.0,0.0,0.0,0.0,0.0,0.0
2,218,8.364077491103671,8.374718860024586,False,-14.637362480163574,-0.2554701566696167,-97.18681335449219,-1.6962298154830933,91.47252655029297,1.5964967012405396,78.989013671875,1.3786183595657349,92.83516693115234,1.620279312133789,0.7554945054945055,0.007554945054945055,-0.2529912292957306,-1.710262656211853,1.5926296710968018,1.3750182390213013,1.6130412817001343,0.0030060410499572754,-14.495328903198242,-0.25299121552030773,-97.99082946777344,-1.710262610972929,91.2509536743164,1.5926295872016387,78.7827377319336,1.375018167157411,92.42045593261719,1.6130412522184965,0.30060410499572754,0.0030060410499572754,False,False,0.0,0.0,0.0,0.0,0.0,0.0,0.0,0.0,0.0,0.0,0.0,0.0,0.0,0.0,0.0,0.0
2,219,8.397474002093077,8.407801979104988,False,-14.637362480163574,-0.2554701566696167,-97.45054626464844,-1.7008328437805176,91.47252655029297,1.5964967012405396,78.989013671875,1.3786183595657349,92.83516693115234,1.620279312133789,0.7554945054945055,0.007554945054945055,-0.24241088330745697,-1.7306867837905884,1.6039265394210815,1.374884009361267,1.618370771408081,0.0022935569286346436,-13.889120101928711,-0.24241087598358643,-99.16104125976562,-1.730686659688856,91.8982162475586,1.6039264502296458,78.7750473022461,1.374883943838471,92.7258071899414,1.6183706370339086,0.22935569286346436,0.0022935569286346436,False,False,0.0,0.0,0.0,0.0,0.0,0.0,0.0,0.0,0.0,0.0,0.0,0.0,0.0,0.0,0.0,0.0
2,220,8.430915733100846,8.441350048058666,False,-14.637362480163574,-0.2554701566696167,-97.45054626464844,-1.7008328437805176,91.47252655029297,1.5964967012405396,78.989013671875,1.3786183595657349,92.83516693115234,1.620279312133789,0.7554945054945055,0.007554945054945055,-0.2441488802433014,-1.7205158472061157,1.589558720588684,1.3750931024551392,1.6093586683273315,0.002966485917568207,-13.988699913024902,-0.24414887155572895,-98.57829284667969,-1.7205157811697342,91.07500457763672,1.5895586961486683,78.78702545166016,1.3750930019840422,92.20945739746094,1.6093586330631349,0.2966485917568207,0.002966485917568207,False,False,0.0,0.0,0.0,0.0,0.0,0.0,0.0,0.0,0.0,0.0,0.0,0.0,0.0,0.0,0.0,0.0
2,221,8.464294133009389,8.475333832087927,False,-14.461538314819336,-0.2524014711380005,-97.53845977783203,-1.7023673057556152,91.47252655029297,1.5964967012405396,78.989013671875,1.3786183595657349,92.83516693115234,1.620279312133789,0.7554945054945055,0.007554945054945055,-0.24479801952838898,-1.7020803689956665,1.5859640836715698,1.3753141164779663,1.61605703830719,0.0033115819096565247,-14.02589225769043,-0.24479800042667896,-97.52201843261719,-1.7020803148397698,90.8690414428711,1.5859639613092793,78.79969024658203,1.3753140443545189,92.59324645996094,1.6160570158369023,0.33115819096565247,0.0033115819096565247,False,False,0.0,0.0,0.0,0.0,0.0,0.0,0.0,0.0,0.0,0.0,0.0,0.0,0.0,0.0,0.0,0.0
2,222,8.497746233013459,8.5083116220776,False,-14.461538314819336,-0.2524014711380005,-97.71428680419922,-1.7054359912872314,91.47252655029297,1.5964967012405396,78.989013671875,1.3786183595657349,92.83516693115234,1.620279312133789,0.7554945054945055,0.007554945054945055,-0.24646145105361938,-1.718943476676941,1.588000774383545,1.3751991987228394,1.6113362312316895,0.0013891831040382385,-14.121200561523438,-0.24646144413305607,-98.48819732666016,-1.718943317704097,90.9857406616211,1.588000746910972,78.79310607910156,1.375199128953482,92.32276153564453,1.6113361633305734,0.13891831040382385,0.0013891831040382385,False,False,0.0,0.0,0.0,0.0,0.0,0.0,0.0,0.0,0.0,0.0,0.0,0.0,0.0,0.0,0.0,0.0
2,223,8.531152286101133,8.541649137041532,False,-14.461538314819336,-0.2524014711380005,-97.62637329101562,-1.7039016485214233,91.47252655029297,1.5964967012405396,78.989013671875,1.3786183595657349,92.83516693115234,1.620279312133789,0.7554945054945055,0.007554945054945055,-0.24655133485794067,-1.6520193815231323,1.5206212997436523,1.3755125999450684,1.6134874820709229,0.0027868226170539856,-14.126350402832031,-0.24655132581984626,-94.65373229980469,-1.6520192779328962,87.47252655029297,1.5266835933407696,78.81106567382812,1.3755125830137842,92.44601440429688,1.6134873317010847,0.27868226170539856,0.0027868226170539856,False,False,0.0,0.0,0.0,0.0,0.0,0.0,0.0,0.0,0.34735107421875,0.34735107421875,0.0,0.0,0.0,0.0,0.0,0.0
2,224,8.564415566041134,8.575516575016081,False,-14.461538314819336,-0.2524014711380005,-97.53845977783203,-1.7023673057556152,91.47252655029297,1.5964967012405396,78.989013671875,1.3786183595657349,92.83516693115234,1.620279312133789,0.7554945054945055,0.007554945054945055,-0.24610717594623566,-1.66925048828125,1.5433661937713623,1.3762872219085693,1.608783483505249,0.0033335164189338684,-14.10090160369873,-0.24610716048429146,-95.64100646972656,-1.669250462817927,88.4283676147461,1.543366167041244,78.8554458618164,1.3762871634168339,92.17649841308594,1.6087833902676778,0.33335164189338684,0.0033335164189338684,False,False,0.0,0.0,0.0,0.0,0.0,0.0,0.0,0.0,0.0,0.0,0.0,0.0,0.0,0.0,0.0,0.0
2,225,8.597905270056799,8.6084372010082,False,-14.461538314819336,-0.2524014711380005,-97.62637329101562,-1.7039016485214233,91.38461303710938,1.5949623584747314,78.989013671875,1.3786183595657349,92.83516693115234,1.620279312133789,0.7554945054945055,0.007554945054945055,-0.2506508231163025,-1.5287619829177856,1.4106760025024414,1.3762764930725098,1.6153303384780884,0.003415703773498535,-14.361233711242676,-0.2506508129095893,-93.62637329101562,-1.6340884806295017,87.38461303710938,1.5251492130787205,78.85482788085938,1.376276377614419,92.55160522460938,1.6153302391754196,0.3415703773498535,0.003415703773498535,False,False,0.0,0.0,0.0,0.0,0.0,6.034767150878906,6.034767150878906,0.0,6.558837890625,6.558837890625,0.0,0.0,0.0,0.0,0.0,0.0
2,226,8.631219643051736,8.641680331085809,False,-14.461538314819336,-0.2524014711380005,-96.92308044433594,-1.6916269063949585,91.03296661376953,1.588824987411499,78.989013671875,1.3786183595657349,92.83516693115234,1.620279312133789,0.7554945054945055,0.007554945054945055,-0.25684893131256104,-1.533462405204773,1.406073808670044,1.37833833694458,1.6165225505828857,0.0023000389337539673,-14.71635913848877,-0.2568489208725852,-92.92308044433594,-1.6218137048492176,87.03296661376953,1.5190118251885782,78.97296142578125,1.3783381969303583,92.61991119384766,1.6165224032373935,0.23000389337539673,0.0023000389337539673,False,False,0.0,0.0,0.0,0.0,0.0,5.062164306640625,5.062164306640625,0.0,6.470878601074219,6.470878601074219,0.0,0.0,0.0,0.0,0.0,0.0
2,227,8.664742781082168,8.67651416209992,False,-14.373626708984375,-0.25086709856987,-96.13186645507812,-1.6778175830841064,90.94505310058594,1.587290644645691,78.989013671875,1.3786183595657349,92.83516693115234,1.620279312133789,0.7554945054945055,0.007554945054945055,-0.2557910680770874,-1.4860237836837769,1.3568638563156128,1.3771950006484985,1.6137619018554688,0.002653181552886963,-14.655747413635254,-0.2557910467085785,-92.13186645507812,-1.6080044156488296,86.94505310058594,1.5174774449265291,78.90745544433594,1.3771949018743872,92.46173858642578,1.6137617704514176,0.2653181552886963,0.002653181552886963,False,False,0.0,0.0,0.0,0.0,0.0,6.988983154296875,6.988983154296875,0.0,9.202484130859375,9.202484130859375,0.0,0.0,0.0,0.0,0.0,0.0
2,228,8.698060204042122,8.709310970036313,False,-14.373626708984375,-0.25086709856987,-95.34066009521484,-1.664008378982544,90.94505310058594,1.587290644645691,78.989013671875,1.3786183595657349,92.83516693115234,1.620279312133789,0.7554945054945055,0.007554945054945055,-0.26649928092956543,-1.301797866821289,1.2058547735214233,1.3794361352920532,1.6179609298706055,0.001728944480419159,-15.269283294677734,-0.26649926791189404,-91.34066009521484,-1.5941952596064963,86.94505310058594,1.5174774449265291,79.0358657836914,1.3794360850897434,92.70232391357422,1.6179607765421453,0.1728944480419159,0.001728944480419159,False,False,0.0,0.0,0.0,0.0,0.0,16.753143310546875,16.753143310546875,0.0,17.85466766357422,17.85466766357422,0.0,0.0,0.0,0.0,0.0,0.0
2,229,8.731527281110175,8.741768602048978,False,-14.373626708984375,-0.25086709856987,-94.28571319580078,-1.6455961465835571,90.85713958740234,1.5857561826705933,78.989013671875,1.3786183595657349,92.83516693115234,1.620279312133789,0.7554945054945055,0.007554945054945055,-0.2701399028301239,-1.1909536123275757,1.1162080764770508,1.3793293237686157,1.6139559745788574,0.0024045705795288086,-15.477875709533691,-0.2701398923458164,-90.28571319580078,-1.5757829627780156,86.85713958740234,1.51594306466448,79.02974700927734,1.3793292923300313,92.47286224365234,1.6139559148948843,0.24045705795288086,0.0024045705795288086,False,False,0.0,0.0,0.0,0.0,0.0,22.049102783203125,22.049102783203125,0.0,22.90312957763672,22.90312957763672,0.0,0.0,0.0,0.0,0.0,0.0
2,230,8.764974470017478,8.775157088064589,False,-14.373626708984375,-0.25086709856987,-93.31867980957031,-1.6287182569503784,90.68132019042969,1.5826876163482666,78.989013671875,1.3786183595657349,92.83516693115234,1.620279312133789,0.7554945054945055,0.007554945054945055,-0.279451847076416,-1.0033977031707764,0.9618408679962158,1.3837960958480835,1.6090978384017944,0.0030063241720199585,-16.011409759521484,-0.2794518181896034,-89.31867980957031,-1.5589050462115839,86.68132019042969,1.5128744372984362,79.28567504882812,1.3837960792683668,92.19451141357422,1.6090977764343617,0.30063241720199585,0.0030063241720199585,False,False,0.0,0.0,0.0,0.0,0.0,31.828227996826172,31.828227996826172,0.0,31.5718994140625,31.5718994140625,0.0,0.0,0.0,0.0,0.0,0.0
2,231,8.798514325055294,8.80942484003026,False,-14.549450874328613,-0.2539358139038086,-92.52747344970703,-1.614909052848816,90.68132019042969,1.5826876163482666,78.989013671875,1.3786183595657349,92.83516693115234,1.620279312133789,0.7554945054945055,0.007554945054945055,-0.27516376972198486,-0.8920631408691406,0.8611440658569336,1.3808372020721436,1.6066524982452393,0.002309538424015045,-15.765722274780273,-0.2751637626499259,-88.52747344970703,-1.5450958901692504,86.68132019042969,1.5128744372984362,79.11614227294922,1.3808371741392342,92.05440521240234,1.6066524619214508,0.23095384240150452,0.002309538424015045,False,False,0.0,0.0,0.0,0.0,0.0,37.41602325439453,37.41602325439453,0.0,37.34140396118164,37.34140396118164,0.0,0.0,0.0,0.0,0.0,0.0
2,232,8.831856393022463,8.84234940900933,False,-15.252747535705566,-0.266210675239563,-91.38461303710938,-1.5949623584747314,90.68132019042969,1.5826876163482666,78.989013671875,1.3786183595657349,92.83516693115234,1.620279312133789,0.7554945054945055,0.007554945054945055,-0.2789660692214966,-0.7784092426300049,0.7683364748954773,1.3824695348739624,1.6102749109268188,0.0043533071875572205,-15.983577728271484,-0.27896605760677295,-87.38461303710938,-1.5251492130787205,86.68132019042969,1.5128744372984362,79.20966339111328,1.3824694255713437,92.26194763183594,1.6102747604781222,0.43533071875572205,0.0043533071875572205,False,False,0.0,0.0,0.0,0.0,0.0,42.78504943847656,42.78504943847656,0.0,42.65888595581055,42.65888595581055,0.0,0.0,0.0,0.0,0.0,0.0
2,233,8.865278720040806,8.876237789052539,False,-15.780220031738281,-0.2754167914390564,-90.5054931640625,-1.5796188116073608,90.68132019042969,1.5826876163482666,78.989013671875,1.3786183595657349,92.83516693115234,1.620279312133789,0.7554945054945055,0.007554945054945055,-0.28214412927627563,-0.6535691022872925,0.6605051755905151,1.3843227624893188,1.6109462976455688,0.0032460466027259827,-16.165666580200195,-0.2821441076041054,-86.5054931640625,-1.509805676774338,86.68132019042969,1.5128744372984362,79.31584930419922,1.3843227193739298,92.3004150390625,1.6109461433889312,0.32460466027259827,0.0032460466027259827,False,False,0.0,0.0,0.0,0.0,0.0,49.05874252319336,49.05874252319336,0.0,48.837162017822266,48.837162017822266,0.0,0.0,0.0,0.0,0.0,0.0
2,234,8.89852480799891,8.909310522023588,False,-15.780220031738281,-0.2754167914390564,-89.71428680419922,-1.565809726715088,90.68132019042969,1.5826876163482666,78.989013671875,1.3786183595657349,92.92308044433594,1.6218136548995972,0.7554945054945055,0.007554945054945055,-0.2842015027999878,-0.5185359716415405,0.5651218891143799,1.386621117591858,1.6050565242767334,0.00324375182390213,-16.283546447753906,-0.2842014994147325,-85.71428680419922,-1.4959965207320045,86.68132019042969,1.5128744372984362,79.4475326538086,1.3866210273946682,91.96295928955078,1.6050564294801664,0.324375182390213,0.00324375182390213,False,False,0.0,0.0,0.0,0.0,0.0,56.004364013671875,56.004364013671875,0.0,54.302223205566406,54.302223205566406,0.0,0.0,0.0,0.0,0.0,0.0
2,235,8.932038311031647,8.942265393096022,False,-15.428571701049805,-0.2692793607711792,-88.65933990478516,-1.5473973751068115,90.68132019042969,1.5826876163482666,78.989013671875,1.3786183595657349,92.83516693115234,1.620279312133789,0.7554945054945055,0.007554945054945055,-0.28945738077163696,-0.40163034200668335,0.45678606629371643,1.3880549669265747,1.6104267835617065,0.004243582487106323,-16.584686279296875,-0.2894573809840584,-84.65933990478516,-1.4775842239035237,86.68132019042969,1.5128744372984362,79.5296859741211,1.3880548733255669,92.2706527709961,1.6104266938183112,0.4243582487106323,0.004243582487106323,False,False,0.0,0.0,0.0,0.0,0.0,61.647613525390625,61.64761734008789,0.0,60.50940704345703,60.50940704345703,0.0,0.0,0.0,0.0,0.0,0.0
2,236,8.965509322006255,8.975771273020655,False,-15.516483306884766,-0.2708137333393097,-87.69230651855469,-1.5305194854736328,90.68132019042969,1.5826876163482666,79.07691955566406,1.3801525831222534,92.83516693115234,1.620279312133789,0.7554945054945055,0.007554945054945055,-0.2733544111251831,-0.3691084384918213,0.40968114137649536,1.3864002227783203,1.6068964004516602,0.005763992667198181,-15.662053108215332,-0.2733543943605693,-83.69230651855469,-1.460706307337092,86.68132019042969,1.5128744372984362,79.43487548828125,1.386400118182246,92.06837463378906,1.6068962743192476,0.5763992667198181,0.005763992667198181,False,False,0.0,0.0,0.0,0.0,0.0,62.54395294189453,62.54395294189453,0.0,63.20832061767578,63.20832061767578,0.0,0.0,0.0,0.0,0.0,0.0
2,237,8.998731144005433,9.0091767370468,False,-16.131868362426758,-0.2815542221069336,-86.9011001586914,-1.5167102813720703,90.5934066772461,1.5811532735824585,79.07691955566406,1.3801525831222534,93.18681335449219,1.6264166831970215,0.7554945054945055,0.007554945054945055,-0.2822076678276062,-0.2808072566986084,0.33614426851272583,1.387610673904419,1.6118172407150269,0.0038117095828056335,-16.169307708740234,-0.2822076572856174,-82.9011001586914,-1.4468971512947586,86.5934066772461,1.511340057036387,79.50423431396484,1.3876106580557417,92.3503189086914,1.6118171302234416,0.38117095828056335,0.0038117095828056335,False,False,0.0,0.0,0.0,0.0,0.0,66.81202697753906,66.81202697753906,0.0,67.33375549316406,67.33375549316406,0.0,0.0,0.0,0.0,0.0,0.0
2,238,9.032291640061885,9.04278693406377,False,-16.483516693115234,-0.2876916229724884,-86.02198028564453,-1.5013667345046997,90.5934066772461,1.5811532735824585,78.63735961914062,1.372480869293213,93.0988998413086,1.6248823404312134,0.7554945054945055,0.007554945054945055,-0.28150516748428345,-0.21135351061820984,0.28440332412719727,1.386589527130127,1.6062932014465332,0.004008039832115173,-16.129056930541992,-0.2815051486795681,-82.02198028564453,-1.431553614990376,86.5934066772461,1.511340057036387,79.44572448730469,1.3865894689357507,92.0338134765625,1.6062930683323446,0.40080398321151733,0.004008039832115173,False,False,0.0,0.0,0.0,0.0,0.0,69.91231536865234,69.91231536865234,0.0,70.29829406738281,70.29829406738281,0.0,0.0,0.0,0.0,0.0,0.0
2,239,9.06552093301434,9.07583526801318,False,-15.868131637573242,-0.2769511342048645,-85.14286041259766,-1.486023187637329,90.5934066772461,1.5811532735824585,78.54945373535156,1.3709465265274048,93.0988998413086,1.6248823404312134,0.7554945054945055,0.007554945054945055,-0.28321975469589233,-0.14964403212070465,0.22217009961605072,1.3870359659194946,1.6125825643539429,0.0038151815533638,-16.227294921875,-0.2832197250788748,-81.14286041259766,-1.4162100786859937,86.5934066772461,1.511340057036387,79.47130584716797,1.3870359478925025,92.39417266845703,1.6125825227207304,0.38151815533638,0.0038151815533638,False,False,0.0,0.0,0.0,0.0,0.0,72.56889343261719,72.56889343261719,0.0,73.86399841308594,73.86399841308594,0.0,0.0,0.0,0.0,0.0,0.0
2,240,9.098878465010785,9.259450211073272,False,-15.692307472229004,-0.2738824188709259,-84.35164642333984,-1.4722139835357666,90.5934066772461,1.5811532735824585,78.54945373535156,1.3709465265274048,93.010986328125,1.6233479976654053,0.7554945054945055,0.007554945054945055,-0.2613385021686554,-1.6340501308441162,1.6004046201705933,1.3653265237808228,1.6165554523468018,0.001129351556301117,-14.973592758178711,-0.2613384944829976,-88.35164642333984,-1.5420271296451522,91.69642639160156,1.6004045528460706,78.2274398803711,1.3653263913183946,92.6218032836914,1.6165554264349107,0.1129351556301117,0.001129351556301117,False,False,0.0,0.0,0.0,0.0,0.0,5.27252197265625,5.27252197265625,0.0,0.0,0.0,0.0,0.0,0.0,0.0,0.0,0.0
2,241,9.260904223076068,9.272145091090351,False,-16.30769157409668,-0.2846229076385498,-82.5934066772461,-1.4415268898010254,89.80220031738281,1.567344069480896,78.54945373535156,1.3709465265274048,93.010986328125,1.6233479976654053,0.7554945054945055,0.007554945054945055,-0.2625995874404907,-1.6584287881851196,1.6164782047271729,1.3644343614578247,1.6197094917297363,0.0010326281189918518,-15.045846939086914,-0.26259956783817734,-86.5934066772461,-1.511340057036387,92.61737060546875,1.6164780616052439,78.17632293701172,1.3644342323532181,92.8025131225586,1.6197094081138914,0.10326281189918518,0.0010326281189918518,False,False,0.0,0.0,0.0,0.0,0.0,8.427558898925781,8.427558898925781,0.0,0.0,0.0,0.0,0.0,0.0,0.0,0.0,0.0
2,242,9.294593612081371,9.305950912996195,False,-16.30769157409668,-0.2846229076385498,-82.4175796508789,-1.4384580850601196,89.80220031738281,1.567344069480896,78.54945373535156,1.3709465265274048,93.010986328125,1.6233479976654053,0.7554945054945055,0.007554945054945055,-0.2699386179447174,-1.6447665691375732,1.5960521697998047,1.3658010959625244,1.6231359243392944,0.0006065145134925842,-15.46634292602539,-0.26993860730167685,-86.4175796508789,-1.5082712965122889,91.44705200195312,1.596052148676554,78.25463104248047,1.3658009666246467,92.99883270263672,1.6231358311723874,0.06065145134925842,0.0006065145134925842,False,False,0.0,0.0,0.0,0.0,0.0,7.820594787597656,7.820594787597656,0.0,0.0,0.0,0.0,0.0,0.0,0.0,0.0,0.0
2,243,9.327821248094551,9.33985049300827,False,-16.21977996826172,-0.2830885648727417,-82.85713958740234,-1.4461299180984497,89.97801971435547,1.5704126358032227,78.54945373535156,1.3709465265274048,93.010986328125,1.6233479976654053,0.7554945054945055,0.007554945054945055,-0.2642100155353546,-1.65457284450531,1.5977964401245117,1.3628885746002197,1.6235612630844116,0.0020553693175315857,-15.138117790222168,-0.2642099979941051,-86.85713958740234,-1.51594306466448,91.54698944091797,1.5977963860325015,78.08776092529297,1.3628885336565362,93.02320098876953,1.6235611379984731,0.20553693175315857,0.0020553693175315857,False,False,0.0,0.0,0.0,0.0,0.0,7.942893981933594,7.942893981933594,0.0,0.0,0.0,0.0,0.0,0.0,0.0,0.0,0.0
2,244,9.361113229067996,9.372945925104432,False,-15.604395866394043,-0.2723480761051178,-84.35164642333984,-1.4722139835357666,90.76923370361328,1.5842219591140747,78.54945373535156,1.3709465265274048,93.010986328125,1.6233479976654053,0.7554945054945055,0.007554945054945055,-0.26319488883018494,-1.6458725929260254,1.5946239233016968,1.363857388496399,1.6153483390808105,0.00042697787284851074,-15.079955101013184,-0.2631948675655941,-88.35164642333984,-1.5420271296451522,91.36521911621094,1.5946238953839444,78.14326477050781,1.3638572585030524,92.5526351928711,1.6153482155127776,0.042697787284851074,0.00042697787284851074,False,False,0.0,0.0,0.0,0.0,0.0,5.9499053955078125,5.9499053955078125,0.0,0.0,0.0,0.0,0.0,0.0,0.0,0.0,0.0
2,245,9.394581031054258,9.405632008099928,False,-15.252747535705566,-0.266210675239563,-85.4945068359375,-1.492160677909851,91.56044006347656,1.5980311632156372,78.54945373535156,1.3709465265274048,93.010986328125,1.6233479976654053,0.7554945054945055,0.007554945054945055,-0.2611444294452667,-1.6616296768188477,1.5997027158737183,1.3652199506759644,1.6235309839248657,0.003501303493976593,-14.962472915649414,-0.2611444166185581,-89.4945068359375,-1.561973806735682,91.65621185302734,1.5997026767407803,78.2213363647461,1.3652198648747915,93.02146911621094,1.6235309111201006,0.3501303493976593,0.003501303493976593,False,False,0.0,0.0,0.0,0.0,0.0,5.7098541259765625,5.7098541259765625,0.0,0.0,0.0,0.0,0.0,0.0,0.0,0.0,0.0
2,246,9.427978037041612,9.440167181077413,False,-15.340659141540527,-0.2677450180053711,-86.28571319580078,-1.505969762802124,91.56044006347656,1.5980311632156372,78.9011001586914,1.3770840167999268,92.92308044433594,1.6218136548995972,0.7554945054945055,0.007554945054945055,-0.259857177734375,-1.6723847389221191,1.6032886505126953,1.3630667924880981,1.6237776279449463,0.002538152039051056,-14.888718605041504,-0.25985716106091145,-90.28571319580078,-1.5757829627780156,91.8616714477539,1.603288623148572,78.09796905517578,1.3630666991334623,93.03559875488281,1.6237775198370419,0.2538152039051056,0.002538152039051056,False,False,0.0,0.0,0.0,0.0,0.0,5.5348663330078125,5.5348663330078125,0.0,0.0,0.0,0.0,0.0,0.0,0.0,0.0,0.0
2,247,9.461746824090369,9.475517214043066,False,-15.692307472229004,-0.2738824188709259,-87.34066009521484,-1.5243821144104004,91.56044006347656,1.5980311632156372,78.9011001586914,1.3770840167999268,92.65933990478516,1.6172105073928833,0.7554945054945055,0.007554945054945055,-0.26422223448753357,-1.6572500467300415,1.5948530435562134,1.3639132976531982,1.620870590209961,0.0015472769737243652,-15.13881778717041,-0.26422221524560585,-91.34066009521484,-1.5941952596064963,91.37834167480469,1.5948529272376915,78.14646911621094,1.363913184885944,92.8690414428711,1.620870546349166,0.15472769737243652,0.0015472769737243652,False,False,0.0,0.0,0.0,0.0,0.0,3.6127700805664062,3.6127700805664062,0.0,0.0,0.0,0.0,0.0,0.0,0.0,0.0,0.0
2,248,9.495366258081049,9.506291464087553,False,-15.516483306884766,-0.2708137333393097,-88.30769348144531,-1.541260004043579,91.56044006347656,1.5980311632156372,78.9011001586914,1.3770840167999268,92.65933990478516,1.6172105073928833,0.7554945054945055,0.007554945054945055,-0.266981303691864,-1.661253809928894,1.6052074432373047,1.3634898662567139,1.6235381364822388,0.0012549012899398804,-15.296900749206543,-0.26698128342444155,-92.30769348144531,-1.611073176172928,91.97160339355469,1.6052072975559195,78.12220764160156,1.3634897422726215,93.02188110351562,1.6235381016550439,0.12549012899398804,0.0012549012899398804,False,False,0.0,0.0,0.0,0.0,0.0,2.8751296997070312,2.8751296997070312,0.0,0.0,0.0,0.0,0.0,0.0,0.0,0.0,0.0
2,249,9.528244572109543,9.539061648072675,False,-15.164834976196289,-0.2646763026714325,-89.010986328125,-1.553534746170044,91.56044006347656,1.5980311632156372,78.9011001586914,1.3770840167999268,92.57142639160156,1.6156761646270752,0.7554945054945055,0.007554945054945055,-0.27248865365982056,-1.6442484855651855,1.5941600799560547,1.3657023906707764,1.6243226528167725,0.0009394288063049316,-15.612448692321777,-0.27248863397969814,-93.010986328125,-1.6233479519532121,91.33863830566406,1.5941599727220528,78.24897766113281,1.3657022965062593,93.06682586669922,1.6243225357541267,0.09394288063049316,0.0009394288063049316,False,False,0.0,0.0,0.0,0.0,0.0,1.197509765625,1.197509765625,0.0,0.0,0.0,0.0,0.0,0.0,0.0,0.0,0.0
2,250,9.561661902000196,9.57268239010591,False,-14.98901081085205,-0.2616075873374939,-90.15384674072266,-1.5734814405441284,91.56044006347656,1.5980311632156372,78.9011001586914,1.3770840167999268,92.57142639160156,1.6156761646270752,0.7554945054945055,0.007554945054945055,-0.2658150792121887,-1.6649456024169922,1.596656322479248,1.3632596731185913,1.6229209899902344,0.0022885501384735107,-15.230081558227539,-0.265815068538339,-94.15384674072266,-1.6432946290437422,91.4816665649414,1.5966562867698386,78.10902404785156,1.3632596451544388,92.98651885986328,1.622920914072418,0.22885501384735107,0.0022885501384735107,False,False,0.0,0.0,0.0,0.0,0.0,1.2405014038085938,1.2405014038085938,0.0,0.0,0.0,0.0,0.0,0.0,0.0,0.0,0.0
2,251,9.595345805049874,9.606480776099488,False,-15.252747535705566,-0.266210675239563,-91.29669952392578,-1.5934280157089233,91.56044006347656,1.5980311632156372,78.9011001586914,1.3770840167999268,92.57142639160156,1.6156761646270752,0.7554945054945055,0.007554945054945055,-0.27145349979400635,-1.6527868509292603,1.59377920627594,1.3624931573867798,1.6252737045288086,0.001757107675075531,-15.553138732910156,-0.2714534799087412,-94.69770812988281,-1.6527868009590572,91.31681823730469,1.5937791406861714,78.06510162353516,1.3624930542346594,93.1213150024414,1.625273550579394,0.1757107675075531,0.001757107675075531,False,False,0.0,0.0,0.0,0.0,0.0,0.0,0.0,0.0,0.0,0.0,0.0,0.0,0.0,0.0,0.0,0.0
2,252,9.628779316088185,9.640117931063287,False,-15.692307472229004,-0.2738824188709259,-92.0,-1.6057028770446777,91.56044006347656,1.5980311632156372,78.9011001586914,1.3770840167999268,92.57142639160156,1.6156761646270752,0.7554945054945055,0.007554945054945055,-0.2658471167087555,-1.656785249710083,1.591989517211914,1.3625054359436035,1.6216548681259155,0.0021760091185569763,-15.231917381286621,-0.26584710969520403,-94.92679595947266,-1.6567851378616476,91.21427154541016,1.5919893632755837,78.06580352783203,1.3625053047756737,92.91397094726562,1.6216547141321398,0.21760091185569763,0.0021760091185569763,False,False,0.0,0.0,0.0,0.0,0.0,0.0,0.0,0.0,0.0,0.0,0.0,0.0,0.0,0.0,0.0,0.0
2,253,9.662438490078785,9.672610217006877,False,-15.868131637573242,-0.2769511342048645,-93.05494689941406,-1.624115228652954,91.56044006347656,1.5980311632156372,78.81318664550781,1.375549554824829,92.57142639160156,1.6156761646270752,0.7554945054945055,0.007554945054945055,-0.26809123158454895,-1.6581953763961792,1.5978456735610962,1.3634251356124878,1.6196694374084473,0.001686103641986847,-15.360495567321777,-0.26809122238775934,-95.0075912475586,-1.6581952816588446,91.5498046875,1.5978455213546134,78.11849975585938,1.3634250274581325,92.80021667480469,1.6196693275394858,0.1686103641986847,0.001686103641986847,False,False,0.0,0.0,0.0,0.0,0.0,0.0,0.0,0.0,0.0,0.0,0.0,0.0,0.0,0.0,0.0,0.0
2,254,9.696077982080169,9.706445315037854,False,-15.692307472229004,-0.2738824188709259,-93.75823974609375,-1.636389970779419,91.56044006347656,1.5980311632156372,78.81318664550781,1.375549554824829,92.57142639160156,1.6156761646270752,0.7554945054945055,0.007554945054945055,-0.26448267698287964,-1.6522434949874878,1.601577877998352,1.3646432161331177,1.6222277879714966,0.002018958330154419,-15.153739929199219,-0.26448265575545876,-94.66657257080078,-1.6522433829386265,91.7636489868164,1.6015778084643049,78.18829345703125,1.364643157340735,92.9468002319336,1.6222276932406703,0.2018958330154419,0.002018958330154419,False,False,0.0,0.0,0.0,0.0,0.0,0.0,0.0,0.0,0.0,0.0,0.0,0.0,0.0,0.0,0.0,0.0
2,255,9.729914889088832,9.74101708107628,False,-15.516483306884766,-0.2708137333393097,-93.93406677246094,-1.6394587755203247,91.56044006347656,1.5980311632156372,78.81318664550781,1.375549554824829,92.57142639160156,1.6156761646270752,0.7554945054945055,0.007554945054945055,-0.2642396092414856,-1.692911148071289,1.5945775508880615,1.3675222396850586,1.621261477470398,0.0017986148595809937,-15.139813423156738,-0.2642395923717186,-96.99665832519531,-1.692911051206627,91.36255645751953,1.5945774232229226,78.3532485961914,1.367522167637165,92.89143371582031,1.621261365239135,0.17986148595809937,0.0017986148595809937,False,False,0.0,0.0,0.0,0.0,0.0,0.0,0.0,0.0,0.0,0.0,0.0,0.0,0.0,0.0,0.0,0.0
2,256,9.76393428700976,9.774474194040522,False,-15.428571701049805,-0.2692793607711792,-94.02198028564453,-1.6409931182861328,91.56044006347656,1.5980311632156372,78.81318664550781,1.375549554824829,92.57142639160156,1.6156761646270752,0.7554945054945055,0.007554945054945055,-0.26655834913253784,-1.634682297706604,1.5633947849273682,1.3701635599136353,1.6254534721374512,0.0019631758332252502,-15.27266788482666,-0.26655834015382335,-93.66039276123047,-1.634682232394535,89.57592010498047,1.5633947363352938,78.50458526611328,1.3701634908063056,93.13162231445312,1.625453447111029,0.19631758332252502,0.0019631758332252502,False,False,0.0,0.0,0.0,0.0,0.0,0.0,0.0,0.0,0.0,0.0,0.0,0.0,0.0,0.0,0.0,0.0
2,257,9.797063233098015,9.807609954033978,False,-15.516483306884766,-0.2708137333393097,-94.46154022216797,-1.6486648321151733,91.56044006347656,1.5980311632156372,78.81318664550781,1.375549554824829,92.57142639160156,1.6156761646270752,0.7554945054945055,0.007554945054945055,-0.2602001428604126,-1.6536622047424316,1.569055199623108,1.3677122592926025,1.6209280490875244,0.0025025978684425354,-14.908369064331055,-0.26020012627504324,-94.74785614013672,-1.6536620488513116,89.90023803710938,1.5690551520742029,78.3641357421875,1.367712184180942,92.87232971191406,1.620927937470657,0.25025978684425354,0.0025025978684425354,False,False,0.0,0.0,0.0,0.0,0.0,0.0,0.0,0.0,0.0,0.0,0.0,0.0,0.0,0.0,0.0,0.0
2,258,9.830668432055973,9.841066770022735,False,-15.516483306884766,-0.2708137333393097,-95.42857360839844,-1.6655428409576416,91.47252655029297,1.5964967012405396,78.81318664550781,1.375549554824829,92.57142639160156,1.6156761646270752,0.7554945054945055,0.007554945054945055,-0.2618715763092041,-1.654520034790039,1.5724934339523315,1.3680285215377808,1.6237051486968994,0.002254009246826172,-15.004135131835938,-0.2618715594646906,-94.79701232910156,-1.6545199861964806,90.09722900390625,1.572493293041495,78.38225555419922,1.368028434560389,93.03144836425781,1.6237050818553918,0.2254009246826172,0.002254009246826172,False,False,0.0,0.0,0.0,0.0,0.0,0.0,0.0,0.0,0.0,0.0,0.0,0.0,0.0,0.0,0.0,0.0
2,259,9.86411676905118,9.873190936050378,False,-15.516483306884766,-0.2708137333393097,-95.51648712158203,-1.6670771837234497,91.38461303710938,1.5949623584747314,78.81318664550781,1.375549554824829,92.57142639160156,1.6156761646270752,0.7554945054945055,0.007554945054945055,-0.2662578821182251,-1.5711932182312012,1.5079809427261353,1.369646430015564,1.6292437314987183,0.0013321861624717712,-15.255452156066895,-0.26625786900383513,-91.51648712158203,-1.5972640201305945,87.38461303710938,1.5251492130787205,78.4749526977539,1.3696463049226122,93.34878540039062,1.6292436579744296,0.13321861624717712,0.0013321861624717712,False,False,0.0,0.0,0.0,0.0,0.0,1.4937515258789062,1.4937515258789062,0.0,0.983673095703125,0.983673095703125,0.0,0.0,0.0,0.0,0.0,0.0
2,260,9.897998439031653,9.909855475067161,False,-15.516483306884766,-0.2708137333393097,-94.989013671875,-1.6578710079193115,91.38461303710938,1.5949623584747314,78.81318664550781,1.375549554824829,92.57142639160156,1.6156761646270752,0.7554945054945055,0.007554945054945055,-0.2640267312526703,-1.634031057357788,1.5644997358322144,1.3668292760849,1.6239429712295532,0.00205191969871521,-15.127616882324219,-0.2640267225768372,-93.62307739257812,-1.634030956349956,89.63922882080078,1.5644996818715677,78.31354522705078,1.3668292131215263,93.04507446289062,1.6239429021407359,0.205191969871521,0.00205191969871521,False,False,0.0,0.0,0.0,0.0,0.0,0.0,0.0,0.0,0.0,0.0,0.0,0.0,0.0,0.0,0.0,0.0
2,261,9.931489298003726,9.94281524408143,False,-15.516483306884766,-0.2708137333393097,-94.9011001586914,-1.6563366651535034,91.29669952392578,1.5934280157089233,78.81318664550781,1.375549554824829,92.57142639160156,1.6156761646270752,0.7554945054945055,0.007554945054945055,-0.2553653120994568,-1.6423238515853882,1.569176435470581,1.366417646408081,1.6222106218338013,0.002474956214427948,-14.631353378295898,-0.25536529047405887,-94.09822082519531,-1.6423237736683538,89.90718078613281,1.5691763259038014,78.28996276855469,1.3664176215750545,92.94581604003906,1.6222105158516393,0.2474956214427948,0.002474956214427948,False,False,0.0,0.0,0.0,0.0,0.0,0.0,0.0,0.0,0.0,0.0,0.0,0.0,0.0,0.0,0.0,0.0
2,262,9.964919420075603,9.97566875605844,False,-15.516483306884766,-0.2708137333393097,-94.02198028564453,-1.6409931182861328,90.85713958740234,1.5857561826705933,78.81318664550781,1.375549554824829,92.57142639160156,1.6156761646270752,0.7554945054945055,0.007554945054945055,-0.2606053948402405,-1.6611580848693848,1.5686314105987549,1.3673551082611084,1.6222046613693237,0.0034141093492507935,-14.931588172912598,-0.26060537616916923,-95.1773452758789,-1.6611580483715576,89.8759536743164,1.5686313099867166,78.34367370605469,1.3673550542787625,92.94547271728516,1.6222045237391867,0.34141093492507935,0.0034141093492507935,False,False,0.0,0.0,0.0,0.0,0.0,0.0,0.0,0.0,0.0,0.0,0.0,0.0,0.0,0.0,0.0,0.0
2,263,9.998261514003389,10.010571245104074,False,-15.428571701049805,-0.2692793607711792,-93.23076629638672,-1.6271837949752808,90.85713958740234,1.5857561826705933,78.81318664550781,1.375549554824829,92.57142639160156,1.6156761646270752,0.7554945054945055,0.007554945054945055,-0.26265424489974976,-1.6047104597091675,1.5564594268798828,1.369292140007019,1.637121319770813,0.003913812339305878,-15.048978805541992,-0.2626542292195512,-91.94313049316406,-1.6047103516965107,89.17855072021484,1.5564593322245095,78.45465850830078,1.3692921044976316,93.80014038085938,1.637121288478884,0.39138123393058777,0.003913812339305878,False,False,0.0,0.0,0.0,0.0,0.0,0.0,0.0,0.0,0.0,0.0,0.0,0.0,0.0,0.0,0.0,0.0
2,264,10.032029831083491,10.043306636041962,False,-15.252747535705566,-0.266210675239563,-93.5824203491211,-1.6333212852478027,91.20879364013672,1.5918937921524048,78.81318664550781,1.375549554824829,92.57142639160156,1.6156761646270752,0.7554945054945055,0.007554945054945055,-0.2731783092021942,-1.4921846389770508,1.4141172170639038,1.3700274229049683,1.6311001777648926,0.00303070992231369,-15.651963233947754,-0.2731782928334878,-89.5824203491211,-1.5635081869977312,87.20879364013672,1.5220805857126767,78.49678802490234,1.3700274032746025,93.45515441894531,1.6311001475703237,0.303070992231369,0.00303070992231369,False,False,0.0,0.0,0.0,0.0,0.0,4.086540222167969,4.086540222167969,0.0,6.18585205078125,6.18585205078125,0.0,0.0,0.0,0.0,0.0,0.0
2,265,10.065253787091933,10.077595010050572,False,-15.076923370361328,-0.2631419599056244,-94.63735961914062,-1.6517335176467896,91.20879364013672,1.5918937921524048,78.81318664550781,1.375549554824829,92.57142639160156,1.6156761646270752,0.7554945054945055,0.007554945054945055,-0.284023255109787,-1.346364974975586,1.28495192527771,1.3711284399032593,1.6262586116790771,0.00267956405878067,-16.273332595825195,-0.2840232340692653,-90.63735961914062,-1.5819203506681576,87.20879364013672,1.5220805857126767,78.55986785888672,1.3711283540692414,93.17774963378906,1.6262585207085598,0.267956405878067,0.00267956405878067,False,False,0.0,0.0,0.0,0.0,0.0,13.496330261230469,13.496330261230469,0.0,13.586479187011719,13.586479187011719,0.0,0.0,0.0,0.0,0.0,0.0
2,266,10.098679052083753,10.109452035045251,False,-15.076923370361328,-0.2631419599056244,-94.02198028564453,-1.6409931182861328,90.94505310058594,1.587290644645691,78.81318664550781,1.375549554824829,92.57142639160156,1.6156761646270752,0.7554945054945055,0.007554945054945055,-0.2834552824497223,-1.2577893733978271,1.2066192626953125,1.3722022771835327,1.6232222318649292,0.0031683966517448425,-16.24079132080078,-0.2834552816772923,-90.02198028564453,-1.5711799551499226,86.94505310058594,1.5174774449265291,78.62139129638672,1.3722021406207612,93.00377655029297,1.6232221175917059,0.31683966517448425,0.0031683966517448425,False,False,0.0,0.0,0.0,0.0,0.0,17.955963134765625,17.955963134765625,0.0,17.810867309570312,17.810867309570312,0.0,0.0,0.0,0.0,0.0,0.0
2,267,10.13236043904908,10.142850941047072,False,-15.340659141540527,-0.2677450180053711,-92.0,-1.6057028770446777,90.68132019042969,1.5826876163482666,78.81318664550781,1.375549554824829,92.57142639160156,1.6156761646270752,0.7554945054945055,0.007554945054945055,-0.2982375919818878,-1.121071457862854,1.1079989671707153,1.3746229410171509,1.6268017292022705,0.0029504895210266113,-17.08775520324707,-0.29823759007145423,-88.0,-1.53588974175501,86.68132019042969,1.5128744372984362,78.76008605957031,1.3746228208935887,93.20886993408203,1.6268016724128815,0.29504895210266113,0.0029504895210266113,False,False,0.0,0.0,0.0,0.0,0.0,23.76734161376953,23.76734161376953,0.0,23.19765853881836,23.19765853881836,0.0,0.0,0.0,0.0,0.0,0.0
2,268,10.165504456032068,10.176375490031205,False,-15.95604419708252,-0.278485506772995,-90.76923370361328,-1.5842219591140747,90.68132019042969,1.5826876163482666,78.81318664550781,1.375549554824829,92.57142639160156,1.6156761646270752,0.7554945054945055,0.007554945054945055,-0.3077477216720581,-1.0204482078552246,1.0058501958847046,1.3768283128738403,1.6189167499542236,0.0018497481942176819,-17.632644653320312,-0.3077477050346136,-86.76923370361328,-1.5144088175604853,86.68132019042969,1.5128744372984362,78.88644409179688,1.3768281845922834,92.75709533691406,1.6189167182154294,0.1849748194217682,0.0018497481942176819,False,False,0.0,0.0,0.0,0.0,0.0,28.301860809326172,28.301860809326172,0.0,29.05035400390625,29.05035400390625,0.0,0.0,0.0,0.0,0.0,0.0
2,269,10.19890378403943,10.209472443093546,False,-16.483516693115234,-0.2876916229724884,-90.76923370361328,-1.5842219591140747,90.68132019042969,1.5826876163482666,78.81318664550781,1.375549554824829,92.57142639160156,1.6156761646270752,0.7554945054945055,0.007554945054945055,-0.3108844757080078,-0.946312665939331,0.9216609001159668,1.3772832155227661,1.6206814050674438,0.0028710514307022095,-17.812366485595703,-0.3108844427455361,-86.76923370361328,-1.5144088175604853,86.68132019042969,1.5128744372984362,78.91251373291016,1.3772831856645233,92.85820007324219,1.6206813287537158,0.28710514307022095,0.0028710514307022095,False,False,0.0,0.0,0.0,0.0,0.0,32.54951477050781,32.54951477050781,0.0,33.87404251098633,33.87404251098633,0.0,0.0,0.0,0.0,0.0,0.0
2,270,10.232191733084619,10.395049849059433,False,-16.83516502380371,-0.2938290536403656,-90.06593322753906,-1.5719470977783203,90.5934066772461,1.5811532735824585,78.81318664550781,1.375549554824829,92.57142639160156,1.6156761646270752,0.7554945054945055,0.007554945054945055,-0.2768194079399109,-1.6663107872009277,1.5851670503616333,1.3767237663269043,1.6093285083770752,0.0030044913291931152,-15.860583305358887,-0.27681939996535776,-94.06593322753906,-1.641760248781693,90.82337951660156,1.5851670103530733,78.88045501708984,1.3767236555194977,92.20772552490234,1.6093284061847626,0.3004491329193115,0.0030044913291931152,False,False,0.0,0.0,0.0,0.0,0.0,1.4066390991210938,1.4066390991210938,0.0,0.0,0.0,0.0,0.0,0.0,0.0,0.0,0.0
2,271,10.396598904044367,10.407432958018035,False,-17.36263656616211,-0.303035169839859,-87.78022003173828,-1.532053828239441,90.5934066772461,1.5811532735824585,78.81318664550781,1.375549554824829,92.57142639160156,1.6156761646270752,0.7554945054945055,0.007554945054945055,-0.2779587507247925,-1.6466724872589111,1.575189471244812,1.368029236793518,1.605267882347107,0.00204477459192276,-15.925862312316895,-0.2779587335692073,-91.78022003173828,-1.6018670277586875,90.25170135498047,1.5751893441710367,78.38229370117188,1.3680291003506615,91.97506713867188,1.6052677513126643,0.204477459192276,0.00204477459192276,False,False,0.0,0.0,0.0,0.0,0.0,2.5671615600585938,2.5671615600585938,0.0,0.0,0.0,0.0,0.0,0.0,0.0,0.0,0.0
2,272,10.430208996054716,10.440733285038732,False,-17.36263656616211,-0.303035169839859,-87.42857360839844,-1.5259164571762085,90.5934066772461,1.5811532735824585,78.81318664550781,1.375549554824829,92.57142639160156,1.6156761646270752,0.7554945054945055,0.007554945054945055,-0.28419435024261475,-1.6754099130630493,1.5773015022277832,1.3757563829421997,1.6026790142059326,0.004058539867401123,-16.28313636779785,-0.2841943421693029,-91.42857360839844,-1.5957296398685454,90.37271118164062,1.577301364073524,78.82502746582031,1.3757562622535264,91.82673645019531,1.6026788924169981,0.4058539867401123,0.004058539867401123,False,False,0.0,0.0,0.0,0.0,0.0,4.565338134765625,4.565338134765625,0.0,0.0,0.0,0.0,0.0,0.0,0.0,0.0,0.0
2,273,10.463410263997503,10.47357626305893,False,-17.538461685180664,-0.3061038851737976,-87.42857360839844,-1.5259164571762085,90.68132019042969,1.5826876163482666,78.81318664550781,1.375549554824829,92.48351287841797,1.614141821861267,0.7554945054945055,0.007554945054945055,-0.2845306396484375,-1.6762131452560425,1.5787712335586548,1.374813437461853,1.5954605340957642,0.003217443823814392,-16.302404403686523,-0.28453063283595265,-91.42857360839844,-1.5957296398685454,90.45692443847656,1.578771162679139,78.77100372314453,1.374813370069584,91.41314697265625,1.5954603942823384,0.3217443823814392,0.003217443823814392,False,False,0.0,0.0,0.0,0.0,0.0,4.611358642578125,4.611358642578125,0.0,0.0,0.0,0.0,0.0,0.0,0.0,0.0,0.0
2,274,10.496841769083403,10.508781079086475,False,-17.010988235473633,-0.2968977391719818,-89.27472686767578,-1.5581378936767578,91.20879364013672,1.5918937921524048,78.81318664550781,1.375549554824829,92.57142639160156,1.6156761646270752,0.7554945054945055,0.007554945054945055,-0.2877904176712036,-1.6487648487091064,1.5593265295028687,1.375766396522522,1.600559949874878,0.0037907734513282776,-16.48917579650879,-0.2877904085892369,-93.27472686767578,-1.6279510927393597,89.34282684326172,1.5593264914540887,78.82560729980469,1.3757663822656687,91.705322265625,1.6005598151376221,0.37907734513282776,0.0037907734513282776,False,False,0.0,0.0,0.0,0.0,0.0,1.192535400390625,1.192535400390625,0.0,0.0,0.0,0.0,0.0,0.0,0.0,0.0,0.0
2,275,10.530829775030725,10.542509540100582,False,-16.30769157409668,-0.2846229076385498,-90.5934066772461,-1.5811532735824585,91.29669952392578,1.5934280157089233,78.81318664550781,1.375549554824829,92.30769348144531,1.6110731363296509,0.7554945054945055,0.007554945054945055,-0.287740558385849,-1.6424261331558228,1.565184235572815,1.3705836534500122,1.5977423191070557,0.003910467028617859,-16.486318588256836,-0.28774054089782514,-94.10408020019531,-1.642426039054213,89.6784439086914,1.5651841142717182,78.52865600585938,1.3705836044682655,91.54388427734375,1.5977421907043183,0.3910467028617859,0.003910467028617859,False,False,0.0,0.0,0.0,0.0,0.0,0.0,0.0,0.0,0.0,0.0,0.0,0.0,0.0,0.0,0.0,0.0
2,276,10.564104816061445,10.575374122010544,False,-16.483516693115234,-0.2876916229724884,-91.47252655029297,-1.5964967012405396,91.29669952392578,1.5934280157089233,78.81318664550781,1.375549554824829,92.21977996826172,1.6095387935638428,0.7554945054945055,0.007554945054945055,-0.28504472970962524,-1.6758359670639038,1.5703388452529907,1.3734978437423706,1.6014955043792725,0.004525147378444672,-16.331859588623047,-0.2850447227948788,-95.47252655029297,-1.666309933500316,89.97378540039062,1.5703387957196209,78.69562530517578,1.3734977684910847,91.75892639160156,1.601495383628567,0.45251473784446716,0.004525147378444672,False,False,0.0,0.0,0.0,0.0,0.0,0.5457992553710938,0.5457992553710938,0.0,0.0,0.0,0.0,0.0,0.0,0.0,0.0,0.0
2,277,10.597511184052564,10.608426247024909,False,-17.010988235473633,-0.2968977391719818,-92.0,-1.6057028770446777,91.29669952392578,1.5934280157089233,78.81318664550781,1.375549554824829,92.21977996826172,1.6095387935638428,0.7554945054945055,0.007554945054945055,-0.2857450842857361,-1.6851078271865845,1.5775059461593628,1.3736121654510498,1.5995720624923706,0.005879528820514679,-16.371986389160156,-0.2857450675825424,-96.0,-1.6755160819145565,90.38442993164062,1.5775058948452423,78.70217895507812,1.3736121512599038,91.64871978759766,1.5995719155312573,0.5879528820514679,0.005879528820514679,False,False,0.0,0.0,0.0,0.0,0.0,0.549560546875,0.549560546875,0.0,0.0,0.0,0.0,0.0,0.0,0.0,0.0,0.0
2,278,10.630743298097514,10.641466475091875,False,-17.010988235473633,-0.2968977391719818,-92.96703338623047,-1.6225807666778564,91.29669952392578,1.5934280157089233,78.81318664550781,1.375549554824829,92.30769348144531,1.6110731363296509,0.7554945054945055,0.007554945054945055,-0.2849265933036804,-1.6985201835632324,1.5836552381515503,1.3717623949050903,1.6009305715560913,0.0030659809708595276,-16.325090408325195,-0.2849265783110202,-96.96703338623047,-1.6923939984809881,90.73675537109375,1.583655133802235,78.59619140625,1.3717623195667346,91.7265625,1.6009305271613612,0.30659809708595276,0.0030659809708595276,False,False,0.0,0.0,0.0,0.0,0.0,0.3509979248046875,0.3509979248046875,0.0,0.0,0.0,0.0,0.0,0.0,0.0,0.0,0.0
2,279,10.664417616091669,10.674767545075156,False,-16.571428298950195,-0.2892259955406189,-94.19779968261719,-1.6440616846084595,91.29669952392578,1.5934280157089233,78.81318664550781,1.375549554824829,92.13186645507812,1.6080044507980347,0.7554945054945055,0.007554945054945055,-0.28803420066833496,-1.68251633644104,1.577682375907898,1.3750195503234863,1.6083738803863525,0.004222467541694641,-16.503143310546875,-0.28803418769752,-96.40107727050781,-1.6825162008398296,90.39453887939453,1.57768232926746,78.7828140258789,1.375019498737956,92.15303039550781,1.6083737960920237,0.4222467541694641,0.004222467541694641,False,False,0.0,0.0,0.0,0.0,0.0,0.0,0.0,0.0,0.0,0.0,0.0,0.0,0.0,0.0,0.0,0.0
2,280,10.697645241045393,10.70831067301333,False,-16.395605087280273,-0.2861572802066803,-94.9011001586914,-1.6563366651535034,91.29669952392578,1.5934280157089233,78.81318664550781,1.375549554824829,92.13186645507812,1.6080044507980347,0.7554945054945055,0.007554945054945055,-0.28641796112060547,-1.6955333948135376,1.5772494077682495,1.3724488019943237,1.6083991527557373,0.005216814577579498,-16.410539627075195,-0.28641794852146457,-97.14690399169922,-1.6955333327739734,90.3697280883789,1.577249299274213,78.6355209350586,1.3724487493377027,92.15447998046875,1.6083990961223793,0.5216814577579498,0.005216814577579498,False,False,0.0,0.0,0.0,0.0,0.0,0.0,0.0,0.0,0.0,0.0,0.0,0.0,0.0,0.0,0.0,0.0
2,281,10.731443161028437,10.742068988038227,False,-16.483516693115234,-0.2876916229724884,-95.34066009521484,-1.664008378982544,91.29669952392578,1.5934280157089233,78.81318664550781,1.375549554824829,92.13186645507812,1.6080044507980347,0.7554945054945055,0.007554945054945055,-0.2843793034553528,-1.6788963079452515,1.564717411994934,1.3696603775024414,1.6026535034179688,0.007123198360204697,-16.293733596801758,-0.2843792987070089,-96.19366455078125,-1.678896165970085,89.65169525146484,1.5647172621326273,78.47575378417969,1.3696602865183352,91.82527923583984,1.602653459228588,0.7123198360204697,0.007123198360204697,False,False,0.0,0.0,0.0,0.0,0.0,0.0,0.0,0.0,0.0,0.0,0.0,0.0,0.0,0.0,0.0,0.0
2,282,10.764711151015945,10.775276128086261,False,-16.659339904785156,-0.290760338306427,-95.69230651855469,-1.6701457500457764,91.29669952392578,1.5934280157089233,78.81318664550781,1.375549554824829,92.13186645507812,1.6080044507980347,0.7554945054945055,0.007554945054945055,-0.29684653878211975,-1.6649771928787231,1.5585057735443115,1.3716133832931519,1.6218883991241455,0.004304073750972748,-17.008052825927734,-0.296846521165565,-95.39616394042969,-1.6649771545327858,89.2957992553711,1.5585057052061264,78.58765411376953,1.3716133157037447,92.92735290527344,1.6218882733597397,0.4304073750972748,0.004304073750972748,False,False,0.0,0.0,0.0,0.0,0.0,0.0,0.0,0.0,0.0,0.0,0.0,0.0,0.0,0.0,0.0,0.0
2,283,10.798090882017277,10.808872524066828,False,-16.74725341796875,-0.2922947108745575,-95.78022003173828,-1.671680212020874,91.29669952392578,1.5934280157089233,78.81318664550781,1.375549554824829,92.13186645507812,1.6080044507980347,0.7554945054945055,0.007554945054945055,-0.286996990442276,-1.6853399276733398,1.5618425607681274,1.374673843383789,1.6057453155517578,0.00473129004240036,-16.443716049194336,-0.286996986321475,-96.56285858154297,-1.6853398173855862,89.48698425292969,1.5618425128939413,78.76300811767578,1.3746738204284639,92.00242614746094,1.6057452560961154,0.473129004240036,0.00473129004240036,False,False,0.0,0.0,0.0,0.0,0.0,0.0,0.0,0.0,0.0,0.0,0.0,0.0,0.0,0.0,0.0,0.0
2,284,10.831482526031323,10.842271981062368,False,-16.74725341796875,-0.2922947108745575,-95.6043930053711,-1.6686114072799683,91.29669952392578,1.5934280157089233,78.81318664550781,1.375549554824829,92.21977996826172,1.6095387935638428,0.7554945054945055,0.007554945054945055,-0.2858070135116577,-1.6794074773788452,1.5643328428268433,1.3748422861099243,1.6095565557479858,0.004279278218746185,-16.375534057617188,-0.28580698607788674,-96.22295379638672,-1.6794073597413257,89.6296615600586,1.5643327016712198,78.77265930175781,1.3748422653674113,92.22079467773438,1.6095565059321277,0.42792782187461853,0.004279278218746185,False,False,0.0,0.0,0.0,0.0,0.0,0.0,0.0,0.0,0.0,0.0,0.0,0.0,0.0,0.0,0.0,0.0
2,285,10.864893964026123,10.875955344061367,False,-16.659339904785156,-0.290760338306427,-95.78022003173828,-1.671680212020874,91.29669952392578,1.5934280157089233,78.81318664550781,1.375549554824829,92.30769348144531,1.6110731363296509,0.7554945054945055,0.007554945054945055,-0.2921077609062195,-1.6910803318023682,1.580946922302246,1.3683829307556152,1.604359745979309,0.005443185567855835,-16.736541748046875,-0.29210775890090523,-96.89176177978516,-1.691080261115252,90.58158111572266,1.580946832131679,78.4025650024414,1.3683829013014785,91.92303466796875,1.6043596133809472,0.5443185567855835,0.005443185567855835,False,False,0.0,0.0,0.0,0.0,0.0,0.0,0.0,0.0,0.0,0.0,0.0,0.0,0.0,0.0,0.0,0.0
2,286,10.898334971047007,10.90946931601502,False,-16.74725341796875,-0.2922947108745575,-95.86813354492188,-1.6732145547866821,91.29669952392578,1.5934280157089233,78.81318664550781,1.375549554824829,92.30769348144531,1.6110731363296509,0.7554945054945055,0.007554945054945055,-0.29362645745277405,-1.6375787258148193,1.5405954122543335,1.3746460676193237,1.6152516603469849,0.008042372763156891,-16.82355499267578,-0.2936264265125229,-93.82634735107422,-1.637578686396105,88.26960754394531,1.540595281085071,78.76141357421875,1.3746459903950725,92.5470962524414,1.6152515427652079,0.8042372763156891,0.008042372763156891,False,False,0.0,0.0,0.0,0.0,0.0,0.0,0.0,0.0,0.0,0.0,0.0,0.0,0.0,0.0,0.0,0.0
2,287,10.9317243170226,10.94257951201871,False,-16.74725341796875,-0.2922947108745575,-95.95604705810547,-1.6747488975524902,91.29669952392578,1.5934280157089233,78.81318664550781,1.375549554824829,92.30769348144531,1.6110731363296509,0.7554945054945055,0.007554945054945055,-0.29551637172698975,-1.6399226188659668,1.521111011505127,1.370439887046814,1.6148149967193604,0.004947394132614136,-16.931840896606445,-0.29551637206961123,-93.96063995361328,-1.6399225344714838,87.29669952392578,1.5236148328166712,78.52041625976562,1.3704397937694013,92.52207946777344,1.6148149175044892,0.4947394132614136,0.004947394132614136,False,False,0.0,0.0,0.0,0.0,0.0,0.0,0.0,0.0,0.143463134765625,0.143463134765625,0.0,0.0,0.0,0.0,0.0,0.0
2,288,10.965465523069724,10.97726406401489,False,-16.74725341796875,-0.2922947108745575,-95.95604705810547,-1.6747488975524902,91.29669952392578,1.5934280157089233,78.81318664550781,1.375549554824829,92.30769348144531,1.6110731363296509,0.7554945054945055,0.007554945054945055,-0.2927146852016449,-1.6567639112472534,1.5030508041381836,1.3757929801940918,1.6112840175628662,0.007318601012229919,-16.77131462097168,-0.2927146600238206,-94.92557525634766,-1.656763832572927,87.29669952392578,1.5236148328166712,78.8271255493164,1.3757928807185151,92.31977081298828,1.6112839653732078,0.7318601012229919,0.007318601012229919,False,False,0.0,0.0,0.0,0.0,0.0,0.0,0.0,0.0,1.1782379150390625,1.1782379150390625,0.0,0.0,0.0,0.0,0.0,0.0
2,289,10.998659803997725,11.009737786022015,False,-16.74725341796875,-0.2922947108745575,-95.16483306884766,-1.6609396934509277,90.85713958740234,1.5857561826705933,78.81318664550781,1.375549554824829,92.30769348144531,1.6110731363296509,0.7554945054945055,0.007554945054945055,-0.3077116012573242,-1.417273998260498,1.2715628147125244,1.3749803304672241,1.6151237487792969,0.004170939326286316,-17.63057518005371,-0.30771158591232933,-91.16483306884766,-1.591126499082398,86.85713958740234,1.51594306466448,78.78056335449219,1.3749802171118775,92.5397720336914,1.615123711032884,0.4170939326286316,0.004170939326286316,False,False,0.0,0.0,0.0,0.0,0.0,9.961021423339844,9.961021423339844,0.0,14.001960754394531,14.001960754394531,0.0,0.0,0.0,0.0,0.0,0.0
2,290,11.032145230099559,11.045080317999236,False,-16.659339904785156,-0.290760338306427,-95.07691955566406,-1.65940523147583,90.76923370361328,1.5842219591140747,78.81318664550781,1.375549554824829,92.30769348144531,1.6110731363296509,0.7554945054945055,0.007554945054945055,-0.2984367907047272,-1.4107285737991333,1.2749028205871582,1.3777084350585938,1.6148566007614136,0.007959503680467606,-17.099166870117188,-0.2984367612314785,-91.07691955566406,-1.5895921188203488,86.76923370361328,1.5144088175604853,78.93687438964844,1.3777083593325545,92.52445983886719,1.6148564628174946,0.7959503680467606,0.007959503680467606,False,False,0.0,0.0,0.0,0.0,0.0,10.248130798339844,10.248130798339844,0.0,13.722686767578125,13.722686767578125,0.0,0.0,0.0,0.0,0.0,0.0
2,291,11.065593147999607,11.076299662003294,False,-16.571428298950195,-0.2892259955406189,-95.07691955566406,-1.65940523147583,90.5934066772461,1.5811532735824585,78.81318664550781,1.375549554824829,92.30769348144531,1.6110731363296509,0.7554945054945055,0.007554945054945055,-0.31173932552337646,-1.361602544784546,1.221116542816162,1.3755179643630981,1.61161470413208,0.006684951484203339,-17.861347198486328,-0.3117393174554516,-91.07691955566406,-1.5895921188203488,86.5934066772461,1.511340057036387,78.81137084960938,1.3755179093359644,92.33871459960938,1.611614596822541,0.6684951484203339,0.006684951484203339,False,False,0.0,0.0,0.0,0.0,0.0,13.062843322753906,13.062843322753906,0.0,16.628585815429688,16.628585815429688,0.0,0.0,0.0,0.0,0.0,0.0
2,292,11.099191765068099,11.109481792082079,False,-16.74725341796875,-0.2922947108745575,-94.37362670898438,-1.6471304893493652,90.5934066772461,1.5811532735824585,78.81318664550781,1.375549554824829,92.30769348144531,1.6110731363296509,0.7554945054945055,0.007554945054945055,-0.3079649806022644,-1.4644131660461426,1.3416640758514404,1.3747718334197998,1.607009768486023,0.009273871779441833,-17.645092010498047,-0.3079649524005368,-90.37362670898438,-1.5773173430400647,86.5934066772461,1.511340057036387,78.76861572265625,1.3747716915985242,92.07487487792969,1.607009724981685,0.9273871779441833,0.009273871779441833,False,False,0.0,0.0,0.0,0.0,0.0,6.468940734863281,6.468940734863281,0.0,9.721725463867188,9.721725463867188,0.0,0.0,0.0,0.0,0.0,0.0
2,293,11.132520505110733,11.14517028303817,False,-17.098901748657227,-0.2984321415424347,-92.87911987304688,-1.6210464239120483,90.5934066772461,1.5811532735824585,78.81318664550781,1.375549554824829,92.30769348144531,1.6110731363296509,0.7554945054945055,0.007554945054945055,-0.3045237064361572,-1.3590011596679688,1.2585127353668213,1.3739275932312012,1.6115964651107788,0.007369913160800934,-17.447921752929688,-0.30452368221896364,-88.87911987304688,-1.5512332780593925,86.5934066772461,1.511340057036387,78.72024536132812,1.373927469532969,92.3376693725586,1.611596354169074,0.7369913160800934,0.007369913160800934,False,False,0.0,0.0,0.0,0.0,0.0,11.014091491699219,11.014091491699219,0.0,14.485939025878906,14.485939025878906,0.0,0.0,0.0,0.0,0.0,0.0
2,294,11.165657795034349,11.204168530995958,False,-17.36263656616211,-0.303035169839859,-91.47252655029297,-1.5964967012405396,90.5934066772461,1.5811532735824585,78.81318664550781,1.375549554824829,92.30769348144531,1.6110731363296509,0.7554945054945055,0.007554945054945055,-0.30242079496383667,-1.4361640214920044,1.3245978355407715,1.3756670951843262,1.6066513061523438,0.007668148726224899,-17.327434539794922,-0.3024207836432098,-87.47252655029297,-1.5266835933407696,86.5934066772461,1.511340057036387,78.81991577148438,1.3756670463570089,92.05433654785156,1.6066512634989605,0.7668148726224899,0.007668148726224899,False,False,0.0,0.0,0.0,0.0,0.0,5.186393737792969,5.186393737792969,0.0,10.699546813964844,10.699546813964844,0.0,0.0,0.0,0.0,0.0,0.0
2,295,11.205902958055958,11.218214828055352,False,-17.450550079345703,-0.3045695424079895,-91.29669952392578,-1.5934280157089233,90.5934066772461,1.5811532735824585,78.81318664550781,1.375549554824829,92.30769348144531,1.6110731363296509,0.7554945054945055,0.007554945054945055,-0.30702805519104004,-1.2588691711425781,1.185706615447998,1.3760299682617188,1.614101767539978,0.005245625972747803,-17.591411590576172,-0.3070280523290469,-87.29669952392578,-1.5236148328166712,86.5934066772461,1.511340057036387,78.84070587158203,1.3760299020555322,92.48121643066406,1.614101722964566,0.5245625972747803,0.005245625972747803,False,False,0.0,0.0,0.0,0.0,0.0,15.168815612792969,15.168815612792969,0.0,18.657424926757812,18.657424926757812,0.0,0.0,0.0,0.0,0.0,0.0
2,296,11.23918923700694,11.249784536077641,False,-17.450550079345703,-0.3045695424079895,-90.5934066772461,-1.5811532735824585,90.5934066772461,1.5811532735824585,78.81318664550781,1.375549554824829,92.30769348144531,1.6110731363296509,0.7554945054945055,0.007554945054945055,-0.3021230101585388,-1.213559865951538,1.15074622631073,1.3769794702529907,1.6106071472167969,0.007812466472387314,-17.310373306274414,-0.3021230089438253,-86.5934066772461,-1.511340057036387,86.5934066772461,1.511340057036387,78.89511108398438,1.3769794521421999,92.28099060058594,1.6106071229821641,0.7812466472387314,0.007812466472387314,False,False,0.0,0.0,0.0,0.0,0.0,17.061553955078125,17.061553955078125,0.0,20.660507202148438,20.660507202148438,0.0,0.0,0.0,0.0,0.0,0.0
2,297,11.272316289017908,11.284181009046733,False,-17.36263656616211,-0.303035169839859,-89.53845977783203,-1.5627409219741821,90.5934066772461,1.5811532735824585,78.81318664550781,1.375549554824829,92.30769348144531,1.6110731363296509,0.7554945054945055,0.007554945054945055,-0.30701741576194763,-1.3382102251052856,1.2143967151641846,1.3797212839126587,1.6100337505340576,0.010685935616493225,-17.590801239013672,-0.30701739968468655,-85.53845977783203,-1.4929277602079063,86.5934066772461,1.511340057036387,79.05220031738281,1.3797211764844364,92.24813079833984,1.6100336112414155,1.0685935616493225,0.010685935616493225,False,False,0.0,0.0,0.0,0.0,0.0,8.864669799804688,8.864669799804688,0.0,17.01360321044922,17.01360321044922,0.0,0.0,0.0,0.0,0.0,0.0
2,298,11.305860918015242,11.317606814089231,False,-17.36263656616211,-0.303035169839859,-88.13186645507812,-1.5381911993026733,90.5934066772461,1.5811532735824585,78.81318664550781,1.375549554824829,92.30769348144531,1.6110731363296509,0.7554945054945055,0.007554945054945055,-0.3011135160923004,-1.3065783977508545,1.2023144960403442,1.3753409385681152,1.6104841232299805,0.008181605488061905,-17.252532958984375,-0.3011135044431172,-84.13186645507812,-1.4683780754892832,86.5934066772461,1.511340057036387,78.80122375488281,1.3753408091234742,92.27394104003906,1.6104840849398023,0.8181605488061905,0.008181605488061905,False,False,0.0,0.0,0.0,0.0,0.0,9.270439147949219,9.270439147949219,0.0,17.70586395263672,17.70586395263672,0.0,0.0,0.0,0.0,0.0,0.0
2,299,11.339265597052872,11.353595825028606,False,-17.36263656616211,-0.303035169839859,-87.42857360839844,-1.5259164571762085,90.5934066772461,1.5811532735824585,78.81318664550781,1.375549554824829,92.30769348144531,1.6110731363296509,0.7554945054945055,0.007554945054945055,-0.3062475919723511,-1.1724309921264648,1.1029032468795776,1.3769655227661133,1.6058467626571655,0.007708054035902023,-17.546693801879883,-0.30624757968208555,-83.42857360839844,-1.456103299708999,86.5934066772461,1.511340057036387,78.8943099975586,1.3769654705464769,92.00823974609375,1.6058467225336475,0.7708054035902023,0.007708054035902023,False,False,0.0,0.0,0.0,0.0,0.0,16.25322723388672,16.25322723388672,0.0,23.401710510253906,23.401710510253906,0.0,0.0,0.0,0.0,0.0,0.0
2,300,11.372875999077223,11.542400988051668,False,-17.36263656616211,-0.303035169839859,-86.81318664550781,-1.5151759386062622,90.5934066772461,1.5811532735824585,78.81318664550781,1.375549554824829,92.30769348144531,1.6110731363296509,0.7554945054945055,0.007554945054945055,-0.3031481206417084,-1.6339747905731201,1.577824592590332,1.3758903741836548,1.6048330068588257,0.0016530901193618774,-17.36910629272461,-0.3031480929369105,-90.81318664550781,-1.5849891111922558,90.4026870727539,1.5778245420696702,78.83271026611328,1.375890352414412,91.95014953613281,1.6048328571066544,0.16530901193618774,0.0016530901193618774,False,False,0.0,0.0,0.0,0.0,0.0,2.806671142578125,2.806671142578125,0.0,0.0,0.0,0.0,0.0,0.0,0.0,0.0,0.0
2,301,11.543766924063675,11.55573452799581,False,-17.36263656616211,-0.303035169839859,-84.43955993652344,-1.4737483263015747,90.5934066772461,1.5811532735824585,78.19779968261719,1.3648090362548828,92.74725341796875,1.618744969367981,0.7554945054945055,0.007554945054945055,-0.3059283494949341,-1.655579686164856,1.599191427230835,1.3720026016235352,1.6073459386825562,0.0006473362445831299,-17.52840232849121,-0.3059283332464123,-88.43955993652344,-1.5435615099072013,91.62691497802734,1.599191349811485,78.60995483398438,1.3720025366970598,92.09413146972656,1.607345815911253,0.06473362445831299,0.0006473362445831299,False,False,0.0,0.0,0.0,0.0,0.0,6.4181671142578125,6.4181671142578125,0.0,0.0,0.0,0.0,0.0,0.0,0.0,0.0,0.0
2,302,11.577325536054559,11.590812409063801,False,-17.36263656616211,-0.303035169839859,-84.35164642333984,-1.4722139835357666,90.5934066772461,1.5811532735824585,78.10989379882812,1.3632748126983643,92.74725341796875,1.618744969367981,0.7554945054945055,0.007554945054945055,-0.30582332611083984,-1.6554436683654785,1.5901609659194946,1.3705509901046753,1.6052881479263306,-0.0005740001797676086,-17.522384643554688,-0.3058233048309223,-88.35164642333984,-1.5420271296451522,91.10950469970703,1.5901608368711353,78.52678680419922,1.370550980744912,91.97623443603516,1.6052881244950032,0.0,0.0,True,False,0.057400017976760864,0.0,0.0,0.0,0.0,6.498283386230469,6.498283386230469,0.0,0.0,0.0,0.0,0.0,0.0,0.0,0.0,0.0
2,303,11.610830890014768,11.621410517022014,False,-17.36263656616211,-0.303035169839859,-84.79120635986328,-1.4798856973648071,90.5934066772461,1.5811532735824585,78.19779968261719,1.3648090362548828,92.74725341796875,1.618744969367981,0.7554945054945055,0.007554945054945055,-0.2927027940750122,-1.6378467082977295,1.5867217779159546,1.370849609375,1.6024116277694702,0.0019148290157318115,-16.770633697509766,-0.29270277566745617,-88.79120635986328,-1.5496988977973434,90.9124526977539,1.586721630639407,78.54389190673828,1.37084952110311,91.81141662597656,1.6024115110435542,0.19148290157318115,0.0019148290157318115,False,False,0.0,0.0,0.0,0.0,0.0,5.0504913330078125,5.0504913330078125,0.0,0.0,0.0,0.0,0.0,0.0,0.0,0.0,0.0
2,304,11.645130781107582,11.656136397039518,False,-17.36263656616211,-0.303035169839859,-86.37362670898438,-1.5075041055679321,91.38461303710938,1.5949623584747314,78.54945373535156,1.3709465265274048,92.74725341796875,1.618744969367981,0.7554945054945055,0.007554945054945055,-0.29697030782699585,-1.6365716457366943,1.5816994905471802,1.3764493465423584,1.6187407970428467,-6.504356861114502e-06,-17.01514434814453,-0.2969702915772264,-90.37362670898438,-1.5773173430400647,90.62470245361328,1.5816994414557355,78.86473083496094,1.376449216769165,92.74700927734375,1.6187406832673752,0.0,0.0,True,False,0.0006504356861114502,0.0,0.0,0.0,0.0,3.39501953125,3.39501953125,0.0,0.0,0.0,0.0,0.0,0.0,0.0,0.0,0.0
2,305,11.678759685019031,11.692615281092003,False,-17.36263656616211,-0.303035169839859,-87.25274658203125,-1.5228476524353027,91.64835357666016,1.5995655059814453,78.72527313232422,1.374015212059021,92.48351287841797,1.614141821861267,0.6868131868131868,0.006868131868131868,-0.2969394028186798,-1.6732673645019531,1.5912868976593018,1.3719404935836792,1.6099157333374023,-5.543231964111328e-06,-17.01337432861328,-0.29693939890858145,-91.25274658203125,-1.5926608793444472,91.17401885986328,1.5912868213800209,78.60639190673828,1.3719403518856064,92.24137115478516,1.609915633205125,0.0,0.0,True,False,0.0005543231964111328,0.0,0.0,0.0,0.0,4.618408203125,4.618408203125,0.0,0.0,0.0,0.0,0.0,0.0,0.0,0.0,0.0
2,306,11.712218508007936,11.723419106099755,False,-17.36263656616211,-0.303035169839859,-88.04395294189453,-1.5366568565368652,91.64835357666016,1.5995655059814453,78.72527313232422,1.374015212059021,92.3956069946289,1.6126075983047485,0.6868131868131868,0.006868131868131868,-0.2996019124984741,-1.6638591289520264,1.5883502960205078,1.3715096712112427,1.6045218706130981,0.0005803629755973816,-17.165924072265625,-0.2996018942083882,-92.04395294189453,-1.6064700353867805,91.0057601928711,1.5883501536459903,78.58171081542969,1.371509585579286,91.93232727050781,1.604521799891333,0.05803629755973816,0.0005803629755973816,False,False,0.0,0.0,0.0,0.0,0.0,3.28814697265625,3.28814697265625,0.0,0.0,0.0,0.0,0.0,0.0,0.0,0.0,0.0
2,307,11.745402569067664,11.75584019406233,False,-17.27472496032715,-0.3015008270740509,-88.83516693115234,-1.5504661798477173,91.64835357666016,1.5995655059814453,78.81318664550781,1.375549554824829,92.3956069946289,1.6126075983047485,0.6868131868131868,0.006868131868131868,-0.29480236768722534,-1.6574962139129639,1.5869380235671997,1.3696446418762207,1.6074777841567993,0.001656748354434967,-16.89093017578125,-0.2948023452918474,-92.83516693115234,-1.6202793245871683,90.92484283447266,1.5869378793199214,78.474853515625,1.3696445738679037,92.1016845703125,1.607477642385212,0.1656748354434967,0.001656748354434967,False,False,0.0,0.0,0.0,0.0,0.0,2.1323623657226562,2.1323623657226562,0.0,0.0,0.0,0.0,0.0,0.0,0.0,0.0,0.0
2,308,11.778948440100066,11.7893606510479,False,-17.27472496032715,-0.3015008270740509,-89.97801971435547,-1.5704126358032227,91.64835357666016,1.5995655059814453,78.81318664550781,1.375549554824829,92.3956069946289,1.6126075983047485,0.6868131868131868,0.006868131868131868,-0.29155105352401733,-1.6556298732757568,1.5782839059829712,1.371776819229126,1.6123989820480347,0.0022794529795646667,-16.70464324951172,-0.2915510250750242,-93.97801971435547,-1.6402258685196438,90.42900085449219,1.5782838041996543,78.59701538085938,1.371776700636621,92.38365173339844,1.6123988977635695,0.22794529795646667,0.0022794529795646667,False,False,0.0,0.0,0.0,0.0,0.0,0.8825759887695312,0.8825759887695312,0.0,0.0,0.0,0.0,0.0,0.0,0.0,0.0,0.0
2,309,11.812568122055382,11.823832404101267,False,-17.27472496032715,-0.3015008270740509,-91.03296661376953,-1.588824987411499,91.64835357666016,1.5995655059814453,78.81318664550781,1.375549554824829,92.3956069946289,1.6126075983047485,0.6868131868131868,0.006868131868131868,-0.2942248582839966,-1.6563068628311157,1.5786781311035156,1.3740966320037842,1.6094290018081665,0.0008277222514152527,-16.85784149169922,-0.2942248388094637,-94.8993911743164,-1.6563068341298692,90.45159149169922,1.5786780851990405,78.72993469238281,1.3740965802621892,92.21348571777344,1.609428940515913,0.08277222514152527,0.0008277222514152527,False,False,0.0,0.0,0.0,0.0,0.0,0.0,0.0,0.0,0.0,0.0,0.0,0.0,0.0,0.0,0.0,0.0
2,310,11.847449147026055,11.85856115911156,False,-17.27472496032715,-0.3015008270740509,-91.9120864868164,-1.6041685342788696,91.64835357666016,1.5995655059814453,78.81318664550781,1.375549554824829,92.3956069946289,1.6126075983047485,0.6868131868131868,0.006868131868131868,-0.29940223693847656,-1.656497836112976,1.556646704673767,1.3761180639266968,1.6139657497406006,-0.00034358352422714233,-17.154483795166016,-0.2994022237056595,-94.91033172607422,-1.656497782780028,89.18928527832031,1.5566466856071965,78.84575653076172,1.3761180526876138,92.47341918945312,1.613965635432863,0.0,0.0,True,False,0.03435835242271423,0.0,0.0,0.0,0.0,0.0,0.0,0.0,0.0,0.0,0.0,0.0,0.0,0.0,0.0,0.0
2,311,11.879816594999284,11.890457308036275,False,-17.27472496032715,-0.3015008270740509,-92.96703338623047,-1.6225807666778564,91.64835357666016,1.5995655059814453,78.81318664550781,1.375549554824829,92.3956069946289,1.6126075983047485,0.6868131868131868,0.006868131868131868,-0.299620658159256,-1.6626551151275635,1.5767759084701538,1.3722840547561646,1.6086230278015137,0.0005683451890945435,-17.1669979095459,-0.29962063620455964,-95.26311492919922,-1.6626550112202911,90.34259796142578,1.576775789232397,78.62608337402344,1.3722840328242811,92.16730499267578,1.6086229348120005,0.056834518909454346,0.0005683451890945435,False,False,0.0,0.0,0.0,0.0,0.0,0.0,0.0,0.0,0.0,0.0,0.0,0.0,0.0,0.0,0.0,0.0
2,312,11.914125969051383,11.924932559020817,False,-17.27472496032715,-0.3015008270740509,-93.5824203491211,-1.6333212852478027,91.47252655029297,1.5964967012405396,78.81318664550781,1.375549554824829,92.3956069946289,1.6126075983047485,0.6868131868131868,0.006868131868131868,-0.2961481213569641,-1.6637706756591797,1.5849106311798096,1.3728256225585938,1.609705924987793,0.0007572248578071594,-16.968036651611328,-0.2961481071696917,-95.32703399658203,-1.6637706094009255,90.80868530273438,1.5849105479400984,78.65711212158203,1.3728255866319488,92.2293472290039,1.6097057761112268,0.07572248578071594,0.0007572248578071594,False,False,0.0,0.0,0.0,0.0,0.0,0.0,0.0,0.0,0.0,0.0,0.0,0.0,0.0,0.0,0.0,0.0
2,313,11.948087871074677,11.958920255070552,False,-17.27472496032715,-0.3015008270740509,-94.02198028564453,-1.6409931182861328,91.38461303710938,1.5949623584747314,78.81318664550781,1.375549554824829,92.3956069946289,1.6126075983047485,0.6868131868131868,0.006868131868131868,-0.29427260160446167,-1.6529710292816162,1.577038288116455,1.3700757026672363,1.6103178262710571,0.0019091442227363586,-16.860576629638672,-0.29427257597200335,-94.70825958251953,-1.652970958548436,90.35763549804688,1.5770382437578243,78.49954986572266,1.370075606490333,92.26441192626953,1.610317770529727,0.19091442227363586,0.0019091442227363586,False,False,0.0,0.0,0.0,0.0,0.0,0.0,0.0,0.0,0.0,0.0,0.0,0.0,0.0,0.0,0.0,0.0
2,314,11.981053611030802,11.991476464085281,False,-17.27472496032715,-0.3015008270740509,-94.28571319580078,-1.6455961465835571,91.38461303710938,1.5949623584747314,78.81318664550781,1.375549554824829,92.3956069946289,1.6126075983047485,0.6868131868131868,0.006868131868131868,-0.29812294244766235,-1.677949070930481,1.5804483890533447,1.3700346946716309,1.6159902811050415,0.00033793598413467407,-17.081186294555664,-0.2981229409865263,-96.13939666748047,-1.6779490127283982,90.55301666259766,1.5804482883756164,78.49720001220703,1.3700345938095457,92.58941650390625,1.6159901704935413,0.03379359841346741,0.00033793598413467407,False,False,0.0,0.0,0.0,0.0,0.0,0.0,0.0,0.0,0.0,0.0,0.0,0.0,0.0,0.0,0.0,0.0
2,315,12.014508667052723,12.025282871094532,False,-17.27472496032715,-0.3015008270740509,-94.37362670898438,-1.6471304893493652,91.38461303710938,1.5949623584747314,78.81318664550781,1.375549554824829,92.3956069946289,1.6126075983047485,0.6868131868131868,0.006868131868131868,-0.2969568371772766,-1.6766369342803955,1.5819740295410156,1.3700605630874634,1.6065363883972168,0.0008980408310890198,-17.014371871948242,-0.29695680932420787,-96.06421661376953,-1.6766368732593162,90.64042663574219,1.581973880206068,78.4986801147461,1.3700604264721195,92.0477523803711,1.6065363480979236,0.08980408310890198,0.0008980408310890198,False,False,0.0,0.0,0.0,0.0,0.0,0.0,0.0,0.0,0.0,0.0,0.0,0.0,0.0,0.0,0.0,0.0
2,316,12.048631528043188,12.060541180078872,False,-17.27472496032715,-0.3015008270740509,-94.46154022216797,-1.6486648321151733,91.38461303710938,1.5949623584747314,78.81318664550781,1.375549554824829,92.3956069946289,1.6126075983047485,0.6868131868131868,0.006868131868131868,-0.3017626404762268,-1.6726171970367432,1.568660020828247,1.369933009147644,1.609910249710083,0.0009960681200027466,-17.289724349975586,-0.30176261666931037,-95.83390045166016,-1.6726170979099506,89.87759399414062,1.568659938968435,78.49137878417969,1.3699329942139593,92.24105834960938,1.6099101737248904,0.09960681200027466,0.0009960681200027466,False,False,0.0,0.0,0.0,0.0,0.0,0.0,0.0,0.0,0.0,0.0,0.0,0.0,0.0,0.0,0.0,0.0
2,317,12.081666510086507,12.094203928019851,False,-17.36263656616211,-0.303035169839859,-95.07691955566406,-1.65940523147583,91.38461303710938,1.5949623584747314,78.81318664550781,1.375549554824829,92.3956069946289,1.6126075983047485,0.6868131868131868,0.006868131868131868,-0.29820042848587036,-1.6750880479812622,1.5695542097091675,1.3698742389678955,1.608891487121582,0.001410461962223053,-17.08562469482422,-0.298200405684734,-95.97547149658203,-1.675087978769326,89.92882537841797,1.5695540953044291,78.48800659179688,1.3698741383538684,92.18268585205078,1.6088913814498806,0.1410461962223053,0.001410461962223053,False,False,0.0,0.0,0.0,0.0,0.0,0.0,0.0,0.0,0.0,0.0,0.0,0.0,0.0,0.0,0.0,0.0
2,318,12.115292426082306,12.127233010018244,False,-17.450550079345703,-0.3045695424079895,-95.07691955566406,-1.65940523147583,91.38461303710938,1.5949623584747314,78.81318664550781,1.375549554824829,92.3956069946289,1.6126075983047485,0.6868131868131868,0.006868131868131868,-0.3043614327907562,-1.6387284994125366,1.5531978607177734,1.3681919574737549,1.6240077018737793,0.0013170242309570312,-17.43862533569336,-0.30436142912955055,-93.89221954345703,-1.6387283730386923,88.9916763305664,1.5531977588374895,78.39161682128906,1.3681918194932654,93.04878234863281,1.6240076169552249,0.13170242309570312,0.0013170242309570312,False,False,0.0,0.0,0.0,0.0,0.0,0.0,0.0,0.0,0.0,0.0,0.0,0.0,0.0,0.0,0.0,0.0
2,319,12.148743169032969,12.160246115061454,False,-17.450550079345703,-0.3045695424079895,-95.16483306884766,-1.6609396934509277,91.38461303710938,1.5949623584747314,78.81318664550781,1.375549554824829,92.3956069946289,1.6126075983047485,0.6868131868131868,0.006868131868131868,-0.3017920255661011,-1.642541527748108,1.5396147966384888,1.368546485900879,1.6163837909698486,0.0015229806303977966,-17.29140853881836,-0.3017920113098421,-94.1106948852539,-1.6425414870874677,88.21342468261719,1.5396147051717037,78.41193389892578,1.3685464193924095,92.6119613647461,1.6163836525446005,0.15229806303977966,0.0015229806303977966,False,False,0.0,0.0,0.0,0.0,0.0,0.0,0.0,0.0,0.0,0.0,0.0,0.0,0.0,0.0,0.0,0.0
2,320,12.182060639024712,12.192543697077781,False,-17.450550079345703,-0.3045695424079895,-95.07691955566406,-1.65940523147583,91.38461303710938,1.5949623584747314,78.81318664550781,1.375549554824829,92.3956069946289,1.6126075983047485,0.6868131868131868,0.006868131868131868,-0.3097500801086426,-1.5390560626983643,1.392096996307373,1.371854305267334,1.6164138317108154,0.0016663596034049988,-17.747371673583984,-0.3097500692792169,-91.07691955566406,-1.5895921188203488,87.38461303710938,1.5251492130787205,78.60145568847656,1.3718541986243424,92.61368560791016,1.6164137462649184,0.16663596034049988,0.0016663596034049988,False,False,0.0,0.0,0.0,0.0,0.0,2.8955078125,2.8955078125,0.0,7.6233367919921875,7.6233367919921875,0.0,0.0,0.0,0.0,0.0,0.0
2,321,12.215705368085764,12.227056438103318,False,-17.36263656616211,-0.303035169839859,-94.63735961914062,-1.6517335176467896,91.29669952392578,1.5934280157089233,78.81318664550781,1.375549554824829,92.3956069946289,1.6126075983047485,0.6868131868131868,0.006868131868131868,-0.3151690363883972,-1.41146719455719,1.2935271263122559,1.3711941242218018,1.6216614246368408,0.0008425936102867126,-18.05785369873047,-0.31516900288628286,-90.63735961914062,-1.5819203506681576,87.29669952392578,1.5236148328166712,78.56362915039062,1.3711940009901118,92.91435241699219,1.621661372034865,0.08425936102867126,0.0008425936102867126,False,False,0.0,0.0,0.0,0.0,0.0,9.766250610351562,9.766250610351562,0.0,13.183059692382812,13.183059692382812,0.0,0.0,0.0,0.0,0.0,0.0
2,322,12.249228818109259,12.26098029804416,False,-17.36263656616211,-0.303035169839859,-94.28571319580078,-1.6455961465835571,91.03296661376953,1.588824987411499,78.81318664550781,1.375549554824829,92.3956069946289,1.6126075983047485,0.6868131868131868,0.006868131868131868,-0.3193795680999756,-1.403777003288269,1.2961945533752441,1.3744980096817017,1.6173951625823975,0.0015663877129554749,-18.299100875854492,-0.319379560438239,-90.28571319580078,-1.5757829627780156,87.03296661376953,1.5190118251885782,78.7529296875,1.374497918638464,92.66991424560547,1.6173951211266127,0.15663877129554749,0.0015663877129554749,False,False,0.0,0.0,0.0,0.0,0.0,9.855216979980469,9.855216979980469,0.0,12.766494750976562,12.766494750976562,0.0,0.0,0.0,0.0,0.0,0.0
2,323,12.283204517094418,12.294297350104898,False,-17.27472496032715,-0.3015008270740509,-93.67032623291016,-1.6348556280136108,90.94505310058594,1.587290644645691,78.81318664550781,1.375549554824829,92.3956069946289,1.6126075983047485,0.6868131868131868,0.006868131868131868,-0.3170373737812042,-1.491302251815796,1.3500062227249146,1.3746694326400757,1.618538498878479,0.001973092555999756,-18.164901733398438,-0.31703734354902796,-89.67032623291016,-1.565042434101726,86.94505310058594,1.5174774449265291,78.76274871826172,1.3746692930546107,92.73542022705078,1.6185384161825835,0.19730925559997559,0.001973092555999756,False,False,0.0,0.0,0.0,0.0,0.0,4.225006103515625,4.225006103515625,0.0,9.59539794921875,9.59539794921875,0.0,0.0,0.0,0.0,0.0,0.0
2,324,12.31658511608839,12.32753902906552,False,-17.538461685180664,-0.3061038851737976,-92.26373291015625,-1.610305905342102,90.94505310058594,1.587290644645691,78.81318664550781,1.375549554824829,92.3956069946289,1.6126075983047485,0.6868131868131868,0.006868131868131868,-0.31316938996315,-1.4651291370391846,1.3403620719909668,1.3732059001922607,1.6194519996643066,0.0019505023956298828,-17.943283081054688,-0.3131693683817969,-88.26373291015625,-1.5404927493831029,86.94505310058594,1.5174774449265291,78.67890167236328,1.373205886035612,92.78775787353516,1.6194518804364808,0.19505023956298828,0.0019505023956298828,False,False,0.0,0.0,0.0,0.0,0.0,4.318023681640625,4.318023681640625,0.0,10.147964477539062,10.147964477539062,0.0,0.0,0.0,0.0,0.0,0.0
2,325,12.350163201102987,12.384248302085325,False,-18.241758346557617,-0.318378746509552,-90.76923370361328,-1.5842219591140747,90.94505310058594,1.587290644645691,78.81318664550781,1.375549554824829,92.3956069946289,1.6126075983047485,0.6868131868131868,0.006868131868131868,-0.3015861511230469,-1.5524002313613892,1.4163012504577637,1.3738161325454712,1.6231557130813599,0.0022828131914138794,-17.279613494873047,-0.30158614895757896,-88.94597625732422,-1.5524001420910107,86.94505310058594,1.5174774449265291,78.71385955810547,1.3738160162413493,92.99996948242188,1.6231556717225084,0.22828131914138794,0.0022828131914138794,False,False,0.0,0.0,0.0,0.0,0.0,0.0,0.0,0.0,5.796974182128906,5.796974182128906,0.0,0.0,0.0,0.0,0.0,0.0
2,326,12.38566486001946,12.399316280032508,False,-18.153846740722656,-0.3168444037437439,-90.5054931640625,-1.5796188116073608,90.94505310058594,1.587290644645691,78.81318664550781,1.375549554824829,92.3956069946289,1.6126075983047485,0.6868131868131868,0.006868131868131868,-0.29890334606170654,-1.637447476387024,1.5315581560134888,1.3726181983947754,1.6188312768936157,0.0021884366869926453,-17.125898361206055,-0.2989033137649468,-93.8188247680664,-1.6374473925543642,87.75181579589844,1.5315581102419962,78.64522552490234,1.3726181263830317,92.752197265625,1.6188312307444377,0.21884366869926453,0.0021884366869926453,False,False,0.0,0.0,0.0,0.0,0.0,0.0,0.0,0.0,0.0,0.0,0.0,0.0,0.0,0.0,0.0,0.0
2,327,12.419150449102744,12.43199092708528,False,-17.714284896850586,-0.3091726005077362,-90.06593322753906,-1.5719470977783203,90.85713958740234,1.5857561826705933,78.81318664550781,1.375549554824829,92.3956069946289,1.6126075983047485,0.6868131868131868,0.006868131868131868,-0.29280388355255127,-1.663730502128601,1.541340708732605,1.3735182285308838,1.617805004119873,0.0008105561137199402,-16.776426315307617,-0.2928038759203383,-94.06593322753906,-1.641760248781693,88.31230926513672,1.5413405667161297,78.69679260253906,1.373518141673424,92.69339752197266,1.6178049816183757,0.08105561137199402,0.0008105561137199402,False,False,0.0,0.0,0.0,0.0,0.0,1.2587966918945312,1.2587966918945312,0.0,0.0,0.0,0.0,0.0,0.0,0.0,0.0,0.0
2,328,12.453084008069709,12.464213938103057,False,-17.538461685180664,-0.3061038851737976,-89.80220031738281,-1.567344069480896,90.76923370361328,1.5842219591140747,78.81318664550781,1.375549554824829,92.3956069946289,1.6126075983047485,0.6868131868131868,0.006868131868131868,-0.2943536043167114,-1.6608824729919434,1.5373735427856445,1.373050570487976,1.620181679725647,0.0016484260559082031,-16.865219116210938,-0.294353602648169,-93.80220031738281,-1.6371572411536,88.08501434326172,1.5373735219563476,78.66999816894531,1.373050490586006,92.8295669555664,1.6201815865751625,0.1648426055908203,0.0016484260559082031,False,False,0.0,0.0,0.0,0.0,0.0,1.3593521118164062,1.3593521118164062,0.0,0.0,0.0,0.0,0.0,0.0,0.0,0.0,0.0
2,329,12.486426427029073,12.500791714061052,False,-17.538461685180664,-0.3061038851737976,-91.29669952392578,-1.5934280157089233,90.76923370361328,1.5842219591140747,78.81318664550781,1.375549554824829,92.3956069946289,1.6126075983047485,0.6868131868131868,0.006868131868131868,-0.2958260178565979,-1.6456025838851929,1.538864016532898,1.3727117776870728,1.6228880882263184,0.002510637044906616,-16.949581146240234,-0.29582599783584657,-94.28607940673828,-1.6456025244444048,88.17041015625,1.5388639600604106,78.65058898925781,1.3727117364953478,92.98463439941406,1.6228880240329555,0.2510637044906616,0.002510637044906616,False,False,0.0,0.0,0.0,0.0,0.0,0.0,0.0,0.0,0.0,0.0,0.0,0.0,0.0,0.0,0.0,0.0
2,330,12.520278750103898,12.696394491009414,False,-17.626373291015625,-0.3076382577419281,-93.05494689941406,-1.624115228652954,90.76923370361328,1.5842219591140747,78.81318664550781,1.375549554824829,92.3956069946289,1.6126075983047485,0.6868131868131868,0.006868131868131868,-0.30225324630737305,-1.6700230836868286,1.5823471546173096,1.374906301498413,1.6085948944091797,0.0009645968675613403,-17.317834854125977,-0.3022532375211302,-95.68527221679688,-1.670023045850159,90.66181182861328,1.5823471222328427,78.77632141113281,1.3749061812335732,92.16569519042969,1.6085948384625002,0.09645968675613403,0.0009645968675613403,False,False,0.0,0.0,0.0,0.0,0.0,0.0,0.0,0.0,0.0,0.0,0.0,0.0,0.0,0.0,0.0,0.0
2,331,12.697891563060693,12.71176329406444,False,-17.098901748657227,-0.2984321415424347,-93.84615325927734,-1.637924313545227,90.76923370361328,1.5842219591140747,78.81318664550781,1.375549554824829,92.3956069946289,1.6126075983047485,0.6868131868131868,0.006868131868131868,-0.30177342891693115,-1.6957755088806152,1.595575213432312,1.3759765625,1.6072158813476562,0.0016193166375160217,-17.290342330932617,-0.3017734024717252,-97.16077423095703,-1.6957754141170616,91.41972351074219,1.5955751765253208,78.837646484375,1.375976505675676,92.08668518066406,1.6072158536500571,0.16193166375160217,0.0016193166375160217,False,False,0.0,0.0,0.0,0.0,0.0,0.0,0.0,0.0,0.0,0.0,0.0,0.0,0.0,0.0,0.0,0.0
2,332,12.732696291059256,12.744927625055425,False,-17.098901748657227,-0.2984321415424347,-93.75823974609375,-1.636389970779419,90.76923370361328,1.5842219591140747,78.81318664550781,1.375549554824829,92.3956069946289,1.6126075983047485,0.6868131868131868,0.006868131868131868,-0.29871708154678345,-1.6876022815704346,1.5919824838638306,1.3765910863876343,1.6100428104400635,0.00040850788354873657,-17.11522674560547,-0.29871705893620937,-96.6924819946289,-1.6876021727316084,91.21387481689453,1.5919824390567494,78.87285614013672,1.3765910300972117,92.24864959716797,1.6100426659891218,0.04085078835487366,0.00040850788354873657,False,False,0.0,0.0,0.0,0.0,0.0,0.0,0.0,0.0,0.0,0.0,0.0,0.0,0.0,0.0,0.0,0.0
2,333,12.765678790048696,12.778049111017026,False,-17.098901748657227,-0.2984321415424347,-94.54945373535156,-1.650199294090271,91.03296661376953,1.588824987411499,78.81318664550781,1.375549554824829,92.3956069946289,1.6126075983047485,0.6868131868131868,0.006868131868131868,-0.3002474904060364,-1.7208703756332397,1.5978056192398071,1.3733190298080444,1.6107743978500366,0.0010237246751785278,-17.202913284301758,-0.300247477746137,-98.54945373535156,-1.7200124437237092,91.54751586914062,1.5978055739382622,78.68537902832031,1.3733189372238859,92.29057312011719,1.6107743694986212,0.10237246751785278,0.0010237246751785278,False,False,0.0,0.0,0.0,0.0,0.0,0.0491485595703125,0.0491485595703125,0.0,0.0,0.0,0.0,0.0,0.0,0.0,0.0,0.0
2,334,12.799095285008661,12.81139767903369,False,-17.098901748657227,-0.2984321415424347,-95.51648712158203,-1.6670771837234497,91.47252655029297,1.5964967012405396,78.81318664550781,1.375549554824829,92.3956069946289,1.6126075983047485,0.6868131868131868,0.006868131868131868,-0.29627954959869385,-1.693457841873169,1.5851889848709106,1.3708492517471313,1.6091742515563965,0.0007079541683197021,-16.975566864013672,-0.2962795341694871,-97.02798461914062,-1.6934577981784202,90.82463073730469,1.5851888482740117,78.54386901855469,1.3708491216289465,92.19889068603516,1.6091742091576469,0.07079541683197021,0.0007079541683197021,False,False,0.0,0.0,0.0,0.0,0.0,0.0,0.0,0.0,0.0,0.0,0.0,0.0,0.0,0.0,0.0,0.0
2,335,12.832338722073473,12.844110977021046,False,-17.36263656616211,-0.303035169839859,-95.86813354492188,-1.6732145547866821,91.47252655029297,1.5964967012405396,78.81318664550781,1.375549554824829,92.3956069946289,1.6126075983047485,0.6868131868131868,0.006868131868131868,-0.298647940158844,-1.695920705795288,1.5966769456863403,1.3735557794570923,1.607363224029541,-0.0005507543683052063,-17.111265182495117,-0.29864791661640816,-97.1690902709961,-1.695920556396471,91.48284149169922,1.5966767931102321,78.69894409179688,1.373555692244794,92.09512329101562,1.6073631264583386,0.0,0.0,True,False,0.05507543683052063,0.0,0.0,0.0,0.0,0.0,0.0,0.0,0.0,0.0,0.0,0.0,0.0,0.0,0.0,0.0
2,336,12.865813809097745,12.877876133075915,False,-17.36263656616211,-0.303035169839859,-96.48351287841797,-1.6839549541473389,91.47252655029297,1.5964967012405396,78.81318664550781,1.375549554824829,92.3956069946289,1.6126075983047485,0.6868131868131868,0.006868131868131868,-0.2954897880554199,-1.7033684253692627,1.587143898010254,1.3716003894805908,1.6120613813400269,0.0016658678650856018,-16.930316925048828,-0.2954897737482241,-97.59581756591797,-1.7033683527009866,90.9366455078125,1.5871438748302389,78.58690643310547,1.3716002662144033,92.36431121826172,1.612061342095402,0.16658678650856018,0.0016658678650856018,False,False,0.0,0.0,0.0,0.0,0.0,0.0,0.0,0.0,0.0,0.0,0.0,0.0,0.0,0.0,0.0,0.0
2,337,12.899258699035272,12.911060173995793,False,-17.36263656616211,-0.303035169839859,-96.48351287841797,-1.6839549541473389,91.47252655029297,1.5964967012405396,78.81318664550781,1.375549554824829,92.3956069946289,1.6126075983047485,0.6868131868131868,0.006868131868131868,-0.2918208837509155,-1.717557668685913,1.5980335474014282,1.372023582458496,1.6061856746673584,0.0007629245519638062,-16.720104217529297,-0.2918208698724764,-98.40879821777344,-1.7175575418308742,91.5605697631836,1.5980334073695186,78.61115264892578,1.372023442511617,92.02765655517578,1.6061856097823601,0.07629245519638062,0.0007629245519638062,False,False,0.0,0.0,0.0,0.0,0.0,0.0,0.0,0.0,0.0,0.0,0.0,0.0,0.0,0.0,0.0,0.0
2,338,12.932694397051819,12.946725910063833,False,-17.36263656616211,-0.303035169839859,-96.57142639160156,-1.685489296913147,91.47252655029297,1.5964967012405396,78.81318664550781,1.375549554824829,92.3956069946289,1.6126075983047485,0.6868131868131868,0.006868131868131868,-0.2970268726348877,-1.714121699333191,1.5867849588394165,1.3702093362808228,1.6019320487976074,0.001635238528251648,-17.01838493347168,-0.29702685046087696,-98.2119369506836,-1.7141216645505084,90.91607666015625,1.5867848807152962,78.50720977783203,1.370209297177055,91.78394317626953,1.6019320088892854,0.1635238528251648,0.001635238528251648,False,False,0.0,0.0,0.0,0.0,0.0,0.0,0.0,0.0,0.0,0.0,0.0,0.0,0.0,0.0,0.0,0.0
2,339,12.966065358021297,12.976789884036407,False,-17.36263656616211,-0.303035169839859,-96.92308044433594,-1.6916269063949585,91.47252655029297,1.5964967012405396,78.81318664550781,1.375549554824829,92.3956069946289,1.6126075983047485,0.6868131868131868,0.006868131868131868,-0.2941834330558777,-1.7044739723205566,1.5842258930206299,1.3714631795883179,1.6112561225891113,0.0008612126111984253,-16.85546875,-0.29418342665451297,-97.6591567993164,-1.7044738308694785,90.76945495605469,1.5842258492238392,78.57904815673828,1.3714631134182642,92.31816864013672,1.611256002181762,0.08612126111984253,0.0008612126111984253,False,False,0.0,0.0,0.0,0.0,0.0,0.0,0.0,0.0,0.0,0.0,0.0,0.0,0.0,0.0,0.0,0.0
2,340,12.99947427411098,13.009848114103079,False,-17.36263656616211,-0.303035169839859,-97.0988998413086,-1.6946954727172852,91.47252655029297,1.5964967012405396,78.81318664550781,1.375549554824829,92.3956069946289,1.6126075983047485,0.6868131868131868,0.006868131868131868,-0.2870717942714691,-1.7272295951843262,1.5946317911148071,1.3694082498550415,1.6078194379806519,0.0008740276098251343,-16.448001861572266,-0.2870717878585926,-98.96295928955078,-1.7272294771197696,91.36566925048828,1.5946317517091604,78.46131134033203,1.369408218321159,92.12126159667969,1.607819325953069,0.08740276098251343,0.0008740276098251343,False,False,0.0,0.0,0.0,0.0,0.0,0.0,0.0,0.0,0.0,0.0,0.0,0.0,0.0,0.0,0.0,0.0
2,341,13.03289669402875,13.043592742062174,False,-17.27472496032715,-0.3015008270740509,-97.0988998413086,-1.6946954727172852,91.47252655029297,1.5964967012405396,78.81318664550781,1.375549554824829,92.3956069946289,1.6126075983047485,0.6868131868131868,0.006868131868131868,-0.295459508895874,-1.7185686826705933,1.5957878828048706,1.3713828325271606,1.603635311126709,0.0013577938079833984,-16.92858123779297,-0.2954594802908244,-98.46672821044922,-1.7185686109387228,91.4319076538086,1.5957878299383637,78.57444763183594,1.3713828191113984,91.88153076171875,1.6036352335644457,0.13577938079833984,0.0013577938079833984,False,False,0.0,0.0,0.0,0.0,0.0,0.0,0.0,0.0,0.0,0.0,0.0,0.0,0.0,0.0,0.0,0.0
2,342,13.06614905805327,13.077874989015982,False,-17.186813354492188,-0.2999664843082428,-97.27472686767578,-1.697764277458191,91.47252655029297,1.5964967012405396,78.81318664550781,1.375549554824829,92.3956069946289,1.6126075983047485,0.6868131868131868,0.006868131868131868,-0.2941722869873047,-1.7063086032867432,1.5898175239562988,1.3689619302749634,1.604454517364502,0.001135118305683136,-16.854829788208008,-0.2941722746674483,-97.76427459716797,-1.7063084825444341,91.08982849121094,1.5898174222485695,78.43573760986328,1.368961872522462,91.928466796875,1.604454421915754,0.1135118305683136,0.001135118305683136,False,False,0.0,0.0,0.0,0.0,0.0,0.0,0.0,0.0,0.0,0.0,0.0,0.0,0.0,0.0,0.0,0.0
2,343,13.09960974205751,13.112667846027762,False,-17.098901748657227,-0.2984321415424347,-97.53845977783203,-1.7023673057556152,91.47252655029297,1.5964967012405396,78.81318664550781,1.375549554824829,92.3956069946289,1.6126075983047485,0.6868131868131868,0.006868131868131868,-0.289536714553833,-1.699371576309204,1.5867174863815308,1.3712555170059204,1.6051279306411743,0.00019103288650512695,-16.589231491088867,-0.2895367098950291,-97.36681365966797,-1.6993714805369957,90.9122085571289,1.5867173695816628,78.56714630126953,1.371255386853238,91.96704864501953,1.6051278021973805,0.019103288650512695,0.00019103288650512695,False,False,0.0,0.0,0.0,0.0,0.0,0.0,0.0,0.0,0.0,0.0,0.0,0.0,0.0,0.0,0.0,0.0
2,344,13.133273311075754,13.144605053006671,False,-17.098901748657227,-0.2984321415424347,-97.53845977783203,-1.7023673057556152,91.47252655029297,1.5964967012405396,78.81318664550781,1.375549554824829,92.3956069946289,1.6126075983047485,0.6868131868131868,0.006868131868131868,-0.28949207067489624,-1.6863330602645874,1.587391972541809,1.373161792755127,1.6025913953781128,0.001515895128250122,-16.586673736572266,-0.28949206865725663,-96.61975860595703,-1.6863329101560767,90.95085906982422,1.58739194828578,78.6763687133789,1.3731616775615167,91.82171630859375,1.6025912744171347,0.1515895128250122,0.001515895128250122,False,False,0.0,0.0,0.0,0.0,0.0,0.0,0.0,0.0,0.0,0.0,0.0,0.0,0.0,0.0,0.0,0.0
2,345,13.166825905092992,13.177592970081605,False,-17.098901748657227,-0.2984321415424347,-97.36264038085938,-1.699298620223999,91.47252655029297,1.5964967012405396,78.81318664550781,1.375549554824829,92.3956069946289,1.6126075983047485,0.6868131868131868,0.006868131868131868,-0.2952132523059845,-1.7146934270858765,1.5834884643554688,1.3724123239517212,1.6058120727539062,0.000701509416103363,-16.914472579956055,-0.295213237758533,-98.24468994140625,-1.714693312078494,90.72720336914062,1.5834884199179962,78.63343048095703,1.3724122640307685,92.0062484741211,1.605811968281422,0.0701509416103363,0.000701509416103363,False,False,0.0,0.0,0.0,0.0,0.0,0.0,0.0,0.0,0.0,0.0,0.0,0.0,0.0,0.0,0.0,0.0
2,346,13.199839887092821,13.211348445038311,False,-17.098901748657227,-0.2984321415424347,-97.27472686767578,-1.697764277458191,91.47252655029297,1.5964967012405396,78.81318664550781,1.375549554824829,92.3956069946289,1.6126075983047485,0.6868131868131868,0.006868131868131868,-0.3010643720626831,-1.6904656887054443,1.5712871551513672,1.3716951608657837,1.6052350997924805,0.0010853782296180725,-17.249717712402344,-0.3010643691210052,-96.8565444946289,-1.6904656035356618,90.02811431884766,1.5712870142257438,78.59233856201172,1.37169507474921,91.97319030761719,1.6052349944312563,0.10853782296180725,0.0010853782296180725,False,False,0.0,0.0,0.0,0.0,0.0,0.0,0.0,0.0,0.0,0.0,0.0,0.0,0.0,0.0,0.0,0.0
2,347,13.233499101013876,13.246089290012605,False,-17.098901748657227,-0.2984321415424347,-97.18681335449219,-1.6962298154830933,91.47252655029297,1.5964967012405396,78.81318664550781,1.375549554824829,92.3956069946289,1.6126075983047485,0.6868131868131868,0.006868131868131868,-0.29927778244018555,-1.6897902488708496,1.5757179260253906,1.3754849433898926,1.6047707796096802,0.0010756254196166992,-17.14735221862793,-0.29927775421421193,-96.81784057617188,-1.689790092725163,90.281982421875,1.575717848489363,78.80947875976562,1.3754848861384474,91.94658660888672,1.6047706722952009,0.10756254196166992,0.0010756254196166992,False,False,0.0,0.0,0.0,0.0,0.0,0.0,0.0,0.0,0.0,0.0,0.0,0.0,0.0,0.0,0.0,0.0
2,348,13.266823130077682,13.279103545006365,False,-17.098901748657227,-0.2984321415424347,-97.45054626464844,-1.7008328437805176,91.47252655029297,1.5964967012405396,78.81318664550781,1.375549554824829,92.3956069946289,1.6126075983047485,0.6868131868131868,0.006868131868131868,-0.3056144714355469,-1.6934458017349243,1.5565799474716187,1.3781213760375977,1.607261061668396,0.0008624419569969177,-17.510417938232422,-0.30561444642243285,-97.02729034423828,-1.6934456807954603,89.18545532226562,1.5565798402638356,78.96053314208984,1.3781212824595714,92.08927154541016,1.607260994230534,0.08624419569969177,0.0008624419569969177,False,False,0.0,0.0,0.0,0.0,0.0,0.0,0.0,0.0,0.0,0.0,0.0,0.0,0.0,0.0,0.0,0.0
2,349,13.300263327080756,13.31068531004712,False,-17.098901748657227,-0.2984321415424347,-97.27472686767578,-1.697764277458191,91.47252655029297,1.5964967012405396,78.81318664550781,1.375549554824829,92.3956069946289,1.6126075983047485,0.6868131868131868,0.006868131868131868,-0.2980479598045349,-1.7171787023544312,1.5913679599761963,1.373349905014038,1.6031842231750488,0.0007947385311126709,-17.076889038085938,-0.29804793971232696,-98.3870849609375,-1.7171785740077559,91.17866516113281,1.5913679146352138,78.68714904785156,1.3733498298925308,91.85568237304688,1.6031840940757862,0.07947385311126709,0.0007947385311126709,False,False,0.0,0.0,0.0,0.0,0.0,0.0,0.0,0.0,0.0,0.0,0.0,0.0,0.0,0.0,0.0,0.0
2,350,13.333586510038003,13.345212294021621,False,-17.098901748657227,-0.2984321415424347,-97.18681335449219,-1.6962298154830933,91.38461303710938,1.5949623584747314,78.81318664550781,1.375549554824829,92.3956069946289,1.6126075983047485,0.6868131868131868,0.006868131868131868,-0.2989964485168457,-1.707796335220337,1.5788971185684204,1.3747150897979736,1.6067895889282227,0.0011315569281578064,-17.13123321533203,-0.29899642453455866,-97.84951782226562,-1.7077962574874068,90.4641342163086,1.578896997040645,78.76536560058594,1.3747149662673055,92.062255859375,1.6067894815595356,0.11315569281578064,0.0011315569281578064,False,False,0.0,0.0,0.0,0.0,0.0,0.0,0.0,0.0,0.0,0.0,0.0,0.0,0.0,0.0,0.0,0.0
2,351,13.366876705083996,13.3775497560855,False,-17.098901748657227,-0.2984321415424347,-97.18681335449219,-1.6962298154830933,91.29669952392578,1.5934280157089233,78.81318664550781,1.375549554824829,92.3956069946289,1.6126075983047485,0.6868131868131868,0.006868131868131868,-0.29049938917160034,-1.685271143913269,1.5576032400131226,1.3742952346801758,1.6082823276519775,0.0006604641675949097,-16.64438819885254,-0.2904993760500655,-96.55892181396484,-1.6852711078294622,89.24408721923828,1.5576031599126985,78.7413101196289,1.3742951189214545,92.14778137207031,1.608282183350525,0.06604641675949097,0.0006604641675949097,False,False,0.0,0.0,0.0,0.0,0.0,0.0,0.0,0.0,0.0,0.0,0.0,0.0,0.0,0.0,0.0,0.0
2,352,13.400310072000138,13.410613874089904,False,-17.098901748657227,-0.2984321415424347,-97.36264038085938,-1.699298620223999,91.29669952392578,1.5934280157089233,78.81318664550781,1.375549554824829,92.3956069946289,1.6126075983047485,0.6868131868131868,0.006868131868131868,-0.30198967456817627,-1.6177479028701782,1.4315396547317505,1.3806798458099365,1.6011624336242676,0.0010227933526039124,-17.302732467651367,-0.3019896511522396,-93.36264038085938,-1.6294854730014088,87.29669952392578,1.5236148328166712,79.10712432861328,1.3806797813188105,91.7398452758789,1.6011623553342527,0.10227933526039124,0.0010227933526039124,False,False,0.0,0.0,0.0,0.0,0.0,0.672515869140625,0.672515869140625,0.0,5.275520324707031,5.275520324707031,0.0,0.0,0.0,0.0,0.0,0.0
2,353,13.433875002083369,13.468969849054702,False,-17.098901748657227,-0.2984321415424347,-97.0988998413086,-1.6946954727172852,91.29669952392578,1.5934280157089233,78.81318664550781,1.375549554824829,92.3956069946289,1.6126075983047485,0.6868131868131868,0.006868131868131868,-0.3035903573036194,-1.4944493770599365,1.3211466073989868,1.380009412765503,1.6118806600570679,-0.0003844946622848511,-17.394445419311523,-0.30359034412543173,-93.0988998413086,-1.6248823322152612,87.29669952392578,1.5236148328166712,79.06871032714844,1.380009330514383,92.35395050048828,1.6118805134573855,0.0,0.0,True,False,0.03844946622848511,0.0,0.0,0.0,0.0,7.473258972167969,7.473258972167969,0.0,11.600578308105469,11.600578308105469,0.0,0.0,0.0,0.0,0.0,0.0
2,354,13.470334327081218,13.48237229604274,False,-17.098901748657227,-0.2984321415424347,-96.3956069946289,-1.6824207305908203,90.94505310058594,1.587290644645691,78.81318664550781,1.375549554824829,92.3956069946289,1.6126075983047485,0.6868131868131868,0.006868131868131868,-0.31086212396621704,-1.6294537782669067,1.4108607769012451,1.3794174194335938,1.6125777959823608,0.003349386155605316,-17.811086654663086,-0.3108621054818931,-93.3608169555664,-1.6294536482263824,86.94505310058594,1.5174774449265291,79.0347900390625,1.3794173098040583,92.3938980102539,1.6125777290307681,0.3349386155605316,0.003349386155605316,False,False,0.0,0.0,0.0,0.0,0.0,0.0,0.0,0.0,6.1086883544921875,6.1086883544921875,0.0,0.0,0.0,0.0,0.0,0.0
2,355,13.503914442029782,13.517099780030549,False,-17.098901748657227,-0.2984321415424347,-95.34066009521484,-1.664008378982544,90.68132019042969,1.5826876163482666,78.81318664550781,1.375549554824829,92.3956069946289,1.6126075983047485,0.6868131868131868,0.006868131868131868,-0.30334097146987915,-1.511677861213684,1.351582646369934,1.3795113563537598,1.6118342876434326,0.0003092736005783081,-17.380155563354492,-0.3033409390893458,-91.34066009521484,-1.5941952596064963,86.68132019042969,1.5128744372984362,79.04017639160156,1.3795113193905382,92.3512954711914,1.611834174454418,0.03092736005783081,0.0003092736005783081,False,False,0.0,0.0,0.0,0.0,0.0,4.7279052734375,4.7279052734375,0.0,9.241340637207031,9.241340637207031,0.0,0.0,0.0,0.0,0.0,0.0
2,356,13.53760238410905,13.549185662064701,False,-17.098901748657227,-0.2984321415424347,-94.9011001586914,-1.6563366651535034,90.5934066772461,1.5811532735824585,78.81318664550781,1.375549554824829,92.3956069946289,1.6126075983047485,0.6868131868131868,0.006868131868131868,-0.3045526146888733,-1.6488263607025146,1.4614412784576416,1.3799538612365723,1.6067653894424438,0.003612421452999115,-17.4495792388916,-0.30455261080630464,-94.47078704833984,-1.6488262809439458,86.5934066772461,1.511340057036387,79.0655288696289,1.379953803605655,92.06086730957031,1.6067652467936158,0.3612421452999115,0.003612421452999115,False,False,0.0,0.0,0.0,0.0,0.0,0.0,0.0,0.0,2.8589935302734375,2.8589935302734375,0.0,0.0,0.0,0.0,0.0,0.0
2,357,13.570813319063745,13.58289505110588,False,-17.098901748657227,-0.2984321415424347,-94.10989379882812,-1.642527461051941,90.5934066772461,1.5811532735824585,78.81318664550781,1.375549554824829,92.3956069946289,1.6126075983047485,0.6868131868131868,0.006868131868131868,-0.2972702383995056,-1.6941572427749634,1.5463193655014038,1.3757942914962769,1.6114423274993896,0.002265043556690216,-17.032329559326172,-0.29727023009499653,-97.06805419921875,-1.694157144280675,88.59757232666016,1.5463193463740328,78.82720184326172,1.37579421229906,92.32884216308594,1.611442290300013,0.2265043556690216,0.002265043556690216,False,False,0.0,0.0,0.0,0.0,0.0,0.0,0.0,0.0,0.0,0.0,0.0,0.0,0.0,0.0,0.0,0.0
2,358,13.604282940039411,13.616354771074839,False,-17.098901748657227,-0.2984321415424347,-93.14286041259766,-1.6256495714187622,90.5934066772461,1.5811532735824585,78.81318664550781,1.375549554824829,92.3956069946289,1.6126075983047485,0.6868131868131868,0.006868131868131868,-0.29845353960990906,-1.574035406112671,1.4360668659210205,1.3792402744293213,1.6157383918762207,-0.00037626922130584717,-17.100128173828125,-0.29845353914634604,-90.18557739257812,-1.5740352633126509,86.5934066772461,1.511340057036387,79.02464294433594,1.3792402095915681,92.57498931884766,1.6157383686124742,0.0,0.0,True,False,0.03762692213058472,0.0,0.0,0.0,0.0,0.0,0.0,0.0,4.312843322753906,4.312843322753906,0.0,0.0,0.0,0.0,0.0,0.0
2,359,13.637473909999244,13.651944422046654,False,-17.098901748657227,-0.2984321415424347,-92.52747344970703,-1.614909052848816,90.5934066772461,1.5811532735824585,78.81318664550781,1.375549554824829,92.3956069946289,1.6126075983047485,0.6868131868131868,0.006868131868131868,-0.3061752915382385,-1.4333510398864746,1.3028472661972046,1.3789706230163574,1.6081392765045166,0.0019080936908721924,-17.542551040649414,-0.3061752748584899,-88.52747344970703,-1.5450958901692504,86.5934066772461,1.511340057036387,79.00919342041016,1.3789705645311976,92.13958740234375,1.6081391715999878,0.19080936908721924,0.0019080936908721924,False,False,0.0,0.0,0.0,0.0,0.0,6.4025115966796875,6.4025115966796875,0.0,11.945762634277344,11.945762634277344,0.0,0.0,0.0,0.0,0.0,0.0
2,360,13.67154415405821,13.834485403029248,False,-17.098901748657227,-0.2984321415424347,-93.67032623291016,-1.6348556280136108,90.68132019042969,1.5826876163482666,78.81318664550781,1.375549554824829,92.3956069946289,1.6126075983047485,0.6868131868131868,0.006868131868131868,-0.28641343116760254,-1.706238031387329,1.6017265319824219,1.3717104196548462,1.6081085205078125,0.0007867515087127686,-16.410280227661133,-0.2864134211476114,-97.67032623291016,-1.7046687742612723,91.77216339111328,1.6017264128531314,78.59321594238281,1.3717103879254782,92.13782501220703,1.6081084120893974,0.07867515087127686,0.0007867515087127686,False,False,0.0,0.0,0.0,0.0,0.0,0.08990478515625,0.08990478515625,0.0,0.0,0.0,0.0,0.0,0.0,0.0,0.0,0.0
2,361,13.836094516096637,13.850106118014082,False,-17.36263656616211,-0.303035169839859,-89.45054626464844,-1.561206579208374,89.89010620117188,1.5688782930374146,78.81318664550781,1.375549554824829,92.3956069946289,1.6126075983047485,0.6868131868131868,0.006868131868131868,-0.28571638464927673,-1.7196844816207886,1.6010569334030151,1.3737024068832397,1.6059410572052002,-0.0003674924373626709,-16.370342254638672,-0.2857163720217968,-93.45054626464844,-1.6310197201054035,91.73380279541016,1.6010568941550853,78.70734405517578,1.373702299262803,92.01364135742188,1.6059409984362363,0.0,0.0,True,False,0.03674924373626709,0.0,0.0,0.0,0.0,5.080108642578125,5.080108642578125,0.0,0.0,0.0,0.0,0.0,0.0,0.0,0.0,0.0
2,362,13.86954460607376,13.882203928078525,False,-17.36263656616211,-0.303035169839859,-89.71428680419922,-1.565809726715088,89.89010620117188,1.5688782930374146,78.81318664550781,1.375549554824829,92.3956069946289,1.6126075983047485,0.6868131868131868,0.006868131868131868,-0.2922637462615967,-1.7118139266967773,1.5981684923171997,1.374611496925354,1.6014034748077393,4.9620866775512695e-06,-16.7454776763916,-0.29226372027224296,-93.71428680419922,-1.6356228608915508,91.56830596923828,1.5981684296367855,78.75942993164062,1.3746113693009014,91.75365447998047,1.6014033714129048,0.000496208667755127,4.9620866775512695e-06,False,False,0.0,0.0,0.0,0.0,0.0,4.36541748046875,4.36541748046875,0.0,0.0,0.0,0.0,0.0,0.0,0.0,0.0,0.0
2,363,13.90333926200401,13.916878654039465,False,-17.36263656616211,-0.303035169839859,-90.4175796508789,-1.5780844688415527,90.06593322753906,1.5719470977783203,78.81318664550781,1.375549554824829,92.3956069946289,1.6126075983047485,0.6868131868131868,0.006868131868131868,-0.2833314538002014,-1.7041598558425903,1.5894395112991333,1.3742040395736694,1.611222743988037,-0.0006103217601776123,-16.23369598388672,-0.2833314446866036,-94.4175796508789,-1.6478976366718352,91.06816864013672,1.5894393865318328,78.736083984375,1.3742039056541193,92.3162612915039,1.611222712668136,0.0,0.0,True,False,0.06103217601776123,0.0,0.0,0.0,0.0,3.2235794067382812,3.2235794067382812,0.0,0.0,0.0,0.0,0.0,0.0,0.0,0.0,0.0
2,364,13.936919641098939,13.949699956108816,False,-17.27472496032715,-0.3015008270740509,-91.47252655029297,-1.5964967012405396,91.03296661376953,1.588824987411499,78.81318664550781,1.375549554824829,92.3956069946289,1.6126075983047485,0.6868131868131868,0.006868131868131868,-0.2865941822528839,-1.7090556621551514,1.5907464027404785,1.3756126165390015,1.6081680059432983,0.00026541203260421753,-16.420635223388672,-0.2865941499170869,-95.47252655029297,-1.666309933500316,91.14305114746094,1.5907463328367892,78.8167953491211,1.3756125847127167,92.1412353515625,1.6081679337397605,0.026541203260421753,0.00026541203260421753,False,False,0.0,0.0,0.0,0.0,0.0,2.4491424560546875,2.4491424560546875,0.0,0.0,0.0,0.0,0.0,0.0,0.0,0.0,0.0
2,365,13.970533048035577,13.982873504050076,False,-17.010988235473633,-0.2968977391719818,-92.35164642333984,-1.6118402481079102,91.47252655029297,1.5964967012405396,78.81318664550781,1.375549554824829,92.3956069946289,1.6126075983047485,0.6868131868131868,0.006868131868131868,-0.29034245014190674,-1.6962476968765259,1.5844312906265259,1.3749358654022217,1.6092770099639893,0.0007703080773353577,-16.63539695739746,-0.29034244928283254,-96.35164642333984,-1.6816534698046985,90.78121948242188,1.5844311789438843,78.77801513671875,1.374935742321673,92.20477294921875,1.6092768740176695,0.07703080773353577,0.0007703080773353577,False,False,0.0,0.0,0.0,0.0,0.0,0.836181640625,0.836181640625,0.0,0.0,0.0,0.0,0.0,0.0,0.0,0.0,0.0
2,366,14.003691067104228,14.044630527030677,False,-16.83516502380371,-0.2938290536403656,-93.67032623291016,-1.6348556280136108,91.47252655029297,1.5964967012405396,78.81318664550781,1.375549554824829,92.3956069946289,1.6126075983047485,0.6868131868131868,0.006868131868131868,-0.28627052903175354,-1.6828644275665283,1.5759574174880981,1.3733755350112915,1.6113862991333008,0.0010889992117881775,-16.40209197998047,-0.28627050926561504,-96.4210205078125,-1.682864275994303,90.29570007324219,1.575957266671361,78.68861389160156,1.3733753962389956,92.32563018798828,1.6113862307590667,0.10889992117881775,0.0010889992117881775,False,False,0.0,0.0,0.0,0.0,0.0,0.0,0.0,0.0,0.0,0.0,0.0,0.0,0.0,0.0,0.0,0.0
2,367,14.04608772706706,14.057251234073192,False,-16.659339904785156,-0.290760338306427,-94.72527313232422,-1.6532678604125977,91.47252655029297,1.5964967012405396,78.81318664550781,1.375549554824829,92.3956069946289,1.6126075983047485,0.6868131868131868,0.006868131868131868,-0.2915438413619995,-1.6878173351287842,1.569614052772522,1.3752292394638062,1.6077961921691895,-4.8294663429260254e-05,-16.70423126220703,-0.2915438345400809,-96.70480346679688,-1.6878172229896324,89.93225860595703,1.5696140164289558,78.79483032226562,1.3752292226737999,92.11993408203125,1.6077961564515855,0.0,0.0,True,False,0.004829466342926025,0.0,0.0,0.0,0.0,0.0,0.0,0.0,0.0,0.0,0.0,0.0,0.0,0.0,0.0,0.0
2,368,14.079720373032615,14.091760135022923,False,-16.659339904785156,-0.290760338306427,-94.9011001586914,-1.6563366651535034,91.47252655029297,1.5964967012405396,78.81318664550781,1.375549554824829,92.3956069946289,1.6126075983047485,0.6868131868131868,0.006868131868131868,-0.2796516418457031,-1.6872444152832031,1.575076937675476,1.3747007846832275,1.6165556907653809,-0.00035365670919418335,-16.022857666015625,-0.2796516218503866,-96.67198181152344,-1.6872443770391563,90.24525451660156,1.575076825614981,78.7645492553711,1.3747007183554736,92.62181091308594,1.616555559592965,0.0,0.0,True,False,0.035365670919418335,0.0,0.0,0.0,0.0,0.0,0.0,0.0,0.0,0.0,0.0,0.0,0.0,0.0,0.0,0.0
2,369,14.113365527009591,14.124499751022086,False,-16.74725341796875,-0.2922947108745575,-95.42857360839844,-1.6655428409576416,91.47252655029297,1.5964967012405396,78.81318664550781,1.375549554824829,92.3956069946289,1.6126075983047485,0.6868131868131868,0.006868131868131868,-0.2807590365409851,-1.6946390867233276,1.5794577598571777,1.3764605522155762,1.6144795417785645,-0.0008785873651504517,-16.086307525634766,-0.2807590308106688,-97.09566497802734,-1.6946390432799248,90.49626159667969,1.5794577256081612,78.8653793334961,1.376460535203798,92.50286102294922,1.6144794923651937,0.0,0.0,True,False,0.08785873651504517,0.0,0.0,0.0,0.0,0.0,0.0,0.0,0.0,0.0,0.0,0.0,0.0,0.0,0.0,0.0
2,370,14.147068256046623,14.157645058003254,False,-16.83516502380371,-0.2938290536403656,-95.69230651855469,-1.6701457500457764,91.47252655029297,1.5964967012405396,78.81318664550781,1.375549554824829,92.3956069946289,1.6126075983047485,0.6868131868131868,0.006868131868131868,-0.2843009829521179,-1.6842361688613892,1.5652989149093628,1.373679518699646,1.6070338487625122,0.00015801191329956055,-16.28924560546875,-0.2843009684814469,-96.49961853027344,-1.6842360702718029,89.68501281738281,1.565298763356646,78.7060317993164,1.3736793960774283,92.07625579833984,1.6070338265895503,0.015801191329956055,0.00015801191329956055,False,False,0.0,0.0,0.0,0.0,0.0,0.0,0.0,0.0,0.0,0.0,0.0,0.0,0.0,0.0,0.0,0.0
2,371,14.180108105065301,14.190728393034078,False,-16.483516693115234,-0.2876916229724884,-95.86813354492188,-1.6732145547866821,91.47252655029297,1.5964967012405396,78.81318664550781,1.375549554824829,92.3956069946289,1.6126075983047485,0.6868131868131868,0.006868131868131868,-0.28553611040115356,-1.6903334856033325,1.578039526939392,1.3747925758361816,1.606977105140686,-0.000932253897190094,-16.360013961791992,-0.28553610930551204,-96.84896850585938,-1.6903333775875393,90.41500091552734,1.5780394591696396,78.76980590820312,1.3747924642550269,92.072998046875,1.606976968100277,0.0,0.0,True,False,0.0932253897190094,0.0,0.0,0.0,0.0,0.0,0.0,0.0,0.0,0.0,0.0,0.0,0.0,0.0,0.0,0.0
2,372,14.2134726800723,14.22411637706682,False,-16.395605087280273,-0.2861572802066803,-95.95604705810547,-1.6747488975524902,91.47252655029297,1.5964967012405396,78.81318664550781,1.375549554824829,92.3956069946289,1.6126075983047485,0.6868131868131868,0.006868131868131868,-0.28716158866882324,-1.692732572555542,1.5716164112091064,1.3747648000717163,1.610874056816101,0.0005789771676063538,-16.45314598083496,-0.2871615696768419,-96.9864273071289,-1.692732486255537,90.04698181152344,1.571616314094532,78.76821899414062,1.37476476737969,92.29627990722656,1.61087397172339,0.057897716760635376,0.0005789771676063538,False,False,0.0,0.0,0.0,0.0,0.0,0.0,0.0,0.0,0.0,0.0,0.0,0.0,0.0,0.0,0.0,0.0
2,373,14.24690609110985,14.26010982610751,False,-16.395605087280273,-0.2861572802066803,-96.04395294189453,-1.6762832403182983,91.47252655029297,1.5964967012405396,78.81318664550781,1.375549554824829,92.3956069946289,1.6126075983047485,0.6868131868131868,0.006868131868131868,-0.28238511085510254,-1.7057676315307617,1.5848994255065918,1.3735445737838745,1.6037638187408447,0.0010563954710960388,-16.179473876953125,-0.28238509039324394,-97.73328399658203,-1.705767594527039,90.80804443359375,1.5848993626635202,78.69830322265625,1.3735445069682157,91.8888931274414,1.603763731087042,0.10563954710960388,0.0010563954710960388,False,False,0.0,0.0,0.0,0.0,0.0,0.0,0.0,0.0,0.0,0.0,0.0,0.0,0.0,0.0,0.0,0.0
2,374,14.280499232001603,14.29310735501349,False,-16.483516693115234,-0.2876916229724884,-96.04395294189453,-1.6762832403182983,91.47252655029297,1.5964967012405396,78.81318664550781,1.375549554824829,92.3956069946289,1.6126075983047485,0.6868131868131868,0.006868131868131868,-0.2812737226486206,-1.6730904579162598,1.5555940866470337,1.3727682828903198,1.6071370840072632,-0.0007583275437355042,-16.11579704284668,-0.2812737199808402,-95.86101531982422,-1.6730903416356577,89.12896728515625,1.5555939380282882,78.65382385253906,1.3727681955104576,92.08216857910156,1.6071370240817908,0.0,0.0,True,False,0.07583275437355042,0.0,0.0,0.0,0.0,0.0,0.0,0.0,0.0,0.0,0.0,0.0,0.0,0.0,0.0,0.0
2,375,14.31359508400783,14.324564774055034,False,-16.483516693115234,-0.2876916229724884,-96.30769348144531,-1.6808863878250122,91.47252655029297,1.5964967012405396,78.81318664550781,1.375549554824829,92.3956069946289,1.6126075983047485,0.6868131868131868,0.006868131868131868,-0.2868598699569702,-1.6491140127182007,1.5151053667068481,1.3727179765701294,1.6064602136611938,-0.0013221502304077148,-16.43585968017578,-0.28685986681484954,-94.48726654052734,-1.6491139023416743,87.47252655029297,1.5266835933407696,78.65093994140625,1.372717861765855,92.04338836669922,1.6064601816907471,0.0,0.0,True,False,0.13221502304077148,0.0,0.0,0.0,0.0,0.0,0.0,0.0,0.66339111328125,0.66339111328125,0.0,0.0,0.0,0.0,0.0,0.0
2,376,14.346911528031342,14.357555206050165,False,-16.571428298950195,-0.2892259955406189,-96.48351287841797,-1.6839549541473389,91.38461303710938,1.5949623584747314,78.81318664550781,1.375549554824829,92.3956069946289,1.6126075983047485,0.6868131868131868,0.006868131868131868,-0.28846555948257446,-1.6866098642349243,1.5700607299804688,1.3730486631393433,1.6035648584365845,0.0007555559277534485,-16.52785873413086,-0.2884655532150856,-96.6356201171875,-1.6866097457513904,89.95784759521484,1.5700606285437622,78.66989135742188,1.3730486263732429,91.87749481201172,1.603564792953613,0.07555559277534485,0.0007555559277534485,False,False,0.0,0.0,0.0,0.0,0.0,0.0,0.0,0.0,0.0,0.0,0.0,0.0,0.0,0.0,0.0,0.0
2,377,14.380346437101252,14.391046997043304,False,-16.571428298950195,-0.2892259955406189,-95.78022003173828,-1.671680212020874,90.94505310058594,1.587290644645691,78.81318664550781,1.375549554824829,92.3956069946289,1.6126075983047485,0.6868131868131868,0.006868131868131868,-0.30019140243530273,-1.5895873308181763,1.459970235824585,1.3733439445495605,1.6053844690322876,-0.00015542656183242798,-17.19969940185547,-0.3001913849156772,-91.78022003173828,-1.6018670277586875,86.94505310058594,1.5174774449265291,78.68680572509766,1.3733438377800782,91.98175048828125,1.6053843977684097,0.0,0.0,True,False,0.015542656183242798,0.0,0.0,0.0,0.0,0.703582763671875,0.703582763671875,0.0,3.294921875,3.294921875,0.0,0.0,0.0,0.0,0.0,0.0
2,378,14.413686451036483,14.424427631078288,False,-16.395605087280273,-0.2861572802066803,-95.34066009521484,-1.664008378982544,90.85713958740234,1.5857561826705933,78.81318664550781,1.375549554824829,92.3956069946289,1.6126075983047485,0.6868131868131868,0.006868131868131868,-0.30193766951560974,-1.5868655443191528,1.4459186792373657,1.3745603561401367,1.6072465181350708,0.0013385862112045288,-17.299753189086914,-0.3019376529319558,-91.34066009521484,-1.5941952596064963,86.85713958740234,1.51594306466448,78.75650024414062,1.3745602366079719,92.08843994140625,1.6072464800025932,0.13385862112045288,0.0013385862112045288,False,False,0.0,0.0,0.0,0.0,0.0,0.4199676513671875,0.4199676513671875,0.0,4.012107849121094,4.012107849121094,0.0,0.0,0.0,0.0,0.0,0.0
2,379,14.447389872046188,14.458113828091882,False,-16.30769157409668,-0.2846229076385498,-95.51648712158203,-1.6670771837234497,90.85713958740234,1.5857561826705933,78.81318664550781,1.375549554824829,92.3956069946289,1.6126075983047485,0.6868131868131868,0.006868131868131868,-0.3058631122112274,-1.582588791847229,1.4512194395065308,1.3722290992736816,1.602157711982727,-7.592141628265381e-06,-17.5246639251709,-0.30586308579970534,-91.51648712158203,-1.5972640201305945,86.85713958740234,1.51594306466448,78.62293243408203,1.3722290385477711,91.79686737060547,1.6021575786336153,0.0,0.0,True,False,0.0007592141628265381,0.0,0.0,0.0,0.0,0.8408355712890625,0.8408355712890625,0.0,3.7083969116210938,3.7083969116210938,0.0,0.0,0.0,0.0,0.0,0.0
2,380,14.480737124104053,14.491604309063405,False,-16.659339904785156,-0.290760338306427,-95.34066009521484,-1.664008378982544,90.68132019042969,1.5826876163482666,78.81318664550781,1.375549554824829,92.3956069946289,1.6126075983047485,0.6868131868131868,0.006868131868131868,-0.2968064844608307,-1.6135005950927734,1.4990978240966797,1.3713834285736084,1.6057547330856323,-0.000863097608089447,-17.00575828552246,-0.2968064738806729,-92.44676971435547,-1.6135005143484806,86.68132019042969,1.5128744372984362,78.57447814941406,1.3713833517436165,92.00296783447266,1.6057547103179852,0.0,0.0,True,False,0.0863097608089447,0.0,0.0,0.0,0.0,0.0,0.0,0.0,0.7893447875976562,0.7893447875976562,0.0,0.0,0.0,0.0,0.0,0.0
2,381,14.514033436076716,14.525111497030593,False,-17.098901748657227,-0.2984321415424347,-93.93406677246094,-1.6394587755203247,90.5054931640625,1.5796188116073608,78.81318664550781,1.375549554824829,92.3956069946289,1.6126075983047485,0.6868131868131868,0.006868131868131868,-0.30184465646743774,-1.4929057359695435,1.351997971534729,1.3718000650405884,1.6035447120666504,5.955249071121216e-05,-17.294424057006836,-0.3018446420308848,-89.93406677246094,-1.5696455748878733,86.5054931640625,1.509805676774338,78.59835052490234,1.3718000032961593,91.8763427734375,1.603544686087383,0.005955249071121216,5.955249071121216e-05,False,False,0.0,0.0,0.0,0.0,0.0,4.396873474121094,4.396873474121094,0.0,9.041717529296875,9.041717529296875,0.0,0.0,0.0,0.0,0.0,0.0
2,382,14.54741672205273,14.55938157311175,False,-17.450550079345703,-0.3045695424079895,-92.79120635986328,-1.6195120811462402,90.5054931640625,1.5796188116073608,78.81318664550781,1.375549554824829,92.3956069946289,1.6126075983047485,0.6868131868131868,0.006868131868131868,-0.2966785430908203,-1.6258035898208618,1.5015826225280762,1.3732008934020996,1.601725697517395,0.001400865614414215,-16.998428344726562,-0.2966785422798082,-93.15167999267578,-1.6258035196363196,86.5054931640625,1.509805676774338,78.6786117553711,1.373200826029541,91.7721176147461,1.6017256139048044,0.1400865614414215,0.001400865614414215,False,False,0.0,0.0,0.0,0.0,0.0,0.0,0.0,0.0,0.47115325927734375,0.47115325927734375,0.0,0.0,0.0,0.0,0.0,0.0
2,383,14.580986832035705,14.593589294003323,False,-17.450550079345703,-0.3045695424079895,-92.70330047607422,-1.6179778575897217,90.5054931640625,1.5796188116073608,78.81318664550781,1.375549554824829,92.3956069946289,1.6126075983047485,0.6868131868131868,0.006868131868131868,-0.2833239734172821,-1.6858999729156494,1.5639373064041138,1.3720591068267822,1.6025593280792236,0.0009518340229988098,-16.233266830444336,-0.28332395454603776,-96.5949478149414,-1.6858998801628298,89.60700225830078,1.563937222249343,78.61318969726562,1.3720589957121694,91.81987762451172,1.6025591833259991,0.09518340229988098,0.0009518340229988098,False,False,0.0,0.0,0.0,0.0,0.0,0.0,0.0,0.0,0.0,0.0,0.0,0.0,0.0,0.0,0.0,0.0
2,384,14.615154426079243,14.628614768036641,False,-17.186813354492188,-0.2999664843082428,-93.05494689941406,-1.624115228652954,90.32967376708984,1.5765502452850342,78.81318664550781,1.375549554824829,92.3956069946289,1.6126075983047485,0.6868131868131868,0.006868131868131868,-0.2920284867286682,-1.6612379550933838,1.5547406673431396,1.3731282949447632,1.6073795557022095,0.0008560344576835632,-16.731998443603516,-0.2920284632794481,-95.18191528320312,-1.6612378100462055,89.08007049560547,1.5547405280569724,78.67445373535156,1.3731282548898363,92.09606170654297,1.6073795048990425,0.08560344576835632,0.0008560344576835632,False,False,0.0,0.0,0.0,0.0,0.0,0.0,0.0,0.0,0.0,0.0,0.0,0.0,0.0,0.0,0.0,0.0
2,385,14.64844840101432,14.660545618040487,False,-17.010988235473633,-0.2968977391719818,-93.14286041259766,-1.6256495714187622,90.32967376708984,1.5765502452850342,78.81318664550781,1.375549554824829,92.3956069946289,1.6126075983047485,0.6868131868131868,0.006868131868131868,-0.3005816340446472,-1.6480712890625,1.542236089706421,1.3704321384429932,1.607263445854187,0.0008079707622528076,-17.222057342529297,-0.3005816045944011,-94.42752075195312,-1.6480711416168539,88.36361694335938,1.5422360546326688,78.51997375488281,1.3704320706022401,92.08940887451172,1.6072633910755152,0.08079707622528076,0.0008079707622528076,False,False,0.0,0.0,0.0,0.0,0.0,0.0,0.0,0.0,0.0,0.0,0.0,0.0,0.0,0.0,0.0,0.0
2,386,14.68178763508331,14.69413905707188,False,-16.923076629638672,-0.2953633964061737,-94.28571319580078,-1.6455961465835571,90.68132019042969,1.5826876163482666,78.81318664550781,1.375549554824829,92.3956069946289,1.6126075983047485,0.6868131868131868,0.006868131868131868,-0.2958561182022095,-1.5620542764663696,1.4460086822509766,1.373164176940918,1.610649824142456,0.0020528584718704224,-16.951305389404297,-0.2958560915561645,-90.28571319580078,-1.5757829627780156,86.68132019042969,1.5128744372984362,78.67650604248047,1.373164074406498,92.28343200683594,1.6106497335596053,0.20528584718704224,0.0020528584718704224,False,False,0.0,0.0,0.0,0.0,0.0,0.7865982055664062,0.7865982055664062,0.0,3.8311309814453125,3.8311309814453125,0.0,0.0,0.0,0.0,0.0,0.0
2,387,14.715059476089664,14.72840082203038,False,-16.923076629638672,-0.2953633964061737,-95.42857360839844,-1.6655428409576416,90.68132019042969,1.5826876163482666,78.81318664550781,1.375549554824829,92.3956069946289,1.6126075983047485,0.6868131868131868,0.006868131868131868,-0.30880773067474365,-1.3573296070098877,1.2390379905700684,1.3737634420394897,1.6127721071243286,-0.0004366189241409302,-17.693378448486328,-0.30880770972749233,-91.42857360839844,-1.5957296398685454,86.68132019042969,1.5128744372984362,78.71084594726562,1.3737634188098202,92.405029296875,1.6127720066322895,0.0,0.0,True,False,0.04366189241409302,0.0,0.0,0.0,0.0,13.659317016601562,13.659317016601562,0.0,15.689674377441406,15.689674377441406,0.0,0.0,0.0,0.0,0.0,0.0
2,388,14.748607221059501,14.76144076907076,False,-16.923076629638672,-0.2953633964061737,-94.989013671875,-1.6578710079193115,90.32967376708984,1.5765502452850342,78.81318664550781,1.375549554824829,92.3956069946289,1.6126075983047485,0.6868131868131868,0.006868131868131868,-0.30864816904067993,-1.2315541505813599,1.1161707639694214,1.3730309009552002,1.6126662492752075,0.0005533993244171143,-17.684236526489258,-0.308648153088683,-90.989013671875,-1.5880578717163543,86.32967376708984,1.5067370494082941,78.66886901855469,1.3730307831939395,92.39896392822266,1.6126661459789589,0.055339932441711426,0.0005533993244171143,False,False,0.0,0.0,0.0,0.0,0.0,20.426162719726562,20.426162719726562,0.0,22.377803802490234,22.377803802490234,0.0,0.0,0.0,0.0,0.0,0.0
2,389,14.782150464016013,14.796385902096517,False,-17.010988235473633,-0.2968977391719818,-92.96703338623047,-1.6225807666778564,89.97801971435547,1.5704126358032227,78.81318664550781,1.375549554824829,92.3956069946289,1.6126075983047485,0.6868131868131868,0.006868131868131868,-0.30783140659332275,-1.119927167892456,1.022650122642517,1.370620846748352,1.6116474866867065,0.0014702379703521729,-17.637439727783203,-0.3078313948718693,-88.96703338623047,-1.5527676583214416,85.97801971435547,1.5005995283600975,78.5307846069336,1.3706207555654721,92.34059143066406,1.611647353703949,0.14702379703521729,0.0014702379703521729,False,False,0.0,0.0,0.0,0.0,0.0,24.79993438720703,24.79993438720703,0.0,27.38448715209961,27.38448715209961,0.0,0.0,0.0,0.0,0.0,0.0
2,390,14.81559386709705,14.980425316025503,False,-17.010988235473633,-0.2968977391719818,-91.47252655029297,-1.5964967012405396,89.97801971435547,1.5704126358032227,78.81318664550781,1.375549554824829,92.3956069946289,1.6126075983047485,0.6868131868131868,0.006868131868131868,-0.3045596182346344,-1.5183125734329224,1.450107455253601,1.3817752599716187,1.613435983657837,0.0014587044715881348,-17.449979782104492,-0.30455960160416606,-87.47252655029297,-1.5266835933407696,85.97801971435547,1.5005995283600975,79.16988372802734,1.38177513947516,92.44306945800781,1.6134359326920462,0.14587044715881348,0.0014587044715881348,False,False,0.0,0.0,0.0,0.0,0.0,0.4796295166015625,0.4796295166015625,0.0,2.8929901123046875,2.8929901123046875,0.0,0.0,0.0,0.0,0.0,0.0
2,391,14.98187003401108,14.995278057060204,False,-17.626373291015625,-0.3076382577419281,-89.62637329101562,-1.5642752647399902,89.71428680419922,1.565809726715088,78.81318664550781,1.375549554824829,92.3956069946289,1.6126075983047485,0.6868131868131868,0.006868131868131868,-0.3068467974662781,-1.4461458921432495,1.3801788091659546,1.3808492422103882,1.6136620044708252,0.000530049204826355,-17.581026077270508,-0.3068467909273534,-85.62637329101562,-1.4944621404699554,85.71428680419922,1.4959965207320045,79.11682891845703,1.3808491583641396,92.45601654052734,1.6136619019105396,0.0530049204826355,0.000530049204826355,False,False,0.0,0.0,0.0,0.0,0.0,2.7683181762695312,2.7683181762695312,0.0,6.635871887207031,6.635871887207031,0.0,0.0,0.0,0.0,0.0,0.0
2,392,15.015260736108758,15.025791421998292,False,-17.626373291015625,-0.3076382577419281,-89.80220031738281,-1.567344069480896,89.62637329101562,1.5642752647399902,78.81318664550781,1.375549554824829,92.3956069946289,1.6126075983047485,0.6868131868131868,0.006868131868131868,-0.2988881766796112,-1.3596923351287842,1.3051499128341675,1.3800678253173828,1.6229338645935059,0.0002314150333404541,-17.125030517578125,-0.29888816703624693,-85.80220031738281,-1.4975309009940536,85.62637329101562,1.4944621404699554,79.07205963134766,1.3800677869003102,92.98725891113281,1.6229338304037049,0.02314150333404541,0.0002314150333404541,False,False,0.0,0.0,0.0,0.0,0.0,7.897575378417969,7.897575378417969,0.0,10.846794128417969,10.846794128417969,0.0,0.0,0.0,0.0,0.0,0.0
2,393,15.048741288017482,15.059257340035401,False,-17.450550079345703,-0.3045695424079895,-88.92308044433594,-1.5520005226135254,89.53845977783203,1.5627409219741821,78.81318664550781,1.375549554824829,92.3956069946289,1.6126075983047485,0.6868131868131868,0.006868131868131868,-0.30216437578201294,-1.275191068649292,1.2441563606262207,1.3818072080612183,1.6143403053283691,-0.0001745373010635376,-17.312742233276367,-0.3021643545197488,-84.92308044433594,-1.4821873646896713,85.53845977783203,1.4929277602079063,79.17171478271484,1.381807097408241,92.49488067626953,1.6143402090401826,0.0,0.0,True,False,0.01745373010635376,0.0,0.0,0.0,0.0,11.860015869140625,11.860015869140625,0.0,14.253555297851562,14.253555297851562,0.0,0.0,0.0,0.0,0.0,0.0
2,394,15.082210735999979,15.093779909075238,False,-17.450550079345703,-0.3045695424079895,-87.34066009521484,-1.5243821144104004,89.53845977783203,1.5627409219741821,78.81318664550781,1.375549554824829,92.3956069946289,1.6126075983047485,0.6868131868131868,0.006868131868131868,-0.30661338567733765,-1.4392609596252441,1.384726881980896,1.3802556991577148,1.6067670583724976,0.0026862919330596924,-17.567651748657227,-0.30661336485780794,-83.34066009521484,-1.45456891944695,85.53845977783203,1.4929277602079063,79.08282470703125,1.3802556729152153,92.06096649169922,1.6067669778483245,0.26862919330596924,0.0026862919330596924,False,False,0.0,0.0,0.0,0.0,0.0,0.8770828247070312,0.8770828247070312,0.0,6.199455261230469,6.199455261230469,0.0,0.0,0.0,0.0,0.0,0.0
2,395,15.115511559997685,15.127348842099309,False,-17.450550079345703,-0.3045695424079895,-86.19779968261719,-1.504435420036316,89.53845977783203,1.5627409219741821,78.81318664550781,1.375549554824829,92.3956069946289,1.6126075983047485,0.6868131868131868,0.006868131868131868,-0.29533103108406067,-1.5777866840362549,1.5003838539123535,1.3793355226516724,1.611425518989563,0.0023829638957977295,-16.921220779418945,-0.29533101605774176,-90.19779968261719,-1.5742485825159662,85.96566009521484,1.5003838123118012,79.03009796142578,1.3793354176005386,92.32787322998047,1.611425379227091,0.23829638957977295,0.0023829638957977295,False,False,0.0,0.0,0.0,0.0,0.0,0.2027130126953125,0.2027130126953125,0.0,0.0,0.0,0.0,0.0,0.0,0.0,0.0,0.0
2,396,15.14888391806744,15.159554393030703,False,-17.450550079345703,-0.3045695424079895,-85.93406677246094,-1.4998323917388916,89.53845977783203,1.5627409219741821,78.81318664550781,1.375549554824829,92.3956069946289,1.6126075983047485,0.6868131868131868,0.006868131868131868,-0.2797600030899048,-1.6297481060028076,1.5162694454193115,1.3770744800567627,1.6091376543045044,0.001487545669078827,-16.02906608581543,-0.2797599792172392,-89.93406677246094,-1.5696455748878733,86.8758316040039,1.5162693018980147,78.90055084228516,1.3770743938350611,92.19679260253906,1.6091375906926584,0.1487545669078827,0.001487545669078827,False,False,0.0,0.0,0.0,0.0,0.0,3.4436187744140625,3.4436187744140625,0.0,0.0,0.0,0.0,0.0,0.0,0.0,0.0,0.0
2,397,15.182299204054289,15.192635013023391,False,-17.450550079345703,-0.3045695424079895,-85.31867980957031,-1.4890918731689453,89.53845977783203,1.5627409219741821,78.81318664550781,1.375549554824829,92.3956069946289,1.6126075983047485,0.6868131868131868,0.006868131868131868,-0.2831803858280182,-1.6400024890899658,1.5506113767623901,1.37227463722229,1.610522747039795,0.002034999430179596,-16.225040435791016,-0.28318037687376885,-89.31867980957031,-1.5589050462115839,88.8434829711914,1.5506112967868044,78.62554168701172,1.3722745786024113,92.27615356445312,1.6105227007756087,0.2034999430179596,0.002034999430179596,False,False,0.0,0.0,0.0,0.0,0.0,4.646537780761719,4.646537780761719,0.0,0.0,0.0,0.0,0.0,0.0,0.0,0.0,0.0
2,398,15.215859798016027,15.226267704041675,False,-17.36263656616211,-0.303035169839859,-85.23076629638672,-1.4875575304031372,89.53845977783203,1.5627409219741821,78.81318664550781,1.375549554824829,92.74725341796875,1.618744969367981,0.6868131868131868,0.006868131868131868,-0.2869411110877991,-1.6416800022125244,1.547797679901123,1.3728379011154175,1.598633885383606,-0.0004257187247276306,-16.440513610839844,-0.28694109322809697,-89.23076629638672,-1.5573706659495345,88.68226623535156,1.5477975339370813,78.6578140258789,1.372837837172963,91.594970703125,1.598633817037277,0.0,0.0,True,False,0.04257187247276306,0.0,0.0,0.0,0.0,4.83056640625,4.83056640625,0.0,0.0,0.0,0.0,0.0,0.0,0.0,0.0,0.0
2,399,15.249280220014043,15.261076198075898,False,-16.83516502380371,-0.2938290536403656,-86.63735961914062,-1.5121071338653564,89.62637329101562,1.5642752647399902,78.81318664550781,1.375549554824829,92.30769348144531,1.6110731363296509,0.6868131868131868,0.006868131868131868,-0.2864554524421692,-1.6099694967269897,1.546332597732544,1.370610237121582,1.6097207069396973,0.0011493638157844543,-16.412687301635742,-0.2864554325138074,-90.63735961914062,-1.5819203506681576,88.59832763671875,1.5463325290214287,78.5301742553711,1.370610102921112,92.23019409179688,1.6097205566552768,0.11493638157844543,0.0011493638157844543,False,False,0.0,0.0,0.0,0.0,0.0,1.6070938110351562,1.6070938110351562,0.0,0.0,0.0,0.0,0.0,0.0,0.0,0.0,0.0
2,400,15.282889659050852,15.293359952047467,False,-16.395605087280273,-0.2861572802066803,-88.48351287841797,-1.5443285703659058,89.80220031738281,1.567344069480896,78.81318664550781,1.375549554824829,92.30769348144531,1.6110731363296509,0.6868131868131868,0.006868131868131868,-0.2859944701194763,-1.6100428104400635,1.5317730903625488,1.3708412647247314,1.6003090143203735,0.0017740577459335327,-16.386274337768555,-0.28599443932911467,-92.24864959716797,-1.6100426659891218,87.76412963867188,1.5317730273419654,78.54341125488281,1.3708411321456762,91.69094848632812,1.6003089453629367,0.17740577459335327,0.0017740577459335327,False,False,0.0,0.0,0.0,0.0,0.0,0.0,0.0,0.0,0.0,0.0,0.0,0.0,0.0,0.0,0.0,0.0
2,401,15.316307394066826,15.327767609036528,False,-16.395605087280273,-0.2861572802066803,-88.83516693115234,-1.5504661798477173,89.80220031738281,1.567344069480896,78.81318664550781,1.375549554824829,92.30769348144531,1.6110731363296509,0.6868131868131868,0.006868131868131868,-0.28896838426589966,-1.6209204196929932,1.5433518886566162,1.3711705207824707,1.5999391078948975,0.0018378421664237976,-16.55666732788086,-0.28896835802889254,-92.83516693115234,-1.6202793245871683,88.42754364013672,1.5433517859713575,78.5622787475586,1.3711704320144646,91.66975402832031,1.5999390322875247,0.18378421664237976,0.0018378421664237976,False,False,0.0,0.0,0.0,0.0,0.0,0.0367279052734375,0.0367279052734375,0.0,0.0,0.0,0.0,0.0,0.0,0.0,0.0,0.0
2,402,15.34945899900049,15.36295996804256,False,-16.83516502380371,-0.2938290536403656,-89.36264038085938,-1.559672236442566,89.80220031738281,1.567344069480896,78.81318664550781,1.375549554824829,92.30769348144531,1.6110731363296509,0.6868131868131868,0.006868131868131868,-0.2917569875717163,-1.5841822624206543,1.5228983163833618,1.3746240139007568,1.6088885068893433,0.00034771114587783813,-16.71644401550293,-0.29175698729582816,-90.76695251464844,-1.5841821733819619,87.2556381225586,1.522898176167331,78.76014709472656,1.3746238861580249,92.1825180053711,1.6088884519726814,0.034771114587783813,0.00034771114587783813,False,False,0.0,0.0,0.0,0.0,0.0,0.0,0.0,0.0,0.0,0.0,0.0,0.0,0.0,0.0,0.0,0.0
2,403,15.382920839008875,15.395419655018486,False,-16.923076629638672,-0.2953633964061737,-90.94505310058594,-1.587290644645691,89.80220031738281,1.567344069480896,78.81318664550781,1.375549554824829,92.30769348144531,1.6110731363296509,0.6868131868131868,0.006868131868131868,-0.2802252173423767,-1.6096445322036743,1.5411680936813354,1.373340129852295,1.6001797914505005,0.002763994038105011,-16.055721282958984,-0.2802252001701624,-92.225830078125,-1.6096443902481004,88.30242156982422,1.5411679938774925,78.68659210205078,1.373340109354552,91.68354034423828,1.6001796488920133,0.2763994038105011,0.002763994038105011,False,False,0.0,0.0,0.0,0.0,0.0,0.0,0.0,0.0,0.0,0.0,0.0,0.0,0.0,0.0,0.0,0.0
2,404,15.416710884077474,15.427182954037562,False,-16.74725341796875,-0.2922947108745575,-91.73626708984375,-1.6010998487472534,89.80220031738281,1.567344069480896,78.81318664550781,1.375549554824829,92.30769348144531,1.6110731363296509,0.6868131868131868,0.006868131868131868,-0.28628548979759216,-1.5877561569213867,1.5114928483963013,1.3768270015716553,1.6064863204956055,-0.0010660737752914429,-16.402950286865234,-0.2862854895467467,-90.97172546386719,-1.5877561355648482,86.60215759277344,1.511492789324903,78.8863754272461,1.3768269861697928,92.04488372802734,1.60648628066943,0.0,0.0,True,False,0.10660737752914429,0.0,0.0,0.0,0.0,0.0,0.0,0.0,0.0,0.0,0.0,0.0,0.0,0.0,0.0,0.0
2,405,15.4503696981119,15.462415117071941,False,-16.571428298950195,-0.2892259955406189,-91.29669952392578,-1.5934280157089233,89.71428680419922,1.565809726715088,78.81318664550781,1.375549554824829,92.30769348144531,1.6110731363296509,0.6868131868131868,0.006868131868131868,-0.2835277318954468,-1.6389234066009521,1.5482594966888428,1.3730628490447998,1.5984139442443848,0.0019522085785865784,-16.24494171142578,-0.2835277196589424,-93.90338897705078,-1.6389233164304862,88.70873260498047,1.5482594592281556,78.67070007324219,1.3730627411270204,91.58236694335938,1.5984138399312362,0.19522085785865784,0.0019522085785865784,False,False,0.0,0.0,0.0,0.0,0.0,0.0,0.0,0.0,0.0,0.0,0.0,0.0,0.0,0.0,0.0,0.0
2,406,15.483745796023868,15.495031568105333,False,-16.395605087280273,-0.2861572802066803,-90.68132019042969,-1.5826876163482666,89.71428680419922,1.565809726715088,78.81318664550781,1.375549554824829,92.30769348144531,1.6110731363296509,0.6868131868131868,0.006868131868131868,-0.28640270233154297,-1.6160050630569458,1.529314398765564,1.3735721111297607,1.6097761392593384,0.0019537359476089478,-16.409666061401367,-0.28640270192422385,-92.59026336669922,-1.6160049510375911,87.62325286865234,1.52931426386555,78.69988250732422,1.373572070685498,92.2333755493164,1.609776083564005,0.19537359476089478,0.0019537359476089478,False,False,0.0,0.0,0.0,0.0,0.0,0.0,0.0,0.0,0.0,0.0,0.0,0.0,0.0,0.0,0.0,0.0
2,407,15.517214024090208,15.528395720059052,False,-16.395605087280273,-0.2861572802066803,-91.03296661376953,-1.588824987411499,89.71428680419922,1.565809726715088,78.81318664550781,1.375549554824829,92.30769348144531,1.6110731363296509,0.6868131868131868,0.006868131868131868,-0.2835617959499359,-1.6275135278701782,1.5310078859329224,1.3700474500656128,1.6016041040420532,0.0031305626034736633,-16.24689292907715,-0.2835617748313818,-93.24964904785156,-1.627513402214205,87.72028350830078,1.5310077680027312,78.49793243408203,1.3700473769827781,91.76515197753906,1.6016040406010423,0.31305626034736633,0.0031305626034736633,False,False,0.0,0.0,0.0,0.0,0.0,0.0,0.0,0.0,0.0,0.0,0.0,0.0,0.0,0.0,0.0,0.0
2,408,15.550675408099778,15.561316509032622,False,-16.483516693115234,-0.2876916229724884,-92.17582702636719,-1.6087716817855835,89.71428680419922,1.565809726715088,78.81318664550781,1.375549554824829,92.30769348144531,1.6110731363296509,0.6868131868131868,0.006868131868131868,-0.2847559154033661,-1.6029534339904785,1.5096485614776611,1.3703397512435913,1.6021407842636108,0.003347821533679962,-16.315311431884766,-0.2847559029746597,-91.84246063232422,-1.602953331167331,86.4964828491211,1.5096484171119686,78.51467895507812,1.3703396589124144,91.7958984375,1.6021406675606933,0.3347821533679962,0.003347821533679962,False,False,0.0,0.0,0.0,0.0,0.0,0.0,0.0,0.0,0.0,0.0,0.0,0.0,0.0,0.0,0.0,0.0
2,409,15.584119208040647,15.59487238607835,False,-16.483516693115234,-0.2876916229724884,-93.05494689941406,-1.624115228652954,89.71428680419922,1.565809726715088,78.81318664550781,1.375549554824829,92.30769348144531,1.6110731363296509,0.6868131868131868,0.006868131868131868,-0.28241634368896484,-1.6100084781646729,1.521708369255066,1.3696787357330322,1.5983695983886719,0.002138271927833557,-16.181262969970703,-0.2824163159570251,-92.24668884277344,-1.6100084443691143,87.18746185302734,1.5217082757922835,78.476806640625,1.3696786623298567,91.57982635498047,1.5983694982990866,0.2138271927833557,0.002138271927833557,False,False,0.0,0.0,0.0,0.0,0.0,0.0,0.0,0.0,0.0,0.0,0.0,0.0,0.0,0.0,0.0,0.0
2,410,15.617930805077776,15.628585054073483,False,-16.483516693115234,-0.2876916229724884,-92.87911987304688,-1.6210464239120483,89.71428680419922,1.565809726715088,78.81318664550781,1.375549554824829,92.30769348144531,1.6110731363296509,0.6868131868131868,0.006868131868131868,-0.28840914368629456,-1.6169484853744507,1.5107345581054688,1.374074101448059,1.604591965675354,0.0017660409212112427,-16.524625778198242,-0.28840912748948955,-92.64431762695312,-1.6169483758537517,86.55870819091797,1.5107344542045031,78.72864532470703,1.374074076550978,91.93634033203125,1.6045918410280022,0.17660409212112427,0.0017660409212112427,False,False,0.0,0.0,0.0,0.0,0.0,0.0,0.0,0.0,0.0,0.0,0.0,0.0,0.0,0.0,0.0,0.0
2,411,15.651760671054944,15.662368136108853,False,-16.395605087280273,-0.2861572802066803,-92.0,-1.6057028770446777,89.62637329101562,1.5642752647399902,78.81318664550781,1.375549554824829,92.30769348144531,1.6110731363296509,0.6868131868131868,0.006868131868131868,-0.3045881688594818,-1.3785709142684937,1.2762372493743896,1.376806378364563,1.6062499284744263,-0.0004168599843978882,-17.451616287231445,-0.3045881640068572,-88.0,-1.53588974175501,85.62637329101562,1.4944621404699554,78.88519287109375,1.3768063466713447,92.03133392333984,1.606249791964631,0.0,0.0,True,False,0.04168599843978882,0.0,0.0,0.0,0.0,9.013710021972656,9.013710021972656,0.0,12.503372192382812,12.503372192382812,0.0,0.0,0.0,0.0,0.0,0.0
2,412,15.685093760024756,15.697108022053726,False,-16.395605087280273,-0.2861572802066803,-92.26373291015625,-1.610305905342102,89.62637329101562,1.5642752647399902,78.81318664550781,1.375549554824829,92.30769348144531,1.6110731363296509,0.6868131868131868,0.006868131868131868,-0.3123781085014343,-1.1934901475906372,1.123840570449829,1.376150131225586,1.6051738262176514,0.0012026801705360413,-17.897945404052734,-0.31237807664290707,-88.26373291015625,-1.5404927493831029,85.62637329101562,1.4944621404699554,78.84758758544922,1.3761500106206948,91.96968078613281,1.6051737417261844,0.12026801705360413,0.0012026801705360413,False,False,0.0,0.0,0.0,0.0,0.0,19.881790161132812,19.881790161132812,0.0,21.23505401611328,21.23505401611328,0.0,0.0,0.0,0.0,0.0,0.0
2,413,15.718591175042093,15.728920797002502,False,-16.571428298950195,-0.2892259955406189,-92.35164642333984,-1.6118402481079102,89.53845977783203,1.5627409219741821,78.81318664550781,1.375549554824829,92.30769348144531,1.6110731363296509,0.6868131868131868,0.006868131868131868,-0.3074381649494171,-1.1188360452651978,1.0641945600509644,1.3739036321640015,1.5993667840957642,0.002532854676246643,-17.61490821838379,-0.3074381458474055,-88.35164642333984,-1.5420271296451522,85.53845977783203,1.4929277602079063,78.7188720703125,1.3739035010831584,91.636962890625,1.5993667189692666,0.2532854676246643,0.002532854676246643,False,False,0.0,0.0,0.0,0.0,0.0,24.2470703125,24.2470703125,0.0,24.564605712890625,24.564605712890625,0.0,0.0,0.0,0.0,0.0,0.0
2,414,15.751832255045883,15.762426996021532,False,-17.36263656616211,-0.303035169839859,-91.20879364013672,-1.5918937921524048,89.36264038085938,1.559672236442566,78.81318664550781,1.375549554824829,92.30769348144531,1.6110731363296509,0.6868131868131868,0.006868131868131868,-0.29138419032096863,-1.1493360996246338,1.054078221321106,1.3758372068405151,1.612729787826538,0.004996344447135925,-16.695083618164062,-0.2913841780327307,-87.20879364013672,-1.5220805857126767,85.36264038085938,1.4898591328418624,78.82965850830078,1.3758370891926104,92.40260314941406,1.6127296623709573,0.49963444471359253,0.004996344447135925,False,False,0.0,0.0,0.0,0.0,0.0,21.356689453125,21.356689453125,0.0,24.96841049194336,24.96841049194336,0.0,0.0,0.0,0.0,0.0,0.0
2,415,15.78520671906881,15.795725681004114,False,-17.80219841003418,-0.3107069730758667,-89.62637329101562,-1.5642752647399902,89.27472686767578,1.5581378936767578,78.81318664550781,1.375549554824829,92.57142639160156,1.6156761646270752,0.6868131868131868,0.006868131868131868,-0.2891939580440521,-1.344004511833191,1.2171357870101929,1.3763362169265747,1.6172349452972412,0.003402918577194214,-16.569591522216797,-0.2891939277732223,-85.62637329101562,-1.4944621404699554,85.27472686767578,1.4883247525798133,78.8582534790039,1.3763361655808912,92.66072845458984,1.61723479882899,0.3402918577194214,0.003402918577194214,False,False,0.0,0.0,0.0,0.0,0.0,8.620590209960938,8.620590209960938,0.0,15.537986755371094,15.537986755371094,0.0,0.0,0.0,0.0,0.0,0.0
2,416,15.818607099005021,15.83021713909693,False,-17.36263656616211,-0.303035169839859,-88.74725341796875,-1.5489317178726196,89.27472686767578,1.5581378936767578,78.81318664550781,1.375549554824829,92.3956069946289,1.6126075983047485,0.6868131868131868,0.006868131868131868,-0.2921353280544281,-1.2454543113708496,1.1630377769470215,1.375556468963623,1.6094001531600952,0.0010721534490585327,-16.738121032714844,-0.29213532261818753,-84.74725341796875,-1.4791186041655728,85.27472686767578,1.4883247525798133,78.8135757446289,1.375556392013716,92.21183013916016,1.6094000452180857,0.10721534490585327,0.0010721534490585327,False,False,0.0,0.0,0.0,0.0,0.0,13.387985229492188,13.387985229492188,0.0,18.6375732421875,18.6375732421875,0.0,0.0,0.0,0.0,0.0,0.0
2,417,15.852128674043342,15.863850623019971,False,-16.659339904785156,-0.290760338306427,-88.48351287841797,-1.5443285703659058,89.27472686767578,1.5581378936767578,78.81318664550781,1.375549554824829,92.3956069946289,1.6126075983047485,0.6868131868131868,0.006868131868131868,-0.2967696487903595,-1.1530053615570068,1.095767617225647,1.3749679327011108,1.6048020124435425,0.0017409846186637878,-17.003646850585938,-0.29676962238908894,-84.48351287841797,-1.4745154633794253,85.27472686767578,1.4883247525798133,78.77985382080078,1.3749678334128086,91.94837951660156,1.6048019644380094,0.17409846186637878,0.0017409846186637878,False,False,0.0,0.0,0.0,0.0,0.0,18.421173095703125,18.421173095703125,0.0,22.491870880126953,22.491870880126953,0.0,0.0,0.0,0.0,0.0,0.0
2,418,15.886066852021031,15.896841362002306,False,-16.483516693115234,-0.2876916229724884,-87.16483306884766,-1.5213133096694946,89.0988998413086,1.5550692081451416,78.81318664550781,1.375549554824829,92.30769348144531,1.6110731363296509,0.6868131868131868,0.006868131868131868,-0.297710657119751,-1.0676392316818237,1.0385159254074097,1.3730233907699585,1.592753291130066,0.0029510632157325745,-17.05756378173828,-0.2977106503602684,-83.16483306884766,-1.4515001589228516,85.0988998413086,1.485255992055715,78.66844177246094,1.3730233263428873,91.2580337524414,1.5927531578762184,0.29510632157325745,0.0029510632157325745,False,False,0.0,0.0,0.0,0.0,0.0,21.993614196777344,21.993614196777344,0.0,25.596324920654297,25.596324920654297,0.0,0.0,0.0,0.0,0.0,0.0
2,419,15.919631705037318,15.931548241060227,False,-16.83516502380371,-0.2938290536403656,-85.67032623291016,-1.4952292442321777,89.010986328125,1.553534746170044,78.81318664550781,1.375549554824829,92.30769348144531,1.6110731363296509,0.6868131868131868,0.006868131868131868,-0.30137187242507935,-0.925136923789978,0.9157599210739136,1.3766566514968872,1.5931477546691895,0.002358078956604004,-17.267335891723633,-0.3013718643583685,-81.67032623291016,-1.4254160939421796,85.010986328125,1.4837216117936658,78.8766098022461,1.3766565438600278,91.2806396484375,1.5931477051917136,0.2358078956604004,0.002358078956604004,False,False,0.0,0.0,0.0,0.0,0.0,28.66388702392578,28.66388702392578,0.0,32.54180908203125,32.54180908203125,0.0,0.0,0.0,0.0,0.0,0.0
2,420,15.95273917610757,16.117977898102254,False,-17.186813354492188,-0.2999664843082428,-85.14286041259766,-1.486023187637329,88.92308044433594,1.5520005226135254,78.81318664550781,1.375549554824829,92.30769348144531,1.6110731363296509,0.6868131868131868,0.006868131868131868,-0.30187588930130005,-1.6359912157058716,1.5701968669891357,1.3725558519363403,1.6174545288085938,0.0019351914525032043,-17.296213150024414,-0.30187586759466595,-89.14286041259766,-1.55583641884554,89.96564483642578,1.5701967160754653,78.64165496826172,1.3725558084135236,92.67330932617188,1.6174543764608669,0.19351914525032043,0.0019351914525032043,False,False,0.0,0.0,0.0,0.0,0.0,4.592529296875,4.592529296875,0.0,0.0,0.0,0.0,0.0,0.0,0.0,0.0,0.0
2,421,16.119462217087857,16.131677046068944,False,-17.010988235473633,-0.2968977391719818,-82.5934066772461,-1.4415268898010254,88.48351287841797,1.5443285703659058,78.54945373535156,1.3709465265274048,92.48351287841797,1.614141821861267,0.6868131868131868,0.006868131868131868,-0.29325976967811584,-1.6368765830993652,1.5684082508087158,1.3718984127044678,1.6095622777938843,0.0006582289934158325,-16.80254554748535,-0.2932597425199326,-86.5934066772461,-1.511340057036387,89.86316680908203,1.568408137087368,78.6039810180664,1.371898273940383,92.22112274169922,1.6095622317284715,0.06582289934158325,0.0006582289934158325,False,False,0.0,0.0,0.0,0.0,0.0,7.192710876464844,7.192710876464844,0.0,0.0,0.0,0.0,0.0,0.0,0.0,0.0,0.0
2,422,16.152855915017426,16.16395276610274,False,-17.098901748657227,-0.2984321415424347,-82.5934066772461,-1.4415268898010254,88.48351287841797,1.5443285703659058,78.54945373535156,1.3709465265274048,92.3956069946289,1.6126075983047485,0.6868131868131868,0.006868131868131868,-0.2974725365638733,-1.6415252685546875,1.5663613080978394,1.3764991760253906,1.623112678527832,0.0011143013834953308,-17.043920516967773,-0.2974725304693017,-86.5934066772461,-1.511340057036387,89.74588775634766,1.5663612314735331,78.86759185791016,1.376499151039604,92.99749755859375,1.6231125285128492,0.11143013834953308,0.0011143013834953308,False,False,0.0,0.0,0.0,0.0,0.0,7.4590606689453125,7.4590606689453125,0.0,0.0,0.0,0.0,0.0,0.0,0.0,0.0,0.0
2,423,16.18636230705306,16.197012377087958,False,-17.098901748657227,-0.2984321415424347,-82.94505310058594,-1.4476642608642578,88.57142639160156,1.5458630323410034,78.54945373535156,1.3709465265274048,92.3956069946289,1.6126075983047485,0.6868131868131868,0.006868131868131868,-0.2894260287284851,-1.6531312465667725,1.5703634023666382,1.3739705085754395,1.610294222831726,0.0015551373362541199,-16.582889556884766,-0.2894260222622227,-86.94505310058594,-1.5174774449265291,89.97518920898438,1.5703632968016497,78.72270965576172,1.3739704795845737,92.26305389404297,1.6102940683960252,0.155513733625412,0.0015551373362541199,False,False,0.0,0.0,0.0,0.0,0.0,7.7723846435546875,7.7723846435546875,0.0,0.0,0.0,0.0,0.0,0.0,0.0,0.0,0.0
2,424,16.220072584110312,16.23050567600876,False,-17.010988235473633,-0.2968977391719818,-84.61538696289062,-1.4768171310424805,89.45054626464844,1.561206579208374,78.72527313232422,1.374015212059021,92.3956069946289,1.6126075983047485,0.6868131868131868,0.006868131868131868,-0.290461927652359,-1.6569485664367676,1.5640307664871216,1.3747206926345825,1.6205600500106812,0.00016973167657852173,-16.642242431640625,-0.29046192534723625,-88.61538696289062,-1.5466302704312995,89.61235809326172,1.5640306992036048,78.76568603515625,1.3747205589055946,92.85124969482422,1.6205600217660627,0.016973167657852173,0.00016973167657852173,False,False,0.0,0.0,0.0,0.0,0.0,6.320770263671875,6.320770263671875,0.0,0.0,0.0,0.0,0.0,0.0,0.0,0.0,0.0
2,425,16.253252861090004,16.263708899030462,False,-17.010988235473633,-0.2968977391719818,-85.67032623291016,-1.4952292442321777,90.06593322753906,1.5719470977783203,78.72527313232422,1.374015212059021,92.3956069946289,1.6126075983047485,0.6868131868131868,0.006868131868131868,-0.2934728264808655,-1.6457377672195435,1.555228590965271,1.3722259998321533,1.6186126470565796,0.002194538712501526,-16.81475257873535,-0.29347279540713894,-89.67032623291016,-1.565042434101726,89.1080322265625,1.5552285523267293,78.62275695800781,1.3722259759125175,92.73966979980469,1.6186125852189424,0.2194538712501526,0.002194538712501526,False,False,0.0,0.0,0.0,0.0,0.0,4.623497009277344,4.623497009277344,0.0,0.0,0.0,0.0,0.0,0.0,0.0,0.0,0.0
2,426,16.287021332071163,16.298340029083192,False,-17.010988235473633,-0.2968977391719818,-86.19779968261719,-1.504435420036316,90.15384674072266,1.5734814405441284,78.72527313232422,1.374015212059021,92.21977996826172,1.6095387935638428,0.6868131868131868,0.006868131868131868,-0.2994287610054016,-1.6425377130508423,1.5528067350387573,1.37159264087677,1.6182574033737183,0.002277478575706482,-17.156003952026367,-0.2994287554480194,-90.19779968261719,-1.5742485825159662,88.96926879882812,1.5528066736314114,78.58646392822266,1.371592543047242,92.71931457519531,1.6182573195295258,0.2277478575706482,0.002277478575706482,False,False,0.0,0.0,0.0,0.0,0.0,3.9126739501953125,3.9126739501953125,0.0,0.0,0.0,0.0,0.0,0.0,0.0,0.0,0.0
2,427,16.320312571013346,16.331572930095717,False,-17.010988235473633,-0.2968977391719818,-87.16483306884766,-1.5213133096694946,90.15384674072266,1.5734814405441284,78.81318664550781,1.375549554824829,91.95604705810547,1.6049357652664185,0.6868131868131868,0.006868131868131868,-0.30614015460014343,-1.629378318786621,1.5429679155349731,1.373410940170288,1.6240743398666382,0.0007413625717163086,-17.540538787841797,-0.30614015442161446,-91.16483306884766,-1.591126499082398,88.40554809570312,1.5429678913002225,78.69064331054688,1.3734108162814938,93.05259704589844,1.6240741959824767,0.07413625717163086,0.0007413625717163086,False,False,0.0,0.0,0.0,0.0,0.0,2.1916656494140625,2.1916656494140625,0.0,0.0,0.0,0.0,0.0,0.0,0.0,0.0,0.0
2,428,16.354566330090165,16.365859466022812,False,-17.010988235473633,-0.2968977391719818,-88.3956069946289,-1.5427943468093872,90.15384674072266,1.5734814405441284,78.81318664550781,1.375549554824829,91.95604705810547,1.6049357652664185,0.6868131868131868,0.006868131868131868,-0.3044452667236328,-1.6389210224151611,1.5392688512802124,1.3673070669174194,1.624935507774353,0.0010090246796607971,-17.44342803955078,-0.3044452521248608,-92.3956069946289,-1.612607556434977,88.193603515625,1.5392687605461026,78.3409194946289,1.3673069842210865,93.10194396972656,1.6249354622790084,0.10090246796607971,0.0010090246796607971,False,False,0.0,0.0,0.0,0.0,0.0,1.5076446533203125,1.5076446533203125,0.0,0.0,0.0,0.0,0.0,0.0,0.0,0.0,0.0
2,429,16.387403829023242,16.39890167710837,False,-17.010988235473633,-0.2968977391719818,-89.80220031738281,-1.567344069480896,90.15384674072266,1.5734814405441284,78.81318664550781,1.375549554824829,92.04395294189453,1.606469988822937,0.6868131868131868,0.006868131868131868,-0.3028559684753418,-1.614136815071106,1.5186569690704346,1.3700147867202759,1.6231635808944702,0.0021177008748054504,-17.352367401123047,-0.30285594416532874,-92.48322296142578,-1.6141367435329006,87.01262664794922,1.5186568258152708,78.49606323242188,1.3700147532594247,93.00041961669922,1.6231635280477241,0.21177008748054504,0.0021177008748054504,False,False,0.0,0.0,0.0,0.0,0.0,0.0,0.0,0.0,0.0,0.0,0.0,0.0,0.0,0.0,0.0,0.0
2,430,16.42227288905997,16.434802471078,False,-17.010988235473633,-0.2968977391719818,-90.5934066772461,-1.5811532735824585,90.15384674072266,1.5734814405441284,78.81318664550781,1.375549554824829,92.30769348144531,1.6110731363296509,0.6868131868131868,0.006868131868131868,-0.29544734954833984,-1.6118922233581543,1.4980534315109253,1.373476505279541,1.6250288486480713,0.001981593668460846,-16.927885055541992,-0.29544732961835096,-92.3546142578125,-1.6118920982081273,86.15384674072266,1.503668288884196,78.69440460205078,1.3734764632023642,93.10729217529297,1.6250288060752156,0.1981593668460846,0.001981593668460846,False,False,0.0,0.0,0.0,0.0,0.0,0.0,0.0,0.0,0.32170867919921875,0.32170867919921875,0.0,0.0,0.0,0.0,0.0,0.0
2,431,16.456001033075154,16.468188241007738,False,-17.010988235473633,-0.2968977391719818,-91.20879364013672,-1.5918937921524048,90.15384674072266,1.5734814405441284,78.81318664550781,1.375549554824829,92.30769348144531,1.6110731363296509,0.6868131868131868,0.006868131868131868,-0.2968701124191284,-1.61677086353302,1.4280579090118408,1.3807334899902344,1.6226834058761597,0.001647360622882843,-17.009403228759766,-0.29687009014121213,-92.63414001464844,-1.6167707430090434,86.15384674072266,1.503668288884196,79.11019897460938,1.3807334440147756,92.97290802001953,1.622683360103183,0.1647360622882843,0.001647360622882843,False,False,0.0,0.0,0.0,0.0,0.0,0.0,0.0,0.0,4.332160949707031,4.332160949707031,0.0,0.0,0.0,0.0,0.0,0.0
2,432,16.489442075020634,16.50115144799929,False,-17.098901748657227,-0.2984321415424347,-91.29669952392578,-1.5934280157089233,89.89010620117188,1.5688782930374146,78.81318664550781,1.375549554824829,92.48351287841797,1.614141821861267,0.6868131868131868,0.006868131868131868,-0.2884345054626465,-1.6310007572174072,1.5029419660568237,1.3778340816497803,1.6240496635437012,0.004851996898651123,-16.526079177856445,-0.28843449409887256,-93.44945526123047,-1.6310006785036093,86.11222839355469,1.5029419116968767,78.94407653808594,1.3778340605360062,93.05118560791016,1.6240495617423936,0.4851996898651123,0.004851996898651123,False,False,0.0,0.0,0.0,0.0,0.0,0.0,0.0,0.0,0.0,0.0,0.0,0.0,0.0,0.0,0.0,0.0
2,433,16.522803164087236,16.534051624010317,False,-17.098901748657227,-0.2984321415424347,-91.64835357666016,-1.5995655059814453,89.80220031738281,1.567344069480896,78.81318664550781,1.375549554824829,92.48351287841797,1.614141821861267,0.6868131868131868,0.006868131868131868,-0.28677642345428467,-1.525073766708374,1.3520981073379517,1.3783591985702515,1.6232529878616333,0.0022033601999282837,-16.43107795715332,-0.2867764100041892,-87.64835357666016,-1.5297523538648679,85.80220031738281,1.4975309009940536,78.97415924072266,1.3783591027449154,93.00553894042969,1.6232528771022963,0.22033601999282837,0.0022033601999282837,False,False,0.0,0.0,0.0,0.0,0.0,0.26806640625,0.26806640625,0.0,8.332687377929688,8.332687377929688,0.0,0.0,0.0,0.0,0.0,0.0
2,434,16.55603570106905,16.566611469024792,False,-17.010988235473633,-0.2968977391719818,-92.0879135131836,-1.6072373390197754,89.80220031738281,1.567344069480896,78.81318664550781,1.375549554824829,92.48351287841797,1.614141821861267,0.6868131868131868,0.006868131868131868,-0.2903527319431305,-1.5493600368499756,1.4032769203186035,1.3757805824279785,1.6168930530548096,0.0037872493267059326,-16.635984420776367,-0.29035270245302935,-88.77178955078125,-1.5493600105486307,85.80220031738281,1.4975309009940536,78.826416015625,1.3757804970194463,92.64114379882812,1.6168929821030782,0.37872493267059326,0.0037872493267059326,False,False,0.0,0.0,0.0,0.0,0.0,0.0,0.0,0.0,5.400360107421875,5.400360107421875,0.0,0.0,0.0,0.0,0.0,0.0
2,435,16.58953699306585,16.600229484029114,False,-17.010988235473633,-0.2968977391719818,-92.70330047607422,-1.6179778575897217,89.71428680419922,1.565809726715088,78.81318664550781,1.375549554824829,92.48351287841797,1.614141821861267,0.6868131868131868,0.006868131868131868,-0.2827175557613373,-1.6385859251022339,1.5264815092086792,1.3754609823226929,1.6293268203735352,0.005741812288761139,-16.198522567749023,-0.2827175527658267,-93.8840560913086,-1.638585893920373,87.46094512939453,1.5264814594140326,78.80810546875,1.3754609176886368,93.35354614257812,1.6293267486004401,0.5741812288761139,0.005741812288761139,False,False,0.0,0.0,0.0,0.0,0.0,0.0,0.0,0.0,0.0,0.0,0.0,0.0,0.0,0.0,0.0,0.0
2,436,16.623292503063567,16.63371767301578,False,-16.923076629638672,-0.2953633964061737,-91.73626708984375,-1.6010998487472534,89.71428680419922,1.565809726715088,78.81318664550781,1.375549554824829,92.48351287841797,1.614141821861267,0.6868131868131868,0.006868131868131868,-0.2857639193534851,-1.6570498943328857,1.546276330947876,1.3684768676757812,1.617485523223877,0.003608524799346924,-16.373065948486328,-0.2857639094472547,-94.94196319580078,-1.6570498560740015,88.59510040283203,1.5462762031643735,78.40794372558594,1.3684767777299038,92.67508697509766,1.6174854022875662,0.3608524799346924,0.003608524799346924,False,False,0.0,0.0,0.0,0.0,0.0,0.0,0.0,0.0,0.0,0.0,0.0,0.0,0.0,0.0,0.0,0.0
2,437,16.656500533106737,16.668673675041646,False,-16.923076629638672,-0.2953633964061737,-90.24176025390625,-1.5750157833099365,89.71428680419922,1.565809726715088,78.81318664550781,1.375549554824829,92.48351287841797,1.614141821861267,0.6868131868131868,0.006868131868131868,-0.2826114892959595,-1.6689320802688599,1.553562879562378,1.3712399005889893,1.6130214929580688,0.004897736012935638,-16.19244384765625,-0.2826114590859007,-94.24176025390625,-1.6448290093057913,89.01258850097656,1.5535627450648848,78.56625366210938,1.3712398073608612,92.41931915283203,1.6130214116683754,0.48977360129356384,0.004897736012935638,False,False,0.0,0.0,0.0,0.0,0.0,1.3809967041015625,1.3809967041015625,0.0,0.0,0.0,0.0,0.0,0.0,0.0,0.0,0.0
2,438,16.690112709067762,16.70107250008732,False,-16.923076629638672,-0.2953633964061737,-89.97801971435547,-1.5704126358032227,89.89010620117188,1.5688782930374146,78.81318664550781,1.375549554824829,92.48351287841797,1.614141821861267,0.6868131868131868,0.006868131868131868,-0.2858036756515503,-1.6610846519470215,1.542417049407959,1.3682371377944946,1.6135423183441162,0.0026975199580192566,-16.375343322753906,-0.28580365712652417,-93.97801971435547,-1.6402258685196438,88.37398529052734,1.5424170164287396,78.39421081542969,1.3682370932317967,92.44915771484375,1.6135421928195404,0.26975199580192566,0.0026975199580192566,False,False,0.0,0.0,0.0,0.0,0.0,1.1951141357421875,1.1951141357421875,0.0,0.0,0.0,0.0,0.0,0.0,0.0,0.0,0.0
2,439,16.723454206017777,16.734840841032565,False,-16.74725341796875,-0.2922947108745575,-91.64835357666016,-1.5995655059814453,89.89010620117188,1.5688782930374146,78.81318664550781,1.375549554824829,92.48351287841797,1.614141821861267,0.6868131868131868,0.006868131868131868,-0.2791393995285034,-1.6652902364730835,1.563297986984253,1.3693935871124268,1.6127938032150269,0.0037341415882110596,-15.993508338928223,-0.27913937945946665,-95.41410064697266,-1.6652902091189246,89.57037353515625,1.5632979304296695,78.4604721069336,1.3693935709351637,92.4062728881836,1.6127937113951736,0.37341415882110596,0.0037341415882110596,False,False,0.0,0.0,0.0,0.0,0.0,0.0,0.0,0.0,0.0,0.0,0.0,0.0,0.0,0.0,0.0,0.0
2,440,16.757617243099958,16.76991829799954,False,-16.571428298950195,-0.2892259955406189,-93.4065933227539,-1.6302525997161865,89.89010620117188,1.5688782930374146,78.81318664550781,1.375549554824829,92.48351287841797,1.614141821861267,0.6868131868131868,0.006868131868131868,-0.27895957231521606,-1.6848868131637573,1.5659960508346558,1.3700740337371826,1.6200050115585327,0.0026890337467193604,-15.98320484161377,-0.2789595495068591,-96.53689575195312,-1.6848866805261091,89.72496032714844,1.5659959789300288,78.49945831298828,1.370074008593679,92.81944274902344,1.6200048858368357,0.26890337467193604,0.0026890337467193604,False,False,0.0,0.0,0.0,0.0,0.0,0.0,0.0,0.0,0.0,0.0,0.0,0.0,0.0,0.0,0.0,0.0
2,441,16.790949173038825,16.804467811016366,False,-16.483516693115234,-0.2876916229724884,-93.4945068359375,-1.6317869424819946,89.89010620117188,1.5688782930374146,78.81318664550781,1.375549554824829,92.48351287841797,1.614141821861267,0.6868131868131868,0.006868131868131868,-0.2810572385787964,-1.6818833351135254,1.562731146812439,1.3703945875167847,1.6151632070541382,0.0035741999745368958,-16.1033935546875,-0.2810572382737304,-96.36481475830078,-1.6818833006067724,89.53789520263672,1.5627310765916462,78.517822265625,1.37039452003087,92.54203033447266,1.6151631258170172,0.3574199974536896,0.0035741999745368958,False,False,0.0,0.0,0.0,0.0,0.0,0.0,0.0,0.0,0.0,0.0,0.0,0.0,0.0,0.0,0.0,0.0
2,442,16.824060409097,16.836194281000644,False,-16.483516693115234,-0.2876916229724884,-93.93406677246094,-1.6394587755203247,90.24176025390625,1.5750157833099365,78.81318664550781,1.375549554824829,92.48351287841797,1.614141821861267,0.6868131868131868,0.006868131868131868,-0.28165358304977417,-1.6592904329299927,1.5590640306472778,1.3685870170593262,1.6250436305999756,0.0030264630913734436,-16.13755989074707,-0.2816535533313128,-95.0703353881836,-1.6592903734990851,89.3277816772461,1.559063903770607,78.41425323486328,1.3685868994409787,93.10813903808594,1.6250435866192656,0.30264630913734436,0.0030264630913734436,False,False,0.0,0.0,0.0,0.0,0.0,0.0,0.0,0.0,0.0,0.0,0.0,0.0,0.0,0.0,0.0,0.0
2,443,16.85767191008199,16.89415390708018,False,-16.483516693115234,-0.2876916229724884,-94.9011001586914,-1.6563366651535034,90.32967376708984,1.5765502452850342,78.81318664550781,1.375549554824829,92.48351287841797,1.614141821861267,0.6868131868131868,0.006868131868131868,-0.2883386015892029,-1.6246598958969116,1.5068954229354858,1.370829463005066,1.6178299188613892,0.004672445356845856,-16.520584106445312,-0.28833858701011605,-93.08615112304688,-1.6246598251061852,86.3387451171875,1.5068953743350992,78.54273986816406,1.37082941423688,92.69482421875,1.617829882174568,0.46724453568458557,0.004672445356845856,False,False,0.0,0.0,0.0,0.0,0.0,0.0,0.0,0.0,0.0,0.0,0.0,0.0,0.0,0.0,0.0,0.0
2,444,16.895723888999783,16.9068747110432,False,-16.571428298950195,-0.2892259955406189,-95.16483306884766,-1.6609396934509277,90.24176025390625,1.5750157833099365,78.81318664550781,1.375549554824829,92.48351287841797,1.614141821861267,0.6868131868131868,0.006868131868131868,-0.2855890095233917,-1.6119561195373535,1.4707189798355103,1.3717213869094849,1.6191134452819824,0.004601642489433289,-16.36304473876953,-0.28558900634266376,-92.3582763671875,-1.6119560140742892,86.24176025390625,1.505202669146245,78.59384155273438,1.3717213068859475,92.76836395263672,1.6191133926619317,0.46016424894332886,0.004601642489433289,False,False,0.0,0.0,0.0,0.0,0.0,0.0,0.0,0.0,1.9757766723632812,1.9757766723632812,0.0,0.0,0.0,0.0,0.0,0.0
2,445,16.928938988014124,16.93955517699942,False,-16.571428298950195,-0.2892259955406189,-94.9011001586914,-1.6563366651535034,90.24176025390625,1.5750157833099365,78.81318664550781,1.375549554824829,92.48351287841797,1.614141821861267,0.6868131868131868,0.006868131868131868,-0.28610408306121826,-1.5954774618148804,1.4562681913375854,1.3746979236602783,1.6173300743103027,0.003462284803390503,-16.392555236816406,-0.2861040616974851,-91.41412353515625,-1.595477438513315,86.24176025390625,1.505202669146245,78.7643814086914,1.3746977888782745,92.66618347167969,1.6173300068379601,0.3462284803390503,0.003462284803390503,False,False,0.0,0.0,0.0,0.0,0.0,0.0,0.0,0.0,2.803741455078125,2.803741455078125,0.0,0.0,0.0,0.0,0.0,0.0
2,446,16.962331181042828,16.972800658084452,False,-16.483516693115234,-0.2876916229724884,-94.63735961914062,-1.6517335176467896,90.24176025390625,1.5750157833099365,78.81318664550781,1.375549554824829,92.48351287841797,1.614141821861267,0.6868131868131868,0.006868131868131868,-0.29505640268325806,-1.5030426979064941,1.3701618909835815,1.3764351606369019,1.6251133680343628,0.004790380597114563,-16.905485153198242,-0.2950563775703273,-90.63735961914062,-1.5819203506681576,86.24176025390625,1.505202669146245,78.86392211914062,1.3764351020153878,93.11212921142578,1.6251132282817713,0.4790380597114563,0.004790380597114563,False,False,0.0,0.0,0.0,0.0,0.0,4.5193634033203125,4.5193634033203125,0.0,7.737274169921875,7.737274169921875,0.0,0.0,0.0,0.0,0.0,0.0
2,447,16.996146482997574,17.007652633008547,False,-16.483516693115234,-0.2876916229724884,-93.84615325927734,-1.637924313545227,89.71428680419922,1.565809726715088,78.81318664550781,1.375549554824829,92.48351287841797,1.614141821861267,0.6868131868131868,0.006868131868131868,-0.303025484085083,-1.4815729856491089,1.3466665744781494,1.3758442401885986,1.619877576828003,0.0037918537855148315,-17.362079620361328,-0.3030254543687123,-89.84615325927734,-1.5681111946258242,85.71428680419922,1.4959965207320045,78.83006286621094,1.375844146569499,92.81214141845703,1.6198774535786755,0.37918537855148315,0.0037918537855148315,False,False,0.0,0.0,0.0,0.0,0.0,4.958282470703125,4.958282470703125,0.0,8.555976867675781,8.555976867675781,0.0,0.0,0.0,0.0,0.0,0.0
2,448,17.029674004064873,17.061576349078678,False,-16.483516693115234,-0.2876916229724884,-92.70330047607422,-1.6179778575897217,89.53845977783203,1.5627409219741821,78.81318664550781,1.375549554824829,92.48351287841797,1.614141821861267,0.6868131868131868,0.006868131868131868,-0.2995263934135437,-1.3479019403457642,1.2302556037902832,1.3784228563308716,1.6224501132965088,0.004030101001262665,-17.161598205566406,-0.2995263935914844,-88.70330047607422,-1.5481646506933486,85.53845977783203,1.4929277602079063,78.9778060913086,1.3784227522949684,92.95954132080078,1.622450067191692,0.4030101001262665,0.004030101001262665,False,False,0.0,0.0,0.0,0.0,0.0,11.474212646484375,11.474212646484375,0.0,15.050010681152344,15.050010681152344,0.0,0.0,0.0,0.0,0.0,0.0
2,449,17.063119341037236,17.07515113800764,False,-16.483516693115234,-0.2876916229724884,-91.56044006347656,-1.5980311632156372,89.53845977783203,1.5627409219741821,78.81318664550781,1.375549554824829,92.48351287841797,1.614141821861267,0.6868131868131868,0.006868131868131868,-0.30995380878448486,-1.2949861288070679,1.1748989820480347,1.380906581878662,1.62119722366333,0.003912895917892456,-17.759044647216797,-0.30995380110260795,-87.56044006347656,-1.5282179736028187,85.53845977783203,1.4929277602079063,79.1201171875,1.3809065494856307,92.88775634765625,1.621197183056864,0.3912895917892456,0.003912895917892456,False,False,0.0,0.0,0.0,0.0,0.0,13.363204956054688,13.363204956054688,0.0,18.221710205078125,18.221710205078125,0.0,0.0,0.0,0.0,0.0,0.0
2,450,17.096557178068906,17.259704632102512,False,-16.571428298950195,-0.2892259955406189,-90.5934066772461,-1.5811532735824585,89.53845977783203,1.5627409219741821,78.81318664550781,1.375549554824829,92.48351287841797,1.614141821861267,0.6868131868131868,0.006868131868131868,-0.28774043917655945,-1.656080722808838,1.5629123449325562,1.375137448310852,1.61086106300354,0.001081511378288269,-16.486310958862305,-0.28774040773977066,-94.5934066772461,-1.6509663971959334,89.54827880859375,1.562912304703826,78.78956604003906,1.375137343616192,92.2955322265625,1.6108609222340486,0.1081511378288269,0.001081511378288269,False,False,0.0,0.0,0.0,0.0,0.0,0.29302215576171875,0.29302215576171875,0.0,0.0,0.0,0.0,0.0,0.0,0.0,0.0,0.0
2,451,17.26123780803755,17.27387004008051,False,-17.450550079345703,-0.3045695424079895,-88.13186645507812,-1.5381911993026733,89.53845977783203,1.5627409219741821,78.81318664550781,1.375549554824829,92.48351287841797,1.614141821861267,0.6868131868131868,0.006868131868131868,-0.28254348039627075,-1.6769447326660156,1.5728226900100708,1.377991795539856,1.607386589050293,0.00033748894929885864,-16.188547134399414,-0.28254344860956276,-92.13186645507812,-1.6080044156488296,90.11609649658203,1.5728225929102835,78.95310974121094,1.377991719672539,92.09646606445312,1.6073865622759314,0.033748894929885864,0.00033748894929885864,False,False,0.0,0.0,0.0,0.0,0.0,3.949981689453125,3.949981689453125,0.0,0.0,0.0,0.0,0.0,0.0,0.0,0.0,0.0
2,452,17.295061018085107,17.307600625092164,False,-17.27472496032715,-0.3015008270740509,-88.3956069946289,-1.5427943468093872,89.53845977783203,1.5627409219741821,78.81318664550781,1.375549554824829,92.48351287841797,1.614141821861267,0.6868131868131868,0.006868131868131868,-0.276466429233551,-1.675876259803772,1.5800169706344604,1.3752326965332031,1.5995211601257324,0.0014978870749473572,-15.84035873413086,-0.27646641460762456,-92.3956069946289,-1.612607556434977,90.5282974243164,1.5800168562790233,78.79502868652344,1.3752326847832168,91.64580535888672,1.5995210491544367,0.14978870749473572,0.0014978870749473572,False,False,0.0,0.0,0.0,0.0,0.0,3.6250228881835938,3.6250228881835938,0.0,0.0,0.0,0.0,0.0,0.0,0.0,0.0,0.0
2,453,17.32856223511044,17.340744606102817,False,-17.27472496032715,-0.3015008270740509,-88.48351287841797,-1.5443285703659058,89.62637329101562,1.5642752647399902,78.81318664550781,1.375549554824829,92.48351287841797,1.614141821861267,0.6868131868131868,0.006868131868131868,-0.2792428135871887,-1.6814743280410767,1.5874422788619995,1.3770513534545898,1.5950390100479126,0.0009277313947677612,-15.999433517456055,-0.2792427933335458,-92.48351287841797,-1.6141418035389719,90.9537353515625,1.5874421488723278,78.89922332763672,1.3770512243335775,91.38899993896484,1.5950389490398333,0.09277313947677612,0.0009277313947677612,False,False,0.0,0.0,0.0,0.0,0.0,3.8578643798828125,3.8578643798828125,0.0,0.0,0.0,0.0,0.0,0.0,0.0,0.0,0.0
2,454,17.361863388097845,17.37376850307919,False,-16.923076629638672,-0.2953633964061737,-89.97801971435547,-1.5704126358032227,90.4175796508789,1.5780844688415527,78.81318664550781,1.375549554824829,92.48351287841797,1.614141821861267,0.6868131868131868,0.006868131868131868,-0.2701806426048279,-1.6810864210128784,1.568904161453247,1.3786280155181885,1.5986820459365845,0.00035362690687179565,-15.480209350585938,-0.2701806220657378,-93.97801971435547,-1.6402258685196438,89.8915786743164,1.5689040176823408,78.98956298828125,1.3786279488569588,91.59773254394531,1.5986820202530072,0.035362690687179565,0.00035362690687179565,False,False,0.0,0.0,0.0,0.0,0.0,2.3411331176757812,2.3411331176757812,0.0,0.0,0.0,0.0,0.0,0.0,0.0,0.0,0.0
2,455,17.395799685036764,17.40862164599821,False,-16.21977996826172,-0.2830885648727417,-91.64835357666016,-1.5995655059814453,91.29669952392578,1.5934280157089233,78.81318664550781,1.375549554824829,92.30769348144531,1.6110731363296509,0.6868131868131868,0.006868131868131868,-0.2793002724647522,-1.6730033159255981,1.5707151889801025,1.3777834177017212,1.6052860021591187,-0.0002972632646560669,-16.00272560119629,-0.27930025103406425,-95.64835357666016,-1.6693786940244142,89.99534606933594,1.570715100381649,78.94116973876953,1.3777833273172404,91.97610473632812,1.6052858608080767,0.0,0.0,True,False,0.02972632646560669,0.0,0.0,0.0,0.0,0.207672119140625,0.207672119140625,0.0,0.0,0.0,0.0,0.0,0.0,0.0,0.0,0.0
2,456,17.428822830086574,17.442814245005138,False,-15.868131637573242,-0.2769511342048645,-91.82417297363281,-1.6026341915130615,91.29669952392578,1.5934280157089233,78.81318664550781,1.375549554824829,92.21977996826172,1.6095387935638428,0.6868131868131868,0.006868131868131868,-0.2802559733390808,-1.5845661163330078,1.5039085149765015,1.377558708190918,1.6047606468200684,0.0007481575012207031,-16.057483673095703,-0.28025595968075284,-90.78894805908203,-1.5845660680530969,87.29669952392578,1.5236148328166712,78.92829895019531,1.3775586896792922,91.94600677490234,1.6047605522830586,0.07481575012207031,0.0007481575012207031,False,False,0.0,0.0,0.0,0.0,0.0,0.0,0.0,0.0,1.1290969848632812,1.1290969848632812,0.0,0.0,0.0,0.0,0.0,0.0
2,457,17.462500534020364,17.47453366301488,False,-16.131868362426758,-0.2815542221069336,-92.70330047607422,-1.6179778575897217,91.29669952392578,1.5934280157089233,78.81318664550781,1.375549554824829,92.13186645507812,1.6080044507980347,0.6868131868131868,0.006868131868131868,-0.2802876830101013,-1.6339919567108154,1.5465235710144043,1.3730510473251343,1.6027311086654663,0.0007521137595176697,-16.05929946899414,-0.28028765129772476,-93.62083435058594,-1.6339918078819318,88.60926818847656,1.5465234776715875,78.67002868652344,1.373051023218224,91.82971954345703,1.6027309572163093,0.07521137595176697,0.0007521137595176697,False,False,0.0,0.0,0.0,0.0,0.0,0.0,0.0,0.0,0.0,0.0,0.0,0.0,0.0,0.0,0.0,0.0
2,458,17.495826244005002,17.507538493024185,False,-16.483516693115234,-0.2876916229724884,-94.28571319580078,-1.6455961465835571,91.29669952392578,1.5934280157089233,78.81318664550781,1.375549554824829,92.13186645507812,1.6080044507980347,0.6868131868131868,0.006868131868131868,-0.2856125831604004,-1.6148427724838257,1.5005238056182861,1.3773781061172485,1.6108386516571045,-0.00040799379348754883,-16.364395141601562,-0.28561257531831097,-92.52367401123047,-1.6148427475378806,87.29669952392578,1.5236148328166712,78.9179458618164,1.3773779941993303,92.29425048828125,1.610838551680892,0.0,0.0,True,False,0.04079937934875488,0.0,0.0,0.0,0.0,0.0,0.0,0.0,1.3230209350585938,1.3230209350585938,0.0,0.0,0.0,0.0,0.0,0.0
2,459,17.529099907027557,17.542112391092815,False,-16.571428298950195,-0.2892259955406189,-94.02198028564453,-1.6409931182861328,90.85713958740234,1.5857561826705933,78.81318664550781,1.375549554824829,92.13186645507812,1.6080044507980347,0.6868131868131868,0.006868131868131868,-0.2723318636417389,-1.6379228830337524,1.5674943923950195,1.375339150428772,1.601062297821045,-0.000476740300655365,-15.60346508026123,-0.2723318403705198,-93.84606170654297,-1.6379227668089433,89.81080627441406,1.5674942733593074,78.8011245727539,1.3753390780687655,91.7341079711914,1.6010622204772655,0.0,0.0,True,False,0.0476740300655365,0.0,0.0,0.0,0.0,0.0,0.0,0.0,0.0,0.0,0.0,0.0,0.0,0.0,0.0,0.0
2,460,17.56302227207925,17.57606975210365,False,-16.395605087280273,-0.2861572802066803,-93.67032623291016,-1.6348556280136108,90.76923370361328,1.5842219591140747,78.81318664550781,1.375549554824829,92.13186645507812,1.6080044507980347,0.6868131868131868,0.006868131868131868,-0.2764835059642792,-1.6062157154083252,1.5059072971343994,1.3758989572525024,1.6130653619766235,-0.0002847835421562195,-15.841337203979492,-0.2764834921281147,-92.02937316894531,-1.6062155703446235,86.76923370361328,1.5144088175604853,78.83319854736328,1.3758988745299001,92.42182922363281,1.6130652206683072,0.0,0.0,True,False,0.028478354215621948,0.0,0.0,0.0,0.0,0.0,0.0,0.0,0.4871063232421875,0.4871063232421875,0.0,0.0,0.0,0.0,0.0,0.0
2,461,17.59688101510983,17.610799059038982,False,-16.30769157409668,-0.2846229076385498,-93.31867980957031,-1.6287182569503784,90.68132019042969,1.5826876163482666,78.81318664550781,1.375549554824829,92.13186645507812,1.6080044507980347,0.6868131868131868,0.006868131868131868,-0.272693008184433,-1.644657850265503,1.5300121307373047,1.3766956329345703,1.6078401803970337,1.823902130126953e-05,-15.624157905578613,-0.27269299830384813,-94.23194885253906,-1.6446577680476993,87.6632308959961,1.5300120120711507,78.87884521484375,1.3766955591699974,92.12245178222656,1.6078400986095718,0.0018239021301269531,1.823902130126953e-05,False,False,0.0,0.0,0.0,0.0,0.0,0.0,0.0,0.0,0.0,0.0,0.0,0.0,0.0,0.0,0.0,0.0
2,462,17.63011018303223,17.643185001099482,False,-16.30769157409668,-0.2846229076385498,-93.4945068359375,-1.6317869424819946,90.76923370361328,1.5842219591140747,78.81318664550781,1.375549554824829,92.13186645507812,1.6080044507980347,0.6868131868131868,0.006868131868131868,-0.2726043462753296,-1.633700966835022,1.5465590953826904,1.3755325078964233,1.5992608070373535,-0.0011972934007644653,-15.619077682495117,-0.2726043316843053,-93.60416412353516,-1.6337008575328407,88.6113052368164,1.54655903087214,78.81220245361328,1.3755324235639053,91.63088989257812,1.5992607251578814,0.0,0.0,True,False,0.11972934007644653,0.0,0.0,0.0,0.0,0.0,0.0,0.0,0.0,0.0,0.0,0.0,0.0,0.0,0.0,0.0
2,463,17.664105446077883,17.677696157013997,False,-16.21977996826172,-0.2830885648727417,-93.67032623291016,-1.6348556280136108,90.76923370361328,1.5842219591140747,78.81318664550781,1.375549554824829,92.13186645507812,1.6080044507980347,0.6868131868131868,0.006868131868131868,-0.2727852761745453,-1.6750253438949585,1.5812962055206299,1.3770991563796997,1.6031854152679443,0.0015648603439331055,-15.629444122314453,-0.2727852601908625,-95.97187805175781,-1.6750252613256547,90.60159301757812,1.581296105708643,78.90196228027344,1.3770990280751445,91.85575103759766,1.6031852924982768,0.15648603439331055,0.0015648603439331055,False,False,0.0,0.0,0.0,0.0,0.0,0.0,0.0,0.0,0.0,0.0,0.0,0.0,0.0,0.0,0.0,0.0
2,464,17.697491176077165,17.710610962007195,False,-15.95604419708252,-0.278485506772995,-93.4945068359375,-1.6317869424819946,90.68132019042969,1.5826876163482666,78.81318664550781,1.375549554824829,92.13186645507812,1.6080044507980347,0.6868131868131868,0.006868131868131868,-0.2756924331188202,-1.6532927751541138,1.5607813596725464,1.375200629234314,1.599351167678833,0.0008324161171913147,-15.796011924743652,-0.2756924167710635,-94.72669219970703,-1.6532926684081177,89.42617797851562,1.5607812431995447,78.7931900024414,1.3752005936920815,91.63607025146484,1.5993511394768898,0.08324161171913147,0.0008324161171913147,False,False,0.0,0.0,0.0,0.0,0.0,0.0,0.0,0.0,0.0,0.0,0.0,0.0,0.0,0.0,0.0,0.0
2,465,17.73071323207114,17.743626275099814,False,-15.692307472229004,-0.2738824188709259,-93.4945068359375,-1.6317869424819946,90.68132019042969,1.5826876163482666,78.81318664550781,1.375549554824829,92.13186645507812,1.6080044507980347,0.6868131868131868,0.006868131868131868,-0.2756749391555786,-1.6303870677947998,1.5379786491394043,1.3762061595916748,1.6055220365524292,0.0011881515383720398,-15.79500961303711,-0.27567492313165304,-93.41429138183594,-1.6303869530304007,88.11968231201172,1.5379785921560136,78.85079956054688,1.3762060701616408,91.98963165283203,1.6055219500387123,0.11881515383720398,0.0011881515383720398,False,False,0.0,0.0,0.0,0.0,0.0,0.0,0.0,0.0,0.0,0.0,0.0,0.0,0.0,0.0,0.0,0.0
2,466,17.764448956004344,17.778249593102373,False,-15.604395866394043,-0.2723480761051178,-93.93406677246094,-1.6394587755203247,91.12088012695312,1.5903593301773071,78.81318664550781,1.375549554824829,92.13186645507812,1.6080044507980347,0.6868131868131868,0.006868131868131868,-0.2708136737346649,-1.6489908695220947,1.570259928703308,1.3750486373901367,1.6201086044311523,0.004677392542362213,-15.5164794921875,-0.27081365545684966,-94.48020935058594,-1.6489907311412582,89.9692611694336,1.5702598329933002,78.78447723388672,1.375048527193838,92.82537841796875,1.6201084828032397,0.4677392542362213,0.004677392542362213,False,False,0.0,0.0,0.0,0.0,0.0,0.0,0.0,0.0,0.0,0.0,0.0,0.0,0.0,0.0,0.0,0.0
2,467,17.797615351038985,17.808368679019623,False,-15.604395866394043,-0.2723480761051178,-93.93406677246094,-1.6394587755203247,91.20879364013672,1.5918937921524048,78.81318664550781,1.375549554824829,92.13186645507812,1.6080044507980347,0.6868131868131868,0.006868131868131868,-0.27055779099464417,-1.660108208656311,1.5448359251022339,1.3723907470703125,1.6057740449905396,0.0012399926781654358,-15.501818656921387,-0.2705577756103635,-95.1171875,-1.6601080971117939,88.5125732421875,1.544835832488804,78.63219451904297,1.3723906924259388,92.00407409667969,1.6057740182358884,0.12399926781654358,0.0012399926781654358,False,False,0.0,0.0,0.0,0.0,0.0,0.0,0.0,0.0,0.0,0.0,0.0,0.0,0.0,0.0,0.0,0.0
2,468,17.831076634000055,17.841606523026712,False,-15.516483306884766,-0.2708137333393097,-93.84615325927734,-1.637924313545227,90.94505310058594,1.587290644645691,78.81318664550781,1.375549554824829,92.13186645507812,1.6080044507980347,0.6868131868131868,0.006868131868131868,-0.26764988899230957,-1.673574447631836,1.5507744550704956,1.3734139204025269,1.6013069152832031,0.002114713191986084,-15.33520793914795,-0.26764987001610596,-95.88874816894531,-1.6735743711637796,88.85282897949219,1.5507744154035719,78.6908187866211,1.3734138789167474,91.74812316894531,1.6013068318233894,0.2114713191986084,0.002114713191986084,False,False,0.0,0.0,0.0,0.0,0.0,0.0,0.0,0.0,0.0,0.0,0.0,0.0,0.0,0.0,0.0,0.0
2,469,17.864610754069872,17.878068475052714,False,-15.516483306884766,-0.2708137333393097,-94.10989379882812,-1.642527461051941,90.94505310058594,1.587290644645691,78.81318664550781,1.375549554824829,92.13186645507812,1.6080044507980347,0.6868131868131868,0.006868131868131868,-0.27373403310775757,-1.653707504272461,1.5497698783874512,1.3737540245056152,1.598064661026001,0.0014046058058738708,-15.68380355834961,-0.2737340113292033,-94.75045776367188,-1.6537074557478975,88.7952651977539,1.5497697378823394,78.7103042602539,1.3737539645879504,91.5623550415039,1.5980645663542725,0.14046058058738708,0.0014046058058738708,False,False,0.0,0.0,0.0,0.0,0.0,0.0,0.0,0.0,0.0,0.0,0.0,0.0,0.0,0.0,0.0,0.0
2,470,17.89796615508385,17.910678075044416,False,-15.516483306884766,-0.2708137333393097,-94.54945373535156,-1.650199294090271,90.94505310058594,1.587290644645691,78.81318664550781,1.375549554824829,92.13186645507812,1.6080044507980347,0.6868131868131868,0.006868131868131868,-0.2727794051170349,-1.671761393547058,1.5572435855865479,1.376327633857727,1.6073884963989258,0.0025177672505378723,-15.629107475280762,-0.2727793845917076,-95.78486633300781,-1.6717612910936537,89.22348022460938,1.5572435000074833,78.85775756835938,1.3763275103073485,92.09657287597656,1.6073884264886944,0.25177672505378723,0.0025177672505378723,False,False,0.0,0.0,0.0,0.0,0.0,0.0,0.0,0.0,0.0,0.0,0.0,0.0,0.0,0.0,0.0,0.0
2,471,17.931430631084368,17.943991748034023,False,-15.516483306884766,-0.2708137333393097,-94.54945373535156,-1.650199294090271,90.94505310058594,1.587290644645691,78.81318664550781,1.375549554824829,92.13186645507812,1.6080044507980347,0.6868131868131868,0.006868131868131868,-0.272126704454422,-1.6928389072418213,1.575109601020813,1.3754490613937378,1.613716721534729,0.0014317482709884644,-15.591711044311523,-0.2721266937427996,-96.99252319335938,-1.6928388795410858,90.24712371826172,1.5751094493383344,78.80741882324219,1.3754489334637314,92.45915222167969,1.6137166298709407,0.14317482709884644,0.0014317482709884644,False,False,0.0,0.0,0.0,0.0,0.0,0.0,0.0,0.0,0.0,0.0,0.0,0.0,0.0,0.0,0.0,0.0
2,472,17.965150237083435,17.9776872160146,False,-15.516483306884766,-0.2708137333393097,-94.54945373535156,-1.650199294090271,90.94505310058594,1.587290644645691,78.81318664550781,1.375549554824829,92.13186645507812,1.6080044507980347,0.6868131868131868,0.006868131868131868,-0.27730339765548706,-1.6562578678131104,1.550818920135498,1.3753533363342285,1.6093133687973022,-0.0006957799196243286,-15.888313293457031,-0.27730337955920925,-94.8965835571289,-1.6562578319658119,88.85537719726562,1.5508188901937763,78.80194091796875,1.3753533259805975,92.20685577392578,1.609313226166549,0.0,0.0,True,False,0.06957799196243286,0.0,0.0,0.0,0.0,0.0,0.0,0.0,0.0,0.0,0.0,0.0,0.0,0.0,0.0,0.0
2,473,17.99855073809158,18.011005266103894,False,-15.516483306884766,-0.2708137333393097,-95.16483306884766,-1.6609396934509277,90.94505310058594,1.587290644645691,78.81318664550781,1.375549554824829,92.13186645507812,1.6080044507980347,0.6868131868131868,0.006868131868131868,-0.2759932279586792,-1.6598223447799683,1.5479228496551514,1.373281478881836,1.602190613746643,0.002048902213573456,-15.813246726989746,-0.27599322081618793,-95.1008071899414,-1.659822206768774,88.68943786621094,1.547922702508315,78.6832275390625,1.3732813866525158,91.79875183105469,1.6021904686730777,0.20489022135734558,0.002048902213573456,False,False,0.0,0.0,0.0,0.0,0.0,0.0,0.0,0.0,0.0,0.0,0.0,0.0,0.0,0.0,0.0,0.0
2,474,18.03169247705955,18.044666189001873,False,-15.692307472229004,-0.2738824188709259,-95.34066009521484,-1.664008378982544,90.94505310058594,1.587290644645691,78.81318664550781,1.375549554824829,92.13186645507812,1.6080044507980347,0.6868131868131868,0.006868131868131868,-0.27206772565841675,-1.7023460865020752,1.568055272102356,1.3735355138778687,1.6063814163208008,0.003354378044605255,-15.58833122253418,-0.2720677047246543,-97.53723907470703,-1.7023459651585051,89.84294128417969,1.568055135084878,78.69778442382812,1.3735354522205094,92.03887176513672,1.6063813521224808,0.3354378044605255,0.003354378044605255,False,False,0.0,0.0,0.0,0.0,0.0,0.0,0.0,0.0,0.0,0.0,0.0,0.0,0.0,0.0,0.0,0.0
2,475,18.065239718998782,18.076986514031887,False,-15.780220031738281,-0.2754167914390564,-95.07691955566406,-1.65940523147583,90.94505310058594,1.587290644645691,78.81318664550781,1.375549554824829,92.13186645507812,1.6080044507980347,0.6868131868131868,0.006868131868131868,-0.26397618651390076,-1.7020807266235352,1.5556975603103638,1.3734759092330933,1.6043180227279663,0.002098947763442993,-15.124720573425293,-0.2639761724503961,-97.52203369140625,-1.7020805811558788,89.13490295410156,1.5556975349946924,78.69436645507812,1.3734757974120917,91.92064666748047,1.6043179349098875,0.20989477634429932,0.002098947763442993,False,False,0.0,0.0,0.0,0.0,0.0,0.0,0.0,0.0,0.0,0.0,0.0,0.0,0.0,0.0,0.0,0.0
2,476,18.099075926002115,18.109778748010285,False,-15.780220031738281,-0.2754167914390564,-95.25274658203125,-1.6624740362167358,91.03296661376953,1.588824987411499,78.81318664550781,1.375549554824829,92.13186645507812,1.6080044507980347,0.6868131868131868,0.006868131868131868,-0.2699747085571289,-1.6886051893234253,1.5533760786056519,1.3726606369018555,1.613216519355774,0.001273907721042633,-15.46841049194336,-0.26997469313444744,-96.74994659423828,-1.6886051191981324,89.00189208984375,1.5533760574724702,78.64765930175781,1.3726606038024183,92.43049621582031,1.6132164882182238,0.1273907721042633,0.001273907721042633,False,False,0.0,0.0,0.0,0.0,0.0,0.0,0.0,0.0,0.0,0.0,0.0,0.0,0.0,0.0,0.0,0.0
2,477,18.13235492107924,18.143178850063123,False,-15.868131637573242,-0.2769511342048645,-95.86813354492188,-1.6732145547866821,91.03296661376953,1.588824987411499,78.81318664550781,1.375549554824829,92.13186645507812,1.6080044507980347,0.6868131868131868,0.006868131868131868,-0.2658196687698364,-1.6800506114959717,1.5409246683120728,1.3706780672073364,1.612013339996338,0.002292260527610779,-15.230344772338867,-0.2658196624912194,-96.25980377197266,-1.6800505131445798,88.2884750366211,1.5409245809538592,78.53406524658203,1.370678013528909,92.36155700683594,1.612013272037726,0.22922605276107788,0.002292260527610779,False,False,0.0,0.0,0.0,0.0,0.0,0.0,0.0,0.0,0.0,0.0,0.0,0.0,0.0,0.0,0.0,0.0
2,478,18.165949348011054,18.176943027996458,False,-15.95604419708252,-0.278485506772995,-95.95604705810547,-1.6747488975524902,91.03296661376953,1.588824987411499,78.81318664550781,1.375549554824829,92.13186645507812,1.6080044507980347,0.6868131868131868,0.006868131868131868,-0.267938494682312,-1.679337501525879,1.5551007986068726,1.3691905736923218,1.6113500595092773,0.0019781887531280518,-15.351743698120117,-0.26793847345448646,-96.21894836425781,-1.679337451762711,89.1007080078125,1.5551007205944056,78.44883728027344,1.3691905049020452,92.32355499267578,1.6113500117682418,0.19781887531280518,0.0019781887531280518,False,False,0.0,0.0,0.0,0.0,0.0,0.0,0.0,0.0,0.0,0.0,0.0,0.0,0.0,0.0,0.0,0.0
2,479,18.19963385304436,18.21107258205302,False,-15.95604419708252,-0.278485506772995,-95.86813354492188,-1.6732145547866821,91.03296661376953,1.588824987411499,78.81318664550781,1.375549554824829,92.13186645507812,1.6080044507980347,0.6868131868131868,0.006868131868131868,-0.2693488895893097,-1.6861478090286255,1.543613314628601,1.3697059154510498,1.6169843673706055,0.0013104602694511414,-15.4325532913208,-0.2693488669230356,-96.60914611816406,-1.6861476873022616,88.44252014160156,1.5436131752323488,78.47836303710938,1.3697058265729753,92.64637756347656,1.6169843285284677,0.13104602694511414,0.0013104602694511414,False,False,0.0,0.0,0.0,0.0,0.0,0.0,0.0,0.0,0.0,0.0,0.0,0.0,0.0,0.0,0.0,0.0
2,480,18.233096518088132,18.398759553092532,False,-15.780220031738281,-0.2754167914390564,-95.86813354492188,-1.6732145547866821,91.03296661376953,1.588824987411499,78.81318664550781,1.375549554824829,92.13186645507812,1.6080044507980347,0.6868131868131868,0.006868131868131868,-0.2642204761505127,-1.681826114654541,1.582854151725769,1.3756511211395264,1.6041420698165894,0.002120077610015869,-15.138717651367188,-0.2642204675461405,-96.36153411865234,-1.6818260426433356,90.69085693359375,1.5828540549463395,78.81900024414062,1.3756510673904683,91.91056823730469,1.6041420331198877,0.21200776100158691,0.002120077610015869,False,False,0.0,0.0,0.0,0.0,0.0,0.0,0.0,0.0,0.0,0.0,0.0,0.0,0.0,0.0,0.0,0.0
2,481,18.400332498014905,18.413207070087083,False,-15.692307472229004,-0.2738824188709259,-95.86813354492188,-1.6732145547866821,91.03296661376953,1.588824987411499,78.81318664550781,1.375549554824829,92.13186645507812,1.6080044507980347,0.6868131868131868,0.006868131868131868,-0.25732749700546265,-1.6955362558364868,1.5673929452896118,1.3795504570007324,1.6027277708053589,0.0014677345752716064,-14.743779182434082,-0.2573274909204724,-97.14706420898438,-1.6955361290931181,89.80499267578125,1.5673928069217753,79.04241180419922,1.3795503347005078,91.82952880859375,1.6027276282649467,0.14677345752716064,0.0014677345752716064,False,False,0.0,0.0,0.0,0.0,0.0,0.0,0.0,0.0,0.0,0.0,0.0,0.0,0.0,0.0,0.0,0.0
2,482,18.43366274505388,18.444427353097126,False,-15.692307472229004,-0.2738824188709259,-95.86813354492188,-1.6732145547866821,91.03296661376953,1.588824987411499,78.81318664550781,1.375549554824829,92.13186645507812,1.6080044507980347,0.6868131868131868,0.006868131868131868,-0.26140230894088745,-1.7206510305404663,1.5922695398330688,1.3791452646255493,1.6028090715408325,0.0018972381949424744,-14.977248191833496,-0.26140229383586183,-98.5860366821289,-1.7206509365950557,91.23031616210938,1.5922693946642055,79.01919555664062,1.3791451347406523,91.83419036865234,1.6028089878362486,0.18972381949424744,0.0018972381949424744,False,False,0.0,0.0,0.0,0.0,0.0,0.0,0.0,0.0,0.0,0.0,0.0,0.0,0.0,0.0,0.0,0.0
2,483,18.467167925089598,18.47834278305527,False,-15.516483306884766,-0.2708137333393097,-95.86813354492188,-1.6732145547866821,91.03296661376953,1.588824987411499,78.81318664550781,1.375549554824829,92.13186645507812,1.6080044507980347,0.6868131868131868,0.006868131868131868,-0.2518259584903717,-1.7202731370925903,1.6028434038162231,1.381278395652771,1.6057473421096802,0.0003846511244773865,-14.428564071655273,-0.2518259493853436,-98.56438446044922,-1.7202730340363734,91.8361587524414,1.6028433426143105,79.14141845703125,1.3812783267738058,92.0025405883789,1.605747253466933,0.03846511244773865,0.0003846511244773865,False,False,0.0,0.0,0.0,0.0,0.0,0.0,0.0,0.0,0.0,0.0,0.0,0.0,0.0,0.0,0.0,0.0
2,484,18.500417916104198,18.51093553402461,False,-15.340659141540527,-0.2677450180053711,-96.30769348144531,-1.6808863878250122,91.12088012695312,1.5903593301773071,78.81318664550781,1.375549554824829,92.13186645507812,1.6080044507980347,0.6868131868131868,0.006868131868131868,-0.25388097763061523,-1.7231093645095825,1.597672939300537,1.3769201040267944,1.600698471069336,0.0001954585313796997,-14.546307563781738,-0.2538809609957464,-98.72689056396484,-1.723109300597308,91.53990936279297,1.5976728153579218,78.89170837402344,1.376920063649891,91.71326446533203,1.6006984326723608,0.01954585313796997,0.0001954585313796997,False,False,0.0,0.0,0.0,0.0,0.0,0.0,0.0,0.0,0.0,0.0,0.0,0.0,0.0,0.0,0.0,0.0
2,485,18.534059091005474,18.544547930010594,False,-15.252747535705566,-0.266210675239563,-96.57142639160156,-1.685489296913147,91.47252655029297,1.5964967012405396,78.81318664550781,1.375549554824829,92.13186645507812,1.6080044507980347,0.6868131868131868,0.006868131868131868,-0.2563389539718628,-1.705430507659912,1.5853614807128906,1.3794025182724,1.598576307296753,0.0031050294637680054,-14.687139511108398,-0.2563389421685918,-97.7139663696289,-1.705430438333035,90.83451843261719,1.585361421112649,79.033935546875,1.379402396101954,91.59166717529297,1.5985761595996766,0.31050294637680054,0.0031050294637680054,False,False,0.0,0.0,0.0,0.0,0.0,0.0,0.0,0.0,0.0,0.0,0.0,0.0,0.0,0.0,0.0,0.0
2,486,18.5676509430632,18.578885986004025,False,-14.98901081085205,-0.2616075873374939,-96.65933990478516,-1.6870237588882446,91.47252655029297,1.5964967012405396,78.81318664550781,1.375549554824829,92.13186645507812,1.6080044507980347,0.6868131868131868,0.006868131868131868,-0.2640361785888672,-1.6988389492034912,1.582230567932129,1.3807625770568848,1.60666823387146,0.0013970062136650085,-15.128157615661621,-0.26403616015395015,-97.33629608154297,-1.6988388483189798,90.6551284790039,1.5822304757770973,79.11186218261719,1.3807624724706575,92.05530548095703,1.6066681745718825,0.13970062136650085,0.0013970062136650085,False,False,0.0,0.0,0.0,0.0,0.0,0.0,0.0,0.0,0.0,0.0,0.0,0.0,0.0,0.0,0.0,0.0
2,487,18.601399007020518,18.614117003045976,False,-14.725275039672852,-0.2570045292377472,-96.65933990478516,-1.6870237588882446,91.47252655029297,1.5964967012405396,78.81318664550781,1.375549554824829,92.13186645507812,1.6080044507980347,0.6868131868131868,0.006868131868131868,-0.25860488414764404,-1.699062466621399,1.5782158374786377,1.378600835800171,1.601631999015808,0.0028099045157432556,-14.816967964172363,-0.25860487613732897,-97.34910583496094,-1.699062420692492,90.42510223388672,1.5782157604338027,78.98800659179688,1.3786007846138402,91.7667465209961,1.6016318706344335,0.28099045157432556,0.0028099045157432556,False,False,0.0,0.0,0.0,0.0,0.0,0.0,0.0,0.0,0.0,0.0,0.0,0.0,0.0,0.0,0.0,0.0
2,488,18.634535687044263,18.645235707052052,False,-14.725275039672852,-0.2570045292377472,-96.65933990478516,-1.6870237588882446,91.47252655029297,1.5964967012405396,78.81318664550781,1.375549554824829,92.13186645507812,1.6080044507980347,0.6868131868131868,0.006868131868131868,-0.25810450315475464,-1.7122820615768433,1.5765421390533447,1.3795585632324219,1.6034117937088013,0.00257980078458786,-14.788297653198242,-0.25810448481325987,-98.10652923583984,-1.7122819528694817,90.32920837402344,1.5765420968467425,79.04287719726562,1.3795584573418327,91.86872100830078,1.6034116611909335,0.257980078458786,0.00257980078458786,False,False,0.0,0.0,0.0,0.0,0.0,0.0,0.0,0.0,0.0,0.0,0.0,0.0,0.0,0.0,0.0,0.0
2,489,18.668087284080684,18.68119407002814,False,-14.725275039672852,-0.2570045292377472,-96.65933990478516,-1.6870237588882446,91.47252655029297,1.5964967012405396,78.81318664550781,1.375549554824829,92.13186645507812,1.6080044507980347,0.6868131868131868,0.006868131868131868,-0.25473862886428833,-1.7182608842849731,1.5783109664916992,1.3783944845199585,1.600053071975708,0.003488212823867798,-14.595447540283203,-0.2547386153800496,-98.44908905029297,-1.7182607495167097,90.43054962158203,1.5783108352847186,78.97618103027344,1.378394389629359,91.67628479003906,1.6000530155821802,0.3488212823867798,0.003488212823867798,False,False,0.0,0.0,0.0,0.0,0.0,0.0,0.0,0.0,0.0,0.0,0.0,0.0,0.0,0.0,0.0,0.0
2,490,18.701825854019262,18.714541695080698,False,-14.725275039672852,-0.2570045292377472,-96.65933990478516,-1.6870237588882446,91.47252655029297,1.5964967012405396,78.81318664550781,1.375549554824829,92.13186645507812,1.6080044507980347,0.6868131868131868,0.006868131868131868,-0.24661418795585632,-1.736438512802124,1.5962830781936646,1.378407597541809,1.6081687211990356,0.0016154125332832336,-14.129951477050781,-0.24661417642157213,-99.49059295654297,-1.7364384218531546,91.46028137207031,1.5962830447430638,78.97693634033203,1.3784075722767548,92.14127349853516,1.608168599530033,0.16154125332832336,0.0016154125332832336,False,False,0.0,0.0,0.0,0.0,0.0,0.0,0.0,0.0,0.0,0.0,0.0,0.0,0.0,0.0,0.0,0.0
2,491,18.735228486009873,18.746110544074327,False,-14.725275039672852,-0.2570045292377472,-96.65933990478516,-1.6870237588882446,91.47252655029297,1.5964967012405396,78.81318664550781,1.375549554824829,92.13186645507812,1.6080044507980347,0.6868131868131868,0.006868131868131868,-0.24676363170146942,-1.7325929403305054,1.5876299142837524,1.37646484375,1.605311393737793,0.0031577274203300476,-14.138513565063477,-0.24676361304823918,-99.27025604248047,-1.73259281723908,90.96448516845703,1.587629768571124,78.8656234741211,1.3764647962615422,91.9775619506836,1.605311293996487,0.31577274203300476,0.0031577274203300476,False,False,0.0,0.0,0.0,0.0,0.0,0.0,0.0,0.0,0.0,0.0,0.0,0.0,0.0,0.0,0.0,0.0
2,492,18.76919053599704,18.78078820509836,False,-14.813186645507812,-0.2585388720035553,-96.92308044433594,-1.6916269063949585,91.47252655029297,1.5964967012405396,78.81318664550781,1.375549554824829,92.13186645507812,1.6080044507980347,0.6868131868131868,0.006868131868131868,-0.2518182396888733,-1.7247238159179688,1.5929583311080933,1.3714903593063354,1.5985212326049805,0.001614496111869812,-14.428121566772461,-0.25181822621818234,-98.81938934326172,-1.724723708850114,91.26978302001953,1.5929582212801545,78.58060455322266,1.371490277661383,91.58851623535156,1.5985211653231666,0.1614496111869812,0.001614496111869812,False,False,0.0,0.0,0.0,0.0,0.0,0.0,0.0,0.0,0.0,0.0,0.0,0.0,0.0,0.0,0.0,0.0
2,493,18.80325057602022,18.81428025709465,False,-14.813186645507812,-0.2585388720035553,-97.18681335449219,-1.6962298154830933,91.47252655029297,1.5964967012405396,78.81318664550781,1.375549554824829,92.13186645507812,1.6080044507980347,0.6868131868131868,0.006868131868131868,-0.25493165850639343,-1.7024625539779663,1.5785285234451294,1.3775519132614136,1.5991548299789429,0.004507727921009064,-14.606507301330566,-0.2549316446248099,-97.54391479492188,-1.7024624784561961,90.4430160522461,1.5785284155457782,78.92790985107422,1.3775518986185125,91.62481689453125,1.5991547313464964,0.45077279210090637,0.004507727921009064,False,False,0.0,0.0,0.0,0.0,0.0,0.0,0.0,0.0,0.0,0.0,0.0,0.0,0.0,0.0,0.0,0.0
2,494,18.83668576402124,18.84786103107035,False,-14.813186645507812,-0.2585388720035553,-97.27472686767578,-1.697764277458191,91.47252655029297,1.5964967012405396,78.81318664550781,1.375549554824829,92.13186645507812,1.6080044507980347,0.6868131868131868,0.006868131868131868,-0.25121378898620605,-1.7165112495422363,1.5967113971710205,1.377786636352539,1.6010676622390747,0.0011315569281578064,-14.393488883972168,-0.25121377187451843,-98.34884643554688,-1.7165111858385822,91.48481750488281,1.5967112810463486,78.94135284423828,1.3777865231105484,91.73441314697266,1.6010675467994457,0.11315569281578064,0.0011315569281578064,False,False,0.0,0.0,0.0,0.0,0.0,0.0,0.0,0.0,0.0,0.0,0.0,0.0,0.0,0.0,0.0,0.0
2,495,18.870183012099005,18.881593302008696,False,-14.813186645507812,-0.2585388720035553,-97.0988998413086,-1.6946954727172852,91.47252655029297,1.5964967012405396,78.81318664550781,1.375549554824829,92.13186645507812,1.6080044507980347,0.6868131868131868,0.006868131868131868,-0.2530149221420288,-1.7065150737762451,1.581252932548523,1.3788366317749023,1.6081516742706299,0.001986555755138397,-14.496685981750488,-0.2530149010092526,-97.77610778808594,-1.7065150106869698,90.59911346435547,1.5812528293409291,79.00151824951172,1.3788366075283667,92.14029693603516,1.6081515552990566,0.19865557551383972,0.001986555755138397,False,False,0.0,0.0,0.0,0.0,0.0,0.0,0.0,0.0,0.0,0.0,0.0,0.0,0.0,0.0,0.0,0.0
2,496,18.90373099700082,18.915125452098437,False,-14.725275039672852,-0.2570045292377472,-97.010986328125,-1.693161129951477,91.47252655029297,1.5964967012405396,78.81318664550781,1.375549554824829,92.13186645507812,1.6080044507980347,0.6868131868131868,0.006868131868131868,-0.2571270763874054,-1.7015405893325806,1.5766786336898804,1.378737211227417,1.6010555028915405,0.002707064151763916,-14.732295036315918,-0.25712705475893033,-97.4910888671875,-1.7015404920868107,90.33702850341797,1.5766785838526092,78.99581909179688,1.3787371384616522,91.73371887207031,1.6010554294164858,0.2707064151763916,0.002707064151763916,False,False,0.0,0.0,0.0,0.0,0.0,0.0,0.0,0.0,0.0,0.0,0.0,0.0,0.0,0.0,0.0,0.0
2,497,18.937081872019917,18.9484878530493,False,-14.725275039672852,-0.2570045292377472,-97.010986328125,-1.693161129951477,91.47252655029297,1.5964967012405396,78.81318664550781,1.375549554824829,92.13186645507812,1.6080044507980347,0.6868131868131868,0.006868131868131868,-0.2664624750614166,-1.6967376470565796,1.5597033500671387,1.3803142309188843,1.5945430994033813,0.0031144246459007263,-15.26717472076416,-0.2664624663545805,-97.21590423583984,-1.6967376142189072,89.36441802978516,1.559703328748335,79.08617401123047,1.3803141293011425,91.36058807373047,1.5945430684448607,0.31144246459007263,0.0031144246459007263,False,False,0.0,0.0,0.0,0.0,0.0,0.0,0.0,0.0,0.0,0.0,0.0,0.0,0.0,0.0,0.0,0.0
2,498,18.970497083035298,18.981832002056763,False,-14.725275039672852,-0.2570045292377472,-96.92308044433594,-1.6916269063949585,91.47252655029297,1.5964967012405396,78.81318664550781,1.375549554824829,92.13186645507812,1.6080044507980347,0.6868131868131868,0.006868131868131868,-0.26644015312194824,-1.7107658386230469,1.5814869403839111,1.3781375885009766,1.6049449443817139,0.0022442713379859924,-15.26589584350586,-0.26644014573569424,-98.0196533203125,-1.7107656821028452,90.61251831054688,1.5814867880426926,78.96146392822266,1.3781375277422208,91.9565658569336,1.6049448430304922,0.22442713379859924,0.0022442713379859924,False,False,0.0,0.0,0.0,0.0,0.0,0.0,0.0,0.0,0.0,0.0,0.0,0.0,0.0,0.0,0.0,0.0
2,499,19.004037922015414,19.015531498007476,False,-14.813186645507812,-0.2585388720035553,-96.92308044433594,-1.6916269063949585,91.47252655029297,1.5964967012405396,78.81318664550781,1.375549554824829,92.13186645507812,1.6080044507980347,0.6868131868131868,0.006868131868131868,-0.2682797908782959,-1.719268798828125,1.5789743661880493,1.3769893646240234,1.5961947441101074,0.002102382481098175,-15.371298789978027,-0.2682797741929369,-98.50684356689453,-1.7192687559893047,90.46855926513672,1.5789742287122575,78.89567565917969,1.3769893058382332,91.45521545410156,1.5961946277948733,0.2102382481098175,0.002102382481098175,False,False,0.0,0.0,0.0,0.0,0.0,0.0,0.0,0.0,0.0,0.0,0.0,0.0,0.0,0.0,0.0,0.0
2,500,19.03832891304046,19.048831592081115,False,-14.90109920501709,-0.2600732445716858,-96.92308044433594,-1.6916269063949585,91.47252655029297,1.5964967012405396,78.81318664550781,1.375549554824829,92.13186645507812,1.6080044507980347,0.6868131868131868,0.006868131868131868,-0.2605501115322113,-1.7128474712371826,1.564622163772583,1.3751394748687744,1.5988359451293945,0.0015867054462432861,-14.928421020507812,-0.26055009893179326,-98.13892364501953,-1.7128473419689056,89.646240234375,1.5646220541236568,78.78968048095703,1.3751393409870096,91.6065444946289,1.5988358178059594,0.1586705446243286,0.0015867054462432861,False,False,0.0,0.0,0.0,0.0,0.0,0.0,0.0,0.0,0.0,0.0,0.0,0.0,0.0,0.0,0.0,0.0
2,501,19.07156728603877,19.082106643007137,False,-15.076923370361328,-0.2631419599056244,-96.92308044433594,-1.6916269063949585,91.47252655029297,1.5964967012405396,78.81318664550781,1.375549554824829,92.13186645507812,1.6080044507980347,0.6868131868131868,0.006868131868131868,-0.2677965462207794,-1.6949095726013184,1.5639039278030396,1.3756158351898193,1.604924201965332,0.0026178881525993347,-15.343610763549805,-0.26779652696838524,-97.11116027832031,-1.6949094872886223,89.60508728027344,1.5639037995776626,78.81697845458984,1.3756157805060247,91.95537567138672,1.6049240703739895,0.26178881525993347,0.0026178881525993347,False,False,0.0,0.0,0.0,0.0,0.0,0.0,0.0,0.0,0.0,0.0,0.0,0.0,0.0,0.0,0.0,0.0
2,502,19.10525298304856,19.1168655710062,False,-15.252747535705566,-0.266210675239563,-96.92308044433594,-1.6916269063949585,91.47252655029297,1.5964967012405396,78.81318664550781,1.375549554824829,92.13186645507812,1.6080044507980347,0.6868131868131868,0.006868131868131868,-0.2600717544555664,-1.6575591564178467,1.537630319595337,1.374890685081482,1.603375792503357,0.0025436431169509888,-14.901013374328613,-0.2600717452657446,-94.97113800048828,-1.6575590524744246,88.09972381591797,1.5376302506854314,78.77542877197266,1.3748906017411961,91.86666107177734,1.6033757085162175,0.2543643116950989,0.0025436431169509888,False,False,0.0,0.0,0.0,0.0,0.0,0.0,0.0,0.0,0.0,0.0,0.0,0.0,0.0,0.0,0.0,0.0
2,503,19.138737818109803,19.152134814998135,False,-15.252747535705566,-0.266210675239563,-96.74725341796875,-1.6885581016540527,91.47252655029297,1.5964967012405396,78.81318664550781,1.375549554824829,92.13186645507812,1.6080044507980347,0.6868131868131868,0.006868131868131868,-0.28326642513275146,-1.3911044597625732,1.2555843591690063,1.3799114227294922,1.594175934791565,0.0015103742480278015,-16.229969024658203,-0.2832663969769784,-92.74725341796875,-1.6187449443251192,87.47252655029297,1.5266835933407696,79.06309509277344,1.379911326186268,91.33954620361328,1.5941758185305388,0.15103742480278015,0.0015103742480278015,False,False,0.0,0.0,0.0,0.0,0.0,13.0428466796875,13.0428466796875,0.0,15.532844543457031,15.532844543457031,0.0,0.0,0.0,0.0,0.0,0.0
2,504,19.1722012310056,19.185802490101196,False,-15.252747535705566,-0.266210675239563,-96.30769348144531,-1.6808863878250122,91.29669952392578,1.5934280157089233,78.81318664550781,1.375549554824829,92.13186645507812,1.6080044507980347,0.6868131868131868,0.006868131868131868,-0.2821040749549866,-1.3393213748931885,1.2156693935394287,1.3792636394500732,1.6040865182876587,0.002624206244945526,-16.163372039794922,-0.2821040603192133,-92.30769348144531,-1.611073176172928,87.29669952392578,1.5236148328166712,79.0259780883789,1.3792635122511063,91.90737915039062,1.6040863730531052,0.2624206244945526,0.002624206244945526,False,False,0.0,0.0,0.0,0.0,0.0,15.570236206054688,15.570236206054688,0.0,17.64397430419922,17.64397430419922,0.0,0.0,0.0,0.0,0.0,0.0
2,505,19.20617297105491,19.219659605063498,False,-15.164834976196289,-0.2646763026714325,-94.989013671875,-1.6578710079193115,90.94505310058594,1.587290644645691,78.81318664550781,1.375549554824829,92.13186645507812,1.6080044507980347,0.6868131868131868,0.006868131868131868,-0.2733093500137329,-1.4652738571166992,1.3196840286254883,1.381844162940979,1.6029585599899292,0.002314552664756775,-15.65947151184082,-0.2733093370038765,-90.989013671875,-1.5880578717163543,86.94505310058594,1.5174774449265291,79.17383575439453,1.381844115347393,91.84275817871094,1.6029585243314566,0.2314552664756775,0.002314552664756775,False,False,0.0,0.0,0.0,0.0,0.0,7.035011291503906,7.035011291503906,0.0,11.332733154296875,11.332733154296875,0.0,0.0,0.0,0.0,0.0,0.0
2,506,19.239753565052524,19.25195500906557,False,-15.340659141540527,-0.2677450180053711,-93.84615325927734,-1.637924313545227,90.94505310058594,1.587290644645691,78.81318664550781,1.375549554824829,92.13186645507812,1.6080044507980347,0.6868131868131868,0.006868131868131868,-0.2676532566547394,-1.5182242393493652,1.3891397714614868,1.3828251361846924,1.597893238067627,0.0018100515007972717,-15.33540153503418,-0.26765324890173897,-89.84615325927734,-1.5681111946258242,86.94505310058594,1.5174774449265291,79.23004150390625,1.3828250907349238,91.55253601074219,1.5978931919381258,0.18100515007972717,0.0018100515007972717,False,False,0.0,0.0,0.0,0.0,0.0,2.8583145141601562,2.8583145141601562,0.0,7.35321044921875,7.35321044921875,0.0,0.0,0.0,0.0,0.0,0.0
2,507,19.273042537039146,19.28517442708835,False,-15.95604419708252,-0.278485506772995,-92.87911987304688,-1.6210464239120483,90.94505310058594,1.587290644645691,78.81318664550781,1.375549554824829,92.13186645507812,1.6080044507980347,0.6868131868131868,0.006868131868131868,-0.26104915142059326,-1.4485801458358765,1.3163176774978638,1.3796714544296265,1.6079273223876953,0.0029626041650772095,-14.957014083862305,-0.2610491420305605,-88.87911987304688,-1.5512332780593925,86.94505310058594,1.5174774449265291,79.04934692382812,1.379671375372052,92.12744140625,1.6079271839772173,0.29626041650772095,0.0029626041650772095,False,False,0.0,0.0,0.0,0.0,0.0,5.881599426269531,5.881599426269531,0.0,11.525611877441406,11.525611877441406,0.0,0.0,0.0,0.0,0.0,0.0
2,508,19.306508121080697,19.318431965075433,False,-15.868131637573242,-0.2769511342048645,-91.73626708984375,-1.6010998487472534,90.94505310058594,1.587290644645691,78.81318664550781,1.375549554824829,92.21977996826172,1.6095387935638428,0.6868131868131868,0.006868131868131868,-0.26744136214256287,-1.371878981590271,1.2422144412994385,1.383330225944519,1.6040822267532349,0.001981183886528015,-15.323260307312012,-0.26744134450275275,-87.73626708984375,-1.531286734126917,86.94505310058594,1.5174774449265291,79.25897979736328,1.3833301592356573,91.90713500976562,1.604082111995361,0.1981183886528015,0.001981183886528015,False,False,0.0,0.0,0.0,0.0,0.0,9.133392333984375,9.133392333984375,0.0,15.771415710449219,15.771415710449219,0.0,0.0,0.0,0.0,0.0,0.0
2,509,19.340245531057008,19.35309379803948,False,-15.252747535705566,-0.266210675239563,-90.76923370361328,-1.5842219591140747,90.94505310058594,1.587290644645691,78.81318664550781,1.375549554824829,92.13186645507812,1.6080044507980347,0.6868131868131868,0.006868131868131868,-0.26480570435523987,-1.3195124864578247,1.202406406402588,1.382671594619751,1.6083476543426514,0.0026267841458320618,-15.172248840332031,-0.26480569719568536,-86.76923370361328,-1.5144088175604853,86.94505310058594,1.5174774449265291,79.22124481201172,1.3826715594980807,92.15152740478516,1.6083475639552864,0.2626784145832062,0.0026267841458320618,False,False,0.0,0.0,0.0,0.0,0.0,11.166740417480469,11.166740417480469,0.0,18.05224609375,18.05224609375,0.0,0.0,0.0,0.0,0.0,0.0
2,510,19.373461369075812,19.5391499530524,False,-14.98901081085205,-0.2616075873374939,-89.80220031738281,-1.567344069480896,90.94505310058594,1.587290644645691,78.81318664550781,1.375549554824829,92.13186645507812,1.6080044507980347,0.6868131868131868,0.006868131868131868,-0.255121111869812,-1.6603114604949951,1.6058964729309082,1.3724656105041504,1.60306715965271,5.513429641723633e-06,-14.617362022399902,-0.25512109524685544,-93.80220031738281,-1.6371572411536,92.0110855102539,1.6058963904879775,78.63648223876953,1.37246552725257,91.8489761352539,1.6030670481458773,0.0005513429641723633,5.513429641723633e-06,False,False,0.0,0.0,0.0,0.0,0.0,1.3266372680664062,1.3266372680664062,0.0,0.0,0.0,0.0,0.0,0.0,0.0,0.0,0.0
2,511,19.540629372000694,19.55153193906881,False,-15.076923370361328,-0.2631419599056244,-87.6043930053711,-1.5289851427078247,90.68132019042969,1.5826876163482666,78.81318664550781,1.375549554824829,92.13186645507812,1.6080044507980347,0.6868131868131868,0.006868131868131868,-0.2514169216156006,-1.6858601570129395,1.6013786792755127,1.3748000860214233,1.6035963296890259,-0.0004734992980957031,-14.40512752532959,-0.2514169044866642,-91.6043930053711,-1.5987982672345893,91.75223541259766,1.601378604014767,78.7702407836914,1.3748000542641334,91.8792953491211,1.603596218254476,0.0,0.0,True,False,0.04734992980957031,0.0,0.0,0.0,0.0,4.988273620605469,4.988273620605469,0.0,0.0,0.0,0.0,0.0,0.0,0.0,0.0,0.0
2,512,19.574158302042633,19.584622837021016,False,-15.076923370361328,-0.2631419599056244,-87.51648712158203,-1.5274507999420166,90.5934066772461,1.5811532735824585,78.81318664550781,1.375549554824829,92.13186645507812,1.6080044507980347,0.6868131868131868,0.006868131868131868,-0.24901051819324493,-1.704102873802185,1.6086070537567139,1.3751413822174072,1.6043665409088135,0.0010681599378585815,-14.267251014709473,-0.24901050541518224,-91.51648712158203,-1.5972640201305945,92.16638946533203,1.60860695584546,78.789794921875,1.3751413383578273,91.92342376708984,1.604366404441727,0.10681599378585815,0.0010681599378585815,False,False,0.0,0.0,0.0,0.0,0.0,6.121406555175781,6.121406555175781,0.0,0.0,0.0,0.0,0.0,0.0,0.0,0.0,0.0
2,513,19.607640258036554,19.619200036046095,False,-15.076923370361328,-0.2631419599056244,-87.69230651855469,-1.5305194854736328,90.68132019042969,1.5826876163482666,78.81318664550781,1.375549554824829,92.13186645507812,1.6080044507980347,0.6868131868131868,0.006868131868131868,-0.24235814809799194,-1.6898974180221558,1.6098207235336304,1.3741322755813599,1.6012576818466187,9.589642286300659e-05,-13.88609790802002,-0.24235812874924606,-91.69230651855469,-1.6003326474966384,92.23593139648438,1.6098206915122637,78.73197937011719,1.3741322666207962,91.74530029296875,1.601257563343223,0.00958964228630066,9.589642286300659e-05,False,False,0.0,0.0,0.0,0.0,0.0,5.131675720214844,5.131675720214844,0.0,0.0,0.0,0.0,0.0,0.0,0.0,0.0,0.0
2,514,19.641020839102566,19.65245339903049,False,-15.076923370361328,-0.2631419599056244,-89.0988998413086,-1.5550692081451416,91.56044006347656,1.5980311632156372,78.81318664550781,1.375549554824829,92.13186645507812,1.6080044507980347,0.6868131868131868,0.006868131868131868,-0.24353109300136566,-1.7124958038330078,1.6073805093765259,1.3736789226531982,1.6052238941192627,-0.0001914873719215393,-13.953303337097168,-0.24353108476185784,-93.0988998413086,-1.6248823322152612,92.09611511230469,1.607380437005424,78.70600128173828,1.3736788634452102,91.97254943847656,1.605223809154678,0.0,0.0,True,False,0.01914873719215393,0.0,0.0,0.0,0.0,5.019874572753906,5.019874572753906,0.0,0.0,0.0,0.0,0.0,0.0,0.0,0.0,0.0
2,515,19.67438480304554,19.684773079003207,False,-14.725275039672852,-0.2570045292377472,-90.24176025390625,-1.5750157833099365,91.9120864868164,1.6041685342788696,78.81318664550781,1.375549554824829,92.30769348144531,1.6110731363296509,0.6868131868131868,0.006868131868131868,-0.24349331855773926,-1.712408185005188,1.6075941324234009,1.370401382446289,1.6031854152679443,0.0020183399319648743,-13.951138496398926,-0.2434933011638923,-94.24176025390625,-1.6448290093057913,92.10835266113281,1.6075940225248484,78.5182113647461,1.3704013110916498,91.85575103759766,1.6031852924982768,0.20183399319648743,0.0020183399319648743,False,False,0.0,0.0,0.0,0.0,0.0,3.8719940185546875,3.8719940185546875,0.0,0.0,0.0,0.0,0.0,0.0,0.0,0.0,0.0
2,516,19.70807043800596,19.720717476098798,False,-14.373626708984375,-0.25086709856987,-91.38461303710938,-1.5949623584747314,91.9120864868164,1.6041685342788696,78.81318664550781,1.375549554824829,92.13186645507812,1.6080044507980347,0.6868131868131868,0.006868131868131868,-0.23461127281188965,-1.701517939567566,1.604469895362854,1.3706562519073486,1.6078732013702393,0.0020158961415290833,-13.442234992980957,-0.23461125945431455,-95.38461303710938,-1.6647755532382669,91.92935180664062,1.6044698682500764,78.5328140258789,1.3706561756079703,92.12434387207031,1.6078731218070887,0.20158961415290833,0.0020158961415290833,False,False,0.0,0.0,0.0,0.0,0.0,2.1051788330078125,2.1051788330078125,0.0,0.0,0.0,0.0,0.0,0.0,0.0,0.0,0.0
2,517,19.741306203999557,19.751897861016914,False,-14.10988998413086,-0.2462640404701233,-91.82417297363281,-1.6026341915130615,91.9120864868164,1.6041685342788696,78.81318664550781,1.375549554824829,92.13186645507812,1.6080044507980347,0.6868131868131868,0.006868131868131868,-0.24335640668869019,-1.6997792720794678,1.606014370918274,1.3717975616455078,1.6053158044815063,0.0016831308603286743,-13.943294525146484,-0.24335639803910544,-95.82417297363281,-1.672447321390458,92.01783752441406,1.6060142353662135,78.59820556640625,1.3717974732931237,91.97781372070312,1.6053156882122857,0.16831308603286743,0.0016831308603286743,False,False,0.0,0.0,0.0,0.0,0.0,1.5660018920898438,1.5660018920898438,0.0,0.0,0.0,0.0,0.0,0.0,0.0,0.0,0.0
2,518,19.77464575599879,19.786254630074836,False,-14.021978378295898,-0.244729682803154,-92.96703338623047,-1.6225807666778564,91.82417297363281,1.6026341915130615,78.81318664550781,1.375549554824829,92.13186645507812,1.6080044507980347,0.6868131868131868,0.006868131868131868,-0.25192373991012573,-1.690071702003479,1.594244122505188,1.3685593605041504,1.6118719577789307,0.0007560551166534424,-14.434165954589844,-0.2519237206868631,-96.83396911621094,-1.6900715888523845,91.34345245361328,1.5942439954544447,78.41267395019531,1.3685593357236963,92.35345458984375,1.6118718581838427,0.07560551166534424,0.0007560551166534424,False,False,0.0,0.0,0.0,0.0,0.0,0.0,0.0,0.0,0.0,0.0,0.0,0.0,0.0,0.0,0.0,0.0
2,519,19.808136093080975,19.818837624043226,False,-14.021978378295898,-0.244729682803154,-93.93406677246094,-1.6394587755203247,91.82417297363281,1.6026341915130615,78.81318664550781,1.375549554824829,92.13186645507812,1.6080044507980347,0.6868131868131868,0.006868131868131868,-0.25220513343811035,-1.6611104011535645,1.571399211883545,1.3730331659317017,1.6117212772369385,-0.0001960545778274536,-14.450288772583008,-0.2522051169455436,-95.17460632324219,-1.6611102446299908,90.03453826904297,1.571399133307636,78.66899871826172,1.373033046880866,92.34481811523438,1.6117211232661441,0.0,0.0,True,False,0.01960545778274536,0.0,0.0,0.0,0.0,0.0,0.0,0.0,0.0,0.0,0.0,0.0,0.0,0.0,0.0,0.0
2,520,19.841879066079855,19.87747896509245,False,-14.197802543640137,-0.2477983981370926,-94.54945373535156,-1.650199294090271,91.73626708984375,1.6010998487472534,78.81318664550781,1.375549554824829,92.13186645507812,1.6080044507980347,0.6868131868131868,0.006868131868131868,-0.2453012764453888,-1.678930640220642,1.59257173538208,1.3708276748657227,1.5976898670196533,0.00026410818099975586,-14.054727554321289,-0.24530127129367668,-96.19563293457031,-1.6789305207481469,91.24763488769531,1.5925716634479294,78.54263305664062,1.370827550024117,91.54087829589844,1.5976897264308438,0.026410818099975586,0.00026410818099975586,False,False,0.0,0.0,0.0,0.0,0.0,0.0,0.0,0.0,0.0,0.0,0.0,0.0,0.0,0.0,0.0,0.0
2,521,19.879063710104674,19.891015290049836,False,-14.461538314819336,-0.2524014711380005,-94.81318664550781,-1.6548023223876953,91.64835357666016,1.5995655059814453,78.81318664550781,1.375549554824829,92.13186645507812,1.6080044507980347,0.6868131868131868,0.006868131868131868,-0.24822261929512024,-1.6990768909454346,1.603681206703186,1.370951771736145,1.6038334369659424,0.0006461367011070251,-14.222107887268066,-0.2482226092066823,-97.34992980957031,-1.6990768017623783,91.88416290283203,1.6036811730932494,78.54974365234375,1.3709516533309145,91.89288330078125,1.6038333727495475,0.06461367011070251,0.0006461367011070251,False,False,0.0,0.0,0.0,0.0,0.0,0.0,0.0,0.0,0.0,0.0,0.0,0.0,0.0,0.0,0.0,0.0
2,522,19.91272265801672,19.92613521509338,False,-14.549450874328613,-0.2539358139038086,-94.81318664550781,-1.6548023223876953,91.56044006347656,1.5980311632156372,78.81318664550781,1.375549554824829,92.13186645507812,1.6080044507980347,0.6868131868131868,0.006868131868131868,-0.2512965798377991,-1.711809515953064,1.6026759147644043,1.3735514879226685,1.602054238319397,-0.00027079135179519653,-14.398232460021973,-0.25129656289490626,-98.07945251464844,-1.7118093749340473,91.8265609741211,1.6026758297817447,78.69869995117188,1.3735514311870498,91.79093933105469,1.6020541148252656,0.0,0.0,True,False,0.027079135179519653,0.0,0.0,0.0,0.0,0.0,0.0,0.0,0.0,0.0,0.0,0.0,0.0,0.0,0.0,0.0
2,523,19.946305870078504,19.95995309704449,False,-14.461538314819336,-0.2524014711380005,-95.25274658203125,-1.6624740362167358,91.56044006347656,1.5980311632156372,78.81318664550781,1.375549554824829,92.13186645507812,1.6080044507980347,0.6868131868131868,0.006868131868131868,-0.25286227464675903,-1.697088360786438,1.5987457036972046,1.3715591430664062,1.5994740724563599,0.00042969733476638794,-14.487940788269043,-0.25286226858927746,-97.23599243164062,-1.6970882193764163,91.60137939453125,1.5987456698030602,78.58454895019531,1.3715591203755615,91.64311218261719,1.5994740443611968,0.042969733476638794,0.00042969733476638794,False,False,0.0,0.0,0.0,0.0,0.0,0.0,0.0,0.0,0.0,0.0,0.0,0.0,0.0,0.0,0.0,0.0
2,524,19.9798851540545,19.993683633045293,False,-14.549450874328613,-0.2539358139038086,-96.04395294189453,-1.6762832403182983,91.56044006347656,1.5980311632156372,78.81318664550781,1.375549554824829,92.13186645507812,1.6080044507980347,0.6868131868131868,0.006868131868131868,-0.25081372261047363,-1.6693735122680664,1.5815300941467285,1.3717291355133057,1.6082731485366821,0.0008148923516273499,-14.370567321777344,-0.25081371514451806,-95.6480484008789,-1.669373367702234,90.61499786376953,1.5815300644104064,78.59428405761719,1.3717290300531086,92.14725494384766,1.608272995444764,0.08148923516273499,0.0008148923516273499,False,False,0.0,0.0,0.0,0.0,0.0,0.0,0.0,0.0,0.0,0.0,0.0,0.0,0.0,0.0,0.0,0.0
2,525,20.013621630030684,20.02771133708302,False,-14.637362480163574,-0.2554701566696167,-96.21977996826172,-1.6793519258499146,91.56044006347656,1.5980311632156372,78.81318664550781,1.375549554824829,92.13186645507812,1.6080044507980347,0.6868131868131868,0.006868131868131868,-0.24126681685447693,-1.7044330835342407,1.6016449928283691,1.3724223375320435,1.6081528663635254,0.0017563998699188232,-13.823569297790527,-0.2412667986240452,-97.65681457519531,-1.7044329513467458,91.76749420166016,1.601644920123775,78.63400268554688,1.3724222508848563,92.14036560058594,1.608152753721547,0.17563998699188232,0.0017563998699188232,False,False,0.0,0.0,0.0,0.0,0.0,0.0,0.0,0.0,0.0,0.0,0.0,0.0,0.0,0.0,0.0,0.0
2,526,20.049025609041564,20.060810832073912,False,-14.637362480163574,-0.2554701566696167,-96.04395294189453,-1.6762832403182983,91.56044006347656,1.5980311632156372,78.81318664550781,1.375549554824829,92.13186645507812,1.6080044507980347,0.6868131868131868,0.006868131868131868,-0.2488657534122467,-1.6957279443740845,1.593118667602539,1.3735169172286987,1.6017001867294312,0.0007074400782585144,-14.258956909179688,-0.2488657459651796,-97.15805053710938,-1.6957278766916037,91.27896881103516,1.5931185435777773,78.69671630859375,1.373516810092879,91.7706527709961,1.6017000475583396,0.07074400782585144,0.0007074400782585144,False,False,0.0,0.0,0.0,0.0,0.0,0.0,0.0,0.0,0.0,0.0,0.0,0.0,0.0,0.0,0.0,0.0
2,527,20.080622803070582,20.093076628050767,False,-14.549450874328613,-0.2539358139038086,-95.78022003173828,-1.671680212020874,91.56044006347656,1.5980311632156372,78.81318664550781,1.375549554824829,92.13186645507812,1.6080044507980347,0.6868131868131868,0.006868131868131868,-0.2445603460073471,-1.702756643295288,1.5695377588272095,1.3753916025161743,1.61083984375,0.003347426652908325,-14.012274742126465,-0.2445603299441462,-97.56076049804688,-1.7027564914405409,89.92788696289062,1.5695377168637252,78.80413055419922,1.37539154234224,92.29431915283203,1.6108397501033824,0.3347426652908325,0.003347426652908325,False,False,0.0,0.0,0.0,0.0,0.0,0.0,0.0,0.0,0.0,0.0,0.0,0.0,0.0,0.0,0.0,0.0
2,528,20.11459564510733,20.127325447043404,False,-14.461538314819336,-0.2524014711380005,-96.04395294189453,-1.6762832403182983,91.56044006347656,1.5980311632156372,78.81318664550781,1.375549554824829,92.13186645507812,1.6080044507980347,0.6868131868131868,0.006868131868131868,-0.2532045245170593,-1.6539981365203857,1.5132299661636353,1.3746892213821411,1.6045548915863037,0.003405466675758362,-14.507550239562988,-0.2532045180788663,-94.76710510253906,-1.653998006622825,87.56044006347656,1.5282179736028187,78.76388549804688,1.3746891336047318,91.93421936035156,1.60455482308885,0.3405466675758362,0.003405466675758362,False,False,0.0,0.0,0.0,0.0,0.0,0.0,0.0,0.0,0.8587570190429688,0.8587570190429688,0.0,0.0,0.0,0.0,0.0,0.0
2,529,20.147817739052698,20.15964798000641,False,-14.461538314819336,-0.2524014711380005,-96.21977996826172,-1.6793519258499146,91.47252655029297,1.5964967012405396,78.81318664550781,1.375549554824829,92.13186645507812,1.6080044507980347,0.6868131868131868,0.006868131868131868,-0.23881091177463531,-1.707263469696045,1.5709195137023926,1.3751556873321533,1.6015636920928955,0.00292041152715683,-13.682856559753418,-0.23881089804580138,-97.81898498535156,-1.707263358953282,90.00704956054688,1.5709193648372584,78.79061126708984,1.3751555862696592,91.76283264160156,1.601563560552473,0.292041152715683,0.00292041152715683,False,False,0.0,0.0,0.0,0.0,0.0,0.0,0.0,0.0,0.0,0.0,0.0,0.0,0.0,0.0,0.0,0.0
2,530,20.181044541066512,20.191261795000173,False,-14.461538314819336,-0.2524014711380005,-96.21977996826172,-1.6793519258499146,91.20879364013672,1.5918937921524048,78.81318664550781,1.375549554824829,92.13186645507812,1.6080044507980347,0.6868131868131868,0.006868131868131868,-0.2467002123594284,-1.674554705619812,1.5242300033569336,1.3757339715957642,1.6109392642974854,0.004135541617870331,-14.134880065917969,-0.24670019652478167,-95.94490814208984,-1.6745545476029833,87.33193969726562,1.5242298898704252,78.82374572753906,1.3757338917003699,92.30001831054688,1.610939219170097,0.4135541617870331,0.004135541617870331,False,False,0.0,0.0,0.0,0.0,0.0,0.0,0.0,0.0,0.0,0.0,0.0,0.0,0.0,0.0,0.0,0.0
2,531,20.214397336007096,20.225272110081278,False,-14.373626708984375,-0.25086709856987,-95.69230651855469,-1.6701457500457764,90.85713958740234,1.5857561826705933,78.81318664550781,1.375549554824829,92.13186645507812,1.6080044507980347,0.6868131868131868,0.006868131868131868,-0.2463037371635437,-1.6986026763916016,1.5361381769180298,1.3733559846878052,1.6066681146621704,0.002678617835044861,-14.112163543701172,-0.24630371841749613,-97.32276153564453,-1.6986026259302898,88.01422882080078,1.5361380815266599,78.6875,1.373355955163038,92.0552978515625,1.606668041413828,0.2678617835044861,0.002678617835044861,False,False,0.0,0.0,0.0,0.0,0.0,0.0,0.0,0.0,0.0,0.0,0.0,0.0,0.0,0.0,0.0,0.0
2,532,20.247995065059513,20.25871690106578,False,-14.285714149475098,-0.2493327409029007,-95.69230651855469,-1.6701457500457764,90.76923370361328,1.5842219591140747,78.81318664550781,1.375549554824829,92.13186645507812,1.6080044507980347,0.6868131868131868,0.006868131868131868,-0.24264150857925415,-1.6804834604263306,1.4766647815704346,1.3778841495513916,1.605224609375,0.00389137864112854,-13.90233325958252,-0.24264148908923047,-96.28460693359375,-1.680483409979772,86.76923370361328,1.5144088175604853,78.94694519042969,1.3778841279644998,91.97258758544922,1.6052244749449505,0.389137864112854,0.00389137864112854,False,False,0.0,0.0,0.0,0.0,0.0,0.0,0.0,0.0,2.1625823974609375,2.1625823974609375,0.0,0.0,0.0,0.0,0.0,0.0
2,533,20.281224267091602,20.292227823054418,False,-14.285714149475098,-0.2493327409029007,-95.86813354492188,-1.6732145547866821,90.76923370361328,1.5842219591140747,78.81318664550781,1.375549554824829,92.13186645507812,1.6080044507980347,0.6868131868131868,0.006868131868131868,-0.24675410985946655,-1.7260605096817017,1.592145562171936,1.3768229484558105,1.6031790971755981,0.0024919360876083374,-14.137968063354492,-0.24675409224734215,-98.8959732055664,-1.7260603494012248,91.22321319580078,1.5921454245154623,78.88613891601562,1.3768228582701032,91.85539245605469,1.6031790340697152,0.24919360876083374,0.0024919360876083374,False,False,0.0,0.0,0.0,0.0,0.0,0.0,0.0,0.0,0.0,0.0,0.0,0.0,0.0,0.0,0.0,0.0
2,534,20.314690171042457,20.32567236002069,False,-14.285714149475098,-0.2493327409029007,-96.13186645507812,-1.6778175830841064,90.5934066772461,1.5811532735824585,78.81318664550781,1.375549554824829,92.13186645507812,1.6080044507980347,0.6868131868131868,0.006868131868131868,-0.25795263051986694,-1.6842631101608276,1.547123908996582,1.3773237466812134,1.6038216352462769,0.002076856791973114,-14.779596328735352,-0.2579526180520981,-96.50115966796875,-1.6842629681988126,88.64366912841797,1.5471238873393458,78.91483306884766,1.3773236657130927,91.89220428466797,1.6038215216826968,0.2076856791973114,0.002076856791973114,False,False,0.0,0.0,0.0,0.0,0.0,0.0,0.0,0.0,0.0,0.0,0.0,0.0,0.0,0.0,0.0,0.0
2,535,20.348991840030067,20.359766807057895,False,-14.285714149475098,-0.2493327409029007,-96.13186645507812,-1.6778175830841064,90.4175796508789,1.5780844688415527,78.81318664550781,1.375549554824829,92.13186645507812,1.6080044507980347,0.6868131868131868,0.006868131868131868,-0.2454960197210312,-1.7153823375701904,1.5946202278137207,1.373291254043579,1.5957735776901245,0.00247182697057724,-14.065884590148926,-0.24549599830363192,-98.28416442871094,-1.7153822718524976,91.36500549316406,1.5946201669584184,78.68379211425781,1.373291240348549,91.43108367919922,1.5957734488684772,0.247182697057724,0.00247182697057724,False,False,0.0,0.0,0.0,0.0,0.0,0.0,0.0,0.0,0.0,0.0,0.0,0.0,0.0,0.0,0.0,0.0
2,536,20.382155842031352,20.393052326049656,False,-14.285714149475098,-0.2493327409029007,-96.21977996826172,-1.6793519258499146,90.4175796508789,1.5780844688415527,78.81318664550781,1.375549554824829,92.13186645507812,1.6080044507980347,0.6868131868131868,0.006868131868131868,-0.2525806427001953,-1.6363170146942139,1.458810806274414,1.3780089616775513,1.6016731262207031,0.0020415708422660828,-14.471803665161133,-0.25258062265924475,-93.7540512084961,-1.6363168806716255,86.4175796508789,1.5082712965122889,78.95409393310547,1.37800889706157,91.76910400390625,1.6016730164732753,0.20415708422660828,0.0020415708422660828,False,False,0.0,0.0,0.0,0.0,0.0,0.0,0.0,0.0,2.8338851928710938,2.8338851928710938,0.0,0.0,0.0,0.0,0.0,0.0
2,537,20.41528814204503,20.425830507068895,False,-14.373626708984375,-0.25086709856987,-96.21977996826172,-1.6793519258499146,90.5054931640625,1.5796188116073608,78.81318664550781,1.375549554824829,92.13186645507812,1.6080044507980347,0.6868131868131868,0.006868131868131868,-0.2553367614746094,-1.5833905935287476,1.3902629613876343,1.3813875913619995,1.6039594411849976,0.0024265050888061523,-14.629717826843262,-0.2553367447161246,-92.21977996826172,-1.609538795910879,86.5054931640625,1.509805676774338,79.14767456054688,1.381387516378499,91.90010070800781,1.6039593402691084,0.24265050888061523,0.0024265050888061523,False,False,0.0,0.0,0.0,0.0,0.0,1.4981842041015625,1.4981842041015625,0.0,6.849296569824219,6.849296569824219,0.0,0.0,0.0,0.0,0.0,0.0
2,538,20.448739314102568,20.460082701058127,False,-14.373626708984375,-0.25086709856987,-96.30769348144531,-1.6808863878250122,91.20879364013672,1.5918937921524048,78.81318664550781,1.375549554824829,92.13186645507812,1.6080044507980347,0.6868131868131868,0.006868131868131868,-0.25390201807022095,-1.5690665245056152,1.3616712093353271,1.38179349899292,1.6038647890090942,0.003180094063282013,-14.547513008117676,-0.253901999968358,-92.30769348144531,-1.611073176172928,87.20879364013672,1.5220805857126767,79.17092895507812,1.381793382128627,91.8946762084961,1.603864664892356,0.3180094063282013,0.003180094063282013,False,False,0.0,0.0,0.0,0.0,0.0,2.4068069458007812,2.4068069458007812,0.0,9.190788269042969,9.190788269042969,0.0,0.0,0.0,0.0,0.0,0.0
2,539,20.482326688012108,20.49318890401628,False,-14.373626708984375,-0.25086709856987,-95.69230651855469,-1.6701457500457764,91.29669952392578,1.5934280157089233,78.81318664550781,1.375549554824829,92.13186645507812,1.6080044507980347,0.6868131868131868,0.006868131868131868,-0.26162827014923096,-1.4839357137680054,1.2492711544036865,1.388293743133545,1.5998754501342773,0.0012932345271110535,-14.990195274353027,-0.26162826305435505,-91.69230651855469,-1.6003326474966384,87.29669952392578,1.5236148328166712,79.54336547851562,1.3882936257172924,91.66610717773438,1.5998753827374719,0.12932345271110535,0.0012932345271110535,False,False,0.0,0.0,0.0,0.0,0.0,6.669059753417969,6.669059753417969,0.0,15.718742370605469,15.718742370605469,0.0,0.0,0.0,0.0,0.0,0.0
2,540,20.515686138998717,20.678721633041278,False,-14.373626708984375,-0.25086709856987,-94.9011001586914,-1.6563366651535034,90.76923370361328,1.5842219591140747,78.9011001586914,1.3770840167999268,92.13186645507812,1.6080044507980347,0.6868131868131868,0.006868131868131868,-0.24709853529930115,-1.6677186489105225,1.575360655784607,1.3778483867645264,1.5986735820770264,0.0006636679172515869,-14.157702445983887,-0.24709852220007347,-95.55323791503906,-1.6677186125589134,90.26151275634766,1.5753605854291288,78.94489288330078,1.3778483084478381,91.59724426269531,1.598673498137519,0.06636679172515869,0.0006636679172515869,False,False,0.0,0.0,0.0,0.0,0.0,0.0,0.0,0.0,0.0,0.0,0.0,0.0,0.0,0.0,0.0,0.0
2,541,20.68023677309975,20.69328732509166,False,-14.98901081085205,-0.2616075873374939,-92.26373291015625,-1.610305905342102,90.4175796508789,1.5780844688415527,79.25274658203125,1.3832213878631592,92.13186645507812,1.6080044507980347,0.6868131868131868,0.006868131868131868,-0.2400173842906952,-1.709208369255066,1.601731777191162,1.3760360479354858,1.603203535079956,0.0005525499582290649,-13.751982688903809,-0.24001737659863454,-96.26373291015625,-1.6801190895426492,91.77246856689453,1.6017317391753114,78.84105682373047,1.3760360273260392,91.8567886352539,1.6032034019936894,0.055254995822906494,0.0005525499582290649,False,False,0.0,0.0,0.0,0.0,0.0,1.66668701171875,1.66668701171875,0.0,0.0,0.0,0.0,0.0,0.0,0.0,0.0,0.0
2,542,20.713658173102885,20.725429921061732,False,-15.076923370361328,-0.2631419599056244,-92.43955993652344,-1.6133747100830078,90.4175796508789,1.5780844688415527,79.25274658203125,1.3832213878631592,92.13186645507812,1.6080044507980347,0.6868131868131868,0.006868131868131868,-0.23940911889076233,-1.719192624092102,1.5962629318237305,1.376457691192627,1.6026735305786133,0.0011600926518440247,-13.717131614685059,-0.23940911060566042,-96.43955993652344,-1.6831878500667476,91.45912170410156,1.5962628047187792,78.8652114868164,1.376457605726599,91.82642364501953,1.6026734329367636,0.11600926518440247,0.0011600926518440247,False,False,0.0,0.0,0.0,0.0,0.0,2.0629196166992188,2.0629196166992188,0.0,0.0,0.0,0.0,0.0,0.0,0.0,0.0,0.0
2,543,20.747133615077473,20.75804067403078,False,-14.813186645507812,-0.2585388720035553,-92.43955993652344,-1.6133747100830078,90.5054931640625,1.5796188116073608,79.16483306884766,1.3816869258880615,92.13186645507812,1.6080044507980347,0.6868131868131868,0.006868131868131868,-0.24267831444740295,-1.7204777002334595,1.6049941778182983,1.3758138418197632,1.5987917184829712,0.0008597224950790405,-13.90444278717041,-0.24267830729130083,-96.43955993652344,-1.6831878500667476,91.95938873291016,1.6049941115106585,78.82832336425781,1.3758137865330722,91.60401153564453,1.5987916093318641,0.08597224950790405,0.0008597224950790405,False,False,0.0,0.0,0.0,0.0,0.0,2.1365432739257812,2.1365432739257812,0.0,0.0,0.0,0.0,0.0,0.0,0.0,0.0,0.0
2,544,20.7802875720663,20.790788745041937,False,-14.10988998413086,-0.2462640404701233,-94.02198028564453,-1.6409931182861328,91.38461303710938,1.5949623584747314,79.16483306884766,1.3816869258880615,92.13186645507812,1.6080044507980347,0.6868131868131868,0.006868131868131868,-0.2406655251979828,-1.7304631471633911,1.5996010303497314,1.3753726482391357,1.602013349533081,-0.0002790316939353943,-13.789117813110352,-0.24066550678417575,-98.02198028564453,-1.710806295309469,91.65038299560547,1.599600943987139,78.80304718017578,1.3753726338985006,91.7885971069336,1.602013235302533,0.0,0.0,True,False,0.02790316939353943,0.0,0.0,0.0,0.0,1.126251220703125,1.126251220703125,0.0,0.0,0.0,0.0,0.0,0.0,0.0,0.0,0.0
2,545,20.81365415104665,20.824339128099382,False,-13.84615421295166,-0.2416609823703766,-94.81318664550781,-1.6548023223876953,91.56044006347656,1.5980311632156372,79.16483306884766,1.3816869258880615,92.13186645507812,1.6080044507980347,0.6868131868131868,0.006868131868131868,-0.24519196152687073,-1.7089872360229492,1.6000819206237793,1.3741170167922974,1.6028765439987183,0.001862645149230957,-14.048463821411133,-0.24519194853092893,-97.9177474975586,-1.7089870899688357,91.67793273925781,1.600081777721953,78.7311019897461,1.374116953444528,91.83805847167969,1.602876498969882,0.1862645149230957,0.001862645149230957,False,False,0.0,0.0,0.0,0.0,0.0,0.0,0.0,0.0,0.0,0.0,0.0,0.0,0.0,0.0,0.0,0.0
2,546,20.847199465031736,20.85844188206829,False,-14.10988998413086,-0.2462640404701233,-95.42857360839844,-1.6655428409576416,91.56044006347656,1.5980311632156372,79.16483306884766,1.3816869258880615,92.13186645507812,1.6080044507980347,0.6868131868131868,0.006868131868131868,-0.23846016824245453,-1.7114638090133667,1.5978766679763794,1.3746803998947144,1.6069555282592773,0.0022823289036750793,-13.662760734558105,-0.23846015973023796,-98.05964660644531,-1.7114636966245549,91.55158233642578,1.5978765471813128,78.76338195800781,1.3746803451731344,92.07176208496094,1.6069553964954475,0.22823289036750793,0.0022823289036750793,False,False,0.0,0.0,0.0,0.0,0.0,0.0,0.0,0.0,0.0,0.0,0.0,0.0,0.0,0.0,0.0,0.0
2,547,20.880611058091745,20.891362280002795,False,-14.461538314819336,-0.2524014711380005,-96.13186645507812,-1.6778175830841064,91.56044006347656,1.5980311632156372,79.07691955566406,1.3801525831222534,92.13186645507812,1.6080044507980347,0.6868131868131868,0.006868131868131868,-0.23806041479110718,-1.7113529443740845,1.598469614982605,1.3753352165222168,1.6027812957763672,-0.0001821666955947876,-13.639856338500977,-0.23806040260586023,-98.05329895019531,-1.7113529091232076,91.58555603027344,1.598469499998019,78.80089569091797,1.3753350833271305,91.83259582519531,1.6027811578028572,0.0,0.0,True,False,0.01821666955947876,0.0,0.0,0.0,0.0,0.0,0.0,0.0,0.0,0.0,0.0,0.0,0.0,0.0,0.0,0.0
2,548,20.91403813706711,20.924280221108347,False,-14.461538314819336,-0.2524014711380005,-96.30769348144531,-1.6808863878250122,91.56044006347656,1.5980311632156372,79.07691955566406,1.3801525831222534,92.21977996826172,1.6095387935638428,0.6868131868131868,0.006868131868131868,-0.24236461520195007,-1.7028721570968628,1.5941568613052368,1.3756183385849,1.6008976697921753,0.000447198748588562,-13.886468887329102,-0.2423646035596463,-97.5673828125,-1.7028720726318503,91.33845520019531,1.5941567769287446,78.81712341308594,1.3756183105090605,91.72467803955078,1.6008976371218988,0.0447198748588562,0.000447198748588562,False,False,0.0,0.0,0.0,0.0,0.0,0.0,0.0,0.0,0.0,0.0,0.0,0.0,0.0,0.0,0.0,0.0
2,549,20.947669616085477,20.960041265003383,False,-14.197802543640137,-0.2477983981370926,-96.3956069946289,-1.6824207305908203,91.56044006347656,1.5980311632156372,79.07691955566406,1.3801525831222534,92.13186645507812,1.6080044507980347,0.6868131868131868,0.006868131868131868,-0.24187570810317993,-1.703438639640808,1.5861743688583374,1.3768510818481445,1.5984193086624146,0.0010261833667755127,-13.8584566116333,-0.2418756971177782,-97.59983825683594,-1.7034385269957102,90.88108825683594,1.586174217877341,78.88774871826172,1.3768509546196035,91.58267211914062,1.5984191662534164,0.10261833667755127,0.0010261833667755127,False,False,0.0,0.0,0.0,0.0,0.0,0.0,0.0,0.0,0.0,0.0,0.0,0.0,0.0,0.0,0.0,0.0
2,550,20.981867240043357,20.996027397108264,False,-14.197802543640137,-0.2477983981370926,-96.3956069946289,-1.6824207305908203,91.56044006347656,1.5980311632156372,78.989013671875,1.3786183595657349,92.13186645507812,1.6080044507980347,0.6868131868131868,0.006868131868131868,-0.24932339787483215,-1.646465539932251,1.5124049186706543,1.3785309791564941,1.6045876741409302,0.0011964291334152222,-14.285177230834961,-0.2493233769089961,-94.33551788330078,-1.6464653886375904,87.56044006347656,1.5282179736028187,78.98400115966797,1.3785308766352256,91.93609619140625,1.604587579970258,0.11964291334152222,0.0011964291334152222,False,False,0.0,0.0,0.0,0.0,0.0,0.0,0.0,0.0,0.9060287475585938,0.9060287475585938,0.0,0.0,0.0,0.0,0.0,0.0
2,551,21.015334043069743,21.027233091997914,False,-14.197802543640137,-0.2477983981370926,-96.3956069946289,-1.6824207305908203,91.56044006347656,1.5980311632156372,78.989013671875,1.3786183595657349,92.13186645507812,1.6080044507980347,0.6868131868131868,0.006868131868131868,-0.26047074794769287,-1.5042386054992676,1.3519935607910156,1.3781418800354004,1.6139004230499268,9.506940841674805e-06,-14.923873901367188,-0.2604707367313089,-92.3956069946289,-1.612607556434977,87.56044006347656,1.5282179736028187,78.96170806884766,1.378141788799965,92.46968078613281,1.613900387986156,0.0009506940841674805,9.506940841674805e-06,False,False,0.0,0.0,0.0,0.0,0.0,6.2090911865234375,6.2090911865234375,0.0,10.096916198730469,10.096916198730469,0.0,0.0,0.0,0.0,0.0,0.0
2,552,21.04878010705579,21.059474328998476,False,-14.197802543640137,-0.2477983981370926,-96.3956069946289,-1.6824207305908203,91.56044006347656,1.5980311632156372,78.989013671875,1.3786183595657349,92.13186645507812,1.6080044507980347,0.6868131868131868,0.006868131868131868,-0.26493823528289795,-1.3851597309112549,1.2603545188903809,1.3782637119293213,1.6142308712005615,-0.0005705803632736206,-15.179841995239258,-0.26493822274943046,-92.3956069946289,-1.612607556434977,87.56044006347656,1.5282179736028187,78.96868896484375,1.3782636284198362,92.48860931396484,1.6142307531193805,0.0,0.0,True,False,0.05705803632736206,0.0,0.0,0.0,0.0,13.031806945800781,13.031806945800781,0.0,15.347450256347656,15.347450256347656,0.0,0.0,0.0,0.0,0.0,0.0
2,553,21.082084938068874,21.09366473008413,False,-14.197802543640137,-0.2477983981370926,-95.69230651855469,-1.6701457500457764,90.94505310058594,1.587290644645691,79.07691955566406,1.3801525831222534,92.13186645507812,1.6080044507980347,0.6868131868131868,0.006868131868131868,-0.28199851512908936,-1.2611849308013916,1.149855613708496,1.3798350095748901,1.60971999168396,1.3090670108795166e-05,-16.157323837280273,-0.2819984992715053,-91.69230651855469,-1.6003326474966384,86.94505310058594,1.5174774449265291,79.0587158203125,1.379834893462983,92.23015594482422,1.609719890865004,0.0013090670108795166,1.3090670108795166e-05,False,False,0.0,0.0,0.0,0.0,0.0,19.431739807128906,19.431739807128906,0.0,21.063186645507812,21.063186645507812,0.0,0.0,0.0,0.0,0.0,0.0
2,554,21.115726066054776,21.127478219103068,False,-14.285714149475098,-0.2493327409029007,-94.19779968261719,-1.6440616846084595,90.76923370361328,1.5842219591140747,79.16483306884766,1.3816869258880615,92.13186645507812,1.6080044507980347,0.6868131868131868,0.006868131868131868,-0.2848202586174011,-1.1668734550476074,1.0676199197769165,1.3797595500946045,1.6056904792785645,0.000126570463180542,-16.318998336791992,-0.28482025160449875,-90.19779968261719,-1.5742485825159662,86.76923370361328,1.5144088175604853,79.05439758300781,1.3797595260041335,91.99928283691406,1.6056903949776598,0.0126570463180542,0.000126570463180542,False,False,0.0,0.0,0.0,0.0,0.0,23.34088134765625,23.34088134765625,0.0,25.59912109375,25.59912109375,0.0,0.0,0.0,0.0,0.0,0.0
2,555,21.14933174510952,21.16142875805963,False,-14.98901081085205,-0.2616075873374939,-93.67032623291016,-1.6348556280136108,90.76923370361328,1.5842219591140747,79.16483306884766,1.3816869258880615,92.13186645507812,1.6080044507980347,0.6868131868131868,0.006868131868131868,-0.2839931547641754,-1.1165815591812134,1.0329484939575195,1.3824682235717773,1.6028547286987305,0.0013328269124031067,-16.271608352661133,-0.2839931403489474,-89.67032623291016,-1.565042434101726,86.76923370361328,1.5144088175604853,79.20958709716797,1.3824680939907987,91.83680725097656,1.6028546610489434,0.13328269124031067,0.0013328269124031067,False,False,0.0,0.0,0.0,0.0,0.0,25.69491958618164,25.69491958618164,0.0,27.585647583007812,27.585647583007812,0.0,0.0,0.0,0.0,0.0,0.0
2,556,21.18250512809027,21.194042546092533,False,-15.868131637573242,-0.2769511342048645,-92.35164642333984,-1.6118402481079102,90.5934066772461,1.5811532735824585,79.16483306884766,1.3816869258880615,92.13186645507812,1.6080044507980347,0.6868131868131868,0.006868131868131868,-0.2853672504425049,-1.1037817001342773,1.0135306119918823,1.379127860069275,1.6084760427474976,0.002093389630317688,-16.350337982177734,-0.2853672316028874,-88.35164642333984,-1.5420271296451522,86.5934066772461,1.511340057036387,79.01820373535156,1.3791278241935667,92.15888214111328,1.6084759283198282,0.2093389630317688,0.002093389630317688,False,False,0.0,0.0,0.0,0.0,0.0,25.109615325927734,25.109615325927734,0.0,28.522384643554688,28.522384643554688,0.0,0.0,0.0,0.0,0.0,0.0
2,557,21.215814088005573,21.22780956106726,False,-16.043956756591797,-0.2800198793411255,-91.82417297363281,-1.6026341915130615,90.5934066772461,1.5811532735824585,79.16483306884766,1.3816869258880615,92.30769348144531,1.6110731363296509,0.6868131868131868,0.006868131868131868,-0.27335941791534424,-1.0550650358200073,0.960557222366333,1.3832697868347168,1.604709506034851,0.0009432360529899597,-15.66234016418457,-0.27335940443237,-87.82417297363281,-1.5328209812309117,86.5934066772461,1.511340057036387,79.2555160522461,1.3832697054789125,91.94307708740234,1.604709419590129,0.09432360529899597,0.0009432360529899597,False,False,0.0,0.0,0.0,0.0,0.0,27.373401641845703,27.373401641845703,0.0,31.557533264160156,31.557533264160156,0.0,0.0,0.0,0.0,0.0,0.0
2,558,21.24936337803956,21.261151215061545,False,-15.868131637573242,-0.2769511342048645,-90.68132019042969,-1.5826876163482666,90.5934066772461,1.5811532735824585,79.16483306884766,1.3816869258880615,92.13186645507812,1.6080044507980347,0.6868131868131868,0.006868131868131868,-0.26329129934310913,-1.0291239023208618,0.9385517835617065,1.380588412284851,1.6096410751342773,0.0019132941961288452,-15.085479736328125,-0.26329129064181184,-86.68132019042969,-1.5128744372984362,86.5934066772461,1.511340057036387,79.10188293457031,1.3805883017353662,92.22563171386719,1.6096409281386834,0.19132941961288452,0.0019132941961288452,False,False,0.0,0.0,0.0,0.0,0.0,27.71686553955078,27.71686553955078,0.0,32.81835174560547,32.81835174560547,0.0,0.0,0.0,0.0,0.0,0.0
2,559,21.282734382082708,21.29325458710082,False,-15.516483306884766,-0.2708137333393097,-89.80220031738281,-1.567344069480896,90.5934066772461,1.5811532735824585,79.16483306884766,1.3816869258880615,92.13186645507812,1.6080044507980347,0.6868131868131868,0.006868131868131868,-0.26930177211761475,-0.9902456998825073,0.9047216176986694,1.3802677392959595,1.6049492359161377,0.001054614782333374,-15.429854393005371,-0.26930176226125485,-85.80220031738281,-1.4975309009940536,86.5934066772461,1.511340057036387,79.08351135253906,1.3802676571401207,91.9568099975586,1.6049491040882362,0.1054614782333374,0.001054614782333374,False,False,0.0,0.0,0.0,0.0,0.0,29.065303802490234,29.065303802490234,0.0,34.75667953491211,34.75667953491211,0.0,0.0,0.0,0.0,0.0,0.0
2,560,21.31629754707683,21.32636079308577,False,-15.516483306884766,-0.2708137333393097,-88.92308044433594,-1.5520005226135254,90.5934066772461,1.5811532735824585,79.16483306884766,1.3816869258880615,92.13186645507812,1.6080044507980347,0.6868131868131868,0.006868131868131868,-0.2729707956314087,-0.9054967164993286,0.8394984006881714,1.3787492513656616,1.6009185314178467,0.001423850655555725,-15.640073776245117,-0.27297078265030017,-84.92308044433594,-1.4821873646896713,86.5934066772461,1.511340057036387,78.99650573730469,1.3787491226865576,91.72586822509766,1.6009184097784013,0.1423850655555725,0.001423850655555725,False,False,0.0,0.0,0.0,0.0,0.0,33.04194259643555,33.04194259643555,0.0,38.49369430541992,38.49369430541992,0.0,0.0,0.0,0.0,0.0,0.0
2,561,21.349848328041844,21.361553356051445,False,-15.516483306884766,-0.2708137333393097,-87.95604705810547,-1.5351226329803467,90.5934066772461,1.5811532735824585,79.16483306884766,1.3816869258880615,92.30769348144531,1.6110731363296509,0.6868131868131868,0.006868131868131868,-0.2706616520881653,-0.8240827918052673,0.7746625542640686,1.3805667161941528,1.597990870475769,0.0015846341848373413,-15.507769584655762,-0.27066163889287653,-83.95604705810547,-1.4653094481232396,86.5934066772461,1.511340057036387,79.10063934326172,1.380566596972482,91.5581283569336,1.5979907967920772,0.15846341848373413,0.0015846341848373413,False,False,0.0,0.0,0.0,0.0,0.0,36.73958206176758,36.73958206176758,0.0,42.20851516723633,42.20851516723633,0.0,0.0,0.0,0.0,0.0,0.0
2,562,21.383049087016843,21.395631686085835,False,-15.692307472229004,-0.2738824188709259,-87.07691955566406,-1.5197789669036865,90.5934066772461,1.5811532735824585,78.81318664550781,1.375549554824829,92.48351287841797,1.614141821861267,0.6868131868131868,0.006868131868131868,-0.2899152636528015,-0.6627140641212463,0.6536673307418823,1.3861061334609985,1.5865607261657715,0.0018571168184280396,-16.610919952392578,-0.28991524495447024,-83.07691955566406,-1.4499657786608025,86.5934066772461,1.511340057036387,79.41802978515625,1.3861061051979013,90.90322875976562,1.5865606425515117,0.18571168184280396,0.0018571168184280396,False,False,0.0,0.0,0.0,0.0,0.0,45.106201171875,45.106201171875,0.0,49.141029357910156,49.141029357910156,0.0,0.0,0.0,0.0,0.0,0.0
2,563,21.416827750043012,21.429969481076114,False,-15.780220031738281,-0.2754167914390564,-86.19779968261719,-1.504435420036316,90.5934066772461,1.5811532735824585,78.54945373535156,1.3709465265274048,92.3956069946289,1.6126075983047485,0.6868131868131868,0.006868131868131868,-0.2854001522064209,-0.5821762084960938,0.5679121613502502,1.3825528621673584,1.595406174659729,0.0017231181263923645,-16.352222442626953,-0.2854001216423499,-82.19779968261719,-1.4346222423564199,86.5934066772461,1.511340057036387,79.21443939208984,1.3825527825134631,91.4100341796875,1.595406065796101,0.17231181263923645,0.0017231181263923645,False,False,0.0,0.0,0.0,0.0,0.0,48.84156036376953,48.84156036376953,0.0,54.054439544677734,54.054439544677734,0.0,0.0,0.0,0.0,0.0,0.0
2,564,21.450355157023296,21.461460632039234,False,-15.780220031738281,-0.2754167914390564,-85.4065933227539,-1.4906262159347534,90.5934066772461,1.5811532735824585,78.46154022216797,1.3694121837615967,92.21977996826172,1.6095387935638428,0.6868131868131868,0.006868131868131868,-0.2882452607154846,-0.47571492195129395,0.4883706569671631,1.3848475217819214,1.593647837638855,0.003582186996936798,-16.515235900878906,-0.28824524321390876,-81.4065933227539,-1.4208130863140866,86.5934066772461,1.511340057036387,79.34591674804688,1.38484749526673,91.30928802490234,1.593647713686376,0.3582186996936798,0.003582186996936798,False,False,0.0,0.0,0.0,0.0,0.0,54.15013885498047,54.15013885498047,0.0,58.61183166503906,58.61183166503906,0.0,0.0,0.0,0.0,0.0,0.0
2,565,21.48354583606124,21.49481635610573,False,-15.868131637573242,-0.2769511342048645,-84.61538696289062,-1.4768171310424805,90.5054931640625,1.5796188116073608,78.46154022216797,1.3694121837615967,92.13186645507812,1.6080044507980347,0.6868131868131868,0.006868131868131868,-0.2845762372016907,-0.37866395711898804,0.41271722316741943,1.3857574462890625,1.594008445739746,0.00149526447057724,-16.305015563964844,-0.2845762061801066,-80.61538696289062,-1.4070039302717532,86.5054931640625,1.509805676774338,79.3980484008789,1.3857573642531555,91.32994842529297,1.5940083056979728,0.149526447057724,0.00149526447057724,False,False,0.0,0.0,0.0,0.0,0.0,58.91954040527344,58.91954040527344,0.0,62.85853576660156,62.85853958129883,0.0,0.0,0.0,0.0,0.0,0.0
2,566,21.517821059096605,21.529623271082528,False,-16.30769157409668,-0.2846229076385498,-83.73626708984375,-1.4614735841751099,90.24176025390625,1.5750157833099365,78.46154022216797,1.3694121837615967,92.13186645507812,1.6080044507980347,0.6868131868131868,0.006868131868131868,-0.28898876905441284,-0.31104785203933716,0.3442937731742859,1.384824275970459,1.6001917123794556,0.0030562877655029297,-16.557836532592773,-0.2889887645007453,-79.73626708984375,-1.3916603939673706,86.24176025390625,1.505202669146245,79.3445816040039,1.3848241926071918,91.6842269897461,1.6001916331169188,0.30562877655029297,0.0030562877655029297,False,False,0.0,0.0,0.0,0.0,0.0,61.91453552246094,61.9145393371582,0.0,66.51518249511719,66.51518249511719,0.0,0.0,0.0,0.0,0.0,0.0
2,567,21.55134138604626,21.564038936048746,False,-16.659339904785156,-0.290760338306427,-83.03296661376953,-1.449198603630066,89.97801971435547,1.5704126358032227,78.46154022216797,1.3694121837615967,92.13186645507812,1.6080044507980347,0.6868131868131868,0.006868131868131868,-0.2816876471042633,-0.29913902282714844,0.33572155237197876,1.3841660022735596,1.5942107439041138,0.004077896475791931,-16.13951301574707,-0.2816876417932658,-79.03296661376953,-1.379385485029032,85.97801971435547,1.5005995283600975,79.30686950683594,1.3841659923437788,91.34154510498047,1.5942107059408188,0.4077896475791931,0.004077896475791931,False,False,0.0,0.0,0.0,0.0,0.0,61.89356231689453,61.89356231689453,0.0,66.74259185791016,66.74259185791016,0.0,0.0,0.0,0.0,0.0,0.0
2,568,21.585279309074394,21.599339895998128,False,-16.659339904785156,-0.290760338306427,-82.15384674072266,-1.4338550567626953,89.62637329101562,1.5642752647399902,78.46154022216797,1.3694121837615967,92.13186645507812,1.6080044507980347,0.6868131868131868,0.006868131868131868,-0.28282737731933594,-0.2505471408367157,0.3046543002128601,1.380948543548584,1.5917078256607056,0.0037266910076141357,-16.204814910888672,-0.28282737487127885,-78.15384674072266,-1.3640419487246493,85.62637329101562,1.4944621404699554,79.12252044677734,1.3809484942727994,91.19813537597656,1.5917077339903078,0.3726691007614136,0.0037266910076141357,False,False,0.0,0.0,0.0,0.0,0.0,63.798553466796875,63.798553466796875,0.0,68.17096710205078,68.17096710205078,0.0,0.0,0.0,0.0,0.0,0.0
2,569,21.61823018209543,21.628613979090005,False,-16.571428298950195,-0.2892259955406189,-81.45054626464844,-1.421580195426941,89.27472686767578,1.5581378936767578,78.46154022216797,1.3694121837615967,92.13186645507812,1.6080044507980347,0.6868131868131868,0.006868131868131868,-0.2802291214466095,-0.19545459747314453,0.24736762046813965,1.3842004537582397,1.5911394357681274,0.0027371197938919067,-16.055944442749023,-0.28022909504325666,-77.45054626464844,-1.3517670397863106,85.27472686767578,1.4883247525798133,79.308837890625,1.3842003471218407,91.16556549072266,1.5911392822556303,0.2737119793891907,0.0027371197938919067,False,False,0.0,0.0,0.0,0.0,0.0,66.25182342529297,66.25182342529297,0.0,71.10160827636719,71.10160827636719,0.0,0.0,0.0,0.0,0.0,0.0
2,570,21.651736793108284,21.82804345805198,False,-16.483516693115234,-0.2876916229724884,-80.74725341796875,-1.409305453300476,88.92308044433594,1.5520005226135254,78.46154022216797,1.3694121837615967,92.13186645507812,1.6080044507980347,0.6868131868131868,0.006868131868131868,-0.2767986059188843,-1.6096489429473877,1.5872865915298462,1.361757516860962,1.610363483428955,0.0005995109677314758,-15.859391212463379,-0.27679859401934154,-84.74725341796875,-1.4791186041655728,90.94481658935547,1.5872864871066128,78.02295684814453,1.3617574891415796,92.26702880859375,1.610363443742422,0.05995109677314758,0.0005995109677314758,False,False,0.0,0.0,0.0,0.0,0.0,7.4788360595703125,7.4788360595703125,0.0,0.0,0.0,0.0,0.0,0.0,0.0,0.0,0.0
2,571,21.829550828086212,21.841499154106714,False,-16.483516693115234,-0.2876916229724884,-78.9011001586914,-1.3770840167999268,88.04395294189453,1.5366568565368652,78.37362670898438,1.3678778409957886,92.13186645507812,1.6080044507980347,0.6868131868131868,0.006868131868131868,-0.27871254086494446,-1.609552025794983,1.5830183029174805,1.3633660078048706,1.6114428043365479,-0.0006421729922294617,-15.969051361083984,-0.2787125246709974,-82.9011001586914,-1.4468971512947586,90.70026397705078,1.5830182388275427,78.1151123046875,1.363365905281933,92.32886505126953,1.6114426897741765,0.0,0.0,True,False,0.06421729922294617,0.0,0.0,0.0,0.0,9.319435119628906,9.319435119628906,0.0,0.0,0.0,0.0,0.0,0.0,0.0,0.0,0.0
2,572,21.863579419092275,21.87587185110897,False,-16.483516693115234,-0.2876916229724884,-78.9011001586914,-1.3770840167999268,88.04395294189453,1.5366568565368652,78.37362670898438,1.3678778409957886,92.13186645507812,1.6080044507980347,0.6868131868131868,0.006868131868131868,-0.27625155448913574,-1.621137261390686,1.5824819803237915,1.3625975847244263,1.6109914779663086,0.0002187862992286682,-15.828047752380371,-0.2762515474419256,-82.9011001586914,-1.4468971512947586,90.6695327758789,1.5824818781840009,78.07108306884766,1.3625974501493905,92.30300903320312,1.6109914171274626,0.02187862992286682,0.0002187862992286682,False,False,0.0,0.0,0.0,0.0,0.0,9.98321533203125,9.98321533203125,0.0,0.0,0.0,0.0,0.0,0.0,0.0,0.0,0.0
2,573,21.896687626023777,21.910423716064543,False,-16.483516693115234,-0.2876916229724884,-79.16483306884766,-1.3816869258880615,88.13186645507812,1.5381911993026733,78.19779968261719,1.3648090362548828,92.13186645507812,1.6080044507980347,0.6868131868131868,0.006868131868131868,-0.27582699060440063,-1.603643774986267,1.5636602640151978,1.3635132312774658,1.6098439693450928,0.000977352261543274,-15.80372142791748,-0.27582697298513975,-83.16483306884766,-1.4515001589228516,89.59112548828125,1.5636601203379203,78.12355041503906,1.363513178090214,92.23725891113281,1.6098438610137473,0.09773522615432739,0.000977352261543274,False,False,0.0,0.0,0.0,0.0,0.0,8.717178344726562,8.717178344726562,0.0,0.0,0.0,0.0,0.0,0.0,0.0,0.0,0.0
2,574,21.93012928101234,21.943510033073835,False,-16.483516693115234,-0.2876916229724884,-80.65933990478516,-1.4077709913253784,89.27472686767578,1.5581378936767578,78.10989379882812,1.3632748126983643,92.21977996826172,1.6095387935638428,0.6868131868131868,0.006868131868131868,-0.2745818793773651,-1.618914008140564,1.5661009550094604,1.3635320663452148,1.602108120918274,0.0012492388486862183,-15.732381820678711,-0.2745818619517436,-84.65933990478516,-1.4775842239035237,89.73097229003906,1.5661009074769778,78.12462615966797,1.3635319533758992,91.79402923583984,1.6021080438373396,0.12492388486862183,0.0012492388486862183,False,False,0.0,0.0,0.0,0.0,0.0,8.09759521484375,8.09759521484375,0.0,0.0,0.0,0.0,0.0,0.0,0.0,0.0,0.0
2,575,21.963890000013635,21.974796077003703,False,-16.30769157409668,-0.2846229076385498,-81.97801971435547,-1.430786371231079,90.24176025390625,1.5750157833099365,78.02198028564453,1.3617404699325562,92.21977996826172,1.6095387935638428,0.6868131868131868,0.006868131868131868,-0.27781885862350464,-1.6059128046035767,1.5609345436096191,1.3632452487945557,1.6100974082946777,-6.896257400512695e-05,-15.917847633361816,-0.2778188510329509,-85.97801971435547,-1.5005995283600975,89.4349594116211,1.5609345081202786,78.10819244384766,1.3632451309264977,92.25177764892578,1.6100972607914685,0.0,0.0,True,False,0.006896257400512695,0.0,0.0,0.0,0.0,6.034004211425781,6.034004211425781,0.0,0.0,0.0,0.0,0.0,0.0,0.0,0.0,0.0
2,576,21.997259962023236,22.00869073602371,False,-16.131868362426758,-0.2815542221069336,-82.76923370361328,-1.4445956945419312,90.24176025390625,1.5750157833099365,78.10989379882812,1.3632748126983643,92.21977996826172,1.6095387935638428,0.6868131868131868,0.006868131868131868,-0.28137028217315674,-1.6059367656707764,1.5732040405273438,1.363268256187439,1.6077368259429932,0.00046469271183013916,-16.121328353881836,-0.2813702595703556,-86.76923370361328,-1.5144088175604853,90.13794708251953,1.5732039575783827,78.10951232910156,1.363268167269927,92.11653137207031,1.6077367679592767,0.046469271183013916,0.00046469271183013916,False,False,0.0,0.0,0.0,0.0,0.0,5.244163513183594,5.244163513183594,0.0,0.0,0.0,0.0,0.0,0.0,0.0,0.0,0.0
2,577,22.03072078805417,22.04186198906973,False,-16.043956756591797,-0.2800198793411255,-84.0,-1.4660766124725342,90.24176025390625,1.5750157833099365,78.63735961914062,1.372480869293213,92.21977996826172,1.6095387935638428,0.6868131868131868,0.006868131868131868,-0.279352605342865,-1.6350176334381104,1.5787930488586426,1.3622276782989502,1.6090102195739746,0.0005284473299980164,-16.00572395324707,-0.27935258214948433,-88.0,-1.53588974175501,90.45817565917969,1.5787930006000774,78.04988861083984,1.3622275370739785,92.18949127197266,1.609010158434498,0.052844732999801636,0.0005284473299980164,False,False,0.0,0.0,0.0,0.0,0.0,5.679603576660156,5.679603576660156,0.0,0.0,0.0,0.0,0.0,0.0,0.0,0.0,0.0
2,578,22.0640943760518,22.074745392077602,False,-16.043956756591797,-0.2800198793411255,-84.96703338623047,-1.482954502105713,90.24176025390625,1.5750157833099365,78.72527313232422,1.374015212059021,91.78022003173828,1.6018669605255127,0.6868131868131868,0.006868131868131868,-0.2743211090564728,-1.6482024192810059,1.5849888324737549,1.3656020164489746,1.6047059297561646,0.0013052299618721008,-15.717440605163574,-0.2743210885467544,-88.96703338623047,-1.5527676583214416,90.81316375732422,1.5849887117180923,78.24322509765625,1.3656018953331635,91.94287109375,1.6047058243226575,0.13052299618721008,0.0013052299618721008,False,False,0.0,0.0,0.0,0.0,0.0,5.4680023193359375,5.4680023193359375,0.0,0.0,0.0,0.0,0.0,0.0,0.0,0.0,0.0
2,579,22.09741180203855,22.109866196056828,False,-16.043956756591797,-0.2800198793411255,-86.02198028564453,-1.5013667345046997,90.76923370361328,1.5842219591140747,78.72527313232422,1.374015212059021,91.69230651855469,1.6003326177597046,0.6868131868131868,0.006868131868131868,-0.2758888006210327,-1.6326261758804321,1.581220030784607,1.364782691001892,1.6104834079742432,0.0013538673520088196,-15.807263374328613,-0.2758887916119432,-90.02198028564453,-1.5711799551499226,90.59722900390625,1.5812199393014668,78.19628143310547,1.3647825738238004,92.27389526367188,1.6104832859914755,0.13538673520088196,0.0013538673520088196,False,False,0.0,0.0,0.0,0.0,0.0,3.5206069946289062,3.5206069946289062,0.0,0.0,0.0,0.0,0.0,0.0,0.0,0.0,0.0
2,580,22.130981697002426,22.14359565707855,False,-16.043956756591797,-0.2800198793411255,-86.81318664550781,-1.5151759386062622,91.20879364013672,1.5918937921524048,78.72527313232422,1.374015212059021,91.69230651855469,1.6003326177597046,0.6868131868131868,0.006868131868131868,-0.2731632590293884,-1.6165480613708496,1.5741443634033203,1.364067792892456,1.6067181825637817,0.000950157642364502,-15.651101112365723,-0.27316324597332886,-90.81318664550781,-1.5849891111922558,90.19182586669922,1.5741443197592897,78.15532684326172,1.3640677813872233,92.05816650390625,1.6067181088423215,0.0950157642364502,0.000950157642364502,False,False,0.0,0.0,0.0,0.0,0.0,1.8081893920898438,1.8081893920898438,0.0,0.0,0.0,0.0,0.0,0.0,0.0,0.0,0.0
2,581,22.165270791039802,22.178186160046607,False,-16.043956756591797,-0.2800198793411255,-87.42857360839844,-1.5259164571762085,91.29669952392578,1.5934280157089233,78.72527313232422,1.374015212059021,91.69230651855469,1.6003326177597046,0.6868131868131868,0.006868131868131868,-0.27862560749053955,-1.6402987241744995,1.5736305713653564,1.3649520874023438,1.6056137084960938,0.0014494135975837708,-15.964070320129395,-0.27862558910616314,-91.42857360839844,-1.5957296398685454,90.16238403320312,1.5736304628269588,78.20598602294922,1.3649519508691295,91.99488067626953,1.605613562780211,0.14494135975837708,0.0014494135975837708,False,False,0.0,0.0,0.0,0.0,0.0,2.5536117553710938,2.5536117553710938,0.0,0.0,0.0,0.0,0.0,0.0,0.0,0.0,0.0
2,582,22.198596480069682,22.210718130110763,False,-16.043956756591797,-0.2800198793411255,-88.74725341796875,-1.5489317178726196,91.29669952392578,1.5934280157089233,78.72527313232422,1.374015212059021,91.69230651855469,1.6003326177597046,0.6868131868131868,0.006868131868131868,-0.2727511525154114,-1.6433759927749634,1.5858895778656006,1.36549711227417,1.6066956520080566,0.002329625189304352,-15.62748908996582,-0.2727511384393959,-92.74725341796875,-1.6187449443251192,90.86477661132812,1.5858895259568118,78.23722076416016,1.3654970999442688,92.05687713623047,1.6066956051311103,0.23296251893043518,0.002329625189304352,False,False,0.0,0.0,0.0,0.0,0.0,1.4112472534179688,1.4112472534179688,0.0,0.0,0.0,0.0,0.0,0.0,0.0,0.0,0.0
2,583,22.231853922014125,22.24472363910172,False,-16.043956756591797,-0.2800198793411255,-90.15384674072266,-1.5734814405441284,91.29669952392578,1.5934280157089233,78.72527313232422,1.374015212059021,91.69230651855469,1.6003326177597046,0.6868131868131868,0.006868131868131868,-0.27159005403518677,-1.6379494667053223,1.5804225206375122,1.366089940071106,1.6066100597381592,0.0031354352831840515,-15.560962677001953,-0.271590033493635,-93.84758758544922,-1.637949398419844,90.5515365600586,1.5804224557130424,78.27118682861328,1.3660899196029204,92.05197143554688,1.6066099845020643,0.31354352831840515,0.0031354352831840515,False,False,0.0,0.0,0.0,0.0,0.0,0.0,0.0,0.0,0.0,0.0,0.0,0.0,0.0,0.0,0.0,0.0
2,584,22.265124019002542,22.278159195091575,False,-16.043956756591797,-0.2800198793411255,-90.94505310058594,-1.587290644645691,91.29669952392578,1.5934280157089233,78.72527313232422,1.374015212059021,91.69230651855469,1.6003326177597046,0.6868131868131868,0.006868131868131868,-0.27617958188056946,-1.630585789680481,1.5819770097732544,1.3663021326065063,1.606408953666687,0.002224966883659363,-15.823923110961914,-0.27617955886870943,-93.4256820678711,-1.630585758005775,90.6406021118164,1.5819769428413217,78.28334045410156,1.3663020403837451,92.04045104980469,1.6064089158397632,0.22249668836593628,0.002224966883659363,False,False,0.0,0.0,0.0,0.0,0.0,0.0,0.0,0.0,0.0,0.0,0.0,0.0,0.0,0.0,0.0,0.0
2,585,22.29873719601892,22.312649857020006,False,-16.043956756591797,-0.2800198793411255,-91.47252655029297,-1.5964967012405396,91.29669952392578,1.5934280157089233,78.72527313232422,1.374015212059021,91.69230651855469,1.6003326177597046,0.6868131868131868,0.006868131868131868,-0.26762986183166504,-1.6535346508026123,1.5863407850265503,1.36658775806427,1.607433557510376,0.0030042678117752075,-15.334060668945312,-0.2676298463736599,-94.74055480957031,-1.6535346165931513,90.890625,1.586340665445471,78.2997055053711,1.3665876644106563,92.09915161132812,1.6074334339111167,0.30042678117752075,0.0030042678117752075,False,False,0.0,0.0,0.0,0.0,0.0,0.0,0.0,0.0,0.0,0.0,0.0,0.0,0.0,0.0,0.0,0.0
2,586,22.332697688019834,22.344671932049096,False,-16.043956756591797,-0.2800198793411255,-92.26373291015625,-1.610305905342102,91.29669952392578,1.5934280157089233,78.72527313232422,1.374015212059021,91.69230651855469,1.6003326177597046,0.6868131868131868,0.006868131868131868,-0.2725411057472229,-1.6521639823913574,1.5795851945877075,1.3665742874145508,1.6040892601013184,0.002231582999229431,-15.61545467376709,-0.27254109825317274,-94.66201782226562,-1.6521638875800875,90.5035629272461,1.5795851578663216,78.29893493652344,1.3665742154471512,91.90753936767578,1.6040891693722497,0.22315829992294312,0.002231582999229431,False,False,0.0,0.0,0.0,0.0,0.0,0.0,0.0,0.0,0.0,0.0,0.0,0.0,0.0,0.0,0.0,0.0
2,587,22.365862299106084,22.377445625024848,False,-16.043956756591797,-0.2800198793411255,-92.87911987304688,-1.6210464239120483,91.29669952392578,1.5934280157089233,78.72527313232422,1.374015212059021,91.69230651855469,1.6003326177597046,0.6868131868131868,0.006868131868131868,-0.2648119330406189,-1.6692445278167725,1.5865370035171509,1.3672921657562256,1.604201316833496,0.002165481448173523,-15.172605514526367,-0.26481192233473344,-95.64066314697266,-1.6692444707054743,90.90187072753906,1.58653694041781,78.3400650024414,1.3672920705189822,91.9139633178711,1.6042012884541421,0.2165481448173523,0.002165481448173523,False,False,0.0,0.0,0.0,0.0,0.0,0.0,0.0,0.0,0.0,0.0,0.0,0.0,0.0,0.0,0.0,0.0
2,588,22.399598502088338,22.411297002108768,False,-15.868131637573242,-0.2769511342048645,-93.4065933227539,-1.6302525997161865,91.29669952392578,1.5934280157089233,78.72527313232422,1.374015212059021,91.69230651855469,1.6003326177597046,0.6868131868131868,0.006868131868131868,-0.2707844376564026,-1.6495532989501953,1.5765377283096313,1.366628646850586,1.6023396253585815,0.001712992787361145,-15.51480484008789,-0.270784427263886,-94.51243591308594,-1.6495531907634828,90.3289566040039,1.576537702630944,78.30204772949219,1.366628543933389,91.80728912353516,1.6023394725360676,0.1712992787361145,0.001712992787361145,False,False,0.0,0.0,0.0,0.0,0.0,0.0,0.0,0.0,0.0,0.0,0.0,0.0,0.0,0.0,0.0,0.0
2,589,22.43298985506408,22.444762749015354,False,-15.868131637573242,-0.2769511342048645,-94.02198028564453,-1.6409931182861328,91.29669952392578,1.5934280157089233,78.72527313232422,1.374015212059021,91.69230651855469,1.6003326177597046,0.6868131868131868,0.006868131868131868,-0.2683950662612915,-1.6546932458877563,1.5737394094467163,1.3665446043014526,1.6053886413574219,0.003506593406200409,-15.377903938293457,-0.2683950557786237,-94.80693054199219,-1.654693091667336,90.16862487792969,1.573739386115543,78.29723358154297,1.366544521200997,91.98198699951172,1.6053885256680993,0.3506593406200409,0.003506593406200409,False,False,0.0,0.0,0.0,0.0,0.0,0.0,0.0,0.0,0.0,0.0,0.0,0.0,0.0,0.0,0.0,0.0
2,590,22.466171890031546,22.479100642027333,False,-15.780220031738281,-0.2754167914390564,-94.28571319580078,-1.6455961465835571,91.29669952392578,1.5934280157089233,78.72527313232422,1.374015212059021,91.69230651855469,1.6003326177597046,0.6868131868131868,0.006868131868131868,-0.26586848497390747,-1.652585744857788,1.5831445455551147,1.3664523363113403,1.6080411672592163,0.00314418226480484,-15.23314094543457,-0.2658684649181951,-94.6861801147461,-1.6525855991387015,90.7074966430664,1.5831444726632125,78.29194641113281,1.3664522426692256,92.13396453857422,1.6080410341138183,0.314418226480484,0.00314418226480484,False,False,0.0,0.0,0.0,0.0,0.0,0.0,0.0,0.0,0.0,0.0,0.0,0.0,0.0,0.0,0.0,0.0
2,591,22.49982164904941,22.51309985201806,False,-15.780220031738281,-0.2754167914390564,-94.28571319580078,-1.6455961465835571,91.29669952392578,1.5934280157089233,78.72527313232422,1.374015212059021,91.69230651855469,1.6003326177597046,0.6868131868131868,0.006868131868131868,-0.26914992928504944,-1.6529995203018188,1.5840654373168945,1.365793228149414,1.6069929599761963,0.0032289475202560425,-15.421154022216797,-0.2691499121448499,-94.70989227294922,-1.6529994543720998,90.76026153564453,1.584065393768162,78.25418090820312,1.365793110299431,92.07390594482422,1.606992813908763,0.32289475202560425,0.0032289475202560425,False,False,0.0,0.0,0.0,0.0,0.0,0.0,0.0,0.0,0.0,0.0,0.0,0.0,0.0,0.0,0.0,0.0
2,592,22.53337790200021,22.545456972089596,False,-15.780220031738281,-0.2754167914390564,-94.28571319580078,-1.6455961465835571,91.29669952392578,1.5934280157089233,78.72527313232422,1.374015212059021,91.69230651855469,1.6003326177597046,0.6868131868131868,0.006868131868131868,-0.2740972638130188,-1.6307381391525269,1.5671801567077637,1.3673598766326904,1.6102747917175293,0.0023073479533195496,-15.704615592956543,-0.2740972498571333,-93.43441009521484,-1.6307380908201277,89.79280090332031,1.567180020350678,78.34394836425781,1.3673598479687246,92.26194763183594,1.6102747604781222,0.23073479533195496,0.0023073479533195496,False,False,0.0,0.0,0.0,0.0,0.0,0.0,0.0,0.0,0.0,0.0,0.0,0.0,0.0,0.0,0.0,0.0
2,593,22.566637069103308,22.57988685404416,False,-15.780220031738281,-0.2754167914390564,-94.28571319580078,-1.6455961465835571,91.29669952392578,1.5934280157089233,78.72527313232422,1.374015212059021,91.69230651855469,1.6003326177597046,0.6868131868131868,0.006868131868131868,-0.2679416537284851,-1.6387065649032593,1.573322057723999,1.3677431344985962,1.61048424243927,0.0045609623193740845,-15.351924896240234,-0.2679416359582809,-93.8909683227539,-1.6387065351177537,90.14470672607422,1.5733219356146733,78.36590576171875,1.367743076849587,92.2739486694336,1.610484218097857,0.45609623193740845,0.0045609623193740845,False,False,0.0,0.0,0.0,0.0,0.0,0.0,0.0,0.0,0.0,0.0,0.0,0.0,0.0,0.0,0.0,0.0
2,594,22.600506446091458,22.611436710110866,False,-15.780220031738281,-0.2754167914390564,-94.28571319580078,-1.6455961465835571,91.29669952392578,1.5934280157089233,78.72527313232422,1.374015212059021,91.69230651855469,1.6003326177597046,0.6868131868131868,0.006868131868131868,-0.2728919982910156,-1.6176073551177979,1.5527371168136597,1.3665971755981445,1.6069086790084839,0.003311850130558014,-15.63555908203125,-0.2728919863715475,-92.68206787109375,-1.6176072419074374,88.96527862548828,1.5527370319689058,78.30024719238281,1.3665971186325259,92.06907653808594,1.6069085248602621,0.3311850130558014,0.003311850130558014,False,False,0.0,0.0,0.0,0.0,0.0,0.0,0.0,0.0,0.0,0.0,0.0,0.0,0.0,0.0,0.0,0.0
2,595,22.633903087000363,22.645008027087897,False,-15.780220031738281,-0.2754167914390564,-94.02198028564453,-1.6409931182861328,91.29669952392578,1.5934280157089233,78.72527313232422,1.374015212059021,91.69230651855469,1.6003326177597046,0.6868131868131868,0.006868131868131868,-0.273082435131073,-1.6603764295578003,1.593245267868042,1.3670618534088135,1.6028528213500977,0.003117211163043976,-15.646470069885254,-0.27308241903424496,-95.13255310058594,-1.6603762774335649,91.28622436523438,1.5932451768876106,78.32687377929688,1.3670618402427448,91.83670043945312,1.6028527968361803,0.3117211163043976,0.003117211163043976,False,False,0.0,0.0,0.0,0.0,0.0,0.0,0.0,0.0,0.0,0.0,0.0,0.0,0.0,0.0,0.0,0.0
2,596,22.66724223201163,22.678151571075432,False,-15.780220031738281,-0.2754167914390564,-94.02198028564453,-1.6409931182861328,91.29669952392578,1.5934280157089233,78.72527313232422,1.374015212059021,91.69230651855469,1.6003326177597046,0.6868131868131868,0.006868131868131868,-0.2725129723548889,-1.6447306871414185,1.5866657495498657,1.3661572933197021,1.6013200283050537,0.003504917025566101,-15.613842010498047,-0.27251295196940195,-94.23612213134766,-1.644730605503513,90.90924835205078,1.5866657042565153,78.27503967285156,1.3661571644204449,91.74887084960938,1.6013198813127307,0.3504917025566101,0.003504917025566101,False,False,0.0,0.0,0.0,0.0,0.0,0.0,0.0,0.0,0.0,0.0,0.0,0.0,0.0,0.0,0.0,0.0
2,597,22.700343823060393,22.711406267015263,False,-15.780220031738281,-0.2754167914390564,-93.84615325927734,-1.637924313545227,91.29669952392578,1.5934280157089233,78.72527313232422,1.374015212059021,91.69230651855469,1.6003326177597046,0.6868131868131868,0.006868131868131868,-0.2727576196193695,-1.672633409500122,1.5990453958511353,1.3658474683761597,1.6068065166473389,0.0029128193855285645,-15.627859115600586,-0.27275759660503934,-95.83483123779297,-1.6726333431926002,91.61854553222656,1.599045275425694,78.25729370117188,1.3658474387856687,92.06322479248047,1.6068063926324576,0.29128193855285645,0.0029128193855285645,False,False,0.0,0.0,0.0,0.0,0.0,0.0,0.0,0.0,0.0,0.0,0.0,0.0,0.0,0.0,0.0,0.0
2,598,22.73386542010121,22.744812606018968,False,-15.780220031738281,-0.2754167914390564,-93.75823974609375,-1.636389970779419,91.29669952392578,1.5934280157089233,78.72527313232422,1.374015212059021,91.69230651855469,1.6003326177597046,0.6868131868131868,0.006868131868131868,-0.2693638503551483,-1.6711909770965576,1.5946977138519287,1.3648161888122559,1.604385495185852,0.0034889355301856995,-15.43341064453125,-0.2693638305594105,-95.75218200683594,-1.6711908419881587,91.36944580078125,1.5946976649461397,78.19820404052734,1.3648161296535355,91.92451477050781,1.604385446043521,0.34889355301856995,0.0034889355301856995,False,False,0.0,0.0,0.0,0.0,0.0,0.0,0.0,0.0,0.0,0.0,0.0,0.0,0.0,0.0,0.0,0.0
2,599,22.76746683102101,22.778810894000344,False,-15.780220031738281,-0.2754167914390564,-94.19779968261719,-1.6440616846084595,91.47252655029297,1.5964967012405396,78.72527313232422,1.374015212059021,91.69230651855469,1.6003326177597046,0.6868131868131868,0.006868131868131868,-0.2661028504371643,-1.6581776142120361,1.5703195333480835,1.366780161857605,1.606168270111084,0.0025825053453445435,-15.246569633483887,-0.26610283973887894,-95.00657653808594,-1.6581775716375955,89.9726791381836,1.570319487801718,78.31072998046875,1.3667800777994144,92.02665710449219,1.60616816607722,0.25825053453445435,0.0025825053453445435,False,False,0.0,0.0,0.0,0.0,0.0,0.0,0.0,0.0,0.0,0.0,0.0,0.0,0.0,0.0,0.0,0.0
2,600,22.800936299026944,22.96532181708608,False,-15.780220031738281,-0.2754167914390564,-94.72527313232422,-1.6532678604125977,91.47252655029297,1.5964967012405396,78.72527313232422,1.374015212059021,91.69230651855469,1.6003326177597046,0.6868131868131868,0.006868131868131868,-0.2621990442276001,-1.6208264827728271,1.5519005060195923,1.3745243549346924,1.6045249700546265,-0.000527992844581604,-15.022897720336914,-0.26219902841022946,-92.86650848388672,-1.6208263378750707,88.91734313964844,1.5519003999124574,78.75444030761719,1.3745242839332559,91.93250274658203,1.6045248625265867,0.0,0.0,True,False,0.0527992844581604,0.0,0.0,0.0,0.0,0.0,0.0,0.0,0.0,0.0,0.0,0.0,0.0,0.0,0.0,0.0
2,601,22.966741973068565,22.979638522025198,False,-15.516483306884766,-0.2708137333393097,-94.72527313232422,-1.6532678604125977,91.47252655029297,1.5964967012405396,78.72527313232422,1.374015212059021,91.69230651855469,1.6003326177597046,0.6868131868131868,0.006868131868131868,-0.2583290934562683,-1.6457605361938477,1.5488879680633545,1.3767814636230469,1.5988929271697998,0.00029893964529037476,-14.801165580749512,-0.2583290725169376,-94.29512786865234,-1.6457604498970466,88.74473571777344,1.5488878320873598,78.8837661743164,1.3767814461151524,91.60980987548828,1.598892809453287,0.029893964529037476,0.00029893964529037476,False,False,0.0,0.0,0.0,0.0,0.0,0.0,0.0,0.0,0.0,0.0,0.0,0.0,0.0,0.0,0.0,0.0
2,602,23.000306286034174,23.014067996060476,False,-15.516483306884766,-0.2708137333393097,-94.72527313232422,-1.6532678604125977,91.47252655029297,1.5964967012405396,78.72527313232422,1.374015212059021,91.69230651855469,1.6003326177597046,0.6868131868131868,0.006868131868131868,-0.27572089433670044,-1.5480625629425049,1.4300782680511475,1.3795037269592285,1.5998960733413696,0.0010945498943328857,-15.797642707824707,-0.2757208793052137,-90.72527313232422,-1.5834547309302067,87.47252655029297,1.5266835933407696,79.03973388671875,1.379503596223377,91.66728973388672,1.59989602223592,0.10945498943328857,0.0010945498943328857,False,False,0.0,0.0,0.0,0.0,0.0,2.0278244018554688,2.0278244018554688,0.0,5.5350799560546875,5.5350799560546875,0.0,0.0,0.0,0.0,0.0,0.0
2,603,23.03379738610238,23.04716792399995,False,-15.428571701049805,-0.2692793607711792,-94.72527313232422,-1.6532678604125977,91.38461303710938,1.5949623584747314,78.81318664550781,1.375549554824829,91.69230651855469,1.6003326177597046,0.6868131868131868,0.006868131868131868,-0.2741647958755493,-1.6047762632369995,1.5014234781265259,1.3802098035812378,1.5969868898391724,0.001532532274723053,-15.708484649658203,-0.2741647776355236,-91.9468994140625,-1.6047761317754357,87.38461303710938,1.5251492130787205,79.08019256591797,1.3802097333864114,91.50060272216797,1.5969867850611172,0.1532532274723053,0.001532532274723053,False,False,0.0,0.0,0.0,0.0,0.0,0.0,0.0,0.0,1.3593902587890625,1.3593902587890625,0.0,0.0,0.0,0.0,0.0,0.0
2,604,23.06715434009675,23.078134636045434,False,-15.428571701049805,-0.2692793607711792,-94.63735961914062,-1.6517335176467896,91.12088012695312,1.5903593301773071,78.81318664550781,1.375549554824829,91.69230651855469,1.6003326177597046,0.6868131868131868,0.006868131868131868,-0.25808703899383545,-1.6848100423812866,1.5620951652526855,1.3777520656585693,1.5959522724151611,9.043514728546143e-05,-14.787297248840332,-0.258087024463363,-96.53250122070312,-1.6848099814867148,89.50145721435547,1.5620951137233352,78.93937683105469,1.377752035174432,91.44132232666016,1.5959521469776217,0.009043514728546143,9.043514728546143e-05,False,False,0.0,0.0,0.0,0.0,0.0,0.0,0.0,0.0,0.0,0.0,0.0,0.0,0.0,0.0,0.0,0.0
2,605,23.10066901310347,23.11302410508506,False,-15.428571701049805,-0.2692793607711792,-93.93406677246094,-1.6394587755203247,90.94505310058594,1.587290644645691,78.81318664550781,1.375549554824829,91.69230651855469,1.6003326177597046,0.6868131868131868,0.006868131868131868,-0.25870051980018616,-1.6831151247024536,1.5595961809158325,1.3756722211837769,1.6010254621505737,0.0022288933396339417,-14.822446823120117,-0.2587005002652196,-96.43538665771484,-1.683115012610934,89.3582763671875,1.5595961365144593,78.82020568847656,1.37567210636308,91.73199462890625,1.6010253356961681,0.22288933396339417,0.0022288933396339417,False,False,0.0,0.0,0.0,0.0,0.0,0.0,0.0,0.0,0.0,0.0,0.0,0.0,0.0,0.0,0.0,0.0
2,606,23.134060472017154,23.14568122907076,False,-15.428571701049805,-0.2692793607711792,-93.31867980957031,-1.6287182569503784,90.94505310058594,1.587290644645691,78.81318664550781,1.375549554824829,91.69230651855469,1.6003326177597046,0.6868131868131868,0.006868131868131868,-0.26387351751327515,-1.6770226955413818,1.550209641456604,1.3775290250778198,1.5959382057189941,0.0010372400283813477,-15.1188383102417,-0.2638735075903736,-96.08631896972656,-1.6770226321432142,88.82046508789062,1.550209558936366,78.92659759521484,1.3775289954331378,91.44052124023438,1.5959381653818987,0.10372400283813477,0.0010372400283813477,False,False,0.0,0.0,0.0,0.0,0.0,0.0,0.0,0.0,0.0,0.0,0.0,0.0,0.0,0.0,0.0,0.0
2,607,23.16738509410061,23.178156537003815,False,-15.428571701049805,-0.2692793607711792,-93.75823974609375,-1.636389970779419,91.03296661376953,1.588824987411499,78.81318664550781,1.375549554824829,91.69230651855469,1.6003326177597046,0.6868131868131868,0.006868131868131868,-0.26146626472473145,-1.6656763553619385,1.5573596954345703,1.3756649494171143,1.5988526344299316,0.0019201263785362244,-14.980912208557129,-0.2614662429915373,-95.43621826171875,-1.6656762343189315,89.23013305664062,1.5573596138310108,78.81979370117188,1.3756649158281367,91.60750579833984,1.5988525957208268,0.19201263785362244,0.0019201263785362244,False,False,0.0,0.0,0.0,0.0,0.0,0.0,0.0,0.0,0.0,0.0,0.0,0.0,0.0,0.0,0.0,0.0
2,608,23.20089265902061,23.212374538066797,False,-15.340659141540527,-0.2677450180053711,-94.9011001586914,-1.6563366651535034,91.03296661376953,1.588824987411499,78.81318664550781,1.375549554824829,91.69230651855469,1.6003326177597046,0.6868131868131868,0.006868131868131868,-0.2642108201980591,-1.670243740081787,1.5578479766845703,1.3768205642700195,1.5984721183776855,0.0018009841442108154,-15.138164520263672,-0.26421081358718895,-95.69791412353516,-1.670243688746472,89.25811004638672,1.557847904416877,78.88600158691406,1.376820461425122,91.58570098876953,1.5984720300010546,0.18009841442108154,0.0018009841442108154,False,False,0.0,0.0,0.0,0.0,0.0,0.0,0.0,0.0,0.0,0.0,0.0,0.0,0.0,0.0,0.0,0.0
2,609,23.234277514042333,23.246161148999818,False,-15.340659141540527,-0.2677450180053711,-95.51648712158203,-1.6670771837234497,90.94505310058594,1.587290644645691,78.81318664550781,1.375549554824829,91.69230651855469,1.6003326177597046,0.6868131868131868,0.006868131868131868,-0.2609574794769287,-1.6673545837402344,1.5616434812545776,1.3776311874389648,1.5989103317260742,0.0011482834815979004,-14.951761245727539,-0.2609574627100345,-95.53237915039062,-1.6673545584378995,89.47557830810547,1.5616434416024578,78.93244934082031,1.3776311276609423,91.61080932617188,1.5989102531584272,0.11482834815979004,0.0011482834815979004,False,False,0.0,0.0,0.0,0.0,0.0,0.0,0.0,0.0,0.0,0.0,0.0,0.0,0.0,0.0,0.0,0.0
2,610,23.267649957095273,23.278624871047214,False,-15.340659141540527,-0.2677450180053711,-94.989013671875,-1.6578710079193115,90.94505310058594,1.587290644645691,78.81318664550781,1.375549554824829,91.69230651855469,1.6003326177597046,0.6868131868131868,0.006868131868131868,-0.26165395975112915,-1.7011771202087402,1.5653297901153564,1.37781822681427,1.6014493703842163,0.00097685307264328,-14.991666793823242,-0.2616539459141175,-97.47026062011719,-1.7011769705980149,89.68678283691406,1.565329656025291,78.94316864013672,1.3778182147275204,91.75628662109375,1.6014493109417087,0.097685307264328,0.00097685307264328,False,False,0.0,0.0,0.0,0.0,0.0,0.0,0.0,0.0,0.0,0.0,0.0,0.0,0.0,0.0,0.0,0.0
2,611,23.300875106011517,23.313576188054867,False,-15.340659141540527,-0.2677450180053711,-94.989013671875,-1.6578710079193115,90.94505310058594,1.587290644645691,78.81318664550781,1.375549554824829,91.69230651855469,1.6003326177597046,0.6868131868131868,0.006868131868131868,-0.2593773305416107,-1.687652349472046,1.546996831893921,1.3775100708007812,1.601233720779419,0.0026373937726020813,-14.861225128173828,-0.25937730936674963,-96.69535064697266,-1.687652240160102,88.63638305664062,1.5469967213972944,78.92550659179688,1.3775099538313436,91.74392700195312,1.6012335948934122,0.26373937726020813,0.0026373937726020813,False,False,0.0,0.0,0.0,0.0,0.0,0.0,0.0,0.0,0.0,0.0,0.0,0.0,0.0,0.0,0.0,0.0
2,612,23.33520504506305,23.345643566106446,False,-15.340659141540527,-0.2677450180053711,-95.42857360839844,-1.6655428409576416,90.94505310058594,1.587290644645691,78.81318664550781,1.375549554824829,91.69230651855469,1.6003326177597046,0.6868131868131868,0.006868131868131868,-0.256658673286438,-1.7116587162017822,1.576805591583252,1.3776775598526,1.596121072769165,0.0017662346363067627,-14.70545768737793,-0.25665865465745585,-98.07081604003906,-1.7116586400163487,90.34429931640625,1.5768054834785514,78.93510437011719,1.3776774666639096,91.45099639892578,1.5961209913907326,0.17662346363067627,0.0017662346363067627,False,False,0.0,0.0,0.0,0.0,0.0,0.0,0.0,0.0,0.0,0.0,0.0,0.0,0.0,0.0,0.0,0.0
2,613,23.368255012086593,23.379065384040587,False,-15.340659141540527,-0.2677450180053711,-96.13186645507812,-1.6778175830841064,90.94505310058594,1.587290644645691,78.81318664550781,1.375549554824829,91.69230651855469,1.6003326177597046,0.6868131868131868,0.006868131868131868,-0.2664286494255066,-1.6775137186050415,1.5530530214309692,1.3759220838546753,1.599883794784546,0.002158030867576599,-15.265235900878906,-0.26642862756397967,-96.11444854736328,-1.6775135858901702,88.9833755493164,1.5530528828741892,78.83452606201172,1.375922044031384,91.66658782958984,1.5998837716949055,0.2158030867576599,0.002158030867576599,False,False,0.0,0.0,0.0,0.0,0.0,0.0,0.0,0.0,0.0,0.0,0.0,0.0,0.0,0.0,0.0,0.0
2,614,23.40174642310012,23.41925621801056,False,-15.340659141540527,-0.2677450180053711,-96.3956069946289,-1.6824207305908203,90.94505310058594,1.587290644645691,78.81318664550781,1.375549554824829,91.69230651855469,1.6003326177597046,0.6868131868131868,0.006868131868131868,-0.2599993348121643,-1.6741489171981812,1.5562740564346313,1.3765841722488403,1.6013914346694946,0.0007270053029060364,-14.89686393737793,-0.2599993239288512,-95.92166137695312,-1.6741488150109096,89.16793060302734,1.55627397621264,78.8724594116211,1.3765841058783777,91.75296783447266,1.6013913871879994,0.07270053029060364,0.0007270053029060364,False,False,0.0,0.0,0.0,0.0,0.0,0.0,0.0,0.0,0.0,0.0,0.0,0.0,0.0,0.0,0.0,0.0
2,615,23.435477908002213,23.446988598094322,False,-15.428571701049805,-0.2692793607711792,-96.65933990478516,-1.6870237588882446,90.94505310058594,1.587290644645691,78.81318664550781,1.375549554824829,91.69230651855469,1.6003326177597046,0.6868131868131868,0.006868131868131868,-0.2634641230106354,-1.6836036443710327,1.5583722591400146,1.3763184547424316,1.5935394763946533,0.0009759515523910522,-15.095381736755371,-0.2634641131518011,-96.46337890625,-1.683603569512909,89.28814697265625,1.558372147677459,78.85723114013672,1.3763183224015878,91.3030776977539,1.5935393230300097,0.09759515523910522,0.0009759515523910522,False,False,0.0,0.0,0.0,0.0,0.0,0.0,0.0,0.0,0.0,0.0,0.0,0.0,0.0,0.0,0.0,0.0
2,616,23.468707409105264,23.480480250087567,False,-15.428571701049805,-0.2692793607711792,-96.3956069946289,-1.6824207305908203,90.94505310058594,1.587290644645691,78.81318664550781,1.375549554824829,91.69230651855469,1.6003326177597046,0.6868131868131868,0.006868131868131868,-0.26078110933303833,-1.7073456048965454,1.5649305582046509,1.3747122287750244,1.5932621955871582,0.0009161308407783508,-14.941656112670898,-0.26078109486684403,-97.82369232177734,-1.7073455174729109,89.66390991210938,1.564930448177888,78.76520538330078,1.3747121699481608,91.28719329833984,1.5932620879605326,0.09161308407783508,0.0009161308407783508,False,False,0.0,0.0,0.0,0.0,0.0,0.0,0.0,0.0,0.0,0.0,0.0,0.0,0.0,0.0,0.0,0.0
2,617,23.50251600507181,23.515670424094424,False,-15.340659141540527,-0.2677450180053711,-96.30769348144531,-1.6808863878250122,90.94505310058594,1.587290644645691,78.81318664550781,1.375549554824829,91.69230651855469,1.6003326177597046,0.6868131868131868,0.006868131868131868,-0.2566676139831543,-1.7059884071350098,1.5605509281158447,1.3745205402374268,1.6001646518707275,0.00017476826906204224,-14.70596981048584,-0.2566675928918644,-97.74593353271484,-1.7059883705814065,89.41297912597656,1.5605508797652528,78.75421905517578,1.3745204223496752,91.68267822265625,1.6001646020318545,0.017476826906204224,0.00017476826906204224,False,False,0.0,0.0,0.0,0.0,0.0,0.0,0.0,0.0,0.0,0.0,0.0,0.0,0.0,0.0,0.0,0.0
2,618,23.535623978008516,23.54799100907985,False,-15.340659141540527,-0.2677450180053711,-96.48351287841797,-1.6839549541473389,90.94505310058594,1.587290644645691,78.81318664550781,1.375549554824829,91.69230651855469,1.6003326177597046,0.6868131868131868,0.006868131868131868,-0.26259732246398926,-1.6904066801071167,1.5644526481628418,1.3757425546646118,1.5912789106369019,0.0006619319319725037,-15.045717239379883,-0.2625973041512508,-96.85316467285156,-1.6904066145175165,89.63652801513672,1.5644525439202734,78.82423400878906,1.375742413815858,91.1735610961914,1.5912788318967506,0.06619319319725037,0.0006619319319725037,False,False,0.0,0.0,0.0,0.0,0.0,0.0,0.0,0.0,0.0,0.0,0.0,0.0,0.0,0.0,0.0,0.0
2,619,23.569361111032777,23.582233484019525,False,-15.252747535705566,-0.266210675239563,-96.83516693115234,-1.6900924444198608,90.94505310058594,1.587290644645691,78.81318664550781,1.375549554824829,91.69230651855469,1.6003326177597046,0.6868131868131868,0.006868131868131868,-0.2622024416923523,-1.6812442541122437,1.5498037338256836,1.374794602394104,1.602812647819519,0.0010912492871284485,-15.023092269897461,-0.2622024239406193,-96.32819366455078,-1.6812441419451534,88.79721069335938,1.549803693186238,78.7699203491211,1.3747944616258443,91.83439636230469,1.60281258310372,0.10912492871284485,0.0010912492871284485,False,False,0.0,0.0,0.0,0.0,0.0,0.0,0.0,0.0,0.0,0.0,0.0,0.0,0.0,0.0,0.0,0.0
2,620,23.60251848108601,23.613535435055383,False,-15.252747535705566,-0.266210675239563,-96.74725341796875,-1.6885581016540527,90.94505310058594,1.587290644645691,78.81318664550781,1.375549554824829,91.69230651855469,1.6003326177597046,0.6868131868131868,0.006868131868131868,-0.2600940465927124,-1.686902403831482,1.5457767248153687,1.3739495277404785,1.6021513938903809,0.0013208389282226562,-14.902290344238281,-0.2600940325951172,-96.65238189697266,-1.6869022939971356,88.56647491455078,1.5457765941438746,78.72150421142578,1.3739494406119621,91.7965087890625,1.6021513202050535,0.13208389282226562,0.0013208389282226562,False,False,0.0,0.0,0.0,0.0,0.0,0.0,0.0,0.0,0.0,0.0,0.0,0.0,0.0,0.0,0.0,0.0
2,621,23.63662936910987,23.647158325999044,False,-15.164834976196289,-0.2646763026714325,-96.65933990478516,-1.6870237588882446,90.94505310058594,1.587290644645691,78.81318664550781,1.375549554824829,91.69230651855469,1.6003326177597046,0.6868131868131868,0.006868131868131868,-0.2613707184791565,-1.6541239023208618,1.5174157619476318,1.3739445209503174,1.6061358451843262,0.000411204993724823,-14.975438117980957,-0.26137070208743074,-94.7743148803711,-1.6541238409843313,86.94505310058594,1.5174774449265291,78.7212142944336,1.373944380605891,92.0248031616211,1.6061358086699755,0.0411204993724823,0.000411204993724823,False,False,0.0,0.0,0.0,0.0,0.0,0.0,0.0,0.0,0.0035400390625,0.0035400390625,0.0,0.0,0.0,0.0,0.0,0.0
2,622,23.66951608110685,23.6798696720507,False,-15.164834976196289,-0.2646763026714325,-96.65933990478516,-1.6870237588882446,90.94505310058594,1.587290644645691,78.81318664550781,1.375549554824829,91.69230651855469,1.6003326177597046,0.6868131868131868,0.006868131868131868,-0.25590378046035767,-1.6959097385406494,1.559244990348816,1.3721975088119507,1.6001914739608765,0.0016671866178512573,-14.662205696105957,-0.2559037650017161,-97.16846466064453,-1.6959096374360016,89.33815002441406,1.559244865566678,78.62112426757812,1.3721974800888537,91.68421173095703,1.6001913668008096,0.16671866178512573,0.0016671866178512573,False,False,0.0,0.0,0.0,0.0,0.0,0.0,0.0,0.0,0.0,0.0,0.0,0.0,0.0,0.0,0.0,0.0
2,623,23.70295324199833,23.71352360607125,False,-15.164834976196289,-0.2646763026714325,-96.30769348144531,-1.6808863878250122,90.94505310058594,1.587290644645691,78.81318664550781,1.375549554824829,91.69230651855469,1.6003326177597046,0.6868131868131868,0.006868131868131868,-0.2576223611831665,-1.6399394273757935,1.5166816711425781,1.3748362064361572,1.5965856313705444,0.00040931254625320435,-14.760673522949219,-0.25762235278741463,-93.96160125732422,-1.6399393123863513,86.94505310058594,1.5174774449265291,78.77230834960938,1.374836140096904,91.47761535644531,1.596585579842897,0.040931254625320435,0.00040931254625320435,False,False,0.0,0.0,0.0,0.0,0.0,0.0,0.0,0.0,0.04560089111328125,0.04560089111328125,0.0,0.0,0.0,0.0,0.0,0.0
2,624,23.736411263002083,23.74874713399913,False,-15.076923370361328,-0.2631419599056244,-95.69230651855469,-1.6701457500457764,90.76923370361328,1.5842219591140747,78.81318664550781,1.375549554824829,91.69230651855469,1.6003326177597046,0.6868131868131868,0.006868131868131868,-0.26492947340011597,-1.605019211769104,1.4704804420471191,1.3760019540786743,1.599915862083435,0.00043952465057373047,-15.179339408874512,-0.26492945096259,-91.96082305908203,-1.6050191452249054,86.76923370361328,1.5144088175604853,78.83910369873047,1.3760019388640863,91.66841888427734,1.5999157296279864,0.04395246505737305,0.00043952465057373047,False,False,0.0,0.0,0.0,0.0,0.0,0.0,0.0,0.0,2.5169143676757812,2.5169143676757812,0.0,0.0,0.0,0.0,0.0,0.0
2,625,23.769950059009716,23.78130236605648,False,-15.076923370361328,-0.2631419599056244,-95.6043930053711,-1.6686114072799683,90.76923370361328,1.5842219591140747,78.81318664550781,1.375549554824829,91.69230651855469,1.6003326177597046,0.6868131868131868,0.006868131868131868,-0.2658165693283081,-1.664412498474121,1.5259332656860352,1.3771260976791382,1.615166187286377,0.0018990188837051392,-15.2301664352417,-0.2658165499216954,-95.36380767822266,-1.6644124312236346,87.42953491210938,1.5259332477036398,78.90351104736328,1.3771260591602088,92.54219818115234,1.6151660552942162,0.18990188837051392,0.0018990188837051392,False,False,0.0,0.0,0.0,0.0,0.0,0.0,0.0,0.0,0.0,0.0,0.0,0.0,0.0,0.0,0.0,0.0
2,626,23.803255924023688,23.815108823007904,False,-15.076923370361328,-0.2631419599056244,-94.989013671875,-1.6578710079193115,90.5934066772461,1.5811532735824585,78.81318664550781,1.375549554824829,91.69230651855469,1.6003326177597046,0.6868131868131868,0.006868131868131868,-0.271706223487854,-1.5953675508499146,1.4588829278945923,1.372780442237854,1.6103625297546387,0.002129487693309784,-15.567619323730469,-0.2717062138961897,-91.40782165527344,-1.5953674499602946,86.5934066772461,1.511340057036387,78.6545181274414,1.3727803128934175,92.2669677734375,1.610362378477986,0.2129487693309784,0.002129487693309784,False,False,0.0,0.0,0.0,0.0,0.0,0.0,0.0,0.0,3.0055770874023438,3.0055770874023438,0.0,0.0,0.0,0.0,0.0,0.0
2,627,23.83708051801659,23.84868834808003,False,-15.076923370361328,-0.2631419599056244,-93.84615325927734,-1.637924313545227,90.5934066772461,1.5811532735824585,78.81318664550781,1.375549554824829,91.69230651855469,1.6003326177597046,0.6868131868131868,0.006868131868131868,-0.2741802930831909,-1.4628340005874634,1.3311034440994263,1.3730733394622803,1.609948754310608,0.0014084503054618835,-15.709372520446777,-0.2741802739041165,-89.84615325927734,-1.5681111946258242,86.5934066772461,1.511340057036387,78.67130279541016,1.3730732606133262,92.2432632446289,1.609948656402642,0.14084503054618835,0.0014084503054618835,False,False,0.0,0.0,0.0,0.0,0.0,6.031944274902344,6.031944274902344,0.0,10.326805114746094,10.326805114746094,0.0,0.0,0.0,0.0,0.0,0.0
2,628,23.870668320101686,23.881381158018485,False,-15.076923370361328,-0.2631419599056244,-92.87911987304688,-1.6210464239120483,90.5934066772461,1.5811532735824585,78.81318664550781,1.375549554824829,91.69230651855469,1.6003326177597046,0.6868131868131868,0.006868131868131868,-0.2720641493797302,-1.3325589895248413,1.2133804559707642,1.373643159866333,1.6095904111862183,0.0004018619656562805,-15.588127136230469,-0.2720641427466963,-88.87911987304688,-1.5512332780593925,86.5934066772461,1.511340057036387,78.70394897460938,1.3736430439285485,92.22273254394531,1.6095903280779718,0.04018619656562805,0.0004018619656562805,False,False,0.0,0.0,0.0,0.0,0.0,12.529121398925781,12.529121398925781,0.0,17.07183074951172,17.07183074951172,0.0,0.0,0.0,0.0,0.0,0.0
2,629,23.90384755807463,23.91674374602735,False,-15.076923370361328,-0.2631419599056244,-92.79120635986328,-1.6195120811462402,90.5934066772461,1.5811532735824585,78.81318664550781,1.375549554824829,91.69230651855469,1.6003326177597046,0.6868131868131868,0.006868131868131868,-0.2696860134601593,-1.3835426568984985,1.272661566734314,1.3737602233886719,1.6067252159118652,0.0029451921582221985,-15.45186996459961,-0.26968600647228286,-88.79120635986328,-1.5496988977973434,86.5934066772461,1.511340057036387,78.71065521240234,1.3737600898584577,92.0585708618164,1.6067251662192101,0.29451921582221985,0.0029451921582221985,False,False,0.0,0.0,0.0,0.0,0.0,9.520057678222656,9.520057678222656,0.0,13.675277709960938,13.675277709960938,0.0,0.0,0.0,0.0,0.0,0.0
2,630,23.938096994999796,24.101575085078366,False,-15.076923370361328,-0.2631419599056244,-91.38461303710938,-1.5949623584747314,90.5054931640625,1.5796188116073608,78.81318664550781,1.375549554824829,91.69230651855469,1.6003326177597046,0.6868131868131868,0.006868131868131868,-0.2544335722923279,-1.7064366340637207,1.6141661405563354,1.3701772689819336,1.5959988832473755,0.00019372999668121338,-14.57796859741211,-0.254433550277181,-95.38461303710938,-1.6647755532382669,92.48490142822266,1.6141660383048915,78.50537109375,1.3701772060859194,91.4439926147461,1.5959987522966979,0.019372999668121338,0.00019372999668121338,False,False,0.0,0.0,0.0,0.0,0.0,2.3870010375976562,2.3870010375976562,0.0,0.0,0.0,0.0,0.0,0.0,0.0,0.0,0.0
2,631,24.103032926097512,24.116264892043546,False,-15.164834976196289,-0.2646763026714325,-89.62637329101562,-1.5642752647399902,90.4175796508789,1.5780844688415527,78.81318664550781,1.375549554824829,91.69230651855469,1.6003326177597046,0.6868131868131868,0.006868131868131868,-0.25568270683288574,-1.713354468345642,1.603776454925537,1.374603509902954,1.5954492092132568,-0.00020090490579605103,-14.64953899383545,-0.2556826893417259,-93.62637329101562,-1.6340884806295017,91.88961791992188,1.6037763811022199,78.75897216796875,1.3746033798176311,91.4124984741211,1.5954490758477056,0.0,0.0,True,False,0.020090490579605103,0.0,0.0,0.0,0.0,4.541603088378906,4.541603088378906,0.0,0.0,0.0,0.0,0.0,0.0,0.0,0.0,0.0
2,632,24.136546293040738,24.146862719091587,False,-15.164834976196289,-0.2646763026714325,-89.45054626464844,-1.561206579208374,90.4175796508789,1.5780844688415527,78.81318664550781,1.375549554824829,91.69230651855469,1.6003326177597046,0.6868131868131868,0.006868131868131868,-0.25191470980644226,-1.6849761009216309,1.5951787233352661,1.371488094329834,1.6047691106796265,0.0004536733031272888,-14.433649063110352,-0.25191469922867044,-93.45054626464844,-1.6310197201054035,91.39700317382812,1.595178631839008,78.58047485351562,1.3714880139744565,91.94649505615234,1.604769074398547,0.04536733031272888,0.0004536733031272888,False,False,0.0,0.0,0.0,0.0,0.0,3.0914688110351562,3.0914688110351562,0.0,0.0,0.0,0.0,0.0,0.0,0.0,0.0,0.0
2,633,24.169794526067562,24.180234966101125,False,-15.164834976196289,-0.2646763026714325,-89.45054626464844,-1.561206579208374,90.5054931640625,1.5796188116073608,78.81318664550781,1.375549554824829,91.69230651855469,1.6003326177597046,0.6868131868131868,0.006868131868131868,-0.24840250611305237,-1.7106482982635498,1.6057764291763306,1.3709465265274048,1.5962051153182983,0.0008576959371566772,-14.232414245605469,-0.24840248909356033,-93.45054626464844,-1.6310197201054035,92.00420379638672,1.605776281922815,78.54944610595703,1.370946460166789,91.455810546875,1.5962050141231245,0.08576959371566772,0.0008576959371566772,False,False,0.0,0.0,0.0,0.0,0.0,4.5623779296875,4.5623779296875,0.0,0.0,0.0,0.0,0.0,0.0,0.0,0.0,0.0
2,634,24.203288815100677,24.216515275998972,False,-15.076923370361328,-0.2631419599056244,-91.38461303710938,-1.5949623584747314,91.38461303710938,1.5949623584747314,78.81318664550781,1.375549554824829,91.69230651855469,1.6003326177597046,0.6868131868131868,0.006868131868131868,-0.252321720123291,-1.7051438093185425,1.6036709547042847,1.3707022666931152,1.5945415496826172,0.00083942711353302,-14.456969261169434,-0.25232171346701865,-95.38461303710938,-1.6647755532382669,91.88357543945312,1.6036709199230528,78.53545379638672,1.3707022482948286,91.3604965209961,1.5945414705482066,0.083942711353302,0.00083942711353302,False,False,0.0,0.0,0.0,0.0,0.0,2.31292724609375,2.31292724609375,0.0,0.0,0.0,0.0,0.0,0.0,0.0,0.0,0.0
2,635,24.23685479001142,24.247722818050534,False,-14.90109920501709,-0.2600732445716858,-92.0879135131836,-1.6072373390197754,91.73626708984375,1.6010998487472534,78.81318664550781,1.375549554824829,91.69230651855469,1.6003326177597046,0.6868131868131868,0.006868131868131868,-0.2555791735649109,-1.7091503143310547,1.594741702079773,1.3707939386367798,1.600428819656372,0.0017491504549980164,-14.643607139587402,-0.2555791589543491,-96.0879135131836,-1.6770504621766056,91.37196350097656,1.594741607104126,78.54070281982422,1.3707938610363273,91.69781494140625,1.6004287876119903,0.17491504549980164,0.0017491504549980164,False,False,0.0,0.0,0.0,0.0,0.0,1.8391799926757812,1.8391799926757812,0.0,0.0,0.0,0.0,0.0,0.0,0.0,0.0,0.0
2,636,24.27159991906956,24.281999880098738,False,-14.637362480163574,-0.2554701566696167,-92.70330047607422,-1.6179778575897217,91.73626708984375,1.6010998487472534,78.81318664550781,1.375549554824829,91.69230651855469,1.6003326177597046,0.6868131868131868,0.006868131868131868,-0.24981164932250977,-1.7270174026489258,1.608588457107544,1.3696703910827637,1.596987247467041,0.0006465017795562744,-14.313152313232422,-0.2498116342053485,-96.70330047607422,-1.6877909908528952,92.16532135009766,1.6085883137178296,78.47632598876953,1.3696702733724229,91.50062561035156,1.5969871845352808,0.06465017795562744,0.0006465017795562744,False,False,0.0,0.0,0.0,0.0,0.0,2.2475051879882812,2.2475051879882812,0.0,0.0,0.0,0.0,0.0,0.0,0.0,0.0,0.0
2,637,24.30480370600708,24.315583868999965,False,-14.549450874328613,-0.2539358139038086,-94.10989379882812,-1.642527461051941,91.73626708984375,1.6010998487472534,78.81318664550781,1.375549554824829,91.69230651855469,1.6003326177597046,0.6868131868131868,0.006868131868131868,-0.2501882314682007,-1.71695876121521,1.598652958869934,1.3724660873413086,1.5956112146377563,0.002761825919151306,-14.334729194641113,-0.2501882218282425,-98.10989379882812,-1.712340675571518,91.59606170654297,1.598652858639071,78.63651275634766,1.372466059884788,91.42178344726562,1.595611129200037,0.2761825919151306,0.002761825919151306,False,False,0.0,0.0,0.0,0.0,0.0,0.26459503173828125,0.26459503173828125,0.0,0.0,0.0,0.0,0.0,0.0,0.0,0.0,0.0
2,638,24.33837996807415,24.3490062271012,False,-14.549450874328613,-0.2539358139038086,-94.81318664550781,-1.6548023223876953,91.73626708984375,1.6010998487472534,78.81318664550781,1.375549554824829,91.69230651855469,1.6003326177597046,0.6868131868131868,0.006868131868131868,-0.2535077631473541,-1.7034026384353638,1.5973327159881592,1.371479868888855,1.5973424911499023,0.0018396452069282532,-14.524924278259277,-0.25350775225848543,-97.5977783203125,-1.7034025743209942,91.52041625976562,1.5973325965286642,78.58000183105469,1.3714797581750773,91.52098083496094,1.5973424502246973,0.18396452069282532,0.0018396452069282532,False,False,0.0,0.0,0.0,0.0,0.0,0.0,0.0,0.0,0.0,0.0,0.0,0.0,0.0,0.0,0.0,0.0
2,639,24.37172185909003,24.38268591708038,False,-14.725275039672852,-0.2570045292377472,-95.6043930053711,-1.6686114072799683,91.64835357666016,1.5995655059814453,78.81318664550781,1.375549554824829,91.69230651855469,1.6003326177597046,0.6868131868131868,0.006868131868131868,-0.25120478868484497,-1.704958200454712,1.588624119758606,1.3725602626800537,1.5975635051727295,0.0020527467131614685,-14.392972946166992,-0.2512047670610826,-97.68690490722656,-1.7049581267137093,91.02145385742188,1.588624059764105,78.64190673828125,1.3725602026293224,91.53363800048828,1.5975633594371195,0.20527467131614685,0.0020527467131614685,False,False,0.0,0.0,0.0,0.0,0.0,0.0,0.0,0.0,0.0,0.0,0.0,0.0,0.0,0.0,0.0,0.0
2,640,24.40517995506525,24.41659100202378,False,-14.90109920501709,-0.2600732445716858,-96.30769348144531,-1.6808863878250122,91.64835357666016,1.5995655059814453,78.81318664550781,1.375549554824829,91.69230651855469,1.6003326177597046,0.6868131868131868,0.006868131868131868,-0.24877232313156128,-1.7029191255569458,1.587685465812683,1.3702731132507324,1.5937416553497314,0.00148821622133255,-14.253602981567383,-0.24877230230043146,-97.57007598876953,-1.7029190774250902,90.9676742553711,1.5876854286379065,78.5108642578125,1.3702730798851623,91.31466674804688,1.5937415901148013,0.148821622133255,0.00148821622133255,False,False,0.0,0.0,0.0,0.0,0.0,0.0,0.0,0.0,0.0,0.0,0.0,0.0,0.0,0.0,0.0,0.0
2,641,24.438539595110342,24.448814603034407,False,-14.90109920501709,-0.2600732445716858,-96.3956069946289,-1.6824207305908203,91.64835357666016,1.5995655059814453,78.81318664550781,1.375549554824829,91.69230651855469,1.6003326177597046,0.6868131868131868,0.006868131868131868,-0.25286948680877686,-1.6976147890090942,1.587152123451233,1.3754159212112427,1.5930241346359253,7.233768701553345e-05,-14.488353729248047,-0.2528694757689775,-97.26615905761719,-1.697614726323925,90.9371109008789,1.5871519974715638,78.80552673339844,1.3754159102662145,91.27355194091797,1.5930240013590795,0.007233768701553345,7.233768701553345e-05,False,False,0.0,0.0,0.0,0.0,0.0,0.0,0.0,0.0,0.0,0.0,0.0,0.0,0.0,0.0,0.0,0.0
2,642,24.47210153506603,24.483205595053732,False,-14.90109920501709,-0.2600732445716858,-96.48351287841797,-1.6839549541473389,91.64835357666016,1.5995655059814453,78.81318664550781,1.375549554824829,91.69230651855469,1.6003326177597046,0.6868131868131868,0.006868131868131868,-0.2539955973625183,-1.7018922567367554,1.5904022455215454,1.3718669414520264,1.5913118124008179,0.0027850717306137085,-14.552874565124512,-0.2539955767911607,-97.51123809814453,-1.7018921625087557,91.12332916259766,1.5904021192658964,78.60218048095703,1.3718668486395202,91.17544555664062,1.591311721936213,0.27850717306137085,0.0027850717306137085,False,False,0.0,0.0,0.0,0.0,0.0,0.0,0.0,0.0,0.0,0.0,0.0,0.0,0.0,0.0,0.0,0.0
2,643,24.50536264607217,24.516785056097433,False,-14.90109920501709,-0.2600732445716858,-96.48351287841797,-1.6839549541473389,91.64835357666016,1.5995655059814453,78.81318664550781,1.375549554824829,91.69230651855469,1.6003326177597046,0.6868131868131868,0.006868131868131868,-0.2555444836616516,-1.7019094228744507,1.581634283065796,1.3717960119247437,1.592081904411316,0.0008556842803955078,-14.641619682312012,-0.25554447128115076,-97.51222229003906,-1.7019093398977867,90.62096405029297,1.5816341940090286,78.59811401367188,1.3717958753964696,91.21956634521484,1.5920817749654095,0.08556842803955078,0.0008556842803955078,False,False,0.0,0.0,0.0,0.0,0.0,0.0,0.0,0.0,0.0,0.0,0.0,0.0,0.0,0.0,0.0,0.0
2,644,24.538767678081058,24.5497845900245,False,-14.90109920501709,-0.2600732445716858,-96.48351287841797,-1.6839549541473389,91.64835357666016,1.5995655059814453,78.81318664550781,1.375549554824829,91.69230651855469,1.6003326177597046,0.6868131868131868,0.006868131868131868,-0.2583952844142914,-1.645994782447815,1.5304203033447266,1.3743776082992554,1.5980626344680786,0.0010015591979026794,-14.80495834350586,-0.2583952687147829,-94.30854797363281,-1.645994674914919,87.6866226196289,1.5304202746662598,78.74603271484375,1.3743775437571926,91.56224060058594,1.598062568983455,0.10015591979026794,0.0010015591979026794,False,False,0.0,0.0,0.0,0.0,0.0,0.0,0.0,0.0,0.0,0.0,0.0,0.0,0.0,0.0,0.0,0.0
2,645,24.572063324041665,24.582426720065996,False,-14.90109920501709,-0.2600732445716858,-96.48351287841797,-1.6839549541473389,91.64835357666016,1.5995655059814453,78.81318664550781,1.375549554824829,91.69230651855469,1.6003326177597046,0.6868131868131868,0.006868131868131868,-0.25763142108917236,-1.6615760326385498,1.5626128911972046,1.3727893829345703,1.5864242315292358,0.0032846927642822266,-14.761192321777344,-0.2576314075351209,-95.20128631591797,-1.6615758983465911,89.53112030029297,1.5626128322392465,78.65503692626953,1.3727893676411238,90.8954086303711,1.586424155545645,0.32846927642822266,0.0032846927642822266,False,False,0.0,0.0,0.0,0.0,0.0,0.0,0.0,0.0,0.0,0.0,0.0,0.0,0.0,0.0,0.0,0.0
2,646,24.606134472065605,24.61644467303995,False,-14.90109920501709,-0.2600732445716858,-96.3956069946289,-1.6824207305908203,91.47252655029297,1.5964967012405396,78.81318664550781,1.375549554824829,91.69230651855469,1.6003326177597046,0.6868131868131868,0.006868131868131868,-0.24911873042583466,-1.7109612226486206,1.5899626016616821,1.3757939338684082,1.5906459093093872,0.0030337870121002197,-14.27345085144043,-0.2491187129792235,-98.03085327148438,-1.710961158126857,91.09814453125,1.589962564527979,78.82717895507812,1.3757938128248965,91.13729095458984,1.5906457985056386,0.303378701210022,0.0030337870121002197,False,False,0.0,0.0,0.0,0.0,0.0,0.0,0.0,0.0,0.0,0.0,0.0,0.0,0.0,0.0,0.0,0.0
2,647,24.640247053001076,24.65368503110949,False,-14.90109920501709,-0.2600732445716858,-95.78022003173828,-1.671680212020874,91.03296661376953,1.588824987411499,78.81318664550781,1.375549554824829,91.6043930053711,1.5987982749938965,0.6868131868131868,0.006868131868131868,-0.2508544921875,-1.685341715812683,1.5736616849899292,1.3731006383895874,1.586995244026184,0.0014514923095703125,-14.372902870178223,-0.2508544781539531,-96.5629653930664,-1.6853416815983493,90.16416931152344,1.5736616218117128,78.67286682128906,1.3731005580144995,90.9281234741211,1.5869951372833582,0.14514923095703125,0.0014514923095703125,False,False,0.0,0.0,0.0,0.0,0.0,0.0,0.0,0.0,0.0,0.0,0.0,0.0,0.0,0.0,0.0,0.0
2,648,24.67363950610161,24.684141783043742,False,-14.725275039672852,-0.2570045292377472,-95.86813354492188,-1.6732145547866821,91.03296661376953,1.588824987411499,78.81318664550781,1.375549554824829,91.6043930053711,1.5987982749938965,0.6868131868131868,0.006868131868131868,-0.25235068798065186,-1.6900898218154907,1.5841012001037598,1.373532772064209,1.5871776342391968,0.0013263896107673645,-14.45862865447998,-0.25235067534387323,-96.83500671386719,-1.6900896983477969,90.7623062133789,1.584101080126769,78.69762420654297,1.3735326559013648,90.9385757446289,1.5871775638180285,0.13263896107673645,0.0013263896107673645,False,False,0.0,0.0,0.0,0.0,0.0,0.0,0.0,0.0,0.0,0.0,0.0,0.0,0.0,0.0,0.0,0.0
2,649,24.706868251087144,24.720210000057705,False,-14.725275039672852,-0.2570045292377472,-96.65933990478516,-1.6870237588882446,91.38461303710938,1.5949623584747314,78.81318664550781,1.375549554824829,91.6043930053711,1.5987982749938965,0.6868131868131868,0.006868131868131868,-0.25222206115722656,-1.6811269521713257,1.5750796794891357,1.3726370334625244,1.5889230966567993,0.002778388559818268,-14.451258659362793,-0.2522220446632224,-96.32147216796875,-1.6811268296991353,90.24541473388672,1.5750796219341254,78.64630126953125,1.3726369016687168,91.03858184814453,1.5889229995964664,0.2778388559818268,0.002778388559818268,False,False,0.0,0.0,0.0,0.0,0.0,0.0,0.0,0.0,0.0,0.0,0.0,0.0,0.0,0.0,0.0,0.0
2,650,24.740949031081982,24.75577756401617,False,-14.725275039672852,-0.2570045292377472,-96.83516693115234,-1.6900924444198608,91.38461303710938,1.5949623584747314,78.81318664550781,1.375549554824829,91.6043930053711,1.5987982749938965,0.6868131868131868,0.006868131868131868,-0.2593977153301239,-1.5791651010513306,1.4392971992492676,1.3784828186035156,1.6012018918991089,0.0008431747555732727,-14.862393379211426,-0.25939769919384553,-92.83516693115234,-1.6202793245871683,87.38461303710938,1.5251492130787205,78.98124694824219,1.3784828065775496,91.74210357666016,1.6012017701183858,0.08431747555732727,0.0008431747555732727,False,False,0.0,0.0,0.0,0.0,0.0,2.3556747436523438,2.3556747436523438,0.0,4.9189605712890625,4.9189605712890625,0.0,0.0,0.0,0.0,0.0,0.0
2,651,24.77418143406976,24.78712059406098,False,-14.725275039672852,-0.2570045292377472,-96.48351287841797,-1.6839549541473389,91.38461303710938,1.5949623584747314,78.81318664550781,1.375549554824829,91.6043930053711,1.5987982749938965,0.6868131868131868,0.006868131868131868,-0.27176186442375183,-1.4793665409088135,1.3708745241165161,1.3778799772262573,1.5961679220199585,0.002210482954978943,-15.570807456970215,-0.27176185731821556,-92.48351287841797,-1.6141418035389719,87.38461303710938,1.5251492130787205,78.94670104980469,1.3778798669067556,91.45368194580078,1.596167863025918,0.2210482954978943,0.002210482954978943,False,False,0.0,0.0,0.0,0.0,0.0,7.7220611572265625,7.7220611572265625,0.0,8.83929443359375,8.83929443359375,0.0,0.0,0.0,0.0,0.0,0.0
2,652,24.80764601600822,24.819180905004032,False,-14.725275039672852,-0.2570045292377472,-96.30769348144531,-1.6808863878250122,91.38461303710938,1.5949623584747314,78.81318664550781,1.375549554824829,91.6043930053711,1.5987982749938965,0.6868131868131868,0.006868131868131868,-0.2667449712753296,-1.5391799211502075,1.4209705591201782,1.3791759014129639,1.6040300130844116,0.002355635166168213,-15.283360481262207,-0.26674496116721064,-92.30769348144531,-1.611073176172928,87.38461303710938,1.5251492130787205,79.02095031738281,1.3791757610931883,91.90414428710938,1.6040299140379954,0.2355635166168213,0.002355635166168213,False,False,0.0,0.0,0.0,0.0,0.0,4.1191864013671875,4.1191864013671875,0.0,5.969001770019531,5.969001770019531,0.0,0.0,0.0,0.0,0.0,0.0
2,653,24.84138622204773,24.854896996053867,False,-14.813186645507812,-0.2585388720035553,-95.51648712158203,-1.6670771837234497,90.85713958740234,1.5857561826705933,78.81318664550781,1.375549554824829,91.6043930053711,1.5987982749938965,0.6868131868131868,0.006868131868131868,-0.2536957263946533,-1.628379464149475,1.4914321899414062,1.3793537616729736,1.5982664823532104,0.0030959025025367737,-14.535693168640137,-0.25369570485241777,-93.29926300048828,-1.6283793290426445,86.85713958740234,1.51594306466448,79.03114318847656,1.3793536602540055,91.57392120361328,1.5982664339649004,0.30959025025367737,0.0030959025025367737,False,False,0.0,0.0,0.0,0.0,0.0,0.0,0.0,0.0,1.4043731689453125,1.4043731689453125,0.0,0.0,0.0,0.0,0.0,0.0
2,654,24.875250432058237,24.886232098098844,False,-14.813186645507812,-0.2585388720035553,-94.10989379882812,-1.642527461051941,90.5934066772461,1.5811532735824585,78.81318664550781,1.375549554824829,91.6043930053711,1.5987982749938965,0.6868131868131868,0.006868131868131868,-0.25294241309165955,-1.6619232892990112,1.5066359043121338,1.378275990486145,1.5974845886230469,0.002155713737010956,-14.492531776428223,-0.25294239644857525,-95.22118377685547,-1.6619231745527374,86.5934066772461,1.511340057036387,78.96939086914062,1.3782758789608505,91.52912139892578,1.5974845298688531,0.21557137370109558,0.002155713737010956,False,False,0.0,0.0,0.0,0.0,0.0,0.0,0.0,0.0,0.26953125,0.26953125,0.0,0.0,0.0,0.0,0.0,0.0
2,655,24.90810288209468,24.919628784060478,False,-14.813186645507812,-0.2585388720035553,-93.5824203491211,-1.6333212852478027,90.5934066772461,1.5811532735824585,78.81318664550781,1.375549554824829,91.6043930053711,1.5987982749938965,0.6868131868131868,0.006868131868131868,-0.2581024765968323,-1.5631606578826904,1.4062974452972412,1.3773581981658936,1.6012870073318481,0.0020870864391326904,-14.78818130493164,-0.2581024541529287,-89.5824203491211,-1.5635081869977312,86.5934066772461,1.511340057036387,78.91680908203125,1.3773581536492092,91.74697875976562,1.6012868581152138,0.20870864391326904,0.0020870864391326904,False,False,0.0,0.0,0.0,0.0,0.0,0.01992034912109375,0.01992034912109375,0.0,6.018501281738281,6.018501281738281,0.0,0.0,0.0,0.0,0.0,0.0
2,656,24.941715179011226,24.952248600078747,False,-14.813186645507812,-0.2585388720035553,-93.75823974609375,-1.636389970779419,90.5934066772461,1.5811532735824585,78.81318664550781,1.375549554824829,91.6043930053711,1.5987982749938965,0.6868131868131868,0.006868131868131868,-0.2737202048301697,-1.3878686428070068,1.250735878944397,1.3798408508300781,1.589444637298584,0.0011097565293312073,-15.683012008666992,-0.2737201961810485,-89.75823974609375,-1.566576814363775,86.5934066772461,1.511340057036387,79.05905151367188,1.379840752417381,91.06846618652344,1.5894445796959584,0.11097565293312073,0.0011097565293312073,False,False,0.0,0.0,0.0,0.0,0.0,10.239227294921875,10.239227294921875,0.0,14.931526184082031,14.931526184082031,0.0,0.0,0.0,0.0,0.0,0.0
2,657,24.975132993073203,24.985354468110017,False,-14.813186645507812,-0.2585388720035553,-94.46154022216797,-1.6486648321151733,90.5934066772461,1.5811532735824585,78.81318664550781,1.375549554824829,91.6043930053711,1.5987982749938965,0.6868131868131868,0.006868131868131868,-0.269696444272995,-1.3542454242706299,1.2177670001983643,1.378565788269043,1.5981563329696655,0.0017581731081008911,-15.45246696472168,-0.2696964260900478,-90.46154022216797,-1.5788517233021138,86.5934066772461,1.511340057036387,78.98600006103516,1.3785657640455056,91.5676040649414,1.5981561790957712,0.1758173108100891,0.0017581731081008911,False,False,0.0,0.0,0.0,0.0,0.0,12.868995666503906,12.868995666503906,0.0,16.82050323486328,16.82050323486328,0.0,0.0,0.0,0.0,0.0,0.0
2,658,25.008403990068473,25.0186771270819,False,-14.813186645507812,-0.2585388720035553,-94.37362670898438,-1.6471304893493652,90.5934066772461,1.5811532735824585,78.81318664550781,1.375549554824829,91.6043930053711,1.5987982749938965,0.6868131868131868,0.006868131868131868,-0.260875403881073,-1.2766854763031006,1.1627541780471802,1.3775535821914673,1.5952434539794922,0.002506665885448456,-14.94705867767334,-0.26087538741418964,-90.37362670898438,-1.5773173430400647,86.5934066772461,1.511340057036387,78.9280014038086,1.3775534965151666,91.40071105957031,1.595243346653497,0.2506665885448456,0.002506665885448456,False,False,0.0,0.0,0.0,0.0,0.0,17.224937438964844,17.224937438964844,0.0,19.972503662109375,19.972503662109375,0.0,0.0,0.0,0.0,0.0,0.0
2,659,25.04198617907241,25.052335743093863,False,-14.90109920501709,-0.2600732445716858,-92.52747344970703,-1.614909052848816,90.5054931640625,1.5796188116073608,78.81318664550781,1.375549554824829,91.6043930053711,1.5987982749938965,0.6868131868131868,0.006868131868131868,-0.26925230026245117,-1.19461989402771,1.092509388923645,1.3770129680633545,1.5919387340545654,0.0022128596901893616,-15.427019119262695,-0.2692522773992498,-88.52747344970703,-1.5450958901692504,86.5054931640625,1.509805676774338,78.89702606201172,1.3770128748138803,91.21136474609375,1.5919386300568177,0.22128596901893616,0.0022128596901893616,False,False,0.0,0.0,0.0,0.0,0.0,20.08080291748047,20.08080291748047,0.0,23.909320831298828,23.909320831298828,0.0,0.0,0.0,0.0,0.0,0.0
2,660,25.07540826604236,25.240129025070928,False,-15.252747535705566,-0.266210675239563,-90.85713958740234,-1.5857561826705933,90.5054931640625,1.5796188116073608,78.81318664550781,1.375549554824829,91.6043930053711,1.5987982749938965,0.6868131868131868,0.006868131868131868,-0.2557981014251709,-1.6812931299209595,1.5899327993392944,1.3769060373306274,1.5996277332305908,0.0017992034554481506,-14.656150817871094,-0.25579808744071036,-94.85713958740234,-1.6555694048240264,91.096435546875,1.58993273712377,78.89089965820312,1.3769059488961137,91.65191650390625,1.5996277087560944,0.17992034554481506,0.0017992034554481506,False,False,0.0,0.0,0.0,0.0,0.0,1.4738540649414062,1.4738540649414062,0.0,0.0,0.0,0.0,0.0,0.0,0.0,0.0,0.0
2,661,25.241727108019404,25.256312487996183,False,-15.252747535705566,-0.266210675239563,-89.27472686767578,-1.5581378936767578,90.32967376708984,1.5765502452850342,78.81318664550781,1.375549554824829,91.6043930053711,1.5987982749938965,0.6868131868131868,0.006868131868131868,-0.2508220672607422,-1.6716409921646118,1.5920644998550415,1.3771343231201172,1.6011805534362793,2.0697712898254395e-05,-14.371045112609863,-0.2508220541676814,-93.27472686767578,-1.6279510927393597,91.21857452392578,1.592064464418324,78.90397644042969,1.3771341818015335,91.74088287353516,1.601180464829665,0.0020697712898254395,2.0697712898254395e-05,False,False,0.0,0.0,0.0,0.0,0.0,2.5032424926757812,2.5032424926757812,0.0,0.0,0.0,0.0,0.0,0.0,0.0,0.0,0.0
2,662,25.27487068809569,25.286595683079213,False,-15.164834976196289,-0.2646763026714325,-89.45054626464844,-1.561206579208374,90.32967376708984,1.5765502452850342,78.81318664550781,1.375549554824829,91.6043930053711,1.5987982749938965,0.6868131868131868,0.006868131868131868,-0.2534577250480652,-1.670460820198059,1.5782544612884521,1.3775073289871216,1.5968635082244873,0.000684589147567749,-14.52205753326416,-0.25345771811950557,-93.45054626464844,-1.6310197201054035,90.42731475830078,1.578254376269609,78.92535400390625,1.3775072906702537,91.49353790283203,1.5968634807026467,0.0684589147567749,0.000684589147567749,False,False,0.0,0.0,0.0,0.0,0.0,2.2598037719726562,2.2598037719726562,0.0,0.0,0.0,0.0,0.0,0.0,0.0,0.0,0.0
2,663,25.308450081036426,25.319784180028364,False,-15.164834976196289,-0.2646763026714325,-89.45054626464844,-1.561206579208374,90.32967376708984,1.5765502452850342,78.81318664550781,1.375549554824829,91.6043930053711,1.5987982749938965,0.6868131868131868,0.006868131868131868,-0.26031988859176636,-1.690724492073059,1.5993863344192505,1.3764326572418213,1.5950809717178345,0.00011458992958068848,-14.915229797363281,-0.2603198686555559,-93.45054626464844,-1.6310197201054035,91.6380844116211,1.5993862932032787,78.86377716064453,1.376432572012352,91.39140319824219,1.5950808938270022,0.011458992958068848,0.00011458992958068848,False,False,0.0,0.0,0.0,0.0,0.0,3.4208297729492188,3.4208297729492188,0.0,0.0,0.0,0.0,0.0,0.0,0.0,0.0,0.0
2,664,25.34234641608782,25.354692930006422,False,-15.164834976196289,-0.2646763026714325,-91.12088012695312,-1.5903593301773071,91.20879364013672,1.5918937921524048,78.81318664550781,1.375549554824829,91.6043930053711,1.5987982749938965,0.6868131868131868,0.006868131868131868,-0.2553150951862335,-1.6941200494766235,1.589866280555725,1.37263023853302,1.5941169261932373,0.0017624646425247192,-14.6284761428833,-0.25531507324275404,-95.12088012695312,-1.660172545610174,91.09262084960938,1.5898661580965179,78.64591217041016,1.372630110607937,91.33616638183594,1.5941168295123935,0.17624646425247192,0.0017624646425247192,False,False,0.0,0.0,0.0,0.0,0.0,1.9450454711914062,1.9450454711914062,0.0,0.0,0.0,0.0,0.0,0.0,0.0,0.0,0.0
2,665,25.375534145045094,25.388386263046414,False,-14.98901081085205,-0.2616075873374939,-92.0,-1.6057028770446777,91.64835357666016,1.5995655059814453,78.72527313232422,1.374015212059021,91.6043930053711,1.5987982749938965,0.6868131868131868,0.006868131868131868,-0.2597341537475586,-1.675876259803772,1.5888012647628784,1.3799995183944702,1.6061304807662964,0.0018527805805206299,-14.881669998168945,-0.2597341396633066,-96.0,-1.6755160819145565,91.03160095214844,1.5888011599765952,79.06814575195312,1.3799994768183497,92.02449035644531,1.606130349189741,0.185278058052063,0.0018527805805206299,False,False,0.0,0.0,0.0,0.0,0.0,0.0206298828125,0.0206298828125,0.0,0.0,0.0,0.0,0.0,0.0,0.0,0.0,0.0
2,666,25.40911173110362,25.420253523043357,False,-14.813186645507812,-0.2585388720035553,-92.61538696289062,-1.616443395614624,91.64835357666016,1.5995655059814453,78.81318664550781,1.375549554824829,91.6043930053711,1.5987982749938965,0.6868131868131868,0.006868131868131868,-0.25784891843795776,-1.7037622928619385,1.5931742191314697,1.3765217065811157,1.5962095260620117,0.000531613826751709,-14.773653984069824,-0.25784890457239634,-96.61538696289062,-1.6862566105908459,91.28215026855469,1.5931740704865054,78.86888122558594,1.3765216547508152,91.45606231689453,1.5962094083389233,0.0531613826751709,0.000531613826751709,False,False,0.0,0.0,0.0,0.0,0.0,1.0029983520507812,1.0029983520507812,0.0,0.0,0.0,0.0,0.0,0.0,0.0,0.0,0.0
2,667,25.44232427200768,25.452584358048625,False,-14.725275039672852,-0.2570045292377472,-93.84615325927734,-1.637924313545227,91.64835357666016,1.5995655059814453,78.9011001586914,1.3770840167999268,91.6043930053711,1.5987982749938965,0.6868131868131868,0.006868131868131868,-0.25182628631591797,-1.6811084747314453,1.5920774936676025,1.3750373125076294,1.601447582244873,0.0005297958850860596,-14.428582191467285,-0.251826265635723,-96.3204116821289,-1.6811083207295592,91.21931457519531,1.5920773807496107,78.78382873535156,1.375037208759205,91.75617980957031,1.6014474467289457,0.05297958850860596,0.0005297958850860596,False,False,0.0,0.0,0.0,0.0,0.0,0.0,0.0,0.0,0.0,0.0,0.0,0.0,0.0,0.0,0.0,0.0
2,668,25.475675983005203,25.486100120004267,False,-14.637362480163574,-0.2554701566696167,-94.9011001586914,-1.6563366651535034,91.64835357666016,1.5995655059814453,78.9011001586914,1.3770840167999268,91.6043930053711,1.5987982749938965,0.6868131868131868,0.006868131868131868,-0.25287824869155884,-1.6923624277114868,1.5824047327041626,1.3785984516143799,1.609478235244751,-0.0008737370371818542,-14.488855361938477,-0.2528782309110611,-96.96521759033203,-1.6923623068640161,90.66510772705078,1.5824046465123884,78.98786926269531,1.378598387768859,92.21630859375,1.6094782089960795,0.0,0.0,True,False,0.08737370371818542,0.0,0.0,0.0,0.0,0.0,0.0,0.0,0.0,0.0,0.0,0.0,0.0,0.0,0.0,0.0
2,669,25.508983576088212,25.519421707023866,False,-14.725275039672852,-0.2570045292377472,-95.07691955566406,-1.65940523147583,91.56044006347656,1.5980311632156372,78.9011001586914,1.3770840167999268,91.6043930053711,1.5987982749938965,0.6868131868131868,0.006868131868131868,-0.25217950344085693,-1.6947709321975708,1.5830215215682983,1.3792874813079834,1.5989245176315308,0.0005204752087593079,-14.448820114135742,-0.2521794840200516,-97.10321807861328,-1.6947708697538837,90.70044708251953,1.5830214346208509,79.02734375,1.3792873475428626,91.61161804199219,1.5989243679122045,0.052047520875930786,0.0005204752087593079,False,False,0.0,0.0,0.0,0.0,0.0,0.0,0.0,0.0,0.0,0.0,0.0,0.0,0.0,0.0,0.0,0.0
2,670,25.54362187406514,25.554680767003447,False,-14.813186645507812,-0.2585388720035553,-95.51648712158203,-1.6670771837234497,91.56044006347656,1.5980311632156372,78.9011001586914,1.3770840167999268,91.6043930053711,1.5987982749938965,0.6868131868131868,0.006868131868131868,-0.24984344840049744,-1.6632390022277832,1.5687237977981567,1.3750818967819214,1.6015629768371582,-0.00041034817695617676,-14.314974784851074,-0.24984344233561814,-95.29656982421875,-1.663238909289291,89.8812484741211,1.5687237216765424,78.78638458251953,1.3750818167074639,91.7627944946289,1.6015628947622005,0.0,0.0,True,False,0.041034817695617676,0.0,0.0,0.0,0.0,0.0,0.0,0.0,0.0,0.0,0.0,0.0,0.0,0.0,0.0,0.0
2,671,25.575734304031357,25.588239626027644,False,-14.90109920501709,-0.2600732445716858,-95.86813354492188,-1.6732145547866821,91.56044006347656,1.5980311632156372,78.9011001586914,1.3770840167999268,91.6043930053711,1.5987982749938965,0.6868131868131868,0.006868131868131868,-0.2549615800380707,-1.6240274906158447,1.5557161569595337,1.376970648765564,1.6062840223312378,0.00122813880443573,-14.608222007751465,-0.2549615718975597,-93.04991912841797,-1.624027457505346,89.1359634399414,1.5557160439642683,78.89459991455078,1.3769705305525481,92.03328704833984,1.606283880426584,0.122813880443573,0.00122813880443573,False,False,0.0,0.0,0.0,0.0,0.0,0.0,0.0,0.0,0.0,0.0,0.0,0.0,0.0,0.0,0.0,0.0
2,672,25.6090689500561,25.622454517055303,False,-14.98901081085205,-0.2616075873374939,-95.95604705810547,-1.6747488975524902,91.47252655029297,1.5964967012405396,78.9011001586914,1.3770840167999268,91.6043930053711,1.5987982749938965,0.6868131868131868,0.006868131868131868,-0.26287710666656494,-1.5882490873336792,1.4798580408096313,1.38008451461792,1.6055995225906372,0.001722194254398346,-15.061747550964355,-0.26287708586852043,-91.95604705810547,-1.604935788282786,87.47252655029297,1.5266835933407696,79.07301330566406,1.3800844316571232,91.99407196044922,1.6055994480264335,0.1722194254398346,0.001722194254398346,False,False,0.0,0.0,0.0,0.0,0.0,0.956085205078125,0.956085205078125,0.0,2.6829147338867188,2.6829147338867188,0.0,0.0,0.0,0.0,0.0,0.0
2,673,25.642641258076765,25.65575025405269,False,-14.98901081085205,-0.2616075873374939,-95.42857360839844,-1.6655428409576416,91.38461303710938,1.5949623584747314,78.9011001586914,1.3770840167999268,91.6043930053711,1.5987982749938965,0.6868131868131868,0.006868131868131868,-0.2839478850364685,-1.3640018701553345,1.278756856918335,1.377942681312561,1.6050916910171509,-0.00048752129077911377,-16.269014358520508,-0.28394786661041604,-91.42857360839844,-1.5957296398685454,87.38461303710938,1.5251492130787205,78.9502944946289,1.377942584350427,91.96497344970703,1.6050915832065555,0.0,0.0,True,False,0.04875212907791138,0.0,0.0,0.0,0.0,13.277030944824219,13.277030944824219,0.0,14.11724853515625,14.11724853515625,0.0,0.0,0.0,0.0,0.0,0.0
2,674,25.67597870901227,25.68652681808453,False,-14.90109920501709,-0.2600732445716858,-94.46154022216797,-1.6486648321151733,91.29669952392578,1.5934280157089233,78.9011001586914,1.3770840167999268,91.6043930053711,1.5987982749938965,0.6868131868131868,0.006868131868131868,-0.2893020808696747,-1.2755521535873413,1.206663727760315,1.3819648027420044,1.6101373434066772,0.00011005252599716187,-16.575786590576172,-0.2893020521134795,-90.46154022216797,-1.5788517233021138,87.29669952392578,1.5236148328166712,79.18074798583984,1.3819647565447737,92.25406646728516,1.6101372082078196,0.011005252599716187,0.00011005252599716187,False,False,0.0,0.0,0.0,0.0,0.0,17.377792358398438,17.377792358398438,0.0,18.15996551513672,18.15996551513672,0.0,0.0,0.0,0.0,0.0,0.0
2,675,25.709481990081258,25.721027482068166,False,-14.90109920501709,-0.2600732445716858,-92.96703338623047,-1.6225807666778564,90.94505310058594,1.587290644645691,78.9011001586914,1.3770840167999268,91.6043930053711,1.5987982749938965,0.6868131868131868,0.006868131868131868,-0.3034287691116333,-1.110644817352295,1.0799329280853271,1.3853503465652466,1.6045589447021484,0.0014106854796409607,-17.38518714904785,-0.30342875682629117,-88.96703338623047,-1.5527676583214416,86.94505310058594,1.5174774449265291,79.37472534179688,1.385350300080537,91.9344482421875,1.604558817830485,0.14106854796409607,0.0014106854796409607,False,False,0.0,0.0,0.0,0.0,0.0,25.331775665283203,25.331775665283203,0.0,25.0694580078125,25.0694580078125,0.0,0.0,0.0,0.0,0.0,0.0
2,676,25.74285021808464,25.753268666099757,False,-15.604395866394043,-0.2723480761051178,-92.0879135131836,-1.6072373390197754,90.94505310058594,1.587290644645691,78.9011001586914,1.3770840167999268,91.6043930053711,1.5987982749938965,0.6868131868131868,0.006868131868131868,-0.3241332173347473,-0.8938913345336914,0.9112370014190674,1.3822335004806519,1.6034338474273682,-0.0013636350631713867,-18.57146453857422,-0.3241332031154896,-88.0879135131836,-1.5374241220170592,86.94505310058594,1.5174774449265291,79.1961441040039,1.3822334694987628,91.86998748779297,1.603433765427981,0.0,0.0,True,False,0.13636350631713867,0.0,0.0,0.0,0.0,36.8717155456543,36.8717155456543,0.0,34.735023498535156,34.735023498535156,0.0,0.0,0.0,0.0,0.0,0.0
2,677,25.77659907611087,25.787102515110746,False,-16.74725341796875,-0.2922947108745575,-91.29669952392578,-1.5934280157089233,90.94505310058594,1.587290644645691,78.9011001586914,1.3770840167999268,91.6043930053711,1.5987982749938965,0.6868131868131868,0.006868131868131868,-0.31739121675491333,-0.8184166550636292,0.8292324542999268,1.3815524578094482,1.6094822883605957,0.0011123567819595337,-18.185176849365234,-0.31739121107887225,-87.29669952392578,-1.5236148328166712,86.94505310058594,1.5174774449265291,79.15711975097656,1.381552366049975,92.21653747558594,1.6094822037377146,0.11123567819595337,0.0011123567819595337,False,False,0.0,0.0,0.0,0.0,0.0,40.40488052368164,40.40488052368164,0.0,39.433536529541016,39.433536529541016,0.0,0.0,0.0,0.0,0.0,0.0
2,678,25.809723066049628,25.820627626031637,False,-17.27472496032715,-0.3015008270740509,-90.5934066772461,-1.5811532735824585,90.94505310058594,1.587290644645691,78.9011001586914,1.3770840167999268,91.78022003173828,1.6018669605255127,0.6868131868131868,0.006868131868131868,-0.33004793524742126,-0.6701142191886902,0.7135826945304871,1.3842034339904785,1.6039553880691528,0.0018820688128471375,-18.91035270690918,-0.3300479174489874,-86.5934066772461,-1.511340057036387,86.94505310058594,1.5174774449265291,79.30901336669922,1.3842034097570943,91.89987182617188,1.603955345527473,0.18820688128471375,0.0018820688128471375,False,False,0.0,0.0,0.0,0.0,0.0,48.198692321777344,48.198692321777344,0.0,46.05978012084961,46.05978012084961,0.0,0.0,0.0,0.0,0.0,0.0
2,679,25.843248463002965,25.856607255060226,False,-17.538461685180664,-0.3061038851737976,-89.45054626464844,-1.561206579208374,90.94505310058594,1.587290644645691,78.9011001586914,1.3770840167999268,91.6043930053711,1.5987982749938965,0.6868131868131868,0.006868131868131868,-0.3382933437824249,-0.463495135307312,0.5404967069625854,1.3880720138549805,1.5923655033111572,0.0012874305248260498,-19.382780075073242,-0.3382933304999818,-85.45054626464844,-1.4913933799458572,86.94505310058594,1.5174774449265291,79.5306625366211,1.3880719175565435,91.2358169555664,1.5923654016215028,0.12874305248260498,0.0012874305248260498,False,False,0.0,0.0,0.0,0.0,0.0,58.89423370361328,58.89423370361328,0.0,55.97687530517578,55.97687530517578,0.0,0.0,0.0,0.0,0.0,0.0
2,680,25.876762263011187,25.888621408026665,False,-17.714284896850586,-0.3091726005077362,-88.3956069946289,-1.5427943468093872,90.94505310058594,1.587290644645691,78.9011001586914,1.3770840167999268,91.6043930053711,1.5987982749938965,0.6868131868131868,0.006868131868131868,-0.33300119638442993,-0.36086905002593994,0.43942001461982727,1.3904269933700562,1.5996696949005127,0.0017198771238327026,-19.079561233520508,-0.33300116336080354,-84.3956069946289,-1.4729812162754308,86.94505310058594,1.5174774449265291,79.66559600830078,1.3904269509085005,91.6543197631836,1.599669653543263,0.17198771238327026,0.0017198771238327026,False,False,0.0,0.0,0.0,0.0,0.0,63.719337463378906,63.719337463378906,0.0,61.76814270019531,61.76814270019531,0.0,0.0,0.0,0.0,0.0,0.0
2,681,25.910339698079042,25.921831284067594,False,-18.329669952392578,-0.3199130892753601,-87.78022003173828,-1.532053828239441,90.94505310058594,1.587290644645691,78.9011001586914,1.3770840167999268,91.6043930053711,1.5987982749938965,0.6868131868131868,0.006868131868131868,-0.3287971615791321,-0.27756816148757935,0.3453480303287506,1.3881371021270752,1.6017718315124512,0.001756921410560608,-18.838687896728516,-0.3287971305535181,-83.78022003173828,-1.4622406875991412,86.94505310058594,1.5174774449265291,79.53439331054688,1.3881370318451958,91.7747573852539,1.6017716865916627,0.1756921410560608,0.001756921410560608,False,False,0.0,0.0,0.0,0.0,0.0,67.87673950195312,67.87673950195312,0.0,67.15806579589844,67.15806579589844,0.0,0.0,0.0,0.0,0.0,0.0
2,682,25.943524714093655,25.95696277008392,False,-19.03296661376953,-0.3321879208087921,-86.72527313232422,-1.513641595840454,90.94505310058594,1.587290644645691,78.72527313232422,1.374015212059021,92.04395294189453,1.606469988822937,0.6868131868131868,0.006868131868131868,-0.3211138844490051,-0.22547227144241333,0.3011953830718994,1.3871705532073975,1.5954489707946777,0.0013247057795524597,-18.398469924926758,-0.32111387751912585,-82.72527313232422,-1.4438283907706604,86.94505310058594,1.5174774449265291,79.47901153564453,1.3871704375275515,91.41249084472656,1.595448942689651,0.13247057795524597,0.0013247057795524597,False,False,0.0,0.0,0.0,0.0,0.0,69.8066635131836,69.8066635131836,0.0,69.68782806396484,69.68782806396484,0.0,0.0,0.0,0.0,0.0,0.0
2,683,25.977034366107546,25.98773922410328,False,-18.85714340209961,-0.3291192352771759,-85.93406677246094,-1.4998323917388916,90.94505310058594,1.587290644645691,78.63735961914062,1.372480869293213,92.04395294189453,1.606469988822937,0.6868131868131868,0.006868131868131868,-0.3259233832359314,-0.10703851282596588,0.2062310129404068,1.3918468952178955,1.5967515707015991,0.0025717392563819885,-18.674034118652344,-0.32592338000024085,-81.93406677246094,-1.430019234728327,86.94505310058594,1.5174774449265291,79.7469482421875,1.3918468152436763,91.48712158203125,1.5967514947788088,0.25717392563819885,0.0025717392563819885,False,False,0.0,0.0,0.0,0.0,0.0,75.80120849609375,75.80120849609375,0.0,75.12889099121094,75.12889099121094,0.0,0.0,0.0,0.0,0.0,0.0
2,684,26.010514626046643,26.021328865084797,False,-18.329669952392578,-0.3199130892753601,-85.14286041259766,-1.486023187637329,90.94505310058594,1.587290644645691,78.63735961914062,1.372480869293213,92.04395294189453,1.606469988822937,0.6868131868131868,0.006868131868131868,-0.30773407220840454,-0.051243603229522705,0.1505027860403061,1.3918635845184326,1.5997413396835327,0.0031072795391082764,-17.63186264038086,-0.3077340563340269,-81.14286041259766,-1.4162100786859937,86.94505310058594,1.5174774449265291,79.7479019165039,1.3918634600004893,91.6584243774414,1.5997412925765864,0.31072795391082764,0.0031072795391082764,False,False,0.0,0.0,0.0,0.0,0.0,78.20681762695312,78.20681762695312,0.0,78.3218765258789,78.3218765258789,0.0,0.0,0.0,0.0,0.0,0.0
2,685,26.04368764103856,26.054396482068114,False,-18.505495071411133,-0.3229818046092987,-84.26373291015625,-1.470679521560669,90.85713958740234,1.5857561826705933,78.63735961914062,1.372480869293213,92.04395294189453,1.606469988822937,0.6868131868131868,0.006868131868131868,-0.3090701699256897,-0.022578686475753784,0.1271952986717224,1.3896929025650024,1.5993679761886597,0.0034020915627479553,-17.708415985107422,-0.30907016425291967,-80.26373291015625,-1.4008664092235565,86.85713958740234,1.51594306466448,79.62353515625,1.38969285055402,91.63703155517578,1.5993679173917572,0.34020915627479553,0.0034020915627479553,False,False,0.0,0.0,0.0,0.0,0.0,78.9700698852539,78.9700698852539,0.0,79.56938934326172,79.56938934326172,0.0,0.0,0.0,0.0,0.0,0.0
2,686,26.07725743902847,26.090857331058942,False,-18.85714340209961,-0.3291192352771759,-83.56044006347656,-1.458404779434204,90.5934066772461,1.5811532735824585,78.63735961914062,1.372480869293213,92.13186645507812,1.6080044507980347,0.6868131868131868,0.006868131868131868,-0.3067241311073303,0.021214038133621216,0.09641057252883911,1.388700246810913,1.5885099172592163,0.0024061203002929688,-17.573997497558594,-0.3067241190696416,-79.56044006347656,-1.3885916334432724,86.5934066772461,1.511340057036387,79.56665802001953,1.3887001572576931,91.01490783691406,1.5885098101533406,0.24061203002929688,0.0024061203002929688,False,False,0.0,0.0,0.0,0.0,0.0,80.77591705322266,80.77591705322266,0.0,81.06948852539062,81.06948852539062,0.0,0.0,0.0,0.0,0.0,0.0
2,687,26.1109146180097,26.125300988089293,False,-17.9780216217041,-0.3137756586074829,-82.85713958740234,-1.4461299180984497,90.32967376708984,1.5765502452850342,78.63735961914062,1.372480869293213,92.13186645507812,1.6080044507980347,0.6868131868131868,0.006868131868131868,-0.29837894439697266,0.041086345911026,0.08239004015922546,1.3909958600997925,1.6092885732650757,0.0036561936140060425,-17.095853805541992,-0.29837893734631016,-78.85713958740234,-1.3763167245049337,86.32967376708984,1.5067370494082941,79.69818878173828,1.3909958021173414,92.20543670654297,1.6092884587684113,0.36561936140060425,0.0036561936140060425,False,False,0.0,0.0,0.0,0.0,0.0,81.21121215820312,81.21121215820312,0.0,81.60906982421875,81.60906982421875,0.0,0.0,0.0,0.0,0.0,0.0
2,688,26.14443992509041,26.156006116070785,False,-17.626373291015625,-0.3076382577419281,-82.06593322753906,-1.4323207139968872,89.97801971435547,1.5704126358032227,78.63735961914062,1.372480869293213,92.13186645507812,1.6080044507980347,0.6868131868131868,0.006868131868131868,-0.2990337610244751,0.08654460310935974,0.03953734040260315,1.3897942304611206,1.5912305116653442,0.0028225183486938477,-17.133371353149414,-0.2990337420793334,-78.06593322753906,-1.3625075684626002,85.97801971435547,1.5005995283600975,79.62934112548828,1.3897941838334977,91.17078399658203,1.591230362364911,0.28225183486938477,0.0028225183486938477,False,False,0.0,0.0,0.0,0.0,0.0,83.02457427978516,83.02457427978516,0.0,83.71269989013672,83.71269989013672,0.0,0.0,0.0,0.0,0.0,0.0
2,689,26.177743799053133,26.189168822020292,False,-18.065933227539062,-0.315310001373291,-81.45054626464844,-1.421580195426941,89.62637329101562,1.5642752647399902,78.63735961914062,1.372480869293213,92.21977996826172,1.6095387935638428,0.6868131868131868,0.006868131868131868,-0.29270148277282715,0.09317907691001892,0.04127800464630127,1.390153169631958,1.597190260887146,0.00257246196269989,-16.770559310913086,-0.29270147737642477,-77.45054626464844,-1.3517670397863106,85.62637329101562,1.4944621404699554,79.64990234375,1.3901530447903858,91.51225280761719,1.597190117410345,0.257246196269989,0.00257246196269989,False,False,0.0,0.0,0.0,0.0,0.0,82.78931427001953,82.78931427001953,0.0,83.26131439208984,83.26131439208984,0.0,0.0,0.0,0.0,0.0,0.0
2,690,26.211098047089763,26.372246338054538,False,-17.80219841003418,-0.3107069730758667,-80.65933990478516,-1.4077709913253784,89.18681335449219,1.5566035509109497,78.63735961914062,1.372480869293213,92.21977996826172,1.6095387935638428,0.6868131868131868,0.006868131868131868,-0.3001408576965332,-1.611885666847229,1.597995400428772,1.364835500717163,1.6019959449768066,0.00011870265007019043,-17.19680404663086,-0.300140851433993,-84.65933990478516,-1.4775842239035237,91.55838775634766,1.5979953241659304,78.19931030273438,1.3648354375714387,91.78759765625,1.6019957915973928,0.011870265007019043,0.00011870265007019043,False,False,0.0,0.0,0.0,0.0,0.0,7.6949005126953125,7.6949005126953125,0.0,0.0,0.0,0.0,0.0,0.0,0.0,0.0,0.0
2,691,26.373715626075864,26.38680284610018,False,-17.27472496032715,-0.3015008270740509,-79.16483306884766,-1.3816869258880615,88.3956069946289,1.5427943468093872,78.63735961914062,1.372480869293213,91.95604705810547,1.6049357652664185,0.6868131868131868,0.006868131868131868,-0.30176842212677,-1.5732524394989014,1.5746856927871704,1.3679442405700684,1.601776361465454,0.0005398094654083252,-17.290056228637695,-0.3017684090446813,-83.16483306884766,-1.4515001589228516,90.22283935546875,1.5746856072508484,78.37742614746094,1.3679441455118881,91.77501678466797,1.6017762139655158,0.05398094654083252,0.0005398094654083252,False,False,0.0,0.0,0.0,0.0,0.0,6.975883483886719,6.975883483886719,0.0,0.0,0.0,0.0,0.0,0.0,0.0,0.0,0.0
2,692,26.407359397038817,26.421813397086225,False,-16.923076629638672,-0.2953633964061737,-79.16483306884766,-1.3816869258880615,88.3956069946289,1.5427943468093872,78.63735961914062,1.372480869293213,91.95604705810547,1.6049357652664185,0.6868131868131868,0.006868131868131868,-0.2969249188899994,-1.58673894405365,1.560176968574524,1.369047999382019,1.6027579307556152,0.0003321841359138489,-17.012544631958008,-0.2969249179701542,-83.16483306884766,-1.4515001589228516,89.39154815673828,1.5601768387901511,78.44066619873047,1.3690478926256713,91.83126068115234,1.602757855143319,0.03321841359138489,0.0003321841359138489,False,False,0.0,0.0,0.0,0.0,0.0,7.748603820800781,7.748603820800781,0.0,0.0,0.0,0.0,0.0,0.0,0.0,0.0,0.0
2,693,26.440591742051765,26.454483371111564,False,-16.83516502380371,-0.2938290536403656,-79.42857360839844,-1.3862900733947754,88.48351287841797,1.5443285703659058,78.54945373535156,1.3709465265274048,91.95604705810547,1.6049357652664185,0.6868131868131868,0.006868131868131868,-0.29253897070884705,-1.6152340173721313,1.5782663822174072,1.365422010421753,1.6043084859848022,0.0008879601955413818,-16.761247634887695,-0.2925389579709027,-83.42857360839844,-1.456103299708999,90.4280014038086,1.5782663604945144,78.23291778564453,1.3654219988015286,91.92009735107422,1.604308347529963,0.08879601955413818,0.0008879601955413818,False,False,0.0,0.0,0.0,0.0,0.0,9.117515563964844,9.117515563964844,0.0,0.0,0.0,0.0,0.0,0.0,0.0,0.0,0.0
2,694,26.4741039481014,26.48485968611203,False,-17.098901748657227,-0.2984321415424347,-81.010986328125,-1.4139084815979004,89.36264038085938,1.559672236442566,78.46154022216797,1.3694121837615967,91.95604705810547,1.6049357652664185,0.6868131868131868,0.006868131868131868,-0.28996020555496216,-1.646750807762146,1.5818758010864258,1.3680328130722046,1.5989326238632202,-0.0001897662878036499,-16.613494873046875,-0.2899601857978653,-85.010986328125,-1.4837216117936658,90.63480377197266,1.5818757427198988,78.38249969482422,1.3680326956181332,91.6120834350586,1.5989324905535292,0.0,0.0,True,False,0.01897662878036499,0.0,0.0,0.0,0.0,9.34088134765625,9.34088134765625,0.0,0.0,0.0,0.0,0.0,0.0,0.0,0.0,0.0
2,695,26.507586132036522,26.518752120085992,False,-17.27472496032715,-0.3015008270740509,-82.24176025390625,-1.435389518737793,90.24176025390625,1.5750157833099365,78.37362670898438,1.3678778409957886,91.95604705810547,1.6049357652664185,0.6868131868131868,0.006868131868131868,-0.2950947880744934,-1.6209402084350586,1.5672240257263184,1.3678544759750366,1.6054978370666504,0.00017233192920684814,-16.907684326171875,-0.2950947603795381,-86.24176025390625,-1.505202669146245,89.79531860351562,1.5672239625086644,78.37228393554688,1.3678543969831525,91.98824310302734,1.6054977152727925,0.017233192920684814,0.00017233192920684814,False,False,0.0,0.0,0.0,0.0,0.0,6.631263732910156,6.631263732910156,0.0,0.0,0.0,0.0,0.0,0.0,0.0,0.0,0.0
2,696,26.541135613108054,26.551493392093107,False,-17.36263656616211,-0.303035169839859,-83.12088012695312,-1.4507330656051636,90.5934066772461,1.5811532735824585,78.37362670898438,1.3678778409957886,91.95604705810547,1.6049357652664185,0.6868131868131868,0.006868131868131868,-0.2914475202560425,-1.6468015909194946,1.5921523571014404,1.3678498268127441,1.5990592241287231,0.0008879601955413818,-16.698711395263672,-0.2914474946876473,-87.12088012695312,-1.5205462054506276,91.22360229492188,1.592152215576242,78.37201690673828,1.3678497364512447,91.61933898925781,1.5990591238633625,0.08879601955413818,0.0008879601955413818,False,False,0.0,0.0,0.0,0.0,0.0,7.233894348144531,7.233894348144531,0.0,0.0,0.0,0.0,0.0,0.0,0.0,0.0,0.0
2,697,26.574443533085287,26.585598267032765,False,-17.27472496032715,-0.3015008270740509,-84.26373291015625,-1.470679521560669,90.5934066772461,1.5811532735824585,78.81318664550781,1.375549554824829,91.95604705810547,1.6049357652664185,0.6868131868131868,0.006868131868131868,-0.29304730892181396,-1.6342862844467163,1.576949954032898,1.3664019107818604,1.6047991514205933,0.0007988065481185913,-16.790372848510742,-0.2930472888439715,-88.26373291015625,-1.5404927493831029,90.35256958007812,1.5769498268096336,78.28905487060547,1.3664017757665687,91.94821166992188,1.6047990349608103,0.07988065481185913,0.0007988065481185913,False,False,0.0,0.0,0.0,0.0,0.0,5.373970031738281,5.373970031738281,0.0,0.0,0.0,0.0,0.0,0.0,0.0,0.0,0.0
2,698,26.60770894808229,26.618968761060387,False,-17.098901748657227,-0.2984321415424347,-85.4065933227539,-1.4906262159347534,90.68132019042969,1.5826876163482666,78.989013671875,1.3786183595657349,91.69230651855469,1.6003326177597046,0.6868131868131868,0.006868131868131868,-0.2925814390182495,-1.6323522329330444,1.5731676816940308,1.366702914237976,1.5958030223846436,0.0007167011499404907,-16.763681411743164,-0.2925814353902894,-89.4065933227539,-1.560439426473633,90.1358642578125,1.5731676054295032,78.30630493164062,1.3667028461278021,91.43276977539062,1.5958028767985226,0.07167011499404907,0.0007167011499404907,False,False,0.0,0.0,0.0,0.0,0.0,4.120292663574219,4.120292663574219,0.0,0.0,0.0,0.0,0.0,0.0,0.0,0.0,0.0
2,699,26.641193285002373,26.652130109025165,False,-17.010988235473633,-0.2968977391719818,-86.37362670898438,-1.5075041055679321,91.12088012695312,1.5903593301773071,78.989013671875,1.3786183595657349,91.51648712158203,1.597264051437378,0.6868131868131868,0.006868131868131868,-0.2887219488620758,-1.623307704925537,1.5750077962875366,1.3639156818389893,1.6048423051834106,0.0001759752631187439,-16.54254913330078,-0.288721949049033,-90.37362670898438,-1.5773173430400647,90.24129486083984,1.5750077165846934,78.1466064453125,1.3639155817309252,91.95068359375,1.6048421781704696,0.01759752631187439,0.0001759752631187439,False,False,0.0,0.0,0.0,0.0,0.0,2.6350479125976562,2.6350479125976562,0.0,0.0,0.0,0.0,0.0,0.0,0.0,0.0,0.0
2,700,26.67446903209202,26.685003162012435,False,-17.010988235473633,-0.2968977391719818,-86.81318664550781,-1.5151759386062622,91.20879364013672,1.5918937921524048,78.989013671875,1.3786183595657349,91.51648712158203,1.597264051437378,0.6868131868131868,0.006868131868131868,-0.2947920262813568,-1.6073161363601685,1.565502643585205,1.3683604001998901,1.6047512292861938,0.001761317253112793,-16.890338897705078,-0.29479202554262335,-90.81318664550781,-1.5849891111922558,89.69668579101562,1.5655024951800371,78.4012680053711,1.3683602644322128,91.94546508789062,1.6047510980611888,0.1761317253112793,0.001761317253112793,False,False,0.0,0.0,0.0,0.0,0.0,1.27923583984375,1.27923583984375,0.0,0.0,0.0,0.0,0.0,0.0,0.0,0.0,0.0
2,701,26.708111752057448,26.720604334026575,False,-17.010988235473633,-0.2968977391719818,-88.21977996826172,-1.539725661277771,91.20879364013672,1.5918937921524048,78.989013671875,1.3786183595657349,91.51648712158203,1.597264051437378,0.6868131868131868,0.006868131868131868,-0.29862090945243835,-1.6406071186065674,1.5743818283081055,1.366086721420288,1.6082719564437866,0.0018178075551986694,-17.109716415405273,-0.29862088553134386,-92.21977996826172,-1.609538795910879,90.20542907714844,1.5743817405704703,78.27099609375,1.3660865906515578,92.1471939086914,1.608271930180328,0.18178075551986694,0.0018178075551986694,False,False,0.0,0.0,0.0,0.0,0.0,1.7800750732421875,1.7800750732421875,0.0,0.0,0.0,0.0,0.0,0.0,0.0,0.0,0.0
2,702,26.741712278104387,26.753591589047574,False,-17.010988235473633,-0.2968977391719818,-89.62637329101562,-1.5642752647399902,91.20879364013672,1.5918937921524048,78.989013671875,1.3786183595657349,91.51648712158203,1.597264051437378,0.6868131868131868,0.006868131868131868,-0.29955363273620605,-1.6365697383880615,1.5747538805007935,1.3677270412445068,1.6063872575759888,0.002203322947025299,-17.163158416748047,-0.2995536244136305,-93.62637329101562,-1.6340884806295017,90.22674560546875,1.5747537841747543,78.36498260498047,1.3677269647249921,92.0392074584961,1.606387211076879,0.2203322947025299,0.002203322947025299,False,False,0.0,0.0,0.0,0.0,0.0,0.14215850830078125,0.14215850830078125,0.0,0.0,0.0,0.0,0.0,0.0,0.0,0.0,0.0
2,703,26.775253000087105,26.78603489208035,False,-17.010988235473633,-0.2968977391719818,-90.32967376708984,-1.5765502452850342,91.20879364013672,1.5918937921524048,78.989013671875,1.3786183595657349,91.51648712158203,1.597264051437378,0.6868131868131868,0.006868131868131868,-0.3042914867401123,-1.6159896850585938,1.5488697290420532,1.3669366836547852,1.6149086952209473,0.0014140158891677856,-17.434616088867188,-0.3042914545719087,-92.58938598632812,-1.6159896378613232,88.74369049072266,1.5488695894338926,78.3197021484375,1.366936671671511,92.52745056152344,1.6149086607748602,0.14140158891677856,0.0014140158891677856,False,False,0.0,0.0,0.0,0.0,0.0,0.0,0.0,0.0,0.0,0.0,0.0,0.0,0.0,0.0,0.0,0.0
2,704,26.80884034500923,26.82349455403164,False,-17.010988235473633,-0.2968977391719818,-90.94505310058594,-1.587290644645691,91.20879364013672,1.5918937921524048,78.989013671875,1.3786183595657349,91.51648712158203,1.597264051437378,0.6868131868131868,0.006868131868131868,-0.2928980588912964,-1.6208304166793823,1.5522582530975342,1.3704047203063965,1.6076786518096924,0.0031756609678268433,-16.781822204589844,-0.29289805195438623,-92.86673736572266,-1.6208303326167057,88.9378433227539,1.5522581956049095,78.51840209960938,1.3704046400430123,92.11319732666016,1.6076785778894584,0.3175660967826843,0.0031756609678268433,False,False,0.0,0.0,0.0,0.0,0.0,0.0,0.0,0.0,0.0,0.0,0.0,0.0,0.0,0.0,0.0,0.0
2,705,26.842317945091054,26.854023466003127,False,-17.010988235473633,-0.2968977391719818,-92.17582702636719,-1.6087716817855835,91.20879364013672,1.5918937921524048,78.989013671875,1.3786183595657349,91.51648712158203,1.597264051437378,0.6868131868131868,0.006868131868131868,-0.29975515604019165,-1.6262046098709106,1.5571627616882324,1.3678396940231323,1.6043540239334106,0.0022952482104301453,-17.17470359802246,-0.2997551258396086,-93.17465209960938,-1.6262044585384312,89.2188491821289,1.5571626730683994,78.3714370727539,1.3678396164391025,91.9227066040039,1.6043538875846035,0.22952482104301453,0.0022952482104301453,False,False,0.0,0.0,0.0,0.0,0.0,0.0,0.0,0.0,0.0,0.0,0.0,0.0,0.0,0.0,0.0,0.0
2,706,26.875738798058592,26.88721251511015,False,-17.010988235473633,-0.2968977391719818,-92.61538696289062,-1.616443395614624,91.20879364013672,1.5918937921524048,78.989013671875,1.3786183595657349,91.51648712158203,1.597264051437378,0.6868131868131868,0.006868131868131868,-0.2963438034057617,-1.6354399919509888,1.5739808082580566,1.3664036989212036,1.612491488456726,0.0025267675518989563,-16.979248046875,-0.2963437829307852,-93.70380401611328,-1.6354399017246624,90.18244934082031,1.5739806685103044,78.2891616821289,1.3664036399793318,92.38895416259766,1.6124914426114496,0.25267675518989563,0.0025267675518989563,False,False,0.0,0.0,0.0,0.0,0.0,0.0,0.0,0.0,0.0,0.0,0.0,0.0,0.0,0.0,0.0,0.0
2,707,26.909190070000477,26.92021898110397,False,-17.010988235473633,-0.2968977391719818,-92.52747344970703,-1.614909052848816,91.20879364013672,1.5918937921524048,78.989013671875,1.3786183595657349,91.51648712158203,1.597264051437378,0.6868131868131868,0.006868131868131868,-0.29496124386787415,-1.641777515411377,1.5647101402282715,1.36704683303833,1.6112449169158936,0.0013164356350898743,-16.900033950805664,-0.2949612361403842,-94.0669174194336,-1.641777426170724,89.65128326416016,1.564710071597684,78.32601165771484,1.3670467933825858,92.3175277709961,1.6112448169051836,0.13164356350898743,0.0013164356350898743,False,False,0.0,0.0,0.0,0.0,0.0,0.0,0.0,0.0,0.0,0.0,0.0,0.0,0.0,0.0,0.0,0.0
2,708,26.942412547999993,26.953490501036867,False,-16.923076629638672,-0.2953633964061737,-92.43955993652344,-1.6133747100830078,91.20879364013672,1.5918937921524048,78.989013671875,1.3786183595657349,91.51648712158203,1.597264051437378,0.6868131868131868,0.006868131868131868,-0.2914413511753082,-1.6346358060836792,1.5547956228256226,1.3647150993347168,1.6095352172851562,0.0015524327754974365,-16.6983585357666,-0.2914413361276265,-93.65773010253906,-1.634635760233513,89.08322143554688,1.5547955223334826,78.19241333007812,1.364715062690167,92.21956634521484,1.6095350674853528,0.15524327754974365,0.0015524327754974365,False,False,0.0,0.0,0.0,0.0,0.0,0.0,0.0,0.0,0.0,0.0,0.0,0.0,0.0,0.0,0.0,0.0
2,709,26.975895690033212,26.989183579105884,False,-16.923076629638672,-0.2953633964061737,-93.05494689941406,-1.624115228652954,91.20879364013672,1.5918937921524048,78.989013671875,1.3786183595657349,91.51648712158203,1.597264051437378,0.6868131868131868,0.006868131868131868,-0.28761783242225647,-1.646437406539917,1.5775946378707886,1.3659937381744385,1.603723406791687,0.001823514699935913,-16.479286193847656,-0.2876178024610861,-94.33390808105469,-1.64643729228809,90.38951110839844,1.577594578109542,78.26567077636719,1.365993646329514,91.88658142089844,1.6037233841965273,0.1823514699935913,0.001823514699935913,False,False,0.0,0.0,0.0,0.0,0.0,0.0,0.0,0.0,0.0,0.0,0.0,0.0,0.0,0.0,0.0,0.0
2,710,27.00967409601435,27.02316390303895,False,-16.923076629638672,-0.2953633964061737,-93.4945068359375,-1.6317869424819946,91.20879364013672,1.5918937921524048,78.989013671875,1.3786183595657349,91.51648712158203,1.597264051437378,0.6868131868131868,0.006868131868131868,-0.29314395785331726,-1.6434805393218994,1.5732990503311157,1.3668982982635498,1.6107478141784668,0.0015032663941383362,-16.795909881591797,-0.2931439283020278,-94.16448974609375,-1.6434803845297752,90.14338684082031,1.573298899271244,78.31749725341797,1.3668981889937595,92.28904724121094,1.6107477378877202,0.15032663941383362,0.0015032663941383362,False,False,0.0,0.0,0.0,0.0,0.0,0.0,0.0,0.0,0.0,0.0,0.0,0.0,0.0,0.0,0.0,0.0
2,711,27.042717175092548,27.053956266026944,False,-16.923076629638672,-0.2953633964061737,-93.31867980957031,-1.6287182569503784,91.20879364013672,1.5918937921524048,78.989013671875,1.3786183595657349,91.51648712158203,1.597264051437378,0.6868131868131868,0.006868131868131868,-0.2901385724544525,-1.6410614252090454,1.5705101490020752,1.366097331047058,1.6078698635101318,0.0023319199681282043,-16.623714447021484,-0.29013855101187336,-94.02588653564453,-1.6410613021536018,89.98359680175781,1.570510036977713,78.2716064453125,1.3660972432959182,92.12415313720703,1.6078697928557262,0.23319199681282043,0.0023319199681282043,False,False,0.0,0.0,0.0,0.0,0.0,0.0,0.0,0.0,0.0,0.0,0.0,0.0,0.0,0.0,0.0,0.0
2,712,27.07696126308292,27.088146481080912,False,-16.923076629638672,-0.2953633964061737,-93.4065933227539,-1.6302525997161865,91.20879364013672,1.5918937921524048,78.989013671875,1.3786183595657349,91.51648712158203,1.597264051437378,0.6868131868131868,0.006868131868131868,-0.28638654947280884,-1.6575361490249634,1.5843394994735718,1.3656796216964722,1.6092313528060913,0.0019622743129730225,-16.40873908996582,-0.2863865232206016,-94.96981811523438,-1.6575360161309953,90.77596282958984,1.584339433044331,78.24767303466797,1.3656795264789392,92.20215606689453,1.6092312008049747,0.19622743129730225,0.0019622743129730225,False,False,0.0,0.0,0.0,0.0,0.0,0.0,0.0,0.0,0.0,0.0,0.0,0.0,0.0,0.0,0.0,0.0
2,713,27.109909969032742,27.121638618060388,False,-16.923076629638672,-0.2953633964061737,-93.5824203491211,-1.6333212852478027,91.20879364013672,1.5918937921524048,78.989013671875,1.3786183595657349,91.51648712158203,1.597264051437378,0.6868131868131868,0.006868131868131868,-0.284670889377594,-1.6640856266021729,1.581127405166626,1.3659918308258057,1.6079126596450806,0.0014472082257270813,-16.310440063476562,-0.28467088155685893,-95.34507751464844,-1.6640855281998272,90.5919189453125,1.581127261295532,78.26556396484375,1.3659917821167509,92.12660217285156,1.607912536591222,0.14472082257270813,0.0014472082257270813,False,False,0.0,0.0,0.0,0.0,0.0,0.0,0.0,0.0,0.0,0.0,0.0,0.0,0.0,0.0,0.0,0.0
2,714,27.143888118094765,27.154676328063942,False,-16.923076629638672,-0.2953633964061737,-93.84615325927734,-1.637924313545227,91.20879364013672,1.5918937921524048,78.989013671875,1.3786183595657349,91.51648712158203,1.597264051437378,0.6868131868131868,0.006868131868131868,-0.28790897130966187,-1.6272227764129639,1.5564123392105103,1.3639142513275146,1.6140799522399902,0.001041501760482788,-16.495967864990234,-0.287908952547259,-93.23299407958984,-1.6272227181812229,89.17584991455078,1.5564121942732152,78.14652252197266,1.3639141169923257,92.47996520996094,1.6140798850436275,0.10415017604827881,0.001041501760482788,False,False,0.0,0.0,0.0,0.0,0.0,0.0,0.0,0.0,0.0,0.0,0.0,0.0,0.0,0.0,0.0,0.0
2,715,27.177511980058625,27.18782255309634,False,-17.010988235473633,-0.2968977391719818,-94.37362670898438,-1.6471304893493652,91.20879364013672,1.5918937921524048,78.989013671875,1.3786183595657349,91.51648712158203,1.597264051437378,0.6868131868131868,0.006868131868131868,-0.28949230909347534,-1.6356576681137085,1.5587117671966553,1.3668220043182373,1.6033251285552979,0.0024448633193969727,-16.586687088012695,-0.28949230168385204,-93.71627807617188,-1.6356576151437765,89.30760192871094,1.558711700716444,78.31312561035156,1.3668218894285287,91.86375427246094,1.6033249752974514,0.24448633193969727,0.0024448633193969727,False,False,0.0,0.0,0.0,0.0,0.0,0.0,0.0,0.0,0.0,0.0,0.0,0.0,0.0,0.0,0.0,0.0
2,716,27.211186870001256,27.221738554071635,False,-17.010988235473633,-0.2968977391719818,-94.37362670898438,-1.6471304893493652,91.20879364013672,1.5918937921524048,78.989013671875,1.3786183595657349,91.51648712158203,1.597264051437378,0.6868131868131868,0.006868131868131868,-0.28397196531295776,-1.678353190422058,1.554977297782898,1.3668608665466309,1.6153013706207275,0.0008284822106361389,-16.27039337158203,-0.28397193492876766,-96.16255187988281,-1.6783531474238178,89.0936279296875,1.554977149919826,78.31535339355469,1.3668607715804437,92.5499496459961,1.6153013438775923,0.08284822106361389,0.0008284822106361389,False,False,0.0,0.0,0.0,0.0,0.0,0.0,0.0,0.0,0.0,0.0,0.0,0.0,0.0,0.0,0.0,0.0
2,717,27.244793866062537,27.255381811060943,False,-17.010988235473633,-0.2968977391719818,-93.93406677246094,-1.6394587755203247,91.20879364013672,1.5918937921524048,78.989013671875,1.3786183595657349,91.51648712158203,1.597264051437378,0.6868131868131868,0.006868131868131868,-0.2982187867164612,-1.6090811491012573,1.4526846408843994,1.3687093257904053,1.6128205060958862,0.001790471374988556,-17.08667755126953,-0.2982187814962555,-92.19355010986328,-1.6090809985194943,87.20879364013672,1.5220805857126767,78.4212646484375,1.3687092716930678,92.40780639648438,1.612820476164129,0.1790471374988556,0.001790471374988556,False,False,0.0,0.0,0.0,0.0,0.0,0.0,0.0,0.0,3.9760971069335938,3.9760971069335938,0.0,0.0,0.0,0.0,0.0,0.0
2,718,27.27913978206925,27.289769749040715,False,-16.923076629638672,-0.2953633964061737,-94.19779968261719,-1.6440616846084595,91.20879364013672,1.5918937921524048,78.989013671875,1.3786183595657349,91.51648712158203,1.597264051437378,0.6868131868131868,0.006868131868131868,-0.29603371024131775,-1.5325108766555786,1.3530232906341553,1.3720459938049316,1.6130645275115967,0.002361796796321869,-16.96148109436035,-0.29603369111135913,-90.19779968261719,-1.5742485825159662,87.20879364013672,1.5220805857126767,78.61244201660156,1.372045946222828,92.42178344726562,1.6130644217199803,0.2361796796321869,0.002361796796321869,False,False,0.0,0.0,0.0,0.0,0.0,2.3913955688476562,2.3913955688476562,0.0,9.686271667480469,9.686271667480469,0.0,0.0,0.0,0.0,0.0,0.0
2,719,27.31220802408643,27.322809063014574,False,-16.923076629638672,-0.2953633964061737,-95.07691955566406,-1.65940523147583,91.12088012695312,1.5903593301773071,78.989013671875,1.3786183595657349,91.6043930053711,1.5987982749938965,0.6868131868131868,0.006868131868131868,-0.29382574558258057,-1.497219204902649,1.3349708318710327,1.3729431629180908,1.6170941591262817,0.0015979334712028503,-16.83497428894043,-0.2938257308306017,-91.07691955566406,-1.5895921188203488,87.12088012695312,1.5205462054506276,78.6638412475586,1.3729430320360212,92.65266418457031,1.617094050765379,0.15979334712028503,0.0015979334712028503,False,False,0.0,0.0,0.0,0.0,0.0,5.292579650878906,5.292579650878906,0.0,10.6326904296875,10.6326904296875,0.0,0.0,0.0,0.0,0.0,0.0
2,720,27.34576624899637,27.5126050200779,False,-17.010988235473633,-0.2968977391719818,-94.9011001586914,-1.6563366651535034,90.85713958740234,1.5857561826705933,78.989013671875,1.3786183595657349,91.78022003173828,1.6018669605255127,0.6868131868131868,0.006868131868131868,-0.28434300422668457,-1.71564519405365,1.6033436059951782,1.3763152360916138,1.594459891319275,0.00019863992929458618,-16.29165267944336,-0.28434297984764295,-98.29922485351562,-1.7156451258520884,91.86481475830078,1.6033434842670276,78.85704803466797,1.3763151266082796,91.35581970214844,1.5944598446607956,0.019863992929458618,0.00019863992929458618,False,False,0.0,0.0,0.0,0.0,0.0,0.0,0.0,0.0,0.0,0.0,0.0,0.0,0.0,0.0,0.0,0.0
2,721,27.514083781046793,27.524952385108918,False,-16.83516502380371,-0.2938290536403656,-92.26373291015625,-1.610305905342102,90.5934066772461,1.5811532735824585,78.989013671875,1.3786183595657349,91.86813354492188,1.6034014225006104,0.6868131868131868,0.006868131868131868,-0.2845722436904907,-1.7327800989151,1.6034425497055054,1.373826503753662,1.592955470085144,-0.00037370622158050537,-16.304786682128906,-0.2845722114384715,-96.26373291015625,-1.6801190895426492,91.8704833984375,1.6034424207015239,78.7144546508789,1.3738264025696005,91.26962280273438,1.5929554249610098,0.0,0.0,True,False,0.03737062215805054,0.0,0.0,0.0,0.0,3.0172500610351562,3.0172500610351562,0.0,0.0,0.0,0.0,0.0,0.0,0.0,0.0,0.0
2,722,27.547641451004893,27.559552066028118,False,-16.923076629638672,-0.2953633964061737,-92.0879135131836,-1.6072373390197754,90.5934066772461,1.5811532735824585,78.989013671875,1.3786183595657349,91.95604705810547,1.6049357652664185,0.6868131868131868,0.006868131868131868,-0.27564433217048645,-1.7239216566085815,1.594946026802063,1.375166893005371,1.5955880880355835,-0.000402301549911499,-15.793255805969238,-0.2756443134238739,-96.0879135131836,-1.6770504621766056,91.38367462158203,1.5949460047177897,78.79125213623047,1.3751667715462375,91.42045593261719,1.5955879596985532,0.0,0.0,True,False,0.0402301549911499,0.0,0.0,0.0,0.0,2.685516357421875,2.685516357421875,0.0,0.0,0.0,0.0,0.0,0.0,0.0,0.0,0.0
2,723,27.581133881001733,27.594426742056385,False,-16.923076629638672,-0.2953633964061737,-92.0879135131836,-1.6072373390197754,90.68132019042969,1.5826876163482666,78.989013671875,1.3786183595657349,91.95604705810547,1.6049357652664185,0.6868131868131868,0.006868131868131868,-0.2922807037830353,-1.7035651206970215,1.5987884998321533,1.3727397918701172,1.5961527824401855,-0.0025900527834892273,-16.746450424194336,-0.29228069792419226,-96.0879135131836,-1.6770504621766056,91.60382843017578,1.598788413538556,78.65219116210938,1.3727396996867938,91.45281219482422,1.5961526830077046,0.0,0.0,True,False,0.25900527834892273,0.0,0.0,0.0,0.0,1.5191726684570312,1.5191726684570312,0.0,0.0,0.0,0.0,0.0,0.0,0.0,0.0,0.0
2,724,27.61455120507162,27.62669966300018,False,-16.571428298950195,-0.2892259955406189,-93.67032623291016,-1.6348556280136108,91.47252655029297,1.5964967012405396,78.989013671875,1.3786183595657349,91.95604705810547,1.6049357652664185,0.6868131868131868,0.006868131868131868,-0.2856256365776062,-1.6941299438476562,1.584386944770813,1.376343846321106,1.5954869985580444,-0.0010921880602836609,-16.365142822265625,-0.28562562480765236,-97.06649017333984,-1.6941298468795016,90.77867889404297,1.5843868373117345,78.85868835449219,1.376343755589998,91.41466522216797,1.5954868927351846,0.0,0.0,True,False,0.10921880602836609,0.0,0.0,0.0,0.0,0.0,0.0,0.0,0.0,0.0,0.0,0.0,0.0,0.0,0.0,0.0
2,725,27.648014733102173,27.66075284802355,False,-16.21977996826172,-0.2830885648727417,-94.81318664550781,-1.6548023223876953,91.56044006347656,1.5980311632156372,78.989013671875,1.3786183595657349,91.95604705810547,1.6049357652664185,0.6868131868131868,0.006868131868131868,-0.289082795381546,-1.6929064989089966,1.576867938041687,1.3799316883087158,1.5993082523345947,-0.0003142133355140686,-16.563222885131836,-0.2890827740872251,-96.99639129638672,-1.6929063906747193,90.34786987304688,1.5768678014480593,79.06425476074219,1.3799315662105527,91.63360595703125,1.5993081294252849,0.0,0.0,True,False,0.03142133355140686,0.0,0.0,0.0,0.0,0.0,0.0,0.0,0.0,0.0,0.0,0.0,0.0,0.0,0.0,0.0
2,726,27.6814516360173,27.69562885107007,False,-16.30769157409668,-0.2846229076385498,-95.25274658203125,-1.6624740362167358,91.56044006347656,1.5980311632156372,78.989013671875,1.3786183595657349,91.95604705810547,1.6049357652664185,0.6868131868131868,0.006868131868131868,-0.2875935435295105,-1.7022590637207031,1.5741803646087646,1.3784213066101074,1.5932397842407227,-0.0002903789281845093,-16.477895736694336,-0.2875935344056528,-97.53225708007812,-1.7022590129489141,90.19388580322266,1.5741802724340057,78.97772216796875,1.3784212875563688,91.2859115600586,1.5932397174073758,0.0,0.0,True,False,0.029037892818450928,0.0,0.0,0.0,0.0,0.0,0.0,0.0,0.0,0.0,0.0,0.0,0.0,0.0,0.0,0.0
2,727,27.71506144606974,27.72695152310189,False,-16.483516693115234,-0.2876916229724884,-95.69230651855469,-1.6701457500457764,91.56044006347656,1.5980311632156372,78.989013671875,1.3786183595657349,91.95604705810547,1.6049357652664185,0.6868131868131868,0.006868131868131868,-0.2896077036857605,-1.700559377670288,1.5656577348709106,1.3777025938034058,1.5972827672958374,-0.0006609857082366943,-16.593297958374023,-0.2896076831380797,-97.43486785888672,-1.700559250383171,89.70557403564453,1.5656576243135343,78.93653869628906,1.3777025003781564,91.5175552368164,1.5972826622582252,0.0,0.0,True,False,0.06609857082366943,0.0,0.0,0.0,0.0,0.0,0.0,0.0,0.0,0.0,0.0,0.0,0.0,0.0,0.0,0.0
2,728,27.748487720033154,27.761385651072487,False,-16.571428298950195,-0.2892259955406189,-96.04395294189453,-1.6762832403182983,91.56044006347656,1.5980311632156372,78.989013671875,1.3786183595657349,91.95604705810547,1.6049357652664185,0.6868131868131868,0.006868131868131868,-0.2869822382926941,-1.6671360731124878,1.5452327728271484,1.3796502351760864,1.5938979387283325,-0.00023193657398223877,-16.44287109375,-0.2869822390669387,-95.51985931396484,-1.6671360460704585,88.53530883789062,1.545232643491226,79.04813385009766,1.3796502032413858,91.32362365722656,1.593897917670789,0.0,0.0,True,False,0.023193657398223877,0.0,0.0,0.0,0.0,0.0,0.0,0.0,0.0,0.0,0.0,0.0,0.0,0.0,0.0,0.0
2,729,27.781736082048155,27.794680646038614,False,-16.571428298950195,-0.2892259955406189,-96.21977996826172,-1.6793519258499146,91.47252655029297,1.5964967012405396,78.989013671875,1.3786183595657349,91.95604705810547,1.6049357652664185,0.6868131868131868,0.006868131868131868,-0.28734657168388367,-1.668483853340149,1.540863275527954,1.3781774044036865,1.6017351150512695,-0.0006164684891700745,-16.4637451171875,-0.28734655950406157,-95.59707641601562,-1.668483738740093,88.28495788574219,1.540863195090733,78.9637451171875,1.3781773420005174,91.77265930175781,1.6017350681266742,0.0,0.0,True,False,0.061646848917007446,0.0,0.0,0.0,0.0,0.0,0.0,0.0,0.0,0.0,0.0,0.0,0.0,0.0,0.0,0.0
2,730,27.81521634501405,27.829156852094457,False,-16.571428298950195,-0.2892259955406189,-96.13186645507812,-1.6778175830841064,91.29669952392578,1.5934280157089233,78.989013671875,1.3786183595657349,91.95604705810547,1.6049357652664185,0.6868131868131868,0.006868131868131868,-0.2929604649543762,-1.6751837730407715,1.5353937149047852,1.3780004978179932,1.6049416065216064,-4.69014048576355e-05,-16.785396575927734,-0.2929604365029213,-95.98095703125,-1.6751837194105146,87.97157287597656,1.5353935948439283,78.95360565185547,1.3780003749460819,91.95637512207031,1.6049415140791294,0.0,0.0,True,False,0.00469014048576355,0.0,0.0,0.0,0.0,0.0,0.0,0.0,0.0,0.0,0.0,0.0,0.0,0.0,0.0,0.0
2,731,27.84870363108348,27.86061732505914,False,-16.571428298950195,-0.2892259955406189,-95.86813354492188,-1.6732145547866821,91.20879364013672,1.5918937921524048,78.989013671875,1.3786183595657349,91.95604705810547,1.6049357652664185,0.6868131868131868,0.006868131868131868,-0.29786157608032227,-1.610926866531372,1.4700037240982056,1.3754159212112427,1.5998730659484863,-0.0009763538837432861,-17.06620979309082,-0.297861551725535,-92.29930877685547,-1.6109268354710282,87.20879364013672,1.5220805857126767,78.80552673339844,1.3754159102662145,91.66596984863281,1.5998729858924907,0.0,0.0,True,False,0.09763538837432861,0.0,0.0,0.0,0.0,0.0,0.0,0.0,2.9837875366210938,2.9837875366210938,0.0,0.0,0.0,0.0,0.0,0.0
2,732,27.882094899076037,27.8949647040572,False,-16.483516693115234,-0.2876916229724884,-95.86813354492188,-1.6732145547866821,91.20879364013672,1.5918937921524048,78.989013671875,1.3786183595657349,91.95604705810547,1.6049357652664185,0.6868131868131868,0.006868131868131868,-0.2920686900615692,-1.5824713706970215,1.4424769878387451,1.3732385635375977,1.5977535247802734,-0.0004277750849723816,-16.734302520751953,-0.2920686770119083,-91.86813354492188,-1.6034014080207366,87.20879364013672,1.5220805857126767,78.68077087402344,1.3732385097589657,91.54452514648438,1.5977533759808966,0.0,0.0,True,False,0.04277750849723816,0.0,0.0,0.0,0.0,1.1992111206054688,1.1992111206054688,0.0,4.560951232910156,4.560951232910156,0.0,0.0,0.0,0.0,0.0,0.0
2,733,27.915771708008833,27.930069377063774,False,-16.571428298950195,-0.2892259955406189,-95.78022003173828,-1.671680212020874,91.12088012695312,1.5903593301773071,78.989013671875,1.3786183595657349,91.95604705810547,1.6049357652664185,0.6868131868131868,0.006868131868131868,-0.29336899518966675,-1.6209313869476318,1.4771641492843628,1.3760117292404175,1.5971705913543701,-7.947534322738647e-05,-16.80880355834961,-0.2933689654141395,-92.87252044677734,-1.6209312664220197,87.12088012695312,1.5205462054506276,78.83966064453125,1.376011659402065,91.5111312866211,1.5971705431763328,0.0,0.0,True,False,0.007947534322738647,0.0,0.0,0.0,0.0,0.0,0.0,0.0,2.4856109619140625,2.4856109619140625,0.0,0.0,0.0,0.0,0.0,0.0
2,734,27.948986515053548,27.960964791011065,False,-16.571428298950195,-0.2892259955406189,-94.989013671875,-1.6578710079193115,91.03296661376953,1.588824987411499,78.989013671875,1.3786183595657349,91.95604705810547,1.6049357652664185,0.6868131868131868,0.006868131868131868,-0.294748455286026,-1.6059703826904297,1.4639948606491089,1.3734914064407349,1.5971945524215698,-7.180869579315186e-05,-16.887842178344727,-0.2947484495692869,-92.01531982421875,-1.6059702932082272,87.03296661376953,1.5190118251885782,78.69525909423828,1.3734913769044685,91.51250457763672,1.5971945116261435,0.0,0.0,True,False,0.0071808695793151855,0.0,0.0,0.0,0.0,0.0,0.0,0.0,3.1522445678710938,3.1522445678710938,0.0,0.0,0.0,0.0,0.0,0.0
2,735,27.982419170089997,27.994188661105,False,-16.571428298950195,-0.2892259955406189,-93.67032623291016,-1.6348556280136108,90.94505310058594,1.587290644645691,78.989013671875,1.3786183595657349,91.95604705810547,1.6049357652664185,0.6868131868131868,0.006868131868131868,-0.31536948680877686,-1.3489106893539429,1.2253456115722656,1.371408224105835,1.602082371711731,-0.002064526081085205,-18.069339752197266,-0.3153694723373386,-89.67032623291016,-1.565042434101726,86.94505310058594,1.5174774449265291,78.57589721679688,1.3714081191417542,91.79255676269531,1.6020823443328205,0.0,0.0,True,False,0.2064526081085205,0.0,0.0,0.0,0.0,12.383438110351562,12.383438110351562,0.0,16.73792266845703,16.73792266845703,0.0,0.0,0.0,0.0,0.0,0.0
2,736,28.015805295086466,28.028576105018146,False,-16.659339904785156,-0.290760338306427,-92.79120635986328,-1.6195120811462402,90.94505310058594,1.587290644645691,78.989013671875,1.3786183595657349,91.95604705810547,1.6049357652664185,0.6868131868131868,0.006868131868131868,-0.32035285234451294,-1.2553949356079102,1.1510980129241943,1.3744233846664429,1.6019536256790161,-0.0021733716130256653,-18.35486602783203,-0.3203528459481221,-88.79120635986328,-1.5496988977973434,86.94505310058594,1.5174774449265291,78.7486572265625,1.374423350127942,91.7851791381836,1.6019535804941152,0.0,0.0,True,False,0.21733716130256653,0.0,0.0,0.0,0.0,16.862380981445312,16.862380981445312,0.0,20.99199676513672,20.99199676513672,0.0,0.0,0.0,0.0,0.0,0.0
2,737,28.049771346035413,28.061705033062026,False,-16.923076629638672,-0.2953633964061737,-92.79120635986328,-1.6195120811462402,90.94505310058594,1.587290644645691,78.989013671875,1.3786183595657349,91.95604705810547,1.6049357652664185,0.6868131868131868,0.006868131868131868,-0.314007431268692,-1.2292124032974243,1.1077461242675781,1.3768774271011353,1.6100691556930542,-0.0022442489862442017,-17.99129867553711,-0.31400739859781757,-88.79120635986328,-1.5496988977973434,86.94505310058594,1.5174774449265291,78.8892593383789,1.3768773199143953,92.25016021728516,1.6100690312839137,0.0,0.0,True,False,0.22442489862442017,0.0,0.0,0.0,0.0,18.362525939941406,18.362525939941406,0.0,23.475879669189453,23.475879669189453,0.0,0.0,0.0,0.0,0.0,0.0
2,738,28.082941848086193,28.09559809404891,False,-17.89011001586914,-0.3122413158416748,-91.64835357666016,-1.5995655059814453,90.94505310058594,1.587290644645691,78.989013671875,1.3786183595657349,91.95604705810547,1.6049357652664185,0.6868131868131868,0.006868131868131868,-0.3251456022262573,-1.0792797803878784,1.0118659734725952,1.3738205432891846,1.597617268562317,-0.002628803253173828,-18.62946891784668,-0.3251455705143696,-87.64835357666016,-1.5297523538648679,86.94505310058594,1.5174774449265291,78.714111328125,1.3738204104571479,91.5367202758789,1.5976171552911391,0.0,0.0,True,False,0.2628803253173828,0.0,0.0,0.0,0.0,25.8101806640625,25.8101806640625,0.0,28.969406127929688,28.969406127929688,0.0,0.0,0.0,0.0,0.0,0.0
2,739,28.116444422048517,28.127991684013978,False,-18.241758346557617,-0.318378746509552,-90.24176025390625,-1.5750157833099365,90.94505310058594,1.587290644645691,78.989013671875,1.3786183595657349,92.3956069946289,1.6126075983047485,0.6868131868131868,0.006868131868131868,-0.3292832374572754,-0.9647639989852905,0.9077615737915039,1.3769437074661255,1.5949463844299316,-0.0027723386883735657,-18.866539001464844,-0.3292832240314848,-86.24176025390625,-1.505202669146245,86.94505310058594,1.5174774449265291,78.89305877685547,1.3769436326255382,91.3836898803711,1.5949462710338986,0.0,0.0,True,False,0.27723386883735657,0.0,0.0,0.0,0.0,30.964859008789062,30.964859008789062,0.0,34.93415069580078,34.93415069580078,0.0,0.0,0.0,0.0,0.0,0.0
2,740,28.14984899503179,28.16161968605593,False,-17.714284896850586,-0.3091726005077362,-89.18681335449219,-1.5566035509109497,90.94505310058594,1.587290644645691,78.989013671875,1.3786183595657349,91.86813354492188,1.6034014225006104,0.6868131868131868,0.006868131868131868,-0.3239753246307373,-0.8423027992248535,0.7926634550094604,1.378265142440796,1.5934150218963623,-0.0014632195234298706,-18.56241798400879,-0.3239753109523615,-85.18681335449219,-1.4867903723177642,86.94505310058594,1.5174774449265291,78.9687728881836,1.3782650931584357,91.29595184326172,1.5934149534071032,0.0,0.0,True,False,0.14632195234298706,0.0,0.0,0.0,0.0,36.926422119140625,36.926422119140625,0.0,41.528785705566406,41.528785705566406,0.0,0.0,0.0,0.0,0.0,0.0
2,741,28.183208867092617,28.194919811096042,False,-18.065933227539062,-0.315310001373291,-89.010986328125,-1.553534746170044,90.94505310058594,1.587290644645691,78.989013671875,1.3786183595657349,91.78022003173828,1.6018669605255127,0.6868131868131868,0.006868131868131868,-0.3214964270591736,-0.8104158043861389,0.7691329717636108,1.3775027990341187,1.598684549331665,-0.0010626614093780518,-18.420387268066406,-0.3214964073202021,-85.010986328125,-1.4837216117936658,86.94505310058594,1.5174774449265291,78.92509460449219,1.3775027632964005,91.59786987304688,1.5986844170979884,0.0,0.0,True,False,0.10626614093780518,0.0,0.0,0.0,0.0,38.57758331298828,38.57758331298828,0.0,42.876983642578125,42.876983642578125,0.0,0.0,0.0,0.0,0.0,0.0
2,742,28.2166096130386,28.228239242103882,False,-18.769229888916016,-0.3275848627090454,-87.78022003173828,-1.532053828239441,90.94505310058594,1.587290644645691,78.989013671875,1.3786183595657349,92.30769348144531,1.6110731363296509,0.6868131868131868,0.006868131868131868,-0.3139890134334564,-0.8010338544845581,0.7596038579940796,1.3763622045516968,1.6089681386947632,-0.0007236450910568237,-17.990243911743164,-0.3139889894967824,-83.78022003173828,-1.4622406875991412,86.94505310058594,1.5174774449265291,78.8597412109375,1.3763621314015195,92.18708038330078,1.6089680804892748,0.0,0.0,True,False,0.07236450910568237,0.0,0.0,0.0,0.0,37.88436508178711,37.88436508178711,0.0,43.4229621887207,43.4229621887207,0.0,0.0,0.0,0.0,0.0,0.0
2,743,28.250286702997983,28.261835622019134,False,-18.329669952392578,-0.3199130892753601,-86.81318664550781,-1.5151759386062622,90.94505310058594,1.587290644645691,78.72527313232422,1.374015212059021,92.21977996826172,1.6095387935638428,0.6868131868131868,0.006868131868131868,-0.3180062174797058,-0.6956202983856201,0.6936661005020142,1.3762203454971313,1.590674638748169,-0.0011980384588241577,-18.220413208007812,-0.31800620155359877,-82.81318664550781,-1.4453627710327095,86.94505310058594,1.5174774449265291,78.85161590576172,1.376220318073473,91.1389389038086,1.5906745606454116,0.0,0.0,True,False,0.11980384588241577,0.0,0.0,0.0,0.0,42.95708084106445,42.95708084106445,0.0,47.2009162902832,47.2009162902832,0.0,0.0,0.0,0.0,0.0,0.0
2,744,28.283259227056988,28.296300390036777,False,-17.89011001586914,-0.3122413158416748,-86.10989379882812,-1.5029011964797974,90.94505310058594,1.587290644645691,78.54945373535156,1.3709465265274048,91.86813354492188,1.6034014225006104,0.6868131868131868,0.006868131868131868,-0.327536940574646,-0.5966302156448364,0.6225661039352417,1.3768551349639893,1.5959177017211914,-0.0004955083131790161,-18.766483306884766,-0.3275369227256926,-82.10989379882812,-1.4330879952524254,86.94505310058594,1.5174774449265291,78.88798522949219,1.3768550825192931,91.43934631347656,1.595917659041505,0.0,0.0,True,False,0.04955083131790161,0.0,0.0,0.0,0.0,47.92550277709961,47.92550277709961,0.0,51.27464294433594,51.27464294433594,0.0,0.0,0.0,0.0,0.0,0.0
2,745,28.316699132090434,28.328947200090624,False,-18.329669952392578,-0.3199130892753601,-85.14286041259766,-1.486023187637329,90.94505310058594,1.587290644645691,78.28571319580078,1.3663434982299805,92.30769348144531,1.6110731363296509,0.6868131868131868,0.006868131868131868,-0.327814519405365,-0.5440196990966797,0.5726467967033386,1.378212332725525,1.600587248802185,-0.0008404403924942017,-18.782386779785156,-0.3278144906903061,-81.14286041259766,-1.4162100786859937,86.94505310058594,1.5174774449265291,78.96574401855469,1.3782122294107975,91.7068862915039,1.6005871125387954,0.0,0.0,True,False,0.08404403924942017,0.0,0.0,0.0,0.0,49.97283172607422,49.97283172607422,0.0,54.13481140136719,54.13481140136719,0.0,0.0,0.0,0.0,0.0,0.0
2,746,28.350640435004607,28.36431443307083,False,-18.681318283081055,-0.3260505199432373,-84.35164642333984,-1.4722139835357666,90.94505310058594,1.587290644645691,78.28571319580078,1.3663434982299805,92.30769348144531,1.6110731363296509,0.6868131868131868,0.006868131868131868,-0.33410248160362244,-0.4920726418495178,0.5291051864624023,1.3760263919830322,1.5953258275985718,-5.986541509628296e-05,-19.14266014099121,-0.33410244705057857,-80.35164642333984,-1.4024007894856056,86.94505310058594,1.5174774449265291,78.84049987792969,1.3760263067880605,91.40543365478516,1.5953257714892348,0.0,0.0,True,False,0.005986541509628296,0.0,0.0,0.0,0.0,52.157962799072266,52.157962799072266,0.0,56.62956237792969,56.62956237792969,0.0,0.0,0.0,0.0,0.0,0.0
2,747,28.383476701099426,28.394530392019078,False,-18.505495071411133,-0.3229818046092987,-83.64835357666016,-1.4599391222000122,90.94505310058594,1.587290644645691,78.28571319580078,1.3663434982299805,92.21977996826172,1.6095387935638428,0.6868131868131868,0.006868131868131868,-0.3208724856376648,-0.48344796895980835,0.5053980946540833,1.3767222166061401,1.5905272960662842,-0.00041694194078445435,-18.3846378326416,-0.3208724619663102,-79.64835357666016,-1.3901260137053215,86.94505310058594,1.5174774449265291,78.88037109375,1.3767221907808982,91.1304931640625,1.5905271546790756,0.0,0.0,True,False,0.041694194078445435,0.0,0.0,0.0,0.0,51.948829650878906,51.948829650878906,0.0,57.987876892089844,57.987876892089844,0.0,0.0,0.0,0.0,0.0,0.0
2,748,28.41684654902201,28.43058202008251,False,-18.241758346557617,-0.318378746509552,-82.85713958740234,-1.4461299180984497,90.94505310058594,1.587290644645691,78.19779968261719,1.3648090362548828,92.21977996826172,1.6095387935638428,0.6868131868131868,0.006868131868131868,-0.32513105869293213,-0.4267055094242096,0.4757475256919861,1.37886643409729,1.5975373983383179,-0.000978723168373108,-18.628637313842773,-0.32513105628642863,-78.85713958740234,-1.3763167245049337,86.94505310058594,1.5174774449265291,79.00321960449219,1.378866301774521,91.53214263916016,1.5975372604584368,0.0,0.0,True,False,0.09787231683731079,0.0,0.0,0.0,0.0,54.408714294433594,54.408714294433594,0.0,59.686729431152344,59.686729431152344,0.0,0.0,0.0,0.0,0.0,0.0
2,749,28.450681718997657,28.46401756105479,False,-18.505495071411133,-0.3229818046092987,-82.15384674072266,-1.4338550567626953,90.76923370361328,1.5842219591140747,78.19779968261719,1.3648090362548828,92.13186645507812,1.6080044507980347,0.6868131868131868,0.006868131868131868,-0.3354853689670563,-0.3481372594833374,0.4165255129337311,1.3786927461624146,1.5956871509552002,-0.0017943903803825378,-19.221895217895508,-0.33548536002562945,-78.15384674072266,-1.3640419487246493,86.76923370361328,1.5144088175604853,78.99327087402344,1.3786926636714478,91.42613220214844,1.5956870292911043,0.0,0.0,True,False,0.17943903803825378,0.0,0.0,0.0,0.0,58.207054138183594,58.207054138183594,0.0,62.904083251953125,62.904083251953125,0.0,0.0,0.0,0.0,0.0,0.0
2,750,28.483961855061352,28.661709503037855,False,-18.85714340209961,-0.3291192352771759,-81.53845977783203,-1.423114538192749,90.5054931640625,1.5796188116073608,78.19779968261719,1.3648090362548828,92.13186645507812,1.6080044507980347,0.6868131868131868,0.006868131868131868,-0.31839519739151,-1.6384884119033813,1.6121209859848022,1.3645226955413818,1.6078848838806152,0.00029146671295166016,-18.242700576782227,-0.3183951895203185,-85.53845977783203,-1.4929277602079063,92.36772155761719,1.6121208637457651,78.18138885498047,1.3645226493014087,92.12501525878906,1.6078848397158851,0.029146671295166016,0.00029146671295166016,False,False,0.0,0.0,0.0,0.0,0.0,8.340003967285156,8.340003967285156,0.0,0.0,0.0,0.0,0.0,0.0,0.0,0.0,0.0
2,751,28.66335957509,28.674402169068344,False,-18.85714340209961,-0.3291192352771759,-79.86813354492188,-1.3939619064331055,89.71428680419922,1.565809726715088,78.19779968261719,1.3648090362548828,92.13186645507812,1.6080044507980347,0.6868131868131868,0.006868131868131868,-0.30586129426956177,-1.653922438621521,1.6178981065750122,1.3631950616836548,1.6023832559585571,0.0008364766836166382,-17.524560928344727,-0.3058612881659695,-83.86813354492188,-1.4637750678611903,92.69873046875,1.617898059098474,78.10531616210938,1.3631949303399498,91.8097915649414,1.602383148377945,0.08364766836166382,0.0008364766836166382,False,False,0.0,0.0,0.0,0.0,0.0,10.894638061523438,10.894638061523438,0.0,0.0,0.0,0.0,0.0,0.0,0.0,0.0,0.0
2,752,28.6964700530516,28.70682113908697,False,-18.94505500793457,-0.330653578042984,-79.86813354492188,-1.3939619064331055,89.71428680419922,1.565809726715088,78.10989379882812,1.3632748126983643,92.13186645507812,1.6080044507980347,0.6868131868131868,0.006868131868131868,-0.3169375956058502,-1.6344215869903564,1.5998798608779907,1.358071208000183,1.600199818611145,-0.0018563419580459595,-18.1591854095459,-0.31693757487669083,-83.86813354492188,-1.4637750678611903,91.6663589477539,1.5998797769532704,77.8117446899414,1.3580711415606919,91.6846923828125,1.6001997557582435,0.0,0.0,True,False,0.18563419580459595,0.0,0.0,0.0,0.0,9.777320861816406,9.777320861816406,0.0,0.0,0.0,0.0,0.0,0.0,0.0,0.0,0.0
2,753,28.730050740996376,28.740534744109027,False,-18.94505500793457,-0.330653578042984,-80.21977996826172,-1.400099277496338,89.89010620117188,1.5688782930374146,78.02198028564453,1.3617404699325562,92.13186645507812,1.6080044507980347,0.6868131868131868,0.006868131868131868,-0.31490927934646606,-1.615626335144043,1.5975183248519897,1.3586254119873047,1.6013424396514893,7.226318120956421e-05,-18.042972564697266,-0.3149092781009729,-84.21977996826172,-1.4699124557513326,91.53105163574219,1.5975182188566426,77.84349822998047,1.3586253453835373,91.75016021728516,1.6013423850239419,0.007226318120956421,7.226318120956421e-05,False,False,0.0,0.0,0.0,0.0,0.0,8.348785400390625,8.348785400390625,0.0,0.0,0.0,0.0,0.0,0.0,0.0,0.0,0.0
2,754,28.763568016001955,28.77424120903015,False,-18.593406677246094,-0.3245161771774292,-81.62637329101562,-1.4246490001678467,90.76923370361328,1.5842219591140747,77.93406677246094,1.3602060079574585,92.13186645507812,1.6080044507980347,0.6868131868131868,0.006868131868131868,-0.3194321393966675,-1.6362556219100952,1.600517749786377,1.3588383197784424,1.599567174911499,0.0010714903473854065,-18.302112579345703,-0.31943212458025444,-85.62637329101562,-1.4944621404699554,91.7029037475586,1.6005176040343445,77.85569763183594,1.3588382651126891,91.64844512939453,1.599567121841295,0.10714903473854065,0.0010714903473854065,False,False,0.0,0.0,0.0,0.0,0.0,8.124160766601562,8.124160766601562,0.0,0.0,0.0,0.0,0.0,0.0,0.0,0.0,0.0
2,755,28.797045096056536,28.80762248300016,False,-18.065933227539062,-0.315310001373291,-83.03296661376953,-1.449198603630066,91.38461303710938,1.5949623584747314,77.93406677246094,1.3602060079574585,92.04395294189453,1.606469988822937,0.6868131868131868,0.006868131868131868,-0.31671440601348877,-1.6462727785110474,1.5948792695999146,1.3559973239898682,1.6046839952468872,-0.0007531344890594482,-18.146398544311523,-0.31671440197734224,-87.03296661376953,-1.5190118251885782,91.37984466552734,1.5948791593744287,77.69291687011719,1.3559972048617925,91.94161224365234,1.6046838532436645,0.0,0.0,True,False,0.07531344890594482,0.0,0.0,0.0,0.0,7.291511535644531,7.291511535644531,0.0,0.0,0.0,0.0,0.0,0.0,0.0,0.0,0.0
2,756,28.83078044501599,28.84121301106643,False,-17.9780216217041,-0.3137756586074829,-83.9120864868164,-1.4645421504974365,91.47252655029297,1.5964967012405396,78.19779968261719,1.3648090362548828,92.04395294189453,1.606469988822937,0.6868131868131868,0.006868131868131868,-0.31543439626693726,-1.6537846326828003,1.5962574481964111,1.358229637145996,1.605715036392212,0.0010817497968673706,-18.07305908203125,-0.31543438688890924,-87.9120864868164,-1.5343553614929608,91.45880889892578,1.5962573452385447,77.8208236694336,1.3582295996455516,92.00068664550781,1.6057148960596885,0.10817497968673706,0.0010817497968673706,False,False,0.0,0.0,0.0,0.0,0.0,6.8427886962890625,6.8427886962890625,0.0,0.0,0.0,0.0,0.0,0.0,0.0,0.0,0.0
2,757,28.863928861101158,28.87660553411115,False,-18.153846740722656,-0.3168444037437439,-84.87911987304688,-1.4814200401306152,91.47252655029297,1.5964967012405396,78.46154022216797,1.3694121837615967,92.13186645507812,1.6080044507980347,0.6868131868131868,0.006868131868131868,-0.3172127306461334,-1.6469701528549194,1.5943835973739624,1.3618519306182861,1.6012850999832153,0.001205533742904663,-18.174949645996094,-0.3172127127068097,-88.87911987304688,-1.5512332780593925,91.35144805908203,1.5943835450955648,78.02836608886719,1.3618518982022227,91.74687194824219,1.6012849939024507,0.12055337429046631,0.001205533742904663,False,False,0.0,0.0,0.0,0.0,0.0,5.485313415527344,5.485313415527344,0.0,0.0,0.0,0.0,0.0,0.0,0.0,0.0,0.0
2,758,28.897636138019152,28.911301291082054,False,-18.329669952392578,-0.3199130892753601,-85.75823974609375,-1.4967635869979858,91.56044006347656,1.5980311632156372,78.46154022216797,1.3694121837615967,91.69230651855469,1.6003326177597046,0.6868131868131868,0.006868131868131868,-0.31297752261161804,-1.6513879299163818,1.5915861129760742,1.3616929054260254,1.599805474281311,0.002926945686340332,-17.93229103088379,-0.31297752091477027,-89.75823974609375,-1.566576814363775,91.191162109375,1.5915860275284912,78.01924896240234,1.3616927743270906,91.66209411621094,1.5998053416008027,0.2926945686340332,0.002926945686340332,False,False,0.0,0.0,0.0,0.0,0.0,4.85931396484375,4.85931396484375,0.0,0.0,0.0,0.0,0.0,0.0,0.0,0.0,0.0
2,759,28.930902809021063,28.944589246995747,False,-18.329669952392578,-0.3199130892753601,-86.54945373535156,-1.510572910308838,91.56044006347656,1.5980311632156372,78.46154022216797,1.3694121837615967,91.69230651855469,1.6003326177597046,0.6868131868131868,0.006868131868131868,-0.3222302198410034,-1.6382060050964355,1.5965341329574585,1.3592886924743652,1.5976684093475342,-0.0005258992314338684,-18.462430953979492,-0.32223020806905983,-90.54945373535156,-1.5803861035641629,91.47466278076172,1.5965340476758039,77.88150024414062,1.3592886056530216,91.5396499633789,1.5976682879840687,0.0,0.0,True,False,0.05258992314338684,0.0,0.0,0.0,0.0,3.3128280639648438,3.3128280639648438,0.0,0.0,0.0,0.0,0.0,0.0,0.0,0.0,0.0
2,760,28.964548246003687,28.97824943100568,False,-18.241758346557617,-0.318378746509552,-87.69230651855469,-1.5305194854736328,91.56044006347656,1.5980311632156372,78.46154022216797,1.3694121837615967,91.69230651855469,1.6003326177597046,0.6868131868131868,0.006868131868131868,-0.313404381275177,-1.6555402278900146,1.6074883937835693,1.3628984689712524,1.6120097637176514,0.0011828169226646423,-17.95674705505371,-0.31340435905848274,-91.69230651855469,-1.6003326474966384,92.102294921875,1.6074882950295724,78.08832550048828,1.3628983873525695,92.3613510131836,1.6120096767702543,0.11828169226646423,0.0011828169226646423,False,False,0.0,0.0,0.0,0.0,0.0,3.1631546020507812,3.1631546020507812,0.0,0.0,0.0,0.0,0.0,0.0,0.0,0.0,0.0
2,761,28.997696726000868,29.01114148402121,False,-18.065933227539062,-0.315310001373291,-88.65933990478516,-1.5473973751068115,91.56044006347656,1.5980311632156372,78.46154022216797,1.3694121837615967,91.69230651855469,1.6003326177597046,0.6868131868131868,0.006868131868131868,-0.31639134883880615,-1.6559332609176636,1.601976752281189,1.3607444763183594,1.6024633646011353,0.001222759485244751,-18.127887725830078,-0.316391327247602,-92.65933990478516,-1.61721056406307,91.7864990234375,1.6019766168375442,77.96491241455078,1.3607444226629133,91.81438446044922,1.6024633095267562,0.1222759485244751,0.001222759485244751,False,False,0.0,0.0,0.0,0.0,0.0,2.2186431884765625,2.2186431884765625,0.0,0.0,0.0,0.0,0.0,0.0,0.0,0.0,0.0
2,762,29.031061243033037,29.044463356025517,False,-18.065933227539062,-0.315310001373291,-89.53845977783203,-1.5627409219741821,91.64835357666016,1.5995655059814453,78.46154022216797,1.3694121837615967,91.69230651855469,1.6003326177597046,0.6868131868131868,0.006868131868131868,-0.3110901117324829,-1.6610746383666992,1.5978031158447266,1.3605717420578003,1.602423071861267,0.003413781523704529,-17.82415008544922,-0.3110901053607175,-93.53845977783203,-1.6325541003674526,91.54737091064453,1.5978030439352267,77.95501708984375,1.3605717166662217,91.81207275390625,1.6024229626362416,0.3413781523704529,0.003413781523704529,False,False,0.0,0.0,0.0,0.0,0.0,1.6341018676757812,1.6341018676757812,0.0,0.0,0.0,0.0,0.0,0.0,0.0,0.0,0.0
2,763,29.064594599069096,29.0763795330422,False,-18.065933227539062,-0.315310001373291,-90.5934066772461,-1.5811532735824585,91.64835357666016,1.5995655059814453,78.46154022216797,1.3694121837615967,91.69230651855469,1.6003326177597046,0.6868131868131868,0.006868131868131868,-0.30744126439094543,-1.6651177406311035,1.6083567142486572,1.3582274913787842,1.6019269227981567,0.002218782901763916,-17.61508560180664,-0.3074412417721727,-94.5934066772461,-1.6509663971959334,92.15204620361328,1.6083566187029927,77.8207015991211,1.3582274691166794,91.78364562988281,1.6019268157251598,0.2218782901763916,0.002218782901763916,False,False,0.0,0.0,0.0,0.0,0.0,0.8108062744140625,0.8108062744140625,0.0,0.0,0.0,0.0,0.0,0.0,0.0,0.0,0.0
2,764,29.097812960040756,29.110688114073128,False,-18.153846740722656,-0.3168444037437439,-91.56044006347656,-1.5980311632156372,91.64835357666016,1.5995655059814453,78.46154022216797,1.3694121837615967,91.69230651855469,1.6003326177597046,0.6868131868131868,0.006868131868131868,-0.31639784574508667,-1.6625070571899414,1.596812129020691,1.355399250984192,1.5988975763320923,0.002228096127510071,-18.128259658813477,-0.31639781870275907,-95.25463104248047,-1.6625069394636829,91.49059295654297,1.5968120816936082,77.65865325927734,1.3553991920390154,91.61007690429688,1.5988974699851948,0.22280961275100708,0.002228096127510071,False,False,0.0,0.0,0.0,0.0,0.0,0.0,0.0,0.0,0.0,0.0,0.0,0.0,0.0,0.0,0.0,0.0
2,765,29.132229442009702,29.14528431009967,False,-18.153846740722656,-0.3168444037437439,-92.52747344970703,-1.614909052848816,91.64835357666016,1.5995655059814453,78.46154022216797,1.3694121837615967,91.69230651855469,1.6003326177597046,0.6868131868131868,0.006868131868131868,-0.31395354866981506,-1.6678575277328491,1.6065372228622437,1.3579158782958984,1.6002196073532104,0.0014957711100578308,-17.98821258544922,-0.3139535361647707,-95.56119537353516,-1.667857496409761,92.04779815673828,1.6065371470462506,77.80284118652344,1.3579157461110856,91.68582153320312,1.60021946315031,0.14957711100578308,0.0014957711100578308,False,False,0.0,0.0,0.0,0.0,0.0,0.0,0.0,0.0,0.0,0.0,0.0,0.0,0.0,0.0,0.0,0.0
2,766,29.16527451609727,29.177517002099194,False,-18.153846740722656,-0.3168444037437439,-93.4065933227539,-1.6302525997161865,91.64835357666016,1.5995655059814453,78.46154022216797,1.3694121837615967,91.69230651855469,1.6003326177597046,0.6868131868131868,0.006868131868131868,-0.31039518117904663,-1.6691254377365112,1.5942187309265137,1.3588743209838867,1.6041967868804932,0.0021071657538414,-17.784332275390625,-0.31039515347426133,-95.63383483886719,-1.6691252942466932,91.34200286865234,1.594218695424089,77.85775756835938,1.3588742177874051,91.91370391845703,1.604196761080289,0.21071657538414001,0.0021071657538414,False,False,0.0,0.0,0.0,0.0,0.0,0.0,0.0,0.0,0.0,0.0,0.0,0.0,0.0,0.0,0.0,0.0
2,767,29.198974227998406,29.21255022007972,False,-18.153846740722656,-0.3168444037437439,-93.93406677246094,-1.6394587755203247,91.64835357666016,1.5995655059814453,78.46154022216797,1.3694121837615967,91.69230651855469,1.6003326177597046,0.6868131868131868,0.006868131868131868,-0.30838024616241455,-1.6745954751968384,1.5986071825027466,1.357601284980774,1.597629427909851,0.0018562451004981995,-17.668886184692383,-0.308380239083021,-95.94725036621094,-1.674595427125716,91.59343719482422,1.5986070522683216,77.78482055664062,1.3576012267863473,91.53742218017578,1.5976294058321534,0.18562451004981995,0.0018562451004981995,False,False,0.0,0.0,0.0,0.0,0.0,0.0,0.0,0.0,0.0,0.0,0.0,0.0,0.0,0.0,0.0,0.0
2,768,29.23220074910205,29.246115997084416,False,-18.153846740722656,-0.3168444037437439,-94.28571319580078,-1.6455961465835571,91.64835357666016,1.5995655059814453,78.46154022216797,1.3694121837615967,91.69230651855469,1.6003326177597046,0.6868131868131868,0.006868131868131868,-0.31623703241348267,-1.6636183261871338,1.5977529287338257,1.3566162586212158,1.5976786613464355,0.0024503692984580994,-18.119047164916992,-0.3162370303519455,-95.31830596923828,-1.6636182765865728,91.54449462890625,1.5977528433486787,77.72837829589844,1.356616123499127,91.54023742675781,1.5976785411542653,0.24503692984580994,0.0024503692984580994,False,False,0.0,0.0,0.0,0.0,0.0,0.0,0.0,0.0,0.0,0.0,0.0,0.0,0.0,0.0,0.0,0.0
2,769,29.26591353304684,29.28005074209068,False,-18.241758346557617,-0.318378746509552,-94.63735961914062,-1.6517335176467896,91.64835357666016,1.5995655059814453,78.46154022216797,1.3694121837615967,91.69230651855469,1.6003326177597046,0.6868131868131868,0.006868131868131868,-0.31610405445098877,-1.6726915836334229,1.5917731523513794,1.361971139907837,1.6055997610092163,0.0031143203377723694,-18.111427307128906,-0.3161040387450097,-95.83816528320312,-1.6726915332624184,91.2018814086914,1.5917731145950693,78.03519439697266,1.3619710746610039,91.99408721923828,1.6055997143425427,0.31143203377723694,0.0031143203377723694,False,False,0.0,0.0,0.0,0.0,0.0,0.0,0.0,0.0,0.0,0.0,0.0,0.0,0.0,0.0,0.0,0.0
2,770,29.30032599007245,29.311656712088734,False,-18.329669952392578,-0.3199130892753601,-94.63735961914062,-1.6517335176467896,91.64835357666016,1.5995655059814453,78.46154022216797,1.3694121837615967,91.69230651855469,1.6003326177597046,0.6868131868131868,0.006868131868131868,-0.3154016137123108,-1.6414453983306885,1.5921190977096558,1.3567652702331543,1.599219799041748,0.003282979130744934,-18.07118034362793,-0.3154015967179877,-94.04788970947266,-1.6414453299827911,91.2217025756836,1.5921190592206704,77.73692321777344,1.3567652605201714,91.6285400390625,1.5992197124770944,0.3282979130744934,0.003282979130744934,False,False,0.0,0.0,0.0,0.0,0.0,0.0,0.0,0.0,0.0,0.0,0.0,0.0,0.0,0.0,0.0,0.0
2,771,29.333401988027617,29.344359896029346,False,-18.329669952392578,-0.3199130892753601,-94.9011001586914,-1.6563366651535034,91.64835357666016,1.5995655059814453,78.46154022216797,1.3694121837615967,91.69230651855469,1.6003326177597046,0.6868131868131868,0.006868131868131868,-0.3102719187736511,-1.6789683103561401,1.5915766954421997,1.3621516227722168,1.6027146577835083,0.002601824700832367,-17.777271270751953,-0.3102719156948179,-96.19779205322266,-1.6789682044775716,91.19062042236328,1.5915765733066214,78.0455322265625,1.3621515038248566,91.82878112792969,1.6027145787756052,0.2601824700832367,0.002601824700832367,False,False,0.0,0.0,0.0,0.0,0.0,0.0,0.0,0.0,0.0,0.0,0.0,0.0,0.0,0.0,0.0,0.0
2,772,29.366838608053513,29.379223700030707,False,-18.329669952392578,-0.3199130892753601,-94.9011001586914,-1.6563366651535034,91.64835357666016,1.5995655059814453,78.46154022216797,1.3694121837615967,91.69230651855469,1.6003326177597046,0.6868131868131868,0.006868131868131868,-0.3137624263763428,-1.6375088691711426,1.5349024534225464,1.370011329650879,1.6040680408477783,0.0029288679361343384,-17.977262496948242,-0.3137624210670439,-93.82234191894531,-1.6375087784174904,87.94342803955078,1.5349023747808632,78.49586486816406,1.3700112911500075,91.90632629394531,1.6040679972415834,0.29288679361343384,0.0029288679361343384,False,False,0.0,0.0,0.0,0.0,0.0,0.0,0.0,0.0,0.0,0.0,0.0,0.0,0.0,0.0,0.0,0.0
2,773,29.400310551049188,29.41199792700354,False,-18.329669952392578,-0.3199130892753601,-94.63735961914062,-1.6517335176467896,91.64835357666016,1.5995655059814453,78.46154022216797,1.3694121837615967,91.69230651855469,1.6003326177597046,0.6868131868131868,0.006868131868131868,-0.3065659701824188,-1.6871951818466187,1.5980288982391357,1.361526608467102,1.598309874534607,0.00359141081571579,-17.5649356842041,-0.30656596059040453,-96.66915893554688,-1.6871951085589898,91.560302734375,1.5980287468376109,78.00972747802734,1.3615265930750695,91.57640838623047,1.5983098434906686,0.359141081571579,0.00359141081571579,False,False,0.0,0.0,0.0,0.0,0.0,0.0,0.0,0.0,0.0,0.0,0.0,0.0,0.0,0.0,0.0,0.0
2,774,29.43365366209764,29.44481881102547,False,-18.329669952392578,-0.3199130892753601,-94.63735961914062,-1.6517335176467896,91.64835357666016,1.5995655059814453,78.46154022216797,1.3694121837615967,91.69230651855469,1.6003326177597046,0.6868131868131868,0.006868131868131868,-0.3143082857131958,-1.6566765308380127,1.5852090120315552,1.3600609302520752,1.6000425815582275,0.0028027743101119995,-18.00853729248047,-0.31430826922196925,-94.92057037353516,-1.6566764808891723,90.8257827758789,1.585208955140242,77.92574310302734,1.36006078921109,91.6756820678711,1.6000424960958743,0.28027743101119995,0.0028027743101119995,False,False,0.0,0.0,0.0,0.0,0.0,0.0,0.0,0.0,0.0,0.0,0.0,0.0,0.0,0.0,0.0,0.0
2,775,29.467085370095447,29.479783189017326,False,-18.329669952392578,-0.3199130892753601,-94.54945373535156,-1.650199294090271,91.20879364013672,1.5918937921524048,78.46154022216797,1.3694121837615967,91.69230651855469,1.6003326177597046,0.6868131868131868,0.006868131868131868,-0.3079538643360138,-1.678039312362671,1.6005911827087402,1.3586112260818481,1.6057093143463135,0.003715991973876953,-17.644454956054688,-0.3079538337029857,-96.14456176757812,-1.6780391607312974,91.70711517333984,1.6005911072804306,77.84268188476562,1.3586110974717054,92.00035858154297,1.6057091702633448,0.3715991973876953,0.003715991973876953,False,False,0.0,0.0,0.0,0.0,0.0,0.0,0.0,0.0,0.0,0.0,0.0,0.0,0.0,0.0,0.0,0.0
2,776,29.500775541062467,29.513537833001465,False,-18.241758346557617,-0.318378746509552,-94.63735961914062,-1.6517335176467896,91.20879364013672,1.5918937921524048,78.46154022216797,1.3694121837615967,91.69230651855469,1.6003326177597046,0.6868131868131868,0.006868131868131868,-0.3060488998889923,-1.6674555540084839,1.6050753593444824,1.360108494758606,1.6027612686157227,0.0031744465231895447,-17.535308837890625,-0.306048874575252,-95.53816223144531,-1.6674554922432134,91.96403503417969,1.6050752047658514,77.92847442626953,1.3601084597946025,91.83145141601562,1.6027611840946816,0.31744465231895447,0.0031744465231895447,False,False,0.0,0.0,0.0,0.0,0.0,0.0,0.0,0.0,0.0,0.0,0.0,0.0,0.0,0.0,0.0,0.0
2,777,29.534110204083845,29.569283474003896,False,-18.153846740722656,-0.3168444037437439,-94.81318664550781,-1.6548023223876953,91.47252655029297,1.5964967012405396,78.46154022216797,1.3694121837615967,91.69230651855469,1.6003326177597046,0.6868131868131868,0.006868131868131868,-0.3054579496383667,-1.6669927835464478,1.600527048110962,1.3595751523971558,1.6049175262451172,0.0016431361436843872,-17.501449584960938,-0.30545791912936343,-95.51164245605469,-1.6669926348457578,91.70343780517578,1.6005269250981597,77.89791107177734,1.3595750286282595,91.95499420166016,1.6049174124712644,0.16431361436843872,0.0016431361436843872,False,False,0.0,0.0,0.0,0.0,0.0,0.0,0.0,0.0,0.0,0.0,0.0,0.0,0.0,0.0,0.0,0.0
2,778,29.570838658022694,29.583264902001247,False,-18.153846740722656,-0.3168444037437439,-95.07691955566406,-1.65940523147583,91.56044006347656,1.5980311632156372,78.46154022216797,1.3694121837615967,91.69230651855469,1.6003326177597046,0.6868131868131868,0.006868131868131868,-0.31877434253692627,-1.6316698789596558,1.520979642868042,1.359336018562317,1.603636384010315,0.0009692162275314331,-18.264423370361328,-0.3187743237910049,-93.48779296875,-1.6316697977274919,87.56044006347656,1.5282179736028187,77.88421630859375,1.359336009920425,91.881591796875,1.6036362988288817,0.09692162275314331,0.0009692162275314331,False,False,0.0,0.0,0.0,0.0,0.0,0.0,0.0,0.0,0.41473388671875,0.41473388671875,0.0,0.0,0.0,0.0,0.0,0.0
2,779,29.604386310093105,29.617059445008636,False,-17.9780216217041,-0.3137756586074829,-95.07691955566406,-1.65940523147583,91.56044006347656,1.5980311632156372,78.46154022216797,1.3694121837615967,91.69230651855469,1.6003326177597046,0.6868131868131868,0.006868131868131868,-0.31649529933929443,-1.6635792255401611,1.5764906406402588,1.3606871366500854,1.607756495475769,0.002890445291996002,-18.13384437561035,-0.3164952903986559,-95.3160629272461,-1.6635791281185488,90.32625579833984,1.5764905646796494,77.96162414550781,1.3606870315414221,92.1176528930664,1.6077563421932888,0.2890445291996002,0.002890445291996002,False,False,0.0,0.0,0.0,0.0,0.0,0.0,0.0,0.0,0.0,0.0,0.0,0.0,0.0,0.0,0.0,0.0
2,780,29.638065794017166,29.807262721005827,False,-17.89011001586914,-0.3122413158416748,-94.989013671875,-1.6578710079193115,91.56044006347656,1.5980311632156372,78.46154022216797,1.3694121837615967,91.69230651855469,1.6003326177597046,0.6868131868131868,0.006868131868131868,-0.3010234534740448,-1.6865335702896118,1.5802135467529297,1.364958643913269,1.5964747667312622,0.00016540288925170898,-17.247371673583984,-0.30102342301924523,-96.6312484741211,-1.6865334461861596,90.53955841064453,1.5802133975674713,78.20636749267578,1.3649586087718548,91.47126007080078,1.596474659183495,0.0165402889251709,0.00016540288925170898,False,False,0.0,0.0,0.0,0.0,0.0,0.0,0.0,0.0,0.0,0.0,0.0,0.0,0.0,0.0,0.0,0.0
2,781,29.808599403011613,29.820903064101003,False,-18.065933227539062,-0.315310001373291,-94.9011001586914,-1.6563366651535034,91.20879364013672,1.5918937921524048,78.46154022216797,1.3694121837615967,91.69230651855469,1.6003326177597046,0.6868131868131868,0.006868131868131868,-0.2945376932621002,-1.694398283958435,1.5951917171478271,1.3650842905044556,1.5971685647964478,0.0015370100736618042,-16.87576675415039,-0.2945376936585208,-97.08186340332031,-1.6943981603593272,91.39775085449219,1.5951916813283495,78.21356201171875,1.365084176817252,91.5110092163086,1.5971684126474608,0.15370100736618042,0.0015370100736618042,False,False,0.0,0.0,0.0,0.0,0.0,0.0,0.0,0.0,0.0,0.0,0.0,0.0,0.0,0.0,0.0,0.0
2,782,29.842457767110318,29.854048932087608,False,-18.065933227539062,-0.315310001373291,-94.9011001586914,-1.6563366651535034,91.20879364013672,1.5918937921524048,78.46154022216797,1.3694121837615967,91.69230651855469,1.6003326177597046,0.6868131868131868,0.006868131868131868,-0.3115628659725189,-1.7093136310577393,1.5920764207839966,1.364261507987976,1.593276858329773,-0.0008569806814193726,-17.85123634338379,-0.31156284974372017,-97.93645477294922,-1.7093135935184796,91.21925354003906,1.5920763154851747,78.16641998291016,1.364261393198472,91.28803253173828,1.593276735346528,0.0,0.0,True,False,0.08569806814193726,0.0,0.0,0.0,0.0,0.0,0.0,0.0,0.0,0.0,0.0,0.0,0.0,0.0,0.0,0.0
2,783,29.876531551009975,29.888545327004977,False,-17.80219841003418,-0.3107069730758667,-95.42857360839844,-1.6655428409576416,91.29669952392578,1.5934280157089233,78.46154022216797,1.3694121837615967,91.69230651855469,1.6003326177597046,0.6868131868131868,0.006868131868131868,-0.3015556335449219,-1.649905800819397,1.5488057136535645,1.3616751432418823,1.5980273485183716,-0.0014514029026031494,-17.277864456176758,-0.3015556224735839,-94.53263092041016,-1.649905660133755,88.74002838134766,1.5488056735677307,78.01823425292969,1.3616750643058415,91.56021881103516,1.5980272820990113,0.0,0.0,True,False,0.14514029026031494,0.0,0.0,0.0,0.0,0.0,0.0,0.0,0.0,0.0,0.0,0.0,0.0,0.0,0.0,0.0
2,784,29.91002217703499,29.933609148021787,False,-17.450550079345703,-0.3045695424079895,-96.21977996826172,-1.6793519258499146,91.29669952392578,1.5934280157089233,78.46154022216797,1.3694121837615967,91.69230651855469,1.6003326177597046,0.6868131868131868,0.006868131868131868,-0.3172053098678589,-1.6372544765472412,1.5224820375442505,1.3668042421340942,1.6033929586410522,-1.9140541553497314e-05,-18.174524307250977,-0.3172052891452711,-93.80776977539062,-1.637254446533388,87.29669952392578,1.5236148328166712,78.3121109008789,1.3668041794072796,91.86764526367188,1.6033928859052484,0.0,0.0,True,False,0.0019140541553497314,0.0,0.0,0.0,0.0,0.0,0.0,0.0,0.064910888671875,0.064910888671875,0.0,0.0,0.0,0.0,0.0,0.0
2,785,29.943480270099826,29.95591366000008,False,-17.450550079345703,-0.3045695424079895,-96.30769348144531,-1.6808863878250122,91.29669952392578,1.5934280157089233,78.46154022216797,1.3694121837615967,91.69230651855469,1.6003326177597046,0.6868131868131868,0.006868131868131868,-0.3086317777633667,-1.6539630889892578,1.5504951477050781,1.3630304336547852,1.5930874347686768,-0.0003060176968574524,-17.683298110961914,-0.308631774647979,-94.76509857177734,-1.6539629860544907,88.83682250976562,1.5504950498052226,78.09588623046875,1.3630303469845828,91.27718353271484,1.5930873845930233,0.0,0.0,True,False,0.03060176968574524,0.0,0.0,0.0,0.0,0.0,0.0,0.0,0.0,0.0,0.0,0.0,0.0,0.0,0.0,0.0
2,786,29.97686493000947,29.988456977065653,False,-17.714284896850586,-0.3091726005077362,-95.69230651855469,-1.6701457500457764,91.03296661376953,1.588824987411499,78.46154022216797,1.3694121837615967,91.69230651855469,1.6003326177597046,0.6868131868131868,0.006868131868131868,-0.2998218536376953,-1.698887586593628,1.5732969045639038,1.3650050163269043,1.586738109588623,0.0018690302968025208,-17.178525924682617,-0.29982183802491513,-97.33908081054688,-1.6988874510088738,90.14326477050781,1.573296768742372,78.20902252197266,1.365004947774822,90.91339111328125,1.5867380090801109,0.18690302968025208,0.0018690302968025208,False,False,0.0,0.0,0.0,0.0,0.0,0.0,0.0,0.0,0.0,0.0,0.0,0.0,0.0,0.0,0.0,0.0
