trial,cycle,observation_time_s,command_time_s,success_marker,measured_shoulder_pan_deg,measured_shoulder_pan_rad,measured_shoulder_lift_deg,measured_shoulder_lift_rad,measured_elbow_flex_deg,measured_elbow_flex_rad,measured_wrist_flex_deg,measured_wrist_flex_rad,measured_wrist_roll_deg,measured_wrist_roll_rad,measured_gripper_hw,measured_gripper_norm,policy_shoulder_pan_rad,policy_shoulder_lift_rad,policy_elbow_flex_rad,policy_wrist_flex_rad,policy_wrist_roll_rad,policy_gripper_norm,sent_shoulder_pan_deg,sent_shoulder_pan_rad,sent_shoulder_lift_deg,sent_shoulder_lift_rad,sent_elbow_flex_deg,sent_elbow_flex_rad,sent_wrist_flex_deg,sent_wrist_flex_rad,sent_wrist_roll_deg,sent_wrist_roll_rad,sent_gripper_hw,sent_gripper_norm,gripper_hard_clamped,gripper_step_clamped,gripper_correction_hw,urdf_violation_shoulder_pan_deg,step_violation_shoulder_pan_deg,safety_correction_shoulder_pan_deg,urdf_violation_shoulder_lift_deg,step_violation_shoulder_lift_deg,safety_correction_shoulder_lift_deg,urdf_violation_elbow_flex_deg,step_violation_elbow_flex_deg,safety_correction_elbow_flex_deg,urdf_violation_wrist_flex_deg,step_violation_wrist_flex_deg,safety_correction_wrist_flex_deg,urdf_violation_wrist_roll_deg,step_violation_wrist_roll_deg,safety_correction_wrist_roll_deg
8,0,0.0013220330001786351,0.1747910580597818,False,-11.296703338623047,-0.19716466963291168,-93.75823974609375,-1.636389970779419,91.56044006347656,1.5980311632156372,79.07691955566406,1.3801525831222534,92.3956069946289,1.6126075983047485,1.4423076923076923,0.014423076923076922,-0.19657155871391296,-1.7134696245193481,1.6139706373214722,1.3738669157028198,1.6094872951507568,0.007949050515890121,-11.262720108032227,-0.1965715486157338,-97.75823974609375,-1.7062031545233214,92.47370147705078,1.6139705622808798,78.7167739868164,1.3738668826181697,92.21682739257812,1.6094872637437858,0.7949050515890121,0.007949050515890121,False,False,0.0,0.0,0.0,0.0,0.0,0.4163360595703125,0.4163360595703125,0.0,0.0,0.0,0.0,0.0,0.0,0.0,0.0,0.0
8,1,0.17626967804972082,0.1879618400707841,False,-11.296703338623047,-0.19716466963291168,-93.75823974609375,-1.636389970779419,91.56044006347656,1.5980311632156372,79.07691955566406,1.3801525831222534,92.3956069946289,1.6126075983047485,1.4423076923076923,0.014423076923076922,-0.19692261517047882,-1.7227213382720947,1.6159451007843018,1.3721468448638916,1.610093355178833,0.007446955889463425,-11.28283405303955,-0.19692260318167668,-97.75823974609375,-1.7062031545233214,92.58683013916016,1.6159450299130644,78.61821746826172,1.3721467468700876,92.25154876708984,1.6100932660498333,0.7446955889463425,0.007446955889463425,False,False,0.0,0.0,0.0,0.0,0.0,0.9464187622070312,0.9464187622070312,0.0,0.0,0.0,0.0,0.0,0.0,0.0,0.0,0.0
8,2,0.2095029769698158,0.22126505803316832,False,-11.296703338623047,-0.19716466963291168,-93.75823974609375,-1.636389970779419,91.56044006347656,1.5980311632156372,79.07691955566406,1.3801525831222534,92.3956069946289,1.6126075983047485,1.4423076923076923,0.014423076923076922,-0.1980997920036316,-1.7177060842514038,1.6209434270858765,1.3716769218444824,1.6053647994995117,0.007850799709558487,-11.350281715393066,-0.19809978696251895,-97.75823974609375,-1.7062031545233214,92.87321472167969,1.6209433838049796,78.59129333496094,1.371676832095743,91.98062133789062,1.6053646903763432,0.7850799709558487,0.007850799709558487,False,False,0.0,0.0,0.0,0.0,0.0,0.6590652465820312,0.6590652465820312,0.0,0.0,0.0,0.0,0.0,0.0,0.0,0.0,0.0
8,3,0.24368740897625685,0.25520355196204036,False,-11.296703338623047,-0.19716466963291168,-94.54945373535156,-1.650199294090271,91.64835357666016,1.5995655059814453,79.07691955566406,1.3801525831222534,92.3956069946289,1.6126075983047485,1.3736263736263736,0.013736263736263736,-0.19843167066574097,-1.7221301794052124,1.6047277450561523,1.3718442916870117,1.6138672828674316,0.008367154747247696,-11.36929702758789,-0.19843166676861326,-98.54945373535156,-1.7200124437237092,91.94412231445312,1.6047276622435962,78.60088348388672,1.3718442117702545,92.46778106689453,1.6138672316305847,0.8367154747247696,0.008367154747247696,False,False,0.0,0.0,0.0,0.0,0.0,0.12133026123046875,0.12133026123046875,0.0,0.0,0.0,0.0,0.0,0.0,0.0,0.0,0.0
8,4,0.276869424036704,0.2869596340460703,False,-11.296703338623047,-0.19716466963291168,-95.6043930053711,-1.6686114072799683,91.64835357666016,1.5995655059814453,79.07691955566406,1.3801525831222534,92.3956069946289,1.6126075983047485,1.3736263736263736,0.013736263736263736,-0.20024532079696655,-1.730055570602417,1.6129181385040283,1.37183678150177,1.6090984344482422,0.007306482642889023,-11.473211288452148,-0.20024531276047086,-99.1248779296875,-1.730055490510507,92.41339874267578,1.6129180810180803,78.60045623779297,1.3718367549192023,92.19454193115234,1.6090983090665798,0.7306482642889023,0.007306482642889023,False,False,0.0,0.0,0.0,0.0,0.0,0.0,0.0,0.0,0.0,0.0,0.0,0.0,0.0,0.0,0.0,0.0
8,5,0.31015052704606205,0.32014336599968374,False,-11.296703338623047,-0.19716466963291168,-96.21977996826172,-1.6793519258499146,91.64835357666016,1.5995655059814453,79.07691955566406,1.3801525831222534,92.3956069946289,1.6126075983047485,1.3736263736263736,0.013736263736263736,-0.19722223281860352,-1.720705509185791,1.613771677017212,1.3708815574645996,1.6114695072174072,0.007745243608951569,-11.30000114440918,-0.19722222544906742,-98.58915710449219,-1.7207053982393479,92.4623031616211,1.6137716241474507,78.54572296142578,1.370881479036191,92.33039855957031,1.6114694545431318,0.7745243608951569,0.007745243608951569,False,False,0.0,0.0,0.0,0.0,0.0,0.0,0.0,0.0,0.0,0.0,0.0,0.0,0.0,0.0,0.0,0.0
8,6,0.34359335305634886,0.3537132389610633,False,-11.384614944458008,-0.1986990123987198,-96.83516693115234,-1.6900924444198608,91.64835357666016,1.5995655059814453,79.07691955566406,1.3801525831222534,92.3956069946289,1.6126075983047485,1.2362637362637363,0.012362637362637364,-0.19854852557182312,-1.7224342823028564,1.611635684967041,1.3706339597702026,1.610095500946045,0.007713258266448975,-11.375991821289062,-0.1985485129614405,-98.6882095336914,-1.722434189260973,92.33992004394531,1.6116356357951527,78.53153991699219,1.370633938212868,92.25167083740234,1.6100953965787055,0.7713258266448975,0.007713258266448975,False,False,0.0,0.0,0.0,0.0,0.0,0.0,0.0,0.0,0.0,0.0,0.0,0.0,0.0,0.0,0.0,0.0
8,7,0.3768803089624271,0.3875507820630446,False,-11.384614944458008,-0.1986990123987198,-97.010986328125,-1.693161129951477,91.64835357666016,1.5995655059814453,79.07691955566406,1.3801525831222534,92.3956069946289,1.6126075983047485,1.2362637362637363,0.012362637362637364,-0.20141154527664185,-1.704646110534668,1.603964924812317,1.3720035552978516,1.6043487787246704,0.00672931969165802,-11.540030479431152,-0.20141152764657339,-97.66902160644531,-1.7046460042339522,91.9004135131836,1.603964799749343,78.6100082397461,1.3720034688034413,91.92240905761719,1.604348694420478,0.672931969165802,0.00672931969165802,False,False,0.0,0.0,0.0,0.0,0.0,0.0,0.0,0.0,0.0,0.0,0.0,0.0,0.0,0.0,0.0,0.0
8,8,0.41034003801178187,0.42036572901997715,False,-11.384614944458008,-0.1986990123987198,-97.0988998413086,-1.6946954727172852,91.64835357666016,1.5995655059814453,79.07691955566406,1.3801525831222534,92.3956069946289,1.6126075983047485,1.2362637362637363,0.012362637362637364,-0.19860845804214478,-1.7139843702316284,1.6030809879302979,1.3732035160064697,1.607468605041504,0.007907435297966003,-11.379426002502441,-0.19860845073072408,-98.20406341552734,-1.7139842454382603,91.84976959228516,1.6030808965835457,78.67876434326172,1.373203489190631,92.10115814208984,1.6074684544794513,0.7907435297966003,0.007907435297966003,False,False,0.0,0.0,0.0,0.0,0.0,0.0,0.0,0.0,0.0,0.0,0.0,0.0,0.0,0.0,0.0,0.0
8,9,0.4444936820073053,0.45486450695898384,False,-11.384614944458008,-0.1986990123987198,-97.0988998413086,-1.6946954727172852,91.64835357666016,1.5995655059814453,79.07691955566406,1.3801525831222534,92.3956069946289,1.6126075983047485,1.2362637362637363,0.012362637362637364,-0.20013463497161865,-1.7164065837860107,1.5966352224349976,1.3733501434326172,1.6108653545379639,0.00852755457162857,-11.466869354248047,-0.20013462512766445,-98.34284973144531,-1.716406523607742,91.48045349121094,1.5966351146391724,78.68716430664062,1.3733500962086398,92.29578399658203,1.6108653164498472,0.8527554571628571,0.00852755457162857,False,False,0.0,0.0,0.0,0.0,0.0,0.0,0.0,0.0,0.0,0.0,0.0,0.0,0.0,0.0,0.0,0.0
8,10,0.4776494330726564,0.48937491106335074,False,-11.384614944458008,-0.1986990123987198,-97.0988998413086,-1.6946954727172852,91.64835357666016,1.5995655059814453,79.07691955566406,1.3801525831222534,92.3956069946289,1.6126075983047485,1.2362637362637363,0.012362637362637364,-0.19946062564849854,-1.722828984260559,1.6174787282943726,1.3724299669265747,1.6076692342758179,0.008124541491270065,-11.428251266479492,-0.199460612345279,-98.71082305908203,-1.7228288697345226,92.67469787597656,1.6174786112267865,78.63443756103516,1.372429840893963,92.11265563964844,1.6076691236675886,0.8124541491270065,0.008124541491270065,False,False,0.0,0.0,0.0,0.0,0.0,0.0,0.0,0.0,0.0,0.0,0.0,0.0,0.0,0.0,0.0,0.0
8,11,0.510997929959558,0.5216043350519612,False,-11.384614944458008,-0.1986990123987198,-97.0988998413086,-1.6946954727172852,91.64835357666016,1.5995655059814453,79.07691955566406,1.3801525831222534,92.3956069946289,1.6126075983047485,1.2362637362637363,0.012362637362637364,-0.1965581178665161,-1.7093242406845093,1.6119486093521118,1.3725699186325073,1.6099073886871338,0.006915353238582611,-11.26194953918457,-0.1965580996522289,-97.93705749511719,-1.7093241130047854,92.35784912109375,1.611948557223237,78.6424560546875,1.3725697900092466,92.24089050292969,1.6099072442476914,0.6915353238582611,0.006915353238582611,False,False,0.0,0.0,0.0,0.0,0.0,0.0,0.0,0.0,0.0,0.0,0.0,0.0,0.0,0.0,0.0,0.0
8,12,0.5447265770053491,0.5551896239630878,False,-11.384614944458008,-0.1986990123987198,-97.0988998413086,-1.6946954727172852,91.64835357666016,1.5995655059814453,79.07691955566406,1.3801525831222534,92.3956069946289,1.6126075983047485,1.2362637362637363,0.012362637362637364,-0.1997729241847992,-1.7202544212341309,1.6022210121154785,1.372819185256958,1.6057164669036865,0.007807016372680664,-11.446145057678223,-0.19977291791736124,-98.56331634521484,-1.720254391908743,91.80049896240234,1.6022209618675591,78.65673828125,1.372819061887278,92.00077056884766,1.605716360798288,0.7807016372680664,0.007807016372680664,False,False,0.0,0.0,0.0,0.0,0.0,0.0,0.0,0.0,0.0,0.0,0.0,0.0,0.0,0.0,0.0,0.0
8,13,0.5777814380126074,0.5895982129732147,False,-11.384614944458008,-0.1986990123987198,-97.0988998413086,-1.6946954727172852,91.64835357666016,1.5995655059814453,79.07691955566406,1.3801525831222534,92.3956069946289,1.6126075983047485,1.2362637362637363,0.012362637362637364,-0.1978883445262909,-1.7230603694915771,1.608832597732544,1.371972680091858,1.6108180284500122,0.008144278079271317,-11.338166236877441,-0.19788833197196667,-98.72408294677734,-1.7230602984332504,92.17931365966797,1.6088325255897897,78.60823822021484,1.3719725761347965,92.2930679321289,1.610817912182444,0.8144278079271317,0.008144278079271317,False,False,0.0,0.0,0.0,0.0,0.0,0.0,0.0,0.0,0.0,0.0,0.0,0.0,0.0,0.0,0.0,0.0
8,14,0.6110650299815461,0.6230998690007254,False,-11.384614944458008,-0.1986990123987198,-97.0988998413086,-1.6946954727172852,91.64835357666016,1.5995655059814453,79.07691955566406,1.3801525831222534,92.3956069946289,1.6126075983047485,1.2362637362637363,0.012362637362637364,-0.19627337157726288,-1.7155771255493164,1.60985267162323,1.372039556503296,1.6115247011184692,0.008199658244848251,-11.245635032653809,-0.196273357797429,-98.29532623291016,-1.7155770820862368,92.23776245117188,1.6098526494453447,78.61206817626953,1.3720394214781575,92.33355712890625,1.6115245819776964,0.8199658244848251,0.008199658244848251,False,False,0.0,0.0,0.0,0.0,0.0,0.0,0.0,0.0,0.0,0.0,0.0,0.0,0.0,0.0,0.0,0.0
8,15,0.6447014219593257,0.6559857049724087,False,-11.384614944458008,-0.1986990123987198,-97.27472686767578,-1.697764277458191,91.64835357666016,1.5995655059814453,79.07691955566406,1.3801525831222534,92.3956069946289,1.6126075983047485,1.2362637362637363,0.012362637362637364,-0.19877523183822632,-1.7138490676879883,1.6092040538787842,1.3726332187652588,1.6107609272003174,0.008169330656528473,-11.388980865478516,-0.1987752145492335,-98.1963119506836,-1.7138489568548845,92.20059204101562,1.6092039034038013,78.64608764648438,1.3726331732431905,92.289794921875,1.6107607873770617,0.8169330656528473,0.008169330656528473,False,False,0.0,0.0,0.0,0.0,0.0,0.0,0.0,0.0,0.0,0.0,0.0,0.0,0.0,0.0,0.0,0.0
8,16,0.6779272750718519,0.6888343549799174,False,-11.384614944458008,-0.1986990123987198,-97.27472686767578,-1.697764277458191,91.64835357666016,1.5995655059814453,79.07691955566406,1.3801525831222534,92.3956069946289,1.6126075983047485,1.2362637362637363,0.012362637362637364,-0.1997275948524475,-1.7067314386367798,1.6004966497421265,1.3732895851135254,1.6080048084259033,0.007477559149265289,-11.443547248840332,-0.19972757759980264,-97.78850555419922,-1.7067313925255387,91.70169830322266,1.6004965650617329,78.6836929321289,1.3732895092938406,92.13188171386719,1.6080046819649387,0.7477559149265289,0.007477559149265289,False,False,0.0,0.0,0.0,0.0,0.0,0.0,0.0,0.0,0.0,0.0,0.0,0.0,0.0,0.0,0.0,0.0
8,17,0.7113550080684945,0.721810256014578,False,-11.384614944458008,-0.1986990123987198,-97.27472686767578,-1.697764277458191,91.64835357666016,1.5995655059814453,79.07691955566406,1.3801525831222534,92.3956069946289,1.6126075983047485,1.2362637362637363,0.012362637362637364,-0.1967683881521225,-1.7145092487335205,1.6103030443191528,1.3725314140319824,1.6089729070663452,0.00870613381266594,-11.27399730682373,-0.19676837286504748,-98.23413848876953,-1.7145091544891151,92.26356506347656,1.6103029899856771,78.64025115966797,1.372531307331495,92.1873550415039,1.608972874179237,0.8706133812665939,0.00870613381266594,False,False,0.0,0.0,0.0,0.0,0.0,0.0,0.0,0.0,0.0,0.0,0.0,0.0,0.0,0.0,0.0,0.0
8,18,0.744846413959749,0.7556625260040164,False,-11.384614944458008,-0.1986990123987198,-97.27472686767578,-1.697764277458191,91.64835357666016,1.5995655059814453,79.07691955566406,1.3801525831222534,92.3956069946289,1.6126075983047485,1.2362637362637363,0.012362637362637364,-0.19713859260082245,-1.701778769493103,1.593664526939392,1.373315453529358,1.6101351976394653,0.008705995976924896,-11.295208930969238,-0.1971385855460821,-97.5047378540039,-1.7017787118463183,91.31024932861328,1.5936644916012435,78.68517303466797,1.3733153419564144,92.25394439697266,1.6101350776789476,0.8705995976924896,0.008705995976924896,False,False,0.0,0.0,0.0,0.0,0.0,0.0,0.0,0.0,0.0,0.0,0.0,0.0,0.0,0.0,0.0,0.0
8,19,0.7781947060720995,0.7898190380074084,False,-11.384614944458008,-0.1986990123987198,-97.27472686767578,-1.697764277458191,91.64835357666016,1.5995655059814453,79.07691955566406,1.3801525831222534,92.3956069946289,1.6126075983047485,1.2362637362637363,0.012362637362637364,-0.19972573220729828,-1.7092516422271729,1.6084390878677368,1.372265100479126,1.6073695421218872,0.00772983580827713,-11.443440437316895,-0.1997257133870396,-97.93289947509766,-1.7092515418650807,92.15676879882812,1.6084390435387306,78.62499237060547,1.3722649912224871,92.09548950195312,1.6073695180449548,0.772983580827713,0.00772983580827713,False,False,0.0,0.0,0.0,0.0,0.0,0.0,0.0,0.0,0.0,0.0,0.0,0.0,0.0,0.0,0.0,0.0
8,20,0.8127029760507867,0.8243818690534681,False,-11.384614944458008,-0.1986990123987198,-97.27472686767578,-1.697764277458191,91.64835357666016,1.5995655059814453,79.07691955566406,1.3801525831222534,92.3956069946289,1.6126075983047485,1.2362637362637363,0.012362637362637364,-0.19937017560005188,-1.71310293674469,1.6022063493728638,1.3730182647705078,1.612622857093811,0.007891368120908737,-11.42306900024414,-0.1993701647367572,-98.153564453125,-1.7131028722754986,91.7996597290039,1.6022063144815637,78.66814422607422,1.3730181331787614,92.39647674560547,1.6126227364531907,0.7891368120908737,0.007891368120908737,False,False,0.0,0.0,0.0,0.0,0.0,0.0,0.0,0.0,0.0,0.0,0.0,0.0,0.0,0.0,0.0,0.0
8,21,0.8458959660492837,0.8569544820347801,False,-11.384614944458008,-0.1986990123987198,-97.27472686767578,-1.697764277458191,91.64835357666016,1.5995655059814453,79.07691955566406,1.3801525831222534,92.3956069946289,1.6126075983047485,1.2362637362637363,0.012362637362637364,-0.20093783736228943,-1.7153911590576172,1.5988988876342773,1.3735933303833008,1.6139960289001465,0.007668990641832352,-11.512889862060547,-0.20093783451243233,-98.28466796875,-1.7153910602840947,91.61015319824219,1.5988988015657397,78.70109558105469,1.3735932428161641,92.47515869140625,1.61399599546929,0.7668990641832352,0.007668990641832352,False,False,0.0,0.0,0.0,0.0,0.0,0.0,0.0,0.0,0.0,0.0,0.0,0.0,0.0,0.0,0.0,0.0
8,22,0.8795742690563202,0.8911914910422638,False,-11.384614944458008,-0.1986990123987198,-97.27472686767578,-1.697764277458191,91.64835357666016,1.5995655059814453,79.07691955566406,1.3801525831222534,92.3956069946289,1.6126075983047485,1.2362637362637363,0.012362637362637364,-0.1977388560771942,-1.6982812881469727,1.5964776277542114,1.3730945587158203,1.613268256187439,0.00784846767783165,-11.329601287841797,-0.19773884541102915,-97.3043441772461,-1.6982811823867172,91.47142791748047,1.5964775886606941,78.67251586914062,1.3730944327439922,92.43345642089844,1.6132681535433713,0.784846767783165,0.00784846767783165,False,False,0.0,0.0,0.0,0.0,0.0,0.0,0.0,0.0,0.0,0.0,0.0,0.0,0.0,0.0,0.0,0.0
8,23,0.9128009380074218,0.9246368539752439,False,-11.384614944458008,-0.1986990123987198,-97.27472686767578,-1.697764277458191,91.64835357666016,1.5995655059814453,79.07691955566406,1.3801525831222534,92.3956069946289,1.6126075983047485,1.2362637362637363,0.012362637362637364,-0.1996290683746338,-1.7167919874191284,1.5961687564849854,1.374409794807434,1.6100502014160156,0.009867057204246521,-11.437902450561523,-0.19962905728422653,-98.36492919921875,-1.7167918830174764,91.45372772216797,1.596168661974245,78.74787902832031,1.3744097680063825,92.24907684326172,1.610050122840174,0.9867057204246521,0.009867057204246521,False,False,0.0,0.0,0.0,0.0,0.0,0.0,0.0,0.0,0.0,0.0,0.0,0.0,0.0,0.0,0.0,0.0
8,24,0.9467487019719556,0.9576300909975544,False,-11.384614944458008,-0.1986990123987198,-97.27472686767578,-1.697764277458191,91.64835357666016,1.5995655059814453,79.07691955566406,1.3801525831222534,92.3956069946289,1.6126075983047485,1.2362637362637363,0.012362637362637364,-0.19900688529014587,-1.700330138206482,1.5829378366470337,1.3748502731323242,1.6103578805923462,0.009028110653162003,-11.402254104614258,-0.19900687627455677,-97.42173767089844,-1.7003300853713696,90.6956558227539,1.5829378113626222,78.77311706542969,1.3748502548506816,92.26670837402344,1.6103578511041328,0.9028110653162003,0.009028110653162003,False,False,0.0,0.0,0.0,0.0,0.0,0.0,0.0,0.0,0.0,0.0,0.0,0.0,0.0,0.0,0.0,0.0
8,25,0.980109462980181,0.9917150620603934,False,-11.384614944458008,-0.1986990123987198,-97.27472686767578,-1.697764277458191,91.64835357666016,1.5995655059814453,79.07691955566406,1.3801525831222534,92.3956069946289,1.6126075983047485,1.2362637362637363,0.012362637362637364,-0.20167800784111023,-1.7072937488555908,1.5904971361160278,1.3749723434448242,1.613208293914795,0.009745985269546509,-11.5552978515625,-0.2016779935583926,-97.82072448730469,-1.7072937189897088,91.12876892089844,1.5904970609587576,78.78010559082031,1.3749722276286072,92.43002319335938,1.6132082324188446,0.9745985269546509,0.009745985269546509,False,False,0.0,0.0,0.0,0.0,0.0,0.0,0.0,0.0,0.0,0.0,0.0,0.0,0.0,0.0,0.0,0.0
8,26,1.0136037779739127,1.0244732779683545,False,-11.384614944458008,-0.1986990123987198,-97.36264038085938,-1.699298620223999,91.64835357666016,1.5995655059814453,79.07691955566406,1.3801525831222534,92.3956069946289,1.6126075983047485,1.2362637362637363,0.012362637362637364,-0.2005881667137146,-1.7034906148910522,1.596045732498169,1.3733781576156616,1.6092764139175415,0.009126443415880203,-11.492855072021484,-0.20058816146130493,-97.60281372070312,-1.7034904586369668,91.4466781616211,1.5960456239318834,78.68876647949219,1.3733780594000857,92.20474243164062,1.6092763413854516,0.9126443415880203,0.009126443415880203,False,False,0.0,0.0,0.0,0.0,0.0,0.0,0.0,0.0,0.0,0.0,0.0,0.0,0.0,0.0,0.0,0.0
8,27,1.047506598988548,1.0605636410182342,False,-11.384614944458008,-0.1986990123987198,-97.27472686767578,-1.697764277458191,91.64835357666016,1.5995655059814453,79.07691955566406,1.3801525831222534,92.3956069946289,1.6126075983047485,1.2362637362637363,0.012362637362637364,-0.1969970166683197,-1.7143688201904297,1.6020461320877075,1.3740696907043457,1.61343252658844,0.009579751640558243,-11.287096977233887,-0.19699700524463076,-98.22608947753906,-1.7143686727416134,91.79047393798828,1.602045992183941,78.72838592529297,1.3740695491771249,92.44287109375,1.613432470582629,0.9579751640558243,0.009579751640558243,False,False,0.0,0.0,0.0,0.0,0.0,0.0,0.0,0.0,0.0,0.0,0.0,0.0,0.0,0.0,0.0,0.0
8,28,1.0810285879997537,1.0922696649795398,False,-11.384614944458008,-0.1986990123987198,-97.27472686767578,-1.697764277458191,91.64835357666016,1.5995655059814453,79.07691955566406,1.3801525831222534,92.3956069946289,1.6126075983047485,1.2362637362637363,0.012362637362637364,-0.19611063599586487,-1.7025188207626343,1.597544550895691,1.3747217655181885,1.6152520179748535,0.009544655680656433,-11.236310958862305,-0.19611062201006835,-97.54713439941406,-1.7025186711551967,91.53255462646484,1.59754445099338,78.7657470703125,1.3747216241700306,92.547119140625,1.6152519422393714,0.9544655680656433,0.009544655680656433,False,False,0.0,0.0,0.0,0.0,0.0,0.0,0.0,0.0,0.0,0.0,0.0,0.0,0.0,0.0,0.0,0.0
8,29,1.1142767190467566,1.1250152860302478,False,-11.384614944458008,-0.1986990123987198,-97.27472686767578,-1.697764277458191,91.64835357666016,1.5995655059814453,79.07691955566406,1.3801525831222534,92.3956069946289,1.6126075983047485,1.2362637362637363,0.012362637362637364,-0.19723857939243317,-1.7155977487564087,1.593837857246399,1.3740111589431763,1.6084706783294678,0.008606750518083572,-11.30093765258789,-0.19723857060025776,-98.29650115966797,-1.7155975884266303,91.32017517089844,1.5938377302301532,78.72503662109375,1.3740110927911975,92.15857696533203,1.608470601997648,0.8606750518083572,0.008606750518083572,False,False,0.0,0.0,0.0,0.0,0.0,0.0,0.0,0.0,0.0,0.0,0.0,0.0,0.0,0.0,0.0,0.0
8,30,1.1477302779676393,1.310519905993715,False,-11.384614944458008,-0.1986990123987198,-97.27472686767578,-1.697764277458191,91.64835357666016,1.5995655059814453,79.07691955566406,1.3801525831222534,92.3956069946289,1.6126075983047485,1.2362637362637363,0.012362637362637364,-0.19712500274181366,-1.722955346107483,1.6050084829330444,1.3748018741607666,1.6126248836517334,0.004337109625339508,-11.294429779052734,-0.1971249867797659,-98.71806335449219,-1.7229552367282468,91.960205078125,1.6050083594224904,78.77033996582031,1.3748017853188421,92.39659118652344,1.612624733824008,0.4337109625339508,0.004337109625339508,False,False,0.0,0.0,0.0,0.0,0.0,0.0,0.0,0.0,0.0,0.0,0.0,0.0,0.0,0.0,0.0,0.0
8,31,1.3119555780431256,1.323119965963997,False,-11.384614944458008,-0.1986990123987198,-97.27472686767578,-1.697764277458191,91.64835357666016,1.5995655059814453,79.07691955566406,1.3801525831222534,92.3956069946289,1.6126075983047485,1.2362637362637363,0.012362637362637364,-0.19884510338306427,-1.7327816486358643,1.5989278554916382,1.373050570487976,1.6105514764785767,0.004026070237159729,-11.392984390258789,-0.19884508923833444,-99.28106689453125,-1.7327815022023123,91.61181640625,1.5989278300216216,78.66999816894531,1.373050490586006,92.27779388427734,1.6105513297573268,0.4026070237159729,0.004026070237159729,False,False,0.0,0.0,0.0,0.0,0.0,0.0,0.0,0.0,0.0,0.0,0.0,0.0,0.0,0.0,0.0,0.0
8,32,1.345324425958097,1.3560848899651319,False,-11.384614944458008,-0.1986990123987198,-97.27472686767578,-1.697764277458191,91.64835357666016,1.5995655059814453,79.07691955566406,1.3801525831222534,92.3956069946289,1.6126075983047485,1.2362637362637363,0.012362637362637364,-0.19480736553668976,-1.7401432991027832,1.6010812520980835,1.3730058670043945,1.6107308864593506,0.0044438838958740234,-11.161639213562012,-0.19480735419636763,-99.7028579711914,-1.7401431452455638,91.73519134521484,1.6010811289210052,78.66743469238281,1.3730057494796926,92.28807830810547,1.6107308268147982,0.44438838958740234,0.0044438838958740234,False,False,0.0,0.0,0.0,0.0,0.0,0.0,0.0,0.0,0.0,0.0,0.0,0.0,0.0,0.0,0.0,0.0
8,33,1.3787161799846217,1.3893832910107449,False,-11.384614944458008,-0.1986990123987198,-97.53845977783203,-1.7023673057556152,91.64835357666016,1.5995655059814453,79.07691955566406,1.3801525831222534,92.3956069946289,1.6126075983047485,1.0302197802197801,0.0103021978021978,-0.19326476752758026,-1.7298173904418945,1.5977832078933716,1.3740652799606323,1.6111232042312622,0.0036407262086868286,-11.073254585266113,-0.19326475142445285,-99.1112289428711,-1.7298172707509996,91.54622650146484,1.597783070227051,78.72813415527344,1.374065154961326,92.31055450439453,1.611123110443367,0.36407262086868286,0.0036407262086868286,False,False,0.0,0.0,0.0,0.0,0.0,0.0,0.0,0.0,0.0,0.0,0.0,0.0,0.0,0.0,0.0,0.0
8,34,1.4120673720026389,1.424139408976771,False,-11.384614944458008,-0.1986990123987198,-97.80220031738281,-1.706970453262329,91.64835357666016,1.5995655059814453,79.07691955566406,1.3801525831222534,92.3956069946289,1.6126075983047485,1.0302197802197801,0.0103021978021978,-0.19974321126937866,-1.7310138940811157,1.5963366031646729,1.375115990638733,1.6146082878112793,0.0044233426451683044,-11.444442749023438,-0.19974320702645004,-99.1797866821289,-1.7310138290287722,91.46334838867188,1.5963365742809745,78.78833770751953,1.3751159051694168,92.51023864746094,1.6146082562038993,0.44233426451683044,0.0044233426451683044,False,False,0.0,0.0,0.0,0.0,0.0,0.0,0.0,0.0,0.0,0.0,0.0,0.0,0.0,0.0,0.0,0.0
8,35,1.4460813830373809,1.458854942000471,False,-11.384614944458008,-0.1986990123987198,-97.80220031738281,-1.706970453262329,91.64835357666016,1.5995655059814453,79.07691955566406,1.3801525831222534,92.3956069946289,1.6126075983047485,1.0302197802197801,0.0103021978021978,-0.19730162620544434,-1.7194600105285645,1.5933507680892944,1.3731718063354492,1.617408275604248,0.0035974830389022827,-11.304550170898438,-0.1973016209390654,-98.5177993774414,-1.7194599709555722,91.29226684570312,1.5933506380667777,78.67694091796875,1.3731716644156047,92.67066192626953,1.617408170615954,0.35974830389022827,0.0035974830389022827,False,False,0.0,0.0,0.0,0.0,0.0,0.0,0.0,0.0,0.0,0.0,0.0,0.0,0.0,0.0,0.0,0.0
8,36,1.4791359640657902,1.4901205659843981,False,-11.384614944458008,-0.1986990123987198,-97.80220031738281,-1.706970453262329,91.64835357666016,1.5995655059814453,79.07691955566406,1.3801525831222534,92.3956069946289,1.6126075983047485,1.0302197802197801,0.0103021978021978,-0.2040809690952301,-1.713188648223877,1.5881011486053467,1.3740867376327515,1.6158918142318726,0.0046434178948402405,-11.692977905273438,-0.20408096380997112,-98.1584701538086,-1.7131884929045447,90.99148559570312,1.5881010149260135,78.7293701171875,1.3740867265661558,92.58377838134766,1.6158917666912629,0.46434178948402405,0.0046434178948402405,False,False,0.0,0.0,0.0,0.0,0.0,0.0,0.0,0.0,0.0,0.0,0.0,0.0,0.0,0.0,0.0,0.0
8,37,1.5126433370169252,1.5230103039648384,False,-11.384614944458008,-0.1986990123987198,-97.80220031738281,-1.706970453262329,91.64835357666016,1.5995655059814453,79.07691955566406,1.3801525831222534,92.3956069946289,1.6126075983047485,1.0302197802197801,0.0103021978021978,-0.20237764716148376,-1.7095685005187988,1.5847234725952148,1.3751500844955444,1.616310954093933,0.005003936588764191,-11.59538459777832,-0.20237763926627006,-97.95105743408203,-1.7095684580348,90.79795837402344,1.584723327715466,78.79029083251953,1.37514999363137,92.6077880859375,1.6163108150887868,0.5003936588764191,0.005003936588764191,False,False,0.0,0.0,0.0,0.0,0.0,0.0,0.0,0.0,0.0,0.0,0.0,0.0,0.0,0.0,0.0,0.0
8,38,1.5463356940308586,1.5569144489709288,False,-11.384614944458008,-0.1986990123987198,-97.80220031738281,-1.706970453262329,91.64835357666016,1.5995655059814453,79.07691955566406,1.3801525831222534,92.3956069946289,1.6126075983047485,1.0302197802197801,0.0103021978021978,-0.2075394093990326,-1.680167317390442,1.542036533355713,1.3782176971435547,1.6172740459442139,0.005619227886199951,-11.891131401062012,-0.20753939473581845,-96.26648712158203,-1.6801671596003251,88.35218048095703,1.5420364507089674,78.96604919433594,1.3782175557329777,92.66297149658203,1.617273947297014,0.5619227886199951,0.005619227886199951,False,False,0.0,0.0,0.0,0.0,0.0,0.0,0.0,0.0,0.0,0.0,0.0,0.0,0.0,0.0,0.0,0.0
8,39,1.5796414400683716,1.590210827998817,False,-11.384614944458008,-0.1986990123987198,-97.80220031738281,-1.706970453262329,91.64835357666016,1.5995655059814453,79.07691955566406,1.3801525831222534,92.3956069946289,1.6126075983047485,1.0302197802197801,0.0103021978021978,-0.2057833969593048,-1.682221531867981,1.5479600429534912,1.3782848119735718,1.6174285411834717,0.005529575049877167,-11.790519714355469,-0.20578338953680425,-96.38418579101562,-1.6822213889071578,88.69157409667969,1.547959986763576,78.96990203857422,1.3782848005505022,92.67182159423828,1.6174284106402386,0.5529575049877167,0.005529575049877167,False,False,0.0,0.0,0.0,0.0,0.0,0.0,0.0,0.0,0.0,0.0,0.0,0.0,0.0,0.0,0.0,0.0
8,40,1.6130416080122814,1.6255963450530544,False,-11.560439109802246,-0.2017677277326584,-97.53845977783203,-1.7023673057556152,91.64835357666016,1.5995655059814453,79.07691955566406,1.3801525831222534,92.3956069946289,1.6126075983047485,1.0302197802197801,0.0103021978021978,-0.20757150650024414,-1.696045160293579,1.557983160018921,1.3773572444915771,1.6152604818344116,0.004675179719924927,-11.89297103881836,-0.20757150247171072,-97.17622375488281,-1.696045059177432,89.26585388183594,1.5579830598421984,78.91675567626953,1.3773572215428276,92.54759979248047,1.615260331196805,0.4675179719924927,0.004675179719924927,False,False,0.0,0.0,0.0,0.0,0.0,0.0,0.0,0.0,0.0,0.0,0.0,0.0,0.0,0.0,0.0,0.0
8,41,1.646931215072982,1.6573757929727435,False,-11.648351669311523,-0.20330208539962769,-97.0988998413086,-1.6946954727172852,91.29669952392578,1.5934280157089233,79.07691955566406,1.3801525831222534,92.3956069946289,1.6126075983047485,1.0302197802197801,0.0103021978021978,-0.2026664763689041,-1.7082099914550781,1.5748624801635742,1.3761361837387085,1.6128870248794556,0.005413234233856201,-11.611932754516602,-0.20266645908648914,-97.87321472167969,-1.7082098464046962,90.23297119140625,1.5748624411472296,78.84679412841797,1.3761361621830264,92.41161346435547,1.6128869220333264,0.5413234233856201,0.005413234233856201,False,False,0.0,0.0,0.0,0.0,0.0,0.0,0.0,0.0,0.0,0.0,0.0,0.0,0.0,0.0,0.0,0.0
8,42,1.6803197810659185,1.691261669038795,False,-11.648351669311523,-0.20330208539962769,-97.010986328125,-1.693161129951477,91.20879364013672,1.5918937921524048,79.07691955566406,1.3801525831222534,92.3956069946289,1.6126075983047485,1.0302197802197801,0.0103021978021978,-0.20338083803653717,-1.702085256576538,1.5766609907150269,1.3771307468414307,1.6156110763549805,0.0067625492811203,-11.652862548828125,-0.2033808187593893,-97.52229309082031,-1.702085108529732,90.33601379394531,1.57666087383136,78.90377807617188,1.3771307196921163,92.56768798828125,1.615610936354314,0.67625492811203,0.0067625492811203,False,False,0.0,0.0,0.0,0.0,0.0,0.0,0.0,0.0,0.0,0.0,0.0,0.0,0.0,0.0,0.0,0.0
8,43,1.7137040520319715,1.725490604992956,False,-11.648351669311523,-0.20330208539962769,-97.18681335449219,-1.6962298154830933,91.20879364013672,1.5918937921524048,79.07691955566406,1.3801525831222534,92.3956069946289,1.6126075983047485,1.0302197802197801,0.0103021978021978,-0.20012488961219788,-1.708089828491211,1.582326054573059,1.3770787715911865,1.6085445880889893,0.005859337747097015,-11.466310501098633,-0.20012487130017204,-97.8663330078125,-1.7080897378395334,90.66059875488281,1.5823259501021767,78.90079498291016,1.3770786548928053,92.16281127929688,1.6085445047178977,0.5859337747097015,0.005859337747097015,False,False,0.0,0.0,0.0,0.0,0.0,0.0,0.0,0.0,0.0,0.0,0.0,0.0,0.0,0.0,0.0,0.0
8,44,1.747345675015822,1.7602302280720323,False,-11.648351669311523,-0.20330208539962769,-97.18681335449219,-1.6962298154830933,91.20879364013672,1.5918937921524048,79.07691955566406,1.3801525831222534,92.3956069946289,1.6126075983047485,1.0302197802197801,0.0103021978021978,-0.20403531193733215,-1.7154330015182495,1.5802611112594604,1.3776614665985107,1.6110438108444214,0.0054093897342681885,-11.690361976623535,-0.20403530724203306,-98.28706359863281,-1.715432871913209,90.54228973388672,1.5802610681509837,78.9341812133789,1.3776613545393146,92.3060073852539,1.6110437482428825,0.5409389734268188,0.0054093897342681885,False,False,0.0,0.0,0.0,0.0,0.0,0.0,0.0,0.0,0.0,0.0,0.0,0.0,0.0,0.0,0.0,0.0
8,45,1.780605775071308,1.792626362061128,False,-11.648351669311523,-0.20330208539962769,-97.18681335449219,-1.6962298154830933,91.20879364013672,1.5918937921524048,79.07691955566406,1.3801525831222534,92.3956069946289,1.6126075983047485,1.0302197802197801,0.0103021978021978,-0.20415735244750977,-1.714367151260376,1.5820966958999634,1.3765842914581299,1.6108731031417847,0.005551435053348541,-11.697354316711426,-0.20415734659898593,-98.22599792480469,-1.7143670748449593,90.6474609375,1.5820966519323207,78.87246704101562,1.376584239036432,92.29622650146484,1.6108730396170086,0.5551435053348541,0.005551435053348541,False,False,0.0,0.0,0.0,0.0,0.0,0.0,0.0,0.0,0.0,0.0,0.0,0.0,0.0,0.0,0.0,0.0
8,46,1.8139726109802723,1.825727919000201,False,-11.648351669311523,-0.20330208539962769,-97.18681335449219,-1.6962298154830933,91.20879364013672,1.5918937921524048,79.07691955566406,1.3801525831222534,92.3956069946289,1.6126075983047485,1.0302197802197801,0.0103021978021978,-0.20496949553489685,-1.7120671272277832,1.570586085319519,1.3781521320343018,1.6121490001678467,0.005821876227855682,-11.74388599395752,-0.2049694775734056,-98.0942153930664,-1.7120670357695125,89.98794555664062,1.5705859370687802,78.96229553222656,1.3781520419701618,92.36933135986328,1.6121489600952654,0.5821876227855682,0.005821876227855682,False,False,0.0,0.0,0.0,0.0,0.0,0.0,0.0,0.0,0.0,0.0,0.0,0.0,0.0,0.0,0.0,0.0
8,47,1.847467988030985,1.8602904949802905,False,-11.648351669311523,-0.20330208539962769,-97.18681335449219,-1.6962298154830933,91.20879364013672,1.5918937921524048,79.07691955566406,1.3801525831222534,92.3956069946289,1.6126075983047485,1.0302197802197801,0.0103021978021978,-0.20471161603927612,-1.7078874111175537,1.5792850255966187,1.3773638010025024,1.60551118850708,0.007088411599397659,-11.729110717773438,-0.20471160035610186,-97.854736328125,-1.7078873375966874,90.48635864257812,1.5792848864534152,78.91712951660156,1.3773637462874984,91.989013671875,1.6055111642362976,0.7088411599397659,0.007088411599397659,False,False,0.0,0.0,0.0,0.0,0.0,0.0,0.0,0.0,0.0,0.0,0.0,0.0,0.0,0.0,0.0,0.0
8,48,1.8810986650642008,1.8943674269830808,False,-11.648351669311523,-0.20330208539962769,-97.18681335449219,-1.6962298154830933,91.20879364013672,1.5918937921524048,79.07691955566406,1.3801525831222534,92.3956069946289,1.6126075983047485,1.0302197802197801,0.0103021978021978,-0.20242422819137573,-1.7073405981063843,1.584140419960022,1.3780491352081299,1.6145343780517578,0.006823886185884476,-11.598052978515625,-0.20242421129583282,-97.82340240478516,-1.7073404574668398,90.76455688476562,1.5841403617528476,78.9563980102539,1.3780491107940303,92.5060043334961,1.6145343534836494,0.6823886185884476,0.006823886185884476,False,False,0.0,0.0,0.0,0.0,0.0,0.0,0.0,0.0,0.0,0.0,0.0,0.0,0.0,0.0,0.0,0.0
8,49,1.914680127054453,1.925650113960728,False,-11.648351669311523,-0.20330208539962769,-97.18681335449219,-1.6962298154830933,91.20879364013672,1.5918937921524048,79.07691955566406,1.3801525831222534,92.3956069946289,1.6126075983047485,1.0302197802197801,0.0103021978021978,-0.20479395985603333,-1.7108404636383057,1.5761492252349854,1.3777735233306885,1.6162289381027222,0.005969807505607605,-11.7338285446167,-0.20479394196805575,-98.02393341064453,-1.710840383771422,90.30669403076172,1.5761491474279015,78.94060516357422,1.377773473621207,92.60308837890625,1.6162287897272123,0.5969807505607605,0.005969807505607605,False,False,0.0,0.0,0.0,0.0,0.0,0.0,0.0,0.0,0.0,0.0,0.0,0.0,0.0,0.0,0.0,0.0
8,50,1.9480620090616867,1.9591148119652644,False,-11.648351669311523,-0.20330208539962769,-97.18681335449219,-1.6962298154830933,91.20879364013672,1.5918937921524048,79.07691955566406,1.3801525831222534,92.3956069946289,1.6126075983047485,1.0302197802197801,0.0103021978021978,-0.2050272822380066,-1.7109261751174927,1.576051115989685,1.3786609172821045,1.6067886352539062,0.006206981837749481,-11.747197151184082,-0.20502726816906033,-98.02884674072266,-1.7109261375585225,90.30107116699219,1.576051009941732,78.99144744873047,1.3786608388964214,92.06220245361328,1.606788549453154,0.6206981837749481,0.006206981837749481,False,False,0.0,0.0,0.0,0.0,0.0,0.0,0.0,0.0,0.0,0.0,0.0,0.0,0.0,0.0,0.0,0.0
8,51,1.9819316579960287,1.9942861860617995,False,-11.648351669311523,-0.20330208539962769,-97.18681335449219,-1.6962298154830933,91.20879364013672,1.5918937921524048,79.07691955566406,1.3801525831222534,92.3956069946289,1.6126075983047485,1.0302197802197801,0.0103021978021978,-0.2057867795228958,-1.6970734596252441,1.557328701019287,1.379610300064087,1.6144605875015259,0.006754327565431595,-11.7907133102417,-0.2057867684224373,-97.23513793945312,-1.6970733056743117,89.22835540771484,1.5573285880043113,79.04584503173828,1.3796102558250347,92.50177001953125,1.6144604507633997,0.6754327565431595,0.006754327565431595,False,False,0.0,0.0,0.0,0.0,0.0,0.0,0.0,0.0,0.0,0.0,0.0,0.0,0.0,0.0,0.0,0.0
8,52,2.0154235480586067,2.029184277052991,False,-11.648351669311523,-0.20330208539962769,-97.18681335449219,-1.6962298154830933,91.20879364013672,1.5918937921524048,79.07691955566406,1.3801525831222534,92.3956069946289,1.6126075983047485,1.0302197802197801,0.0103021978021978,-0.21067553758621216,-1.5908782482147217,1.441359043121338,1.3791205883026123,1.611922264099121,0.007747337222099304,-12.070818901062012,-0.21067553323549576,-93.18681335449219,-1.6264167124773106,87.20879364013672,1.5220805857126767,79.01778411865234,1.3791205005005691,92.35633850097656,1.6119221919284452,0.7747337222099304,0.007747337222099304,False,False,0.0,0.0,0.0,0.0,0.0,2.0362091064453125,2.0362091064453125,0.0,4.625007629394531,4.625007629394531,0.0,0.0,0.0,0.0,0.0,0.0
8,53,2.048652931000106,2.05939234001562,False,-11.648351669311523,-0.20330208539962769,-97.18681335449219,-1.6962298154830933,91.20879364013672,1.5918937921524048,79.07691955566406,1.3801525831222534,92.3956069946289,1.6126075983047485,1.0302197802197801,0.0103021978021978,-0.20393192768096924,-1.5846325159072876,1.4307845830917358,1.3788396120071411,1.6086524724960327,0.007959570735692978,-11.68443775177002,-0.20393191001271074,-93.18681335449219,-1.6264167124773106,87.20879364013672,1.5220805857126767,79.0016860961914,1.3788395370055657,92.16899108886719,1.608652362742046,0.7959570735692978,0.007959570735692978,False,False,0.0,0.0,0.0,0.0,0.0,2.3940658569335938,2.3940658569335938,0.0,5.2308807373046875,5.2308807373046875,0.0,0.0,0.0,0.0,0.0,0.0
8,54,2.082345930975862,2.093563389033079,False,-11.648351669311523,-0.20330208539962769,-96.92308044433594,-1.6916269063949585,91.12088012695312,1.5903593301773071,79.07691955566406,1.3801525831222534,92.3956069946289,1.6126075983047485,1.0302197802197801,0.0103021978021978,-0.197450190782547,-1.5180609226226807,1.382172703742981,1.378319501876831,1.6139371395111084,0.00899273157119751,-11.313061714172363,-0.1974501753936214,-92.92308044433594,-1.6218137048492176,87.12088012695312,1.5205462054506276,78.97188568115234,1.3783194216446732,92.4717788696289,1.6139370064511447,0.899273157119751,0.00899273157119751,False,False,0.0,0.0,0.0,0.0,0.0,5.944602966308594,5.944602966308594,0.0,7.92822265625,7.92822265625,0.0,0.0,0.0,0.0,0.0,0.0
8,55,2.115412109065801,2.127883682027459,False,-11.648351669311523,-0.20330208539962769,-96.30769348144531,-1.6808863878250122,90.94505310058594,1.587290644645691,79.16483306884766,1.3816869258880615,92.3956069946289,1.6126075983047485,1.0302197802197801,0.0103021978021978,-0.19653600454330444,-1.5531835556030273,1.4147166013717651,1.3791356086730957,1.6075282096862793,0.008540704846382141,-11.260683059692383,-0.19653599541518124,-92.30769348144531,-1.611073176172928,86.94505310058594,1.5174774449265291,79.01864624023438,1.379135547360728,92.10457611083984,1.607528109287869,0.8540704846382141,0.008540704846382141,False,False,0.0,0.0,0.0,0.0,0.0,3.31683349609375,3.31683349609375,0.0,5.887763977050781,5.887763977050781,0.0,0.0,0.0,0.0,0.0,0.0
8,56,2.148954716976732,2.162291673012078,False,-11.648351669311523,-0.20330208539962769,-95.25274658203125,-1.6624740362167358,90.94505310058594,1.587290644645691,79.16483306884766,1.3816869258880615,92.3956069946289,1.6126075983047485,1.0302197802197801,0.0103021978021978,-0.20042544603347778,-1.6773422956466675,1.5202817916870117,1.380354881286621,1.6084229946136475,0.0079868845641613,-11.483531951904297,-0.2004254423187011,-96.10462951660156,-1.6773422114740237,87.10572814941406,1.5202817535543827,79.0885009765625,1.3803547425077662,92.15584564208984,1.6084229314141356,0.7986884564161301,0.0079868845641613,False,False,0.0,0.0,0.0,0.0,0.0,0.0,0.0,0.0,0.0,0.0,0.0,0.0,0.0,0.0,0.0,0.0
8,57,2.18238409596961,2.1954169389791787,False,-11.648351669311523,-0.20330208539962769,-94.02198028564453,-1.6409931182861328,90.94505310058594,1.587290644645691,79.16483306884766,1.3816869258880615,92.3956069946289,1.6126075983047485,1.0302197802197801,0.0103021978021978,-0.20059219002723694,-1.6004084348678589,1.4470797777175903,1.3801567554473877,1.6104973554611206,0.00749550387263298,-11.493084907531738,-0.20059217284769687,-91.69664001464844,-1.6004082812715967,86.94505310058594,1.5174774449265291,79.07715606689453,1.380156736480719,92.27469635009766,1.6104972675871982,0.749550387263298,0.00749550387263298,False,False,0.0,0.0,0.0,0.0,0.0,0.0,0.0,0.0,4.0334930419921875,4.0334930419921875,0.0,0.0,0.0,0.0,0.0,0.0
8,58,2.215890899999067,2.229292068979703,False,-11.648351669311523,-0.20330208539962769,-93.4945068359375,-1.6317869424819946,90.94505310058594,1.587290644645691,79.16483306884766,1.3816869258880615,92.3956069946289,1.6126075983047485,1.0302197802197801,0.0103021978021978,-0.20180463790893555,-1.5521377325057983,1.402013897895813,1.3823131322860718,1.6101030111312866,0.008441884070634842,-11.562553405761719,-0.2018046268682259,-89.4945068359375,-1.561973806735682,86.94505310058594,1.5174774449265291,79.2007064819336,1.3823130980153562,92.25210571289062,1.610102986587812,0.8441884070634842,0.008441884070634842,False,False,0.0,0.0,0.0,0.0,0.0,0.563568115234375,0.563568115234375,0.0,6.615577697753906,6.615577697753906,0.0,0.0,0.0,0.0,0.0,0.0
8,59,2.249140933039598,2.260121157974936,False,-11.648351669311523,-0.20330208539962769,-94.28571319580078,-1.6455961465835571,90.94505310058594,1.587290644645691,79.16483306884766,1.3816869258880615,92.3956069946289,1.6126075983047485,1.0302197802197801,0.0103021978021978,-0.20754411816596985,-1.625460147857666,1.4641785621643066,1.3822071552276611,1.6168736219406128,0.008480560034513474,-11.891401290893555,-0.20754410520199654,-93.13200378417969,-1.625460105013754,86.94505310058594,1.5174774449265291,79.19463348388672,1.382207104203971,92.64002990722656,1.6168735410271204,0.8480560034513474,0.008480560034513474,False,False,0.0,0.0,0.0,0.0,0.0,0.0,0.0,0.0,3.053802490234375,3.053802490234375,0.0,0.0,0.0,0.0,0.0,0.0
8,60,2.282717160996981,2.4478563599986956,False,-11.648351669311523,-0.20330208539962769,-95.07691955566406,-1.65940523147583,90.85713958740234,1.5857561826705933,79.16483306884766,1.3816869258880615,92.3956069946289,1.6126075983047485,1.0302197802197801,0.0103021978021978,-0.20500998198986053,-1.7181957960128784,1.602092981338501,1.3759136199951172,1.6139618158340454,0.0028968751430511475,-11.746206283569336,-0.20500997426673162,-98.44535827636719,-1.7181956352280572,91.79315948486328,1.6020928638191263,78.83403778076172,1.3759135219158956,92.47319793701172,1.6139617738492824,0.28968751430511475,0.0028968751430511475,False,False,0.0,0.0,0.0,0.0,0.0,0.0,0.0,0.0,0.0,0.0,0.0,0.0,0.0,0.0,0.0,0.0
8,61,2.449396835989319,2.4621145440032706,False,-11.648351669311523,-0.20330208539962769,-93.84615325927734,-1.637924313545227,90.5934066772461,1.5811532735824585,79.16483306884766,1.3816869258880615,92.3956069946289,1.6126075983047485,1.0302197802197801,0.0103021978021978,-0.20680275559425354,-1.711533546447754,1.5891757011413574,1.3763062953948975,1.6102540493011475,0.004990182816982269,-11.84892463684082,-0.2068027477335457,-97.84615325927734,-1.7077375347853705,91.05305480957031,1.5891756004258604,78.85653686523438,1.3763062050186279,92.26075744628906,1.6102539878216195,0.49901828169822693,0.004990182816982269,False,False,0.0,0.0,0.0,0.0,0.0,0.21749114990234375,0.21749114990234375,0.0,0.0,0.0,0.0,0.0,0.0,0.0,0.0,0.0
8,62,2.483659844030626,2.4953717719763517,False,-11.648351669311523,-0.20330208539962769,-93.84615325927734,-1.637924313545227,90.5934066772461,1.5811532735824585,79.16483306884766,1.3816869258880615,92.3956069946289,1.6126075983047485,1.0302197802197801,0.0103021978021978,-0.20334233343601227,-1.6998929977416992,1.5755343437194824,1.3755059242248535,1.6120177507400513,0.003567606210708618,-11.650656700134277,-0.20334231943688083,-97.39669036865234,-1.6998929274784331,90.2714614868164,1.575534223532202,78.81067657470703,1.3755057919530045,92.36180877685547,1.6120176662535246,0.3567606210708618,0.003567606210708618,False,False,0.0,0.0,0.0,0.0,0.0,0.0,0.0,0.0,0.0,0.0,0.0,0.0,0.0,0.0,0.0,0.0
8,63,2.5168206989765167,2.5281029470497742,False,-11.648351669311523,-0.20330208539962769,-93.84615325927734,-1.637924313545227,90.68132019042969,1.5826876163482666,79.16483306884766,1.3816869258880615,92.3956069946289,1.6126075983047485,1.0302197802197801,0.0103021978021978,-0.20271405577659607,-1.7087420225143433,1.5687682628631592,1.37728750705719,1.6157023906707764,0.0034573450684547424,-11.614659309387207,-0.20271404644621752,-97.84615325927734,-1.7077375347853705,89.88379669189453,1.5687681964667468,78.91275787353516,1.3772874467222675,92.57292175292969,1.6157022827797036,0.34573450684547424,0.0034573450684547424,False,False,0.0,0.0,0.0,0.0,0.0,0.05754852294921875,0.05754852294921875,0.0,0.0,0.0,0.0,0.0,0.0,0.0,0.0,0.0
8,64,2.550442425068468,2.5614422890357673,False,-11.648351669311523,-0.20330208539962769,-95.34066009521484,-1.664008378982544,91.29669952392578,1.5934280157089233,79.16483306884766,1.3816869258880615,92.3956069946289,1.6126075983047485,1.0302197802197801,0.0103021978021978,-0.20350873470306396,-1.7214988470077515,1.5896986722946167,1.3763216733932495,1.6125903129577637,0.003621414303779602,-11.66019058227539,-0.20350871707074034,-98.63461303710938,-1.7214987539280826,91.08302307128906,1.589698645263952,78.857421875,1.3763216513529504,92.39461517333984,1.6125902458878916,0.3621414303779602,0.003621414303779602,False,False,0.0,0.0,0.0,0.0,0.0,0.0,0.0,0.0,0.0,0.0,0.0,0.0,0.0,0.0,0.0,0.0
8,65,2.5838001769734547,2.596434526029043,False,-11.648351669311523,-0.20330208539962769,-96.30769348144531,-1.6808863878250122,91.38461303710938,1.5949623584747314,79.16483306884766,1.3816869258880615,92.3956069946289,1.6126075983047485,1.0302197802197801,0.0103021978021978,-0.2022879719734192,-1.6956102848052979,1.5858508348464966,1.3765313625335693,1.6109025478363037,0.004435136914253235,-11.590246200561523,-0.20228795731656163,-97.15130615234375,-1.6956101649714221,90.86255645751953,1.585850776962951,78.86943054199219,1.3765312421307396,92.29791259765625,1.6109024675470538,0.4435136914253235,0.004435136914253235,False,False,0.0,0.0,0.0,0.0,0.0,0.0,0.0,0.0,0.0,0.0,0.0,0.0,0.0,0.0,0.0,0.0
8,66,2.61740202200599,2.628471232019365,False,-11.648351669311523,-0.20330208539962769,-96.74725341796875,-1.6885581016540527,91.38461303710938,1.5949623584747314,79.16483306884766,1.3816869258880615,92.3956069946289,1.6126075983047485,1.0302197802197801,0.0103021978021978,-0.2072412073612213,-1.7008945941925049,1.5791072845458984,1.3783588409423828,1.611816644668579,0.003832094371318817,-11.874046325683594,-0.20724120391751363,-97.4540786743164,-1.700894542364412,90.47618103027344,1.579107253608707,78.97413635253906,1.3783587032707518,92.35028839111328,1.6118165975912235,0.3832094371318817,0.003832094371318817,False,False,0.0,0.0,0.0,0.0,0.0,0.0,0.0,0.0,0.0,0.0,0.0,0.0,0.0,0.0,0.0,0.0
8,67,2.650530896964483,2.661410100059584,False,-11.648351669311523,-0.20330208539962769,-96.83516693115234,-1.6900924444198608,91.38461303710938,1.5949623584747314,79.16483306884766,1.3816869258880615,92.3956069946289,1.6126075983047485,1.0302197802197801,0.0103021978021978,-0.20674985647201538,-1.6918611526489258,1.5755583047866821,1.3785429000854492,1.6157505512237549,0.002071976661682129,-11.845893859863281,-0.206749850696394,-96.9365005493164,-1.6918610999468633,90.27283477783203,1.5755581919820127,78.98468780517578,1.378542860860131,92.57568359375,1.6157504859954341,0.2071976661682129,0.002071976661682129,False,False,0.0,0.0,0.0,0.0,0.0,0.0,0.0,0.0,0.0,0.0,0.0,0.0,0.0,0.0,0.0,0.0
8,68,2.6846116760279983,2.6966978129930794,False,-11.648351669311523,-0.20330208539962769,-96.83516693115234,-1.6900924444198608,91.38461303710938,1.5949623584747314,79.16483306884766,1.3816869258880615,92.3956069946289,1.6126075983047485,1.0302197802197801,0.0103021978021978,-0.20272919535636902,-1.717801809310913,1.5925796031951904,1.377671241760254,1.6100852489471436,0.002976834774017334,-11.61552619934082,-0.2027291765301605,-98.42279052734375,-1.7178017537028345,91.24808502197266,1.5925795197731452,78.93474578857422,1.377671208235348,92.25108337402344,1.6100851434085086,0.2976834774017334,0.002976834774017334,False,False,0.0,0.0,0.0,0.0,0.0,0.0,0.0,0.0,0.0,0.0,0.0,0.0,0.0,0.0,0.0,0.0
8,69,2.7175111810211092,2.729532220051624,False,-11.648351669311523,-0.20330208539962769,-96.83516693115234,-1.6900924444198608,91.38461303710938,1.5949623584747314,79.16483306884766,1.3816869258880615,92.3956069946289,1.6126075983047485,1.0302197802197801,0.0103021978021978,-0.20111045241355896,-1.726531744003296,1.5973098278045654,1.3776953220367432,1.6128566265106201,0.0039052143692970276,-11.52277946472168,-0.20111044064058312,-98.9229736328125,-1.7265315957561143,91.51910400390625,1.5973096933432895,78.93612670898438,1.3776953098432132,92.40987396240234,1.6128565619968995,0.39052143692970276,0.0039052143692970276,False,False,0.0,0.0,0.0,0.0,0.0,0.0,0.0,0.0,0.0,0.0,0.0,0.0,0.0,0.0,0.0,0.0
8,70,2.750845047063194,2.761182239977643,False,-11.648351669311523,-0.20330208539962769,-96.92308044433594,-1.6916269063949585,91.38461303710938,1.5949623584747314,79.16483306884766,1.3816869258880615,92.3956069946289,1.6126075983047485,1.0302197802197801,0.0103021978021978,-0.2020580768585205,-1.7177324295043945,1.5976554155349731,1.3771522045135498,1.612541913986206,0.0038171857595443726,-11.57707405090332,-0.20205805993546055,-98.41881561279297,-1.717732378356438,91.53890991210938,1.5976553716527817,78.9050064086914,1.3771521581388915,92.39183807373047,1.6125417763560521,0.38171857595443726,0.0038171857595443726,False,False,0.0,0.0,0.0,0.0,0.0,0.0,0.0,0.0,0.0,0.0,0.0,0.0,0.0,0.0,0.0,0.0
8,71,2.785214902018197,2.7960714519722387,False,-11.648351669311523,-0.20330208539962769,-97.45054626464844,-1.7008328437805176,91.38461303710938,1.5949623584747314,79.07691955566406,1.3801525831222534,92.3956069946289,1.6126075983047485,1.0302197802197801,0.0103021978021978,-0.20494204759597778,-1.7299422025680542,1.5985596179962158,1.3766396045684814,1.6124430894851685,0.004492461681365967,-11.742313385009766,-0.204942030369421,-99.1183853149414,-1.7299421730061242,91.59071350097656,1.5985595148428637,78.8756332397461,1.3766394996290512,92.38617706298828,1.6124429730796102,0.4492461681365967,0.004492461681365967,False,False,0.0,0.0,0.0,0.0,0.0,0.0,0.0,0.0,0.0,0.0,0.0,0.0,0.0,0.0,0.0,0.0
8,72,2.817612770013511,2.82896013406571,False,-11.648351669311523,-0.20330208539962769,-97.45054626464844,-1.7008328437805176,91.38461303710938,1.5949623584747314,79.07691955566406,1.3801525831222534,92.3956069946289,1.6126075983047485,1.0302197802197801,0.0103021978021978,-0.20156393945217133,-1.7266490459442139,1.6060711145401,1.373566746711731,1.6094996929168701,0.004617735743522644,-11.548762321472168,-0.20156392703995316,-98.92969512939453,-1.7266489080021323,92.02108764648438,1.6060709606974322,78.69956970214844,1.3735666112052634,92.21753692626953,1.6094996474428547,0.4617735743522644,0.004617735743522644,False,False,0.0,0.0,0.0,0.0,0.0,0.0,0.0,0.0,0.0,0.0,0.0,0.0,0.0,0.0,0.0,0.0
8,73,2.8513526710448787,2.862874369020574,False,-11.648351669311523,-0.20330208539962769,-97.62637329101562,-1.7039016485214233,91.38461303710938,1.5949623584747314,79.07691955566406,1.3801525831222534,92.3956069946289,1.6126075983047485,1.0302197802197801,0.0103021978021978,-0.20057687163352966,-1.727427363395691,1.5986328125,1.3732492923736572,1.6135984659194946,0.0038853809237480164,-11.492207527160645,-0.2005768596714289,-98.97428894042969,-1.7274272168307079,91.59490966796875,1.598632751772841,78.68138122558594,1.3732491624033258,92.45237731933594,1.6135983855185412,0.38853809237480164,0.0038853809237480164,False,False,0.0,0.0,0.0,0.0,0.0,0.0,0.0,0.0,0.0,0.0,0.0,0.0,0.0,0.0,0.0,0.0
8,74,2.885157536016777,2.8967643859796226,False,-11.648351669311523,-0.20330208539962769,-97.62637329101562,-1.7039016485214233,91.38461303710938,1.5949623584747314,79.07691955566406,1.3801525831222534,92.3956069946289,1.6126075983047485,1.0302197802197801,0.0103021978021978,-0.2058458924293518,-1.6999315023422241,1.5817874670028687,1.3749223947525024,1.609797477722168,0.00404820591211319,-11.794099807739258,-0.20584587395388024,-97.39889526367188,-1.6999314101561849,90.6297378540039,1.581787325771708,78.7772445678711,1.3749222933581682,92.2345962524414,1.6097973888527255,0.40482059121131897,0.00404820591211319,False,False,0.0,0.0,0.0,0.0,0.0,0.0,0.0,0.0,0.0,0.0,0.0,0.0,0.0,0.0,0.0,0.0
8,75,2.9187619159929454,2.9297373910667375,False,-11.648351669311523,-0.20330208539962769,-97.62637329101562,-1.7039016485214233,91.38461303710938,1.5949623584747314,79.07691955566406,1.3801525831222534,92.3956069946289,1.6126075983047485,1.0302197802197801,0.0103021978021978,-0.20528504252433777,-1.7068077325820923,1.585192084312439,1.3748284578323364,1.6106958389282227,0.0037906914949417114,-11.76196575164795,-0.20528502887306638,-97.79287719726562,-1.7068076920907693,90.82481384277344,1.58519204406732,78.77186584472656,1.374828416929743,92.28607177734375,1.6106958062464638,0.37906914949417114,0.0037906914949417114,False,False,0.0,0.0,0.0,0.0,0.0,0.0,0.0,0.0,0.0,0.0,0.0,0.0,0.0,0.0,0.0,0.0
8,76,2.952105714008212,2.963062935974449,False,-11.648351669311523,-0.20330208539962769,-97.62637329101562,-1.7039016485214233,91.38461303710938,1.5949623584747314,79.07691955566406,1.3801525831222534,92.3956069946289,1.6126075983047485,0.9615384615384616,0.009615384615384616,-0.21507880091667175,-1.4540021419525146,1.3292948007583618,1.3782182931900024,1.6154648065567017,0.0050483644008636475,-12.32310676574707,-0.21507878713707596,-93.62637329101562,-1.6340884806295017,87.38461303710938,1.5251492130787205,78.9660873413086,1.3782182215232501,92.55931091308594,1.6154647288104687,0.5048364400863647,0.0050483644008636475,False,False,0.0,0.0,0.0,0.0,0.0,10.318191528320312,10.318191528320312,0.0,11.221633911132812,11.221633911132812,0.0,0.0,0.0,0.0,0.0,0.0
8,77,2.9856384419836104,2.996438199072145,False,-11.648351669311523,-0.20330208539962769,-97.53845977783203,-1.7023673057556152,91.38461303710938,1.5949623584747314,79.07691955566406,1.3801525831222534,92.3956069946289,1.6126075983047485,0.9615384615384616,0.009615384615384616,-0.2145821452140808,-1.4688997268676758,1.3246928453445435,1.380696177482605,1.6086030006408691,0.00460372120141983,-12.29465103149414,-0.2145821408832898,-93.53845977783203,-1.6325541003674526,87.38461303710938,1.5251492130787205,79.10806274414062,1.3806961597595144,92.1661605834961,1.608602961103825,0.46037212014198303,0.00460372120141983,False,False,0.0,0.0,0.0,0.0,0.0,9.376708984375,9.376708984375,0.0,11.485305786132812,11.485305786132812,0.0,0.0,0.0,0.0,0.0,0.0
8,78,3.0188994370400906,3.0298661730485037,False,-11.736263275146484,-0.2048364281654358,-97.45054626464844,-1.7008328437805176,91.38461303710938,1.5949623584747314,79.07691955566406,1.3801525831222534,92.30769348144531,1.6110731363296509,0.9615384615384616,0.009615384615384616,-0.21163207292556763,-1.6278668642044067,1.4753522872924805,1.3793184757232666,1.612971305847168,0.003975957632064819,-12.12562370300293,-0.21163205747526814,-93.45054626464844,-1.6310197201054035,87.38461303710938,1.5251492130787205,79.02912139892578,1.379318373369562,92.41644287109375,1.6129712110818275,0.39759576320648193,0.003975957632064819,False,False,0.0,0.0,0.0,0.0,0.0,0.1806488037109375,0.1806488037109375,0.0,2.8531570434570312,2.8531570434570312,0.0,0.0,0.0,0.0,0.0,0.0
8,79,3.0522724670590833,3.0631963859777898,False,-11.824175834655762,-0.20637080073356628,-96.74725341796875,-1.6885581016540527,90.85713958740234,1.5857561826705933,79.07691955566406,1.3801525831222534,92.30769348144531,1.6110731363296509,0.9615384615384616,0.009615384615384616,-0.2127402424812317,-1.6610777378082275,1.5165761709213257,1.3792424201965332,1.6141622066497803,0.003947727382183075,-12.189117431640625,-0.21274023209436374,-95.17273712158203,-1.6610776209066374,86.8934097290039,1.5165760980555918,79.02476501464844,1.3792423401204401,92.48468017578125,1.6141621767213108,0.3947727382183075,0.003947727382183075,False,False,0.0,0.0,0.0,0.0,0.0,0.0,0.0,0.0,0.0,0.0,0.0,0.0,0.0,0.0,0.0,0.0
8,80,3.0855958400061354,3.096187802962959,False,-11.824175834655762,-0.20637080073356628,-95.42857360839844,-1.6655428409576416,90.76923370361328,1.5842219591140747,79.07691955566406,1.3801525831222534,92.30769348144531,1.6110731363296509,0.9615384615384616,0.009615384615384616,-0.21477699279785156,-1.6255314350128174,1.453291893005371,1.381345272064209,1.6143109798431396,0.00458882749080658,-12.305814743041992,-0.21477698440654272,-93.1360855102539,-1.6255313445729136,86.76923370361328,1.5144088175604853,79.14524841308594,1.3813451721171668,92.49320220947266,1.6143109142681917,0.45888274908065796,0.00458882749080658,False,False,0.0,0.0,0.0,0.0,0.0,0.0,0.0,0.0,3.5017471313476562,3.5017471313476562,0.0,0.0,0.0,0.0,0.0,0.0
8,81,3.119018492056057,3.129536469001323,False,-11.824175834655762,-0.20637080073356628,-94.81318664550781,-1.6548023223876953,90.68132019042969,1.5826876163482666,79.07691955566406,1.3801525831222534,92.30769348144531,1.6110731363296509,0.9615384615384616,0.009615384615384616,-0.21388855576515198,-1.7028026580810547,1.5435070991516113,1.3792017698287964,1.6101303100585938,0.004556387662887573,-12.254910469055176,-0.2138885372221355,-97.56340026855469,-1.7028025641273992,88.43643951416016,1.5435070482629092,79.0224380493164,1.3792017269138166,92.25366973876953,1.6101302839889855,0.4556387662887573,0.004556387662887573,False,False,0.0,0.0,0.0,0.0,0.0,0.0,0.0,0.0,0.0,0.0,0.0,0.0,0.0,0.0,0.0,0.0
8,82,3.152663861052133,3.164456977043301,False,-11.824175834655762,-0.20637080073356628,-95.25274658203125,-1.6624740362167358,90.5934066772461,1.5811532735824585,79.16483306884766,1.3816869258880615,92.30769348144531,1.6110731363296509,0.9615384615384616,0.009615384615384616,-0.20803794264793396,-1.7023932933807373,1.5630570650100708,1.377910852432251,1.6112250089645386,0.004960924386978149,-11.919695854187012,-0.2080379384918813,-97.53994750976562,-1.702393236267854,89.55656433105469,1.5630569143510173,78.94847106933594,1.3779107595754005,92.31639099121094,1.6112249763550626,0.49609243869781494,0.004960924386978149,False,False,0.0,0.0,0.0,0.0,0.0,0.0,0.0,0.0,0.0,0.0,0.0,0.0,0.0,0.0,0.0,0.0
8,83,3.1861467889975756,3.199067131965421,False,-12.0,-0.20943951606750488,-95.69230651855469,-1.6701457500457764,90.5934066772461,1.5811532735824585,79.16483306884766,1.3816869258880615,92.30769348144531,1.6110731363296509,0.8928571428571428,0.008928571428571428,-0.21171985566616058,-1.6789698600769043,1.53016996383667,1.3794962167739868,1.6140179634094238,0.0043916255235672,-12.130653381347656,-0.21171984192269988,-96.19788360595703,-1.6789698023742257,87.67227935791016,1.5301699375237923,79.039306640625,1.3794961393723248,92.47640991210938,1.6140178333902286,0.43916255235671997,0.0043916255235672,False,False,0.0,0.0,0.0,0.0,0.0,0.0,0.0,0.0,0.0,0.0,0.0,0.0,0.0,0.0,0.0,0.0
8,84,3.219582573045045,3.231706778984517,False,-12.0,-0.20943951606750488,-95.69230651855469,-1.6701457500457764,90.5934066772461,1.5811532735824585,79.16483306884766,1.3816869258880615,92.30769348144531,1.6110731363296509,0.8928571428571428,0.008928571428571428,-0.2182433307170868,-1.5535839796066284,1.3689696788787842,1.3791570663452148,1.6112290620803833,0.004980131983757019,-12.50442123413086,-0.21824332159187623,-91.69230651855469,-1.6003326474966384,86.5934066772461,1.511340057036387,79.0198745727539,1.3791569858075032,92.31661987304688,1.6112289710966976,0.4980131983757019,0.004980131983757019,False,False,0.0,0.0,0.0,0.0,0.0,2.6785049438476562,2.6785049438476562,0.0,8.1572265625,8.1572265625,0.0,0.0,0.0,0.0,0.0,0.0
8,85,3.2532842020737007,3.2666612330358475,False,-12.087912559509277,-0.21097387373447418,-96.21977996826172,-1.6793519258499146,90.68132019042969,1.5826876163482666,79.16483306884766,1.3816869258880615,92.30769348144531,1.6110731363296509,0.8928571428571428,0.008928571428571428,-0.2137594223022461,-1.644834280014038,1.462744951248169,1.378949522972107,1.6095958948135376,0.004971936345100403,-12.247511863708496,-0.21375940719878025,-94.24205780029297,-1.644834202469917,86.68132019042969,1.5128744372984362,79.00798034667969,1.3789493924005314,92.2230453491211,1.6095957875582065,0.4971936345100403,0.004971936345100403,False,False,0.0,0.0,0.0,0.0,0.0,0.0,0.0,0.0,2.8722152709960938,2.8722152709960938,0.0,0.0,0.0,0.0,0.0,0.0
8,86,3.286750704050064,3.298955030972138,False,-12.087912559509277,-0.21097387373447418,-95.86813354492188,-1.6732145547866821,90.32967376708984,1.5765502452850342,79.16483306884766,1.3816869258880615,92.30769348144531,1.6110731363296509,0.8928571428571428,0.008928571428571428,-0.21821817755699158,-1.5532176494598389,1.349349856376648,1.3819477558135986,1.6125378608703613,0.005108363926410675,-12.50298023223877,-0.2182181713643318,-91.86813354492188,-1.6034014080207366,86.32967376708984,1.5067370494082941,79.17977142333984,1.381947712313797,92.39160919189453,1.612537781614417,0.5108363926410675,0.005108363926410675,False,False,0.0,0.0,0.0,0.0,0.0,2.8753204345703125,2.8753204345703125,0.0,9.017623901367188,9.017623901367188,0.0,0.0,0.0,0.0,0.0,0.0
8,87,3.3197831159923226,3.332432131981477,False,-12.087912559509277,-0.21097387373447418,-94.54945373535156,-1.650199294090271,90.06593322753906,1.5719470977783203,79.16483306884766,1.3816869258880615,92.30769348144531,1.6110731363296509,0.8928571428571428,0.008928571428571428,-0.22362425923347473,-1.494720458984375,1.2976741790771484,1.3818844556808472,1.615038514137268,0.005508705973625183,-12.812726020812988,-0.22362425521913815,-90.54945373535156,-1.5803861035641629,86.06593322753906,1.5021339086221466,79.17613983154297,1.3818843290798533,92.5348892211914,1.6150384898780015,0.5508705973625183,0.005508705973625183,False,False,0.0,0.0,0.0,0.0,0.0,4.908287048339844,4.908287048339844,0.0,11.714683532714844,11.714683532714844,0.0,0.0,0.0,0.0,0.0,0.0
8,88,3.3532975560519844,3.3672679340234026,False,-12.087912559509277,-0.21097387373447418,-93.23076629638672,-1.6271837949752808,89.97801971435547,1.5704126358032227,79.16483306884766,1.3816869258880615,92.30769348144531,1.6110731363296509,0.8928571428571428,0.008928571428571428,-0.22729405760765076,-1.4107367992401123,1.2273069620132446,1.3831126689910889,1.609445571899414,0.005597449839115143,-13.022989273071289,-0.2272940412669969,-89.23076629638672,-1.5573706659495345,85.97801971435547,1.5005995283600975,79.24651336669922,1.383112578974598,92.21443176269531,1.6094454521146715,0.5597449839115143,0.005597449839115143,False,False,0.0,0.0,0.0,0.0,0.0,8.401504516601562,8.401504516601562,0.0,15.658515930175781,15.658515930175781,0.0,0.0,0.0,0.0,0.0,0.0
8,89,3.387031401041895,3.400593820028007,False,-12.087912559509277,-0.21097387373447418,-92.17582702636719,-1.6087716817855835,89.97801971435547,1.5704126358032227,79.16483306884766,1.3816869258880615,92.30769348144531,1.6110731363296509,0.8928571428571428,0.008928571428571428,-0.22976481914520264,-1.3862159252166748,1.1842008829116821,1.3833850622177124,1.6120550632476807,0.0064747631549835205,-13.16455364227295,-0.22976480561307472,-88.17582702636719,-1.5389585022791084,85.97801971435547,1.5005995283600975,79.26212310791016,1.383385020354113,92.36394500732422,1.6120549505087858,0.647476315498352,0.0064747631549835205,False,False,0.0,0.0,0.0,0.0,0.0,8.751510620117188,8.751510620117188,0.0,18.128311157226562,18.128311157226562,0.0,0.0,0.0,0.0,0.0,0.0
8,90,3.420377910020761,3.585027543012984,False,-12.527472496032715,-0.21864564716815948,-92.0,-1.6057028770446777,89.97801971435547,1.5704126358032227,79.16483306884766,1.3816869258880615,92.30769348144531,1.6110731363296509,0.8928571428571428,0.008928571428571428,-0.21261835098266602,-1.7003291845321655,1.603525996208191,1.3758227825164795,1.6137511730194092,0.0033093243837356567,-12.182133674621582,-0.2126183425402222,-96.0,-1.6755160819145565,91.8752670288086,1.603525910801698,78.8288345336914,1.375822708122724,92.46112823486328,1.6137511178070572,0.3309324383735657,0.0033093243837356567,False,False,0.0,0.0,0.0,0.0,0.0,1.4216842651367188,1.4216842651367188,0.0,0.0,0.0,0.0,0.0,0.0,0.0,0.0,0.0
8,91,3.586502632009797,3.59762305195909,False,-13.142857551574707,-0.2293861359357834,-89.27472686767578,-1.5581378936767578,89.71428680419922,1.565809726715088,79.16483306884766,1.3816869258880615,92.30769348144531,1.6110731363296509,0.8928571428571428,0.008928571428571428,-0.21341900527477264,-1.7051868438720703,1.5933223962783813,1.374202847480774,1.6075612306594849,0.002227962017059326,-12.228007316589355,-0.21341898863244088,-93.27472686767578,-1.6279510927393597,91.29064178466797,1.5933222754011682,78.73601531982422,1.3742027072316287,92.1064682006836,1.607561132485386,0.22279620170593262,0.002227962017059326,False,False,0.0,0.0,0.0,0.0,0.0,4.4252777099609375,4.4252777099609375,0.0,0.0,0.0,0.0,0.0,0.0,0.0,0.0,0.0
8,92,3.6198960880283266,3.6316557159880176,False,-13.142857551574707,-0.2293861359357834,-89.36264038085938,-1.559672236442566,89.62637329101562,1.5642752647399902,79.16483306884766,1.3816869258880615,92.30769348144531,1.6110731363296509,0.8928571428571428,0.008928571428571428,-0.21479877829551697,-1.6903198957443237,1.5962855815887451,1.3751956224441528,1.6091800928115845,0.0030219554901123047,-12.307063102722168,-0.21479877239321093,-93.36264038085938,-1.6294854730014088,91.46041870117188,1.596285441588045,78.79290008544922,1.3751955336860102,92.19922637939453,1.6091800681120452,0.30219554901123047,0.0030219554901123047,False,False,0.0,0.0,0.0,0.0,0.0,3.4855499267578125,3.4855499267578125,0.0,0.0,0.0,0.0,0.0,0.0,0.0,0.0,0.0
8,93,3.6536090300651267,3.6646426640218124,False,-13.05494499206543,-0.2278517782688141,-89.45054626464844,-1.561206579208374,89.62637329101562,1.5642752647399902,79.16483306884766,1.3816869258880615,92.30769348144531,1.6110731363296509,0.8928571428571428,0.008928571428571428,-0.21523234248161316,-1.708970308303833,1.598830223083496,1.3747934103012085,1.6091289520263672,0.002962738275527954,-12.331904411315918,-0.21523233501867584,-93.45054626464844,-1.6310197201054035,91.60621643066406,1.5988300920096157,78.76985931396484,1.3747933963614083,92.1962890625,1.609128802261061,0.2962738275527954,0.002962738275527954,False,False,0.0,0.0,0.0,0.0,0.0,4.4662322998046875,4.4662322998046875,0.0,0.0,0.0,0.0,0.0,0.0,0.0,0.0,0.0
8,94,3.687493428005837,3.6985963090555742,False,-12.79120922088623,-0.22324872016906738,-90.94505310058594,-1.587290644645691,90.76923370361328,1.5842219591140747,79.16483306884766,1.3816869258880615,92.30769348144531,1.6110731363296509,0.8928571428571428,0.008928571428571428,-0.21326439082622528,-1.7030491828918457,1.586195707321167,1.3735278844833374,1.6110066175460815,0.002602100372314453,-12.219148635864258,-0.21326437548640498,-94.94505310058594,-1.6571037850860755,90.88231658935547,1.5861956563241162,78.69734954833984,1.3735278622114027,92.30387115478516,1.6110064639876214,0.2602100372314453,0.002602100372314453,False,False,0.0,0.0,0.0,0.0,0.0,2.6324691772460938,2.6324691772460938,0.0,0.0,0.0,0.0,0.0,0.0,0.0,0.0,0.0
8,95,3.7207122980616987,3.732052813982591,False,-12.351648330688477,-0.2155769318342209,-92.0,-1.6057028770446777,91.47252655029297,1.5964967012405396,79.16483306884766,1.3816869258880615,92.30769348144531,1.6110731363296509,0.8928571428571428,0.008928571428571428,-0.2122660130262375,-1.704457402229309,1.5969406366348267,1.3740633726119995,1.6136136054992676,0.0030203312635421753,-12.161946296691895,-0.2122660063280047,-96.0,-1.6755160819145565,91.49795532226562,1.5969405792162046,78.72802734375,1.374063290748563,92.4532470703125,1.6136135655367545,0.30203312635421753,0.0030203312635421753,False,False,0.0,0.0,0.0,0.0,0.0,1.6582107543945312,1.6582107543945312,0.0,0.0,0.0,0.0,0.0,0.0,0.0,0.0,0.0
8,96,3.75437482399866,3.7672160760266706,False,-12.263736724853516,-0.21404258906841278,-92.61538696289062,-1.616443395614624,91.47252655029297,1.5964967012405396,79.16483306884766,1.3816869258880615,92.30769348144531,1.6110731363296509,0.8928571428571428,0.008928571428571428,-0.21493354439735413,-1.7011348009109497,1.5838249921798706,1.374208688735962,1.6152006387710571,0.0035429447889328003,-12.314784049987793,-0.21493352834436896,-96.61538696289062,-1.6862566105908459,90.7464828491211,1.5838249103217277,78.7363510131836,1.3742085661860268,92.54417419433594,1.6152005432303327,0.35429447889328003,0.0035429447889328003,False,False,0.0,0.0,0.0,0.0,0.0,0.8524551391601562,0.8524551391601562,0.0,0.0,0.0,0.0,0.0,0.0,0.0,0.0,0.0
8,97,3.787463868036866,3.8003545879619196,False,-12.263736724853516,-0.21404258906841278,-93.75823974609375,-1.636389970779419,91.47252655029297,1.5964967012405396,79.16483306884766,1.3816869258880615,92.30769348144531,1.6110731363296509,0.8928571428571428,0.008928571428571428,-0.21702806651592255,-1.7125365734100342,1.593469262123108,1.3740969896316528,1.6175509691238403,0.004093073308467865,-12.434791564941406,-0.21702805460744584,-97.75823974609375,-1.7062031545233214,91.29905700683594,1.5934691487352861,78.7299575805664,1.3740969797363527,92.67884063720703,1.6175509160503823,0.4093073308467865,0.004093073308467865,False,False,0.0,0.0,0.0,0.0,0.0,0.3628692626953125,0.3628692626953125,0.0,0.0,0.0,0.0,0.0,0.0,0.0,0.0,0.0
8,98,3.821017330046743,3.8312447409844026,False,-12.263736724853516,-0.21404258906841278,-95.07691955566406,-1.65940523147583,91.47252655029297,1.5964967012405396,79.16483306884766,1.3816869258880615,92.30769348144531,1.6110731363296509,0.8928571428571428,0.008928571428571428,-0.21503669023513794,-1.696048378944397,1.582288146018982,1.3734979629516602,1.6136518716812134,0.004357598721981049,-12.320693969726562,-0.21503667590233908,-97.17640686035156,-1.6960482549707403,90.6584243774414,1.582288000056643,78.69563293457031,1.3734979016491393,92.45543670654297,1.613651781898397,0.43575987219810486,0.004357598721981049,False,False,0.0,0.0,0.0,0.0,0.0,0.0,0.0,0.0,0.0,0.0,0.0,0.0,0.0,0.0,0.0,0.0
8,99,3.854482223978266,3.86636622203514,False,-12.351648330688477,-0.2155769318342209,-95.34066009521484,-1.664008378982544,91.47252655029297,1.5964967012405396,79.16483306884766,1.3816869258880615,92.30769348144531,1.6110731363296509,0.8928571428571428,0.008928571428571428,-0.2149677872657776,-1.7108677625656128,1.5868817567825317,1.3741883039474487,1.613468050956726,0.003970682621002197,-12.316746711730957,-0.2149677832538901,-98.02549743652344,-1.7108676811725951,90.92162322998047,1.5868816866209208,78.73518371582031,1.3741881930036879,92.44490814208984,1.6134680237831818,0.3970682621002197,0.003970682621002197,False,False,0.0,0.0,0.0,0.0,0.0,0.0,0.0,0.0,0.0,0.0,0.0,0.0,0.0,0.0,0.0,0.0
8,100,3.887952293967828,3.900021005072631,False,-12.439560890197754,-0.21711128950119019,-95.95604705810547,-1.6747488975524902,91.47252655029297,1.5964967012405396,79.16483306884766,1.3816869258880615,92.30769348144531,1.6110731363296509,0.8928571428571428,0.008928571428571428,-0.21719695627689362,-1.7179116010665894,1.5959150791168213,1.3744590282440186,1.6158533096313477,0.005049578845500946,-12.44446849822998,-0.2171969489548273,-98.4290771484375,-1.7179114759397458,91.43919372558594,1.5959149958804149,78.75069427490234,1.3744589033284944,92.58157348632812,1.6158532840135111,0.5049578845500946,0.005049578845500946,False,False,0.0,0.0,0.0,0.0,0.0,0.0,0.0,0.0,0.0,0.0,0.0,0.0,0.0,0.0,0.0,0.0
8,101,3.9213328870246187,3.9332130850525573,False,-12.527472496032715,-0.21864564716815948,-96.21977996826172,-1.6793519258499146,91.47252655029297,1.5964967012405396,79.07691955566406,1.3801525831222534,92.30769348144531,1.6110731363296509,0.8928571428571428,0.008928571428571428,-0.21141517162322998,-1.7154183387756348,1.587736964225769,1.3735958337783813,1.6206638813018799,0.0057417526841163635,-12.11319637298584,-0.21141515964923802,-98.28622436523438,-1.7154182245272136,90.97061920166016,1.5877368276469452,78.70124053955078,1.3735957728191996,92.85719299316406,1.6206637518905214,0.5741752684116364,0.0057417526841163635,False,False,0.0,0.0,0.0,0.0,0.0,0.0,0.0,0.0,0.0,0.0,0.0,0.0,0.0,0.0,0.0,0.0
8,102,3.955433808034286,3.965939659974538,False,-12.703296661376953,-0.2217143476009369,-96.74725341796875,-1.6885581016540527,91.47252655029297,1.5964967012405396,79.07691955566406,1.3801525831222534,92.30769348144531,1.6110731363296509,0.8928571428571428,0.008928571428571428,-0.21810492873191833,-1.7214425802230835,1.5895541906356812,1.3717950582504272,1.61309015750885,0.003978073596954346,-12.496491432189941,-0.2181049204389762,-98.63138580322266,-1.7214424280710274,91.07474517822266,1.5895541687748151,78.59806060791016,1.3717949432900882,92.42325592041016,1.6130901212244995,0.39780735969543457,0.003978073596954346,False,False,0.0,0.0,0.0,0.0,0.0,0.0,0.0,0.0,0.0,0.0,0.0,0.0,0.0,0.0,0.0,0.0
8,103,3.988756065024063,3.9994856209959835,False,-12.79120922088623,-0.22324872016906738,-96.92308044433594,-1.6916269063949585,91.47252655029297,1.5964967012405396,78.989013671875,1.3786183595657349,92.30769348144531,1.6110731363296509,0.8928571428571428,0.008928571428571428,-0.21542948484420776,-1.7107020616531372,1.596325159072876,1.3731895685195923,1.6127557754516602,0.004734613001346588,-12.343199729919434,-0.21542947551836897,-98.01600646972656,-1.7107020325527922,91.46269226074219,1.596325122688287,78.67796325683594,1.373189507594908,92.40409088134766,1.6127556281915856,0.4734613001346588,0.004734613001346588,False,False,0.0,0.0,0.0,0.0,0.0,0.0,0.0,0.0,0.0,0.0,0.0,0.0,0.0,0.0,0.0,0.0
8,104,4.022211258998141,4.03272693301551,False,-12.703296661376953,-0.2217143476009369,-97.0988998413086,-1.6946954727172852,91.47252655029297,1.5964967012405396,78.989013671875,1.3786183595657349,92.30769348144531,1.6110731363296509,0.8928571428571428,0.008928571428571428,-0.21437527239322662,-1.7156281471252441,1.5934027433395386,1.3729606866836548,1.6127777099609375,0.00418505072593689,-12.282797813415527,-0.2143752632008611,-98.29824829101562,-1.7156280816211118,91.29524993896484,1.5934027028660886,78.66484832763672,1.372960608899216,92.40534973144531,1.6127775992705786,0.41850507259368896,0.00418505072593689,False,False,0.0,0.0,0.0,0.0,0.0,0.0,0.0,0.0,0.0,0.0,0.0,0.0,0.0,0.0,0.0,0.0
8,105,4.055540067027323,4.06690332305152,False,-12.703296661376953,-0.2217143476009369,-97.18681335449219,-1.6962298154830933,91.47252655029297,1.5964967012405396,78.989013671875,1.3786183595657349,92.30769348144531,1.6110731363296509,0.8928571428571428,0.008928571428571428,-0.21581551432609558,-1.7092679738998413,1.594722867012024,1.374076008796692,1.6132283210754395,0.0032906383275985718,-12.365317344665527,-0.21581550071837594,-97.933837890625,-1.7092679203057846,91.37088775634766,1.594722831818441,78.72875213623047,1.374075940763741,92.43116760253906,1.61322820612702,0.3290638327598572,0.0032906383275985718,False,False,0.0,0.0,0.0,0.0,0.0,0.0,0.0,0.0,0.0,0.0,0.0,0.0,0.0,0.0,0.0,0.0
8,106,4.089010035968386,4.1009445920353755,False,-12.703296661376953,-0.2217143476009369,-97.18681335449219,-1.6962298154830933,91.47252655029297,1.5964967012405396,78.989013671875,1.3786183595657349,92.30769348144531,1.6110731363296509,0.8928571428571428,0.008928571428571428,-0.2178128957748413,-1.703789234161377,1.5905652046203613,1.372752070426941,1.6142022609710693,0.004418082535266876,-12.479759216308594,-0.2178128881806922,-97.61992645263672,-1.703789132153219,91.1326675415039,1.5905651047246092,78.65289306640625,1.372751950227808,92.48696899414062,1.614202124137662,0.4418082535266876,0.004418082535266876,False,False,0.0,0.0,0.0,0.0,0.0,0.0,0.0,0.0,0.0,0.0,0.0,0.0,0.0,0.0,0.0,0.0
8,107,4.122513495967723,4.134418605011888,False,-12.703296661376953,-0.2217143476009369,-97.18681335449219,-1.6962298154830933,91.47252655029297,1.5964967012405396,78.989013671875,1.3786183595657349,92.30769348144531,1.6110731363296509,0.8928571428571428,0.008928571428571428,-0.21772491931915283,-1.7125686407089233,1.5956358909606934,1.3728218078613281,1.6145193576812744,0.004058383405208588,-12.47471809387207,-0.2177249039961787,-98.1229476928711,-1.7125685090027742,91.4231948852539,1.5956357634401201,78.65689086914062,1.372821725048368,92.50514221191406,1.6145193066234904,0.40583834052085876,0.004058383405208588,False,False,0.0,0.0,0.0,0.0,0.0,0.0,0.0,0.0,0.0,0.0,0.0,0.0,0.0,0.0,0.0,0.0
8,108,4.155979154049419,4.169392370968126,False,-12.703296661376953,-0.2217143476009369,-97.18681335449219,-1.6962298154830933,91.47252655029297,1.5964967012405396,78.989013671875,1.3786183595657349,92.30769348144531,1.6110731363296509,0.8928571428571428,0.008928571428571428,-0.2179432511329651,-1.698204517364502,1.5867658853530884,1.3742899894714355,1.6166362762451172,0.00431477278470993,-12.487227439880371,-0.21794323327129475,-97.2999496459961,-1.6982044833473229,90.91498565673828,1.5867658391135022,78.74101257324219,1.374289925757329,92.62643432617188,1.6166362533739944,0.43147727847099304,0.00431477278470993,False,False,0.0,0.0,0.0,0.0,0.0,0.0,0.0,0.0,0.0,0.0,0.0,0.0,0.0,0.0,0.0,0.0
8,109,4.1894611599855125,4.203555423067883,False,-12.703296661376953,-0.2217143476009369,-97.18681335449219,-1.6962298154830933,91.47252655029297,1.5964967012405396,78.989013671875,1.3786183595657349,92.30769348144531,1.6110731363296509,0.8928571428571428,0.008928571428571428,-0.22091273963451385,-1.7164877653121948,1.5864827632904053,1.3741960525512695,1.612700343132019,0.004265837371349335,-12.657366752624512,-0.22091272446576035,-98.34749603271484,-1.7164876168629348,90.89875793457031,1.5864826119315723,78.73562622070312,1.374195916170849,92.40091705322266,1.6127002344409118,0.42658373713493347,0.004265837371349335,False,False,0.0,0.0,0.0,0.0,0.0,0.0,0.0,0.0,0.0,0.0,0.0,0.0,0.0,0.0,0.0,0.0
8,110,4.222608837997541,4.232954730046913,False,-12.703296661376953,-0.2217143476009369,-97.18681335449219,-1.6962298154830933,91.47252655029297,1.5964967012405396,78.989013671875,1.3786183595657349,92.30769348144531,1.6110731363296509,0.8928571428571428,0.008928571428571428,-0.2171507179737091,-1.70536208152771,1.5883448123931885,1.3740419149398804,1.6115353107452393,0.004822656512260437,-12.441819190979004,-0.2171507098204008,-97.71004486083984,-1.7053619950930199,91.00544738769531,1.5883446941657557,78.72679901123047,1.3740418523017879,92.33416748046875,1.6115352346220566,0.4822656512260437,0.004822656512260437,False,False,0.0,0.0,0.0,0.0,0.0,0.0,0.0,0.0,0.0,0.0,0.0,0.0,0.0,0.0,0.0,0.0
8,111,4.256098316051066,4.266888260026462,False,-12.703296661376953,-0.2217143476009369,-97.18681335449219,-1.6962298154830933,91.47252655029297,1.5964967012405396,78.989013671875,1.3786183595657349,92.30769348144531,1.6110731363296509,0.8928571428571428,0.008928571428571428,-0.21824051439762115,-1.7080978155136108,1.580438256263733,1.3754582405090332,1.6122961044311523,0.005128651857376099,-12.504260063171387,-0.21824050862797484,-97.86679077148438,-1.7080977273228037,90.55243682861328,1.580438168363474,78.80794525146484,1.375458121369492,92.37775421142578,1.612295966587438,0.5128651857376099,0.005128651857376099,False,False,0.0,0.0,0.0,0.0,0.0,0.0,0.0,0.0,0.0,0.0,0.0,0.0,0.0,0.0,0.0,0.0
8,112,4.290071945055388,4.300689090974629,False,-12.703296661376953,-0.2217143476009369,-97.27472686767578,-1.697764277458191,91.47252655029297,1.5964967012405396,78.989013671875,1.3786183595657349,92.30769348144531,1.6110731363296509,0.8928571428571428,0.008928571428571428,-0.21966975927352905,-1.7109631299972534,1.5851298570632935,1.3744639158248901,1.612568736076355,0.005544312298297882,-12.586149215698242,-0.2196697439612363,-98.03096008300781,-1.71096302233962,90.82124328613281,1.585129726097812,78.7509765625,1.374463830176511,92.39337921142578,1.612568674283062,0.5544312298297882,0.005544312298297882,False,False,0.0,0.0,0.0,0.0,0.0,0.0,0.0,0.0,0.0,0.0,0.0,0.0,0.0,0.0,0.0,0.0
8,113,4.323473131051287,4.334077564068139,False,-12.703296661376953,-0.2217143476009369,-97.27472686767578,-1.697764277458191,91.47252655029297,1.5964967012405396,78.989013671875,1.3786183595657349,92.30769348144531,1.6110731363296509,0.8928571428571428,0.008928571428571428,-0.21981938183307648,-1.6886670589447021,1.5657610893249512,1.3740397691726685,1.6136317253112793,0.005791358649730682,-12.594721794128418,-0.2198193636802283,-96.75348663330078,-1.6886669045354221,89.71149444580078,1.5657609549638292,78.72667694091797,1.374039721772916,92.45428466796875,1.613631675032167,0.5791358649730682,0.005791358649730682,False,False,0.0,0.0,0.0,0.0,0.0,0.0,0.0,0.0,0.0,0.0,0.0,0.0,0.0,0.0,0.0,0.0
8,114,4.3567417960148305,4.367564109968953,False,-12.703296661376953,-0.2217143476009369,-97.27472686767578,-1.697764277458191,91.47252655029297,1.5964967012405396,78.989013671875,1.3786183595657349,92.30769348144531,1.6110731363296509,0.8928571428571428,0.008928571428571428,-0.21846213936805725,-1.6608893871307373,1.5408505201339722,1.3746699094772339,1.6111515760421753,0.005040772259235382,-12.516958236694336,-0.21846213356493988,-95.16194915771484,-1.6608893354175687,88.28422546386719,1.5408504119175006,78.76277923583984,1.3746698256868286,92.31217956542969,1.6111514731089762,0.5040772259235382,0.005040772259235382,False,False,0.0,0.0,0.0,0.0,0.0,0.0,0.0,0.0,0.0,0.0,0.0,0.0,0.0,0.0,0.0,0.0
8,115,4.391098040970974,4.402126800036058,False,-12.703296661376953,-0.2217143476009369,-97.27472686767578,-1.697764277458191,91.38461303710938,1.5949623584747314,78.989013671875,1.3786183595657349,92.30769348144531,1.6110731363296509,0.8928571428571428,0.008928571428571428,-0.22168967127799988,-1.6455352306365967,1.4543845653533936,1.3754327297210693,1.6099450588226318,0.006332680583000183,-12.701881408691406,-0.22168965177952052,-94.28221893310547,-1.645535146468826,87.38461303710938,1.5251492130787205,78.80648803710938,1.3754326881810819,92.24304962158203,1.6099449279771159,0.6332680583000183,0.006332680583000183,False,False,0.0,0.0,0.0,0.0,0.0,0.0,0.0,0.0,4.0545196533203125,4.0545196533203125,0.0,0.0,0.0,0.0,0.0,0.0
8,116,4.424508925061673,4.435658236965537,False,-12.703296661376953,-0.2217143476009369,-96.74725341796875,-1.6885581016540527,91.12088012695312,1.5903593301773071,79.07691955566406,1.3801525831222534,92.30769348144531,1.6110731363296509,0.8928571428571428,0.008928571428571428,-0.2180347889661789,-1.6609944105148315,1.5007539987564087,1.374024748802185,1.6146159172058105,0.006505779922008514,-12.492472648620605,-0.21803477943376623,-95.16796112060547,-1.6609942639645179,87.12088012695312,1.5205462054506276,78.72581481933594,1.374024674912757,92.51067352294922,1.6146158462130058,0.6505779922008514,0.006505779922008514,False,False,0.0,0.0,0.0,0.0,0.0,0.0,0.0,0.0,1.1340179443359375,1.1340179443359375,0.0,0.0,0.0,0.0,0.0,0.0
8,117,4.458051786990836,4.469517290010117,False,-12.703296661376953,-0.2217143476009369,-95.78022003173828,-1.671680212020874,90.94505310058594,1.587290644645691,79.07691955566406,1.3801525831222534,92.30769348144531,1.6110731363296509,0.8928571428571428,0.008928571428571428,-0.21858170628547668,-1.6614373922348022,1.5135031938552856,1.3733267784118652,1.613674283027649,0.006802242249250412,-12.523808479309082,-0.21858169285312762,-95.19334411621094,-1.6614372808118525,86.94505310058594,1.5174774449265291,78.68582153320312,1.3733266603910472,92.45671844482422,1.6136741524515539,0.6802242249250412,0.006802242249250412,False,False,0.0,0.0,0.0,0.0,0.0,0.0,0.0,0.0,0.22771453857421875,0.22771453857421875,0.0,0.0,0.0,0.0,0.0,0.0
8,118,4.49167642602697,4.502570113050751,False,-12.703296661376953,-0.2217143476009369,-95.6043930053711,-1.6686114072799683,90.85713958740234,1.5857561826705933,79.07691955566406,1.3801525831222534,92.30769348144531,1.6110731363296509,0.8928571428571428,0.008928571428571428,-0.22003760933876038,-1.622267723083496,1.4877524375915527,1.372870922088623,1.6127010583877563,0.006794936954975128,-12.60722541809082,-0.2200375930868035,-92.94908905029297,-1.6222676406570216,86.85713958740234,1.51594306466448,78.65970611572266,1.3728708603704802,92.40096282958984,1.6127010333892389,0.6794936954975128,0.006794936954975128,False,False,0.0,0.0,0.0,0.0,0.0,0.0,0.0,0.0,1.6152114868164062,1.6152114868164062,0.0,0.0,0.0,0.0,0.0,0.0
8,119,4.524897288065404,4.535585200064816,False,-12.703296661376953,-0.2217143476009369,-95.6043930053711,-1.6686114072799683,90.76923370361328,1.5842219591140747,79.07691955566406,1.3801525831222534,92.30769348144531,1.6110731363296509,0.8928571428571428,0.008928571428571428,-0.22420203685760498,-1.5108271837234497,1.3724710941314697,1.3762474060058594,1.6147841215133667,0.004279583692550659,-12.845829963684082,-0.22420202801763084,-91.6043930053711,-1.5987982672345893,86.76923370361328,1.5144088175604853,78.85316467285156,1.3762473491585372,92.52030944824219,1.6147840248358443,0.4279583692550659,0.004279583692550659,False,False,0.0,0.0,0.0,0.0,0.0,5.040374755859375,5.040374755859375,0.0,8.132438659667969,8.132438659667969,0.0,0.0,0.0,0.0,0.0,0.0
8,120,4.558201011037454,4.722926596994512,False,-12.703296661376953,-0.2217143476009369,-95.6043930053711,-1.6686114072799683,90.5934066772461,1.5811532735824585,79.07691955566406,1.3801525831222534,92.30769348144531,1.6110731363296509,0.8928571428571428,0.008928571428571428,-0.21956321597099304,-1.7236398458480835,1.5987275838851929,1.3760461807250977,1.6089321374893188,0.0021111294627189636,-12.580044746398926,-0.2195632008728763,-98.75728607177734,-1.7236398022864516,91.600341796875,1.5987275603076476,78.84163665771484,1.3760461473381815,92.18501281738281,1.6089319946565042,0.21111294627189636,0.0021111294627189636,False,False,0.0,0.0,0.0,0.0,0.0,0.0,0.0,0.0,0.0,0.0,0.0,0.0,0.0,0.0,0.0,0.0
8,121,4.724544864962809,4.736605328973383,False,-12.703296661376953,-0.2217143476009369,-92.70330047607422,-1.6179778575897217,90.5934066772461,1.5811532735824585,79.16483306884766,1.3816869258880615,92.30769348144531,1.6110731363296509,0.8928571428571428,0.008928571428571428,-0.22129952907562256,-1.7351648807525635,1.605718731880188,1.3764568567276,1.6141977310180664,0.0024803131818771362,-12.67952823638916,-0.22129951532458073,-96.70330047607422,-1.6877909908528952,92.00090026855469,1.6057186244852146,78.86516571044922,1.3764568067782719,92.48670959472656,1.614197596763809,0.24803131818771362,0.0024803131818771362,False,False,0.0,0.0,0.0,0.0,0.0,2.7143173217773438,2.7143173217773438,0.0,0.0,0.0,0.0,0.0,0.0,0.0,0.0,0.0
8,122,4.757788341958076,4.769547448027879,False,-12.703296661376953,-0.2217143476009369,-92.52747344970703,-1.614909052848816,90.5934066772461,1.5811532735824585,79.16483306884766,1.3816869258880615,92.30769348144531,1.6110731363296509,0.8928571428571428,0.008928571428571428,-0.2198900580406189,-1.7313823699951172,1.5996798276901245,1.375606894493103,1.6119818687438965,0.0023246929049491882,-12.598772048950195,-0.21989005396241312,-96.52747344970703,-1.6847222303287968,91.65489959716797,1.5996797735554056,78.81646728515625,1.375606858916373,92.35975646972656,1.611981846736863,0.23246929049491882,0.0023246929049491882,False,False,0.0,0.0,0.0,0.0,0.0,2.6734237670898438,2.6734237670898438,0.0,0.0,0.0,0.0,0.0,0.0,0.0,0.0,0.0
8,123,4.791417389060371,4.804023431963287,False,-12.703296661376953,-0.2217143476009369,-92.35164642333984,-1.6118402481079102,90.68132019042969,1.5826876163482666,79.16483306884766,1.3816869258880615,92.30769348144531,1.6110731363296509,0.8928571428571428,0.008928571428571428,-0.22127386927604675,-1.7288686037063599,1.6050487756729126,1.3761615753173828,1.6095603704452515,0.0019952431321144104,-12.678057670593262,-0.2212738491095751,-96.35164642333984,-1.6816534698046985,91.96251678466797,1.6050487063130052,78.8482437133789,1.376161462213382,92.22100830078125,1.609560234357654,0.19952431321144104,0.0019952431321144104,False,False,0.0,0.0,0.0,0.0,0.0,2.7052230834960938,2.7052230834960938,0.0,0.0,0.0,0.0,0.0,0.0,0.0,0.0,0.0
8,124,4.824620016966946,4.835078199976124,False,-12.703296661376953,-0.2217143476009369,-94.02198028564453,-1.6409931182861328,91.47252655029297,1.5964967012405396,79.16483306884766,1.3816869258880615,92.30769348144531,1.6110731363296509,0.8928571428571428,0.008928571428571428,-0.221987783908844,-1.7193416357040405,1.5956740379333496,1.3762497901916504,1.608026385307312,0.0029649734497070312,-12.718962669372559,-0.2219877760187981,-98.02198028564453,-1.710806295309469,91.42538452148438,1.5956739798017627,78.85330200195312,1.3762497460035181,92.13311767578125,1.6080262535697682,0.2964973449707031,0.0029649734497070312,False,False,0.0,0.0,0.0,0.0,0.0,0.48903656005859375,0.48903656005859375,0.0,0.0,0.0,0.0,0.0,0.0,0.0,0.0,0.0
8,125,4.858048100024462,4.869110409053974,False,-12.703296661376953,-0.2217143476009369,-95.16483306884766,-1.6609396934509277,91.64835357666016,1.5995655059814453,79.16483306884766,1.3816869258880615,92.30769348144531,1.6110731363296509,0.8928571428571428,0.008928571428571428,-0.22457560896873474,-1.719985842704773,1.592721939086914,1.3781085014343262,1.614012360572815,0.0023089274764060974,-12.867234230041504,-0.2245756029395417,-98.54792785644531,-1.7199858121128084,91.25624084472656,1.59272186573341,78.95979309082031,1.3781083661282845,92.47608947753906,1.6140122407519395,0.23089274764060974,0.0023089274764060974,False,False,0.0,0.0,0.0,0.0,0.0,0.0,0.0,0.0,0.0,0.0,0.0,0.0,0.0,0.0,0.0,0.0
8,126,4.891826895996928,4.902873112005182,False,-12.703296661376953,-0.2217143476009369,-95.6043930053711,-1.6686114072799683,91.64835357666016,1.5995655059814453,79.16483306884766,1.3816869258880615,92.30769348144531,1.6110731363296509,0.8928571428571428,0.008928571428571428,-0.2219460904598236,-1.729048728942871,1.5978593826293945,1.378556489944458,1.612947940826416,0.0035037249326705933,-12.716573715209961,-0.22194608090298154,-99.06719207763672,-1.7290486824604026,91.55059051513672,1.5978592366342272,78.98546600341797,1.3785564429816903,92.41510772705078,1.6129479084222893,0.3503724932670593,0.0035037249326705933,False,False,0.0,0.0,0.0,0.0,0.0,0.0,0.0,0.0,0.0,0.0,0.0,0.0,0.0,0.0,0.0,0.0
8,127,4.925002960022539,4.9365143270697445,False,-12.703296661376953,-0.2217143476009369,-96.48351287841797,-1.6839549541473389,91.64835357666016,1.5995655059814453,79.07691955566406,1.3801525831222534,92.30769348144531,1.6110731363296509,0.8928571428571428,0.008928571428571428,-0.2255619764328003,-1.7273187637329102,1.5938496589660645,1.3778364658355713,1.6067873239517212,0.002573564648628235,-12.923748970031738,-0.2255619712282798,-98.96807098388672,-1.7273186930162872,91.32085418701172,1.593849581297004,78.94420623779297,1.3778363242229328,92.06212615966797,1.606787217872609,0.2573564648628235,0.002573564648628235,False,False,0.0,0.0,0.0,0.0,0.0,0.0,0.0,0.0,0.0,0.0,0.0,0.0,0.0,0.0,0.0,0.0
8,128,4.958539210027084,4.970159673015587,False,-12.703296661376953,-0.2217143476009369,-97.0988998413086,-1.6946954727172852,91.56044006347656,1.5980311632156372,78.989013671875,1.3786183595657349,92.30769348144531,1.6110731363296509,0.8928571428571428,0.008928571428571428,-0.22351479530334473,-1.7298099994659424,1.5992941856384277,1.3769035339355469,1.6127548217773438,0.0036366134881973267,-12.806453704833984,-0.22351478265357907,-99.11080932617188,-1.7298099470580017,91.63280487060547,1.599294147829562,78.89075469970703,1.3769034188930782,92.40403747558594,1.612754696085204,0.36366134881973267,0.0036366134881973267,False,False,0.0,0.0,0.0,0.0,0.0,0.0,0.0,0.0,0.0,0.0,0.0,0.0,0.0,0.0,0.0,0.0
8,129,4.9917222070507705,5.02557934098877,False,-12.703296661376953,-0.2217143476009369,-97.27472686767578,-1.697764277458191,91.56044006347656,1.5980311632156372,78.989013671875,1.3786183595657349,92.30769348144531,1.6110731363296509,0.8928571428571428,0.008928571428571428,-0.22644346952438354,-1.7319484949111938,1.5960956811904907,1.3773664236068726,1.6070092916488647,0.00440467894077301,-12.974254608154297,-0.22644346090433923,-99.23333740234375,-1.7319484654133355,91.44953918457031,1.5960955582023224,78.91728210449219,1.3773664094485885,92.07484436035156,1.6070091923494672,0.440467894077301,0.00440467894077301,False,False,0.0,0.0,0.0,0.0,0.0,0.0,0.0,0.0,0.0,0.0,0.0,0.0,0.0,0.0,0.0,0.0
8,130,5.027298817061819,5.03979380603414,False,-12.79120922088623,-0.22324872016906738,-97.45054626464844,-1.7008328437805176,91.56044006347656,1.5980311632156372,78.989013671875,1.3786183595657349,92.30769348144531,1.6110731363296509,0.8928571428571428,0.008928571428571428,-0.22417423129081726,-1.7374187707901,1.5944305658340454,1.377289056777954,1.6112346649169922,0.003977634012699127,-12.844236373901367,-0.22417421462899634,-99.54676055908203,-1.7374187314504126,91.35413360595703,1.5944304167307504,78.91284942626953,1.3772890446189217,92.31694030761719,1.6112345637349867,0.3977634012699127,0.003977634012699127,False,False,0.0,0.0,0.0,0.0,0.0,0.0,0.0,0.0,0.0,0.0,0.0,0.0,0.0,0.0,0.0,0.0
8,131,5.060555389965884,5.072472105035558,False,-12.79120922088623,-0.22324872016906738,-97.62637329101562,-1.7039016485214233,91.56044006347656,1.5980311632156372,78.989013671875,1.3786183595657349,92.30769348144531,1.6110731363296509,0.8928571428571428,0.008928571428571428,-0.22064107656478882,-1.7206292152404785,1.592710256576538,1.3749243021011353,1.6061931848526,0.0045769959688186646,-12.641801834106445,-0.22064106538981546,-98.58478546142578,-1.720629098674117,91.25556945800781,1.5927101478246135,78.77735900878906,1.3749242907289858,92.02808380126953,1.6061930666334123,0.45769959688186646,0.0045769959688186646,False,False,0.0,0.0,0.0,0.0,0.0,0.0,0.0,0.0,0.0,0.0,0.0,0.0,0.0,0.0,0.0,0.0
8,132,5.094300572993234,5.1057935380376875,False,-12.79120922088623,-0.22324872016906738,-97.89010620117188,-1.7085046768188477,91.56044006347656,1.5980311632156372,78.989013671875,1.3786183595657349,92.30769348144531,1.6110731363296509,0.8928571428571428,0.008928571428571428,-0.22306987643241882,-1.7301270961761475,1.6032068729400635,1.3739736080169678,1.6076900959014893,0.004450783133506775,-12.780961990356445,-0.22306986830396772,-99.12897491455078,-1.7301269963857757,91.85697937011719,1.603206730945052,78.72288513183594,1.3739735422198274,92.11385345458984,1.607690029482146,0.4450783133506775,0.004450783133506775,False,False,0.0,0.0,0.0,0.0,0.0,0.0,0.0,0.0,0.0,0.0,0.0,0.0,0.0,0.0,0.0,0.0
8,133,5.127580245025456,5.140208052005619,False,-12.79120922088623,-0.22324872016906738,-97.97801971435547,-1.7100390195846558,91.56044006347656,1.5980311632156372,78.9011001586914,1.3770840167999268,92.30769348144531,1.6110731363296509,0.8928571428571428,0.008928571428571428,-0.2233608514070511,-1.731335163116455,1.5981544256210327,1.3747462034225464,1.6087584495544434,0.004222370684146881,-12.797633171081543,-0.2233608352978157,-99.19818878173828,-1.7313350062562356,91.56749725341797,1.5981543148830082,78.76715087890625,1.3747461252520594,92.17506408691406,1.6087583565534311,0.4222370684146881,0.004222370684146881,False,False,0.0,0.0,0.0,0.0,0.0,0.0,0.0,0.0,0.0,0.0,0.0,0.0,0.0,0.0,0.0,0.0
8,134,5.1611538040451705,5.172985795070417,False,-12.79120922088623,-0.22324872016906738,-97.97801971435547,-1.7100390195846558,91.56044006347656,1.5980311632156372,78.9011001586914,1.3770840167999268,92.30769348144531,1.6110731363296509,0.8928571428571428,0.008928571428571428,-0.22245252132415771,-1.731209397315979,1.6001862287521362,1.3735501766204834,1.6099798679351807,0.005344845354557037,-12.745590209960938,-0.22245251427377372,-99.19098663330078,-1.731209305052784,91.68391418457031,1.600186173636684,78.69862365722656,1.3735500996065049,92.24504852294922,1.6099798153873959,0.5344845354557037,0.005344845354557037,False,False,0.0,0.0,0.0,0.0,0.0,0.0,0.0,0.0,0.0,0.0,0.0,0.0,0.0,0.0,0.0,0.0
8,135,5.19459979806561,5.206013835966587,False,-12.79120922088623,-0.22324872016906738,-97.97801971435547,-1.7100390195846558,91.56044006347656,1.5980311632156372,78.9011001586914,1.3770840167999268,92.30769348144531,1.6110731363296509,0.8928571428571428,0.008928571428571428,-0.22148346900939941,-1.7141690254211426,1.5823708772659302,1.3743276596069336,1.6117454767227173,0.0055999234318733215,-12.690067291259766,-0.22148345653212115,-98.21464538574219,-1.7141689356598575,90.66316986083984,1.5823708243665444,78.74317169189453,1.3743276094867534,92.34620666503906,1.611745358032064,0.5599923431873322,0.0055999234318733215,False,False,0.0,0.0,0.0,0.0,0.0,0.0,0.0,0.0,0.0,0.0,0.0,0.0,0.0,0.0,0.0,0.0
8,136,5.228107596980408,5.238568729022518,False,-12.79120922088623,-0.22324872016906738,-97.97801971435547,-1.7100390195846558,91.56044006347656,1.5980311632156372,78.9011001586914,1.3770840167999268,92.30769348144531,1.6110731363296509,0.8928571428571428,0.008928571428571428,-0.22266289591789246,-1.7287346124649048,1.5869168043136597,1.375925898551941,1.6072380542755127,0.0055716633796691895,-12.757643699645996,-0.22266288735513318,-99.0491943359375,-1.7287345626098278,90.92362976074219,1.5869167071892551,78.8347396850586,1.37592577245691,92.08795166015625,1.6072379578871048,0.557166337966919,0.0055716633796691895,False,False,0.0,0.0,0.0,0.0,0.0,0.0,0.0,0.0,0.0,0.0,0.0,0.0,0.0,0.0,0.0,0.0
8,137,5.261515412013978,5.272620463045314,False,-12.79120922088623,-0.22324872016906738,-97.97801971435547,-1.7100390195846558,91.56044006347656,1.5980311632156372,78.9011001586914,1.3770840167999268,92.30769348144531,1.6110731363296509,0.8928571428571428,0.008928571428571428,-0.22000598907470703,-1.738450050354004,1.589257836341858,1.375882863998413,1.6118577718734741,0.0055046528577804565,-12.605414390563965,-0.22000598469361562,-99.60584259033203,-1.7384499074244915,91.0577621459961,1.5892577589454895,78.832275390625,1.3758827624053052,92.35264587402344,1.6118577434300654,0.5504652857780457,0.0055046528577804565,False,False,0.0,0.0,0.0,0.0,0.0,0.0,0.0,0.0,0.0,0.0,0.0,0.0,0.0,0.0,0.0,0.0
8,138,5.295371741987765,5.305901222047396,False,-12.79120922088623,-0.22324872016906738,-97.97801971435547,-1.7100390195846558,91.56044006347656,1.5980311632156372,78.9011001586914,1.3770840167999268,92.30769348144531,1.6110731363296509,0.8928571428571428,0.008928571428571428,-0.21725235879421234,-1.722226619720459,1.5911307334899902,1.37556791305542,1.6140475273132324,0.005955725908279419,-12.44764232635498,-0.21725234270550095,-98.67630767822266,-1.7222264626959467,91.16506958007812,1.5911306269820875,78.8142318725586,1.3755678436064034,92.47810363769531,1.6140473944783285,0.5955725908279419,0.005955725908279419,False,False,0.0,0.0,0.0,0.0,0.0,0.0,0.0,0.0,0.0,0.0,0.0,0.0,0.0,0.0,0.0,0.0
8,139,5.3289325080113485,5.3392948530381545,False,-12.79120922088623,-0.22324872016906738,-98.15384674072266,-1.7131078243255615,91.56044006347656,1.5980311632156372,78.9011001586914,1.3770840167999268,92.30769348144531,1.6110731363296509,0.8928571428571428,0.008928571428571428,-0.2213444709777832,-1.7359402179718018,1.5836488008499146,1.3766443729400635,1.6135153770446777,0.005254514515399933,-12.682103157043457,-0.22134445616797582,-99.46204376220703,-1.7359401444132008,90.73638916015625,1.583648742215619,78.87590789794922,1.3766442933190135,92.44761657714844,1.6135152948925306,0.5254514515399933,0.005254514515399933,False,False,0.0,0.0,0.0,0.0,0.0,0.0,0.0,0.0,0.0,0.0,0.0,0.0,0.0,0.0,0.0,0.0
8,140,5.3628278319956735,5.374613096006215,False,-12.79120922088623,-0.22324872016906738,-98.15384674072266,-1.7131078243255615,91.56044006347656,1.5980311632156372,78.9011001586914,1.3770840167999268,92.30769348144531,1.6110731363296509,0.8928571428571428,0.008928571428571428,-0.22539250552654266,-1.7286224365234375,1.5921350717544556,1.3759710788726807,1.6133856773376465,0.005898430943489075,-12.91403865814209,-0.22539249431440989,-99.04276275634766,-1.728622310369881,91.22261810302734,1.592135038187211,78.83733367919922,1.3759710461954413,92.440185546875,1.6133855989474437,0.5898430943489075,0.005898430943489075,False,False,0.0,0.0,0.0,0.0,0.0,0.0,0.0,0.0,0.0,0.0,0.0,0.0,0.0,0.0,0.0,0.0
8,141,5.396052720025182,5.408685756963678,False,-12.79120922088623,-0.22324872016906738,-98.15384674072266,-1.7131078243255615,91.56044006347656,1.5980311632156372,78.9011001586914,1.3770840167999268,92.30769348144531,1.6110731363296509,0.8928571428571428,0.008928571428571428,-0.22002647817134857,-1.7413660287857056,1.5960079431533813,1.3744126558303833,1.610361099243164,0.006120078265666962,-12.606588363647461,-0.2200264743892524,-99.77291870117188,-1.7413659356600737,91.44451141357422,1.5960078070444041,78.74803924560547,1.374412564325527,92.26689147949219,1.6103610468974408,0.6120078265666962,0.006120078265666962,False,False,0.0,0.0,0.0,0.0,0.0,0.0,0.0,0.0,0.0,0.0,0.0,0.0,0.0,0.0,0.0,0.0
8,142,5.429424503003247,5.4418541740160435,False,-12.79120922088623,-0.22324872016906738,-98.15384674072266,-1.7131078243255615,91.56044006347656,1.5980311632156372,78.9011001586914,1.3770840167999268,92.30769348144531,1.6110731363296509,0.8928571428571428,0.008928571428571428,-0.21966278553009033,-1.735133409500122,1.5903027057647705,1.3764855861663818,1.6108686923980713,0.00589413195848465,-12.585749626159668,-0.21966276980813165,-99.41581726074219,-1.7351333397609612,91.11763000488281,1.590302650199182,78.86681365966797,1.3764855689180446,92.29597473144531,1.6108686454012098,0.589413195848465,0.00589413195848465,False,False,0.0,0.0,0.0,0.0,0.0,0.0,0.0,0.0,0.0,0.0,0.0,0.0,0.0,0.0,0.0,0.0
8,143,5.462740084039979,5.473160044988617,False,-12.79120922088623,-0.22324872016906738,-98.15384674072266,-1.7131078243255615,91.56044006347656,1.5980311632156372,78.9011001586914,1.3770840167999268,92.30769348144531,1.6110731363296509,0.8928571428571428,0.008928571428571428,-0.22446796298027039,-1.7366427183151245,1.5895565748214722,1.3741651773452759,1.61112642288208,0.006037168204784393,-12.861065864562988,-0.22446794465247524,-99.5022964477539,-1.7366426863087636,91.07487487792969,1.5895564324617417,78.7338638305664,1.3741651566602586,92.31073760986328,1.611126306236675,0.6037168204784393,0.006037168204784393,False,False,0.0,0.0,0.0,0.0,0.0,0.0,0.0,0.0,0.0,0.0,0.0,0.0,0.0,0.0,0.0,0.0
8,144,5.496169471065514,5.507159514003433,False,-12.79120922088623,-0.22324872016906738,-98.15384674072266,-1.7131078243255615,91.56044006347656,1.5980311632156372,78.9011001586914,1.3770840167999268,92.30769348144531,1.6110731363296509,0.8928571428571428,0.008928571428571428,-0.22013594210147858,-1.7275612354278564,1.5847986936569214,1.3742585182189941,1.612780213356018,0.007374141365289688,-12.612859725952148,-0.22013593031005468,-98.98196411132812,-1.7275611738335388,90.8022689819336,1.5847985620162608,78.73921203613281,1.374258500456466,92.4054946899414,1.6127801292736144,0.7374141365289688,0.007374141365289688,False,False,0.0,0.0,0.0,0.0,0.0,0.0,0.0,0.0,0.0,0.0,0.0,0.0,0.0,0.0,0.0,0.0
8,145,5.529816552065313,5.54176022997126,False,-12.79120922088623,-0.22324872016906738,-98.15384674072266,-1.7131078243255615,91.56044006347656,1.5980311632156372,78.9011001586914,1.3770840167999268,92.30769348144531,1.6110731363296509,0.8928571428571428,0.008928571428571428,-0.22453847527503967,-1.6791658401489258,1.5198005437850952,1.3744566440582275,1.6121381521224976,0.0071997083723545074,-12.865106582641602,-0.2245384684870919,-96.20911407470703,-1.6791658110304555,87.56044006347656,1.5282179736028187,78.75055694580078,1.3744565064835133,92.36870574951172,1.612138041134796,0.7199708372354507,0.0071997083723545074,False,False,0.0,0.0,0.0,0.0,0.0,0.0,0.0,0.0,0.4822845458984375,0.4822845458984375,0.0,0.0,0.0,0.0,0.0,0.0
8,146,5.563035105005838,5.574743974022567,False,-12.79120922088623,-0.22324872016906738,-98.15384674072266,-1.7131078243255615,91.56044006347656,1.5980311632156372,78.9011001586914,1.3770840167999268,92.30769348144531,1.6110731363296509,0.8928571428571428,0.008928571428571428,-0.2248489260673523,-1.7114709615707397,1.5657494068145752,1.375189185142517,1.6076191663742065,0.007048036903142929,-12.882893562316895,-0.2248489098464111,-98.06005859375,-1.7114708871594981,89.71083068847656,1.5657493702130874,78.79253387451172,1.375189142099394,92.10978698730469,1.6076190562390953,0.7048036903142929,0.007048036903142929,False,False,0.0,0.0,0.0,0.0,0.0,0.0,0.0,0.0,0.0,0.0,0.0,0.0,0.0,0.0,0.0,0.0
8,147,5.5963861560449,5.607996486010961,False,-12.79120922088623,-0.22324872016906738,-98.06593322753906,-1.7115733623504639,91.47252655029297,1.5964967012405396,78.9011001586914,1.3770840167999268,92.30769348144531,1.6110731363296509,0.8928571428571428,0.008928571428571428,-0.22493910789489746,-1.7183442115783691,1.5693278312683105,1.3756083250045776,1.6129469871520996,0.006693430244922638,-12.888060569763184,-0.2249390911388239,-98.45386505126953,-1.7183441064588292,89.91585540771484,1.5693277266117724,78.81654357910156,1.3756081904969182,92.41504669189453,1.6129468431578533,0.6693430244922638,0.006693430244922638,False,False,0.0,0.0,0.0,0.0,0.0,0.0,0.0,0.0,0.0,0.0,0.0,0.0,0.0,0.0,0.0,0.0
8,148,5.629887163988315,5.64301337802317,False,-12.79120922088623,-0.22324872016906738,-97.53845977783203,-1.7023673057556152,91.03296661376953,1.588824987411499,79.07691955566406,1.3801525831222534,92.30769348144531,1.6110731363296509,0.8928571428571428,0.008928571428571428,-0.22407016158103943,-1.7241004705429077,1.5680454969406128,1.3771847486495972,1.6101558208465576,0.006634928286075592,-12.838274002075195,-0.22407015160940147,-98.78367614746094,-1.724100395996981,89.8423843383789,1.5680454145468992,78.90686798095703,1.3771846487041906,92.255126953125,1.6101557171773957,0.6634928286075592,0.006634928286075592,False,False,0.0,0.0,0.0,0.0,0.0,0.0,0.0,0.0,0.0,0.0,0.0,0.0,0.0,0.0,0.0,0.0
8,149,5.663423844031058,5.675182663020678,False,-12.703296661376953,-0.2217143476009369,-97.45054626464844,-1.7008328437805176,90.94505310058594,1.587290644645691,79.07691955566406,1.3801525831222534,92.30769348144531,1.6110731363296509,0.8928571428571428,0.008928571428571428,-0.2233831286430359,-1.7120434045791626,1.5485504865646362,1.3754136562347412,1.6133631467819214,0.0073313117027282715,-12.798910140991211,-0.2233831226271883,-98.09285736083984,-1.7120433336358107,88.72540283203125,1.5485504095772467,78.8053970336914,1.3754136465792879,92.43889617919922,1.6133630952362326,0.7331311702728271,0.0073313117027282715,False,False,0.0,0.0,0.0,0.0,0.0,0.0,0.0,0.0,0.0,0.0,0.0,0.0,0.0,0.0,0.0,0.0
8,150,5.696924924035557,5.860178809030913,False,-12.703296661376953,-0.2217143476009369,-97.80220031738281,-1.706970453262329,90.94505310058594,1.587290644645691,79.07691955566406,1.3801525831222534,92.30769348144531,1.6110731363296509,0.8928571428571428,0.008928571428571428,-0.21432439982891083,-1.7244811058044434,1.5924122333526611,1.3745101690292358,1.613297939300537,0.0022458508610725403,-12.279882431030273,-0.21432438017928376,-98.80548095703125,-1.7244809617167531,91.23849487304688,1.5924121400986337,78.75362396240234,1.374510036021424,92.4351577758789,1.6132978477895257,0.22458508610725403,0.0022458508610725403,False,False,0.0,0.0,0.0,0.0,0.0,0.0,0.0,0.0,0.0,0.0,0.0,0.0,0.0,0.0,0.0,0.0
8,151,5.861806962057017,5.8751654350198805,False,-12.79120922088623,-0.22324872016906738,-97.80220031738281,-1.706970453262329,90.94505310058594,1.587290644645691,79.07691955566406,1.3801525831222534,92.30769348144531,1.6110731363296509,0.8928571428571428,0.008928571428571428,-0.21546819806098938,-1.736677646636963,1.594408631324768,1.3752720355987549,1.6093595027923584,0.0023804157972335815,-12.345417976379395,-0.215468191222716,-99.5042953491211,-1.7366775737190436,91.3528823852539,1.5944085788098117,78.79727935791016,1.3752719664092956,92.20950317382812,1.609359432011462,0.23804157972335815,0.0023804157972335815,False,False,0.0,0.0,0.0,0.0,0.0,0.0,0.0,0.0,0.0,0.0,0.0,0.0,0.0,0.0,0.0,0.0
8,152,5.895022321958095,5.9091280300635844,False,-12.79120922088623,-0.22324872016906738,-97.80220031738281,-1.706970453262329,90.94505310058594,1.587290644645691,79.07691955566406,1.3801525831222534,92.30769348144531,1.6110731363296509,0.8928571428571428,0.008928571428571428,-0.21773934364318848,-1.7234916687011719,1.5913505554199219,1.3764487504959106,1.6099538803100586,0.0019189193844795227,-12.475544929504395,-0.21773933500033554,-98.74879455566406,-1.7234915973717888,91.17766571044922,1.5913504709300736,78.86470031738281,1.376448684136947,92.24356079101562,1.6099538495667676,0.19189193844795227,0.0019189193844795227,False,False,0.0,0.0,0.0,0.0,0.0,0.0,0.0,0.0,0.0,0.0,0.0,0.0,0.0,0.0,0.0,0.0
8,153,5.929108728072606,5.941952220979147,False,-12.703296661376953,-0.2217143476009369,-98.15384674072266,-1.7131078243255615,91.12088012695312,1.5903593301773071,78.989013671875,1.3786183595657349,92.30769348144531,1.6110731363296509,0.8928571428571428,0.008928571428571428,-0.22000913321971893,-1.7365084886550903,1.5910924673080444,1.3761041164398193,1.6135444641113281,0.002562969923019409,-12.60559368133545,-0.22000911390789646,-99.49459838867188,-1.7365083298317692,91.16287994384766,1.591092410620445,78.84495544433594,1.3761040710918908,92.44927978515625,1.6135443233484126,0.2562969923019409,0.002562969923019409,False,False,0.0,0.0,0.0,0.0,0.0,0.0,0.0,0.0,0.0,0.0,0.0,0.0,0.0,0.0,0.0,0.0
8,154,5.962833725032397,5.974070986034349,False,-12.703296661376953,-0.2217143476009369,-98.15384674072266,-1.7131078243255615,91.29669952392578,1.5934280157089233,78.9011001586914,1.3770840167999268,92.30769348144531,1.6110731363296509,0.7554945054945055,0.007554945054945055,-0.21570837497711182,-1.7379592657089233,1.5949461460113525,1.374721646308899,1.6126482486724854,0.002988561987876892,-12.35917854309082,-0.2157083584187707,-99.57772827148438,-1.7379592199936442,91.38367462158203,1.5949460047177897,78.7657470703125,1.3747216241700306,92.39793395996094,1.6126481696416008,0.2988561987876892,0.002988561987876892,False,False,0.0,0.0,0.0,0.0,0.0,0.0,0.0,0.0,0.0,0.0,0.0,0.0,0.0,0.0,0.0,0.0
8,155,5.996163257979788,6.006643456988968,False,-12.79120922088623,-0.22324872016906738,-98.15384674072266,-1.7131078243255615,91.29669952392578,1.5934280157089233,78.9011001586914,1.3770840167999268,92.30769348144531,1.6110731363296509,0.7554945054945055,0.007554945054945055,-0.2179797887802124,-1.7288188934326172,1.5900309085845947,1.3755730390548706,1.6127842664718628,0.0026299655437469482,-12.489320755004883,-0.21797976851249928,-99.05402374267578,-1.7288188516583287,91.10205841064453,1.5900308746099394,78.81452178955078,1.3755729036124744,92.40572357177734,1.6127841240152494,0.2629965543746948,0.0026299655437469482,False,False,0.0,0.0,0.0,0.0,0.0,0.0,0.0,0.0,0.0,0.0,0.0,0.0,0.0,0.0,0.0,0.0
8,156,6.029643874964677,6.040306731010787,False,-12.79120922088623,-0.22324872016906738,-98.24176025390625,-1.7146421670913696,91.29669952392578,1.5934280157089233,78.9011001586914,1.3770840167999268,92.30769348144531,1.6110731363296509,0.7554945054945055,0.007554945054945055,-0.21674048900604248,-1.714388132095337,1.5772244930267334,1.3777923583984375,1.6181058883666992,0.004917502403259277,-12.418314933776855,-0.21674048314398772,-98.2271957397461,-1.7143879806595164,90.36830139160156,1.5772243987180208,78.94168090820312,1.3777922489068921,92.71063232421875,1.6181057856635002,0.49175024032592773,0.004917502403259277,False,False,0.0,0.0,0.0,0.0,0.0,0.0,0.0,0.0,0.0,0.0,0.0,0.0,0.0,0.0,0.0,0.0
8,157,6.063165587023832,6.073893108987249,False,-12.79120922088623,-0.22324872016906738,-98.24176025390625,-1.7146421670913696,91.29669952392578,1.5934280157089233,78.9011001586914,1.3770840167999268,92.30769348144531,1.6110731363296509,0.7554945054945055,0.007554945054945055,-0.2212725728750229,-1.719235897064209,1.581292748451233,1.3766319751739502,1.6141111850738525,0.0037192553281784058,-12.677984237670898,-0.22127256746330048,-98.50495910644531,-1.7192358659498421,90.60139465332031,1.5812926435992258,78.87519836425781,1.3766319096199446,92.48175048828125,1.6141110440283815,0.3719255328178406,0.0037192553281784058,False,False,0.0,0.0,0.0,0.0,0.0,0.0,0.0,0.0,0.0,0.0,0.0,0.0,0.0,0.0,0.0,0.0
8,158,6.096552591072395,6.106967105064541,False,-12.79120922088623,-0.22324872016906738,-98.24176025390625,-1.7146421670913696,91.29669952392578,1.5934280157089233,78.9011001586914,1.3770840167999268,92.30769348144531,1.6110731363296509,0.7554945054945055,0.007554945054945055,-0.23066139221191406,-1.5789923667907715,1.396003007888794,1.377426028251648,1.6150940656661987,0.003436826169490814,-13.215923309326172,-0.23066137543880672,-94.24176025390625,-1.6448290093057913,87.29669952392578,1.5236148328166712,78.92069244384766,1.3774259310989516,92.53807067871094,1.6150940167867296,0.3436826169490814,0.003436826169490814,False,False,0.0,0.0,0.0,0.0,0.0,3.7721633911132812,3.7721633911132812,0.0,7.311622619628906,7.311622619628906,0.0,0.0,0.0,0.0,0.0,0.0
8,159,6.129945719032548,6.141515179071575,False,-12.79120922088623,-0.22324872016906738,-98.24176025390625,-1.7146421670913696,91.29669952392578,1.5934280157089233,78.9011001586914,1.3770840167999268,92.30769348144531,1.6110731363296509,0.7554945054945055,0.007554945054945055,-0.23241379857063293,-1.4555102586746216,1.2778658866882324,1.3794187307357788,1.614109754562378,0.0034894272685050964,-13.316329002380371,-0.2324137853703493,-94.24176025390625,-1.6448290093057913,87.29669952392578,1.5236148328166712,79.03486633300781,1.3794186413846035,92.48167419433594,1.6141097124478363,0.34894272685050964,0.0034894272685050964,False,False,0.0,0.0,0.0,0.0,0.0,10.84716796875,10.84716796875,0.0,14.08038330078125,14.08038330078125,0.0,0.0,0.0,0.0,0.0,0.0
8,160,6.16334316006396,6.17421565297991,False,-12.79120922088623,-0.22324872016906738,-97.97801971435547,-1.7100390195846558,91.29669952392578,1.5934280157089233,78.9011001586914,1.3770840167999268,92.30769348144531,1.6110731363296509,0.7554945054945055,0.007554945054945055,-0.22748346626758575,-1.3894017934799194,1.2246676683425903,1.3815536499023438,1.6171079874038696,0.0028696879744529724,-13.033842086791992,-0.2274834585995288,-93.97801971435547,-1.6402258685196438,87.29669952392578,1.5236148328166712,79.15718841552734,1.3815535644724655,92.65345764160156,1.6171078992030474,0.28696879744529724,0.0028696879744529724,False,False,0.0,0.0,0.0,0.0,0.0,14.371162414550781,14.371162414550781,0.0,17.12841796875,17.12841796875,0.0,0.0,0.0,0.0,0.0,0.0
8,161,6.1966258790344,6.207844721036963,False,-12.79120922088623,-0.22324872016906738,-97.010986328125,-1.693161129951477,90.76923370361328,1.5842219591140747,79.07691955566406,1.3801525831222534,92.30769348144531,1.6110731363296509,0.7554945054945055,0.007554945054945055,-0.23683986067771912,-1.3017905950546265,1.1411051750183105,1.3800400495529175,1.6133718490600586,0.003070257604122162,-13.569923400878906,-0.2368398425887633,-93.010986328125,-1.6233479519532121,86.76923370361328,1.5144088175604853,79.07046508789062,1.3800399568669188,92.43939208984375,1.6133717505097753,0.3070257604122162,0.003070257604122162,False,False,0.0,0.0,0.0,0.0,0.0,18.42388153076172,18.42388153076172,0.0,21.38872528076172,21.38872528076172,0.0,0.0,0.0,0.0,0.0,0.0
8,162,6.230195299023762,6.24368225899525,False,-12.79120922088623,-0.22324872016906738,-95.69230651855469,-1.6701457500457764,90.5934066772461,1.5811532735824585,79.07691955566406,1.3801525831222534,92.30769348144531,1.6110731363296509,0.7554945054945055,0.007554945054945055,-0.23721829056739807,-1.22492253780365,1.0852015018463135,1.3825067281723022,1.6062806844711304,0.0031638070940971375,-13.591606140136719,-0.23721827777966356,-91.69230651855469,-1.6003326474966384,86.5934066772461,1.511340057036387,79.21179962158203,1.3825067098266048,92.03309631347656,1.6062805514752214,0.31638070940971375,0.0031638070940971375,False,False,0.0,0.0,0.0,0.0,0.0,21.509422302246094,21.509422302246094,0.0,24.415943145751953,24.415943145751953,0.0,0.0,0.0,0.0,0.0,0.0
8,163,6.263751422055066,6.275997400982305,False,-12.79120922088623,-0.22324872016906738,-95.25274658203125,-1.6624740362167358,90.5934066772461,1.5811532735824585,79.16483306884766,1.3816869258880615,92.30769348144531,1.6110731363296509,0.7554945054945055,0.007554945054945055,-0.23202499747276306,-1.3487608432769775,1.1796213388442993,1.3856871128082275,1.6150203943252563,0.006047479808330536,-13.294052124023438,-0.23202498049595455,-91.25274658203125,-1.5926608793444472,86.5934066772461,1.511340057036387,79.3940200805664,1.3856870568003774,92.53384399414062,1.6150202472245343,0.6047479808330536,0.006047479808330536,False,False,0.0,0.0,0.0,0.0,0.0,13.974449157714844,13.974449157714844,0.0,19.006088256835938,19.006088256835938,0.0,0.0,0.0,0.0,0.0,0.0
8,164,6.297884406056255,6.309696751064621,False,-12.967033386230469,-0.2263174206018448,-94.19779968261719,-1.6440616846084595,90.4175796508789,1.5780844688415527,79.16483306884766,1.3816869258880615,92.30769348144531,1.6110731363296509,0.7554945054945055,0.007554945054945055,-0.22283121943473816,-1.5052615404129028,1.3387550115585327,1.3815783262252808,1.61471426486969,0.005771830677986145,-12.767287254333496,-0.22283119913602617,-90.19779968261719,-1.5742485825159662,86.4175796508789,1.5082712965122889,79.15859985351562,1.3815781987125486,92.51630401611328,1.6147141168572299,0.5771830677986145,0.005771830677986145,False,False,0.0,0.0,0.0,0.0,0.0,3.9526748657226562,3.9526748657226562,0.0,9.712570190429688,9.712570190429688,0.0,0.0,0.0,0.0,0.0,0.0
8,165,6.331221714033745,6.344994076061994,False,-13.406593322753906,-0.2339891940355301,-93.4065933227539,-1.6302525997161865,90.4175796508789,1.5780844688415527,79.16483306884766,1.3816869258880615,92.30769348144531,1.6110731363296509,0.7554945054945055,0.007554945054945055,-0.21973258256912231,-1.6198011636734009,1.4695147275924683,1.380468726158142,1.6140947341918945,0.0036802515387535095,-12.589749336242676,-0.21973257791820536,-92.8077621459961,-1.6198010208553901,86.4175796508789,1.5082712965122889,79.09502410888672,1.3804685926443672,92.4808120727539,1.6140946655876773,0.36802515387535095,0.0036802515387535095,False,False,0.0,0.0,0.0,0.0,0.0,0.0,0.0,0.0,2.2205886840820312,2.2205886840820312,0.0,0.0,0.0,0.0,0.0,0.0
8,166,6.364679896971211,6.375143168959767,False,-13.494505882263184,-0.2355235517024994,-92.26373291015625,-1.610305905342102,90.32967376708984,1.5765502452850342,79.16483306884766,1.3816869258880615,92.30769348144531,1.6110731363296509,0.7554945054945055,0.007554945054945055,-0.21644848585128784,-1.6000410318374634,1.4359447956085205,1.3818110227584839,1.6122838258743286,0.0032480284571647644,-12.401583671569824,-0.21644846753046051,-91.67559051513672,-1.6000408981992202,86.32967376708984,1.5067370494082941,79.17193603515625,1.3818109589918217,92.3770523071289,1.6122837160464234,0.32480284571647644,0.0032480284571647644,False,False,0.0,0.0,0.0,0.0,0.0,0.0,0.0,0.0,4.056098937988281,4.056098937988281,0.0,0.0,0.0,0.0,0.0,0.0
8,167,6.398176816990599,6.40907493501436,False,-12.967033386230469,-0.2263174206018448,-91.47252655029297,-1.5964967012405396,90.24176025390625,1.5750157833099365,79.16483306884766,1.3816869258880615,92.30769348144531,1.6110731363296509,0.7554945054945055,0.007554945054945055,-0.22272895276546478,-1.631154179573059,1.4624826908111572,1.3809473514556885,1.6163133382797241,0.004461407661437988,-12.761427879333496,-0.22272893375016714,-93.45824432373047,-1.631154076582398,86.24176025390625,1.505202669146245,79.12245178222656,1.3809472958503088,92.60792541503906,1.616313211933768,0.44614076614379883,0.004461407661437988,False,False,0.0,0.0,0.0,0.0,0.0,0.0,0.0,0.0,2.4476776123046875,2.4476776123046875,0.0,0.0,0.0,0.0,0.0,0.0
8,168,6.431403849041089,6.441760765039362,False,-12.527472496032715,-0.21864564716815948,-91.64835357666016,-1.5995655059814453,90.24176025390625,1.5750157833099365,79.16483306884766,1.3816869258880615,92.30769348144531,1.6110731363296509,0.7554945054945055,0.007554945054945055,-0.22003382444381714,-1.6502317190170288,1.4924893379211426,1.3783862590789795,1.61872398853302,0.004181534051895142,-12.607008934020996,-0.22003381472700695,-94.55130767822266,-1.6502316310511806,86.24176025390625,1.505202669146245,78.9757080078125,1.3783861338299797,92.74604797363281,1.6187239053525075,0.41815340518951416,0.004181534051895142,False,False,0.0,0.0,0.0,0.0,0.0,0.0,0.0,0.0,0.728424072265625,0.728424072265625,0.0,0.0,0.0,0.0,0.0,0.0
8,169,6.46501459099818,6.47671562503092,False,-12.439560890197754,-0.21711128950119019,-92.0879135131836,-1.6072373390197754,90.24176025390625,1.5750157833099365,79.16483306884766,1.3816869258880615,92.30769348144531,1.6110731363296509,0.7554945054945055,0.007554945054945055,-0.2173478603363037,-1.5461626052856445,1.4160455465316772,1.379824161529541,1.6187227964401245,0.003169216215610504,-12.45311450958252,-0.2173478503200939,-88.58858489990234,-1.5461624861858272,86.24176025390625,1.505202669146245,79.05809783935547,1.379824107660568,92.74597930908203,1.618722706930017,0.3169216215610504,0.003169216215610504,False,False,0.0,0.0,0.0,0.0,0.0,0.0,0.0,0.0,5.108329772949219,5.108329772949219,0.0,0.0,0.0,0.0,0.0,0.0
8,170,6.498596825054847,6.509941252064891,False,-12.79120922088623,-0.22324872016906738,-92.96703338623047,-1.6225807666778564,90.24176025390625,1.5750157833099365,79.16483306884766,1.3816869258880615,92.30769348144531,1.6110731363296509,0.7554945054945055,0.007554945054945055,-0.21924751996994019,-1.6450631618499756,1.500266432762146,1.3801474571228027,1.609679937362671,0.003812655806541443,-12.561956405639648,-0.21924749977040425,-94.25517272949219,-1.6450631011656094,86.24176025390625,1.505202669146245,79.07662200927734,1.3801474154169036,92.22785949707031,1.6096798102905985,0.3812655806541443,0.003812655806541443,False,False,0.0,0.0,0.0,0.0,0.0,0.0,0.0,0.0,0.28282928466796875,0.28282928466796875,0.0,0.0,0.0,0.0,0.0,0.0
8,171,6.5319186029955745,6.543102732044645,False,-13.05494499206543,-0.2278517782688141,-93.75823974609375,-1.636389970779419,90.24176025390625,1.5750157833099365,79.16483306884766,1.3816869258880615,92.30769348144531,1.6110731363296509,0.7554945054945055,0.007554945054945055,-0.22187337279319763,-1.6143914461135864,1.4561347961425781,1.379342794418335,1.6171807050704956,0.003477424383163452,-12.712407112121582,-0.22187335996046556,-92.49781036376953,-1.6143913417331122,86.24176025390625,1.505202669146245,79.030517578125,1.3793427412935362,92.65762329101562,1.6171806035008067,0.3477424383163452,0.003477424383163452,False,False,0.0,0.0,0.0,0.0,0.0,0.0,0.0,0.0,2.8113861083984375,2.8113861083984375,0.0,0.0,0.0,0.0,0.0,0.0
8,172,6.565305741038173,6.5777940100524575,False,-12.967033386230469,-0.2263174206018448,-93.31867980957031,-1.6287182569503784,90.15384674072266,1.5734814405441284,79.16483306884766,1.3816869258880615,92.30769348144531,1.6110731363296509,0.7554945054945055,0.007554945054945055,-0.22235089540481567,-1.6235077381134033,1.472054123878479,1.3784974813461304,1.6155139207839966,0.004547916352748871,-12.739767074584961,-0.22235088138867357,-93.02013397216797,-1.6235076084605624,86.15384674072266,1.503668288884196,78.98208618164062,1.378497453963545,92.56212615966797,1.6155138641325806,0.4547916352748871,0.004547916352748871,False,False,0.0,0.0,0.0,0.0,0.0,0.0,0.0,0.0,1.8113632202148438,1.8113632202148438,0.0,0.0,0.0,0.0,0.0,0.0
8,173,6.598789358045906,6.609428831958212,False,-12.879120826721191,-0.2247830629348755,-92.61538696289062,-1.616443395614624,90.15384674072266,1.5734814405441284,79.16483306884766,1.3816869258880615,92.30769348144531,1.6110731363296509,0.7554945054945055,0.007554945054945055,-0.22184108197689056,-1.5712560415267944,1.414732575416565,1.3792996406555176,1.6176912784576416,0.003590419888496399,-12.710556983947754,-0.22184106913224835,-90.02633666992188,-1.5712559883990442,86.15384674072266,1.503668288884196,79.02804565429688,1.379299598083877,92.68687438964844,1.6176911314817748,0.3590419888496399,0.003590419888496399,False,False,0.0,0.0,0.0,0.0,0.0,0.0,0.0,0.0,5.09564208984375,5.09564208984375,0.0,0.0,0.0,0.0,0.0,0.0
8,174,6.632263796054758,6.6429454049794,False,-12.79120922088623,-0.22324872016906738,-92.61538696289062,-1.616443395614624,90.15384674072266,1.5734814405441284,79.16483306884766,1.3816869258880615,92.30769348144531,1.6110731363296509,0.7554945054945055,0.007554945054945055,-0.22245466709136963,-1.4856497049331665,1.33334481716156,1.3792997598648071,1.6129950284957886,0.0035760998725891113,-12.745713233947754,-0.2224546614474026,-88.61538696289062,-1.5466302704312995,86.15384674072266,1.503668288884196,79.0280532836914,1.3792997312419315,92.41780090332031,1.6129949132155292,0.35760998725891113,0.0035760998725891113,False,False,0.0,0.0,0.0,0.0,0.0,3.4939346313476562,3.4939346313476562,0.0,9.758819580078125,9.758819580078125,0.0,0.0,0.0,0.0,0.0,0.0
8,175,6.665707961074077,6.6759794789832085,False,-12.703296661376953,-0.2217143476009369,-93.05494689941406,-1.624115228652954,90.06593322753906,1.5719470977783203,79.16483306884766,1.3816869258880615,92.30769348144531,1.6110731363296509,0.7554945054945055,0.007554945054945055,-0.22380486130714417,-1.5772100687026978,1.4278751611709595,1.3802472352981567,1.6180946826934814,0.004765644669532776,-12.823073387145996,-0.22380485083055915,-90.36747741699219,-1.5772100176481345,86.06593322753906,1.5021339086221466,79.08233642578125,1.3802471507997272,92.70999145507812,1.6180946003869219,0.4765644669532776,0.004765644669532776,False,False,0.0,0.0,0.0,0.0,0.0,0.0,0.0,0.0,4.2547149658203125,4.2547149658203125,0.0,0.0,0.0,0.0,0.0,0.0
8,176,6.6989740550052375,6.709338456974365,False,-12.79120922088623,-0.22324872016906738,-91.64835357666016,-1.5995655059814453,89.97801971435547,1.5704126358032227,79.16483306884766,1.3816869258880615,92.30769348144531,1.6110731363296509,0.7554945054945055,0.007554945054945055,-0.22493070363998413,-1.6611000299453735,1.5146476030349731,1.3807871341705322,1.6191545724868774,0.004044815897941589,-12.887578964233398,-0.22493068553663334,-95.17401885986328,-1.661099991459794,86.78291320800781,1.514647569952211,79.11327362060547,1.3807871067107407,92.77072143554688,1.6191545385007735,0.40448158979415894,0.004044815897941589,False,False,0.0,0.0,0.0,0.0,0.0,0.0,0.0,0.0,0.0,0.0,0.0,0.0,0.0,0.0,0.0,0.0
8,177,6.732491665054113,6.742723978008144,False,-12.79120922088623,-0.22324872016906738,-89.80220031738281,-1.567344069480896,89.89010620117188,1.5688782930374146,79.16483306884766,1.3816869258880615,92.30769348144531,1.6110731363296509,0.7554945054945055,0.007554945054945055,-0.22302274405956268,-1.6324509382247925,1.4764609336853027,1.3800586462020874,1.614850401878357,0.0038698986172676086,-12.778261184692383,-0.2230227303526733,-93.53254699707031,-1.632450902875212,85.89010620117188,1.4990651480980484,79.071533203125,1.3800585989945495,92.52410888671875,1.6148503375469874,0.38698986172676086,0.0038698986172676086,False,False,0.0,0.0,0.0,0.0,0.0,0.0,0.0,0.0,1.2951278686523438,1.2951278686523438,0.0,0.0,0.0,0.0,0.0,0.0
8,178,6.765856598038226,6.7760001519927755,False,-12.79120922088623,-0.22324872016906738,-90.24176025390625,-1.5750157833099365,89.89010620117188,1.5688782930374146,79.16483306884766,1.3816869258880615,92.30769348144531,1.6110731363296509,0.7554945054945055,0.007554945054945055,-0.22558951377868652,-1.632555365562439,1.4852560758590698,1.3810603618621826,1.6148408651351929,0.004343792796134949,-12.925326347351074,-0.2255895016560485,-93.53852844238281,-1.6325552987899432,85.89010620117188,1.4990651480980484,79.1289291381836,1.3810603470385827,92.5235595703125,1.614840750167063,0.4343792796134949,0.004343792796134949,False,False,0.0,0.0,0.0,0.0,0.0,0.0,0.0,0.0,0.7912063598632812,0.7912063598632812,0.0,0.0,0.0,0.0,0.0,0.0
8,179,6.79923314799089,6.809891826007515,False,-12.79120922088623,-0.22324872016906738,-91.73626708984375,-1.6010998487472534,89.71428680419922,1.565809726715088,79.16483306884766,1.3816869258880615,92.30769348144531,1.6110731363296509,0.7554945054945055,0.007554945054945055,-0.22320455312728882,-1.6297417879104614,1.4877065420150757,1.3793494701385498,1.6195096969604492,0.0037909895181655884,-12.788678169250488,-0.22320454103134166,-93.3773193359375,-1.6297416690982744,85.71428680419922,1.4959965207320045,79.03089904785156,1.3793493991962613,92.79106903076172,1.6195096710321355,0.37909895181655884,0.0037909895181655884,False,False,0.0,0.0,0.0,0.0,0.0,0.0,0.0,0.0,0.47498321533203125,0.47498321533203125,0.0,0.0,0.0,0.0,0.0,0.0
8,180,6.83284539799206,6.997549265041016,False,-12.79120922088623,-0.22324872016906738,-93.14286041259766,-1.6256495714187622,89.53845977783203,1.5627409219741821,79.16483306884766,1.3816869258880615,92.30769348144531,1.6110731363296509,0.7554945054945055,0.007554945054945055,-0.22602039575576782,-1.6992619037628174,1.5824265480041504,1.377205491065979,1.6123299598693848,0.0030278414487838745,-12.950014114379883,-0.2260203844756665,-97.14286041259766,-1.6954627590050864,90.6663589477539,1.5824264844333271,78.9080581665039,1.377205421360693,92.37969970703125,1.6123299218913363,0.30278414487838745,0.0030278414487838745,False,False,0.0,0.0,0.0,0.0,0.0,0.2176666259765625,0.2176666259765625,0.0,0.0,0.0,0.0,0.0,0.0,0.0,0.0,0.0
8,181,6.999013758962974,7.011482091038488,False,-12.703296661376953,-0.2217143476009369,-92.96703338623047,-1.6225807666778564,89.18681335449219,1.5566035509109497,79.16483306884766,1.3816869258880615,92.30769348144531,1.6110731363296509,0.7554945054945055,0.007554945054945055,-0.22658155858516693,-1.6894608736038208,1.5718767642974854,1.379984974861145,1.6117010116577148,0.001717500388622284,-12.982166290283203,-0.22658154580685982,-96.7989730834961,-1.6894607928563747,90.06189727783203,1.5718766380910871,79.06731414794922,1.3799849625904088,92.34365844726562,1.6117008832418596,0.1717500388622284,0.001717500388622284,False,False,0.0,0.0,0.0,0.0,0.0,0.0,0.0,0.0,0.0,0.0,0.0,0.0,0.0,0.0,0.0,0.0
8,182,7.032656596042216,7.047318506985903,False,-12.703296661376953,-0.2217143476009369,-93.31867980957031,-1.6287182569503784,89.18681335449219,1.5566035509109497,79.16483306884766,1.3816869258880615,92.30769348144531,1.6110731363296509,0.7554945054945055,0.007554945054945055,-0.229303777217865,-1.7023727893829346,1.5766156911849976,1.3774467706680298,1.6168900728225708,0.001698605716228485,-13.138137817382812,-0.22930376249411158,-97.31867980957031,-1.6985313863711302,90.33341979980469,1.5766156000928286,78.92188262939453,1.3774467037554543,92.6409683227539,1.6168899194678246,0.1698605716228485,0.001698605716228485,False,False,0.0,0.0,0.0,0.0,0.0,0.2200927734375,0.2200927734375,0.0,0.0,0.0,0.0,0.0,0.0,0.0,0.0,0.0
8,183,7.065967716975138,7.0771178170107305,False,-12.703296661376953,-0.2217143476009369,-93.4945068359375,-1.6317869424819946,89.18681335449219,1.5566035509109497,79.16483306884766,1.3816869258880615,92.30769348144531,1.6110731363296509,0.7554945054945055,0.007554945054945055,-0.225867360830307,-1.720296025276184,1.577300786972046,1.3784191608428955,1.6149424314498901,0.0018007680773735046,-12.941246032714844,-0.22586735258152782,-97.4945068359375,-1.7016001468952284,90.37267303466797,1.5773006982832516,78.97759246826172,1.3784190238694423,92.52938079833984,1.6149423497626496,0.18007680773735046,0.0018007680773735046,False,False,0.0,0.0,0.0,0.0,0.0,1.0711898803710938,1.0711898803710938,0.0,0.0,0.0,0.0,0.0,0.0,0.0,0.0,0.0
8,184,7.09947816899512,7.110461111064069,False,-12.703296661376953,-0.2217143476009369,-95.34066009521484,-1.664008378982544,90.15384674072266,1.5734814405441284,79.16483306884766,1.3816869258880615,92.30769348144531,1.6110731363296509,0.7554945054945055,0.007554945054945055,-0.22594186663627625,-1.7123165130615234,1.5946972370147705,1.3783944845199585,1.6165151596069336,0.0023945122957229614,-12.945514678955078,-0.2259418545130228,-98.10850524902344,-1.7123164408055982,91.36941528320312,1.5946971323139216,78.97618103027344,1.378394389629359,92.61949157714844,1.6165150795443959,0.23945122957229614,0.0023945122957229614,False,False,0.0,0.0,0.0,0.0,0.0,0.0,0.0,0.0,0.0,0.0,0.0,0.0,0.0,0.0,0.0,0.0
8,185,7.132789158960804,7.143147162976675,False,-12.79120922088623,-0.22324872016906738,-95.86813354492188,-1.6732145547866821,90.68132019042969,1.5826876163482666,79.16483306884766,1.3816869258880615,92.30769348144531,1.6110731363296509,0.7554945054945055,0.007554945054945055,-0.227403461933136,-1.7157849073410034,1.5842962265014648,1.378985047340393,1.615583062171936,0.0035137757658958435,-13.029257774353027,-0.22740344725352873,-98.3072280883789,-1.715784808651263,90.77348327636719,1.5842961566766172,79.01001739501953,1.378984945601084,92.56608581542969,1.6155829731628681,0.35137757658958435,0.0035137757658958435,False,False,0.0,0.0,0.0,0.0,0.0,0.0,0.0,0.0,0.0,0.0,0.0,0.0,0.0,0.0,0.0,0.0
8,186,7.166144925053231,7.178193347994238,False,-12.879120826721191,-0.2247830629348755,-96.3956069946289,-1.6824207305908203,91.03296661376953,1.588824987411499,79.07691955566406,1.3801525831222534,92.30769348144531,1.6110731363296509,0.7554945054945055,0.007554945054945055,-0.22804073989391327,-1.7212039232254028,1.579498291015625,1.3786687850952148,1.6193805932998657,0.0027893781661987305,-13.065771102905273,-0.22804072505762787,-98.61771392822266,-1.7212038088373562,90.49858093261719,1.5794982056567306,78.99189758300781,1.3786686952216372,92.7836685180664,1.6193805077192667,0.27893781661987305,0.0027893781661987305,False,False,0.0,0.0,0.0,0.0,0.0,0.0,0.0,0.0,0.0,0.0,0.0,0.0,0.0,0.0,0.0,0.0
8,187,7.199757304042578,7.211357492022216,False,-13.05494499206543,-0.2278517782688141,-96.83516693115234,-1.6900924444198608,91.20879364013672,1.5918937921524048,78.989013671875,1.3786183595657349,92.30769348144531,1.6110731363296509,0.7554945054945055,0.007554945054945055,-0.2282578945159912,-1.709822177886963,1.5842965841293335,1.3798048496246338,1.6122814416885376,0.003535144031047821,-13.078213691711426,-0.22825788919976703,-97.96559143066406,-1.70982212412863,90.77350616455078,1.5842965561507807,79.05699157714844,1.379804799742665,92.37691497802734,1.6122813192014425,0.3535144031047821,0.003535144031047821,False,False,0.0,0.0,0.0,0.0,0.0,0.0,0.0,0.0,0.0,0.0,0.0,0.0,0.0,0.0,0.0,0.0
8,188,7.232952076010406,7.24297891499009,False,-13.05494499206543,-0.2278517782688141,-97.0988998413086,-1.6946954727172852,91.20879364013672,1.5918937921524048,78.989013671875,1.3786183595657349,92.30769348144531,1.6110731363296509,0.7554945054945055,0.007554945054945055,-0.22771503031253815,-1.7205466032028198,1.5843385457992554,1.3782999515533447,1.6113226413726807,0.0035485923290252686,-13.047109603881836,-0.22771502045631117,-98.5800552368164,-1.7205465406803246,90.77590942382812,1.5843385009379496,78.97076416015625,1.3782998474106611,92.32198333740234,1.611322581209014,0.35485923290252686,0.0035485923290252686,False,False,0.0,0.0,0.0,0.0,0.0,0.0,0.0,0.0,0.0,0.0,0.0,0.0,0.0,0.0,0.0,0.0
8,189,7.266518263029866,7.2789766560308635,False,-13.05494499206543,-0.2278517782688141,-97.0988998413086,-1.6946954727172852,91.20879364013672,1.5918937921524048,78.989013671875,1.3786183595657349,92.30769348144531,1.6110731363296509,0.7554945054945055,0.007554945054945055,-0.23109710216522217,-1.6628899574279785,1.4864023923873901,1.3823299407958984,1.6166704893112183,0.0041375532746315,-13.240887641906738,-0.23109708523790048,-95.27657318115234,-1.6628899020284362,87.20879364013672,1.5220805857126767,79.20166778564453,1.3823298759302236,92.62838745117188,1.6166703418359476,0.41375532746315,0.0041375532746315,False,False,0.0,0.0,0.0,0.0,0.0,0.0,0.0,0.0,2.0442123413085938,2.0442123413085938,0.0,0.0,0.0,0.0,0.0,0.0
8,190,7.300213951035403,7.314095059991814,False,-13.05494499206543,-0.2278517782688141,-97.18681335449219,-1.6962298154830933,91.20879364013672,1.5918937921524048,78.989013671875,1.3786183595657349,92.30769348144531,1.6110731363296509,0.7554945054945055,0.007554945054945055,-0.2293562889099121,-1.7104153633117676,1.5729238986968994,1.3785585165023804,1.6083457469940186,0.004091605544090271,-13.141146659851074,-0.22935627670185657,-97.99957275390625,-1.7104152101033907,90.12189483642578,1.5729237930317064,78.98558044433594,1.378558440352508,92.15142059326172,1.6083456997425234,0.4091605544090271,0.004091605544090271,False,False,0.0,0.0,0.0,0.0,0.0,0.0,0.0,0.0,0.0,0.0,0.0,0.0,0.0,0.0,0.0,0.0
8,191,7.333426277036779,7.346085263998248,False,-13.05494499206543,-0.2278517782688141,-97.18681335449219,-1.6962298154830933,91.20879364013672,1.5918937921524048,78.989013671875,1.3786183595657349,92.30769348144531,1.6110731363296509,0.7554945054945055,0.007554945054945055,-0.22826948761940002,-1.7248183488845825,1.5923348665237427,1.3799424171447754,1.612788200378418,0.004106201231479645,-13.078877449035645,-0.22826947395050887,-98.8248062133789,-1.7248182510688117,91.23406219482422,1.592334775268967,79.06487274169922,1.3799423520129674,92.40595245361328,1.6127881187568844,0.4106201231479645,0.004106201231479645,False,False,0.0,0.0,0.0,0.0,0.0,0.0,0.0,0.0,0.0,0.0,0.0,0.0,0.0,0.0,0.0,0.0
8,192,7.366918217972852,7.378912016982213,False,-13.05494499206543,-0.2278517782688141,-96.57142639160156,-1.685489296913147,90.94505310058594,1.587290644645691,79.07691955566406,1.3801525831222534,92.30769348144531,1.6110731363296509,0.7554945054945055,0.007554945054945055,-0.22404921054840088,-1.7148501873016357,1.5809717178344727,1.3799101114273071,1.613144874572754,0.004146695137023926,-12.83707332611084,-0.22404919586057392,-98.25366973876953,-1.7148500391086452,90.58300018310547,1.5809715995298168,79.06301879882812,1.3799099946057232,92.4263916015625,1.6131448491849005,0.4146695137023926,0.004146695137023926,False,False,0.0,0.0,0.0,0.0,0.0,0.0,0.0,0.0,0.0,0.0,0.0,0.0,0.0,0.0,0.0,0.0
8,193,7.400264112977311,7.4116471509914845,False,-13.05494499206543,-0.2278517782688141,-96.57142639160156,-1.685489296913147,90.94505310058594,1.587290644645691,79.07691955566406,1.3801525831222534,92.30769348144531,1.6110731363296509,0.7554945054945055,0.007554945054945055,-0.22694732248783112,-1.701725959777832,1.5716571807861328,1.3800517320632935,1.617972731590271,0.003782302141189575,-13.00312328338623,-0.2269473143378254,-97.501708984375,-1.70172584809868,90.04931640625,1.5716570604592102,79.07113647460938,1.3800516747757152,92.7030029296875,1.6179726276089963,0.3782302141189575,0.003782302141189575,False,False,0.0,0.0,0.0,0.0,0.0,0.0,0.0,0.0,0.0,0.0,0.0,0.0,0.0,0.0,0.0,0.0
8,194,7.433445275994018,7.444543872028589,False,-13.05494499206543,-0.2278517782688141,-97.0988998413086,-1.6946954727172852,91.20879364013672,1.5918937921524048,78.989013671875,1.3786183595657349,92.30769348144531,1.6110731363296509,0.7554945054945055,0.007554945054945055,-0.23013009130954742,-1.7095882892608643,1.5614659786224365,1.3796300888061523,1.6154309511184692,0.0036673471331596375,-13.185482025146484,-0.2301300748013359,-97.95218658447266,-1.7095881654268665,89.46540832519531,1.561465941915804,79.0469741821289,1.3796299632171012,92.557373046875,1.6154309066646246,0.36673471331596375,0.0036673471331596375,False,False,0.0,0.0,0.0,0.0,0.0,0.0,0.0,0.0,0.0,0.0,0.0,0.0,0.0,0.0,0.0,0.0
8,195,7.46751117403619,7.478504382073879,False,-13.05494499206543,-0.2278517782688141,-97.18681335449219,-1.6962298154830933,91.20879364013672,1.5918937921524048,78.989013671875,1.3786183595657349,92.30769348144531,1.6110731363296509,0.7554945054945055,0.007554945054945055,-0.23360270261764526,-1.7088916301727295,1.5601657629013062,1.3797478675842285,1.6133625507354736,0.00493738055229187,-13.384448051452637,-0.23360268705998793,-97.91226959228516,-1.708891482485702,89.39090728759766,1.5601656535135728,79.05372619628906,1.3797478080953371,92.43885803222656,1.61336242944596,0.493738055229187,0.00493738055229187,False,False,0.0,0.0,0.0,0.0,0.0,0.0,0.0,0.0,0.0,0.0,0.0,0.0,0.0,0.0,0.0,0.0
8,196,7.50072245602496,7.51150498399511,False,-13.05494499206543,-0.2278517782688141,-97.0988998413086,-1.6946954727172852,91.20879364013672,1.5918937921524048,78.989013671875,1.3786183595657349,92.30769348144531,1.6110731363296509,0.7554945054945055,0.007554945054945055,-0.22548025846481323,-1.7162623405456543,1.5764518976211548,1.378603219985962,1.6149799823760986,0.004555150866508484,-12.919066429138184,-0.225480245472328,-98.33457946777344,-1.7162621802766598,90.32403564453125,1.576451815685789,78.98814392089844,1.378603181458821,92.53153228759766,1.6149799003340197,0.4555150866508484,0.004555150866508484,False,False,0.0,0.0,0.0,0.0,0.0,0.0,0.0,0.0,0.0,0.0,0.0,0.0,0.0,0.0,0.0,0.0
8,197,7.534952707006596,7.5470565389841795,False,-13.05494499206543,-0.2278517782688141,-97.18681335449219,-1.6962298154830933,91.20879364013672,1.5918937921524048,78.989013671875,1.3786183595657349,92.30769348144531,1.6110731363296509,0.7554945054945055,0.007554945054945055,-0.225656658411026,-1.7276520729064941,1.5842305421829224,1.3796641826629639,1.6134814023971558,0.003802351653575897,-12.929173469543457,-0.22565664660503212,-98.98716735839844,-1.7276519876267107,90.76972198486328,1.5842305097557468,79.0489273071289,1.3796640516790541,92.44567108154297,1.613481339588632,0.3802351653575897,0.003802351653575897,False,False,0.0,0.0,0.0,0.0,0.0,0.0,0.0,0.0,0.0,0.0,0.0,0.0,0.0,0.0,0.0,0.0
8,198,7.568030979018658,7.581376933027059,False,-13.05494499206543,-0.2278517782688141,-97.18681335449219,-1.6962298154830933,91.20879364013672,1.5918937921524048,78.989013671875,1.3786183595657349,92.30769348144531,1.6110731363296509,0.7554945054945055,0.007554945054945055,-0.22069251537322998,-1.7110882997512817,1.582016110420227,1.3784507513046265,1.6140358448028564,0.0034928321838378906,-12.64474868774414,-0.2206924976883676,-98.03813171386719,-1.7110881909108537,90.64283752441406,1.5820159581512914,78.97940826416016,1.378450715486414,92.4774398803711,1.6140358097275866,0.34928321838378906,0.0034928321838378906,False,False,0.0,0.0,0.0,0.0,0.0,0.0,0.0,0.0,0.0,0.0,0.0,0.0,0.0,0.0,0.0,0.0
8,199,7.601162504055537,7.61419246904552,False,-13.05494499206543,-0.2278517782688141,-97.36264038085938,-1.699298620223999,91.20879364013672,1.5918937921524048,78.989013671875,1.3786183595657349,92.30769348144531,1.6110731363296509,0.7554945054945055,0.007554945054945055,-0.22554275393486023,-1.7195814847946167,1.5732547044754028,1.3787082433700562,1.6161936521530151,0.0034805089235305786,-12.922647476196289,-0.2255427465341608,-98.5247573852539,-1.71958141110128,90.1408462524414,1.5732545576390942,78.99415588378906,1.3787081100057703,92.60106658935547,1.6161935028427687,0.34805089235305786,0.0034805089235305786,False,False,0.0,0.0,0.0,0.0,0.0,0.0,0.0,0.0,0.0,0.0,0.0,0.0,0.0,0.0,0.0,0.0
8,200,7.634661566000432,7.647099868976511,False,-13.05494499206543,-0.2278517782688141,-97.45054626464844,-1.7008328437805176,91.20879364013672,1.5918937921524048,78.989013671875,1.3786183595657349,92.30769348144531,1.6110731363296509,0.7554945054945055,0.007554945054945055,-0.2249588668346405,-1.709535002708435,1.5772613286972046,1.3791062831878662,1.611125111579895,0.003503739833831787,-12.889192581176758,-0.22495884846516093,-97.94913482666016,-1.709534902205065,90.37041473388672,1.5772612834991184,79.0169677734375,1.3791062525887372,92.31066131591797,1.61112497465613,0.3503739833831787,0.003503739833831787,False,False,0.0,0.0,0.0,0.0,0.0,0.0,0.0,0.0,0.0,0.0,0.0,0.0,0.0,0.0,0.0,0.0
8,201,7.667783000040799,7.679015601053834,False,-13.05494499206543,-0.2278517782688141,-97.45054626464844,-1.7008328437805176,91.20879364013672,1.5918937921524048,78.989013671875,1.3786183595657349,92.30769348144531,1.6110731363296509,0.7554945054945055,0.007554945054945055,-0.22611823678016663,-1.721750259399414,1.5786075592041016,1.3785533905029297,1.6111875772476196,0.00316590815782547,-12.955619812011719,-0.2261182223562133,-98.64901733398438,-1.721750156334986,90.44754791259766,1.5786075114301534,78.98529052734375,1.3785533803464367,92.31423950195312,1.6111874257836925,0.316590815782547,0.00316590815782547,False,False,0.0,0.0,0.0,0.0,0.0,0.0,0.0,0.0,0.0,0.0,0.0,0.0,0.0,0.0,0.0,0.0
8,202,7.701477503986098,7.714404687983915,False,-13.05494499206543,-0.2278517782688141,-97.45054626464844,-1.7008328437805176,91.20879364013672,1.5918937921524048,78.989013671875,1.3786183595657349,92.30769348144531,1.6110731363296509,0.7554945054945055,0.007554945054945055,-0.22639626264572144,-1.7355940341949463,1.5808095932006836,1.378000020980835,1.614480972290039,0.0036770328879356384,-12.971549987792969,-0.22639625637401756,-99.44220733642578,-1.7355939334714905,90.57371520996094,1.5808095461774856,78.95358276367188,1.3779999754719183,92.50293731689453,1.6144808239457389,0.36770328879356384,0.0036770328879356384,False,False,0.0,0.0,0.0,0.0,0.0,0.0,0.0,0.0,0.0,0.0,0.0,0.0,0.0,0.0,0.0,0.0
8,203,7.73492040799465,7.745710976072587,False,-13.05494499206543,-0.2278517782688141,-97.53845977783203,-1.7023673057556152,91.20879364013672,1.5918937921524048,78.989013671875,1.3786183595657349,92.30769348144531,1.6110731363296509,0.7554945054945055,0.007554945054945055,-0.22217345237731934,-1.7265758514404297,1.5775116682052612,1.3754023313522339,1.6117677688598633,0.005412742495536804,-12.72960090637207,-0.22217344828104704,-98.92550659179688,-1.7265758042302095,90.38475799560547,1.5775116206415858,78.80474090576172,1.3754021949866004,92.34748840332031,1.6117677285852205,0.5412742495536804,0.005412742495536804,False,False,0.0,0.0,0.0,0.0,0.0,0.0,0.0,0.0,0.0,0.0,0.0,0.0,0.0,0.0,0.0,0.0
8,204,7.768279333016835,7.779128330992535,False,-13.05494499206543,-0.2278517782688141,-97.89010620117188,-1.7085046768188477,91.20879364013672,1.5918937921524048,78.989013671875,1.3786183595657349,92.30769348144531,1.6110731363296509,0.7554945054945055,0.007554945054945055,-0.2214663028717041,-1.7220330238342285,1.5759499073028564,1.3783783912658691,1.6119980812072754,0.005036182701587677,-12.68908405303955,-0.22146629578784693,-98.66522216796875,-1.7220329840427524,90.29527282714844,1.5759498098203089,78.97525787353516,1.378378277504764,92.36067962646484,1.611997958861458,0.5036182701587677,0.005036182701587677,False,False,0.0,0.0,0.0,0.0,0.0,0.0,0.0,0.0,0.0,0.0,0.0,0.0,0.0,0.0,0.0,0.0
8,205,7.8015017580473796,7.812202553963289,False,-13.05494499206543,-0.2278517782688141,-97.97801971435547,-1.7100390195846558,91.20879364013672,1.5918937921524048,78.989013671875,1.3786183595657349,92.30769348144531,1.6110731363296509,0.7554945054945055,0.007554945054945055,-0.22668468952178955,-1.715602159500122,1.5759961605072021,1.3791700601577759,1.6174615621566772,0.004038229584693909,-12.988075256347656,-0.22668467672007314,-98.29676055908203,-1.7156021158004835,90.29792022705078,1.5759960156652217,79.02062225341797,1.3791700352968446,92.67371368408203,1.6174614338377555,0.40382295846939087,0.004038229584693909,False,False,0.0,0.0,0.0,0.0,0.0,0.0,0.0,0.0,0.0,0.0,0.0,0.0,0.0,0.0,0.0,0.0
8,206,7.834996495977975,7.846212730975822,False,-13.05494499206543,-0.2278517782688141,-97.97801971435547,-1.7100390195846558,91.20879364013672,1.5918937921524048,78.989013671875,1.3786183595657349,92.30769348144531,1.6110731363296509,0.7554945054945055,0.007554945054945055,-0.22627845406532288,-1.7160664796829224,1.5737133026123047,1.3788189888000488,1.6186786890029907,0.003448396921157837,-12.964799880981445,-0.22627844478529519,-98.3233642578125,-1.716066437936539,90.16712188720703,1.5737131539788058,79.00050354003906,1.3788188975071176,92.74345397949219,1.6186786316139763,0.3448396921157837,0.003448396921157837,False,False,0.0,0.0,0.0,0.0,0.0,0.0,0.0,0.0,0.0,0.0,0.0,0.0,0.0,0.0,0.0,0.0
8,207,7.869253686978482,7.880859595024958,False,-13.05494499206543,-0.2278517782688141,-97.97801971435547,-1.7100390195846558,91.20879364013672,1.5918937921524048,78.989013671875,1.3786183595657349,92.30769348144531,1.6110731363296509,0.7554945054945055,0.007554945054945055,-0.22704613208770752,-1.7361143827438354,1.580640435218811,1.3782193660736084,1.6153457164764404,0.004454530775547028,-13.008784294128418,-0.22704611761426735,-99.4720230102539,-1.736114315148492,90.56401824951172,1.580640302290211,78.96614837646484,1.3782192867876863,92.552490234375,1.6153456855097421,0.44545307755470276,0.004454530775547028,False,False,0.0,0.0,0.0,0.0,0.0,0.0,0.0,0.0,0.0,0.0,0.0,0.0,0.0,0.0,0.0,0.0
8,208,7.90253375901375,7.913212134037167,False,-13.05494499206543,-0.2278517782688141,-97.97801971435547,-1.7100390195846558,91.20879364013672,1.5918937921524048,78.989013671875,1.3786183595657349,92.30769348144531,1.6110731363296509,0.7554945054945055,0.007554945054945055,-0.22198116779327393,-1.7196996212005615,1.5748872756958008,1.3774586915969849,1.6102025508880615,0.004553996026515961,-12.718583106994629,-0.22198115140558652,-98.53152465820312,-1.719699522295625,90.23439025878906,1.5748872085453673,78.92256164550781,1.377458554822305,92.25780487060547,1.6102024556545265,0.45539960265159607,0.004553996026515961,False,False,0.0,0.0,0.0,0.0,0.0,0.0,0.0,0.0,0.0,0.0,0.0,0.0,0.0,0.0,0.0,0.0
8,209,7.935588444001041,7.96731863997411,False,-13.05494499206543,-0.2278517782688141,-97.97801971435547,-1.7100390195846558,91.20879364013672,1.5918937921524048,78.989013671875,1.3786183595657349,92.30769348144531,1.6110731363296509,0.7554945054945055,0.007554945054945055,-0.22084172070026398,-1.735247254371643,1.5834521055221558,1.3783068656921387,1.612561821937561,0.004632197320461273,-12.653297424316406,-0.2208417012884393,-99.4223403930664,-1.735247189897562,90.7251205444336,1.5834520677691166,78.97116088867188,1.3783067716294954,92.39298248291016,1.6125617500642278,0.4632197320461273,0.004632197320461273,False,False,0.0,0.0,0.0,0.0,0.0,0.0,0.0,0.0,0.0,0.0,0.0,0.0,0.0,0.0,0.0,0.0
8,210,7.968871135963127,8.15013543900568,False,-13.05494499206543,-0.2278517782688141,-98.15384674072266,-1.7131078243255615,91.20879364013672,1.5918937921524048,78.989013671875,1.3786183595657349,92.30769348144531,1.6110731363296509,0.7554945054945055,0.007554945054945055,-0.2206679880619049,-1.749720573425293,1.599401593208313,1.3729575872421265,1.6109840869903564,0.0018252506852149963,-12.643343925476074,-0.22066797996158208,-100.00004577636719,-1.7453300509426566,91.63895416259766,1.5994014732214923,78.6646728515625,1.3729575462639623,92.30258178710938,1.6109839602764102,0.18252506852149963,0.0018252506852149963,False,False,0.0,0.0,0.0,0.0,0.251556396484375,0.0,0.251556396484375,0.0,0.0,0.0,0.0,0.0,0.0,0.0,0.0,0.0
8,211,8.151580926962197,8.16424538102001,False,-13.05494499206543,-0.2278517782688141,-98.24176025390625,-1.7146421670913696,91.20879364013672,1.5918937921524048,78.989013671875,1.3786183595657349,92.30769348144531,1.6110731363296509,0.7554945054945055,0.007554945054945055,-0.22257253527641296,-1.7409123182296753,1.5977199077606201,1.374712347984314,1.6069467067718506,0.0023208335041999817,-12.752466201782227,-0.22257252297039543,-99.7469253540039,-1.7409122661683787,91.5426025390625,1.5977198201511618,78.76521301269531,1.3747123031062154,92.07125854492188,1.6069466080638501,0.23208335041999817,0.0023208335041999817,False,False,0.0,0.0,0.0,0.0,0.0,0.0,0.0,0.0,0.0,0.0,0.0,0.0,0.0,0.0,0.0,0.0
8,212,8.185062687960453,8.195441488991491,False,-13.05494499206543,-0.2278517782688141,-98.32967376708984,-1.7161765098571777,91.20879364013672,1.5918937921524048,78.989013671875,1.3786183595657349,92.30769348144531,1.6110731363296509,0.7554945054945055,0.007554945054945055,-0.2256196141242981,-1.7320852279663086,1.5773736238479614,1.3751407861709595,1.6078455448150635,0.0019314587116241455,-12.927050590515137,-0.2256195953763664,-99.24116516113281,-1.7320850855772565,90.37684631347656,1.5773735357390652,78.78975677490234,1.3751406725675546,92.12275695800781,1.607845424931752,0.19314587116241455,0.0019314587116241455,False,False,0.0,0.0,0.0,0.0,0.0,0.0,0.0,0.0,0.0,0.0,0.0,0.0,0.0,0.0,0.0,0.0
8,213,8.218488059006631,8.231763369985856,False,-13.05494499206543,-0.2278517782688141,-98.32967376708984,-1.7161765098571777,91.20879364013672,1.5918937921524048,78.989013671875,1.3786183595657349,92.30769348144531,1.6110731363296509,0.7554945054945055,0.007554945054945055,-0.22891879081726074,-1.7306241989135742,1.5836879014968872,1.3751041889190674,1.605440378189087,0.0015298351645469666,-13.116080284118652,-0.2289187859137838,-99.15745544433594,-1.730624075403239,90.7386245727539,1.5836877575255885,78.78765869140625,1.375104054102566,91.98495483398438,1.6054403241513013,0.15298351645469666,0.0015298351645469666,False,False,0.0,0.0,0.0,0.0,0.0,0.0,0.0,0.0,0.0,0.0,0.0,0.0,0.0,0.0,0.0,0.0
8,214,8.251908530015498,8.264666963019408,False,-13.05494499206543,-0.2278517782688141,-98.32967376708984,-1.7161765098571777,91.20879364013672,1.5918937921524048,78.989013671875,1.3786183595657349,92.30769348144531,1.6110731363296509,0.7554945054945055,0.007554945054945055,-0.22842951118946075,-1.725331425666809,1.5892407894134521,1.3749659061431885,1.6045068502426147,0.0012368932366371155,-13.088046073913574,-0.228429496642509,-98.85420227050781,-1.7253313090528155,91.0567855834961,1.589240714714513,78.77973937988281,1.374965836041991,91.93146514892578,1.604506753031174,0.12368932366371155,0.0012368932366371155,False,False,0.0,0.0,0.0,0.0,0.0,0.0,0.0,0.0,0.0,0.0,0.0,0.0,0.0,0.0,0.0,0.0
8,215,8.286071076057851,8.297903793049045,False,-13.05494499206543,-0.2278517782688141,-98.32967376708984,-1.7161765098571777,91.20879364013672,1.5918937921524048,78.989013671875,1.3786183595657349,92.30769348144531,1.6110731363296509,0.7554945054945055,0.007554945054945055,-0.22500982880592346,-1.7288953065872192,1.5852818489074707,1.3746377229690552,1.604714274406433,0.0019682124257087708,-12.892112731933594,-0.2250098147105223,-99.05839538574219,-1.7288951512235595,90.8299560546875,1.5852817925960556,78.76093292236328,1.3746376014376387,91.94335174560547,1.6047142132800913,0.19682124257087708,0.0019682124257087708,False,False,0.0,0.0,0.0,0.0,0.0,0.0,0.0,0.0,0.0,0.0,0.0,0.0,0.0,0.0,0.0,0.0
8,216,8.319057109067217,8.330759430071339,False,-13.05494499206543,-0.2278517782688141,-98.32967376708984,-1.7161765098571777,91.20879364013672,1.5918937921524048,78.989013671875,1.3786183595657349,92.30769348144531,1.6110731363296509,0.7554945054945055,0.007554945054945055,-0.22081011533737183,-1.734055757522583,1.5972702503204346,1.3754112720489502,1.6068869829177856,0.0011223331093788147,-12.651487350463867,-0.22081010954000824,-99.35407257080078,-1.7340556916258607,91.51683807373047,1.5972701454011018,78.80525970458984,1.3754112497343067,92.06784057617188,1.6068869532554324,0.11223331093788147,0.0011223331093788147,False,False,0.0,0.0,0.0,0.0,0.0,0.0,0.0,0.0,0.0,0.0,0.0,0.0,0.0,0.0,0.0,0.0
8,217,8.35240498103667,8.365450776997022,False,-13.05494499206543,-0.2278517782688141,-98.32967376708984,-1.7161765098571777,91.20879364013672,1.5918937921524048,78.989013671875,1.3786183595657349,92.30769348144531,1.6110731363296509,0.7554945054945055,0.007554945054945055,-0.2247266322374344,-1.7324260473251343,1.5915919542312622,1.3730849027633667,1.6048901081085205,0.001446366310119629,-12.875886917114258,-0.22472662081810602,-99.26069641113281,-1.7324259701967866,91.19149780273438,1.5915918864828893,78.67196655273438,1.373084845364068,91.95342254638672,1.6048899819120366,0.1446366310119629,0.001446366310119629,False,False,0.0,0.0,0.0,0.0,0.0,0.0,0.0,0.0,0.0,0.0,0.0,0.0,0.0,0.0,0.0,0.0
8,218,8.385823960998096,8.3987143720733,False,-13.05494499206543,-0.2278517782688141,-98.32967376708984,-1.7161765098571777,91.20879364013672,1.5918937921524048,78.989013671875,1.3786183595657349,92.30769348144531,1.6110731363296509,0.7554945054945055,0.007554945054945055,-0.22487300634384155,-1.7364178895950317,1.585042953491211,1.3726446628570557,1.6078070402145386,0.0019328594207763672,-12.884273529052734,-0.2248729948095195,-99.48941040039062,-1.7364177823547065,90.81626892089844,1.5850429070462755,78.64674377441406,1.372644624835878,92.12055206298828,1.6078069422540002,0.19328594207763672,0.0019328594207763672,False,False,0.0,0.0,0.0,0.0,0.0,0.0,0.0,0.0,0.0,0.0,0.0,0.0,0.0,0.0,0.0,0.0
8,219,8.419496693066321,8.43189072504174,False,-13.05494499206543,-0.2278517782688141,-98.32967376708984,-1.7161765098571777,91.20879364013672,1.5918937921524048,78.989013671875,1.3786183595657349,92.30769348144531,1.6110731363296509,0.7554945054945055,0.007554945054945055,-0.22303253412246704,-1.7393189668655396,1.5904287099838257,1.3717479705810547,1.605475902557373,0.0013928115367889404,-12.77882194519043,-0.22303251746967936,-99.65563201904297,-1.7393188968881843,91.12484741210938,1.5904286177187428,78.59536743164062,1.3717479384968483,91.98699188232422,1.6054758773518538,0.13928115367889404,0.0013928115367889404,False,False,0.0,0.0,0.0,0.0,0.0,0.0,0.0,0.0,0.0,0.0,0.0,0.0,0.0,0.0,0.0,0.0
8,220,8.45297392399516,8.464840513071977,False,-13.05494499206543,-0.2278517782688141,-98.32967376708984,-1.7161765098571777,91.20879364013672,1.5918937921524048,78.989013671875,1.3786183595657349,92.30769348144531,1.6110731363296509,0.7554945054945055,0.007554945054945055,-0.22141313552856445,-1.7434980869293213,1.581130027770996,1.3732308149337769,1.6121357679367065,0.002308569848537445,-12.686037063598633,-0.22141311578982942,-99.89507293701172,-1.7434979292707367,90.59207153320312,1.5811299244566221,78.68032836914062,1.3732307865918043,92.36856842041016,1.6121356442898152,0.2308569848537445,0.002308569848537445,False,False,0.0,0.0,0.0,0.0,0.0,0.0,0.0,0.0,0.0,0.0,0.0,0.0,0.0,0.0,0.0,0.0
8,221,8.486355912056752,8.498218444059603,False,-13.05494499206543,-0.2278517782688141,-98.32967376708984,-1.7161765098571777,91.20879364013672,1.5918937921524048,78.989013671875,1.3786183595657349,92.30769348144531,1.6110731363296509,0.7554945054945055,0.007554945054945055,-0.22392210364341736,-1.5839691162109375,1.3504961729049683,1.3787306547164917,1.616997241973877,0.0015038475394248962,-12.829791069030762,-0.22392209649754988,-94.32967376708984,-1.6463633895678405,87.20879364013672,1.5220805857126767,78.99544525146484,1.3787306137169815,92.64710998535156,1.6169971117017001,0.15038475394248962,0.0015038475394248962,False,False,0.0,0.0,0.0,0.0,0.0,3.5749359130859375,3.5749359130859375,0.0,9.831069946289062,9.831069946289062,0.0,0.0,0.0,0.0,0.0,0.0
8,222,8.519870955962688,8.530256991041824,False,-13.05494499206543,-0.2278517782688141,-98.32967376708984,-1.7161765098571777,91.20879364013672,1.5918937921524048,78.989013671875,1.3786183595657349,92.30769348144531,1.6110731363296509,0.7554945054945055,0.007554945054945055,-0.22480705380439758,-1.5983052253723145,1.371763825416565,1.376367211341858,1.6138015985488892,0.003137357532978058,-12.880495071411133,-0.22480704828302642,-94.32967376708984,-1.6463633895678405,87.20879364013672,1.5220805857126767,78.86003112792969,1.3763671914075906,92.4640121459961,1.6138014515516597,0.3137357532978058,0.003137357532978058,False,False,0.0,0.0,0.0,0.0,0.0,2.7535324096679688,2.7535324096679688,0.0,8.612518310546875,8.612518310546875,0.0,0.0,0.0,0.0,0.0,0.0
8,223,8.55306023801677,8.573285604012199,False,-13.05494499206543,-0.2278517782688141,-98.32967376708984,-1.7161765098571777,91.12088012695312,1.5903593301773071,78.989013671875,1.3786183595657349,92.30769348144531,1.6110731363296509,0.7554945054945055,0.007554945054945055,-0.22965365648269653,-1.4792814254760742,1.2758463621139526,1.3758013248443604,1.6107020378112793,0.003368861973285675,-13.158185005187988,-0.22965365192707754,-94.32967376708984,-1.6463633895678405,87.12088012695312,1.5205462054506276,78.82760620117188,1.3758012696759487,92.28642272949219,1.6107019315169708,0.3368861973285675,0.003368861973285675,False,False,0.0,0.0,0.0,0.0,0.0,9.573097229003906,9.573097229003906,0.0,14.020271301269531,14.020271301269531,0.0,0.0,0.0,0.0,0.0,0.0
8,224,8.586817358038388,8.600094033987261,False,-13.05494499206543,-0.2278517782688141,-97.27472686767578,-1.697764277458191,90.68132019042969,1.5826876163482666,79.07691955566406,1.3801525831222534,92.30769348144531,1.6110731363296509,0.7554945054945055,0.007554945054945055,-0.232651486992836,-1.4668550491333008,1.2627989053726196,1.376252293586731,1.6066428422927856,0.0025685206055641174,-13.329947471618652,-0.23265147249763887,-93.27472686767578,-1.6279510927393597,86.68132019042969,1.5128744372984362,78.85344696044922,1.3762522760065536,92.05384826660156,1.606642741383472,0.25685206055641174,0.0025685206055641174,False,False,0.0,0.0,0.0,0.0,0.0,9.230125427246094,9.230125427246094,0.0,14.328277587890625,14.328277587890625,0.0,0.0,0.0,0.0,0.0,0.0
8,225,8.620502662030049,8.634357439004816,False,-12.967033386230469,-0.2263174206018448,-96.21977996826172,-1.6793519258499146,90.5054931640625,1.5796188116073608,79.07691955566406,1.3801525831222534,92.30769348144531,1.6110731363296509,0.7554945054945055,0.007554945054945055,-0.22946909070014954,-1.3736629486083984,1.2088470458984375,1.3747186660766602,1.6086264848709106,0.003207594156265259,-13.14760971069336,-0.22946907821877824,-92.21977996826172,-1.609538795910879,86.5054931640625,1.509805676774338,78.76557159423828,1.374718561534777,92.1675033569336,1.6086263969214176,0.3207594156265259,0.003207594156265259,False,False,0.0,0.0,0.0,0.0,0.0,13.514694213867188,13.514694213867188,0.0,17.24365997314453,17.24365997314453,0.0,0.0,0.0,0.0,0.0,0.0
8,226,8.6538455770351,8.683329493971542,False,-12.967033386230469,-0.2263174206018448,-95.6043930053711,-1.6686114072799683,90.5054931640625,1.5796188116073608,79.07691955566406,1.3801525831222534,92.30769348144531,1.6110731363296509,0.7554945054945055,0.007554945054945055,-0.2293923795223236,-1.3104220628738403,1.1570241451263428,1.3748691082000732,1.6076308488845825,0.0035565420985221863,-13.143214225769043,-0.22939236253462714,-91.6043930053711,-1.5987982672345893,86.5054931640625,1.509805676774338,78.7741928100586,1.3748690301363666,92.11045837402344,1.6076307741478915,0.35565420985221863,0.0035565420985221863,False,False,0.0,0.0,0.0,0.0,0.0,16.522743225097656,16.522743225097656,0.0,20.21289825439453,20.21289825439453,0.0,0.0,0.0,0.0,0.0,0.0
8,227,8.68756123201456,8.70164232305251,False,-12.967033386230469,-0.2263174206018448,-94.72527313232422,-1.6532678604125977,90.4175796508789,1.5780844688415527,79.07691955566406,1.3801525831222534,92.30769348144531,1.6110731363296509,0.7554945054945055,0.007554945054945055,-0.23133942484855652,-1.2889628410339355,1.1416910886764526,1.3770276308059692,1.606019139289856,0.0030922219157218933,-13.254772186279297,-0.2313394162523409,-90.72527313232422,-1.5834547309302067,86.4175796508789,1.5082712965122889,78.89786529541016,1.3770275221998758,92.01811218261719,1.6060190290561756,0.30922219157218933,0.0030922219157218933,False,False,0.0,0.0,0.0,0.0,0.0,16.873146057128906,16.873146057128906,0.0,21.003501892089844,21.003501892089844,0.0,0.0,0.0,0.0,0.0,0.0
8,228,8.720613386016339,8.730937425978482,False,-12.967033386230469,-0.2263174206018448,-93.75823974609375,-1.636389970779419,90.4175796508789,1.5780844688415527,79.07691955566406,1.3801525831222534,92.30769348144531,1.6110731363296509,0.7554945054945055,0.007554945054945055,-0.2322397083044052,-1.2216198444366455,1.1012096405029297,1.37678861618042,1.60492742061615,0.0035986006259918213,-13.306354522705078,-0.2322396978588422,-89.75823974609375,-1.566576814363775,86.4175796508789,1.5082712965122889,78.88417053222656,1.3767885034920413,91.95555877685547,1.6049272661672975,0.35986006259918213,0.0035986006259918213,False,False,0.0,0.0,0.0,0.0,0.0,19.76457977294922,19.76457977294922,0.0,23.322917938232422,23.322917938232422,0.0,0.0,0.0,0.0,0.0,0.0
8,229,8.75407391297631,8.765373422997072,False,-12.967033386230469,-0.2263174206018448,-92.70330047607422,-1.6179778575897217,90.4175796508789,1.5780844688415527,79.07691955566406,1.3801525831222534,92.30769348144531,1.6110731363296509,0.7554945054945055,0.007554945054945055,-0.23169666528701782,-1.155900478363037,1.0456355810165405,1.3754189014434814,1.600722074508667,0.0037406086921691895,-13.275239944458008,-0.2316966460230614,-88.70330047607422,-1.5481646506933486,86.4175796508789,1.5082712965122889,78.80569458007812,1.3754188397434135,91.71461486816406,1.600722001648008,0.37406086921691895,0.0037406086921691895,False,False,0.0,0.0,0.0,0.0,0.0,22.475082397460938,22.475082397460938,0.0,26.507076263427734,26.507076263427734,0.0,0.0,0.0,0.0,0.0,0.0
8,230,8.787494239048101,8.798185589024797,False,-12.967033386230469,-0.2263174206018448,-92.0879135131836,-1.6072373390197754,90.4175796508789,1.5780844688415527,79.07691955566406,1.3801525831222534,92.30769348144531,1.6110731363296509,0.7554945054945055,0.007554945054945055,-0.2295183539390564,-1.0652645826339722,0.9639600515365601,1.374906301498413,1.6019375324249268,0.004096798598766327,-13.150432586669922,-0.22951834669894472,-88.0879135131836,-1.5374241220170592,86.4175796508789,1.5082712965122889,78.77632141113281,1.3749061812335732,91.78425598144531,1.6019374683695202,0.4096798598766327,0.004096798598766327,False,False,0.0,0.0,0.0,0.0,0.0,27.052753448486328,27.052753448486328,0.0,31.18674087524414,31.18674087524414,0.0,0.0,0.0,0.0,0.0,0.0
8,231,8.820889894035645,8.831813627039082,False,-12.967033386230469,-0.2263174206018448,-91.03296661376953,-1.588824987411499,90.4175796508789,1.5780844688415527,79.07691955566406,1.3801525831222534,92.30769348144531,1.6110731363296509,0.7554945054945055,0.007554945054945055,-0.23758655786514282,-1.1044350862503052,0.973706841468811,1.3803118467330933,1.6068189144134521,0.005132436752319336,-13.612706184387207,-0.23758654302415108,-87.03296661376953,-1.5190118251885782,86.4175796508789,1.5082712965122889,79.0860366821289,1.3803117324561616,92.06393432617188,1.6068187763315265,0.5132436752319336,0.005132436752319336,False,False,0.0,0.0,0.0,0.0,0.0,23.753501892089844,23.753501892089844,0.0,30.628292083740234,30.628292083740234,0.0,0.0,0.0,0.0,0.0,0.0
8,232,8.854229614022188,8.867532028001733,False,-12.967033386230469,-0.2263174206018448,-89.97801971435547,-1.5704126358032227,90.4175796508789,1.5780844688415527,79.07691955566406,1.3801525831222534,92.30769348144531,1.6110731363296509,0.7554945054945055,0.007554945054945055,-0.23924030363559723,-1.1519501209259033,1.030681848526001,1.3800479173660278,1.604246735572815,0.00479985773563385,-13.70745849609375,-0.23924028283730622,-85.97801971435547,-1.5005995283600975,86.4175796508789,1.5082712965122889,79.07091522216797,1.3800478131921348,91.91656494140625,1.604246695350728,0.479985773563385,0.00479985773563385,False,False,0.0,0.0,0.0,0.0,0.0,19.97614288330078,19.97614288330078,0.0,27.363861083984375,27.363861083984375,0.0,0.0,0.0,0.0,0.0,0.0
8,233,8.888146537006833,8.901664186967537,False,-12.967033386230469,-0.2263174206018448,-88.92308044433594,-1.5520005226135254,90.4175796508789,1.5780844688415527,79.16483306884766,1.3816869258880615,92.30769348144531,1.6110731363296509,0.7554945054945055,0.007554945054945055,-0.24134698510169983,-1.1136384010314941,0.9983035326004028,1.3762493133544922,1.6054167747497559,0.0038513392210006714,-13.828163146972656,-0.2413469764176134,-84.92308044433594,-1.4821873646896713,86.4175796508789,1.5082712965122889,78.853271484375,1.3762492133713002,91.98359680175781,1.6054166220175996,0.38513392210006714,0.0038513392210006714,False,False,0.0,0.0,0.0,0.0,0.0,21.116302490234375,21.116302490234375,0.0,29.219005584716797,29.219005584716797,0.0,0.0,0.0,0.0,0.0,0.0
8,234,8.921321026980877,8.934407843044028,False,-12.967033386230469,-0.2263174206018448,-88.3956069946289,-1.5427943468093872,90.4175796508789,1.5780844688415527,79.16483306884766,1.3816869258880615,92.30769348144531,1.6110731363296509,0.7554945054945055,0.007554945054945055,-0.23905049264431,-1.0848352909088135,0.9928395748138428,1.3777259588241577,1.607094645500183,0.003997303545475006,-13.69658374786377,-0.23905048267536763,-84.3956069946289,-1.4729812162754308,86.4175796508789,1.5082712965122889,78.93788146972656,1.377725936195749,92.0797348022461,1.607094546662404,0.3997303545475006,0.003997303545475006,False,False,0.0,0.0,0.0,0.0,0.0,22.23912811279297,22.23912811279297,0.0,29.532066345214844,29.532066345214844,0.0,0.0,0.0,0.0,0.0,0.0
8,235,8.955036282073706,8.967453054036014,False,-13.230769157409668,-0.2309204787015915,-87.42857360839844,-1.5259164571762085,90.4175796508789,1.5780844688415527,79.16483306884766,1.3816869258880615,92.30769348144531,1.6110731363296509,0.7554945054945055,0.007554945054945055,-0.238918736577034,-1.0501797199249268,0.9594506025314331,1.3753957748413086,1.601070761680603,0.005418233573436737,-13.689034461975098,-0.23891872278043597,-83.42857360839844,-1.456103299708999,86.4175796508789,1.5082712965122889,78.80436706542969,1.3753956702419297,91.73458862304688,1.6010706094346994,0.5418233573436737,0.005418233573436737,False,False,0.0,0.0,0.0,0.0,0.0,23.257709503173828,23.257709503173828,0.0,31.445114135742188,31.445114135742188,0.0,0.0,0.0,0.0,0.0,0.0
8,236,8.988239402067848,8.999516722047701,False,-13.494505882263184,-0.2355235517024994,-86.46154022216797,-1.5090385675430298,90.4175796508789,1.5780844688415527,78.81318664550781,1.375549554824829,92.65933990478516,1.6172105073928833,0.7554945054945055,0.007554945054945055,-0.24205049872398376,-0.9639949798583984,0.8824852705001831,1.3762873411178589,1.599862813949585,0.004212424159049988,-13.868471145629883,-0.24205048370907145,-82.46154022216797,-1.4392253831425674,86.4175796508789,1.5082712965122889,78.85545349121094,1.3762872965748882,91.6653823852539,1.5998627327222938,0.4212424159049988,0.004212424159049988,False,False,0.0,0.0,0.0,0.0,0.0,27.22869873046875,27.22869873046875,0.0,35.85490036010742,35.85490036010742,0.0,0.0,0.0,0.0,0.0,0.0
8,237,9.02167481801007,9.034127915976569,False,-13.758241653442383,-0.2401266098022461,-85.75823974609375,-1.4967635869979858,90.4175796508789,1.5780844688415527,78.54945373535156,1.3709465265274048,92.65933990478516,1.6172105073928833,0.7554945054945055,0.007554945054945055,-0.2375815212726593,-0.8681538105010986,0.8049951791763306,1.3798210620880127,1.6002863645553589,0.004797816276550293,-13.612418174743652,-0.23758151630759355,-81.75823974609375,-1.4269504742042287,86.4175796508789,1.5082712965122889,79.05792236328125,1.3798210450253143,91.68965148925781,1.600286308493671,0.4797816276550293,0.004797816276550293,False,False,0.0,0.0,0.0,0.0,0.0,32.016693115234375,32.016693115234375,0.0,40.29475402832031,40.29475402832031,0.0,0.0,0.0,0.0,0.0,0.0
8,238,9.05608310806565,9.069168568006717,False,-13.84615421295166,-0.2416609823703766,-84.87911987304688,-1.4814200401306152,90.4175796508789,1.5780844688415527,78.46154022216797,1.3694121837615967,92.65933990478516,1.6172105073928833,0.7554945054945055,0.007554945054945055,-0.23655566573143005,-0.8182035684585571,0.7403227090835571,1.3844290971755981,1.592018961906433,0.004059977829456329,-13.553640365600586,-0.23655565001093823,-80.87911987304688,-1.4116069378998461,86.4175796508789,1.5082712965122889,79.32193756103516,1.384428979501424,91.2159652709961,1.5920189243636835,0.40599778294563293,0.004059977829456329,False,False,0.0,0.0,0.0,0.0,0.0,33.99951171875,33.99951171875,0.0,44.000213623046875,44.000213623046875,0.0,0.0,0.0,0.0,0.0,0.0
8,239,9.088669377029873,9.10166131099686,False,-13.934065818786621,-0.2431953251361847,-84.0879135131836,-1.4676109552383423,90.24176025390625,1.5750157833099365,78.46154022216797,1.3694121837615967,92.65933990478516,1.6172105073928833,0.7554945054945055,0.007554945054945055,-0.2331036925315857,-0.7026262283325195,0.6354688405990601,1.4013631343841553,1.5951838493347168,0.0033113956451416016,-13.355856895446777,-0.23310367725073433,-80.0879135131836,-1.3977977818575127,86.24176025390625,1.505202669146245,80.29219055175781,1.4013630887668564,91.39730072021484,1.5951838250031336,0.33113956451416016,0.0033113956451416016,False,False,0.0,0.0,0.0,0.0,0.0,39.83039855957031,39.83039855957031,0.0,49.83208084106445,49.83208084106445,0.0,0.0,0.0,0.0,0.0,0.0
8,240,9.122070120996796,9.28508897102438,False,-13.84615421295166,-0.2416609823703766,-83.38461303710938,-1.4553359746932983,89.89010620117188,1.5688782930374146,78.46154022216797,1.3694121837615967,92.48351287841797,1.614141821861267,0.7554945054945055,0.007554945054945055,-0.2396177351474762,-1.6221401691436768,1.5950344800949097,1.3641554117202759,1.6134531497955322,-0.0014805123209953308,-13.729084014892578,-0.2396177193427977,-87.38461303710938,-1.5251492130787205,91.38874053955078,1.5950344216659802,78.16034698486328,1.3641553993870867,92.44405364990234,1.6134531100810772,0.0,0.0,True,False,0.14805123209953308,0.0,0.0,0.0,0.0,5.557167053222656,5.557167053222656,0.0,0.0,0.0,0.0,0.0,0.0,0.0,0.0,0.0
8,241,9.286582621978596,9.298420298960991,False,-13.84615421295166,-0.2416609823703766,-81.62637329101562,-1.4246490001678467,89.45054626464844,1.561206579208374,78.72527313232422,1.374015212059021,92.3956069946289,1.6126075983047485,0.7554945054945055,0.007554945054945055,-0.2358090579509735,-1.6348637342453003,1.5922235250473022,1.3668369054794312,1.610732913017273,-0.0009186118841171265,-13.510863304138184,-0.2358090494440913,-85.62637329101562,-1.4944621404699554,91.2276840209961,1.5922234551354015,78.31398010253906,1.366836803130633,92.28819274902344,1.6107328241856158,0.0,0.0,True,False,0.09186118841171265,0.0,0.0,0.0,0.0,8.044410705566406,8.044410705566406,0.0,0.0,0.0,0.0,0.0,0.0,0.0,0.0,0.0
8,242,9.319976042024791,9.330762616009451,False,-13.84615421295166,-0.2416609823703766,-81.53845977783203,-1.423114538192749,89.45054626464844,1.561206579208374,78.72527313232422,1.374015212059021,92.3956069946289,1.6126075983047485,0.7554945054945055,0.007554945054945055,-0.23649796843528748,-1.6348379850387573,1.582243800163269,1.3662502765655518,1.6104989051818848,-0.001076437532901764,-13.550334930419922,-0.2364979592838244,-85.53845977783203,-1.4929277602079063,90.6558837890625,1.5822436584244932,78.2803726196289,1.3662502419005431,92.27478790283203,1.6104988654838523,0.0,0.0,True,False,0.10764375329017639,0.0,0.0,0.0,0.0,8.130851745605469,8.130851745605469,0.0,0.0,0.0,0.0,0.0,0.0,0.0,0.0,0.0
8,243,9.35327101801522,9.364761976990849,False,-13.84615421295166,-0.2416609823703766,-81.89010620117188,-1.4292519092559814,89.53845977783203,1.5627409219741821,78.54945373535156,1.3709465265274048,92.3956069946289,1.6126075983047485,0.7554945054945055,0.007554945054945055,-0.23531128466129303,-1.6339068412780762,1.5878827571868896,1.36354660987854,1.6132251024246216,0.0011076852679252625,-13.482342720031738,-0.23531127134684188,-85.89010620117188,-1.4990651480980484,90.97897338867188,1.587882635716627,78.1254653930664,1.3635466007618946,92.43098449707031,1.613225010333712,0.11076852679252625,0.0011076852679252625,False,False,0.0,0.0,0.0,0.0,0.0,7.725852966308594,7.725852966308594,0.0,0.0,0.0,0.0,0.0,0.0,0.0,0.0,0.0
8,244,9.386840977007523,9.399247004068457,False,-13.84615421295166,-0.2416609823703766,-83.38461303710938,-1.4553359746932983,90.4175796508789,1.5780844688415527,78.54945373535156,1.3709465265274048,92.3956069946289,1.6126075983047485,0.7554945054945055,0.007554945054945055,-0.2371615171432495,-1.6399352550506592,1.586653709411621,1.3652352094650269,1.6122896671295166,-0.00030706822872161865,-13.588353157043457,-0.23716150251417442,-87.38461303710938,-1.5251492130787205,90.90855407714844,1.5866535868735554,78.22221374511719,1.3652351780510594,92.37738800048828,1.6122895750008217,0.0,0.0,True,False,0.030706822872161865,0.0,0.0,0.0,0.0,6.576751708984375,6.576751708984375,0.0,0.0,0.0,0.0,0.0,0.0,0.0,0.0,0.0
8,245,9.420246448018588,9.432289529009722,False,-13.84615421295166,-0.2416609823703766,-84.52747344970703,-1.4752826690673828,91.12088012695312,1.5903593301773071,78.46154022216797,1.3694121837615967,92.3956069946289,1.6126075983047485,0.7554945054945055,0.007554945054945055,-0.2370988428592682,-1.6468874216079712,1.5862339735031128,1.3650174140930176,1.6105048656463623,0.0006581470370292664,-13.584762573242188,-0.2370988350047735,-88.52747344970703,-1.5450958901692504,90.88450622558594,1.586233872685759,78.20973205566406,1.365017331473891,92.2751235961914,1.6105047244382507,0.06581470370292664,0.0006581470370292664,False,False,0.0,0.0,0.0,0.0,0.0,5.832221984863281,5.832221984863281,0.0,0.0,0.0,0.0,0.0,0.0,0.0,0.0,0.0
8,246,9.454041947959922,9.466783432057127,False,-13.84615421295166,-0.2416609823703766,-85.4065933227539,-1.4906262159347534,91.20879364013672,1.5918937921524048,78.81318664550781,1.375549554824829,92.3956069946289,1.6126075983047485,0.7554945054945055,0.007554945054945055,-0.2405022829771042,-1.6513348817825317,1.5794742107391357,1.366127371788025,1.614716649055481,0.0011776387691497803,-13.779765129089355,-0.2405022716541107,-89.4065933227539,-1.560439426473633,90.49720001220703,1.5794741040488653,78.27333068847656,1.366127337016236,92.51644134521484,1.6147165137022108,0.11776387691497803,0.0011776387691497803,False,False,0.0,0.0,0.0,0.0,0.0,5.207923889160156,5.207923889160156,0.0,0.0,0.0,0.0,0.0,0.0,0.0,0.0,0.0
8,247,9.487871280056424,9.499880042974837,False,-13.758241653442383,-0.2401266098022461,-86.37362670898438,-1.5075041055679321,91.29669952392578,1.5934280157089233,78.9011001586914,1.3770840167999268,91.95604705810547,1.6049357652664185,0.7554945054945055,0.007554945054945055,-0.2374994456768036,-1.668518304824829,1.5894536972045898,1.3659476041793823,1.6083334684371948,0.0008789896965026855,-13.607714653015137,-0.23749942436699187,-90.37362670898438,-1.5773173430400647,91.06898498535156,1.5894536344436647,78.26303100585938,1.3659475736426556,92.15071105957031,1.6083333160434545,0.08789896965026855,0.0008789896965026855,False,False,0.0,0.0,0.0,0.0,0.0,5.225425720214844,5.225425720214844,0.0,0.0,0.0,0.0,0.0,0.0,0.0,0.0,0.0
8,248,9.521258188062347,9.53284285904374,False,-13.758241653442383,-0.2401266098022461,-86.9011001586914,-1.5167102813720703,91.29669952392578,1.5934280157089233,78.9011001586914,1.3770840167999268,91.95604705810547,1.6049357652664185,0.7554945054945055,0.007554945054945055,-0.2356274425983429,-1.6669833660125732,1.5943281650543213,1.364532232284546,1.6102007627487183,0.0006816312670707703,-13.500456809997559,-0.2356274218577479,-90.9011001586914,-1.586523491454305,91.3482666015625,1.5943280181868367,78.18193054199219,1.3645321035232785,92.25770568847656,1.610200724599818,0.06816312670707703,0.0006816312670707703,False,False,0.0,0.0,0.0,0.0,0.0,4.610008239746094,4.610008239746094,0.0,0.0,0.0,0.0,0.0,0.0,0.0,0.0,0.0
8,249,9.554935754975304,9.566581940976903,False,-13.758241653442383,-0.2401266098022461,-88.04395294189453,-1.5366568565368652,91.29669952392578,1.5934280157089233,78.9011001586914,1.3770840167999268,91.95604705810547,1.6049357652664185,0.7554945054945055,0.007554945054945055,-0.23875008523464203,-1.6552870273590088,1.5947505235671997,1.3653461933135986,1.6100151538848877,0.0003238469362258911,-13.67937183380127,-0.2387500781044067,-92.04395294189453,-1.6064700353867805,91.37246704101562,1.5947503955357234,78.22856903076172,1.3653460987104613,92.2470703125,1.6100151022718394,0.03238469362258911,0.0003238469362258911,False,False,0.0,0.0,0.0,0.0,0.0,2.7970046997070312,2.7970046997070312,0.0,0.0,0.0,0.0,0.0,0.0,0.0,0.0,0.0
8,250,9.588425585068762,9.599472015048377,False,-13.758241653442383,-0.2401266098022461,-89.27472686767578,-1.5581378936767578,91.56044006347656,1.5980311632156372,78.9011001586914,1.3770840167999268,91.95604705810547,1.6049357652664185,0.7554945054945055,0.007554945054945055,-0.2382974922657013,-1.6625779867172241,1.5904816389083862,1.3649753332138062,1.610626220703125,0.0005387663841247559,-13.65343952178955,-0.23829747387714773,-93.27472686767578,-1.6279510927393597,91.12788391113281,1.5904816146244354,78.20732116699219,1.3649752535286677,92.2820816040039,1.6106261645839581,0.053876638412475586,0.0005387663841247559,False,False,0.0,0.0,0.0,0.0,0.0,1.9839706420898438,1.9839706420898438,0.0,0.0,0.0,0.0,0.0,0.0,0.0,0.0,0.0
8,251,9.621822864981368,9.632979376008734,False,-13.758241653442383,-0.2401266098022461,-89.89010620117188,-1.5688782930374146,91.56044006347656,1.5980311632156372,78.9011001586914,1.3770840167999268,91.95604705810547,1.6049357652664185,0.7554945054945055,0.007554945054945055,-0.23558121919631958,-1.6473829746246338,1.5853279829025269,1.367401361465454,1.6111506223678589,0.0002740919589996338,-13.497808456420898,-0.23558119936807823,-93.89010620117188,-1.6386914882575947,90.83259582519531,1.585327865282914,78.34632110595703,1.3674012601236754,92.31212615966797,1.6111505410025948,0.02740919589996338,0.0002740919589996338,False,False,0.0,0.0,0.0,0.0,0.0,0.49797821044921875,0.49797821044921875,0.0,0.0,0.0,0.0,0.0,0.0,0.0,0.0,0.0
8,252,9.655223474022932,9.666459696018137,False,-13.758241653442383,-0.2401266098022461,-91.03296661376953,-1.588824987411499,91.56044006347656,1.5980311632156372,78.989013671875,1.3786183595657349,91.95604705810547,1.6049357652664185,0.7554945054945055,0.007554945054945055,-0.2384425401687622,-1.6586463451385498,1.5831691026687622,1.3665250539779663,1.611265778541565,0.0013563409447669983,-13.661750793457031,-0.23844253293277298,-95.03296661376953,-1.6586381653481246,90.70890045166016,1.5831689737452412,78.29611206054688,1.366524946966985,92.3187255859375,1.6112657227197407,0.13563409447669983,0.0013563409447669983,False,False,0.0,0.0,0.0,0.0,0.0,0.00046539306640625,0.00046539306640625,0.0,0.0,0.0,0.0,0.0,0.0,0.0,0.0,0.0
8,253,9.688925112015568,9.700917109032162,False,-13.758241653442383,-0.2401266098022461,-92.17582702636719,-1.6087716817855835,91.56044006347656,1.5980311632156372,78.989013671875,1.3786183595657349,91.95604705810547,1.6049357652664185,0.7554945054945055,0.007554945054945055,-0.23496553301811218,-1.6603634357452393,1.5913728475570679,1.3664391040802002,1.6127327680587769,0.0015212073922157288,-13.462532997131348,-0.23496552645832233,-95.1318130493164,-1.6603633611022781,91.17893981933594,1.5913727083251759,78.29119110107422,1.3664390600218297,92.40277862548828,1.612732725006211,0.15212073922157288,0.0015212073922157288,False,False,0.0,0.0,0.0,0.0,0.0,0.0,0.0,0.0,0.0,0.0,0.0,0.0,0.0,0.0,0.0,0.0
8,254,9.722124965046532,9.732787498040125,False,-13.758241653442383,-0.2401266098022461,-92.79120635986328,-1.6195120811462402,91.56044006347656,1.5980311632156372,78.989013671875,1.3786183595657349,91.95604705810547,1.6049357652664185,0.7554945054945055,0.007554945054945055,-0.2414425015449524,-1.6703157424926758,1.5878633260726929,1.366816759109497,1.6119580268859863,0.0017629414796829224,-13.833635330200195,-0.24144248403220636,-95.70203399658203,-1.6703155940959042,90.97785949707031,1.5878631946406694,78.31282806396484,1.366816696264403,92.35838317871094,1.6119578782870523,0.17629414796829224,0.0017629414796829224,False,False,0.0,0.0,0.0,0.0,0.0,0.0,0.0,0.0,0.0,0.0,0.0,0.0,0.0,0.0,0.0,0.0
8,255,9.75589485396631,9.76839379395824,False,-13.758241653442383,-0.2401266098022461,-93.5824203491211,-1.6333212852478027,91.56044006347656,1.5980311632156372,78.989013671875,1.3786183595657349,91.95604705810547,1.6049357652664185,0.7554945054945055,0.007554945054945055,-0.23801514506340027,-1.6647666692733765,1.5905966758728027,1.3680301904678345,1.6179226636886597,0.0010080933570861816,-13.637262344360352,-0.2380151288673289,-95.38410186767578,-1.664766631648615,91.13446807861328,1.5905965300254723,78.38235473632812,1.3680301656150975,92.70013427734375,1.6179225601805027,0.10080933570861816,0.0010080933570861816,False,False,0.0,0.0,0.0,0.0,0.0,0.0,0.0,0.0,0.0,0.0,0.0,0.0,0.0,0.0,0.0,0.0
8,256,9.789613713044673,9.802502403967083,False,-13.758241653442383,-0.2401266098022461,-94.10989379882812,-1.642527461051941,91.56044006347656,1.5980311632156372,78.989013671875,1.3786183595657349,91.95604705810547,1.6049357652664185,0.7554945054945055,0.007554945054945055,-0.23691321909427643,-1.662477731704712,1.576204776763916,1.3664554357528687,1.6158889532089233,0.002084106206893921,-13.574127197265625,-0.236913212676795,-95.2529525756836,-1.662477644691692,90.30987548828125,1.5762046743366296,78.29212188720703,1.3664553053044792,92.58361053466797,1.6158888372140638,0.2084106206893921,0.002084106206893921,False,False,0.0,0.0,0.0,0.0,0.0,0.0,0.0,0.0,0.0,0.0,0.0,0.0,0.0,0.0,0.0,0.0
8,257,9.822699681972153,9.835833837045357,False,-13.84615421295166,-0.2416609823703766,-94.37362670898438,-1.6471304893493652,91.56044006347656,1.5980311632156372,78.989013671875,1.3786183595657349,91.95604705810547,1.6049357652664185,0.7554945054945055,0.007554945054945055,-0.23969250917434692,-1.655320405960083,1.5779321193695068,1.3683176040649414,1.6141029596328735,0.0015280470252037048,-13.733368873596191,-0.23969250423515848,-94.84286499023438,-1.6553202661040494,90.40884399414062,1.5779320006196549,78.39881896972656,1.368317520696717,92.48128509521484,1.6141029213870566,0.15280470252037048,0.0015280470252037048,False,False,0.0,0.0,0.0,0.0,0.0,0.0,0.0,0.0,0.0,0.0,0.0,0.0,0.0,0.0,0.0,0.0
8,258,9.856253033038229,9.869352255016565,False,-13.84615421295166,-0.2416609823703766,-94.46154022216797,-1.6486648321151733,91.47252655029297,1.5964967012405396,78.989013671875,1.3786183595657349,91.95604705810547,1.6049357652664185,0.7554945054945055,0.007554945054945055,-0.24205127358436584,-1.6546237468719482,1.5773097276687622,1.3696764707565308,1.611969232559204,0.0007183849811553955,-13.868515968322754,-0.24205126601264168,-94.8029556274414,-1.6546237163209392,90.37318420410156,1.5773096198729033,78.47667694091797,1.3696763986429301,92.3590316772461,1.6119691967216851,0.07183849811553955,0.0007183849811553955,False,False,0.0,0.0,0.0,0.0,0.0,0.0,0.0,0.0,0.0,0.0,0.0,0.0,0.0,0.0,0.0,0.0
8,259,9.889543817029335,9.902887308038771,False,-13.84615421295166,-0.2416609823703766,-94.46154022216797,-1.6486648321151733,91.47252655029297,1.5964967012405396,78.989013671875,1.3786183595657349,91.95604705810547,1.6049357652664185,0.7554945054945055,0.007554945054945055,-0.24715369939804077,-1.627190113067627,1.5453039407730103,1.3708668947219849,1.6097311973571777,0.0015124902129173279,-14.160862922668457,-0.24715368292415174,-93.23111724853516,-1.627189961299815,88.53939056396484,1.5453038830503856,78.54488372802734,1.3708668316501955,92.23079681396484,1.6097310761415826,0.1512490212917328,0.0015124902129173279,False,False,0.0,0.0,0.0,0.0,0.0,0.0,0.0,0.0,0.0,0.0,0.0,0.0,0.0,0.0,0.0,0.0
8,260,9.922881764010526,9.933318138006143,False,-13.84615421295166,-0.2416609823703766,-94.46154022216797,-1.6486648321151733,91.47252655029297,1.5964967012405396,78.989013671875,1.3786183595657349,91.95604705810547,1.6049357652664185,0.7554945054945055,0.007554945054945055,-0.24276524782180786,-1.659375548362732,1.5664132833480835,1.3693737983703613,1.6070529222488403,0.0015952140092849731,-13.909422874450684,-0.24276522621137828,-95.07521057128906,-1.659375461495913,89.74886322021484,1.5664131631147897,78.45933532714844,1.3693737303850426,92.07734680175781,1.6070528681913443,0.15952140092849731,0.0015952140092849731,False,False,0.0,0.0,0.0,0.0,0.0,0.0,0.0,0.0,0.0,0.0,0.0,0.0,0.0,0.0,0.0,0.0
8,261,9.95636990701314,9.966867832001299,False,-13.84615421295166,-0.2416609823703766,-94.46154022216797,-1.6486648321151733,91.47252655029297,1.5964967012405396,78.989013671875,1.3786183595657349,91.95604705810547,1.6049357652664185,0.7554945054945055,0.007554945054945055,-0.24265220761299133,-1.6609406471252441,1.5723345279693604,1.368597388267517,1.610361099243164,0.0012068301439285278,-13.902946472167969,-0.24265219166786123,-95.16488647460938,-1.6609406012685526,90.08812713623047,1.5723344354824718,78.41484832763672,1.36859728576923,92.26689147949219,1.6103610468974408,0.12068301439285278,0.0012068301439285278,False,False,0.0,0.0,0.0,0.0,0.0,0.0,0.0,0.0,0.0,0.0,0.0,0.0,0.0,0.0,0.0,0.0
8,262,9.989777217968367,10.000916260993108,False,-13.84615421295166,-0.2416609823703766,-94.10989379882812,-1.642527461051941,91.29669952392578,1.5934280157089233,78.989013671875,1.3786183595657349,91.95604705810547,1.6049357652664185,0.7554945054945055,0.007554945054945055,-0.24292469024658203,-1.657378077507019,1.5654932260513306,1.3695276975631714,1.617059350013733,0.000617586076259613,-13.918559074401855,-0.2429246829816468,-94.96076202392578,-1.6573779575202991,89.69615173339844,1.565493174116222,78.46815490722656,1.3695276610960492,92.65067291259766,1.6170592965131536,0.061758607625961304,0.000617586076259613,False,False,0.0,0.0,0.0,0.0,0.0,0.0,0.0,0.0,0.0,0.0,0.0,0.0,0.0,0.0,0.0,0.0
8,263,10.023117279983126,10.033969828044064,False,-13.84615421295166,-0.2416609823703766,-94.28571319580078,-1.6455961465835571,91.29669952392578,1.5934280157089233,78.989013671875,1.3786183595657349,91.95604705810547,1.6049357652664185,0.7554945054945055,0.007554945054945055,-0.2496187388896942,-1.6451373100280762,1.546663522720337,1.3727912902832031,1.6155834197998047,0.0012493506073951721,-14.302099227905273,-0.2496187214738859,-94.2594223022461,-1.645137270201968,88.6172866821289,1.546663426786871,78.65514373779297,1.3727912318538869,92.56610870361328,1.6155833726370317,0.12493506073951721,0.0012493506073951721,False,False,0.0,0.0,0.0,0.0,0.0,0.0,0.0,0.0,0.0,0.0,0.0,0.0,0.0,0.0,0.0,0.0
8,264,10.05664089601487,10.067334937048145,False,-13.84615421295166,-0.2416609823703766,-94.63735961914062,-1.6517335176467896,91.29669952392578,1.5934280157089233,78.989013671875,1.3786183595657349,91.95604705810547,1.6049357652664185,0.7554945054945055,0.007554945054945055,-0.24597156047821045,-1.6446176767349243,1.5592257976531982,1.3697245121002197,1.6093471050262451,0.0020873025059700012,-14.093131065368652,-0.2459715390057792,-94.22964477539062,-1.644617554315239,89.33705139160156,1.5592256908068294,78.47943115234375,1.369724468700606,92.20879364013672,1.609347048312393,0.20873025059700012,0.0020873025059700012,False,False,0.0,0.0,0.0,0.0,0.0,0.0,0.0,0.0,0.0,0.0,0.0,0.0,0.0,0.0,0.0,0.0
8,265,10.089893097989261,10.101101306965575,False,-13.84615421295166,-0.2416609823703766,-94.46154022216797,-1.6486648321151733,91.29669952392578,1.5934280157089233,78.989013671875,1.3786183595657349,91.95604705810547,1.6049357652664185,0.7554945054945055,0.007554945054945055,-0.24638254940509796,-1.6463345289230347,1.5495984554290771,1.371457576751709,1.6088569164276123,0.002626173198223114,-14.116679191589355,-0.24638253134100566,-94.32801818847656,-1.646334494270013,88.78544616699219,1.549598363466193,78.57872772216797,1.371457520779975,92.18070983886719,1.608856893513764,0.2626173198223114,0.002626173198223114,False,False,0.0,0.0,0.0,0.0,0.0,0.0,0.0,0.0,0.0,0.0,0.0,0.0,0.0,0.0,0.0,0.0
8,266,10.123387489002198,10.134837238001637,False,-13.84615421295166,-0.2416609823703766,-94.46154022216797,-1.6486648321151733,91.29669952392578,1.5934280157089233,78.989013671875,1.3786183595657349,91.95604705810547,1.6049357652664185,0.7554945054945055,0.007554945054945055,-0.24522347748279572,-1.6483350992202759,1.5624973773956299,1.3694275617599487,1.606738805770874,0.00255371630191803,-14.05026912689209,-0.24522345705557594,-94.44264221191406,-1.6483350608808807,89.52449798583984,1.5624972510479371,78.46241760253906,1.3694275262390623,92.0593490600586,1.6067387483407696,0.255371630191803,0.00255371630191803,False,False,0.0,0.0,0.0,0.0,0.0,0.0,0.0,0.0,0.0,0.0,0.0,0.0,0.0,0.0,0.0,0.0
8,267,10.15719238400925,10.168085769051686,False,-13.84615421295166,-0.2416609823703766,-94.46154022216797,-1.6486648321151733,91.29669952392578,1.5934280157089233,78.989013671875,1.3786183595657349,91.95604705810547,1.6049357652664185,0.7554945054945055,0.007554945054945055,-0.2450752556324005,-1.6282422542572021,1.5098103284835815,1.3715955018997192,1.611302375793457,0.0023780614137649536,-14.041776657104492,-0.2450752354961562,-93.2914047241211,-1.6282421762465054,87.29669952392578,1.5236148328166712,78.58663177490234,1.3715954725244413,92.3208236694336,1.6113023411847294,0.23780614137649536,0.0023780614137649536,False,False,0.0,0.0,0.0,0.0,0.0,0.0,0.0,0.0,0.7909469604492188,0.7909469604492188,0.0,0.0,0.0,0.0,0.0,0.0
8,268,10.190583921968937,10.201474698027596,False,-13.84615421295166,-0.2416609823703766,-94.46154022216797,-1.6486648321151733,91.29669952392578,1.5934280157089233,78.989013671875,1.3786183595657349,91.95604705810547,1.6049357652664185,0.7554945054945055,0.007554945054945055,-0.2513633966445923,-1.6308627128601074,1.4971946477890015,1.3727554082870483,1.6035187244415283,0.002237454056739807,-14.402060508728027,-0.2513633749487536,-93.44154357910156,-1.6308625936010888,87.29669952392578,1.5236148328166712,78.65308380126953,1.3727552791791706,91.87484741210938,1.6035185871087,0.2237454056739807,0.002237454056739807,False,False,0.0,0.0,0.0,0.0,0.0,0.0,0.0,0.0,1.5137710571289062,1.5137710571289062,0.0,0.0,0.0,0.0,0.0,0.0
8,269,10.22409609600436,10.235737252049148,False,-13.84615421295166,-0.2416609823703766,-94.37362670898438,-1.6471304893493652,91.20879364013672,1.5918937921524048,78.989013671875,1.3786183595657349,91.95604705810547,1.6049357652664185,0.7554945054945055,0.007554945054945055,-0.24663573503494263,-1.6452032327651978,1.530601978302002,1.3711190223693848,1.6094383001327515,0.0022023990750312805,-14.131185531616211,-0.24663571473688814,-94.26319885253906,-1.6452031834389476,87.69702911376953,1.5306019022526032,78.559326171875,1.3711188998473716,92.21401977539062,1.6094382615797282,0.22023990750312805,0.0022023990750312805,False,False,0.0,0.0,0.0,0.0,0.0,0.0,0.0,0.0,0.0,0.0,0.0,0.0,0.0,0.0,0.0,0.0
8,270,10.25727486598771,10.417721054982394,False,-13.84615421295166,-0.2416609823703766,-93.93406677246094,-1.6394587755203247,90.85713958740234,1.5857561826705933,78.989013671875,1.3786183595657349,91.86813354492188,1.6034014225006104,0.7554945054945055,0.007554945054945055,-0.23456546664237976,-1.7222161293029785,1.600040316581726,1.374146819114685,1.6032148599624634,0.0013883411884307861,-13.439610481262207,-0.2345654530835652,-97.93406677246094,-1.7092719150474198,91.67555236816406,1.6000402324089478,78.7328109741211,1.374146780848737,91.85743713378906,1.6032147204283222,0.1388341188430786,0.0013883411884307861,False,False,0.0,0.0,0.0,0.0,0.0,0.7416458129882812,0.7416458129882812,0.0,0.0,0.0,0.0,0.0,0.0,0.0,0.0,0.0
8,271,10.419094761018641,10.432027021073736,False,-14.021978378295898,-0.244729682803154,-94.02198028564453,-1.6409931182861328,90.85713958740234,1.5857561826705933,78.989013671875,1.3786183595657349,91.86813354492188,1.6034014225006104,0.7554945054945055,0.007554945054945055,-0.23626017570495605,-1.7229468822479248,1.5960932970046997,1.374215006828308,1.5989612340927124,8.892267942428589e-05,-13.536709785461426,-0.2362601556432371,-98.02198028564453,-1.710806295309469,91.44940185546875,1.5960931613573413,78.7367172241211,1.374214957772643,91.61372375488281,1.5989611195352476,0.008892267942428589,8.892267942428589e-05,False,False,0.0,0.0,0.0,0.0,0.0,0.6956024169921875,0.6956024169921875,0.0,0.0,0.0,0.0,0.0,0.0,0.0,0.0,0.0
8,272,10.45277012407314,10.463397194980644,False,-13.934065818786621,-0.2431953251361847,-94.02198028564453,-1.6409931182861328,90.85713958740234,1.5857561826705933,78.989013671875,1.3786183595657349,91.86813354492188,1.6034014225006104,0.7554945054945055,0.007554945054945055,-0.23433108627796173,-1.718859314918518,1.5998094081878662,1.3711849451065063,1.6030240058898926,0.0005156248807907104,-13.42618179321289,-0.2343310782628814,-98.02198028564453,-1.710806295309469,91.66232299804688,1.599809336342438,78.56310272216797,1.371184813084351,91.84650421142578,1.603023904936218,0.051562488079071045,0.0005156248807907104,False,False,0.0,0.0,0.0,0.0,0.0,0.461395263671875,0.461395263671875,0.0,0.0,0.0,0.0,0.0,0.0,0.0,0.0,0.0
8,273,10.48601020197384,10.496189558994956,False,-13.934065818786621,-0.2431953251361847,-94.72527313232422,-1.6532678604125977,91.03296661376953,1.588824987411499,78.989013671875,1.3786183595657349,91.86813354492188,1.6034014225006104,0.7554945054945055,0.007554945054945055,-0.23550397157669067,-1.7184385061264038,1.5972373485565186,1.3719550371170044,1.605961561203003,0.0012653917074203491,-13.493382453918457,-0.23550395105170913,-98.45926666259766,-1.718438382361418,91.51495361328125,1.5972372553616394,78.60723114013672,1.3719549992716018,92.01481628417969,1.6059615047766298,0.1265391707420349,0.0012653917074203491,False,False,0.0,0.0,0.0,0.0,0.0,0.0,0.0,0.0,0.0,0.0,0.0,0.0,0.0,0.0,0.0,0.0
8,274,10.519505774020217,10.530403914977796,False,-14.021978378295898,-0.244729682803154,-95.95604705810547,-1.6747488975524902,91.47252655029297,1.5964967012405396,78.989013671875,1.3786183595657349,91.86813354492188,1.6034014225006104,0.7554945054945055,0.007554945054945055,-0.23606941103935242,-1.7161206007003784,1.5899463891983032,1.373422384262085,1.6054790019989014,0.0015357211232185364,-13.525779724121094,-0.23606939008540337,-98.32646179199219,-1.7161205001066675,91.09721374511719,1.5899463192453294,78.69129943847656,1.373422267874181,91.98716735839844,1.6054789399871074,0.15357211232185364,0.0015357211232185364,False,False,0.0,0.0,0.0,0.0,0.0,0.0,0.0,0.0,0.0,0.0,0.0,0.0,0.0,0.0,0.0,0.0
8,275,10.55317789199762,10.565533114015125,False,-14.285714149475098,-0.2493327409029007,-96.57142639160156,-1.685489296913147,91.47252655029297,1.5964967012405396,78.989013671875,1.3786183595657349,91.86813354492188,1.6034014225006104,0.7554945054945055,0.007554945054945055,-0.2356317937374115,-1.722828984260559,1.5934388637542725,1.3733848333358765,1.6046392917633057,0.002176344394683838,-13.500706672668457,-0.2356317827840329,-98.71082305908203,-1.7228288697345226,91.29731750488281,1.5934387886988592,78.68914794921875,1.3733847173028109,91.93905639648438,1.6046392452954055,0.2176344394683838,0.002176344394683838,False,False,0.0,0.0,0.0,0.0,0.0,0.0,0.0,0.0,0.0,0.0,0.0,0.0,0.0,0.0,0.0,0.0
8,276,10.586561270058155,10.599528755992651,False,-14.373626708984375,-0.25086709856987,-96.83516693115234,-1.6900924444198608,91.47252655029297,1.5964967012405396,78.989013671875,1.3786183595657349,91.86813354492188,1.6034014225006104,0.7554945054945055,0.007554945054945055,-0.2349787950515747,-1.7148332595825195,1.5940656661987305,1.3700370788574219,1.6118165254592896,0.0029209330677986145,-13.463292121887207,-0.23497877568474548,-98.25270080566406,-1.7148331280357232,91.3332290649414,1.5940655636614094,78.4973373413086,1.3700369906545269,92.35028076171875,1.6118164644331692,0.29209330677986145,0.0029209330677986145,False,False,0.0,0.0,0.0,0.0,0.0,0.0,0.0,0.0,0.0,0.0,0.0,0.0,0.0,0.0,0.0,0.0
8,277,10.62015886802692,10.631910723051988,False,-14.197802543640137,-0.2477983981370926,-97.0988998413086,-1.6946954727172852,91.47252655029297,1.5964967012405396,78.989013671875,1.3786183595657349,91.86813354492188,1.6034014225006104,0.7554945054945055,0.007554945054945055,-0.2356196641921997,-1.7128851413726807,1.5880600214004517,1.3722589015960693,1.6066672801971436,0.004143014550209045,-13.500011444091797,-0.23561964875631625,-98.14108276367188,-1.7128850256983301,90.98912811279297,1.5880598690871717,78.62464141845703,1.3722588659519799,92.05525207519531,1.6066672424655009,0.41430145502090454,0.004143014550209045,False,False,0.0,0.0,0.0,0.0,0.0,0.0,0.0,0.0,0.0,0.0,0.0,0.0,0.0,0.0,0.0,0.0
8,278,10.653607398970053,10.66383522306569,False,-14.10988998413086,-0.2462640404701233,-97.0988998413086,-1.6946954727172852,91.47252655029297,1.5964967012405396,78.989013671875,1.3786183595657349,91.86813354492188,1.6034014225006104,0.7554945054945055,0.007554945054945055,-0.23883526027202606,-1.6982769966125488,1.5840144157409668,1.3736165761947632,1.609643816947937,0.003136478364467621,-13.68425178527832,-0.2388352493250188,-97.3041000366211,-1.698276921328973,90.75733947753906,1.584014394233287,78.70243072509766,1.3736165454757023,92.22579193115234,1.6096437244578279,0.3136478364467621,0.003136478364467621,False,False,0.0,0.0,0.0,0.0,0.0,0.0,0.0,0.0,0.0,0.0,0.0,0.0,0.0,0.0,0.0,0.0
8,279,10.686762570985593,10.69847766798921,False,-14.021978378295898,-0.244729682803154,-97.18681335449219,-1.6962298154830933,91.47252655029297,1.5964967012405396,78.989013671875,1.3786183595657349,91.86813354492188,1.6034014225006104,0.7554945054945055,0.007554945054945055,-0.23972749710083008,-1.7020801305770874,1.5864145755767822,1.3728022575378418,1.6066653728485107,0.002205871045589447,-13.735373497009277,-0.2397274915139794,-97.52200317382812,-1.7020800485236607,90.89485168457031,1.5864144350076663,78.65576934814453,1.3728021508143562,92.05513763427734,1.6066652450946832,0.2205871045589447,0.002205871045589447,False,False,0.0,0.0,0.0,0.0,0.0,0.0,0.0,0.0,0.0,0.0,0.0,0.0,0.0,0.0,0.0,0.0
8,280,10.720230550970882,10.731893065036274,False,-14.021978378295898,-0.244729682803154,-97.18681335449219,-1.6962298154830933,91.47252655029297,1.5964967012405396,78.989013671875,1.3786183595657349,91.86813354492188,1.6034014225006104,0.7554945054945055,0.007554945054945055,-0.23942109942436218,-1.6937568187713623,1.5774251222610474,1.3721933364868164,1.6102495193481445,0.0023692548274993896,-13.717817306518555,-0.239421078185809,-97.04511260986328,-1.6937567380107816,90.37979888916016,1.5774250679061583,78.62088012695312,1.3721932190311095,92.260498046875,1.6102494604477664,0.23692548274993896,0.0023692548274993896,False,False,0.0,0.0,0.0,0.0,0.0,0.0,0.0,0.0,0.0,0.0,0.0,0.0,0.0,0.0,0.0,0.0
8,281,10.754383524996229,10.765359563054517,False,-13.934065818786621,-0.2431953251361847,-97.0988998413086,-1.6946954727172852,91.47252655029297,1.5964967012405396,78.989013671875,1.3786183595657349,91.86813354492188,1.6034014225006104,0.7554945054945055,0.007554945054945055,-0.24016126990318298,-1.7118912935256958,1.5943422317504883,1.3720041513442993,1.6051229238510132,0.001759558916091919,-13.760226249694824,-0.24016125387652607,-98.08413696289062,-1.7118911339795126,91.34907531738281,1.5943421329406142,78.61004638671875,1.3720041345937137,91.96676635742188,1.6051228753493638,0.1759558916091919,0.001759558916091919,False,False,0.0,0.0,0.0,0.0,0.0,0.0,0.0,0.0,0.0,0.0,0.0,0.0,0.0,0.0,0.0,0.0
8,282,10.787452718010172,10.797592457965948,False,-13.934065818786621,-0.2431953251361847,-97.0988998413086,-1.6946954727172852,91.47252655029297,1.5964967012405396,78.989013671875,1.3786183595657349,91.86813354492188,1.6034014225006104,0.7554945054945055,0.007554945054945055,-0.23774775862693787,-1.703396201133728,1.5876052379608154,1.3723984956741333,1.604137897491455,0.0021102428436279297,-13.621942520141602,-0.23774774749388494,-97.59740447998047,-1.7033960495763234,90.96307373046875,1.5876051343310407,78.63263702392578,1.3723984155931002,91.91032409667969,1.6041377720621437,0.21102428436279297,0.0021102428436279297,False,False,0.0,0.0,0.0,0.0,0.0,0.0,0.0,0.0,0.0,0.0,0.0,0.0,0.0,0.0,0.0,0.0
8,283,10.821047230972908,10.831472513033077,False,-13.934065818786621,-0.2431953251361847,-97.18681335449219,-1.6962298154830933,91.47252655029297,1.5964967012405396,78.989013671875,1.3786183595657349,91.86813354492188,1.6034014225006104,0.7554945054945055,0.007554945054945055,-0.24445536732673645,-1.6850996017456055,1.555619478225708,1.3721823692321777,1.6075255870819092,0.002682141959667206,-14.00625991821289,-0.24445535146292663,-96.54908752441406,-1.6850994670972066,89.13042449951172,1.5556193712166986,78.62025451660156,1.3721823000706401,92.10442352294922,1.607525446126779,0.2682141959667206,0.002682141959667206,False,False,0.0,0.0,0.0,0.0,0.0,0.0,0.0,0.0,0.0,0.0,0.0,0.0,0.0,0.0,0.0,0.0
8,284,10.854405540972948,10.86464442696888,False,-13.934065818786621,-0.2431953251361847,-97.18681335449219,-1.6962298154830933,91.47252655029297,1.5964967012405396,78.989013671875,1.3786183595657349,91.86813354492188,1.6034014225006104,0.7554945054945055,0.007554945054945055,-0.24213001132011414,-1.7086865901947021,1.5893073081970215,1.3738703727722168,1.6062506437301636,0.0024270787835121155,-13.873026847839355,-0.24212999571236712,-97.90052795410156,-1.7086865522398202,91.06059265136719,1.5893071605837104,78.71697235107422,1.3738703447275868,92.03137969970703,1.606250590912958,0.24270787835121155,0.0024270787835121155,False,False,0.0,0.0,0.0,0.0,0.0,0.0,0.0,0.0,0.0,0.0,0.0,0.0,0.0,0.0,0.0,0.0
8,285,10.88793915498536,10.905255260993727,False,-13.934065818786621,-0.2431953251361847,-97.010986328125,-1.693161129951477,91.47252655029297,1.5964967012405396,78.989013671875,1.3786183595657349,91.86813354492188,1.6034014225006104,0.7554945054945055,0.007554945054945055,-0.24157951772212982,-1.7152835130691528,1.5871000289916992,1.372875452041626,1.6069949865341187,0.0018678531050682068,-13.841485977172852,-0.24157950367029093,-98.27850341796875,-1.7152834685760556,90.93412780761719,1.5870999326722526,78.65996551513672,1.3728753877443332,92.07402801513672,1.606994944437635,0.18678531050682068,0.0018678531050682068,False,False,0.0,0.0,0.0,0.0,0.0,0.0,0.0,0.0,0.0,0.0,0.0,0.0,0.0,0.0,0.0,0.0
8,286,10.921269239042886,10.931684648036025,False,-13.934065818786621,-0.2431953251361847,-97.010986328125,-1.693161129951477,91.29669952392578,1.5934280157089233,78.989013671875,1.3786183595657349,91.86813354492188,1.6034014225006104,0.7554945054945055,0.007554945054945055,-0.24018964171409607,-1.709062933921814,1.5891960859298706,1.3718452453613281,1.6051161289215088,0.002254761755466461,-13.761852264404297,-0.2401896331868922,-97.92208862304688,-1.7090628569018484,91.0542221069336,1.5891959736081995,78.60093688964844,1.3718451438766361,91.96637725830078,1.6051160842885843,0.22547617554664612,0.002254761755466461,False,False,0.0,0.0,0.0,0.0,0.0,0.0,0.0,0.0,0.0,0.0,0.0,0.0,0.0,0.0,0.0,0.0
8,287,10.954684142023325,10.966581559972838,False,-13.934065818786621,-0.2431953251361847,-97.27472686767578,-1.697764277458191,91.29669952392578,1.5934280157089233,78.989013671875,1.3786183595657349,91.86813354492188,1.6034014225006104,0.7554945054945055,0.007554945054945055,-0.23935236036777496,-1.707677960395813,1.5836700201034546,1.3716803789138794,1.6076253652572632,0.002885371446609497,-13.713879585266113,-0.23935235198492813,-97.84273529052734,-1.7076778799769528,90.73760223388672,1.5836699143462851,78.59149169921875,1.3716802942051602,92.11014556884766,1.607625314667657,0.2885371446609497,0.002885371446609497,False,False,0.0,0.0,0.0,0.0,0.0,0.0,0.0,0.0,0.0,0.0,0.0,0.0,0.0,0.0,0.0,0.0
8,288,10.98839684005361,11.000997376046143,False,-13.934065818786621,-0.2431953251361847,-97.27472686767578,-1.697764277458191,91.38461303710938,1.5949623584747314,78.989013671875,1.3786183595657349,91.86813354492188,1.6034014225006104,0.7554945054945055,0.007554945054945055,-0.24078798294067383,-1.6942367553710938,1.5775331258773804,1.3719981908798218,1.6079522371292114,0.002776108682155609,-13.796133995056152,-0.24078796226004895,-97.0726089477539,-1.694236639639214,90.385986328125,1.577533059088361,78.60970306396484,1.371998142481261,92.12886810302734,1.6079520845334097,0.2776108682155609,0.002776108682155609,False,False,0.0,0.0,0.0,0.0,0.0,0.0,0.0,0.0,0.0,0.0,0.0,0.0,0.0,0.0,0.0,0.0
8,289,11.021684741019271,11.035486140055582,False,-13.934065818786621,-0.2431953251361847,-97.27472686767578,-1.697764277458191,91.38461303710938,1.5949623584747314,78.989013671875,1.3786183595657349,91.86813354492188,1.6034014225006104,0.7554945054945055,0.007554945054945055,-0.2419554591178894,-1.6784769296646118,1.5527418851852417,1.3721600770950317,1.6086913347244263,0.002513900399208069,-13.863025665283203,-0.24195544214766926,-96.16963958740234,-1.6784768512564519,88.9655532836914,1.5527418256588679,78.61898040771484,1.372160062675538,92.17121887207031,1.6086912448939612,0.2513900399208069,0.002513900399208069,False,False,0.0,0.0,0.0,0.0,0.0,0.0,0.0,0.0,0.0,0.0,0.0,0.0,0.0,0.0,0.0,0.0
8,290,11.054949832963757,11.067005019984208,False,-13.934065818786621,-0.2431953251361847,-97.27472686767578,-1.697764277458191,91.38461303710938,1.5949623584747314,78.989013671875,1.3786183595657349,91.86813354492188,1.6034014225006104,0.7554945054945055,0.007554945054945055,-0.24170976877212524,-1.6687113046646118,1.5367282629013062,1.3735307455062866,1.6154661178588867,0.0031074658036231995,-13.84894847869873,-0.24170974889235264,-95.610107421875,-1.668711172697186,88.04804229736328,1.5367282380242215,78.697509765625,1.3735306585305473,92.55938720703125,1.6154660603910136,0.31074658036231995,0.0031074658036231995,False,False,0.0,0.0,0.0,0.0,0.0,0.0,0.0,0.0,0.0,0.0,0.0,0.0,0.0,0.0,0.0,0.0
8,291,11.088265139027499,11.099144331063144,False,-13.934065818786621,-0.2431953251361847,-97.0988998413086,-1.6946954727172852,91.29669952392578,1.5934280157089233,78.989013671875,1.3786183595657349,91.86813354492188,1.6034014225006104,0.7554945054945055,0.007554945054945055,-0.2423696219921112,-1.7101815938949585,1.5749692916870117,1.3739768266677856,1.6064352989196777,0.004008330404758453,-13.88675594329834,-0.24236961363144702,-97.9861831665039,-1.7101815177177362,90.23908996582031,1.5749692339069417,78.72306823730469,1.3739767380131356,92.04195404052734,1.6064351479765004,0.40083304047584534,0.004008330404758453,False,False,0.0,0.0,0.0,0.0,0.0,0.0,0.0,0.0,0.0,0.0,0.0,0.0,0.0,0.0,0.0,0.0
8,292,11.121950207976624,11.132773658959195,False,-13.934065818786621,-0.2431953251361847,-96.65933990478516,-1.6870237588882446,91.03296661376953,1.588824987411499,78.989013671875,1.3786183595657349,91.86813354492188,1.6034014225006104,0.7554945054945055,0.007554945054945055,-0.24228329956531525,-1.7063605785369873,1.5765268802642822,1.3730031251907349,1.6009107828140259,0.003876112401485443,-13.881810188293457,-0.24228329392261483,-97.76725769042969,-1.706360547343745,90.32833099365234,1.5765267836704746,78.66728210449219,1.3730030863186025,91.72542572021484,1.6009106866112401,0.3876112401485443,0.003876112401485443,False,False,0.0,0.0,0.0,0.0,0.0,0.0,0.0,0.0,0.0,0.0,0.0,0.0,0.0,0.0,0.0,0.0
8,293,11.155215320992284,11.167283280054107,False,-13.934065818786621,-0.2431953251361847,-96.57142639160156,-1.685489296913147,91.03296661376953,1.588824987411499,78.989013671875,1.3786183595657349,91.86813354492188,1.6034014225006104,0.7554945054945055,0.007554945054945055,-0.24482330679893494,-1.688751220703125,1.5816985368728638,1.3746216297149658,1.6044319868087769,0.002776302397251129,-14.027341842651367,-0.2448233004570347,-96.75831604003906,-1.6887511935839232,90.62464904785156,1.581698509349354,78.760009765625,1.3746214893130437,91.92717742919922,1.6044319182045428,0.2776302397251129,0.002776302397251129,False,False,0.0,0.0,0.0,0.0,0.0,0.0,0.0,0.0,0.0,0.0,0.0,0.0,0.0,0.0,0.0,0.0
8,294,11.188675511977635,11.200347402016632,False,-13.934065818786621,-0.2431953251361847,-97.0988998413086,-1.6946954727172852,91.12088012695312,1.5903593301773071,78.989013671875,1.3786183595657349,91.86813354492188,1.6034014225006104,0.7554945054945055,0.007554945054945055,-0.25067436695098877,-1.6309927701950073,1.4761241674423218,1.3758983612060547,1.608655571937561,0.00349319726228714,-14.362582206726074,-0.25067434859572285,-93.4489974975586,-1.6309926890203392,87.12088012695312,1.5205462054506276,78.83316802978516,1.3758983418976822,92.1691665649414,1.6086554253772996,0.349319726228714,0.00349319726228714,False,False,0.0,0.0,0.0,0.0,0.0,0.0,0.0,0.0,2.545196533203125,2.545196533203125,0.0,0.0,0.0,0.0,0.0,0.0
8,295,11.222109060967341,11.232727829017676,False,-13.934065818786621,-0.2431953251361847,-97.0988998413086,-1.6946954727172852,91.20879364013672,1.5918937921524048,78.989013671875,1.3786183595657349,91.86813354492188,1.6034014225006104,0.7554945054945055,0.007554945054945055,-0.2492161989212036,-1.644775152206421,1.4716516733169556,1.3766227960586548,1.605302333831787,0.003714419901371002,-14.279035568237305,-0.2492161846751204,-94.2386703491211,-1.644775080293717,87.20879364013672,1.5220805857126767,78.87467193603516,1.3766227217141838,91.97704315185547,1.6053022392487808,0.3714419901371002,0.003714419901371002,False,False,0.0,0.0,0.0,0.0,0.0,0.0,0.0,0.0,2.8893661499023438,2.8893661499023438,0.0,0.0,0.0,0.0,0.0,0.0
8,296,11.255333932000212,11.265892085037194,False,-13.934065818786621,-0.2431953251361847,-96.57142639160156,-1.685489296913147,91.20879364013672,1.5918937921524048,78.989013671875,1.3786183595657349,91.86813354492188,1.6034014225006104,0.7554945054945055,0.007554945054945055,-0.2539936304092407,-1.525971531867981,1.3518266677856445,1.376633882522583,1.6145063638687134,0.003193303942680359,-14.552762031555176,-0.25399361270985676,-92.57142639160156,-1.615676183801021,87.20879364013672,1.5220805857126767,78.87530517578125,1.3766337738327077,92.50439453125,1.614506257134149,0.3193303942680359,0.003193303942680359,False,False,0.0,0.0,0.0,0.0,0.0,5.139701843261719,5.139701843261719,0.0,9.754837036132812,9.754837036132812,0.0,0.0,0.0,0.0,0.0,0.0
8,297,11.288910386967473,11.299467758042738,False,-13.934065818786621,-0.2431953251361847,-95.6043930053711,-1.6686114072799683,90.76923370361328,1.5842219591140747,78.989013671875,1.3786183595657349,91.86813354492188,1.6034014225006104,0.7554945054945055,0.007554945054945055,-0.2625613808631897,-1.38348388671875,1.2216217517852783,1.374800443649292,1.6025376319885254,0.003319159150123596,-15.043658256530762,-0.26256136812129155,-91.6043930053711,-1.5987982672345893,86.76923370361328,1.5144088175604853,78.77025604248047,1.3748003205802426,91.81863403320312,1.602537478563115,0.3319159150123596,0.003319159150123596,False,False,0.0,0.0,0.0,0.0,0.0,12.33660888671875,12.33660888671875,0.0,16.775466918945312,16.775466918945312,0.0,0.0,0.0,0.0,0.0,0.0
8,298,11.322745295008644,11.336018647998571,False,-13.934065818786621,-0.2431953251361847,-94.63735961914062,-1.6517335176467896,90.5934066772461,1.5811532735824585,78.989013671875,1.3786183595657349,91.86813354492188,1.6034014225006104,0.7554945054945055,0.007554945054945055,-0.27652299404144287,-1.2524077892303467,1.1113084554672241,1.3782649040222168,1.6075483560562134,0.003481358289718628,-15.843599319458008,-0.27652297349127514,-90.63735961914062,-1.5819203506681576,86.5934066772461,1.511340057036387,78.96875762939453,1.3782648268423265,92.10572814941406,1.607548216154099,0.3481358289718628,0.003481358289718628,False,False,0.0,0.0,0.0,0.0,0.0,18.879684448242188,18.879684448242188,0.0,22.920124053955078,22.920124053955078,0.0,0.0,0.0,0.0,0.0,0.0
8,299,11.356078917975537,11.367897437070496,False,-14.10988998413086,-0.2462640404701233,-93.93406677246094,-1.6394587755203247,90.5934066772461,1.5811532735824585,78.989013671875,1.3786183595657349,91.86813354492188,1.6034014225006104,0.7554945054945055,0.007554945054945055,-0.2661631405353546,-1.2606194019317627,1.0947237014770508,1.379144549369812,1.6018991470336914,0.003722473978996277,-15.25002384185791,-0.26616312704805556,-89.93406677246094,-1.5696455748878733,86.5934066772461,1.511340057036387,79.01915740966797,1.3791444689503798,91.78205871582031,1.601899118849823,0.3722473978996277,0.003722473978996277,False,False,0.0,0.0,0.0,0.0,0.0,17.705902099609375,17.705902099609375,0.0,23.870361328125,23.870361328125,0.0,0.0,0.0,0.0,0.0,0.0
8,300,11.389277265989222,11.552290710038505,False,-14.813186645507812,-0.2585388720035553,-92.70330047607422,-1.6179778575897217,90.5934066772461,1.5811532735824585,78.989013671875,1.3786183595657349,91.95604705810547,1.6049357652664185,0.7554945054945055,0.007554945054945055,-0.24858056008815765,-1.7091199159622192,1.6036410331726074,1.3723081350326538,1.6094638109207153,0.0023040175437927246,-14.242616653442383,-0.24858055470194576,-96.70330047607422,-1.6877909908528952,91.8818588256836,1.6036409593607894,78.62745666503906,1.3723080012740918,92.2154769897461,1.6094636947681387,0.23040175437927246,0.0023040175437927246,False,False,0.0,0.0,0.0,0.0,0.0,1.2220535278320312,1.2220535278320312,0.0,0.0,0.0,0.0,0.0,0.0,0.0,0.0,0.0
8,301,11.553616518038325,11.564386527985334,False,-14.90109920501709,-0.2600732445716858,-90.85713958740234,-1.5857561826705933,90.5934066772461,1.5811532735824585,78.989013671875,1.3786183595657349,91.95604705810547,1.6049357652664185,0.7554945054945055,0.007554945054945055,-0.2518092095851898,-1.7150628566741943,1.5978717803955078,1.3714003562927246,1.6065373420715332,0.0001342371106147766,-14.427603721618652,-0.2518091881152329,-94.85713958740234,-1.6555694048240264,91.55130767822266,1.5978717534913507,78.57544708251953,1.3714002628165385,92.04780578613281,1.606537280204305,0.013423711061477661,0.0001342371106147766,False,False,0.0,0.0,0.0,0.0,0.0,3.408721923828125,3.408721923828125,0.0,0.0,0.0,0.0,0.0,0.0,0.0,0.0,0.0
8,302,11.587266113958322,11.600255839060992,False,-14.98901081085205,-0.2616075873374939,-90.85713958740234,-1.5857561826705933,90.5934066772461,1.5811532735824585,78.989013671875,1.3786183595657349,91.95604705810547,1.6049357652664185,0.7554945054945055,0.007554945054945055,-0.25341731309890747,-1.7041277885437012,1.6075644493103027,1.371793508529663,1.6066228151321411,0.0016639307141304016,-14.519742012023926,-0.2534173046499636,-94.85713958740234,-1.6555694048240264,92.10665130615234,1.607564328278694,78.59797668457031,1.3717934785514885,92.05270385742188,1.6066227676752967,0.16639307141304016,0.0016639307141304016,False,False,0.0,0.0,0.0,0.0,0.0,2.7821884155273438,2.7821884155273438,0.0,0.0,0.0,0.0,0.0,0.0,0.0,0.0,0.0
8,303,11.620861264993437,11.633185088983737,False,-15.076923370361328,-0.2631419599056244,-91.03296661376953,-1.588824987411499,90.68132019042969,1.5826876163482666,78.989013671875,1.3786183595657349,91.95604705810547,1.6049357652664185,0.7554945054945055,0.007554945054945055,-0.25326281785964966,-1.702405333518982,1.5939006805419922,1.3710317611694336,1.6060833930969238,0.001487821340560913,-14.510890007019043,-0.2532628080172254,-95.03296661376953,-1.6586381653481246,91.32377624511719,1.5939005808318791,78.55432891845703,1.3710316813216714,92.02179718017578,1.606083344396501,0.1487821340560913,0.001487821340560913,False,False,0.0,0.0,0.0,0.0,0.0,2.5076675415039062,2.5076675415039062,0.0,0.0,0.0,0.0,0.0,0.0,0.0,0.0,0.0
8,304,11.654543364071287,11.666974236024544,False,-14.90109920501709,-0.2600732445716858,-92.52747344970703,-1.614909052848816,91.47252655029297,1.5964967012405396,78.989013671875,1.3786183595657349,91.95604705810547,1.6049357652664185,0.7554945054945055,0.007554945054945055,-0.2559659481048584,-1.7007077932357788,1.593019962310791,1.3702951669692993,1.6084485054016113,0.002034194767475128,-14.665767669677734,-0.2559659331684126,-96.52747344970703,-1.6847222303287968,91.2733154296875,1.59301987345939,78.51212310791016,1.3702950509641554,92.15730285644531,1.6084483646025458,0.20341947674751282,0.002034194767475128,False,False,0.0,0.0,0.0,0.0,0.0,0.9159011840820312,0.9159011840820312,0.0,0.0,0.0,0.0,0.0,0.0,0.0,0.0,0.0
8,305,11.68796404497698,11.698167875991203,False,-14.725275039672852,-0.2570045292377472,-93.5824203491211,-1.6333212852478027,91.73626708984375,1.6010998487472534,78.989013671875,1.3786183595657349,92.04395294189453,1.606469988822937,0.7554945054945055,0.007554945054945055,-0.2542133331298828,-1.712497591972351,1.5948545932769775,1.371932029724121,1.6078264713287354,0.0020599812269210815,-14.565350532531738,-0.25421332349978826,-97.5824203491211,-1.7031345271572775,91.37843322753906,1.5948545251343453,78.60591125488281,1.3719319629281728,92.12166595458984,1.6078263833299578,0.20599812269210815,0.0020599812269210815,False,False,0.0,0.0,0.0,0.0,0.0,0.5364608764648438,0.5364608764648438,0.0,0.0,0.0,0.0,0.0,0.0,0.0,0.0,0.0
8,306,11.721126044983976,11.733052248018794,False,-14.637362480163574,-0.2554701566696167,-94.46154022216797,-1.6486648321151733,91.73626708984375,1.6010998487472534,78.989013671875,1.3786183595657349,91.95604705810547,1.6049357652664185,0.7554945054945055,0.007554945054945055,-0.2524230480194092,-1.7170315980911255,1.595152735710144,1.371358871459961,1.6065258979797363,0.003207184374332428,-14.462774276733398,-0.25242303010173933,-98.378662109375,-1.7170315675155836,91.39551544189453,1.5951526660183797,78.57307434082031,1.3713588506615877,92.04714965820312,1.6065258286116177,0.3207184374332428,0.003207184374332428,False,False,0.0,0.0,0.0,0.0,0.0,0.0,0.0,0.0,0.0,0.0,0.0,0.0,0.0,0.0,0.0,0.0
8,307,11.75499096699059,11.765491105965339,False,-14.637362480163574,-0.2554701566696167,-95.16483306884766,-1.6609396934509277,91.73626708984375,1.6010998487472534,78.989013671875,1.3786183595657349,91.95604705810547,1.6049357652664185,0.7554945054945055,0.007554945054945055,-0.25029873847961426,-1.7232866287231445,1.6091158390045166,1.3693468570709229,1.609109878540039,0.002808302640914917,-14.341060638427734,-0.250298726368724,-98.73704528808594,-1.7232865339678527,92.19554138183594,1.6091157527717197,78.45779418945312,1.3693468324580327,92.19519805908203,1.609109760659267,0.2808302640914917,0.002808302640914917,False,False,0.0,0.0,0.0,0.0,0.0,0.0,0.0,0.0,0.0,0.0,0.0,0.0,0.0,0.0,0.0,0.0
8,308,11.7886362610152,11.800491270027123,False,-14.725275039672852,-0.2570045292377472,-96.13186645507812,-1.6778175830841064,91.64835357666016,1.5995655059814453,78.989013671875,1.3786183595657349,91.95604705810547,1.6049357652664185,0.7554945054945055,0.007554945054945055,-0.24947693943977356,-1.7079386711120605,1.610095739364624,1.3698008060455322,1.6100647449493408,0.0028532594442367554,-14.293974876403809,-0.249476924790596,-97.85767364501953,-1.7079386034476716,92.2516860961914,1.6100956628948144,78.48380279541016,1.3698007682658369,92.24990844726562,1.6100646370681149,0.28532594442367554,0.0028532594442367554,False,False,0.0,0.0,0.0,0.0,0.0,0.0,0.0,0.0,0.0,0.0,0.0,0.0,0.0,0.0,0.0,0.0
8,309,11.821816083975136,11.834601828013547,False,-14.813186645507812,-0.2585388720035553,-96.74725341796875,-1.6885581016540527,91.64835357666016,1.5995655059814453,78.989013671875,1.3786183595657349,91.95604705810547,1.6049357652664185,0.7554945054945055,0.007554945054945055,-0.25021013617515564,-1.7130460739135742,1.600219964981079,1.3716740608215332,1.6056077480316162,0.0028817057609558105,-14.335984230041504,-0.25021012632820844,-98.15030670166016,-1.7130460137862256,91.68584442138672,1.6002198626244735,78.59113311767578,1.3716740357765984,91.99454498291016,1.6056077038258127,0.28817057609558105,0.0028817057609558105,False,False,0.0,0.0,0.0,0.0,0.0,0.0,0.0,0.0,0.0,0.0,0.0,0.0,0.0,0.0,0.0,0.0
8,310,11.855627420009114,11.868186446023174,False,-14.813186645507812,-0.2585388720035553,-96.83516693115234,-1.6900924444198608,91.56044006347656,1.5980311632156372,78.989013671875,1.3786183595657349,91.95604705810547,1.6049357652664185,0.7554945054945055,0.007554945054945055,-0.25093767046928406,-1.7174471616744995,1.595153570175171,1.3719533681869507,1.6078203916549683,0.0019111782312393188,-14.377668380737305,-0.2509376520037476,-98.4024658203125,-1.717447020645636,91.39556121826172,1.5951534649667067,78.60713195800781,1.3719532682168933,92.1213150024414,1.6078202580594507,0.19111782312393188,0.0019111782312393188,False,False,0.0,0.0,0.0,0.0,0.0,0.0,0.0,0.0,0.0,0.0,0.0,0.0,0.0,0.0,0.0,0.0
8,311,11.88889148295857,11.900698845973238,False,-14.725275039672852,-0.2570045292377472,-96.92308044433594,-1.6916269063949585,91.56044006347656,1.5980311632156372,78.989013671875,1.3786183595657349,91.95604705810547,1.6049357652664185,0.7554945054945055,0.007554945054945055,-0.2532232701778412,-1.7145740985870361,1.601478934288025,1.3702422380447388,1.6055865287780762,0.0022069215774536133,-14.508624076843262,-0.2532232600750377,-98.23785400390625,-1.7145740024616585,91.75798034667969,1.6014788720298085,78.50909423828125,1.3702421872165174,91.99332427978516,1.6055863985370922,0.22069215774536133,0.0022069215774536133,False,False,0.0,0.0,0.0,0.0,0.0,0.0,0.0,0.0,0.0,0.0,0.0,0.0,0.0,0.0,0.0,0.0
8,312,11.922149901976809,11.933344785007648,False,-14.725275039672852,-0.2570045292377472,-97.0988998413086,-1.6946954727172852,91.56044006347656,1.5980311632156372,78.989013671875,1.3786183595657349,91.95604705810547,1.6049357652664185,0.7554945054945055,0.007554945054945055,-0.2505924701690674,-1.7188633680343628,1.5929120779037476,1.3714256286621094,1.6094399690628052,0.002741210162639618,-14.357890129089355,-0.2505924563922029,-98.48361206054688,-1.71886328971334,91.26713562011719,1.5929120154352416,78.57689666748047,1.371425562846894,92.214111328125,1.6094398594763824,0.2741210162639618,0.002741210162639618,False,False,0.0,0.0,0.0,0.0,0.0,0.0,0.0,0.0,0.0,0.0,0.0,0.0,0.0,0.0,0.0,0.0
8,313,11.955967709072866,11.96751745196525,False,-14.725275039672852,-0.2570045292377472,-97.0988998413086,-1.6946954727172852,91.56044006347656,1.5980311632156372,78.989013671875,1.3786183595657349,91.95604705810547,1.6049357652664185,0.7554945054945055,0.007554945054945055,-0.25251442193984985,-1.7054851055145264,1.5888237953186035,1.3721786737442017,1.608278751373291,0.0019440799951553345,-14.468009948730469,-0.2525144098166427,-97.71709442138672,-1.7054850331353815,91.03289031982422,1.5888236636878064,78.62004089355469,1.372178571645114,92.1475830078125,1.6082787212411078,0.19440799951553345,0.0019440799951553345,False,False,0.0,0.0,0.0,0.0,0.0,0.0,0.0,0.0,0.0,0.0,0.0,0.0,0.0,0.0,0.0,0.0
8,314,11.989151783054695,12.000904249027371,False,-14.725275039672852,-0.2570045292377472,-97.0988998413086,-1.6946954727172852,91.56044006347656,1.5980311632156372,78.989013671875,1.3786183595657349,91.95604705810547,1.6049357652664185,0.7554945054945055,0.007554945054945055,-0.2487950176000595,-1.6975634098052979,1.5757708549499512,1.3728070259094238,1.6045560836791992,0.005104735493659973,-14.254903793334961,-0.24879500574872437,-97.26321411132812,-1.6975633273148862,90.2850112915039,1.575770712237001,78.65604400634766,1.3728069445043183,91.93428802490234,1.6045560215113406,0.5104735493659973,0.005104735493659973,False,False,0.0,0.0,0.0,0.0,0.0,0.0,0.0,0.0,0.0,0.0,0.0,0.0,0.0,0.0,0.0,0.0
8,315,12.022587793064304,12.032998615992256,False,-14.725275039672852,-0.2570045292377472,-97.0988998413086,-1.6946954727172852,91.56044006347656,1.5980311632156372,78.989013671875,1.3786183595657349,91.95604705810547,1.6049357652664185,0.7554945054945055,0.007554945054945055,-0.24635876715183258,-1.7221710681915283,1.5965442657470703,1.3726537227630615,1.6083678007125854,0.003575742244720459,-14.115316390991211,-0.2463587459835199,-98.67312622070312,-1.7221709357872186,91.4752426147461,1.5965441676879462,78.64726257324219,1.3726536795835842,92.15267944335938,1.6083676708215164,0.3575742244720459,0.003575742244720459,False,False,0.0,0.0,0.0,0.0,0.0,0.0,0.0,0.0,0.0,0.0,0.0,0.0,0.0,0.0,0.0,0.0
8,316,12.056195231038146,12.066994233988225,False,-14.725275039672852,-0.2570045292377472,-97.0988998413086,-1.6946954727172852,91.56044006347656,1.5980311632156372,78.989013671875,1.3786183595657349,91.95604705810547,1.6049357652664185,0.7554945054945055,0.007554945054945055,-0.2468971163034439,-1.7020567655563354,1.5932910442352295,1.3740900754928589,1.604137897491455,0.002431437373161316,-14.146162033081055,-0.24689710399787942,-97.52066040039062,-1.7020566127060681,91.28884887695312,1.59329098325836,78.72956085205078,1.3740900555175184,91.91032409667969,1.6041377720621437,0.2431437373161316,0.002431437373161316,False,False,0.0,0.0,0.0,0.0,0.0,0.0,0.0,0.0,0.0,0.0,0.0,0.0,0.0,0.0,0.0,0.0
8,317,12.08962591807358,12.10025332099758,False,-14.549450874328613,-0.2539358139038086,-97.18681335449219,-1.6962298154830933,91.56044006347656,1.5980311632156372,78.989013671875,1.3786183595657349,91.95604705810547,1.6049357652664185,0.7554945054945055,0.007554945054945055,-0.24580532312393188,-1.7029234170913696,1.5822203159332275,1.3746795654296875,1.607978105545044,0.0035600289702415466,-14.083606719970703,-0.2458053078194878,-97.57032012939453,-1.7029233384828344,90.654541015625,1.5822202226069004,78.76333618164062,1.3746795462248074,92.13035583496094,1.607978050354038,0.35600289702415466,0.0035600289702415466,False,False,0.0,0.0,0.0,0.0,0.0,0.0,0.0,0.0,0.0,0.0,0.0,0.0,0.0,0.0,0.0,0.0
8,318,12.123369892011397,12.134171882062219,False,-14.549450874328613,-0.2539358139038086,-97.36264038085938,-1.699298620223999,91.56044006347656,1.5980311632156372,78.989013671875,1.3786183595657349,91.95604705810547,1.6049357652664185,0.7554945054945055,0.007554945054945055,-0.24686762690544128,-1.7107993364334106,1.5783382654190063,1.3729833364486694,1.6119403839111328,0.0033538416028022766,-14.144472122192383,-0.2468676094888068,-98.02157592773438,-1.7107992379325803,90.43211364746094,1.578338132685892,78.66614532470703,1.3729832457684814,92.35737609863281,1.6119403014238578,0.33538416028022766,0.0033538416028022766,False,False,0.0,0.0,0.0,0.0,0.0,0.0,0.0,0.0,0.0,0.0,0.0,0.0,0.0,0.0,0.0,0.0
8,319,12.156713219010271,12.167696274002083,False,-14.549450874328613,-0.2539358139038086,-97.27472686767578,-1.697764277458191,91.56044006347656,1.5980311632156372,78.989013671875,1.3786183595657349,91.95604705810547,1.6049357652664185,0.7554945054945055,0.007554945054945055,-0.24585124850273132,-1.673649549484253,1.540719985961914,1.373998761177063,1.6115623712539673,0.003242485225200653,-14.086237907409668,-0.24585123070353485,-95.89305114746094,-1.6736494723065198,88.27674865722656,1.5407199170240866,78.72432708740234,1.3739987090921286,92.3357162475586,1.611562265707121,0.3242485225200653,0.003242485225200653,False,False,0.0,0.0,0.0,0.0,0.0,0.0,0.0,0.0,0.0,0.0,0.0,0.0,0.0,0.0,0.0,0.0
8,320,12.190202640020289,12.202833137009293,False,-14.549450874328613,-0.2539358139038086,-97.27472686767578,-1.697764277458191,91.56044006347656,1.5980311632156372,78.989013671875,1.3786183595657349,91.95604705810547,1.6049357652664185,0.7554945054945055,0.007554945054945055,-0.24009820818901062,-1.5975054502487183,1.4469221830368042,1.3752845525741577,1.6112034320831299,0.0035378634929656982,-13.756612777709961,-0.2400981868929616,-93.27472686767578,-1.6279510927393597,87.56044006347656,1.5282179736028187,78.7979965209961,1.3752844832664188,92.31515502929688,1.6112034047502328,0.3537863492965698,0.0035378634929656982,False,False,0.0,0.0,0.0,0.0,0.0,1.744415283203125,1.744415283203125,0.0,4.6579132080078125,4.6579132080078125,0.0,0.0,0.0,0.0,0.0,0.0
8,321,12.223450270015746,12.234947522054426,False,-14.549450874328613,-0.2539358139038086,-97.27472686767578,-1.697764277458191,91.29669952392578,1.5934280157089233,78.989013671875,1.3786183595657349,91.95604705810547,1.6049357652664185,0.7554945054945055,0.007554945054945055,-0.24379533529281616,-1.6420245170593262,1.5034517049789429,1.3730984926223755,1.6108437776565552,0.0049913302063941956,-13.968442916870117,-0.24379532027626413,-94.08106994628906,-1.6420244343618289,87.29669952392578,1.5236148328166712,78.67274475097656,1.3730984274856275,92.29454803466797,1.6108437448450177,0.49913302063941956,0.0049913302063941956,False,False,0.0,0.0,0.0,0.0,0.0,0.0,0.0,0.0,1.1552658081054688,1.1552658081054688,0.0,0.0,0.0,0.0,0.0,0.0
8,322,12.257611981010996,12.268619959009811,False,-14.373626708984375,-0.25086709856987,-96.30769348144531,-1.6808863878250122,90.85713958740234,1.5857561826705933,78.989013671875,1.3786183595657349,91.95604705810547,1.6049357652664185,0.7554945054945055,0.007554945054945055,-0.2493712306022644,-1.7007230520248413,1.5367182493209839,1.3746386766433716,1.6071527004241943,0.0034506022930145264,-14.287918090820312,-0.24937121394007666,-97.44424438476562,-1.7007229016321563,88.0474624633789,1.5367181180120792,78.76099395751953,1.3746386667020747,92.08306121826172,1.607152603574168,0.34506022930145264,0.0034506022930145264,False,False,0.0,0.0,0.0,0.0,0.0,0.0,0.0,0.0,0.0,0.0,0.0,0.0,0.0,0.0,0.0,0.0
8,323,12.291019403957762,12.3018181710504,False,-14.10988998413086,-0.2462640404701233,-95.25274658203125,-1.6624740362167358,90.5934066772461,1.5811532735824585,78.989013671875,1.3786183595657349,91.95604705810547,1.6049357652664185,0.7554945054945055,0.007554945054945055,-0.24702639877796173,-1.6941754817962646,1.548109769821167,1.3737330436706543,1.6139461994171143,0.004479348659515381,-14.153569221496582,-0.24702638382404596,-97.06909942626953,-1.694175386934142,88.70014953613281,1.5481096564168386,78.70909881591797,1.3737329256153388,92.47229766845703,1.613946061198851,0.4479348659515381,0.004479348659515381,False,False,0.0,0.0,0.0,0.0,0.0,0.0,0.0,0.0,0.0,0.0,0.0,0.0,0.0,0.0,0.0,0.0
8,324,12.32500779000111,12.33573490998242,False,-14.021978378295898,-0.244729682803154,-94.989013671875,-1.6578710079193115,90.5934066772461,1.5811532735824585,78.989013671875,1.3786183595657349,91.95604705810547,1.6049357652664185,0.7554945054945055,0.007554945054945055,-0.24682623147964478,-1.6858512163162231,1.5526094436645508,1.3736071586608887,1.6117982864379883,0.0047559961676597595,-14.14210033416748,-0.24682621397861287,-96.59215545654297,-1.6858511443148814,88.95796203613281,1.5526093333946365,78.70188903808594,1.3736070912538325,92.34923553466797,1.611798221779702,0.47559961676597595,0.0047559961676597595,False,False,0.0,0.0,0.0,0.0,0.0,0.0,0.0,0.0,0.0,0.0,0.0,0.0,0.0,0.0,0.0,0.0
8,325,12.358578338986263,12.36896849796176,False,-14.021978378295898,-0.244729682803154,-95.86813354492188,-1.6732145547866821,90.68132019042969,1.5826876163482666,78.989013671875,1.3786183595657349,91.95604705810547,1.6049357652664185,0.7554945054945055,0.007554945054945055,-0.24394363164901733,-1.7086920738220215,1.5745028257369995,1.3741652965545654,1.6120786666870117,0.0051790401339530945,-13.976940155029297,-0.2439436250594679,-97.90084075927734,-1.708692011720055,90.21236419677734,1.5745027812420145,78.7338638305664,1.3741651566602586,92.36529541015625,1.612078519484433,0.5179040133953094,0.0051790401339530945,False,False,0.0,0.0,0.0,0.0,0.0,0.0,0.0,0.0,0.0,0.0,0.0,0.0,0.0,0.0,0.0,0.0
8,326,12.392404188052751,12.402894473983906,False,-14.10988998413086,-0.2462640404701233,-96.3956069946289,-1.6824207305908203,90.5934066772461,1.5811532735824585,78.989013671875,1.3786183595657349,91.95604705810547,1.6049357652664185,0.7554945054945055,0.007554945054945055,-0.2493983805179596,-1.7203073501586914,1.5805280208587646,1.3755955696105957,1.6060668230056763,0.004868440330028534,-14.289473533630371,-0.24939836153843864,-98.56634521484375,-1.720307255656381,90.55757904052734,1.5805279168922097,78.8158187866211,1.3755955404817402,92.02084350585938,1.606066699639688,0.4868440330028534,0.004868440330028534,False,False,0.0,0.0,0.0,0.0,0.0,0.0,0.0,0.0,0.0,0.0,0.0,0.0,0.0,0.0,0.0,0.0
8,327,12.425934068975039,12.436751805013046,False,-14.197802543640137,-0.2477983981370926,-96.3956069946289,-1.6824207305908203,90.68132019042969,1.5826876163482666,78.989013671875,1.3786183595657349,91.95604705810547,1.6049357652664185,0.7554945054945055,0.007554945054945055,-0.24976356327533722,-1.7053492069244385,1.5810552835464478,1.373404622077942,1.608199119567871,0.004475638270378113,-14.310397148132324,-0.24976354750291577,-97.70930480957031,-1.705349078761733,90.5877914428711,1.5810552227880452,78.6902847290039,1.373404557852932,92.14302062988281,1.6081990927245144,0.4475638270378113,0.004475638270378113,False,False,0.0,0.0,0.0,0.0,0.0,0.0,0.0,0.0,0.0,0.0,0.0,0.0,0.0,0.0,0.0,0.0
8,328,12.459157761069946,12.469597158022225,False,-14.285714149475098,-0.2493327409029007,-96.83516693115234,-1.6900924444198608,91.03296661376953,1.588824987411499,78.989013671875,1.3786183595657349,91.95604705810547,1.6049357652664185,0.7554945054945055,0.007554945054945055,-0.248635932803154,-1.7154879570007324,1.5543303489685059,1.3737866878509521,1.6117159128189087,0.004742950201034546,-14.24578857421875,-0.24863591516310576,-98.29021453857422,-1.7154878661897193,89.05656433105469,1.5543302680910456,78.71217346191406,1.3737865883113038,92.34451293945312,1.6117157969439642,0.4742950201034546,0.004742950201034546,False,False,0.0,0.0,0.0,0.0,0.0,0.0,0.0,0.0,0.0,0.0,0.0,0.0,0.0,0.0,0.0,0.0
8,329,12.492867699009366,12.503780908999033,False,-14.373626708984375,-0.25086709856987,-97.010986328125,-1.693161129951477,91.12088012695312,1.5903593301773071,78.989013671875,1.3786183595657349,91.95604705810547,1.6049357652664185,0.7554945054945055,0.007554945054945055,-0.24783243238925934,-1.6696321964263916,1.512769341468811,1.373002290725708,1.607006549835205,0.00575295090675354,-14.199751853942871,-0.24783242281747206,-95.66287231445312,-1.6696320938021354,87.12088012695312,1.5205462054506276,78.66722869873047,1.373002154212221,92.0746841430664,1.6070063960303225,0.575295090675354,0.00575295090675354,False,False,0.0,0.0,0.0,0.0,0.0,0.0,0.0,0.0,0.445587158203125,0.445587158203125,0.0,0.0,0.0,0.0,0.0,0.0
8,330,12.525941974017769,12.692773465067148,False,-14.461538314819336,-0.2524014711380005,-97.0988998413086,-1.6946954727172852,91.12088012695312,1.5903593301773071,78.989013671875,1.3786183595657349,91.95604705810547,1.6049357652664185,0.7554945054945055,0.007554945054945055,-0.24734508991241455,-1.7187926769256592,1.5965584516525269,1.3721799850463867,1.6070157289505005,0.0008018016815185547,-14.171829223632812,-0.24734508098274435,-98.47956085205078,-1.7187925827863986,91.47605895996094,1.596558415599778,78.6201171875,1.372179903225659,92.07521057128906,1.6070155839360833,0.08018016815185547,0.0008018016815185547,False,False,0.0,0.0,0.0,0.0,0.0,0.0,0.0,0.0,0.0,0.0,0.0,0.0,0.0,0.0,0.0,0.0
8,331,12.694357390981168,12.705915680038743,False,-14.373626708984375,-0.25086709856987,-96.04395294189453,-1.6762832403182983,90.5054931640625,1.5796188116073608,78.989013671875,1.3786183595657349,91.95604705810547,1.6049357652664185,0.7554945054945055,0.007554945054945055,-0.24450770020484924,-1.732154369354248,1.605289340019226,1.3708609342575073,1.6070910692214966,0.0005430355668067932,-14.009258270263672,-0.2445076825783467,-99.24513244628906,-1.7321543277655986,91.9762954711914,1.6052891897594395,78.54454040527344,1.3708608395377428,92.07952880859375,1.6070909513949325,0.05430355668067932,0.0005430355668067932,False,False,0.0,0.0,0.0,0.0,0.0,0.0,0.0,0.0,0.0,0.0,0.0,0.0,0.0,0.0,0.0,0.0
8,332,12.727804429014213,12.738740422064438,False,-14.373626708984375,-0.25086709856987,-96.04395294189453,-1.6762832403182983,90.5054931640625,1.5796188116073608,78.989013671875,1.3786183595657349,91.95604705810547,1.6049357652664185,0.7554945054945055,0.007554945054945055,-0.24360428750514984,-1.741425633430481,1.6028681993484497,1.3695026636123657,1.6121872663497925,0.00259234756231308,-13.957496643066406,-0.24360427175756458,-99.77633666992188,-1.7414255904684914,91.83757781982422,1.6028681100124484,78.46672058105469,1.3695026273818025,92.37152099609375,1.612187176456908,0.259234756231308,0.00259234756231308,False,False,0.0,0.0,0.0,0.0,0.0,0.0,0.0,0.0,0.0,0.0,0.0,0.0,0.0,0.0,0.0,0.0
8,333,12.761603552033193,12.77464121102821,False,-14.373626708984375,-0.25086709856987,-96.48351287841797,-1.6839549541473389,90.5934066772461,1.5811532735824585,78.989013671875,1.3786183595657349,91.95604705810547,1.6049357652664185,0.7554945054945055,0.007554945054945055,-0.24145789444446564,-1.7072718143463135,1.5676873922348022,1.369797945022583,1.6017274856567383,0.00019361823797225952,-13.834517478942871,-0.24145788043225838,-97.81946563720703,-1.7072717479107158,89.82186889648438,1.5676873525383381,78.48363494873047,1.3697978387886376,91.772216796875,1.6017273449595129,0.019361823797225952,0.00019361823797225952,False,False,0.0,0.0,0.0,0.0,0.0,0.0,0.0,0.0,0.0,0.0,0.0,0.0,0.0,0.0,0.0,0.0
8,334,12.795214863028377,12.807564963004552,False,-14.461538314819336,-0.2524014711380005,-97.53845977783203,-1.7023673057556152,91.38461303710938,1.5949623584747314,78.989013671875,1.3786183595657349,91.95604705810547,1.6049357652664185,0.7554945054945055,0.007554945054945055,-0.24882610142230988,-1.7241272926330566,1.5762029886245728,1.3713842630386353,1.6054129600524902,-0.0010175704956054688,-14.256684303283691,-0.24882608150969424,-98.78520965576172,-1.7241271607659363,90.30977630615234,1.576202943281921,78.57452392578125,1.3713841506919433,91.98338317871094,1.6054128935920735,0.0,0.0,True,False,0.10175704956054688,0.0,0.0,0.0,0.0,0.0,0.0,0.0,0.0,0.0,0.0,0.0,0.0,0.0,0.0,0.0
8,335,12.828379353042692,12.839631799957715,False,-14.549450874328613,-0.2539358139038086,-97.71428680419922,-1.7054359912872314,91.47252655029297,1.5964967012405396,78.989013671875,1.3786183595657349,91.95604705810547,1.6049357652664185,0.7554945054945055,0.007554945054945055,-0.25376713275909424,-1.6832942962646484,1.51186203956604,1.3741015195846558,1.606029748916626,0.0006741583347320557,-14.53978443145752,-0.2537671108591455,-96.4456558227539,-1.6832942433522964,87.47252655029297,1.5266835933407696,78.73021697998047,1.3741015071102058,92.01872253417969,1.606029681700536,0.06741583347320557,0.0006741583347320557,False,False,0.0,0.0,0.0,0.0,0.0,0.0,0.0,0.0,0.8492202758789062,0.8492202758789062,0.0,0.0,0.0,0.0,0.0,0.0
8,336,12.861847233958542,12.873012769035995,False,-14.549450874328613,-0.2539358139038086,-97.53845977783203,-1.7023673057556152,91.38461303710938,1.5949623584747314,78.9011001586914,1.3770840167999268,91.95604705810547,1.6049357652664185,0.7554945054945055,0.007554945054945055,-0.24952779710292816,-1.6986045837402344,1.5335235595703125,1.3741666078567505,1.6047775745391846,0.0013759210705757141,-14.296889305114746,-0.2495277911674165,-97.32286834716797,-1.6986044901430528,87.86442565917969,1.5335235231264746,78.73394012451172,1.3741664882408038,91.94697570800781,1.6047774633559806,0.1375921070575714,0.0013759210705757141,False,False,0.0,0.0,0.0,0.0,0.0,0.0,0.0,0.0,0.0,0.0,0.0,0.0,0.0,0.0,0.0,0.0
8,337,12.895406407071277,12.906673751072958,False,-14.549450874328613,-0.2539358139038086,-97.53845977783203,-1.7023673057556152,91.20879364013672,1.5918937921524048,78.9011001586914,1.3770840167999268,91.95604705810547,1.6049357652664185,0.7554945054945055,0.007554945054945055,-0.2500438690185547,-1.693773865699768,1.511897325515747,1.3747596740722656,1.6063891649246216,0.0014001727104187012,-14.326457977294922,-0.2500438618524034,-97.04608917236328,-1.693773782241758,87.20879364013672,1.5220805857126767,78.7679214477539,1.3747595742155643,92.03931427001953,1.6063890752896421,0.14001727104187012,0.0014001727104187012,False,False,0.0,0.0,0.0,0.0,0.0,0.0,0.0,0.0,0.583465576171875,0.583465576171875,0.0,0.0,0.0,0.0,0.0,0.0
8,338,12.928576266975142,12.939730459009297,False,-14.549450874328613,-0.2539358139038086,-97.27472686767578,-1.697764277458191,90.85713958740234,1.5857561826705933,78.989013671875,1.3786183595657349,91.95604705810547,1.6049357652664185,0.7554945054945055,0.007554945054945055,-0.24689322710037231,-1.7251442670822144,1.5780282020568848,1.3731048107147217,1.6066714525222778,0.0012880340218544006,-14.145938873291016,-0.24689320912478518,-98.8434829711914,-1.7251442219862374,90.41435241699219,1.5780281407350067,78.67310333251953,1.373104685914189,92.05548858642578,1.6066713703651905,0.12880340218544006,0.0012880340218544006,False,False,0.0,0.0,0.0,0.0,0.0,0.0,0.0,0.0,0.0,0.0,0.0,0.0,0.0,0.0,0.0,0.0
8,339,12.962063377024606,12.972579934052192,False,-14.461538314819336,-0.2524014711380005,-97.27472686767578,-1.697764277458191,90.76923370361328,1.5842219591140747,78.989013671875,1.3786183595657349,91.95604705810547,1.6049357652664185,0.7554945054945055,0.007554945054945055,-0.24793075025081635,-1.7237467765808105,1.584864616394043,1.3723649978637695,1.6049549579620361,0.0027980655431747437,-14.205385208129883,-0.2479307433959664,-98.76341247558594,-1.7237467282042185,90.80604553222656,1.5848644752532401,78.6307144165039,1.372364859763365,91.95713806152344,1.60495482988458,0.27980655431747437,0.0027980655431747437,False,False,0.0,0.0,0.0,0.0,0.0,0.0,0.0,0.0,0.0,0.0,0.0,0.0,0.0,0.0,0.0,0.0
8,340,12.9958368439693,13.00674145296216,False,-14.549450874328613,-0.2539358139038086,-97.36264038085938,-1.699298620223999,90.76923370361328,1.5842219591140747,78.989013671875,1.3786183595657349,91.95604705810547,1.6049357652664185,0.7554945054945055,0.007554945054945055,-0.24742338061332703,-1.726498007774353,1.5880343914031982,1.3712668418884277,1.6095119714736938,0.001107044517993927,-14.176314353942871,-0.24742336127403589,-98.9210433959961,-1.7264979067683248,90.98766326904297,1.588034302740707,78.56779479980469,1.3712667052878709,92.2182388305664,1.609511897983869,0.1107044517993927,0.001107044517993927,False,False,0.0,0.0,0.0,0.0,0.0,0.0,0.0,0.0,0.0,0.0,0.0,0.0,0.0,0.0,0.0,0.0
8,341,13.028913425980136,13.039720739005134,False,-14.549450874328613,-0.2539358139038086,-97.80220031738281,-1.706970453262329,91.12088012695312,1.5903593301773071,78.989013671875,1.3786183595657349,91.95604705810547,1.6049357652664185,0.7554945054945055,0.007554945054945055,-0.24623727798461914,-1.7361464500427246,1.5920766592025757,1.3685994148254395,1.6089191436767578,0.0018866658210754395,-14.108356475830078,-0.24623727254829866,-99.47386169433594,-1.7361464062396272,91.21926879882812,1.5920765818012839,78.41496276855469,1.3685992831400475,92.18427276611328,1.6089190783252174,0.18866658210754395,0.0018866658210754395,False,False,0.0,0.0,0.0,0.0,0.0,0.0,0.0,0.0,0.0,0.0,0.0,0.0,0.0,0.0,0.0,0.0
8,342,13.062495831982233,13.074879226041958,False,-14.549450874328613,-0.2539358139038086,-97.80220031738281,-1.706970453262329,91.29669952392578,1.5934280157089233,78.989013671875,1.3786183595657349,91.95604705810547,1.6049357652664185,0.7554945054945055,0.007554945054945055,-0.24716117978096008,-1.7336608171463013,1.588053822517395,1.3672178983688354,1.610802173614502,0.0013167783617973328,-14.16129207611084,-0.24716117306471758,-99.3314437866211,-1.7336607448362018,90.98877716064453,1.5880537438166646,78.33580780029297,1.367217768324569,92.29216003417969,1.610802066373958,0.13167783617973328,0.0013167783617973328,False,False,0.0,0.0,0.0,0.0,0.0,0.0,0.0,0.0,0.0,0.0,0.0,0.0,0.0,0.0,0.0,0.0
8,343,13.095849378965795,13.107230889960192,False,-14.549450874328613,-0.2539358139038086,-97.97801971435547,-1.7100390195846558,91.29669952392578,1.5934280157089233,78.989013671875,1.3786183595657349,91.95604705810547,1.6049357652664185,0.7554945054945055,0.007554945054945055,-0.24697718024253845,-1.7342804670333862,1.5873984098434448,1.3690307140350342,1.6059980392456055,0.0015150606632232666,-14.150749206542969,-0.24697716527814992,-99.366943359375,-1.7342803292638087,90.95122528076172,1.587398339872396,78.4396743774414,1.369030582078586,92.01690673828125,1.605997990083564,0.15150606632232666,0.0015150606632232666,False,False,0.0,0.0,0.0,0.0,0.0,0.0,0.0,0.0,0.0,0.0,0.0,0.0,0.0,0.0,0.0,0.0
8,344,13.129119461984374,13.140417600050569,False,-14.549450874328613,-0.2539358139038086,-98.06593322753906,-1.7115733623504639,91.29669952392578,1.5934280157089233,78.989013671875,1.3786183595657349,91.95604705810547,1.6049357652664185,0.7554945054945055,0.007554945054945055,-0.24092444777488708,-1.7252256870269775,1.5929996967315674,1.3688124418258667,1.6063005924224854,0.0012848973274230957,-13.803953170776367,-0.2409244326211587,-98.84814453125,-1.7252255815575395,91.27215576171875,1.5929996334351053,78.42716979980469,1.368812336027254,92.03424072265625,1.606300525183397,0.12848973274230957,0.0012848973274230957,False,False,0.0,0.0,0.0,0.0,0.0,0.0,0.0,0.0,0.0,0.0,0.0,0.0,0.0,0.0,0.0,0.0
8,345,13.16262022999581,13.173735187971033,False,-14.549450874328613,-0.2539358139038086,-98.06593322753906,-1.7115733623504639,91.29669952392578,1.5934280157089233,78.989013671875,1.3786183595657349,91.95604705810547,1.6049357652664185,0.7554945054945055,0.007554945054945055,-0.24367833137512207,-1.7259374856948853,1.587357759475708,1.3690695762634277,1.6062310934066772,0.0007601082324981689,-13.961739540100098,-0.24367832428062558,-98.88893127441406,-1.7259374445169176,90.94889831542969,1.5873577266657724,78.44190216064453,1.369069464230501,92.03025817871094,1.606231016678946,0.0760108232498169,0.0007601082324981689,False,False,0.0,0.0,0.0,0.0,0.0,0.0,0.0,0.0,0.0,0.0,0.0,0.0,0.0,0.0,0.0,0.0
8,346,13.196017023990862,13.206629946012981,False,-14.549450874328613,-0.2539358139038086,-98.15384674072266,-1.7131078243255615,91.29669952392578,1.5934280157089233,78.989013671875,1.3786183595657349,91.95604705810547,1.6049357652664185,0.7554945054945055,0.007554945054945055,-0.24567267298698425,-1.7343261241912842,1.5839284658432007,1.3695558309555054,1.6055532693862915,0.0013696253299713135,-14.076006889343262,-0.24567266575244504,-99.36956024169922,-1.7343260024765037,90.75241088867188,1.5839283741300774,78.46976470947266,1.3695557574455495,91.99142456054688,1.6055532421815206,0.13696253299713135,0.0013696253299713135,False,False,0.0,0.0,0.0,0.0,0.0,0.0,0.0,0.0,0.0,0.0,0.0,0.0,0.0,0.0,0.0,0.0
8,347,13.229407181963325,13.241110189002939,False,-14.461538314819336,-0.2524014711380005,-98.15384674072266,-1.7131078243255615,91.29669952392578,1.5934280157089233,78.989013671875,1.3786183595657349,91.95604705810547,1.6049357652664185,0.7554945054945055,0.007554945054945055,-0.24181154370307922,-1.7212975025177002,1.5833154916763306,1.3696976900100708,1.6097146272659302,0.0012983828783035278,-13.854780197143555,-0.2418115315802641,-98.62307739257812,-1.7212974189496726,90.71729278564453,1.5833154476051956,78.47789001464844,1.369697570773596,92.22985076904297,1.6097145645428241,0.12983828783035278,0.0012983828783035278,False,False,0.0,0.0,0.0,0.0,0.0,0.0,0.0,0.0,0.0,0.0,0.0,0.0,0.0,0.0,0.0,0.0
8,348,13.262921010958962,13.273347162059508,False,-14.461538314819336,-0.2524014711380005,-98.15384674072266,-1.7131078243255615,91.29669952392578,1.5934280157089233,78.989013671875,1.3786183595657349,91.95604705810547,1.6049357652664185,0.7554945054945055,0.007554945054945055,-0.24231310188770294,-1.7179135084152222,1.5739154815673828,1.3696238994598389,1.6078639030456543,0.0015145838260650635,-13.883517265319824,-0.24231308803731008,-98.42919158935547,-1.7179134733105634,90.1787109375,1.5739154210635975,78.47366333007812,1.369623801211401,92.12380981445312,1.6078638007432735,0.15145838260650635,0.0015145838260650635,False,False,0.0,0.0,0.0,0.0,0.0,0.0,0.0,0.0,0.0,0.0,0.0,0.0,0.0,0.0,0.0,0.0
8,349,13.296229726984166,13.307958893012255,False,-14.461538314819336,-0.2524014711380005,-98.15384674072266,-1.7131078243255615,91.29669952392578,1.5934280157089233,78.989013671875,1.3786183595657349,91.95604705810547,1.6049357652664185,0.7554945054945055,0.007554945054945055,-0.23947271704673767,-1.7317148447036743,1.5751584768295288,1.3699448108673096,1.6070642471313477,0.0014325901865959167,-13.720775604248047,-0.2394727102214429,-99.2199478149414,-1.731714773027681,90.24993133544922,1.575158451502392,78.49205017089844,1.3699447121227555,92.07799530029297,1.6070641866259772,0.14325901865959167,0.0014325901865959167,False,False,0.0,0.0,0.0,0.0,0.0,0.0,0.0,0.0,0.0,0.0,0.0,0.0,0.0,0.0,0.0,0.0
8,350,13.329794746008702,13.340359371039085,False,-14.461538314819336,-0.2524014711380005,-98.15384674072266,-1.7131078243255615,91.29669952392578,1.5934280157089233,78.989013671875,1.3786183595657349,91.95604705810547,1.6049357652664185,0.7554945054945055,0.007554945054945055,-0.2399986833333969,-1.6989855766296387,1.5648797750473022,1.3709251880645752,1.6058318614959717,0.0013075992465019226,-13.750910758972168,-0.2399986678919767,-97.34469604492188,-1.6989854553369887,89.66100311279297,1.564879714959122,78.54822540283203,1.3709251548780683,92.00738525390625,1.605831808831543,0.13075992465019226,0.0013075992465019226,False,False,0.0,0.0,0.0,0.0,0.0,0.0,0.0,0.0,0.0,0.0,0.0,0.0,0.0,0.0,0.0,0.0
8,351,13.36293982306961,13.373938329983503,False,-14.373626708984375,-0.25086709856987,-98.15384674072266,-1.7131078243255615,91.29669952392578,1.5934280157089233,78.989013671875,1.3786183595657349,91.95604705810547,1.6049357652664185,0.7554945054945055,0.007554945054945055,-0.24497565627098083,-1.6977585554122925,1.55008864402771,1.372414231300354,1.6075868606567383,0.002530917525291443,-14.036070823669434,-0.24497564991614407,-97.2743911743164,-1.6977584038647346,88.81352996826172,1.5500885182648219,78.63353729248047,1.3724141282435316,92.10794067382812,1.6075868319899052,0.2530917525291443,0.002530917525291443,False,False,0.0,0.0,0.0,0.0,0.0,0.0,0.0,0.0,0.0,0.0,0.0,0.0,0.0,0.0,0.0,0.0
8,352,13.39660585403908,13.407229128060862,False,-14.197802543640137,-0.2477983981370926,-98.06593322753906,-1.7115733623504639,91.29669952392578,1.5934280157089233,78.989013671875,1.3786183595657349,91.95604705810547,1.6049357652664185,0.7554945054945055,0.007554945054945055,-0.2417769432067871,-1.7104606628417969,1.5614269971847534,1.3714181184768677,1.60944664478302,0.0028314366936683655,-13.852797508239746,-0.2417769271308499,-98.0021743774414,-1.7104606169999765,89.46317291259766,1.5614269266058343,78.57646942138672,1.371418105995842,92.21449279785156,1.6094465173791075,0.28314366936683655,0.0028314366936683655,False,False,0.0,0.0,0.0,0.0,0.0,0.0,0.0,0.0,0.0,0.0,0.0,0.0,0.0,0.0,0.0,0.0
8,353,13.429816017043777,13.440713110030629,False,-14.197802543640137,-0.2477983981370926,-97.71428680419922,-1.7054359912872314,91.29669952392578,1.5934280157089233,78.989013671875,1.3786183595657349,91.95604705810547,1.6049357652664185,0.7554945054945055,0.007554945054945055,-0.24239224195480347,-1.654050350189209,1.4751465320587158,1.3736807107925415,1.611294150352478,0.0008857771754264832,-13.888051986694336,-0.24239223385595587,-94.77009582519531,-1.6540502045801906,87.29669952392578,1.5236148328166712,78.70610046386719,1.3736805944999186,92.32035064697266,1.6112940853853501,0.08857771754264832,0.0008857771754264832,False,False,0.0,0.0,0.0,0.0,0.0,0.0,0.0,0.0,2.7770309448242188,2.7770309448242188,0.0,0.0,0.0,0.0,0.0,0.0
8,354,13.463170254020952,13.474264104967006,False,-14.197802543640137,-0.2477983981370926,-97.71428680419922,-1.7054359912872314,91.20879364013672,1.5918937921524048,78.989013671875,1.3786183595657349,91.95604705810547,1.6049357652664185,0.7554945054945055,0.007554945054945055,-0.24702338874340057,-1.5389788150787354,1.3462153673171997,1.3758068084716797,1.6069833040237427,0.001783810555934906,-14.153396606445312,-0.2470233711230628,-93.71428680419922,-1.6356228608915508,87.20879364013672,1.5220805857126767,78.82791900634766,1.3758067291561835,92.07335662841797,1.6069832265288388,0.1783810555934906,0.001783810555934906,False,False,0.0,0.0,0.0,0.0,0.0,5.537300109863281,5.537300109863281,0.0,10.076339721679688,10.076339721679688,0.0,0.0,0.0,0.0,0.0,0.0
8,355,13.496572697069496,13.508560559013858,False,-14.197802543640137,-0.2477983981370926,-97.62637329101562,-1.7039016485214233,91.12088012695312,1.5903593301773071,78.989013671875,1.3786183595657349,91.95604705810547,1.6049357652664185,0.7554945054945055,0.007554945054945055,-0.2534106373786926,-1.3604353666305542,1.2029527425765991,1.3770523071289062,1.6066795587539673,0.0014305636286735535,-14.519359588623047,-0.2534106301024816,-93.62637329101562,-1.6340884806295017,87.12088012695312,1.5205462054506276,78.89928436279297,1.3770522895980135,92.05595397949219,1.6066794930065151,0.14305636286735535,0.0014305636286735535,False,False,0.0,0.0,0.0,0.0,0.0,15.679176330566406,15.679176330566406,0.0,18.19676971435547,18.19676971435547,0.0,0.0,0.0,0.0,0.0,0.0
8,356,13.530224664020352,13.541942788055167,False,-14.197802543640137,-0.2477983981370926,-96.65933990478516,-1.6870237588882446,90.68132019042969,1.5826876163482666,78.989013671875,1.3786183595657349,91.95604705810547,1.6049357652664185,0.7554945054945055,0.007554945054945055,-0.2663707733154297,-1.1957236528396606,1.0875781774520874,1.3749854564666748,1.5987598896026611,0.002118237316608429,-15.261919975280762,-0.2663707537445409,-92.65933990478516,-1.61721056406307,86.68132019042969,1.5128744372984362,78.7808609008789,1.374985410276003,91.60218811035156,1.5987597845568375,0.2118237316608429,0.002118237316608429,False,False,0.0,0.0,0.0,0.0,0.0,24.14942169189453,24.14942169189453,0.0,24.36768341064453,24.36768341064453,0.0,0.0,0.0,0.0,0.0,0.0
8,357,13.563551899977028,13.574343885062262,False,-14.10988998413086,-0.2462640404701233,-95.69230651855469,-1.6701457500457764,90.5934066772461,1.5811532735824585,78.989013671875,1.3786183595657349,91.95604705810547,1.6049357652664185,0.7554945054945055,0.007554945054945055,-0.2711681127548218,-1.0389231443405151,0.958503007888794,1.379638433456421,1.5961472988128662,0.0017693713307380676,-15.536787986755371,-0.2711681055531824,-91.69230651855469,-1.6003326474966384,86.5934066772461,1.511340057036387,79.04745483398438,1.379638352174535,91.45249938964844,1.5961472235274698,0.17693713307380676,0.0017693713307380676,False,False,0.0,0.0,0.0,0.0,0.0,32.16639709472656,32.16639709472656,0.0,31.67523193359375,31.67523193359375,0.0,0.0,0.0,0.0,0.0,0.0
8,358,13.597107721026987,13.608139274059795,False,-14.10988998413086,-0.2462640404701233,-94.63735961914062,-1.6517335176467896,90.5934066772461,1.5811532735824585,78.989013671875,1.3786183595657349,91.95604705810547,1.6049357652664185,0.7554945054945055,0.007554945054945055,-0.2724522650241852,-0.925955057144165,0.863920271396637,1.3787907361984253,1.5967183113098145,0.001761697232723236,-15.610363960266113,-0.27245224854130495,-90.63735961914062,-1.5819203506681576,86.5934066772461,1.511340057036387,78.99888610839844,1.3787906679995627,91.48521423339844,1.596718205265183,0.1761697232723236,0.001761697232723236,False,False,0.0,0.0,0.0,0.0,0.0,37.58404541015625,37.58404541015625,0.0,37.094425201416016,37.094425201416016,0.0,0.0,0.0,0.0,0.0,0.0
8,359,13.630453023011796,13.641624846030027,False,-14.725275039672852,-0.2570045292377472,-93.31867980957031,-1.6287182569503784,90.5054931640625,1.5796188116073608,78.989013671875,1.3786183595657349,91.95604705810547,1.6049357652664185,0.7554945054945055,0.007554945054945055,-0.27175530791282654,-0.8141144514083862,0.77269446849823,1.3847813606262207,1.5917096138000488,0.0010663121938705444,-15.57043170928955,-0.2717552992840312,-89.31867980957031,-1.5589050462115839,86.5054931640625,1.509805676774338,79.34212493896484,1.3847813157136415,91.19823455810547,1.5917094650450163,0.10663121938705444,0.0010663121938705444,False,False,0.0,0.0,0.0,0.0,0.0,42.67335891723633,42.67335891723633,0.0,42.23336410522461,42.23336410522461,0.0,0.0,0.0,0.0,0.0,0.0
8,360,13.664452156983316,13.829264905070886,False,-15.516483306884766,-0.2708137333393097,-92.70330047607422,-1.6179778575897217,90.5054931640625,1.5796188116073608,78.989013671875,1.3786183595657349,91.95604705810547,1.6049357652664185,0.7554945054945055,0.007554945054945055,-0.2697124481201172,-1.7146309614181519,1.5985853672027588,1.3744088411331177,1.6086523532867432,0.0017140060663223267,-15.453384399414062,-0.26971243834610187,-96.70330047607422,-1.6877909908528952,91.5921859741211,1.5985852143473829,78.74781799316406,1.3744087027419465,92.16898345947266,1.6086522295839913,0.17140060663223267,0.0017140060663223267,False,False,0.0,0.0,0.0,0.0,0.0,1.537811279296875,1.537811279296875,0.0,0.0,0.0,0.0,0.0,0.0,0.0,0.0,0.0
8,361,13.830734865972772,13.84225902101025,False,-15.076923370361328,-0.2631419599056244,-89.89010620117188,-1.5688782930374146,90.5054931640625,1.5796188116073608,79.07691955566406,1.3801525831222534,91.86813354492188,1.6034014225006104,0.7554945054945055,0.007554945054945055,-0.2640286684036255,-1.7135438919067383,1.6043896675109863,1.3735777139663696,1.6085256338119507,0.00210387259721756,-15.127727508544922,-0.2640286533686275,-93.89010620117188,-1.6386914882575947,91.92475128173828,1.6043895739432106,78.70020294189453,1.373577663323787,92.16172790527344,1.6085255962741583,0.21038725972175598,0.00210387259721756,False,False,0.0,0.0,0.0,0.0,0.0,4.288719177246094,4.288719177246094,0.0,0.0,0.0,0.0,0.0,0.0,0.0,0.0,0.0
8,362,13.86425192502793,13.875622753053904,False,-15.076923370361328,-0.2631419599056244,-90.15384674072266,-1.5734814405441284,90.5054931640625,1.5796188116073608,79.07691955566406,1.3801525831222534,91.86813354492188,1.6034014225006104,0.7554945054945055,0.007554945054945055,-0.2679225206375122,-1.7024298906326294,1.5982351303100586,1.3713862895965576,1.605482816696167,0.0012992694973945618,-15.350829124450684,-0.2679225111327028,-94.15384674072266,-1.6432946290437422,91.5721206665039,1.5982350086640376,78.57463836669922,1.371386148062761,91.98738098144531,1.6054826684126335,0.12992694973945618,0.0012992694973945618,False,False,0.0,0.0,0.0,0.0,0.0,3.3881988525390625,3.3881988525390625,0.0,0.0,0.0,0.0,0.0,0.0,0.0,0.0,0.0
8,363,13.897410411969759,13.909335313015617,False,-15.076923370361328,-0.2631419599056244,-90.32967376708984,-1.5765502452850342,90.5054931640625,1.5796188116073608,78.989013671875,1.3786183595657349,91.86813354492188,1.6034014225006104,0.7554945054945055,0.007554945054945055,-0.2708454132080078,-1.7221790552139282,1.5920495986938477,1.3722578287124634,1.6082826852798462,0.001087978482246399,-15.518298149108887,-0.270845397008092,-94.32967376708984,-1.6463633895678405,91.21772003173828,1.5920495507162193,78.62458038330078,1.3722578006875439,92.1478042602539,1.6082825828246885,0.10879784822463989,0.001087978482246399,False,False,0.0,0.0,0.0,0.0,0.0,4.343910217285156,4.343910217285156,0.0,0.0,0.0,0.0,0.0,0.0,0.0,0.0,0.0
8,364,13.930778581066988,13.942920185974799,False,-14.98901081085205,-0.2616075873374939,-92.0,-1.6057028770446777,91.29669952392578,1.5934280157089233,78.989013671875,1.3786183595657349,91.86813354492188,1.6034014225006104,0.7554945054945055,0.007554945054945055,-0.26813173294067383,-1.7004408836364746,1.5953235626220703,1.371809720993042,1.6056959629058838,0.0023264065384864807,-15.362815856933594,-0.26813171908108535,-96.0,-1.6755160819145565,91.40530395507812,1.5953235078023085,78.5988998413086,1.3718095906760837,91.99959564208984,1.6056958544578945,0.23264065384864807,0.0023264065384864807,False,False,0.0,0.0,0.0,0.0,0.0,1.4280776977539062,1.4280776977539062,0.0,0.0,0.0,0.0,0.0,0.0,0.0,0.0,0.0
8,365,13.964199883979745,13.976273947046138,False,-15.164834976196289,-0.2646763026714325,-92.70330047607422,-1.6179778575897217,91.56044006347656,1.5980311632156372,78.989013671875,1.3786183595657349,91.86813354492188,1.6034014225006104,0.7554945054945055,0.007554945054945055,-0.2681792080402374,-1.7146786451339722,1.5999135971069336,1.3711236715316772,1.6079339981079102,0.0012162327766418457,-15.365535736083984,-0.268179189927516,-96.70330047607422,-1.6877909908528952,91.66828918457031,1.5999134659410599,78.5595932006836,1.371123560379279,92.1278305053711,1.607933975037997,0.12162327766418457,0.0012162327766418457,False,False,0.0,0.0,0.0,0.0,0.0,1.5405426025390625,1.5405426025390625,0.0,0.0,0.0,0.0,0.0,0.0,0.0,0.0,0.0
8,366,13.998522968962789,14.010567271965556,False,-15.516483306884766,-0.2708137333393097,-93.5824203491211,-1.6333212852478027,91.56044006347656,1.5980311632156372,78.989013671875,1.3786183595657349,91.86813354492188,1.6034014225006104,0.7554945054945055,0.007554945054945055,-0.2670806348323822,-1.7139712572097778,1.609056830406189,1.3706858158111572,1.6030712127685547,0.001700758934020996,-15.302592277526855,-0.2670806193331015,-97.5824203491211,-1.7031345271572775,92.1921615600586,1.6090567637535744,78.53450775146484,1.37068573669607,91.84921264648438,1.603071176045567,0.1700758934020996,0.001700758934020996,False,False,0.0,0.0,0.0,0.0,0.0,0.6208953857421875,0.6208953857421875,0.0,0.0,0.0,0.0,0.0,0.0,0.0,0.0,0.0
8,367,14.03180016996339,14.043788291979581,False,-15.604395866394043,-0.2723480761051178,-94.63735961914062,-1.6517335176467896,91.56044006347656,1.5980311632156372,78.989013671875,1.3786183595657349,91.86813354492188,1.6034014225006104,0.7554945054945055,0.007554945054945055,-0.2717341184616089,-1.718206524848938,1.6045753955841064,1.3722906112670898,1.604001522064209,0.0020842179656028748,-15.569217681884766,-0.2717341105086083,-98.44597625732422,-1.718206421030472,91.93539428710938,1.6045753294292435,78.62645721435547,1.372290557568952,91.90251159667969,1.6040014182143316,0.20842179656028748,0.0020842179656028748,False,False,0.0,0.0,0.0,0.0,0.0,0.0,0.0,0.0,0.0,0.0,0.0,0.0,0.0,0.0,0.0,0.0
8,368,14.065346347982995,14.077237999998033,False,-15.604395866394043,-0.2723480761051178,-95.51648712158203,-1.6670771837234497,91.56044006347656,1.5980311632156372,78.989013671875,1.3786183595657349,91.86813354492188,1.6034014225006104,0.7554945054945055,0.007554945054945055,-0.2664347290992737,-1.711161494255066,1.6005489826202393,1.371294379234314,1.6029566526412964,0.001412719488143921,-15.265584945678711,-0.2664347195449732,-98.04232788085938,-1.711161427840831,91.70469665527344,1.6005488961771528,78.56937408447266,1.3712942690051533,91.84264373779297,1.602956526960639,0.1412719488143921,0.001412719488143921,False,False,0.0,0.0,0.0,0.0,0.0,0.0,0.0,0.0,0.0,0.0,0.0,0.0,0.0,0.0,0.0,0.0
8,369,14.099066975992173,14.110814752988517,False,-15.604395866394043,-0.2723480761051178,-96.21977996826172,-1.6793519258499146,91.56044006347656,1.5980311632156372,78.989013671875,1.3786183595657349,91.86813354492188,1.6034014225006104,0.7554945054945055,0.007554945054945055,-0.26824507117271423,-1.7157014608383179,1.5992106199264526,1.3721669912338257,1.6089415550231934,0.0017075836658477783,-15.369309425354004,-0.268245053230225,-98.30244445800781,-1.715701318551089,91.62801361083984,1.5992105245713335,78.61936950683594,1.3721668537363176,92.18555450439453,1.608941448878374,0.17075836658477783,0.0017075836658477783,False,False,0.0,0.0,0.0,0.0,0.0,0.0,0.0,0.0,0.0,0.0,0.0,0.0,0.0,0.0,0.0,0.0
8,370,14.132331331958994,14.144243691000156,False,-15.692307472229004,-0.2738824188709259,-96.65933990478516,-1.6870237588882446,91.56044006347656,1.5980311632156372,78.989013671875,1.3786183595657349,91.86813354492188,1.6034014225006104,0.7554945054945055,0.007554945054945055,-0.2656281292438507,-1.7112939357757568,1.6054401397705078,1.3726565837860107,1.6022858619689941,0.0024613961577415466,-15.219369888305664,-0.26562811462981545,-98.04991149902344,-1.711293786947008,91.98493957519531,1.6054400578351924,78.64742279052734,1.3726564759027287,91.80421447753906,1.6022858098401025,0.24613961577415466,0.0024613961577415466,False,False,0.0,0.0,0.0,0.0,0.0,0.0,0.0,0.0,0.0,0.0,0.0,0.0,0.0,0.0,0.0,0.0
8,371,14.16572971898131,14.177781905047596,False,-15.692307472229004,-0.2738824188709259,-96.83516693115234,-1.6900924444198608,91.56044006347656,1.5980311632156372,78.989013671875,1.3786183595657349,91.86813354492188,1.6034014225006104,0.7554945054945055,0.007554945054945055,-0.27129435539245605,-1.718725323677063,1.6034191846847534,1.3715832233428955,1.60062575340271,0.001803271472454071,-15.544020652770996,-0.2712943393888521,-98.47570037841797,-1.7187252048108195,91.86914825439453,1.6034191180419857,78.58592224121094,1.3715830888253724,91.70909881591797,1.6006257283746017,0.1803271472454071,0.001803271472454071,False,False,0.0,0.0,0.0,0.0,0.0,0.0,0.0,0.0,0.0,0.0,0.0,0.0,0.0,0.0,0.0,0.0
8,372,14.199356434051879,14.211199996061623,False,-15.692307472229004,-0.2738824188709259,-97.010986328125,-1.693161129951477,91.56044006347656,1.5980311632156372,78.989013671875,1.3786183595657349,91.86813354492188,1.6034014225006104,0.7554945054945055,0.007554945054945055,-0.26982995867729187,-1.6927088499069214,1.5817885398864746,1.3712654113769531,1.6066980361938477,0.0012716278433799744,-15.46011734008789,-0.2698299503292016,-96.98506927490234,-1.6927087841218353,90.62979888916016,1.581788391036144,78.56771850585938,1.371265373707326,92.05701446533203,1.6066980019760913,0.12716278433799744,0.0012716278433799744,False,False,0.0,0.0,0.0,0.0,0.0,0.0,0.0,0.0,0.0,0.0,0.0,0.0,0.0,0.0,0.0,0.0
8,373,14.232907055993564,14.244163947063498,False,-15.692307472229004,-0.2738824188709259,-97.0988998413086,-1.6946954727172852,91.56044006347656,1.5980311632156372,78.989013671875,1.3786183595657349,91.86813354492188,1.6034014225006104,0.7554945054945055,0.007554945054945055,-0.2728155255317688,-1.7037112712860107,1.5847400426864624,1.3726638555526733,1.6061174869537354,0.0014974698424339294,-15.631176948547363,-0.27281550371399177,-97.61546325683594,-1.7037112346913343,90.79891204833984,1.584739972472279,78.64784240722656,1.3726637995957265,92.02375030517578,1.606117432858454,0.14974698424339294,0.0014974698424339294,False,False,0.0,0.0,0.0,0.0,0.0,0.0,0.0,0.0,0.0,0.0,0.0,0.0,0.0,0.0,0.0,0.0
8,374,14.266113157034852,14.276843241066672,False,-15.692307472229004,-0.2738824188709259,-97.0988998413086,-1.6946954727172852,91.56044006347656,1.5980311632156372,78.989013671875,1.3786183595657349,91.86813354492188,1.6034014225006104,0.7554945054945055,0.007554945054945055,-0.2712222933769226,-1.6917048692703247,1.5831966400146484,1.3709726333618164,1.6046943664550781,0.0013945922255516052,-15.539892196655273,-0.27122228423660866,-96.92754364013672,-1.6917047723908756,90.71047973632812,1.5831965374625236,78.55094146728516,1.3709725591454716,91.94220733642578,1.6046942395719157,0.13945922255516052,0.0013945922255516052,False,False,0.0,0.0,0.0,0.0,0.0,0.0,0.0,0.0,0.0,0.0,0.0,0.0,0.0,0.0,0.0,0.0
8,375,14.299526544986293,14.311006881063804,False,-15.692307472229004,-0.2738824188709259,-97.010986328125,-1.693161129951477,91.47252655029297,1.5964967012405396,78.989013671875,1.3786183595657349,91.86813354492188,1.6034014225006104,0.7554945054945055,0.007554945054945055,-0.275399774312973,-1.6979161500930786,1.5878194570541382,1.3720767498016357,1.6103419065475464,0.0010902062058448792,-15.779243469238281,-0.2753997520120206,-97.2834243774414,-1.6979160630012673,90.97534942626953,1.5878193856407377,78.61420440673828,1.3720767057334184,92.26579284667969,1.6103418721375922,0.10902062058448792,0.0010902062058448792,False,False,0.0,0.0,0.0,0.0,0.0,0.0,0.0,0.0,0.0,0.0,0.0,0.0,0.0,0.0,0.0,0.0
8,376,14.332871821010485,14.344326177961193,False,-15.692307472229004,-0.2738824188709259,-97.010986328125,-1.693161129951477,91.47252655029297,1.5964967012405396,78.989013671875,1.3786183595657349,91.86813354492188,1.6034014225006104,0.7554945054945055,0.007554945054945055,-0.2732425332069397,-1.6815537214279175,1.5830328464508057,1.3709040880203247,1.603553295135498,0.0022094249725341797,-15.655643463134766,-0.27324252495002915,-96.3459243774414,-1.6815536012638206,90.70109558105469,1.5830327530554837,78.54701232910156,1.370903982747402,91.8768310546875,1.6035532082028712,0.22094249725341797,0.0022094249725341797,False,False,0.0,0.0,0.0,0.0,0.0,0.0,0.0,0.0,0.0,0.0,0.0,0.0,0.0,0.0,0.0,0.0
8,377,14.366247482015751,14.377850302029401,False,-15.692307472229004,-0.2738824188709259,-97.010986328125,-1.693161129951477,91.47252655029297,1.5964967012405396,78.989013671875,1.3786183595657349,91.86813354492188,1.6034014225006104,0.7554945054945055,0.007554945054945055,-0.28463202714920044,-1.5537139177322388,1.4282233715057373,1.3726545572280884,1.6106085777282715,0.0013074204325675964,-16.308212280273438,-0.28463199940494377,-93.010986328125,-1.6233479519532121,87.47252655029297,1.5266835933407696,78.64730834960938,1.3726544785319112,92.28106689453125,1.610608454562709,0.13074204325675964,0.0013074204325675964,False,False,0.0,0.0,0.0,0.0,0.0,3.9897384643554688,3.9897384643554688,0.0,5.641357421875,5.641357421875,0.0,0.0,0.0,0.0,0.0,0.0
8,378,14.399977899971418,14.411241283989511,False,-15.692307472229004,-0.2738824188709259,-97.010986328125,-1.693161129951477,91.47252655029297,1.5964967012405396,78.989013671875,1.3786183595657349,91.86813354492188,1.6034014225006104,0.7554945054945055,0.007554945054945055,-0.2885478734970093,-1.4981811046600342,1.3314309120178223,1.3731859922409058,1.6041808128356934,0.0018080398440361023,-16.532573699951172,-0.288547844892769,-93.010986328125,-1.6233479519532121,87.47252655029297,1.5266835933407696,78.6777572631836,1.3731859123274366,91.91278839111328,1.6041807821137484,0.18080398440361023,0.0018080398440361023,False,False,0.0,0.0,0.0,0.0,0.0,7.171539306640625,7.171539306640625,0.0,11.187156677246094,11.187156677246094,0.0,0.0,0.0,0.0,0.0,0.0
8,379,14.433033476001583,14.445138723007403,False,-15.692307472229004,-0.2738824188709259,-96.57142639160156,-1.685489296913147,91.38461303710938,1.5949623584747314,78.989013671875,1.3786183595657349,91.86813354492188,1.6034014225006104,0.7554945054945055,0.007554945054945055,-0.2889966070652008,-1.3623420000076294,1.2348312139511108,1.3732213973999023,1.598941445350647,0.0017060935497283936,-16.558284759521484,-0.2889965875364474,-92.57142639160156,-1.615676183801021,87.38461303710938,1.5251492130787205,78.6797866821289,1.3732213323699345,91.61259460449219,1.598941412143181,0.17060935497283936,0.0017060935497283936,False,False,0.0,0.0,0.0,0.0,0.0,14.514984130859375,14.514984130859375,0.0,16.634002685546875,16.634002685546875,0.0,0.0,0.0,0.0,0.0,0.0
8,380,14.466709580970928,14.477808639989235,False,-15.780220031738281,-0.2754167914390564,-95.69230651855469,-1.6701457500457764,90.85713958740234,1.5857561826705933,78.989013671875,1.3786183595657349,91.86813354492188,1.6034014225006104,0.7554945054945055,0.007554945054945055,-0.2868690490722656,-1.2319378852844238,1.1472831964492798,1.374670386314392,1.598442554473877,0.0017079263925552368,-16.436384201049805,-0.2868690214310967,-91.69230651855469,-1.6003326474966384,86.85713958740234,1.51594306466448,78.76280975341797,1.3746703583190467,91.5840072631836,1.5984424689129546,0.17079263925552368,0.0017079263925552368,False,False,0.0,0.0,0.0,0.0,0.0,21.107467651367188,21.107467651367188,0.0,21.122657775878906,21.122657775878906,0.0,0.0,0.0,0.0,0.0,0.0
8,381,14.500448975013569,14.510886640055105,False,-15.95604419708252,-0.278485506772995,-94.02198028564453,-1.6409931182861328,90.5934066772461,1.5811532735824585,78.989013671875,1.3786183595657349,91.86813354492188,1.6034014225006104,0.7554945054945055,0.007554945054945055,-0.2947111129760742,-1.1502217054367065,1.083646297454834,1.3743020296096802,1.601722002029419,0.0032641738653182983,-16.88570213317871,-0.29471109873499857,-90.02198028564453,-1.5711799551499226,86.5934066772461,1.511340057036387,78.74169921875,1.3743019099822342,91.77190399169922,1.6017218854792783,0.32641738653182983,0.0032641738653182983,False,False,0.0,0.0,0.0,0.0,0.0,24.11913299560547,24.11913299560547,0.0,24.505050659179688,24.505050659179688,0.0,0.0,0.0,0.0,0.0,0.0
8,382,14.534086838015355,14.545582997961901,False,-16.395605087280273,-0.2861572802066803,-93.4065933227539,-1.6302525997161865,90.5934066772461,1.5811532735824585,78.989013671875,1.3786183595657349,91.86813354492188,1.6034014225006104,0.7554945054945055,0.007554945054945055,-0.30143624544143677,-1.0625230073928833,1.0288110971450806,1.376341462135315,1.5943150520324707,0.0027764439582824707,-17.27102279663086,-0.3014362129882075,-89.4065933227539,-1.560439426473633,86.5934066772461,1.511340057036387,78.85855102539062,1.3763413587450168,91.34751892089844,1.5943149686974953,0.27764439582824707,0.0027764439582824707,False,False,0.0,0.0,0.0,0.0,0.0,28.52851104736328,28.52851104736328,0.0,27.64687728881836,27.64687728881836,0.0,0.0,0.0,0.0,0.0,0.0
8,383,14.567426927038468,14.578140738070942,False,-16.571428298950195,-0.2892259955406189,-92.43955993652344,-1.6133747100830078,90.4175796508789,1.5780844688415527,78.989013671875,1.3786183595657349,91.86813354492188,1.6034014225006104,0.7554945054945055,0.007554945054945055,-0.29859083890914917,-1.00238835811615,0.9656280279159546,1.3773047924041748,1.5955122709274292,0.002567097544670105,-17.107994079589844,-0.2985908251005396,-88.43955993652344,-1.5435615099072013,86.4175796508789,1.5082712965122889,78.91374969482422,1.377304757269353,91.4161148071289,1.5955121927655405,0.2567097544670105,0.002567097544670105,False,False,0.0,0.0,0.0,0.0,0.0,31.006938934326172,31.006938934326172,0.0,31.091171264648438,31.091171264648438,0.0,0.0,0.0,0.0,0.0,0.0
8,384,14.600885462015867,14.613089369959198,False,-16.74725341796875,-0.2922947108745575,-91.9120864868164,-1.6041685342788696,90.32967376708984,1.5765502452850342,78.989013671875,1.3786183595657349,91.86813354492188,1.6034014225006104,0.7554945054945055,0.007554945054945055,-0.30162519216537476,-0.9500192403793335,0.9141411781311035,1.3765450716018677,1.592956781387329,0.002985551953315735,-17.281848907470703,-0.30162516426754865,-87.9120864868164,-1.5343553614929608,86.32967376708984,1.5067370494082941,78.8702163696289,1.3765449574103534,91.26969909667969,1.592956756541555,0.2985551953315735,0.002985551953315735,False,False,0.0,0.0,0.0,0.0,0.0,33.47999572753906,33.47999572753906,0.0,33.9532470703125,33.9532470703125,0.0,0.0,0.0,0.0,0.0,0.0
8,385,14.634356126072817,14.645785270025954,False,-16.74725341796875,-0.2922947108745575,-90.68132019042969,-1.5826876163482666,90.15384674072266,1.5734814405441284,78.989013671875,1.3786183595657349,91.86813354492188,1.6034014225006104,0.7554945054945055,0.007554945054945055,-0.2985478639602661,-0.8933370113372803,0.8838857412338257,1.3772568702697754,1.5999599695205688,0.0050305575132369995,-17.105531692504883,-0.29854784833844844,-86.68132019042969,-1.5128744372984362,86.15384674072266,1.503668288884196,78.91100311279297,1.3772568203697315,91.67095184326172,1.5999599381020817,0.5030557513237,0.0050305575132369995,False,False,0.0,0.0,0.0,0.0,0.0,35.496883392333984,35.496883392333984,0.0,35.51092529296875,35.51092529296875,0.0,0.0,0.0,0.0,0.0,0.0
8,386,14.667700821068138,14.678671395988204,False,-16.659339904785156,-0.290760338306427,-89.89010620117188,-1.5688782930374146,89.97801971435547,1.5704126358032227,78.989013671875,1.3786183595657349,91.86813354492188,1.6034014225006104,0.7554945054945055,0.007554945054945055,-0.3008136451244354,-0.8625324964523315,0.8466607332229614,1.37715744972229,1.5897252559661865,0.0041841790080070496,-17.2353515625,-0.30081363250437426,-85.89010620117188,-1.4990651480980484,85.97801971435547,1.5005995283600975,78.90530395507812,1.377157351303017,91.08454132080078,1.5897251437167983,0.41841790080070496,0.0041841790080070496,False,False,0.0,0.0,0.0,0.0,0.0,36.470638275146484,36.470638275146484,0.0,37.46793746948242,37.46793746948242,0.0,0.0,0.0,0.0,0.0,0.0
8,387,14.701201603980735,14.732605844037607,False,-16.659339904785156,-0.290760338306427,-89.18681335449219,-1.5566035509109497,89.89010620117188,1.5688782930374146,78.989013671875,1.3786183595657349,91.86813354492188,1.6034014225006104,0.7554945054945055,0.007554945054945055,-0.2946566641330719,-0.8241031765937805,0.8246780633926392,1.3771897554397583,1.5983489751815796,0.0031410902738571167,-16.88258171081543,-0.29465663709070644,-85.18681335449219,-1.4867903723177642,85.89010620117188,1.4990651480980484,78.90715789794922,1.3771897087102616,91.57864379882812,1.5983488588006385,0.31410902738571167,0.0031410902738571167,False,False,0.0,0.0,0.0,0.0,0.0,37.969181060791016,37.969181060791016,0.0,38.6395378112793,38.6395378112793,0.0,0.0,0.0,0.0,0.0,0.0
8,388,14.734458341961727,14.75069534999784,False,-16.83516502380371,-0.2938290536403656,-88.04395294189453,-1.5366568565368652,89.80220031738281,1.567344069480896,78.989013671875,1.3786183595657349,91.86813354492188,1.6034014225006104,0.7554945054945055,0.007554945054945055,-0.2994442880153656,-0.7608329057693481,0.7685275077819824,1.3790043592453003,1.5950371026992798,0.004160970449447632,-17.156892776489258,-0.2994442683613691,-84.04395294189453,-1.4668436952272341,85.80220031738281,1.4975309009940536,79.01112365722656,1.379004253518987,91.38888549804688,1.595036951669016,0.4160970449447632,0.004160970449447632,False,False,0.0,0.0,0.0,0.0,0.0,40.45144271850586,40.45144271850586,0.0,41.768821716308594,41.768821716308594,0.0,0.0,0.0,0.0,0.0,0.0
8,389,14.76810840901453,14.783920333022252,False,-17.010988235473633,-0.2968977391719818,-86.989013671875,-1.518244743347168,89.71428680419922,1.565809726715088,78.989013671875,1.3786183595657349,91.86813354492188,1.6034014225006104,0.7554945054945055,0.007554945054945055,-0.30362212657928467,-0.7234804630279541,0.7234516143798828,1.3781447410583496,1.5875701904296875,0.0027418211102485657,-17.396265029907227,-0.30362210232143094,-82.989013671875,-1.448431531556808,85.71428680419922,1.4959965207320045,78.96187591552734,1.378144718277164,90.96106719970703,1.587570113762706,0.27418211102485657,0.0027418211102485657,False,False,0.0,0.0,0.0,0.0,0.0,41.53664016723633,41.53664016723633,0.0,44.26356506347656,44.26356506347656,0.0,0.0,0.0,0.0,0.0,0.0
8,390,14.801313500967808,14.968631030060351,False,-17.098901748657227,-0.2984321415424347,-86.19779968261719,-1.504435420036316,89.53845977783203,1.5627409219741821,78.989013671875,1.3786183595657349,91.86813354492188,1.6034014225006104,0.7554945054945055,0.007554945054945055,-0.287258505821228,-1.6381056308746338,1.5781136751174927,1.375345230102539,1.599488377571106,0.0007871389389038086,-16.458698272705078,-0.2872584754510072,-90.19779968261719,-1.5742485825159662,90.41925048828125,1.5781136282059982,78.80147552490234,1.3753452033392728,91.64392852783203,1.5994882922730287,0.07871389389038086,0.0007871389389038086,False,False,0.0,0.0,0.0,0.0,0.0,3.6587371826171875,3.6587371826171875,0.0,0.0,0.0,0.0,0.0,0.0,0.0,0.0,0.0
8,391,14.969973571016453,14.984212924027815,False,-17.010988235473633,-0.2968977391719818,-84.17582702636719,-1.4691452980041504,89.36264038085938,1.559672236442566,78.37362670898438,1.3678778409957886,91.86813354492188,1.6034014225006104,0.7554945054945055,0.007554945054945055,-0.2848891317844391,-1.6420477628707886,1.5760647058486938,1.373482346534729,1.5989141464233398,0.00032363831996917725,-16.32294464111328,-0.2848891276081909,-88.17582702636719,-1.5389585022791084,90.30184936523438,1.5760645920632914,78.69474029541016,1.3734823221567622,91.61103057861328,1.5989141147420076,0.032363831996917725,0.00032363831996917725,False,False,0.0,0.0,0.0,0.0,0.0,5.906578063964844,5.906578063964844,0.0,0.0,0.0,0.0,0.0,0.0,0.0,0.0,0.0
8,392,15.003953102976084,15.014519638032652,False,-17.010988235473633,-0.2968977391719818,-84.0879135131836,-1.4676109552383423,89.36264038085938,1.559672236442566,78.37362670898438,1.3678778409957886,91.86813354492188,1.6034014225006104,0.7554945054945055,0.007554945054945055,-0.2852118909358978,-1.6663368940353394,1.5838123559951782,1.3729976415634155,1.6008819341659546,-4.7773122787475586e-05,-16.3414363861084,-0.2852118694427949,-88.0879135131836,-1.5374241220170592,90.74575805664062,1.5838122603065499,78.6669692993164,1.372997626838368,91.72377014160156,1.6008817913134128,0.0,0.0,True,False,0.004777312278747559,0.0,0.0,0.0,0.0,7.3861541748046875,7.3861541748046875,0.0,0.0,0.0,0.0,0.0,0.0,0.0,0.0,0.0
8,393,15.036947692977265,15.047783809015527,False,-17.010988235473633,-0.2968977391719818,-84.52747344970703,-1.4752826690673828,89.45054626464844,1.561206579208374,78.37362670898438,1.3678778409957886,91.86813354492188,1.6034014225006104,0.7554945054945055,0.007554945054945055,-0.28341931104660034,-1.669838547706604,1.5786737203598022,1.3721216917037964,1.598876714706421,-0.0006462186574935913,-16.23872947692871,-0.28341929571306257,-88.52747344970703,-1.5450958901692504,90.45133972167969,1.578673690983242,78.61677551269531,1.3721215799977864,91.60887908935547,1.5988765641706375,0.0,0.0,True,False,0.06462186574935913,0.0,0.0,0.0,0.0,7.147224426269531,7.147224426269531,0.0,0.0,0.0,0.0,0.0,0.0,0.0,0.0,0.0
8,394,15.070312328985892,15.080678967991844,False,-16.923076629638672,-0.2953633964061737,-86.02198028564453,-1.5013667345046997,90.24176025390625,1.5750157833099365,78.54945373535156,1.3709465265274048,91.86813354492188,1.6034014225006104,0.7554945054945055,0.007554945054945055,-0.28716015815734863,-1.671715259552002,1.585065484046936,1.3736850023269653,1.596054196357727,7.923692464828491e-05,-16.45306396484375,-0.287160138227756,-90.02198028564453,-1.5711799551499226,90.81755828857422,1.5850654107574866,78.70635223388672,1.3736849887157174,91.4471664428711,1.5960541460473716,0.007923692464828491,7.923692464828491e-05,False,False,0.0,0.0,0.0,0.0,0.0,5.760246276855469,5.760246276855469,0.0,0.0,0.0,0.0,0.0,0.0,0.0,0.0,0.0
8,395,15.103886084049009,15.114320615073666,False,-16.83516502380371,-0.2938290536403656,-87.16483306884766,-1.5213133096694946,90.85713958740234,1.5857561826705933,78.63735961914062,1.372480869293213,91.86813354492188,1.6034014225006104,0.7554945054945055,0.007554945054945055,-0.2860686182975769,-1.6654690504074097,1.580212116241455,1.3734338283538818,1.598955512046814,0.0015142858028411865,-16.39052391052246,-0.2860686083654734,-91.16483306884766,-1.591126499082398,90.53948211669922,1.5802120659869263,78.69195556640625,1.3734337194668684,91.61339569091797,1.5989553937389038,0.15142858028411865,0.0015142858028411865,False,False,0.0,0.0,0.0,0.0,0.0,4.2595062255859375,4.2595062255859375,0.0,0.0,0.0,0.0,0.0,0.0,0.0,0.0,0.0
8,396,15.137242518016137,15.147588010062464,False,-16.74725341796875,-0.2922947108745575,-87.95604705810547,-1.5351226329803467,91.03296661376953,1.588824987411499,78.9011001586914,1.3770840167999268,91.86813354492188,1.6034014225006104,0.7554945054945055,0.007554945054945055,-0.2828536629676819,-1.6762926578521729,1.5814486742019653,1.373692512512207,1.5961233377456665,0.0005359649658203125,-16.20631980895996,-0.28285364029752974,-91.95604705810547,-1.604935788282786,90.6103286743164,1.58144857168105,78.70677947998047,1.3736924455667696,91.45112609863281,1.5961232550776592,0.05359649658203125,0.0005359649658203125,False,False,0.0,0.0,0.0,0.0,0.0,4.08843994140625,4.08843994140625,0.0,0.0,0.0,0.0,0.0,0.0,0.0,0.0,0.0
8,397,15.170894020004198,15.181660625967197,False,-16.74725341796875,-0.2922947108745575,-89.0988998413086,-1.5550692081451416,91.12088012695312,1.5903593301773071,78.989013671875,1.3786183595657349,91.51648712158203,1.597264051437378,0.7554945054945055,0.007554945054945055,-0.28374314308166504,-1.672423243522644,1.5785506963729858,1.37352454662323,1.5993798971176147,0.0011795908212661743,-16.25728416442871,-0.2837431361016162,-93.0988998413086,-1.6248823322152612,90.44429016113281,1.5785506529408804,78.69715881347656,1.37352453326004,91.63771057128906,1.599379768458608,0.11795908212661743,0.0011795908212661743,False,False,0.0,0.0,0.0,0.0,0.0,2.7238845825195312,2.7238845825195312,0.0,0.0,0.0,0.0,0.0,0.0,0.0,0.0,0.0
8,398,15.204585217987187,15.216567057999782,False,-16.74725341796875,-0.2922947108745575,-89.53845977783203,-1.5627409219741821,91.12088012695312,1.5903593301773071,78.989013671875,1.3786183595657349,91.51648712158203,1.597264051437378,0.7554945054945055,0.007554945054945055,-0.2836364507675171,-1.6733368635177612,1.5760550498962402,1.3743174076080322,1.593662977218628,0.0011655166745185852,-16.251171112060547,-0.2836364432104449,-93.53845977783203,-1.6325541003674526,90.30130004882812,1.576055004683367,78.74258422851562,1.3743173563165567,91.3101577758789,1.5936628937045894,0.11655166745185852,0.0011655166745185852,False,False,0.0,0.0,0.0,0.0,0.0,2.3366775512695312,2.3366775512695312,0.0,0.0,0.0,0.0,0.0,0.0,0.0,0.0,0.0
8,399,15.237753813969903,15.248685496975668,False,-16.74725341796875,-0.2922947108745575,-90.85713958740234,-1.5857561826705933,91.12088012695312,1.5903593301773071,78.989013671875,1.3786183595657349,91.51648712158203,1.597264051437378,0.7554945054945055,0.007554945054945055,-0.2890555262565613,-1.6705201864242554,1.5739141702651978,1.3756381273269653,1.5953656435012817,0.0006895288825035095,-16.561660766601562,-0.2890555099755654,-94.85713958740234,-1.6555694048240264,90.17863464355469,1.5739140894830523,78.81825256347656,1.375638017901127,91.40771484375,1.5953655857475315,0.06895288825035095,0.0006895288825035095,False,False,0.0,0.0,0.0,0.0,0.0,0.8566131591796875,0.8566131591796875,0.0,0.0,0.0,0.0,0.0,0.0,0.0,0.0,0.0
8,400,15.271128538995981,15.284299966995604,False,-16.659339904785156,-0.290760338306427,-91.73626708984375,-1.6010998487472534,91.12088012695312,1.5903593301773071,78.989013671875,1.3786183595657349,91.51648712158203,1.597264051437378,0.7554945054945055,0.007554945054945055,-0.2849350571632385,-1.6864547729492188,1.5807710886001587,1.374550700187683,1.598418951034546,0.0023817643523216248,-16.32557487487793,-0.28493503384748115,-95.73626708984375,-1.6709130742864635,90.5715103149414,1.5807710634997338,78.75595092773438,1.3745506492280477,91.58265686035156,1.5984188999373075,0.23817643523216248,0.0023817643523216248,False,False,0.0,0.0,0.0,0.0,0.0,0.8904647827148438,0.8904647827148438,0.0,0.0,0.0,0.0,0.0,0.0,0.0,0.0,0.0
8,401,15.304885918041691,15.3184169359738,False,-16.659339904785156,-0.290760338306427,-92.87911987304688,-1.6210464239120483,91.12088012695312,1.5903593301773071,78.989013671875,1.3786183595657349,91.51648712158203,1.597264051437378,0.7554945054945055,0.007554945054945055,-0.28806453943252563,-1.6823853254318237,1.5808404684066772,1.3752038478851318,1.5934582948684692,0.0018275752663612366,-16.504880905151367,-0.28806451444443326,-96.39356994628906,-1.6823851733141977,90.57548522949219,1.5808404388461303,78.79337310791016,1.3752037894853895,91.29843139648438,1.5934582297748168,0.18275752663612366,0.0018275752663612366,False,False,0.0,0.0,0.0,0.0,0.0,0.0,0.0,0.0,0.0,0.0,0.0,0.0,0.0,0.0,0.0,0.0
8,402,15.338179089012556,15.351967824972235,False,-16.659339904785156,-0.290760338306427,-93.5824203491211,-1.6333212852478027,91.12088012695312,1.5903593301773071,78.989013671875,1.3786183595657349,91.42857360839844,1.5957295894622803,0.7554945054945055,0.007554945054945055,-0.28650301694869995,-1.6786218881607056,1.5801628828048706,1.3732949495315552,1.5963146686553955,0.0015098974108695984,-16.41541290283203,-0.286503003228779,-96.17794799804688,-1.6786218603778067,90.53665924072266,1.5801627975067598,78.68399810791016,1.3732948356160208,91.46208953857422,1.5963146032019813,0.15098974108695984,0.0015098974108695984,False,False,0.0,0.0,0.0,0.0,0.0,0.0,0.0,0.0,0.0,0.0,0.0,0.0,0.0,0.0,0.0,0.0
8,403,15.371668750070967,15.38551903096959,False,-16.659339904785156,-0.290760338306427,-94.46154022216797,-1.6486648321151733,91.12088012695312,1.5903593301773071,78.989013671875,1.3786183595657349,91.42857360839844,1.5957295894622803,0.7554945054945055,0.007554945054945055,-0.28666451573371887,-1.6673896312713623,1.571069359779358,1.3733083009719849,1.599725365638733,0.0015145465731620789,-16.424665451049805,-0.28666449065937866,-95.53438568115234,-1.667389579006234,90.01564025878906,1.5710693008066297,78.68476867675781,1.3733082845795257,91.65750885009766,1.5997253136100458,0.15145465731620789,0.0015145465731620789,False,False,0.0,0.0,0.0,0.0,0.0,0.0,0.0,0.0,0.0,0.0,0.0,0.0,0.0,0.0,0.0,0.0
8,404,15.405319252051413,15.420097950962372,False,-16.659339904785156,-0.290760338306427,-94.989013671875,-1.6578710079193115,91.12088012695312,1.5903593301773071,78.989013671875,1.3786183595657349,91.42857360839844,1.5957295894622803,0.7554945054945055,0.007554945054945055,-0.2866419553756714,-1.6852266788482666,1.57936692237854,1.3739876747131348,1.5923627614974976,0.0015754923224449158,-16.42337417602539,-0.28664195365865386,-96.5563735961914,-1.6852266330392578,90.49105072021484,1.5793667786569352,78.72369384765625,1.373987656973605,91.23566436767578,1.5923627384604129,0.15754923224449158,0.0015754923224449158,False,False,0.0,0.0,0.0,0.0,0.0,0.0,0.0,0.0,0.0,0.0,0.0,0.0,0.0,0.0,0.0,0.0
8,405,15.438471821020357,15.45205950003583,False,-16.659339904785156,-0.290760338306427,-95.07691955566406,-1.65940523147583,91.12088012695312,1.5903593301773071,78.989013671875,1.3786183595657349,91.42857360839844,1.5957295894622803,0.7554945054945055,0.007554945054945055,-0.29399922490119934,-1.6783403158187866,1.5763031244277954,1.3717832565307617,1.5942527055740356,0.0004488155245780945,-16.844913482666016,-0.2939992024861067,-96.16181182861328,-1.6783402310925308,90.31551361083984,1.576303078138908,78.5973892211914,1.3717832253812918,91.34394836425781,1.5942526507279875,0.04488155245780945,0.0004488155245780945,False,False,0.0,0.0,0.0,0.0,0.0,0.0,0.0,0.0,0.0,0.0,0.0,0.0,0.0,0.0,0.0,0.0
8,406,15.47238540800754,15.486545018968172,False,-16.659339904785156,-0.290760338306427,-95.25274658203125,-1.6624740362167358,91.12088012695312,1.5903593301773071,78.989013671875,1.3786183595657349,91.42857360839844,1.5957295894622803,0.7554945054945055,0.007554945054945055,-0.2901507019996643,-1.6767597198486328,1.5749263763427734,1.3733168840408325,1.5868796110153198,0.0028599947690963745,-16.62441062927246,-0.29015070168434687,-96.07125091552734,-1.6767596449855688,90.23662567138672,1.574926223855337,78.68525695800781,1.3733168066950139,90.92150115966797,1.5868795560920486,0.28599947690963745,0.0028599947690963745,False,False,0.0,0.0,0.0,0.0,0.0,0.0,0.0,0.0,0.0,0.0,0.0,0.0,0.0,0.0,0.0,0.0
8,407,15.506553231040016,15.518525309045799,False,-16.659339904785156,-0.290760338306427,-95.6043930053711,-1.6686114072799683,91.12088012695312,1.5903593301773071,78.989013671875,1.3786183595657349,91.42857360839844,1.5957295894622803,0.7554945054945055,0.007554945054945055,-0.2872143089771271,-1.6825214624404907,1.5819305181503296,1.3710503578186035,1.5904676914215088,0.002436242997646332,-16.456167221069336,-0.28721430026642547,-96.40137481689453,-1.6825213940039554,90.637939453125,1.5819304706803,78.5553970336914,1.3710503234493019,91.12708282470703,1.5904676330287124,0.24362429976463318,0.002436242997646332,False,False,0.0,0.0,0.0,0.0,0.0,0.0,0.0,0.0,0.0,0.0,0.0,0.0,0.0,0.0,0.0,0.0
8,408,15.53974180703517,15.553020889987238,False,-16.659339904785156,-0.290760338306427,-95.6043930053711,-1.6686114072799683,91.12088012695312,1.5903593301773071,78.989013671875,1.3786183595657349,91.42857360839844,1.5957295894622803,0.7554945054945055,0.007554945054945055,-0.2857997417449951,-1.6937196254730225,1.585702657699585,1.370934247970581,1.5887821912765503,0.0013776645064353943,-16.375118255615234,-0.28579972896391626,-97.04298400878906,-1.693719586913575,90.85406494140625,1.585702572048288,78.54874420166016,1.3709342096257746,91.03050994873047,1.5887821183748012,0.13776645064353943,0.0013776645064353943,False,False,0.0,0.0,0.0,0.0,0.0,0.0,0.0,0.0,0.0,0.0,0.0,0.0,0.0,0.0,0.0,0.0
8,409,15.573151018004864,15.585784233058803,False,-16.659339904785156,-0.290760338306427,-95.69230651855469,-1.6701457500457764,91.12088012695312,1.5903593301773071,78.989013671875,1.3786183595657349,91.42857360839844,1.5957295894622803,0.7554945054945055,0.007554945054945055,-0.28394627571105957,-1.6984272003173828,1.58597993850708,1.371002435684204,1.5901122093200684,0.0017567574977874756,-16.268922805786133,-0.283946268713762,-97.31270599365234,-1.6984271236144535,90.86994934082031,1.5859798071177653,78.55265045166016,1.3710023865496805,91.1067123413086,1.590112101023187,0.17567574977874756,0.0017567574977874756,False,False,0.0,0.0,0.0,0.0,0.0,0.0,0.0,0.0,0.0,0.0,0.0,0.0,0.0,0.0,0.0,0.0
8,410,15.607212563976645,15.619132613996044,False,-16.659339904785156,-0.290760338306427,-95.95604705810547,-1.6747488975524902,91.12088012695312,1.5903593301773071,78.989013671875,1.3786183595657349,91.42857360839844,1.5957295894622803,0.7554945054945055,0.007554945054945055,-0.28642237186431885,-1.6900700330734253,1.592874526977539,1.3699442148208618,1.5903236865997314,0.0013785511255264282,-16.410791397094727,-0.2864223427372632,-96.83387756347656,-1.6900699909557304,91.26498413085938,1.5928744648638715,78.49201965332031,1.3699441794905376,91.11882781982422,1.5903235560137392,0.13785511255264282,0.0013785511255264282,False,False,0.0,0.0,0.0,0.0,0.0,0.0,0.0,0.0,0.0,0.0,0.0,0.0,0.0,0.0,0.0,0.0
8,411,15.640350637026131,15.651082706055604,False,-16.74725341796875,-0.2922947108745575,-96.21977996826172,-1.6793519258499146,91.12088012695312,1.5903593301773071,78.989013671875,1.3786183595657349,91.42857360839844,1.5957295894622803,0.7554945054945055,0.007554945054945055,-0.28773242235183716,-1.6927475929260254,1.5810277462005615,1.3703302145004272,1.5937819480895996,0.0015229806303977966,-16.48585319519043,-0.2877324182565004,-96.98728942871094,-1.692747533115696,90.58621215820312,1.581027659070763,78.5141372680664,1.3703302046905446,91.31697082519531,1.5937818038472615,0.15229806303977966,0.0015229806303977966,False,False,0.0,0.0,0.0,0.0,0.0,0.0,0.0,0.0,0.0,0.0,0.0,0.0,0.0,0.0,0.0,0.0
8,412,15.673892443068326,15.68353726901114,False,-16.74725341796875,-0.2922947108745575,-96.30769348144531,-1.6808863878250122,91.12088012695312,1.5903593301773071,78.989013671875,1.3786183595657349,91.42857360839844,1.5957295894622803,0.7554945054945055,0.007554945054945055,-0.29308104515075684,-1.6795759201049805,1.5683183670043945,1.3708325624465942,1.5887935161590576,0.0011997967958450317,-16.792306900024414,-0.2930810444107883,-96.23260498046875,-1.6795758046802731,89.85801696777344,1.568318255400578,78.54291534423828,1.3708324768721334,91.03115844726562,1.588793436809434,0.11997967958450317,0.0011997967958450317,False,False,0.0,0.0,0.0,0.0,0.0,0.0,0.0,0.0,0.0,0.0,0.0,0.0,0.0,0.0,0.0,0.0
8,413,15.707214478985406,15.717960709007457,False,-16.74725341796875,-0.2922947108745575,-96.30769348144531,-1.6808863878250122,91.12088012695312,1.5903593301773071,78.989013671875,1.3786183595657349,91.42857360839844,1.5957295894622803,0.7554945054945055,0.007554945054945055,-0.2924073338508606,-1.6548426151275635,1.5289790630340576,1.374630093574524,1.594834804534912,0.0018117502331733704,-16.753705978393555,-0.2924073312340255,-94.81549072265625,-1.6548424950044893,87.60404205322266,1.528978971884309,78.760498046875,1.374630011428532,91.3772964477539,1.5948346845842243,0.18117502331733704,0.0018117502331733704,False,False,0.0,0.0,0.0,0.0,0.0,0.0,0.0,0.0,0.0,0.0,0.0,0.0,0.0,0.0,0.0,0.0
8,414,15.740647951024584,15.751016124035232,False,-16.74725341796875,-0.2922947108745575,-96.30769348144531,-1.6808863878250122,91.12088012695312,1.5903593301773071,78.989013671875,1.3786183595657349,91.42857360839844,1.5957295894622803,0.7554945054945055,0.007554945054945055,-0.29271069169044495,-1.6469405889511108,1.5371153354644775,1.3747680187225342,1.5896464586257935,0.002779260277748108,-16.771085739135742,-0.29271066528218553,-94.36273956298828,-1.6469404965760606,88.0702133178711,1.53711519533061,78.76840209960938,1.374767963172998,91.08002471923828,1.589646314148532,0.2779260277748108,0.002779260277748108,False,False,0.0,0.0,0.0,0.0,0.0,0.0,0.0,0.0,0.0,0.0,0.0,0.0,0.0,0.0,0.0,0.0
8,415,15.774405637057498,15.78465350100305,False,-16.74725341796875,-0.2922947108745575,-96.21977996826172,-1.6793519258499146,91.12088012695312,1.5903593301773071,78.989013671875,1.3786183595657349,91.42857360839844,1.5957295894622803,0.7554945054945055,0.007554945054945055,-0.3097377419471741,-1.5645318031311035,1.421677827835083,1.3810557126998901,1.5903431177139282,0.002365320920944214,-17.74666404724121,-0.3097377188696616,-92.21977996826172,-1.609538795910879,87.12088012695312,1.5205462054506276,79.128662109375,1.3810556865066752,91.11994171142578,1.5903429970896967,0.2365320920944214,0.002365320920944214,False,False,0.0,0.0,0.0,0.0,0.0,2.5787124633789062,2.5787124633789062,0.0,5.664741516113281,5.664741516113281,0.0,0.0,0.0,0.0,0.0,0.0
8,416,15.807832455961034,15.81804592104163,False,-16.74725341796875,-0.2922947108745575,-95.51648712158203,-1.6670771837234497,90.85713958740234,1.5857561826705933,78.989013671875,1.3786183595657349,91.42857360839844,1.5957295894622803,0.7554945054945055,0.007554945054945055,-0.31352972984313965,-1.4144841432571411,1.2964602708816528,1.383439540863037,1.5912503004074097,0.0018758997321128845,-17.963930130004883,-0.31352972736679824,-91.51648712158203,-1.5972640201305945,86.85713958740234,1.51594306466448,79.26524353027344,1.383439481998405,91.17192077636719,1.5912502029150322,0.18758997321128845,0.0018758997321128845,False,False,0.0,0.0,0.0,0.0,0.0,10.472518920898438,10.472518920898438,0.0,12.575439453125,12.575439453125,0.0,0.0,0.0,0.0,0.0,0.0
8,417,15.841052962001413,15.852736757020466,False,-16.659339904785156,-0.290760338306427,-94.989013671875,-1.6578710079193115,90.5934066772461,1.5811532735824585,78.989013671875,1.3786183595657349,91.42857360839844,1.5957295894622803,0.7554945054945055,0.007554945054945055,-0.3292268216609955,-1.25791335105896,1.1863075494766235,1.3830294609069824,1.5907007455825806,0.0013950616121292114,-18.863306045532227,-0.32922679830588875,-90.989013671875,-1.5880578717163543,86.5934066772461,1.511340057036387,79.24174499511719,1.3830293551905328,91.14043426513672,1.5907006596240942,0.13950616121292114,0.0013950616121292114,False,False,0.0,0.0,0.0,0.0,0.0,18.9158935546875,18.9158935546875,0.0,18.62299346923828,18.62299346923828,0.0,0.0,0.0,0.0,0.0,0.0
8,418,15.874588494072668,15.886373262968846,False,-17.010988235473633,-0.2968977391719818,-94.19779968261719,-1.6440616846084595,90.5934066772461,1.5811532735824585,78.989013671875,1.3786183595657349,91.42857360839844,1.5957295894622803,0.7554945054945055,0.007554945054945055,-0.3200855851173401,-1.261691689491272,1.160951852798462,1.3855119943618774,1.5891119241714478,0.0015451088547706604,-18.33955192565918,-0.320085564443219,-90.19779968261719,-1.5742485825159662,86.5934066772461,1.511340057036387,79.38398742675781,1.3855119539587049,91.04940032958984,1.589111817717753,0.15451088547706604,0.0015451088547706604,False,False,0.0,0.0,0.0,0.0,0.0,17.90819549560547,17.90819549560547,0.0,20.075767517089844,20.075767517089844,0.0,0.0,0.0,0.0,0.0,0.0
8,419,15.908422993030399,15.918789627030492,False,-17.89011001586914,-0.3122413158416748,-92.79120635986328,-1.6195120811462402,90.32967376708984,1.5765502452850342,78.989013671875,1.3786183595657349,91.42857360839844,1.5957295894622803,0.7554945054945055,0.007554945054945055,-0.32825928926467896,-1.1303646564483643,1.0545915365219116,1.3840855360031128,1.5842084884643555,0.000540420413017273,-18.807870864868164,-0.328259271881863,-88.79120635986328,-1.5496988977973434,86.32967376708984,1.5067370494082941,79.30225372314453,1.3840854317208038,90.7684555053711,1.5842084055186991,0.054042041301727295,0.000540420413017273,False,False,0.0,0.0,0.0,0.0,0.0,24.026084899902344,24.026084899902344,0.0,25.90603256225586,25.90603256225586,0.0,0.0,0.0,0.0,0.0,0.0
8,420,15.941963084973395,16.10636540001724,False,-18.41758155822754,-0.3214474320411682,-91.64835357666016,-1.5995655059814453,90.32967376708984,1.5765502452850342,78.989013671875,1.3786183595657349,91.42857360839844,1.5957295894622803,0.7554945054945055,0.007554945054945055,-0.3120154142379761,-1.6859198808670044,1.5856837034225464,1.3710192441940308,1.5920796394348145,0.0014590471982955933,-17.877164840698242,-0.3120153873919519,-95.64835357666016,-1.6693786940244142,90.85298156738281,1.5856836636045486,78.5536117553711,1.371019164464548,91.21943664550781,1.592079511278483,0.14590471982955933,0.0014590471982955933,False,False,0.0,0.0,0.0,0.0,0.0,0.9477386474609375,0.9477386474609375,0.0,0.0,0.0,0.0,0.0,0.0,0.0,0.0,0.0
8,421,16.107826596009545,16.120256084017456,False,-18.94505500793457,-0.330653578042984,-89.53845977783203,-1.5627409219741821,90.24176025390625,1.5750157833099365,78.989013671875,1.3786183595657349,91.42857360839844,1.5957295894622803,0.7554945054945055,0.007554945054945055,-0.30986088514328003,-1.678869366645813,1.5879364013671875,1.3694850206375122,1.5928497314453125,0.001264423131942749,-17.753719329833984,-0.3098608567805642,-93.53845977783203,-1.6325541003674526,90.98204803466797,1.587936298412592,78.46570587158203,1.3694849173605534,91.26356506347656,1.5928496974657338,0.1264423131942749,0.001264423131942749,False,False,0.0,0.0,0.0,0.0,0.0,2.6536636352539062,2.6536636352539062,0.0,0.0,0.0,0.0,0.0,0.0,0.0,0.0,0.0
8,422,16.141749407048337,16.15337862505112,False,-18.769229888916016,-0.3275848627090454,-89.53845977783203,-1.5627409219741821,90.24176025390625,1.5750157833099365,78.989013671875,1.3786183595657349,91.42857360839844,1.5957295894622803,0.7554945054945055,0.007554945054945055,-0.3115805387496948,-1.6823885440826416,1.5829124450683594,1.3704450130462646,1.5853321552276611,0.0003506466746330261,-17.852249145507812,-0.3115805264754556,-93.53845977783203,-1.6325541003674526,90.69419860839844,1.582912378174212,78.52071380615234,1.370444986933527,90.83283996582031,1.5853321263406581,0.03506466746330261,0.0003506466746330261,False,False,0.0,0.0,0.0,0.0,0.0,2.8553009033203125,2.8553009033203125,0.0,0.0,0.0,0.0,0.0,0.0,0.0,0.0,0.0
8,423,16.175072042038664,16.189567347988486,False,-18.505495071411133,-0.3229818046092987,-89.62637329101562,-1.5642752647399902,90.24176025390625,1.5750157833099365,78.989013671875,1.3786183595657349,91.42857360839844,1.5957295894622803,0.7554945054945055,0.007554945054945055,-0.30959656834602356,-1.694295048713684,1.592118263244629,1.370694875717163,1.5882434844970703,0.0012862905859947205,-17.738574981689453,-0.3095965380423738,-93.62637329101562,-1.6340884806295017,91.22164916992188,1.592118127114289,78.53502655029297,1.3706947914437764,90.99964141845703,1.5882433608862783,0.12862905859947205,0.0012862905859947205,False,False,0.0,0.0,0.0,0.0,0.0,3.4495773315429688,3.4495773315429688,0.0,0.0,0.0,0.0,0.0,0.0,0.0,0.0,0.0
8,424,16.208444393007085,16.219243500032462,False,-18.329669952392578,-0.3199130892753601,-91.47252655029297,-1.5964967012405396,91.12088012695312,1.5903593301773071,78.989013671875,1.3786183595657349,91.42857360839844,1.5957295894622803,0.7554945054945055,0.007554945054945055,-0.3126601576805115,-1.680448293685913,1.5816136598587036,1.3688437938690186,1.5839786529541016,0.0011100098490715027,-17.914106369018555,-0.3126601386918601,-95.47252655029297,-1.666309933500316,90.61978149414062,1.5816135545105805,78.42897033691406,1.3688437613281168,90.75528717041016,1.5839785747166253,0.11100098490715027,0.0011100098490715027,False,False,0.0,0.0,0.0,0.0,0.0,0.8100662231445312,0.8100662231445312,0.0,0.0,0.0,0.0,0.0,0.0,0.0,0.0,0.0
8,425,16.241837786976248,16.254099468002096,False,-18.241758346557617,-0.318378746509552,-92.43955993652344,-1.6133747100830078,91.47252655029297,1.5964967012405396,78.989013671875,1.3786183595657349,91.42857360839844,1.5957295894622803,0.7554945054945055,0.007554945054945055,-0.3112350106239319,-1.7038768529891968,1.5921763181686401,1.3697295188903809,1.589957356452942,0.002006635069847107,-17.83245086669922,-0.31123498132401783,-96.43955993652344,-1.6831878500667476,91.2249755859375,1.5921761840260527,78.4797134399414,1.3697293955486227,91.09783935546875,1.5899572382057987,0.2006635069847107,0.002006635069847107,False,False,0.0,0.0,0.0,0.0,0.0,1.1853866577148438,1.1853866577148438,0.0,0.0,0.0,0.0,0.0,0.0,0.0,0.0,0.0
8,426,16.275322071043774,16.288213612046093,False,-18.153846740722656,-0.3168444037437439,-92.87911987304688,-1.6210464239120483,91.47252655029297,1.5964967012405396,78.989013671875,1.3786183595657349,91.42857360839844,1.5957295894622803,0.7554945054945055,0.007554945054945055,-0.31001895666122437,-1.7089260816574097,1.5774589776992798,1.3729921579360962,1.5875239372253418,0.0017989203333854675,-17.76277732849121,-0.310018948680774,-96.87911987304688,-1.6908596182189388,90.3817367553711,1.5774588900520023,78.6666488647461,1.3729920342000788,90.95841979980469,1.5875239079177932,0.17989203333854675,0.0017989203333854675,False,False,0.0,0.0,0.0,0.0,0.0,1.035125732421875,1.035125732421875,0.0,0.0,0.0,0.0,0.0,0.0,0.0,0.0,0.0
8,427,16.30876383301802,16.318682188051753,False,-18.065933227539062,-0.315310001373291,-94.02198028564453,-1.6409931182861328,91.47252655029297,1.5964967012405396,78.989013671875,1.3786183595657349,91.42857360839844,1.5957295894622803,0.7554945054945055,0.007554945054945055,-0.30757075548171997,-1.7016289234161377,1.5767959356307983,1.3715410232543945,1.5887675285339355,0.0015413537621498108,-17.62250518798828,-0.3075707379801778,-97.49614715576172,-1.7016287758769468,90.34375,1.576795896098627,78.58351135253906,1.3715410108801491,91.02967071533203,1.5887674709888058,0.15413537621498108,0.0015413537621498108,False,False,0.0,0.0,0.0,0.0,0.0,0.0,0.0,0.0,0.0,0.0,0.0,0.0,0.0,0.0,0.0,0.0
8,428,16.34211464400869,16.35496657702606,False,-18.065933227539062,-0.315310001373291,-95.34066009521484,-1.664008378982544,91.47252655029297,1.5964967012405396,78.989013671875,1.3786183595657349,91.42857360839844,1.5957295894622803,0.7554945054945055,0.007554945054945055,-0.30731844902038574,-1.6986470222473145,1.5796109437942505,1.3706876039505005,1.587066650390625,0.0021310970187187195,-17.608049392700195,-0.3073184367564064,-97.32530212402344,-1.6986469675624396,90.50503540039062,1.579610857370841,78.53460693359375,1.3706874677507788,90.93221282958984,1.587066510000572,0.21310970187187195,0.0021310970187187195,False,False,0.0,0.0,0.0,0.0,0.0,0.0,0.0,0.0,0.0,0.0,0.0,0.0,0.0,0.0,0.0,0.0
8,429,16.375521291978657,16.38615270704031,False,-18.153846740722656,-0.3168444037437439,-95.6043930053711,-1.6686114072799683,91.47252655029297,1.5964967012405396,78.989013671875,1.3786183595657349,91.42857360839844,1.5957295894622803,0.7554945054945055,0.007554945054945055,-0.3036492168903351,-1.6880779266357422,1.5773899555206299,1.3695355653762817,1.5862101316452026,0.0022987648844718933,-17.397817611694336,-0.3036491999855225,-96.71973419189453,-1.6880778133022967,90.3777847290039,1.5773899141797694,78.4686050415039,1.369535517421265,90.88314056396484,1.5862100373940027,0.22987648844718933,0.0022987648844718933,False,False,0.0,0.0,0.0,0.0,0.0,0.0,0.0,0.0,0.0,0.0,0.0,0.0,0.0,0.0,0.0,0.0
8,430,16.4096893890528,16.421802396071143,False,-18.153846740722656,-0.3168444037437439,-95.95604705810547,-1.6747488975524902,91.47252655029297,1.5964967012405396,78.989013671875,1.3786183595657349,91.42857360839844,1.5957295894622803,0.7554945054945055,0.007554945054945055,-0.3053605258464813,-1.7129734754562378,1.5906704664230347,1.3698921203613281,1.589159369468689,0.002945944666862488,-17.495868682861328,-0.30536051401249376,-98.14614868164062,-1.7129734426465208,91.13870239257812,1.590670432745722,78.48902893066406,1.369891981533172,91.05211639404297,1.5891592219851565,0.2945944666862488,0.002945944666862488,False,False,0.0,0.0,0.0,0.0,0.0,0.0,0.0,0.0,0.0,0.0,0.0,0.0,0.0,0.0,0.0,0.0
8,431,16.442644931026734,16.453794577973895,False,-17.9780216217041,-0.3137756586074829,-96.04395294189453,-1.6762832403182983,91.47252655029297,1.5964967012405396,78.989013671875,1.3786183595657349,91.42857360839844,1.5957295894622803,0.7554945054945055,0.007554945054945055,-0.3055877685546875,-1.687446117401123,1.584709882736206,1.3686171770095825,1.5870600938796997,0.0010244399309158325,-17.508888244628906,-0.3055877482325048,-96.68353271484375,-1.6874459783336753,90.79718017578125,1.5847097455939065,78.41598510742188,1.3686171263193512,90.93183898925781,1.5870599852559015,0.10244399309158325,0.0010244399309158325,False,False,0.0,0.0,0.0,0.0,0.0,0.0,0.0,0.0,0.0,0.0,0.0,0.0,0.0,0.0,0.0,0.0
8,432,16.476102852029726,16.487898931023665,False,-17.89011001586914,-0.3122413158416748,-96.21977996826172,-1.6793519258499146,91.47252655029297,1.5964967012405396,78.989013671875,1.3786183595657349,91.42857360839844,1.5957295894622803,0.7554945054945055,0.007554945054945055,-0.3055763244628906,-1.6734217405319214,1.5574707984924316,1.3710739612579346,1.592801570892334,0.0027612075209617615,-17.50823211669922,-0.30557629663981745,-95.87999725341797,-1.6734216388752636,89.23649597167969,1.557470667648467,78.55674743652344,1.3710738924249493,91.26080322265625,1.5928014942500033,0.27612075209617615,0.0027612075209617615,False,False,0.0,0.0,0.0,0.0,0.0,0.0,0.0,0.0,0.0,0.0,0.0,0.0,0.0,0.0,0.0,0.0
8,433,16.509757719002664,16.52108684903942,False,-17.89011001586914,-0.3122413158416748,-96.65933990478516,-1.6870237588882446,91.47252655029297,1.5964967012405396,78.989013671875,1.3786183595657349,91.42857360839844,1.5957295894622803,0.7554945054945055,0.007554945054945055,-0.31053227186203003,-1.6645207405090332,1.5615456104278564,1.368565320968628,1.5932685136795044,0.003092728555202484,-17.792186737060547,-0.31053223969137317,-95.37001037597656,-1.6645206887219461,89.469970703125,1.5615455704323973,78.41300964355469,1.3685651946780946,91.28755950927734,1.5932684795471488,0.3092728555202484,0.003092728555202484,False,False,0.0,0.0,0.0,0.0,0.0,0.0,0.0,0.0,0.0,0.0,0.0,0.0,0.0,0.0,0.0,0.0
8,434,16.542789614060894,16.554682877962478,False,-17.89011001586914,-0.3122413158416748,-96.48351287841797,-1.6839549541473389,91.38461303710938,1.5949623584747314,78.989013671875,1.3786183595657349,91.42857360839844,1.5957295894622803,0.7554945054945055,0.007554945054945055,-0.30764126777648926,-1.6630356311798096,1.5534957647323608,1.3704190254211426,1.5911669731140137,0.003158457577228546,-17.626544952392578,-0.30764124517003766,-95.28491973876953,-1.6630355769400635,89.00874328613281,1.5534956334054149,78.51921844482422,1.3704188879548442,91.16714477539062,1.5911668459729127,0.3158457577228546,0.003158457577228546,False,False,0.0,0.0,0.0,0.0,0.0,0.0,0.0,0.0,0.0,0.0,0.0,0.0,0.0,0.0,0.0,0.0
8,435,16.576339942985214,16.587326896027662,False,-17.89011001586914,-0.3122413158416748,-95.95604705810547,-1.6747488975524902,91.29669952392578,1.5934280157089233,78.989013671875,1.3786183595657349,91.42857360839844,1.5957295894622803,0.7554945054945055,0.007554945054945055,-0.31348446011543274,-1.6696497201919556,1.5608255863189697,1.370056390762329,1.5842270851135254,0.002221710979938507,-17.961336135864258,-0.3134844536282669,-95.66387939453125,-1.6696496706653299,89.4287109375,1.56082545167364,78.49844360351562,1.3700562985724298,90.76952362060547,1.5842270476463296,0.2221710979938507,0.002221710979938507,False,False,0.0,0.0,0.0,0.0,0.0,0.0,0.0,0.0,0.0,0.0,0.0,0.0,0.0,0.0,0.0,0.0
8,436,16.609766875975765,16.622085395036265,False,-17.89011001586914,-0.3122413158416748,-95.78022003173828,-1.671680212020874,91.29669952392578,1.5934280157089233,78.989013671875,1.3786183595657349,91.42857360839844,1.5957295894622803,0.7554945054945055,0.007554945054945055,-0.3113049566745758,-1.6599090099334717,1.5501796007156372,1.3688219785690308,1.5903209447860718,0.0025948062539100647,-17.83646011352539,-0.31130495588165963,-95.10577392578125,-1.659908892662256,88.81874084472656,1.550179465216048,78.42771911621094,1.3688219234071781,91.1186752319336,1.590320892852649,0.25948062539100647,0.0025948062539100647,False,False,0.0,0.0,0.0,0.0,0.0,0.0,0.0,0.0,0.0,0.0,0.0,0.0,0.0,0.0,0.0,0.0
8,437,16.643211554037407,16.657591380062513,False,-17.89011001586914,-0.3122413158416748,-95.86813354492188,-1.6732145547866821,91.29669952392578,1.5934280157089233,78.989013671875,1.3786183595657349,91.42857360839844,1.5957295894622803,0.7554945054945055,0.007554945054945055,-0.31333500146865845,-1.6669601202011108,1.5429542064666748,1.3703033924102783,1.5847018957138062,0.002243727445602417,-17.95277214050293,-0.3133349837120862,-95.50977325439453,-1.6669600111224043,88.4047622680664,1.5429541760206087,78.5125961303711,1.3703033067635348,90.79672241210938,1.5847017561106362,0.2243727445602417,0.002243727445602417,False,False,0.0,0.0,0.0,0.0,0.0,0.0,0.0,0.0,0.0,0.0,0.0,0.0,0.0,0.0,0.0,0.0
8,438,16.67720148502849,16.691092722001486,False,-17.89011001586914,-0.3122413158416748,-95.78022003173828,-1.671680212020874,91.29669952392578,1.5934280157089233,78.989013671875,1.3786183595657349,91.42857360839844,1.5957295894622803,0.7554945054945055,0.007554945054945055,-0.32434284687042236,-1.4422115087509155,1.3185451030731201,1.3737081289291382,1.592635989189148,0.001995876431465149,-18.58347511291504,-0.32434282718279245,-91.78022003173828,-1.6018670277586875,87.29669952392578,1.5236148328166712,78.70767211914062,1.3737080250591465,91.25131225585938,1.5926358456302003,0.1995876431465149,0.001995876431465149,False,False,0.0,0.0,0.0,0.0,0.0,9.147590637207031,9.147590637207031,0.0,11.7496337890625,11.7496337890625,0.0,0.0,0.0,0.0,0.0,0.0
8,439,16.710721855983138,16.721240038983524,False,-17.89011001586914,-0.3122413158416748,-95.69230651855469,-1.6701457500457764,91.29669952392578,1.5934280157089233,78.989013671875,1.3786183595657349,91.42857360839844,1.5957295894622803,0.7554945054945055,0.007554945054945055,-0.3346404731273651,-1.3768510818481445,1.2542295455932617,1.3720358610153198,1.589573860168457,0.00225868821144104,-19.173484802246094,-0.3346404388802882,-91.69230651855469,-1.6003326474966384,87.29669952392578,1.5236148328166712,78.61186218261719,1.3720358262106858,91.07586669921875,1.5895737430088273,0.225868821144104,0.00225868821144104,False,False,0.0,0.0,0.0,0.0,0.0,12.804557800292969,12.804557800292969,0.0,15.434646606445312,15.434646606445312,0.0,0.0,0.0,0.0,0.0,0.0
8,440,16.744278546073474,16.75519457401242,False,-17.89011001586914,-0.3122413158416748,-95.69230651855469,-1.6701457500457764,91.12088012695312,1.5903593301773071,78.989013671875,1.3786183595657349,91.42857360839844,1.5957295894622803,0.7554945054945055,0.007554945054945055,-0.3267917037010193,-1.6125609874725342,1.438247561454773,1.3736425638198853,1.585475206375122,0.003056444227695465,-18.723783493041992,-0.3267916703841475,-92.39293670654297,-1.6125609511159007,87.12088012695312,1.5205462054506276,78.70391845703125,1.3736425112963306,90.84103393554688,1.5854751380911953,0.3056444227695465,0.003056444227695465,False,False,0.0,0.0,0.0,0.0,0.0,0.0,0.0,0.0,4.715370178222656,4.715370178222656,0.0,0.0,0.0,0.0,0.0,0.0
8,441,16.7778711670544,16.789006412029266,False,-18.065933227539062,-0.315310001373291,-94.81318664550781,-1.6548023223876953,90.85713958740234,1.5857561826705933,78.989013671875,1.3786183595657349,91.42857360839844,1.5957295894622803,0.7554945054945055,0.007554945054945055,-0.3172914981842041,-1.6779507398605347,1.5360897779464722,1.3693550825119019,1.5864548683166504,0.002978399395942688,-18.179462432861328,-0.31729147569604876,-96.13948822021484,-1.6779506106250524,88.01145935058594,1.536089745152875,78.45825958251953,1.3693549550993576,90.89716339111328,1.586454781898181,0.2978399395942688,0.002978399395942688,False,False,0.0,0.0,0.0,0.0,0.0,0.0,0.0,0.0,0.0,0.0,0.0,0.0,0.0,0.0,0.0,0.0
8,442,16.81177003600169,16.823221595957875,False,-18.593406677246094,-0.3245161771774292,-93.4945068359375,-1.6317869424819946,90.68132019042969,1.5826876163482666,78.989013671875,1.3786183595657349,91.42857360839844,1.5957295894622803,0.7554945054945055,0.007554945054945055,-0.31475403904914856,-1.6751623153686523,1.5457700490951538,1.3693840503692627,1.5854746103286743,0.0030411705374717712,-18.034076690673828,-0.31475401580942125,-95.97972869873047,-1.6751622809637394,88.56609344482422,1.5457699362411494,78.45992279052734,1.3693839835552395,90.84099578857422,1.5854744723009229,0.3041170537471771,0.0030411705374717712,False,False,0.0,0.0,0.0,0.0,0.0,0.0,0.0,0.0,0.0,0.0,0.0,0.0,0.0,0.0,0.0,0.0
8,443,16.8454959790688,16.85752538801171,False,-18.681318283081055,-0.3260505199432373,-93.31867980957031,-1.6287182569503784,90.68132019042969,1.5826876163482666,78.989013671875,1.3786183595657349,91.51648712158203,1.597264051437378,0.7554945054945055,0.007554945054945055,-0.3172590136528015,-1.6459460258483887,1.523264765739441,1.3678675889968872,1.5873157978057861,0.003059603273868561,-18.177600860595703,-0.3172589851307498,-94.30575561523438,-1.6459459390669706,87.2766342163086,1.5232646271333259,78.37303924560547,1.3678675796305482,90.94648742675781,1.587315648720549,0.3059603273868561,0.003059603273868561,False,False,0.0,0.0,0.0,0.0,0.0,0.0,0.0,0.0,0.0,0.0,0.0,0.0,0.0,0.0,0.0,0.0
8,444,16.878892104025,16.89074777800124,False,-18.153846740722656,-0.3168444037437439,-94.63735961914062,-1.6517335176467896,90.68132019042969,1.5826876163482666,78.989013671875,1.3786183595657349,91.42857360839844,1.5957295894622803,0.7554945054945055,0.007554945054945055,-0.3177124857902527,-1.6549865007400513,1.5357474088668823,1.3691291809082031,1.5832260847091675,0.0029001757502555847,-18.203582763671875,-0.31771245488536304,-94.82373809814453,-1.654986438861408,87.99183654785156,1.5357472626366908,78.44532012939453,1.3691291190389188,90.71216583251953,1.5832259653925689,0.29001757502555847,0.0029001757502555847,False,False,0.0,0.0,0.0,0.0,0.0,0.0,0.0,0.0,0.0,0.0,0.0,0.0,0.0,0.0,0.0,0.0
8,445,16.912636689958163,16.924238936044276,False,-17.89011001586914,-0.3122413158416748,-95.69230651855469,-1.6701457500457764,90.5934066772461,1.5811532735824585,78.989013671875,1.3786183595657349,91.42857360839844,1.5957295894622803,0.7554945054945055,0.007554945054945055,-0.3115743100643158,-1.6703706979751587,1.5483784675598145,1.3685839176177979,1.5860567092895508,0.002594307065010071,-17.851892471313477,-0.3115743013364075,-95.70518493652344,-1.6703705883724143,88.71554565429688,1.5483783693708275,78.41407775878906,1.368583836805725,90.87435150146484,1.5860566393152142,0.2594307065010071,0.002594307065010071,False,False,0.0,0.0,0.0,0.0,0.0,0.0,0.0,0.0,0.0,0.0,0.0,0.0,0.0,0.0,0.0,0.0
8,446,16.946307837963104,16.957821737974882,False,-18.241758346557617,-0.318378746509552,-94.989013671875,-1.6578710079193115,90.5054931640625,1.5796188116073608,78.989013671875,1.3786183595657349,91.42857360839844,1.5957295894622803,0.7554945054945055,0.007554945054945055,-0.317180871963501,-1.6519250869750977,1.5142093896865845,1.3672235012054443,1.5868078470230103,0.002750203013420105,-18.173124313354492,-0.3171808546422696,-94.64833068847656,-1.6519250020303073,86.75780487060547,1.5142093467948385,78.33612823486328,1.3672233609628581,90.91738891601562,1.586807783900671,0.2750203013420105,0.002750203013420105,False,False,0.0,0.0,0.0,0.0,0.0,0.0,0.0,0.0,0.0,0.0,0.0,0.0,0.0,0.0,0.0,0.0
8,447,16.979569248040207,16.991182305966504,False,-18.505495071411133,-0.3229818046092987,-94.72527313232422,-1.6532678604125977,90.5054931640625,1.5796188116073608,78.989013671875,1.3786183595657349,91.42857360839844,1.5957295894622803,0.7554945054945055,0.007554945054945055,-0.3121464252471924,-1.6750320196151733,1.5297191143035889,1.3714267015457153,1.5863443613052368,0.0037306398153305054,-17.884672164916992,-0.3121464149175838,-95.97225952148438,-1.67503191922838,87.64644622802734,1.529719064351242,78.57695770263672,1.37142662811133,90.89083099365234,1.5863442607129428,0.37306398153305054,0.0037306398153305054,False,False,0.0,0.0,0.0,0.0,0.0,0.0,0.0,0.0,0.0,0.0,0.0,0.0,0.0,0.0,0.0,0.0
8,448,17.012892473023385,17.02320535306353,False,-18.329669952392578,-0.3199130892753601,-95.07691955566406,-1.65940523147583,90.4175796508789,1.5780844688415527,78.989013671875,1.3786183595657349,91.42857360839844,1.5957295894622803,0.7554945054945055,0.007554945054945055,-0.31483590602874756,-1.6869879961013794,1.5366134643554688,1.370506763458252,1.5834027528762817,0.004440836608409882,-18.038766860961914,-0.31483587472342756,-96.65728759765625,-1.6869879146261817,88.04145812988281,1.5366133226231846,78.52424621582031,1.3705066391127623,90.7222900390625,1.5834026661308958,0.44408366084098816,0.004440836608409882,False,False,0.0,0.0,0.0,0.0,0.0,0.0,0.0,0.0,0.0,0.0,0.0,0.0,0.0,0.0,0.0,0.0
8,449,17.04614027903881,17.05726663803216,False,-18.065933227539062,-0.315310001373291,-95.16483306884766,-1.6609396934509277,90.15384674072266,1.5734814405441284,78.989013671875,1.3786183595657349,91.42857360839844,1.5957295894622803,0.7554945054945055,0.007554945054945055,-0.31609290838241577,-1.6034398078918457,1.4346181154251099,1.3778221607208252,1.5838319063186646,0.0028098300099372864,-18.110788345336914,-0.316092886757945,-91.87033081054688,-1.6034397575404338,86.15384674072266,1.503668288884196,78.94338989257812,1.3778220763111009,90.74687957763672,1.583831834540562,0.28098300099372864,0.0028098300099372864,False,False,0.0,0.0,0.0,0.0,0.0,0.0,0.0,0.0,3.9562911987304688,3.9562911987304688,0.0,0.0,0.0,0.0,0.0,0.0
8,450,17.080690558068454,17.24550799303688,False,-17.9780216217041,-0.3137756586074829,-95.34066009521484,-1.664008378982544,90.06593322753906,1.5719470977783203,78.989013671875,1.3786183595657349,91.42857360839844,1.5957295894622803,0.7554945054945055,0.007554945054945055,-0.3090780973434448,-1.691994071006775,1.557680368423462,1.3769148588180542,1.5973185300827026,0.0022569969296455383,-17.70886993408203,-0.3090780871571626,-96.9441146850586,-1.6919939916852582,89.24850463867188,1.5576802584262563,78.89140319824219,1.3769147373277109,91.51960754394531,1.5973184817748867,0.22569969296455383,0.0022569969296455383,False,False,0.0,0.0,0.0,0.0,0.0,0.0,0.0,0.0,0.0,0.0,0.0,0.0,0.0,0.0,0.0,0.0
8,451,17.24695760605391,17.25972041906789,False,-17.9780216217041,-0.3137756586074829,-92.26373291015625,-1.610305905342102,89.53845977783203,1.5627409219741821,79.07691955566406,1.3801525831222534,91.42857360839844,1.5957295894622803,0.7554945054945055,0.007554945054945055,-0.3059086799621582,-1.6990387439727783,1.5496368408203125,1.3796403408050537,1.5947811603546143,0.002047605812549591,-17.52727508544922,-0.30590865914385934,-96.26373291015625,-1.6801190895426492,88.78764343261719,1.5496367129858901,79.04756164550781,1.379640216387298,91.37422180175781,1.5947810218882592,0.2047605812549591,0.002047605812549591,False,False,0.0,0.0,0.0,0.0,0.0,1.0840072631835938,1.0840072631835938,0.0,0.0,0.0,0.0,0.0,0.0,0.0,0.0,0.0
8,452,17.280298694968224,17.291462067048997,False,-17.9780216217041,-0.3137756586074829,-92.52747344970703,-1.614909052848816,89.53845977783203,1.5627409219741821,79.07691955566406,1.3801525831222534,91.42857360839844,1.5957295894622803,0.7554945054945055,0.007554945054945055,-0.298476904630661,-1.7047922611236572,1.5388771295547485,1.3822307586669922,1.5957528352737427,0.002810738980770111,-17.101465225219727,-0.29847687509539783,-96.52747344970703,-1.6847222303287968,88.17115783691406,1.538877009549752,79.19598388671875,1.3822306731796181,91.42990112304688,1.595752809370029,0.2810738980770111,0.002810738980770111,False,False,0.0,0.0,0.0,0.0,0.0,1.1499252319335938,1.1499252319335938,0.0,0.0,0.0,0.0,0.0,0.0,0.0,0.0,0.0
8,453,17.31368147500325,17.323979301028885,False,-17.9780216217041,-0.3137756586074829,-93.05494689941406,-1.624115228652954,89.53845977783203,1.5627409219741821,79.07691955566406,1.3801525831222534,91.42857360839844,1.5957295894622803,0.7554945054945055,0.007554945054945055,-0.3012702465057373,-1.7389026880264282,1.5726197957992554,1.378590703010559,1.5928114652633667,0.003416977822780609,-17.261512756347656,-0.3012702314732683,-97.05494689941406,-1.6939283787430373,90.1044692993164,1.5726196600352194,78.9874267578125,1.3785906646016979,91.26136779785156,1.5928113479460366,0.3416977822780609,0.003416977822780609,False,False,0.0,0.0,0.0,0.0,0.0,2.5768356323242188,2.5768356323242188,0.0,0.0,0.0,0.0,0.0,0.0,0.0,0.0,0.0
8,454,17.346986080054194,17.357568160048686,False,-17.9780216217041,-0.3137756586074829,-93.93406677246094,-1.6394587755203247,89.62637329101562,1.5642752647399902,79.07691955566406,1.3801525831222534,91.42857360839844,1.5957295894622803,0.7554945054945055,0.007554945054945055,-0.30117276310920715,-1.7141162157058716,1.5446345806121826,1.3816142082214355,1.5997333526611328,0.002495810389518738,-17.25592803955078,-0.3011727597773714,-97.93406677246094,-1.7092719150474198,88.50103759765625,1.5446344975103943,79.16065979003906,1.3816141513872648,91.65796661376953,1.599733303093316,0.24958103895187378,0.002495810389518738,False,False,0.0,0.0,0.0,0.0,0.0,0.27754974365234375,0.27754974365234375,0.0,0.0,0.0,0.0,0.0,0.0,0.0,0.0,0.0
8,455,17.38038913102355,17.390902827028185,False,-17.714284896850586,-0.3091726005077362,-95.16483306884766,-1.6609396934509277,89.71428680419922,1.565809726715088,79.07691955566406,1.3801525831222534,91.42857360839844,1.5957295894622803,0.7554945054945055,0.007554945054945055,-0.30204468965530396,-1.7024418115615845,1.5482194423675537,1.380023717880249,1.5991400480270386,0.004032708704471588,-17.305885314941406,-0.30204467871826335,-97.542724609375,-1.7024417057996934,88.70643615722656,1.54821937865375,79.06952667236328,1.380023578426215,91.62397003173828,1.5991399508024464,0.4032708704471588,0.004032708704471588,False,False,0.0,0.0,0.0,0.0,0.0,0.0,0.0,0.0,0.0,0.0,0.0,0.0,0.0,0.0,0.0,0.0
8,456,17.413946695975028,17.42483476502821,False,-17.626373291015625,-0.3076382577419281,-96.21977996826172,-1.6793519258499146,90.06593322753906,1.5719470977783203,79.07691955566406,1.3801525831222534,91.42857360839844,1.5957295894622803,0.7554945054945055,0.007554945054945055,-0.30685871839523315,-1.6550922393798828,1.4758819341659546,1.382409930229187,1.59982168674469,0.004519261419773102,-17.581708908081055,-0.3068587085732315,-94.82979583740234,-1.6550921663566842,86.06593322753906,1.5021339086221466,79.20625305175781,1.3824099039209805,91.66302490234375,1.5998215868834522,0.4519261419773102,0.004519261419773102,False,False,0.0,0.0,0.0,0.0,0.0,0.0,0.0,0.0,1.5041351318359375,1.5041351318359375,0.0,0.0,0.0,0.0,0.0,0.0
8,457,17.447499713045545,17.457933539059013,False,-17.626373291015625,-0.3076382577419281,-96.30769348144531,-1.6808863878250122,90.15384674072266,1.5734814405441284,79.07691955566406,1.3801525831222534,91.42857360839844,1.5957295894622803,0.7554945054945055,0.007554945054945055,-0.310752272605896,-1.6493638753890991,1.4879354238510132,1.3809908628463745,1.602609395980835,0.005036003887653351,-17.804792404174805,-0.3107522500869273,-94.5015869140625,-1.6493638400099782,86.15384674072266,1.503668288884196,79.12494659423828,1.3809908385341316,91.82274627685547,1.6026092507544927,0.5036003887653351,0.005036003887653351,False,False,0.0,0.0,0.0,0.0,0.0,0.0,0.0,0.0,0.90142822265625,0.90142822265625,0.0,0.0,0.0,0.0,0.0,0.0
8,458,17.480713524040766,17.490923539968207,False,-17.626373291015625,-0.3076382577419281,-96.30769348144531,-1.6808863878250122,90.06593322753906,1.5719470977783203,79.07691955566406,1.3801525831222534,91.42857360839844,1.5957295894622803,0.7554945054945055,0.007554945054945055,-0.31910061836242676,-1.4739183187484741,1.312467098236084,1.3806973695755005,1.6022127866744995,0.0047784969210624695,-18.283117294311523,-0.3191005943140532,-92.30769348144531,-1.611073176172928,86.06593322753906,1.5021339086221466,79.1081314086914,1.380697358182005,91.8000259399414,1.60221270606818,0.47784969210624695,0.0047784969210624695,False,False,0.0,0.0,0.0,0.0,0.0,7.8583984375,7.8583984375,0.0,10.867111206054688,10.867111206054688,0.0,0.0,0.0,0.0,0.0,0.0
8,459,17.514321502065286,17.52471620903816,False,-17.714284896850586,-0.3091726005077362,-95.78022003173828,-1.671680212020874,89.53845977783203,1.5627409219741821,79.07691955566406,1.3801525831222534,91.42857360839844,1.5957295894622803,0.7554945054945055,0.007554945054945055,-0.32413017749786377,-1.4112173318862915,1.2525447607040405,1.3801478147506714,1.6031463146209717,0.003968872129917145,-18.571290969848633,-0.3241301737697496,-91.78022003173828,-1.6018670277586875,85.53845977783203,1.4929277602079063,79.0766372680664,1.3801476817330127,91.853515625,1.6031462771883072,0.3968872129917145,0.003968872129917145,False,False,0.0,0.0,0.0,0.0,0.0,10.923423767089844,10.923423767089844,0.0,13.772933959960938,13.772933959960938,0.0,0.0,0.0,0.0,0.0,0.0
8,460,17.547709195059724,17.55821069702506,False,-17.714284896850586,-0.3091726005077362,-95.25274658203125,-1.6624740362167358,89.45054626464844,1.561206579208374,79.07691955566406,1.3801525831222534,91.42857360839844,1.5957295894622803,0.7554945054945055,0.007554945054945055,-0.3238002061843872,-1.3844785690307617,1.2407755851745605,1.3806854486465454,1.5983830690383911,0.0030380934476852417,-18.552383422851562,-0.3238001748211752,-91.25274658203125,-1.5926608793444472,85.45054626464844,1.4913933799458572,79.1074447631836,1.3806853739570997,91.58059692382812,1.5983829472625914,0.30380934476852417,0.0030380934476852417,False,False,0.0,0.0,0.0,0.0,0.0,11.927970886230469,11.927970886230469,0.0,14.359344482421875,14.359344482421875,0.0,0.0,0.0,0.0,0.0,0.0
8,461,17.58176635496784,17.59257479896769,False,-17.626373291015625,-0.3076382577419281,-94.02198028564453,-1.6409931182861328,89.36264038085938,1.559672236442566,79.07691955566406,1.3801525831222534,91.42857360839844,1.5957295894622803,0.7554945054945055,0.007554945054945055,-0.33124494552612305,-1.264066457748413,1.148201584815979,1.3794708251953125,1.598496675491333,0.0038811489939689636,-18.97893714904785,-0.3312449417799508,-90.02198028564453,-1.5711799551499226,85.36264038085938,1.4898591328418624,79.03784942626953,1.3794707061839144,91.58710479736328,1.5984965310830832,0.38811489939689636,0.0038811489939689636,False,False,0.0,0.0,0.0,0.0,0.0,17.5963134765625,17.5963134765625,0.0,19.575538635253906,19.575538635253906,0.0,0.0,0.0,0.0,0.0,0.0
8,462,17.615517336991616,17.62901677703485,False,-18.065933227539062,-0.315310001373291,-92.79120635986328,-1.6195120811462402,89.36264038085938,1.559672236442566,79.07691955566406,1.3801525831222534,91.42857360839844,1.5957295894622803,0.7554945054945055,0.007554945054945055,-0.3416166305541992,-1.1200149059295654,1.020459532737732,1.3833324909210205,1.59453284740448,0.003301680088043213,-19.573190689086914,-0.3416166226452644,-88.79120635986328,-1.5496988977973434,85.36264038085938,1.4898591328418624,79.25910949707031,1.3833324229225838,91.36000061035156,1.5945328152746638,0.3301680088043213,0.003301680088043213,False,False,0.0,0.0,0.0,0.0,0.0,24.61907958984375,24.61907958984375,0.0,26.89461898803711,26.89461898803711,0.0,0.0,0.0,0.0,0.0,0.0
8,463,17.64881359296851,17.659356478019617,False,-18.505495071411133,-0.3229818046092987,-91.82417297363281,-1.6026341915130615,89.36264038085938,1.559672236442566,79.07691955566406,1.3801525831222534,91.42857360839844,1.5957295894622803,0.7554945054945055,0.007554945054945055,-0.3227475881576538,-1.009461522102356,0.9411635398864746,1.3870742321014404,1.5955320596694946,0.0037794113159179688,-18.49207305908203,-0.3227475604003214,-87.82417297363281,-1.5328209812309117,85.36264038085938,1.4898591328418624,79.47349548339844,1.3870741642541453,91.41725158691406,1.5955320333156615,0.3779411315917969,0.0037794113159179688,False,False,0.0,0.0,0.0,0.0,0.0,29.986289978027344,29.986289978027344,0.0,31.437946319580078,31.437946319580078,0.0,0.0,0.0,0.0,0.0,0.0
8,464,17.68252307397779,17.696097351959907,False,-18.85714340209961,-0.3291192352771759,-91.47252655029297,-1.5964967012405396,89.36264038085938,1.559672236442566,79.07691955566406,1.3801525831222534,91.42857360839844,1.5957295894622803,0.7554945054945055,0.007554945054945055,-0.32765573263168335,-0.954149603843689,0.8933286666870117,1.3870025873184204,1.5927592515945435,0.004360266029834747,-18.77328872680664,-0.3276556997103101,-87.47252655029297,-1.5266835933407696,85.36264038085938,1.4898591328418624,79.46939086914062,1.387002525220822,91.25837707519531,1.592759149988671,0.43602660298347473,0.004360266029834747,False,False,0.0,0.0,0.0,0.0,0.0,32.80378341674805,32.80378341674805,0.0,34.178680419921875,34.178680419921875,0.0,0.0,0.0,0.0,0.0,0.0
8,465,17.716621126048267,17.73054952500388,False,-18.94505500793457,-0.330653578042984,-90.24176025390625,-1.5750157833099365,89.36264038085938,1.559672236442566,79.07691955566406,1.3801525831222534,91.42857360839844,1.5957295894622803,0.7554945054945055,0.007554945054945055,-0.3281313180923462,-0.8960533142089844,0.8394098281860352,1.3867998123168945,1.5879004001617432,0.0053038522601127625,-18.800539016723633,-0.3281313069914847,-86.24176025390625,-1.505202669146245,85.36264038085938,1.4898591328418624,79.45777130126953,1.3867997255038125,90.97998809814453,1.587900345737876,0.5303852260112762,0.0053038522601127625,False,False,0.0,0.0,0.0,0.0,0.0,34.90169143676758,34.90169143676758,0.0,37.268001556396484,37.268001556396484,0.0,0.0,0.0,0.0,0.0,0.0
8,466,17.75010146095883,17.76302317297086,False,-18.94505500793457,-0.330653578042984,-89.18681335449219,-1.5566035509109497,89.36264038085938,1.559672236442566,79.07691955566406,1.3801525831222534,91.42857360839844,1.5957295894622803,0.7554945054945055,0.007554945054945055,-0.32536906003952026,-0.8190277814865112,0.7928862571716309,1.3887498378753662,1.587765097618103,0.004748910665512085,-18.64227294921875,-0.32536904301934083,-85.18681335449219,-1.4867903723177642,85.36264038085938,1.4898591328418624,79.56950378417969,1.3887498252120232,90.97223663330078,1.5877650571545,0.4748910665512085,0.004748910665512085,False,False,0.0,0.0,0.0,0.0,0.0,38.259979248046875,38.259979248046875,0.0,39.9336051940918,39.9336051940918,0.0,0.0,0.0,0.0,0.0,0.0
8,467,17.783221672056243,17.794748833053745,False,-18.85714340209961,-0.3291192352771759,-88.04395294189453,-1.5366568565368652,89.27472686767578,1.5581378936767578,79.07691955566406,1.3801525831222534,91.42857360839844,1.5957295894622803,0.7554945054945055,0.007554945054945055,-0.3352971076965332,-0.8303901553153992,0.8180083632469177,1.3933345079421997,1.5864914655685425,0.005144670605659485,-19.21110725402832,-0.3352970745365609,-84.04395294189453,-1.4668436952272341,85.27472686767578,1.4883247525798133,79.83218383789062,1.3933344570285946,90.89926147460938,1.5864914003631696,0.5144670605659485,0.005144670605659485,False,False,0.0,0.0,0.0,0.0,0.0,36.466102600097656,36.466102600097656,0.0,38.40630340576172,38.40630340576172,0.0,0.0,0.0,0.0,0.0,0.0
8,468,17.817237845039926,17.82879086700268,False,-18.681318283081055,-0.3260505199432373,-87.86813354492188,-1.533588171005249,89.27472686767578,1.5581378936767578,79.07691955566406,1.3801525831222534,91.42857360839844,1.5957295894622803,0.7554945054945055,0.007554945054945055,-0.3372783064842224,-0.8350204229354858,0.8076330423355103,1.392498254776001,1.5894012451171875,0.004508815705776215,-19.324623107910156,-0.3372782999400117,-83.86813354492188,-1.4637750678611903,85.27472686767578,1.4883247525798133,79.78427124023438,1.3924982244463096,91.06597900390625,1.5894011701701902,0.45088157057762146,0.004508815705776215,False,False,0.0,0.0,0.0,0.0,0.0,36.02499008178711,36.02499008178711,0.0,39.000762939453125,39.000762939453125,0.0,0.0,0.0,0.0,0.0,0.0
8,469,17.850409341976047,17.863652060041204,False,-18.681318283081055,-0.3260505199432373,-86.72527313232422,-1.513641595840454,89.18681335449219,1.5566035509109497,79.25274658203125,1.3832213878631592,91.42857360839844,1.5957295894622803,0.7554945054945055,0.007554945054945055,-0.3282439112663269,-0.8854857683181763,0.8439416885375977,1.3901718854904175,1.5924509763717651,0.00442088395357132,-18.806989669799805,-0.32824389212656774,-82.72527313232422,-1.4438283907706604,85.18681335449219,1.4867903723177642,79.6509780883789,1.3901718200760709,91.24071502685547,1.5924508890924944,0.44208839535713196,0.00442088395357132,False,False,0.0,0.0,0.0,0.0,0.0,31.990676879882812,31.990676879882812,0.0,36.83251953125,36.83251953125,0.0,0.0,0.0,0.0,0.0,0.0
8,470,17.883812622982077,17.89687529101502,False,-18.94505500793457,-0.330653578042984,-85.67032623291016,-1.4952292442321777,89.010986328125,1.553534746170044,79.16483306884766,1.3816869258880615,91.78022003173828,1.6018669605255127,0.7554945054945055,0.007554945054945055,-0.33202046155929565,-0.8112831115722656,0.7953050136566162,1.385478138923645,1.5850728750228882,0.005874961614608765,-19.02337074279785,-0.33202045428938187,-81.67032623291016,-1.4254160939421796,85.010986328125,1.4837216117936658,79.38204193115234,1.3854779986548063,90.81797790527344,1.5850727344504845,0.5874961614608765,0.005874961614608765,False,False,0.0,0.0,0.0,0.0,0.0,35.18722915649414,35.18722915649414,0.0,39.44336700439453,39.44336700439453,0.0,0.0,0.0,0.0,0.0,0.0
8,471,17.917128027998842,17.929388858028688,False,-19.384614944458008,-0.3383253514766693,-85.14286041259766,-1.486023187637329,88.83516693115234,1.5504661798477173,79.07691955566406,1.3801525831222534,91.78022003173828,1.6018669605255127,0.7554945054945055,0.007554945054945055,-0.3205863833427429,-0.760601818561554,0.7478398680686951,1.3865658044815063,1.5817229747772217,0.006336234509944916,-18.36824607849121,-0.3205863718862084,-81.14286041259766,-1.4162100786859937,84.83516693115234,1.480652984427622,79.44436645507812,1.386565766802049,90.62604522705078,1.5817228772733283,0.6336234509944916,0.006336234509944916,False,False,0.0,0.0,0.0,0.0,0.0,37.5635871887207,37.5635871887207,0.0,41.98710250854492,41.98710250854492,0.0,0.0,0.0,0.0,0.0,0.0
8,472,17.950587886967696,17.961242154007778,False,-19.296703338623047,-0.3367910087108612,-84.0879135131836,-1.4676109552383423,88.57142639160156,1.5458630323410034,78.989013671875,1.3786183595657349,91.78022003173828,1.6018669605255127,0.7554945054945055,0.007554945054945055,-0.3170419931411743,-0.7042969465255737,0.7134191393852234,1.3877722024917603,1.5779623985290527,0.005895636975765228,-18.1651668548584,-0.317041970791422,-80.0879135131836,-1.3977977818575127,84.57142639160156,1.4760498436414746,79.51348876953125,1.387772178775855,90.41058349609375,1.5779623606560818,0.5895636975765228,0.005895636975765228,False,False,0.0,0.0,0.0,0.0,0.0,39.73467254638672,39.73467254638672,0.0,43.69552230834961,43.69552230834961,0.0,0.0,0.0,0.0,0.0,0.0
8,473,17.983980866032653,17.997464127023704,False,-18.94505500793457,-0.330653578042984,-83.29669952392578,-1.4538016319274902,88.3956069946289,1.5427943468093872,78.9011001586914,1.3770840167999268,91.6043930053711,1.5987982749938965,0.7554945054945055,0.007554945054945055,-0.31915655732154846,-0.6752794981002808,0.6746241450309753,1.3895306587219238,1.5734997987747192,0.00599062442779541,-18.28632354736328,-0.3191565539864585,-79.29669952392578,-1.3839884926571249,84.3956069946289,1.4729812162754308,79.6142349243164,1.3895305308855799,90.15489196777344,1.5734997016174361,0.599062442779541,0.00599062442779541,False,False,0.0,0.0,0.0,0.0,0.0,40.60603713989258,40.60603713989258,0.0,45.74249267578125,45.74249267578125,0.0,0.0,0.0,0.0,0.0,0.0
8,474,18.01754080003593,18.029845250071958,False,-18.593406677246094,-0.3245161771774292,-82.5054931640625,-1.4399925470352173,88.04395294189453,1.5366568565368652,78.81318664550781,1.375549554824829,91.42857360839844,1.5957295894622803,0.7554945054945055,0.007554945054945055,-0.32429835200309753,-0.5538544058799744,0.5925193428993225,1.3901761770248413,1.5709710121154785,0.0055502429604530334,-18.58092498779297,-0.3242983191030745,-78.5054931640625,-1.3701793366147916,84.04395294189453,1.4668436952272341,79.6512222290039,1.390176081133815,90.01000213623047,1.5709708970043512,0.5550242960453033,0.0055502429604530334,False,False,0.0,0.0,0.0,0.0,0.0,46.77197265625,46.77197265625,0.0,50.095096588134766,50.095096588134766,0.0,0.0,0.0,0.0,0.0,0.0
8,475,18.050658483989537,18.06089437904302,False,-18.41758155822754,-0.3214474320411682,-81.62637329101562,-1.4246490001678467,87.78022003173828,1.532053828239441,78.81318664550781,1.375549554824829,91.25274658203125,1.592660903930664,0.7554945054945055,0.007554945054945055,-0.31748729944229126,-0.4853912591934204,0.5309239029884338,1.3927648067474365,1.5645543336868286,0.005491606891155243,-18.19068145751953,-0.3174872846151968,-77.62637329101562,-1.354835800310409,83.78022003173828,1.4622406875991412,79.7995376586914,1.392764673713372,89.6423568725586,1.5645542766739144,0.5491606891155243,0.005491606891155243,False,False,0.0,0.0,0.0,0.0,0.0,49.81550598144531,49.81550598144531,0.0,53.36052322387695,53.36052322387695,0.0,0.0,0.0,0.0,0.0,0.0
8,476,18.084204285987653,18.094674811000004,False,-18.41758155822754,-0.3214474320411682,-80.83516693115234,-1.4108397960662842,87.42857360839844,1.5259164571762085,78.81318664550781,1.375549554824829,91.07691955566406,1.5895920991897583,0.7554945054945055,0.007554945054945055,-0.31855446100234985,-0.41376006603240967,0.4592687487602234,1.3971397876739502,1.5633373260498047,0.00619015097618103,-18.2518253326416,-0.31855444655350523,-76.83516693115234,-1.3410266442680756,83.42857360839844,1.456103299708999,80.05020904541016,1.3971397147521543,89.57262420654297,1.563337212055748,0.619015097618103,0.00619015097618103,False,False,0.0,0.0,0.0,0.0,0.0,53.12846374511719,53.12846374511719,0.0,57.11441421508789,57.11441421508789,0.0,0.0,0.0,0.0,0.0,0.0
8,477,18.117646110011265,18.128403078997508,False,-18.41758155822754,-0.3214474320411682,-80.04395294189453,-1.3970304727554321,87.07691955566406,1.5197789669036865,78.81318664550781,1.375549554824829,90.72527313232422,1.5834547281265259,0.7554945054945055,0.007554945054945055,-0.31099653244018555,-0.3831614851951599,0.43904727697372437,1.3964403867721558,1.5737693309783936,0.005786500871181488,-17.818788528442383,-0.3109965285379148,-76.04395294189453,-1.3272173550676878,83.07691955566406,1.4499657786608025,80.01013946533203,1.3964403686498994,90.17033386230469,1.573769213519752,0.5786500871181488,0.005786500871181488,False,False,0.0,0.0,0.0,0.0,0.0,54.090415954589844,54.090415954589844,0.0,57.921363830566406,57.921363830566406,0.0,0.0,0.0,0.0,0.0,0.0
8,478,18.15111760701984,18.162194708012976,False,-18.41758155822754,-0.3214474320411682,-79.25274658203125,-1.3832213878631592,86.63735961914062,1.5121071338653564,78.81318664550781,1.375549554824829,90.63735961914062,1.5819203853607178,0.7554945054945055,0.007554945054945055,-0.3022608757019043,-0.33425581455230713,0.38034093379974365,1.4002060890197754,1.5676349401474,0.005247235298156738,-17.31827163696289,-0.30226086081975057,-75.25274658203125,-1.3134081990253543,82.63735961914062,1.4422940105086113,80.22589874267578,1.4002060784312715,89.81886291503906,1.5676348882648636,0.5247235298156738,0.005247235298156738,False,False,0.0,0.0,0.0,0.0,0.0,56.10129928588867,56.10129928588867,0.0,60.845428466796875,60.845428466796875,0.0,0.0,0.0,0.0,0.0,0.0
8,479,18.184480229974724,18.194681192049757,False,-18.41758155822754,-0.3214474320411682,-78.46154022216797,-1.3694121837615967,86.28571319580078,1.505969762802124,78.81318664550781,1.375549554824829,90.63735961914062,1.5819203853607178,0.7554945054945055,0.007554945054945055,-0.3082190752029419,-0.27878934144973755,0.35682761669158936,1.3994598388671875,1.568633794784546,0.004062756896018982,-17.659650802612305,-0.30821905125804394,-74.46154022216797,-1.299599042983021,82.28571319580078,1.436156622618469,80.18313598632812,1.3994597275357767,89.87609100341797,1.5686337068316978,0.4062756896018982,0.004062756896018982,False,False,0.0,0.0,0.0,0.0,0.0,58.48809051513672,58.48809051513672,0.0,61.84099578857422,61.84099578857422,0.0,0.0,0.0,0.0,0.0,0.0
8,480,18.21808262297418,18.384575690957718,False,-18.329669952392578,-0.3199130892753601,-77.67032623291016,-1.3556028604507446,85.84615325927734,1.4982980489730835,78.9011001586914,1.3770840167999268,90.63735961914062,1.5819203853607178,0.7554945054945055,0.007554945054945055,-0.3265047073364258,-1.5480504035949707,1.5204393863677979,1.370997667312622,1.5825209617614746,0.0015031695365905762,-18.707340240478516,-0.3265046814871779,-81.67032623291016,-1.4254160939421796,87.11475372314453,1.5204392795328607,78.55237579345703,1.3709975928597185,90.67176818847656,1.5825208934939705,0.15031695365905762,0.0015031695365905762,False,False,0.0,0.0,0.0,0.0,0.0,7.026420593261719,7.026420593261719,0.0,0.0,0.0,0.0,0.0,0.0,0.0,0.0,0.0
8,481,18.385914884041995,18.396147203049622,False,-17.714284896850586,-0.3091726005077362,-75.82417297363281,-1.3233814239501953,85.31867980957031,1.4890918731689453,78.9011001586914,1.3770840167999268,90.54945373535156,1.5803860425949097,0.7554945054945055,0.007554945054945055,-0.32403260469436646,-1.5411843061447144,1.5271379947662354,1.3735668659210205,1.581128478050232,-0.0009558349847793579,-18.56570053100586,-0.3240326022053118,-79.82417297363281,-1.3931946410713654,87.4985580444336,1.5271379286227371,78.69957733154297,1.373566744363318,90.59197998046875,1.581128326559968,0.0,0.0,True,False,0.09558349847793579,0.0,0.0,0.0,0.0,8.479179382324219,8.479179382324219,0.0,0.0,0.0,0.0,0.0,0.0,0.0,0.0,0.0
8,482,18.420012629008852,18.430298479972407,False,-17.714284896850586,-0.3091726005077362,-75.73626708984375,-1.3218472003936768,85.31867980957031,1.4890918731689453,78.9011001586914,1.3770840167999268,90.54945373535156,1.5803860425949097,0.7554945054945055,0.007554945054945055,-0.32703202962875366,-1.5725346803665161,1.533331274986267,1.3715755939483643,1.586176872253418,-0.00017226487398147583,-18.7375545501709,-0.3270320206725272,-79.73626708984375,-1.3916603939673706,87.85340881347656,1.5333312428957708,78.58548736572266,1.3715754988162656,90.88123321533203,1.5861767478803768,0.0,0.0,True,False,0.017226487398147583,0.0,0.0,0.0,0.0,10.363327026367188,10.363327026367188,0.0,0.0,0.0,0.0,0.0,0.0,0.0,0.0,0.0
8,483,18.453432337963022,18.4650788360741,False,-17.80219841003418,-0.3107069730758667,-76.17582702636719,-1.3295190334320068,85.4065933227539,1.4906262159347534,78.81318664550781,1.375549554824829,90.46154022216797,1.5788516998291016,0.7554945054945055,0.007554945054945055,-0.3297427296638489,-1.5837572813034058,1.5384539365768433,1.3700482845306396,1.5846413373947144,0.00024107098579406738,-18.892866134643555,-0.32974271918806436,-80.17582702636719,-1.399332162119562,88.14691162109375,1.5384538332525384,78.49797821044922,1.3700481759311052,90.79325866699219,1.5846413023538914,0.02410709857940674,0.00024107098579406738,False,False,0.0,0.0,0.0,0.0,0.0,10.5667724609375,10.5667724609375,0.0,0.0,0.0,0.0,0.0,0.0,0.0,0.0,0.0
8,484,18.487278467975557,18.49809904000722,False,-18.41758155822754,-0.3214474320411682,-77.67032623291016,-1.3556028604507446,86.46154022216797,1.5090385675430298,78.54945373535156,1.3709465265274048,90.63735961914062,1.5819203853607178,0.7554945054945055,0.007554945054945055,-0.32189053297042847,-1.571224570274353,1.5306775569915771,1.3712058067321777,1.5829415321350098,-0.0007109493017196655,-18.442968368530273,-0.3218905218720202,-81.67032623291016,-1.4254160939421796,87.70136260986328,1.5306775360275615,78.56430053710938,1.3712057188989082,90.69586181640625,1.582941406630094,0.0,0.0,True,False,0.07109493017196655,0.0,0.0,0.0,0.0,8.354202270507812,8.354202270507812,0.0,0.0,0.0,0.0,0.0,0.0,0.0,0.0,0.0
8,485,18.52018117706757,18.532020222977735,False,-18.85714340209961,-0.3291192352771759,-78.989013671875,-1.3786183595657349,87.42857360839844,1.5259164571762085,78.54945373535156,1.3709465265274048,90.63735961914062,1.5819203853607178,0.7554945054945055,0.007554945054945055,-0.3259478211402893,-1.5530847311019897,1.5055428743362427,1.3720412254333496,1.5863347053527832,9.609758853912354e-05,-18.675434112548828,-0.32594781450324234,-82.989013671875,-1.448431531556808,86.26124572753906,1.505542754817448,78.61216735839844,1.372041152532866,90.8902816772461,1.5863346733330184,0.009609758853912354,9.609758853912354e-05,False,False,0.0,0.0,0.0,0.0,0.0,5.996185302734375,5.996185302734375,0.0,0.0,0.0,0.0,0.0,0.0,0.0,0.0,0.0
8,486,18.553603561013006,18.56502388906665,False,-18.85714340209961,-0.3291192352771759,-79.78022003173828,-1.3924275636672974,87.69230651855469,1.5305194854736328,78.54945373535156,1.3709465265274048,90.63735961914062,1.5819203853607178,0.7554945054945055,0.007554945054945055,-0.3456457257270813,-1.3022541999816895,1.2355269193649292,1.37773597240448,1.580210566520691,-7.123500108718872e-05,-19.804040908813477,-0.34564571905844527,-75.78022003173828,-1.3226143474395948,83.69230651855469,1.460706307337092,78.9384536743164,1.377735923049837,90.53939056396484,1.5802104680902722,0.0,0.0,True,False,0.007123500108718872,0.0,0.0,0.0,0.0,1.1665573120117188,1.1665573120117188,0.0,12.901832580566406,12.901832580566406,0.0,0.0,0.0,0.0,0.0,0.0
8,487,18.587417714996263,18.59921737399418,False,-18.505495071411133,-0.3229818046092987,-80.92308044433594,-1.4123741388320923,87.69230651855469,1.5305194854736328,78.72527313232422,1.374015212059021,90.63735961914062,1.5819203853607178,0.7554945054945055,0.007554945054945055,-0.3532803952693939,-1.1953115463256836,1.1357258558273315,1.3791040182113647,1.5859191417694092,8.955597877502441e-05,-20.241474151611328,-0.35328036940294355,-76.92308044433594,-1.3425610245301247,83.69230651855469,1.460706307337092,79.01683807373047,1.3791039889018106,90.86647033691406,1.5859190870449116,0.008955597877502441,8.955597877502441e-05,False,False,0.0,0.0,0.0,0.0,0.0,8.436775207519531,8.436775207519531,0.0,18.620010375976562,18.620010375976562,0.0,0.0,0.0,0.0,0.0,0.0
8,488,18.62099742004648,18.631516961962916,False,-18.593406677246094,-0.3245161771774292,-81.62637329101562,-1.4246490001678467,87.6043930053711,1.5289851427078247,79.07691955566406,1.3801525831222534,90.28571319580078,1.5757828950881958,0.7554945054945055,0.007554945054945055,-0.3560734987258911,-1.0854281187057495,1.0639691352844238,1.3778578042984009,1.5875742435455322,0.0009088888764381409,-20.401508331298828,-0.3560734927542187,-77.62637329101562,-1.354835800310409,83.6043930053711,1.459171927075043,78.9454345703125,1.377857762669708,90.96129608154297,1.5875741085043413,0.09088888764381409,0.0009088888764381409,False,False,0.0,0.0,0.0,0.0,0.0,15.435928344726562,15.435928344726562,0.0,22.643455505371094,22.643455505371094,0.0,0.0,0.0,0.0,0.0,0.0
8,489,18.65393024496734,18.665118618053384,False,-19.648351669311523,-0.3429284393787384,-80.83516693115234,-1.4108397960662842,87.07691955566406,1.5197789669036865,79.16483306884766,1.3816869258880615,90.19779968261719,1.5742485523223877,0.7554945054945055,0.007554945054945055,-0.3575490713119507,-0.9508874416351318,0.9646435976028442,1.3829172849655151,1.5703845024108887,0.0003168061375617981,-20.486051559448242,-0.3575490504456907,-76.83516693115234,-1.3410266442680756,83.07691955566406,1.4499657786608025,79.23532104492188,1.3829172361086406,89.97640228271484,1.5703844689323159,0.03168061375617981,0.0003168061375617981,False,False,0.0,0.0,0.0,0.0,0.0,22.35333251953125,22.35333251953125,0.0,27.806915283203125,27.806915283203125,0.0,0.0,0.0,0.0,0.0,0.0
8,490,18.68763131799642,18.698402847046964,False,-20.263736724853516,-0.3536689281463623,-79.34066009521484,-1.3847557306289673,86.81318664550781,1.5151759386062622,78.9011001586914,1.3770840167999268,90.81318664550781,1.584989070892334,0.7554945054945055,0.007554945054945055,-0.34587112069129944,-0.8502120971679688,0.8819960355758667,1.3843755722045898,1.57481849193573,0.0006796568632125854,-19.816953659057617,-0.34587108906569325,-75.34066009521484,-1.3149425792874037,82.81318664550781,1.4453627710327095,79.3188705444336,1.3843754499635135,90.2304458618164,1.5748183658311887,0.06796568632125854,0.0006796568632125854,False,False,0.0,0.0,0.0,0.0,0.0,26.627098083496094,26.627098083496094,0.0,32.27853775024414,32.27853775024414,0.0,0.0,0.0,0.0,0.0,0.0
8,491,18.721139761037193,18.731880425009876,False,-19.91208839416504,-0.3475314974784851,-78.46154022216797,-1.3694121837615967,86.63735961914062,1.5121071338653564,78.63735961914062,1.372480869293213,90.72527313232422,1.5834547281265259,0.7554945054945055,0.007554945054945055,-0.35007524490356445,-0.755040168762207,0.7728638052940369,1.3847761154174805,1.5708024501800537,0.0010532140731811523,-20.057832717895508,-0.35007522174151956,-74.46154022216797,-1.299599042983021,82.63735961914062,1.4422940105086113,79.3418197631836,1.3847759893914613,90.0003433227539,1.5708023189073492,0.10532140731811523,0.0010532140731811523,False,False,0.0,0.0,0.0,0.0,0.0,31.200927734375,31.200927734375,0.0,38.355525970458984,38.355525970458984,0.0,0.0,0.0,0.0,0.0,0.0
8,492,18.754278886015527,18.765020980965346,False,-19.47252655029297,-0.3398596942424774,-77.75823974609375,-1.3571373224258423,86.28571319580078,1.505969762802124,78.63735961914062,1.372480869293213,90.54945373535156,1.5803860425949097,0.7554945054945055,0.007554945054945055,-0.3558838367462158,-0.6423301696777344,0.6658883094787598,1.386023759841919,1.5626968145370483,0.0018594637513160706,-20.390640258789062,-0.35588380910557776,-73.75823974609375,-1.2873241340446824,82.28571319580078,1.436156622618469,79.4133071899414,1.3860236803621635,89.53592681884766,1.562696721813584,0.18594637513160706,0.0018594637513160706,False,False,0.0,0.0,0.0,0.0,0.0,36.9554328918457,36.9554328918457,0.0,44.13312530517578,44.13312530517578,0.0,0.0,0.0,0.0,0.0,0.0
8,493,18.787852201028727,18.79917979403399,False,-19.736263275146484,-0.3444627821445465,-76.70330047607422,-1.3387250900268555,85.93406677246094,1.4998323917388916,78.63735961914062,1.372480869293213,90.54945373535156,1.5803860425949097,0.7554945054945055,0.007554945054945055,-0.34820038080215454,-0.5540076494216919,0.5863292813301086,1.3864872455596924,1.565200686454773,0.0010993555188179016,-19.950410842895508,-0.3482003563341038,-72.70330047607422,-1.268911970374256,81.93406677246094,1.430019234728327,79.43986511230469,1.3864872035498919,89.67938995361328,1.5652006258704767,0.10993555188179016,0.0010993555188179016,False,False,0.0,0.0,0.0,0.0,0.0,40.961002349853516,40.961002349853516,0.0,48.339874267578125,48.339874267578125,0.0,0.0,0.0,0.0,0.0,0.0
8,494,18.821061869035475,18.832931226002984,False,-20.175825119018555,-0.3521345853805542,-75.9120864868164,-1.324915885925293,85.5824203491211,1.4936950206756592,78.63735961914062,1.372480869293213,90.54945373535156,1.5803860425949097,0.7554945054945055,0.007554945054945055,-0.3506564497947693,-0.49542462825775146,0.5413399934768677,1.3866546154022217,1.5615873336791992,0.0017587915062904358,-20.09113311767578,-0.35065642335991576,-71.9120864868164,-1.2551026811738681,81.5824203491211,1.4238818468381849,79.44945526123047,1.3866545832244033,89.47235870361328,1.561587248903457,0.17587915062904358,0.0017587915062904358,False,False,0.0,0.0,0.0,0.0,0.0,43.52634811401367,43.52634811401367,0.0,50.56592559814453,50.56592559814453,0.0,0.0,0.0,0.0,0.0,0.0
8,495,18.854482877999544,18.86627198406495,False,-20.263736724853516,-0.3536689281463623,-75.20879364013672,-1.3126410245895386,85.23076629638672,1.4875575304031372,78.63735961914062,1.372480869293213,90.46154022216797,1.5788516998291016,0.7554945054945055,0.007554945054945055,-0.3453987240791321,-0.43686622381210327,0.5008255839347839,1.3890743255615234,1.557220458984375,0.0017159804701805115,-19.789888381958008,-0.3453987108673404,-71.20879364013672,-1.242827905393584,81.23076629638672,1.4177443257899882,79.58808898925781,1.3890741982327948,89.22215270996094,1.5572203305059997,0.17159804701805115,0.0017159804701805115,False,False,0.0,0.0,0.0,0.0,0.0,46.17820358276367,46.17820358276367,0.0,52.53557586669922,52.53557586669922,0.0,0.0,0.0,0.0,0.0,0.0
8,496,18.888239669962786,18.899403176037595,False,-20.175825119018555,-0.3521345853805542,-74.24176025390625,-1.2957631349563599,84.96703338623047,1.482954502105713,78.63735961914062,1.372480869293213,90.46154022216797,1.5788516998291016,0.7554945054945055,0.007554945054945055,-0.3414120674133301,-0.39236679673194885,0.4666658341884613,1.3883872032165527,1.5610706806182861,0.0016737058758735657,-19.56147003173828,-0.3414120585840327,-70.24176025390625,-1.2259499888271523,80.96703338623047,1.4131413181618953,79.54872131347656,1.3883871026715542,89.44275665283203,1.5610705956519817,0.16737058758735657,0.0016737058758735657,False,False,0.0,0.0,0.0,0.0,0.0,47.760799407958984,47.760799407958984,0.0,54.22904968261719,54.22904968261719,0.0,0.0,0.0,0.0,0.0,0.0
8,497,18.921757748001255,18.932367159053683,False,-19.91208839416504,-0.3475314974784851,-73.45054626464844,-1.2819538116455078,84.52747344970703,1.4752826690673828,78.63735961914062,1.372480869293213,90.28571319580078,1.5757828950881958,0.7554945054945055,0.007554945054945055,-0.3416293263435364,-0.37207895517349243,0.4513997435569763,1.3908460140228271,1.5515507459640503,0.0011674761772155762,-19.573917388916016,-0.3416293059499559,-69.45054626464844,-1.2121406996267643,80.52747344970703,1.405469550009704,79.68960571289062,1.3908459993060245,88.89730834960938,1.55155072686133,0.11674761772155762,0.0011674761772155762,False,False,0.0,0.0,0.0,0.0,0.0,48.131996154785156,48.131996154785156,0.0,54.66417694091797,54.66417694091797,0.0,0.0,0.0,0.0,0.0,0.0
8,498,18.95528531598393,18.96604152803775,False,-19.824174880981445,-0.3459971249103546,-72.65933990478516,-1.2681447267532349,84.17582702636719,1.4691452980041504,78.63735961914062,1.372480869293213,90.19779968261719,1.5742485523223877,0.7554945054945055,0.007554945054945055,-0.3349444270133972,-0.3556516170501709,0.4490940570831299,1.3914626836776733,1.5532020330429077,0.0018127784132957458,-19.190900802612305,-0.3349444054292071,-68.65933990478516,-1.198331543584431,80.17582702636719,1.399332162119562,79.72493743896484,1.3914626542564323,88.99191284179688,1.553201886737179,0.18127784132957458,0.0018127784132957458,False,False,0.0,0.0,0.0,0.0,0.0,48.282005310058594,48.282005310058594,0.0,54.44463348388672,54.44463348388672,0.0,0.0,0.0,0.0,0.0,0.0
8,499,18.98842474806588,18.999933243030682,False,-19.824174880981445,-0.3459971249103546,-71.78022003173828,-1.2528011798858643,83.82417297363281,1.4630078077316284,78.63735961914062,1.372480869293213,89.93406677246094,1.5696455240249634,0.7554945054945055,0.007554945054945055,-0.3379094898700714,-0.31867167353630066,0.3836458623409271,1.3902302980422974,1.5413033962249756,0.002893596887588501,-19.36078643798828,-0.33790946911836045,-67.78022003173828,-1.1829880072800485,79.82417297363281,1.3931946410713654,79.65432739257812,1.390230276461998,88.31017303466797,1.5413032824608686,0.2893596887588501,0.002893596887588501,False,False,0.0,0.0,0.0,0.0,0.0,49.52167892456055,49.52167892456055,0.0,57.84288787841797,57.84288787841797,0.0,0.0,0.0,0.0,0.0,0.0
8,500,19.021673702052794,19.032224918017164,False,-19.824174880981445,-0.3459971249103546,-70.989013671875,-1.2389919757843018,83.47252655029297,1.456870436668396,78.63735961914062,1.372480869293213,89.93406677246094,1.5696455240249634,0.7554945054945055,0.007554945054945055,-0.3354830741882324,-0.29646843671798706,0.37660813331604004,1.3911374807357788,1.5623879432678223,0.001389831304550171,-19.221763610839844,-0.3354830630491893,-66.989013671875,-1.169178851237715,79.47252655029297,1.3870572531812233,79.706298828125,1.391137349129279,89.51822662353516,1.562387795127135,0.1389831304550171,0.001389831304550171,False,False,0.0,0.0,0.0,0.0,0.0,50.00262451171875,50.00262451171875,0.0,57.89447021484375,57.89447021484375,0.0,0.0,0.0,0.0,0.0,0.0
8,501,19.055033368989825,19.066975963069126,False,-19.824174880981445,-0.3459971249103546,-70.02198028564453,-1.222114086151123,83.03296661376953,1.449198603630066,78.63735961914062,1.372480869293213,89.5824203491211,1.563508152961731,0.7554945054945055,0.007554945054945055,-0.3258359730243683,-0.26564401388168335,0.3733421564102173,1.3901783227920532,1.5540324449539185,0.001872926950454712,-18.669025421142578,-0.325835961737459,-66.02198028564453,-1.1523009346712834,79.03296661376953,1.379385485029032,79.6513442993164,1.390178211662687,89.03949737548828,1.5540323935231204,0.1872926950454712,0.001872926950454712,False,False,0.0,0.0,0.0,0.0,0.0,50.801700592041016,50.801700592041016,0.0,57.64203643798828,57.64203643798828,0.0,0.0,0.0,0.0,0.0,0.0
8,502,19.08848299307283,19.098963461001404,False,-19.824174880981445,-0.3459971249103546,-69.23076629638672,-1.208304762840271,82.76923370361328,1.4445956945419312,78.63735961914062,1.372480869293213,89.4945068359375,1.5619738101959229,0.7554945054945055,0.007554945054945055,-0.3218741714954376,-0.29188287258148193,0.41129350662231445,1.3926539421081543,1.5630154609680176,0.0024810731410980225,-18.44202995300293,-0.32187414343131626,-65.23076629638672,-1.1384916454708955,78.76923370361328,1.374782477400939,79.7931900024414,1.3926538862120248,89.55418395996094,1.5630153690380122,0.24810731410980225,0.0024810731410980225,False,False,0.0,0.0,0.0,0.0,0.0,48.507110595703125,48.507110595703125,0.0,55.203853607177734,55.203853607177734,0.0,0.0,0.0,0.0,0.0,0.0
8,503,19.121963485958986,19.13290014397353,False,-19.560440063476562,-0.3413940668106079,-68.35164642333984,-1.1929612159729004,82.4175796508789,1.4384580850601196,78.63735961914062,1.372480869293213,89.5824203491211,1.563508152961731,0.7554945054945055,0.007554945054945055,-0.3270409107208252,-0.28449440002441406,0.3965882658958435,1.389753818511963,1.5555665493011475,0.004919201135635376,-18.73806381225586,-0.32704090897266536,-64.35164642333984,-1.123148109166513,78.4175796508789,1.3686449563527423,79.62702178955078,1.3897537037849284,89.12739562988281,1.5555665074690606,0.4919201135635376,0.004919201135635376,False,False,0.0,0.0,0.0,0.0,0.0,48.05131912231445,48.05131912231445,0.0,55.69474792480469,55.69474792480469,0.0,0.0,0.0,0.0,0.0,0.0
8,504,19.155371031025425,19.166647498961538,False,-18.85714340209961,-0.3291192352771759,-67.38461303710938,-1.1760833263397217,82.06593322753906,1.4323207139968872,78.63735961914062,1.372480869293213,89.4945068359375,1.5619738101959229,0.7554945054945055,0.007554945054945055,-0.3288540244102478,-0.266751766204834,0.4012436866760254,1.3890796899795532,1.5653804540634155,0.003375723958015442,-18.841947555541992,-0.32885402233230493,-63.384613037109375,-1.1062701926000813,78.06593322753906,1.3625075684626002,79.5884017944336,1.3890796577130293,89.68968963623047,1.565380389244057,0.3375723958015442,0.003375723958015442,False,False,0.0,0.0,0.0,0.0,0.0,48.10086441040039,48.10086441040039,0.0,55.07636260986328,55.07636260986328,0.0,0.0,0.0,0.0,0.0,0.0
8,505,19.1887286209967,19.19989789905958,False,-18.505495071411133,-0.3229818046092987,-66.5054931640625,-1.160739779472351,81.80220031738281,1.427717685699463,78.72527313232422,1.374015212059021,89.4945068359375,1.5619738101959229,0.7554945054945055,0.007554945054945055,-0.33475351333618164,-0.26692435145378113,0.39697226881980896,1.388878583908081,1.5590819120407104,0.0038019344210624695,-19.179962158203125,-0.3347534900685621,-62.5054931640625,-1.0909266562956987,77.80220031738281,1.3579045608345073,79.57687377929688,1.388878455892674,89.32881164550781,1.5590818801079651,0.38019344210624695,0.0038019344210624695,False,False,0.0,0.0,0.0,0.0,0.0,47.21185302734375,47.21185302734375,0.0,55.05736541748047,55.05736541748047,0.0,0.0,0.0,0.0,0.0,0.0
8,506,19.22226429602597,19.234307344071567,False,-18.681318283081055,-0.3260505199432373,-65.62637329101562,-1.1453962326049805,81.36264038085938,1.4200459718704224,78.72527313232422,1.374015212059021,89.4945068359375,1.5619738101959229,0.7554945054945055,0.007554945054945055,-0.33187875151634216,-0.38333073258399963,0.4968392848968506,1.3872644901275635,1.5585319995880127,0.004261218011379242,-19.01525115966797,-0.331878740829876,-61.626373291015625,-1.0755831199913164,77.36264038085938,1.350232792682316,79.4843978881836,1.3872644471140314,89.29730224609375,1.5585319373428637,0.4261218011379242,0.004261218011379242,False,False,0.0,0.0,0.0,0.0,0.0,39.66313934326172,39.66313934326172,0.0,48.89584732055664,48.89584732055664,0.0,0.0,0.0,0.0,0.0,0.0
8,507,19.255639784038067,19.266435820958577,False,-18.94505500793457,-0.330653578042984,-64.74725341796875,-1.1300526857376099,81.0988998413086,1.4154428243637085,78.72527313232422,1.374015212059021,89.4945068359375,1.5619738101959229,0.7554945054945055,0.007554945054945055,-0.341001033782959,-0.4493078589439392,0.566254734992981,1.3892723321914673,1.5456894636154175,0.0029762759804725647,-19.537918090820312,-0.3410009996697789,-60.74725341796875,-1.0602395836869338,77.0988998413086,1.3456296518961686,79.59943389892578,1.3892722042598422,88.56147766113281,1.5456893756181747,0.29762759804725647,0.0029762759804725647,False,False,0.0,0.0,0.0,0.0,0.0,35.00381088256836,35.00381088256836,0.0,44.6548957824707,44.6548957824707,0.0,0.0,0.0,0.0,0.0,0.0
8,508,19.288959839963354,19.299976038979366,False,-19.03296661376953,-0.3321879208087921,-63.868133544921875,-1.1147092580795288,80.83516693115234,1.4108397960662842,78.72527313232422,1.374015212059021,89.4945068359375,1.5619738101959229,0.7554945054945055,0.007554945054945055,-0.3462351858615875,-0.6034588813781738,0.702025294303894,1.3856409788131714,1.53575599193573,0.0043876394629478455,-19.837814331054688,-0.3462351764762207,-59.868133544921875,-1.0448960473825513,76.83516693115234,1.3410266442680756,79.39137268066406,1.3856408509554645,87.9923324584961,1.5357559179102336,0.43876394629478455,0.0043876394629478455,False,False,0.0,0.0,0.0,0.0,0.0,25.29248809814453,25.29248809814453,0.0,36.612083435058594,36.612083435058594,0.0,0.0,0.0,0.0,0.0,0.0
8,509,19.322529774042778,19.33389661705587,False,-19.03296661376953,-0.3321879208087921,-62.901100158691406,-1.0978312492370605,80.48351287841797,1.4047023057937622,78.81318664550781,1.375549554824829,89.4945068359375,1.5619738101959229,0.7554945054945055,0.007554945054945055,-0.34965574741363525,-0.7071751356124878,0.7950695753097534,1.3833708763122559,1.520166039466858,0.0032142773270606995,-20.033798217773438,-0.34965574058031845,-58.901100158691406,-1.0280181308161196,76.48351287841797,1.334889123219879,79.26130676269531,1.383370772442281,87.09909057617188,1.520165906046964,0.32142773270606995,0.0032142773270606995,False,False,0.0,0.0,0.0,0.0,0.0,18.382949829101562,18.382949829101562,0.0,30.929386138916016,30.929386138916016,0.0,0.0,0.0,0.0,0.0,0.0
8,510,19.355838148039766,19.522402222966775,False,-19.208791732788086,-0.3352566659450531,-62.021976470947266,-1.08248770236969,80.21977996826172,1.400099277496338,78.81318664550781,1.375549554824829,89.05494689941406,1.5543019771575928,0.7554945054945055,0.007554945054945055,-0.348016619682312,-1.232718586921692,1.3554128408432007,1.3737835884094238,1.5600452423095703,-0.001417405903339386,-19.939882278442383,-0.3480165982188883,-66.02197265625,-1.152300801513229,77.65943145751953,1.3554127741605746,78.71199798583984,1.3737835256760502,89.38400268554688,1.5600451454742468,0.0,0.0,True,False,0.1417405903339386,0.0,0.0,0.0,0.0,4.607593536376953,4.607597351074219,0.0,0.0,0.0,0.0,0.0,0.0,0.0,0.0,0.0
8,511,19.524004932958633,19.53632087598089,False,-19.736263275146484,-0.3444627821445465,-59.38461685180664,-1.0364570617675781,79.42857360839844,1.3862900733947754,78.81318664550781,1.375549554824829,87.82417297363281,1.5328209400177002,0.7554945054945055,0.007554945054945055,-0.34381482005119324,-1.1287587881088257,1.2514417171478271,1.3762747049331665,1.5548553466796875,-0.0003997683525085449,-19.69913673400879,-0.3438147958090158,-63.38461685180664,-1.1062702591791085,75.42857360839844,1.3164769595494528,78.85472869873047,1.3762746465597104,89.0866470336914,1.5548553102999547,0.0,0.0,True,False,0.03997683525085449,0.0,0.0,0.0,0.0,1.2884941101074219,1.2884941101074219,0.0,3.7262496948242188,3.7262496948242188,0.0,0.0,0.0,0.0,0.0,0.0
8,512,19.557347244000994,19.56927282898687,False,-19.736263275146484,-0.3444627821445465,-59.38461685180664,-1.0364570617675781,79.42857360839844,1.3862900733947754,78.81318664550781,1.375549554824829,87.73626708984375,1.5312867164611816,0.7554945054945055,0.007554945054945055,-0.35272353887557983,-1.2426189184188843,1.3154798746109009,1.3717349767684937,1.5488265752792358,0.0017248615622520447,-20.209569931030273,-0.3527235357085216,-63.38461685180664,-1.1062702591791085,75.42857360839844,1.3164769595494528,78.59461975097656,1.3717348890075067,88.74121856689453,1.5488264462242334,0.17248615622520447,0.0017248615622520447,False,False,0.0,0.0,0.0,0.0,0.0,7.812198638916016,7.812198638916016,0.0,0.05713653564453125,0.05713653564453125,0.0,0.0,0.0,0.0,0.0,0.0
8,513,19.59099612897262,19.60260251397267,False,-19.736263275146484,-0.3444627821445465,-59.82417678833008,-1.0441288948059082,79.42857360839844,1.3862900733947754,78.81318664550781,1.375549554824829,87.82417297363281,1.5328209400177002,0.7554945054945055,0.007554945054945055,-0.34398341178894043,-1.2127963304519653,1.318166971206665,1.3770478963851929,1.5572338104248047,-0.0003159269690513611,-19.708797454833984,-0.34398340719553144,-63.82417678833008,-1.1139420273312999,75.52539825439453,1.3181668684191625,78.8990249633789,1.3770477622241604,89.2229232788086,1.5572337794695046,0.0,0.0,True,False,0.03159269690513611,0.0,0.0,0.0,0.0,5.663928985595703,5.663928985595703,0.0,0.0,0.0,0.0,0.0,0.0,0.0,0.0,0.0
8,514,19.624865501071326,19.63790929503739,False,-19.736263275146484,-0.3444627821445465,-61.14285659790039,-1.0671441555023193,79.25274658203125,1.3832213878631592,79.34066009521484,1.3847557306289673,87.9120864868164,1.5343554019927979,0.7554945054945055,0.007554945054945055,-0.3468795716762543,-1.2507398128509521,1.3324401378631592,1.3771693706512451,1.5516499280929565,0.0001410841941833496,-19.87473487854004,-0.346879561591479,-65.14285278320312,-1.1369572652088464,76.34319305419922,1.3324400802814422,78.90599060058594,1.3771693355279224,88.90298461914062,1.551649796453881,0.014108419418334961,0.0001410841941833496,False,False,0.0,0.0,0.0,0.0,0.0,6.519252777099609,6.519256591796875,0.0,0.0,0.0,0.0,0.0,0.0,0.0,0.0,0.0
8,515,19.65789765503723,19.66979503398761,False,-19.736263275146484,-0.3444627821445465,-62.5494499206543,-1.0916938781738281,78.989013671875,1.3786183595657349,79.42857360839844,1.3862900733947754,88.0879135131836,1.537424087524414,0.7554945054945055,0.007554945054945055,-0.34229832887649536,-1.2958672046661377,1.3640073537826538,1.3768001794815063,1.5580010414123535,0.0024279728531837463,-19.61224937438965,-0.3422983253052974,-66.54945373535156,-1.1615070830855239,78.15186309814453,1.3640073276304785,78.88483428955078,1.376800088242783,89.26687622070312,1.5580009030215018,0.24279728531837463,0.0024279728531837463,False,False,0.0,0.0,0.0,0.0,0.0,7.698268890380859,7.698265075683594,0.0,0.0,0.0,0.0,0.0,0.0,0.0,0.0,0.0
8,516,19.691776980063878,19.70558098005131,False,-19.736263275146484,-0.3444627821445465,-63.25274658203125,-1.1039687395095825,78.9011001586914,1.3770840167999268,79.42857360839844,1.3862900733947754,88.26373291015625,1.5404927730560303,0.7554945054945055,0.007554945054945055,-0.33701497316360474,-1.3470573425292969,1.3957240581512451,1.3763006925582886,1.5578535795211792,0.0011759325861930847,-19.309534072875977,-0.33701494659771647,-67.25274658203125,-1.173781858865808,79.9690933227539,1.3957239783166682,78.85621643066406,1.3763006123803387,89.25843048095703,1.557853497055166,0.11759325861930847,0.0011759325861930847,False,False,0.0,0.0,0.0,0.0,0.0,9.927947998046875,9.927947998046875,0.0,0.0,0.0,0.0,0.0,0.0,0.0,0.0,0.0
8,517,19.724950050003827,19.7366468149703,False,-19.736263275146484,-0.3444627821445465,-63.78022003173828,-1.1131747961044312,78.989013671875,1.3786183595657349,79.42857360839844,1.3862900733947754,88.35164642333984,1.5420271158218384,0.7554945054945055,0.007554945054945055,-0.3401521146297455,-1.3264529705047607,1.3622218370437622,1.3771413564682007,1.5595864057540894,0.0018542036414146423,-19.48927879333496,-0.3401520837828026,-67.78022003173828,-1.1829880072800485,78.049560546875,1.3622218112776348,78.90438079833984,1.3771412391784221,89.35771179199219,1.5595862828184262,0.18542036414146423,0.0018542036414146423,False,False,0.0,0.0,0.0,0.0,0.0,8.219932556152344,8.219932556152344,0.0,0.0,0.0,0.0,0.0,0.0,0.0,0.0,0.0
8,518,19.758557414985262,19.771914303069934,False,-19.736263275146484,-0.3444627821445465,-65.0988998413086,-1.1361901760101318,79.51648712158203,1.387824535369873,79.42857360839844,1.3862900733947754,88.43955993652344,1.5435614585876465,0.7554945054945055,0.007554945054945055,-0.33455026149749756,-1.4073660373687744,1.4418259859085083,1.3737499713897705,1.5598208904266357,0.0009925290942192078,-19.168317794799805,-0.3345502575878754,-69.0988998413086,-1.2060033117366222,82.61054229736328,1.4418259599470298,78.71006774902344,1.3737498366882608,89.37114715576172,1.5598207741524075,0.09925290942192078,0.0009925290942192078,False,False,0.0,0.0,0.0,0.0,0.0,11.5372314453125,11.5372314453125,0.0,0.0,0.0,0.0,0.0,0.0,0.0,0.0,0.0
8,519,19.792193843983114,19.80354787199758,False,-19.736263275146484,-0.3444627821445465,-66.5054931640625,-1.160739779472351,80.04395294189453,1.3970304727554321,79.42857360839844,1.3862900733947754,88.61538696289062,1.5466302633285522,0.7554945054945055,0.007554945054945055,-0.33058562874794006,-1.419157862663269,1.4575687646865845,1.3749181032180786,1.5523918867111206,0.002169787883758545,-18.941160202026367,-0.33058560967307443,-70.5054931640625,-1.230552996455245,83.51253509521484,1.4575687040988152,78.7770004272461,1.374918032300424,88.94549560546875,1.552391753133577,0.2169787883758545,0.002169787883758545,False,False,0.0,0.0,0.0,0.0,0.0,10.806259155273438,10.806259155273438,0.0,0.0,0.0,0.0,0.0,0.0,0.0,0.0,0.0
8,520,19.825961505062878,19.838330358034,False,-19.736263275146484,-0.3444627821445465,-66.5054931640625,-1.160739779472351,80.04395294189453,1.3970304727554321,79.42857360839844,1.3862900733947754,88.70330047607422,1.5481646060943604,0.7554945054945055,0.007554945054945055,-0.3267099857330322,-1.4144734144210815,1.4498058557510376,1.3758001327514648,1.5554735660552979,0.0014634057879447937,-18.71910285949707,-0.3267099779177094,-70.5054931640625,-1.230552996455245,83.0677490234375,1.4498057226792886,78.8275375366211,1.3758000712534584,89.12206268310547,1.555473429988962,0.14634057879447937,0.0014634057879447937,False,False,0.0,0.0,0.0,0.0,0.0,10.537857055664062,10.537857055664062,0.0,0.0,0.0,0.0,0.0,0.0,0.0,0.0,0.0
8,521,19.85918995400425,19.87161793501582,False,-19.736263275146484,-0.3444627821445465,-68.0,-1.186823844909668,80.65933990478516,1.4077709913253784,79.42857360839844,1.3862900733947754,88.70330047607422,1.5481646060943604,0.7554945054945055,0.007554945054945055,-0.33757442235946655,-1.3686764240264893,1.41114342212677,1.3760027885437012,1.561195731163025,0.0022781938314437866,-19.341588973999023,-0.33757441016371487,-72.0,-1.2566370614359172,80.85255432128906,1.4111432815540634,78.83914947509766,1.3760027378124133,89.44992065429688,1.561195631065161,0.22781938314437866,0.0022781938314437866,False,False,0.0,0.0,0.0,0.0,0.0,6.419380187988281,6.419380187988281,0.0,0.0,0.0,0.0,0.0,0.0,0.0,0.0,0.0
8,522,19.892697805073112,19.904933818033896,False,-19.560440063476562,-0.3413940668106079,-69.67032623291016,-1.215976595878601,82.15384674072266,1.4338550567626953,78.9011001586914,1.3770840167999268,89.05494689941406,1.5543019771575928,0.7554945054945055,0.007554945054945055,-0.3396858274936676,-1.3811404705047607,1.4122000932693481,1.3760147094726562,1.553483009338379,0.002951785922050476,-19.462562561035156,-0.3396857975654433,-73.67032623291016,-1.2857897537826333,80.91310119628906,1.4122000238746069,78.83982849121094,1.376014588879264,89.00801849365234,1.553482983390237,0.2951785922050476,0.002951785922050476,False,False,0.0,0.0,0.0,0.0,0.0,5.463188171386719,5.463188171386719,0.0,0.0,0.0,0.0,0.0,0.0,0.0,0.0,0.0
8,523,19.92632853705436,19.938537330017425,False,-19.296703338623047,-0.3367910087108612,-70.02198028564453,-1.222114086151123,82.76923370361328,1.4445956945419312,78.72527313232422,1.374015212059021,89.05494689941406,1.5543019771575928,0.7554945054945055,0.007554945054945055,-0.3397299349308014,-1.3426071405410767,1.3966870307922363,1.3767493963241577,1.5604041814804077,0.0016871169209480286,-19.465089797973633,-0.33972990617099774,-74.02198028564453,-1.2919272748308297,80.0242691040039,1.3966869773668407,78.88192749023438,1.376749355024017,89.40457153320312,1.5604041395891894,0.16871169209480286,0.0016871169209480286,False,False,0.0,0.0,0.0,0.0,0.0,2.9037399291992188,2.9037399291992188,0.0,0.0,0.0,0.0,0.0,0.0,0.0,0.0,0.0
8,524,19.95967886201106,19.972127233981155,False,-19.208791732788086,-0.3352566659450531,-70.81318664550781,-1.2359232902526855,82.68132019042969,1.4430612325668335,78.9011001586914,1.3770840167999268,89.05494689941406,1.5543019771575928,0.7554945054945055,0.007554945054945055,-0.3424057960510254,-1.344649076461792,1.385258436203003,1.3768013715744019,1.551322340965271,0.0028173476457595825,-19.618406295776367,-0.34240578385528214,-74.81318664550781,-1.3057364308731632,79.36946105957031,1.3852584210229293,78.88490295410156,1.3768012866652737,88.88421630859375,1.551322227639801,0.28173476457595825,0.0028173476457595825,False,False,0.0,0.0,0.0,0.0,0.0,2.229522705078125,2.229522705078125,0.0,0.0,0.0,0.0,0.0,0.0,0.0,0.0,0.0
8,525,19.993541463045403,20.007049793028273,False,-19.208791732788086,-0.3352566659450531,-72.3956069946289,-1.2635416984558105,82.68132019042969,1.4430612325668335,79.34066009521484,1.3847557306289673,89.05494689941406,1.5543019771575928,0.7554945054945055,0.007554945054945055,-0.34115177392959595,-1.2941051721572876,1.334790587425232,1.3793357610702515,1.5574078559875488,0.0034585371613502502,-19.54655647277832,-0.3411517678769911,-74.14675903320312,-1.294105074812242,78.68132019042969,1.3732480971388898,79.03011322021484,1.3793356839166475,89.23289489746094,1.5574078170467411,0.345853716135025,0.0034585371613502502,False,False,0.0,0.0,0.0,0.0,0.0,0.0,0.0,0.0,2.203460693359375,2.203460693359375,0.0,0.0,0.0,0.0,0.0,0.0
8,526,20.026852239039727,20.03856147103943,False,-19.208791732788086,-0.3352566659450531,-73.45054626464844,-1.2819538116455078,82.5934066772461,1.4415268898010254,79.42857360839844,1.3862900733947754,88.70330047607422,1.5481646060943604,0.7554945054945055,0.007554945054945055,-0.350267618894577,-1.104356288909912,1.1794118881225586,1.3848729133605957,1.5573458671569824,0.003229483962059021,-20.06885528564453,-0.35026760184076416,-69.45054626464844,-1.2121406996267643,78.5934066772461,1.3717137168768407,79.34736633300781,1.3848727952970856,89.22933959960938,1.5573457653933425,0.3229483962059021,0.003229483962059021,False,False,0.0,0.0,0.0,0.0,0.0,6.175594329833984,6.175594329833984,0.0,11.018089294433594,11.018089294433594,0.0,0.0,0.0,0.0,0.0,0.0
8,527,20.060282111051492,20.09462174004875,False,-19.208791732788086,-0.3352566659450531,-73.62637329101562,-1.2850226163864136,82.5934066772461,1.4415268898010254,79.42857360839844,1.3862900733947754,88.70330047607422,1.5481646060943604,0.7554945054945055,0.007554945054945055,-0.3585077226161957,-0.9675885438919067,1.0734752416610718,1.384419560432434,1.543006181716919,0.003838449716567993,-20.540977478027344,-0.3585076885695783,-69.62637329101562,-1.2152094601508627,78.5934066772461,1.3717137168768407,79.32139587402344,1.3844195252795541,88.4077377319336,1.5430061076618653,0.3838449716567993,0.003838449716567993,False,False,0.0,0.0,0.0,0.0,0.0,14.187637329101562,14.187637329101562,0.0,17.087810516357422,17.087810516357422,0.0,0.0,0.0,0.0,0.0,0.0
8,528,20.095975344069302,20.109214219031855,False,-19.208791732788086,-0.3352566659450531,-73.53845977783203,-1.2834882736206055,82.5934066772461,1.4415268898010254,79.51648712158203,1.387824535369873,88.70330047607422,1.5481646060943604,0.7554945054945055,0.007554945054945055,-0.3503367006778717,-1.0301352739334106,1.112282156944275,1.3856399059295654,1.5614665746688843,0.0019941776990890503,-20.072813034057617,-0.3503366775815381,-69.53845977783203,-1.2136750798888134,78.5934066772461,1.3717137168768407,79.39131164550781,1.3856397856910285,89.46543884277344,1.561466474548022,0.19941776990890503,0.0019941776990890503,False,False,0.0,0.0,0.0,0.0,0.0,10.516059875488281,10.516059875488281,0.0,14.864337921142578,14.864337921142578,0.0,0.0,0.0,0.0,0.0,0.0
8,529,20.1298495370429,20.141124321962707,False,-19.560440063476562,-0.3413940668106079,-72.30769348144531,-1.2620073556900024,82.5054931640625,1.4399925470352173,79.42857360839844,1.3862900733947754,88.70330047607422,1.5481646060943604,0.7554945054945055,0.007554945054945055,-0.34691429138183594,-1.0433032512664795,1.1190247535705566,1.3838229179382324,1.5498552322387695,0.002732783555984497,-19.876724243164062,-0.3469142825541909,-68.30769348144531,-1.1921941556942888,78.5054931640625,1.3701793366147916,79.2872085571289,1.383822844037322,88.80015563964844,1.5498550921952765,0.2732783555984497,0.002732783555984497,False,False,0.0,0.0,0.0,0.0,0.0,8.53082275390625,8.53082275390625,0.0,14.390098571777344,14.390098571777344,0.0,0.0,0.0,0.0,0.0,0.0
8,530,20.163080975064076,20.17349621199537,False,-20.175825119018555,-0.3521345853805542,-71.07691955566406,-1.2405261993408203,82.4175796508789,1.4384580850601196,79.07691955566406,1.3801525831222534,89.05494689941406,1.5543019771575928,0.7554945054945055,0.007554945054945055,-0.34935683012008667,-1.0202527046203613,1.0832293033599854,1.3822808265686035,1.5545940399169922,0.0036210864782333374,-20.01667022705078,-0.34935680074795705,-67.07691955566406,-1.1707130983417098,78.4175796508789,1.3686449563527423,79.1988525390625,1.3822807406081117,89.07167053222656,1.5545939210389634,0.36210864782333374,0.0036210864782333374,False,False,0.0,0.0,0.0,0.0,0.0,8.620750427246094,8.620750427246094,0.0,16.35311508178711,16.35311508178711,0.0,0.0,0.0,0.0,0.0,0.0
8,531,20.19686996296514,20.2087020999752,False,-20.263736724853516,-0.3536689281463623,-69.84615325927734,-1.2190452814102173,82.15384674072266,1.4338550567626953,78.989013671875,1.3786183595657349,89.05494689941406,1.5543019771575928,0.7554945054945055,0.007554945054945055,-0.3529951572418213,-0.9494708776473999,1.0393439531326294,1.3820677995681763,1.5478421449661255,0.0031267479062080383,-20.22513198852539,-0.35299514485019606,-65.84615325927734,-1.1492321741471851,78.15384674072266,1.3640419487246493,79.1866455078125,1.3820676877209053,88.684814453125,1.5478420087272857,0.31267479062080383,0.0031267479062080383,False,False,0.0,0.0,0.0,0.0,0.0,11.445480346679688,11.445480346679688,0.0,18.60382843017578,18.60382843017578,0.0,0.0,0.0,0.0,0.0,0.0
8,532,20.230124338064343,20.241315503022633,False,-20.175825119018555,-0.3521345853805542,-69.5824203491211,-1.2144423723220825,82.06593322753906,1.4323207139968872,78.989013671875,1.3786183595657349,89.05494689941406,1.5543019771575928,0.7554945054945055,0.007554945054945055,-0.351363867521286,-1.0018032789230347,1.0686674118041992,1.3849610090255737,1.5469765663146973,0.002743244171142578,-20.13166618347168,-0.35136385881398163,-65.5824203491211,-1.1446291665190922,78.06593322753906,1.3625075684626002,79.3524169921875,1.3849609459291674,88.63522338867188,1.5469764813730098,0.2743244171142578,0.002743244171142578,False,False,0.0,0.0,0.0,0.0,0.0,8.18332290649414,8.18332290649414,0.0,16.835803985595703,16.835803985595703,0.0,0.0,0.0,0.0,0.0,0.0
8,533,20.26354566705413,20.276619278010912,False,-19.91208839416504,-0.3475314974784851,-68.61538696289062,-1.1975643634796143,81.71428680419922,1.4261833429336548,78.989013671875,1.3786183595657349,89.05494689941406,1.5543019771575928,0.7554945054945055,0.007554945054945055,-0.3465033173561096,-0.994511604309082,1.071731686592102,1.3822234869003296,1.5519835948944092,0.0017087385058403015,-19.85317611694336,-0.3465032902189644,-64.61538696289062,-1.1277512499526605,77.71428680419922,1.3563701805724582,79.19556427001953,1.3822233494866203,88.92210388183594,1.5519834905384677,0.17087385058403015,0.0017087385058403015,False,False,0.0,0.0,0.0,0.0,0.0,7.634071350097656,7.634071350097656,0.0,16.30858612060547,16.30858612060547,0.0,0.0,0.0,0.0,0.0,0.0
8,534,20.296909788972698,20.308570271008648,False,-19.824174880981445,-0.3459971249103546,-67.47252655029297,-1.1776177883148193,81.53845977783203,1.423114538192749,78.9011001586914,1.3770840167999268,88.96703338623047,1.5527676343917847,0.7554945054945055,0.007554945054945055,-0.3420622646808624,-0.9286565780639648,1.0023208856582642,1.3844763040542603,1.5633150339126587,0.005081631243228912,-19.598722457885742,-0.3420622360746619,-63.47252655029297,-1.1078045728621304,77.53845977783203,1.35330142004836,79.32464599609375,1.3844762506107728,89.57135009765625,1.563314974660646,0.5081631243228912,0.005081631243228912,False,False,0.0,0.0,0.0,0.0,0.0,10.264427185058594,10.264427185058594,0.0,20.10970687866211,20.10970687866211,0.0,0.0,0.0,0.0,0.0,0.0
8,535,20.33157790300902,20.343767952057533,False,-19.824174880981445,-0.3459971249103546,-66.76923370361328,-1.165342926979065,81.36264038085938,1.4200459718704224,78.81318664550781,1.375549554824829,89.05494689941406,1.5543019771575928,0.7554945054945055,0.007554945054945055,-0.3418833315372467,-0.8502070903778076,0.9386093616485596,1.386353611946106,1.5495891571044922,0.003735385835170746,-19.588470458984375,-0.3418833049389222,-62.76923370361328,-1.0955297970818463,77.36264038085938,1.350232792682316,79.43220520019531,1.3863535128631699,88.784912109375,1.5495890424023775,0.3735385835170746,0.003735385835170746,False,False,0.0,0.0,0.0,0.0,0.0,14.055957794189453,14.055957794189453,0.0,23.58428955078125,23.58428955078125,0.0,0.0,0.0,0.0,0.0,0.0
8,536,20.36466433003079,20.375006612041034,False,-19.824174880981445,-0.3459971249103546,-65.71428680419922,-1.1469306945800781,81.010986328125,1.4139084815979004,78.81318664550781,1.375549554824829,89.05494689941406,1.5543019771575928,0.7554945054945055,0.007554945054945055,-0.3461369276046753,-0.7628313302993774,0.8667585849761963,1.3881831169128418,1.5445280075073242,0.003548234701156616,-19.832183837890625,-0.34613690583199674,-61.71428680419922,-1.0771175002533655,77.010986328125,1.3440952716341195,79.53703308105469,1.3881831045320543,88.49493408203125,1.544527971066791,0.3548234701156616,0.003548234701156616,False,False,0.0,0.0,0.0,0.0,0.0,18.007274627685547,18.007274627685547,0.0,27.349380493164062,27.349380493164062,0.0,0.0,0.0,0.0,0.0,0.0
8,537,20.398061610991135,20.408607101999223,False,-19.824174880981445,-0.3459971249103546,-64.74725341796875,-1.1300526857376099,80.74725341796875,1.409305453300476,78.81318664550781,1.375549554824829,89.05494689941406,1.5543019771575928,0.7554945054945055,0.007554945054945055,-0.3502048850059509,-0.6726843118667603,0.7918902635574341,1.389685034751892,1.5397330522537231,0.004590824246406555,-20.06525993347168,-0.35020485110757915,-60.74725341796875,-1.0602395836869338,76.74725341796875,1.3394922640060265,79.62308502197266,1.3896849942288043,88.22019958496094,1.5397329495241034,0.4590824246406555,0.004590824246406555,False,False,0.0,0.0,0.0,0.0,0.0,22.205284118652344,22.205284118652344,0.0,31.375286102294922,31.375286102294922,0.0,0.0,0.0,0.0,0.0,0.0
8,538,20.43216200498864,20.44239912799094,False,-19.824174880981445,-0.3459971249103546,-63.9560432434082,-1.1162434816360474,80.48351287841797,1.4047023057937622,78.81318664550781,1.375549554824829,89.05494689941406,1.5543019771575928,0.7554945054945055,0.007554945054945055,-0.35429733991622925,-0.5796730518341064,0.7231834530830383,1.3926705121994019,1.531456708908081,0.004107177257537842,-20.299741744995117,-0.35429733075470393,-59.9560432434082,-1.0464303610655732,76.48351287841797,1.334889123219879,79.79413604736328,1.3926703978107833,87.74600219726562,1.5314566438044641,0.4107177257537842,0.004107177257537842,False,False,0.0,0.0,0.0,0.0,0.0,26.74322509765625,26.74322509765625,0.0,35.04815673828125,35.04815673828125,0.0,0.0,0.0,0.0,0.0,0.0
8,539,20.46529655600898,20.47580087906681,False,-19.824174880981445,-0.3459971249103546,-62.989009857177734,-1.0993655920028687,80.21977996826172,1.400099277496338,78.81318664550781,1.375549554824829,88.87911987304688,1.5512332916259766,0.7554945054945055,0.007554945054945055,-0.35296711325645447,-0.49898990988731384,0.6675828695297241,1.3909258842468262,1.5337384939193726,0.004129454493522644,-20.22352409362793,-0.35296708179020936,-58.989009857177734,-1.0295524444991415,76.21977996826172,1.330286115591786,79.69417572021484,1.3909257609806722,87.87673950195312,1.533738440226444,0.4129454493522644,0.004129454493522644,False,False,0.0,0.0,0.0,0.0,0.0,30.39899444580078,30.398996353149414,0.0,37.97010040283203,37.97010040283203,0.0,0.0,0.0,0.0,0.0,0.0
8,540,20.49927716003731,20.662740597035736,False,-19.824174880981445,-0.3459971249103546,-61.758243560791016,-1.0778846740722656,79.86813354492188,1.3939619064331055,78.9011001586914,1.3770840167999268,88.70330047607422,1.5481646060943604,0.7554945054945055,0.007554945054945055,-0.35995274782180786,-1.2619136571884155,1.360228419303894,1.3735136985778809,1.548282504081726,0.0005532652139663696,-20.62377166748047,-0.35995271977705534,-65.75823974609375,-1.147697793885136,77.93534088134766,1.360228302043656,78.696533203125,1.3735136142995708,88.71004486083984,1.5482823624135302,0.05532652139663696,0.0005532652139663696,False,False,0.0,0.0,0.0,0.0,0.0,6.544078826904297,6.5440826416015625,0.0,0.0,0.0,0.0,0.0,0.0,0.0,0.0,0.0
8,541,20.664206049987115,20.676193149993196,False,-20.0,-0.3490658402442932,-59.912086486816406,-1.0456631183624268,79.34066009521484,1.3847557306289673,78.989013671875,1.3786183595657349,88.61538696289062,1.5466302633285522,0.7554945054945055,0.007554945054945055,-0.36975085735321045,-1.094416618347168,1.1969982385635376,1.3765274286270142,1.544506311416626,-0.00022924691438674927,-21.185161590576172,-0.3697508223225931,-62.705448150634766,-1.094416529167166,75.34066009521484,1.3149425792874037,78.86920928955078,1.376527380547159,88.49369049072266,1.5445062663039069,0.0,0.0,True,False,0.022924691438674927,0.0,0.0,0.0,0.0,0.0,0.0,0.0,6.757713317871094,6.757713317871094,0.0,0.0,0.0,0.0,0.0,0.0
8,542,20.69752842001617,20.708986017969437,False,-20.0,-0.3490658402442932,-59.736263275146484,-1.0425944328308105,79.34066009521484,1.3847557306289673,78.989013671875,1.3786183595657349,88.61538696289062,1.5466302633285522,0.7554945054945055,0.007554945054945055,-0.3694615960121155,-0.904426097869873,1.048669695854187,1.3805818557739258,1.5501399040222168,0.00046519190073013306,-21.168588638305664,-0.36946156973869687,-55.736263275146484,-0.9727813069097043,75.34066009521484,1.3149425792874037,79.10150909423828,1.3805817769906956,88.81646728515625,1.550139784115806,0.046519190073013306,0.00046519190073013306,False,False,0.0,0.0,0.0,0.0,0.0,3.9164695739746094,3.9164695739746094,0.0,15.256317138671875,15.256317138671875,0.0,0.0,0.0,0.0,0.0,0.0
8,543,20.731694955029525,20.74291730800178,False,-20.52747344970703,-0.358271986246109,-59.82417678833008,-1.0441288948059082,79.34066009521484,1.3847557306289673,78.9011001586914,1.3770840167999268,88.52747344970703,1.5450959205627441,0.7554945054945055,0.007554945054945055,-0.3638900816440582,-0.8645886182785034,0.9916118383407593,1.3849204778671265,1.5515841245651245,0.00046291202306747437,-20.849365234375,-0.363890070290683,-55.82417678833008,-0.9743156871717535,75.34066009521484,1.3149425792874037,79.35009765625,1.3849204658805983,88.89921569824219,1.551584016374956,0.046291202306747437,0.00046291202306747437,False,False,0.0,0.0,0.0,0.0,0.0,6.286899566650391,6.286899566650391,0.0,18.525489807128906,18.525489807128906,0.0,0.0,0.0,0.0,0.0,0.0
8,544,20.766757637960836,20.77893650101032,False,-21.230770111083984,-0.3705468475818634,-60.879119873046875,-1.062541127204895,78.989013671875,1.3786183595657349,79.42857360839844,1.3862900733947754,88.52747344970703,1.5450959205627441,0.7554945054945055,0.007554945054945055,-0.3764663338661194,-0.8028437495231628,0.9204447269439697,1.38223397731781,1.5389606952667236,0.0008366256952285767,-21.569931030273438,-0.37646631590636415,-56.879119873046875,-0.992727917421207,74.989013671875,1.3088051913972614,79.1961669921875,1.382233868972926,88.17594909667969,1.5389606328079803,0.08366256952285767,0.0008366256952285767,False,False,0.0,0.0,0.0,0.0,0.0,10.879562377929688,10.879562377929688,0.0,22.251419067382812,22.251419067382812,0.0,0.0,0.0,0.0,0.0,0.0
8,545,20.799001801991835,20.81266765005421,False,-21.05494499206543,-0.3674781024456024,-61.758243560791016,-1.0778846740722656,78.72527313232422,1.374015212059021,79.6043930053711,1.3893587589263916,88.52747344970703,1.5450959205627441,0.7554945054945055,0.007554945054945055,-0.3777150809764862,-0.7256215810775757,0.8482295870780945,1.3823291063308716,1.5377976894378662,0.000766456127166748,-21.6414794921875,-0.3777150721415023,-57.758243560791016,-1.0080715203046169,74.72527313232422,1.304202050611114,79.20162200927734,1.3823290769818966,88.10931396484375,1.5377976303599428,0.0766456127166748,0.000766456127166748,False,False,0.0,0.0,0.0,0.0,0.0,16.18319320678711,16.18319320678711,0.0,26.125301361083984,26.125301361083984,0.0,0.0,0.0,0.0,0.0,0.0
8,546,20.832438074052334,20.843093695002608,False,-20.703296661376953,-0.3613407015800476,-60.35165023803711,-1.0533349514007568,78.28571319580078,1.3663434982299805,79.51648712158203,1.387824535369873,88.17582702636719,1.5389585494995117,0.7554945054945055,0.007554945054945055,-0.3711007535457611,-0.6724679470062256,0.8143388032913208,1.3862066268920898,1.5405597686767578,0.0008328184485435486,-21.26250648498535,-0.37110074538964066,-56.35165023803711,-0.9835218355859939,74.28571319580078,1.2965302824589227,79.42378234863281,1.3862065063709974,88.26757049560547,1.5405597278845184,0.08328184485435486,0.0008328184485435486,False,False,0.0,0.0,0.0,0.0,0.0,17.822078704833984,17.822078704833984,0.0,27.627540588378906,27.627540588378906,0.0,0.0,0.0,0.0,0.0,0.0
8,547,20.86565332603641,20.87719228398055,False,-20.96703338623047,-0.3659437596797943,-58.241756439208984,-1.0165103673934937,78.02198028564453,1.3617404699325562,79.6043930053711,1.3893587589263916,88.0879135131836,1.537424087524414,0.7554945054945055,0.007554945054945055,-0.3732742667198181,-0.5819099545478821,0.7361834049224854,1.3859339952468872,1.5425465106964111,0.0014803782105445862,-21.387039184570312,-0.3732742510237952,-54.241756439208984,-0.9466972419290323,74.02198028564453,1.2919272748308297,79.40816497802734,1.3859339318334278,88.38140106201172,1.5425464460577176,0.14803782105445862,0.0014803782105445862,False,False,0.0,0.0,0.0,0.0,0.0,20.900772094726562,20.900772094726562,0.0,31.841781616210938,31.841781616210938,0.0,0.0,0.0,0.0,0.0,0.0
8,548,20.899213803000748,20.91086742596235,False,-21.670330047607422,-0.3782186210155487,-57.36263656616211,-1.001166820526123,77.93406677246094,1.3602060079574585,79.6043930053711,1.3893587589263916,88.17582702636719,1.5389585494995117,0.7554945054945055,0.007554945054945055,-0.37408819794654846,-0.5331189632415771,0.7121506929397583,1.3876084089279175,1.5503038167953491,0.0008080825209617615,-21.433673858642578,-0.3740881796319507,-53.36263656616211,-0.9313537056246497,73.93406677246094,1.2903928945687806,79.50410461425781,1.3876083943688151,88.82585906982422,1.5503037016809003,0.08080825209617615,0.0008080825209617615,False,False,0.0,0.0,0.0,0.0,0.0,22.817171096801758,22.817171096801758,0.0,33.13084030151367,33.13084030151367,0.0,0.0,0.0,0.0,0.0,0.0
8,549,20.933604734018445,20.94708727498073,False,-21.670330047607422,-0.3782186210155487,-57.098899841308594,-0.9965637922286987,77.67032623291016,1.3556028604507446,79.6043930053711,1.3893587589263916,88.43955993652344,1.5435614585876465,0.7554945054945055,0.007554945054945055,-0.37408268451690674,-0.5551426410675049,0.7153615951538086,1.3876900672912598,1.5446052551269531,0.0005843117833137512,-21.43335723876953,-0.3740826535726888,-53.098899841308594,-0.9267506314175296,73.67032623291016,1.2857897537826333,79.50878143310547,1.3876900202562261,88.49935913085938,1.5446052027384034,0.05843117833137512,0.0005843117833137512,False,False,0.0,0.0,0.0,0.0,0.0,21.29157066345215,21.29157066345215,0.0,32.683128356933594,32.683128356933594,0.0,0.0,0.0,0.0,0.0,0.0
8,550,20.966718040057458,20.977388652972877,False,-21.406593322753906,-0.3736155331134796,-55.868133544921875,-0.9750828742980957,77.31867980957031,1.3494654893875122,79.42857360839844,1.3862900733947754,88.26373291015625,1.5404927730560303,0.7554945054945055,0.007554945054945055,-0.37617912888526917,-0.5805515050888062,0.7231920957565308,1.3871691226959229,1.549574375152588,0.0015055090188980103,-21.55347442626953,-0.37617909398279914,-51.868133544921875,-0.9052697072230049,73.31867980957031,1.279652365892491,79.47893524169922,1.3871691059470066,88.78406524658203,1.5495742618583277,0.15055090188980103,0.0015055090188980103,False,False,0.0,0.0,0.0,0.0,0.0,18.604984283447266,18.604984283447266,0.0,31.882827758789062,31.882827758789062,0.0,0.0,0.0,0.0,0.0,0.0
8,551,21.000150399981067,21.01063506898936,False,-21.14285659790039,-0.3690124452114105,-54.28571319580078,-0.9474644064903259,77.05494689941406,1.344862461090088,79.6043930053711,1.3893587589263916,88.17582702636719,1.5389585494995117,0.7554945054945055,0.007554945054945055,-0.37481313943862915,-0.56367027759552,0.7221271395683289,1.386695384979248,1.5494303703308105,0.0016834437847137451,-21.475210189819336,-0.37481312537018385,-50.28571319580078,-0.8776512619802836,73.05494689941406,1.275049358264398,79.45178985595703,1.3866953295890814,88.77581787109375,1.5494303180014088,0.1683443784713745,0.0016834437847137451,False,False,0.0,0.0,0.0,0.0,0.0,17.989788055419922,17.989788055419922,0.0,31.680110931396484,31.680110931396484,0.0,0.0,0.0,0.0,0.0,0.0
8,552,21.033622105023824,21.044063281966373,False,-21.14285659790039,-0.3690124452114105,-53.4945068359375,-0.9336552619934082,76.87911987304688,1.3417937755584717,79.6043930053711,1.3893587589263916,88.17582702636719,1.5389585494995117,0.7554945054945055,0.007554945054945055,-0.3725735545158386,-0.5344027876853943,0.6898790597915649,1.3846155405044556,1.541638731956482,0.0017002448439598083,-21.346891403198242,-0.37257354005148174,-49.4945068359375,-0.8638421059379503,72.87911987304688,1.2719805977402998,79.3326187133789,1.3846154007777296,88.32939147949219,1.541638707600164,0.17002448439598083,0.0017002448439598083,False,False,0.0,0.0,0.0,0.0,0.0,18.875484466552734,18.875484466552734,0.0,33.35196304321289,33.35196304321289,0.0,0.0,0.0,0.0,0.0,0.0
8,553,21.06693292199634,21.080674475058913,False,-21.14285659790039,-0.3690124452114105,-52.96703338623047,-0.9244491457939148,76.79120635986328,1.3402594327926636,79.6043930053711,1.3893587589263916,88.17582702636719,1.5389585494995117,0.7554945054945055,0.007554945054945055,-0.3668457269668579,-0.5273780226707458,0.7099695205688477,1.3848114013671875,1.547969937324524,0.0016593188047409058,-21.01871109008789,-0.36684571304748015,-48.96703338623047,-0.8546359575237099,72.79120635986328,1.2704462174782507,79.34384155273438,1.3848112762759048,88.692138671875,1.5479698404596094,0.16593188047409058,0.0016593188047409058,False,False,0.0,0.0,0.0,0.0,0.0,18.750499725341797,18.750499725341797,0.0,32.112953186035156,32.112953186035156,0.0,0.0,0.0,0.0,0.0,0.0
8,554,21.100720689981245,21.111207828042097,False,-21.230770111083984,-0.3705468475818634,-51.47252655029297,-0.8983650803565979,76.43955993652344,1.3341219425201416,79.6043930053711,1.3893587589263916,88.17582702636719,1.5389585494995117,0.7554945054945055,0.007554945054945055,-0.376389741897583,-0.6028328537940979,0.7594641447067261,1.3836416006088257,1.546406865119934,0.0035457685589790344,-21.565542221069336,-0.37638971673551075,-47.47252655029297,-0.8285518925430377,72.43955993652344,1.2643088295881086,79.27681732177734,1.3836414827670875,88.60258483886719,1.5464068312158419,0.35457685589790344,0.0035457685589790344,False,False,0.0,0.0,0.0,0.0,0.0,12.932750701904297,12.932750701904297,0.0,28.925472259521484,28.925472259521484,0.0,0.0,0.0,0.0,0.0,0.0
8,555,21.13397993601393,21.144446715014055,False,-21.230770111083984,-0.3705468475818634,-50.32966995239258,-0.8784184455871582,76.17582702636719,1.3295190334320068,79.6043930053711,1.3893587589263916,88.17582702636719,1.5389585494995117,0.7554945054945055,0.007554945054945055,-0.370151162147522,-0.6098194122314453,0.7869424223899841,1.3802798986434937,1.5428909063339233,0.0032914578914642334,-21.208097457885742,-0.3701511287239456,-46.32966995239258,-0.808605282031535,72.17582702636719,1.2597058219600157,79.0842056274414,1.3802797745230806,88.40113067626953,1.5428907927866649,0.32914578914642334,0.0032914578914642334,False,False,0.0,0.0,0.0,0.0,0.0,11.389595031738281,11.389595031738281,0.0,27.08734893798828,27.08734893798828,0.0,0.0,0.0,0.0,0.0,0.0
8,556,21.16737155301962,21.17770983907394,False,-21.14285659790039,-0.3690124452114105,-49.626373291015625,-0.8661435842514038,75.9120864868164,1.324915885925293,79.6043930053711,1.3893587589263916,88.17582702636719,1.5389585494995117,0.7554945054945055,0.007554945054945055,-0.37709522247314453,-0.5988167524337769,0.7893476486206055,1.3781278133392334,1.5462793111801147,0.0038165226578712463,-21.6059627532959,-0.37709518810827275,-45.626373291015625,-0.7963304396722236,71.9120864868164,1.2551026811738681,78.96089935302734,1.3781276740461876,88.59527587890625,1.5462792657996272,0.38165226578712463,0.0038165226578712463,False,False,0.0,0.0,0.0,0.0,0.0,11.316703796386719,11.316703796386719,0.0,26.68579864501953,26.68579864501953,0.0,0.0,0.0,0.0,0.0,0.0
8,557,21.201181079959497,21.21141325403005,False,-21.14285659790039,-0.3690124452114105,-49.098899841308594,-0.8569374680519104,75.73626708984375,1.3218472003936768,79.42857360839844,1.3862900733947754,88.17582702636719,1.5389585494995117,0.7554945054945055,0.007554945054945055,-0.37481141090393066,-0.6085234880447388,0.7987837791442871,1.3805837631225586,1.5449799299240112,0.0028971880674362183,-21.47511100769043,-0.3748113943154753,-45.098899841308594,-0.7871242912579831,71.73626708984375,1.2520340538078243,79.10161590576172,1.3805836412034587,88.52082824707031,1.5449799095037775,0.2897188067436218,0.0028971880674362183,False,False,0.0,0.0,0.0,0.0,0.0,10.233074188232422,10.233074188232422,0.0,25.969329833984375,25.969329833984375,0.0,0.0,0.0,0.0,0.0,0.0
8,558,21.23608184698969,21.271202018018812,False,-21.230770111083984,-0.3705468475818634,-47.16483688354492,-0.823181688785553,75.29669952392578,1.3141753673553467,79.6043930053711,1.3893587589263916,88.17582702636719,1.5389585494995117,0.7554945054945055,0.007554945054945055,-0.37404894828796387,-0.6171687841415405,0.8034101724624634,1.3785490989685059,1.544008493423462,0.0037644729018211365,-21.431425094604492,-0.37404893129538563,-43.16483688354492,-0.7533685247041471,71.29669952392578,1.2443621524975785,78.98503875732422,1.3785489861306381,88.46516418457031,1.5440083883381166,0.37644729018211365,0.0037644729018211365,False,False,0.0,0.0,0.0,0.0,0.0,7.803672790527344,7.803672790527344,0.0,25.264690399169922,25.264690399169922,0.0,0.0,0.0,0.0,0.0,0.0
8,559,21.272656350047328,21.285800619982183,False,-21.318681716918945,-0.3720811903476715,-46.28571319580078,-0.8078380823135376,75.12088012695312,1.3111066818237305,79.42857360839844,1.3862900733947754,88.17582702636719,1.5389585494995117,0.7554945054945055,0.007554945054945055,-0.3744456171989441,-0.6042288541793823,0.7948319911956787,1.3782434463500977,1.536254644393921,0.0032324641942977905,-21.454153060913086,-0.37444560913975294,-42.28571319580078,-0.7380249218207373,71.12088012695312,1.2412935251315347,78.967529296875,1.3782433883955514,88.02090454101562,1.536254594824351,0.32324641942977905,0.0032324641942977905,False,False,0.0,0.0,0.0,0.0,0.0,7.665950775146484,7.665950775146484,0.0,25.580364227294922,25.580364227294922,0.0,0.0,0.0,0.0,0.0,0.0
8,560,21.306187732028775,21.317974230041727,False,-21.318681716918945,-0.3720811903476715,-45.93406677246094,-0.8017007112503052,74.85713958740234,1.3065035343170166,79.6043930053711,1.3893587589263916,88.17582702636719,1.5389585494995117,0.7554945054945055,0.007554945054945055,-0.35935959219932556,-0.5751035213470459,0.74636310338974,1.3772169351577759,1.529342770576477,0.0038783475756645203,-20.589786529541016,-0.35935956722326745,-41.93406677246094,-0.7318875339305951,70.85713958740234,1.2366903843453874,78.9087142944336,1.3772168729533805,87.6248779296875,1.5293426265311592,0.387834757566452,0.0038783475756645203,False,False,0.0,0.0,0.0,0.0,0.0,8.983062744140625,8.983062744140625,0.0,28.093685150146484,28.093685150146484,0.0,0.0,0.0,0.0,0.0,0.0
8,561,21.33967723301612,21.351335042039864,False,-21.318681716918945,-0.3720811903476715,-45.05494689941406,-0.7863571643829346,74.5054931640625,1.3003661632537842,79.42857360839844,1.3862900733947754,88.17582702636719,1.5389585494995117,0.7554945054945055,0.007554945054945055,-0.3634835481643677,-0.515283465385437,0.7124083042144775,1.37956964969635,1.5294345617294312,0.00350034236907959,-20.826072692871094,-0.3634835387502824,-41.05494689941406,-0.7165439976262127,70.5054931640625,1.230552996455245,79.04351043701172,1.3795695094603564,87.63014221191406,1.529434505588767,0.350034236907959,0.00350034236907959,False,False,0.0,0.0,0.0,0.0,0.0,11.531381607055664,11.531381607055664,0.0,29.68750762939453,29.68750762939453,0.0,0.0,0.0,0.0,0.0,0.0
8,562,21.37313623703085,21.384677223977633,False,-21.318681716918945,-0.3720811903476715,-43.64834976196289,-0.761807382106781,74.15384674072266,1.2942287921905518,79.42857360839844,1.3862900733947754,88.17582702636719,1.5389585494995117,0.7554945054945055,0.007554945054945055,-0.3661152720451355,-0.5356566905975342,0.7208251357078552,1.3808228969573975,1.536168098449707,0.0040540918707847595,-20.976858139038086,-0.36611524124998507,-39.64834976196289,-0.6919942463285624,70.15384674072266,1.224415608565103,79.11531829833984,1.3808227930693477,88.01594543457031,1.5361680420889232,0.40540918707847595,0.0040540918707847595,False,False,0.0,0.0,0.0,0.0,0.0,8.957483291625977,8.957483291625977,0.0,28.85361099243164,28.85361099243164,0.0,0.0,0.0,0.0,0.0,0.0
8,563,21.406485407962464,21.418724215007387,False,-21.318681716918945,-0.3720811903476715,-42.68132019042969,-0.7449295520782471,73.89010620117188,1.289625644683838,79.42857360839844,1.3862900733947754,88.17582702636719,1.5389585494995117,0.7554945054945055,0.007554945054945055,-0.36634862422943115,-0.5362157821655273,0.7165244817733765,1.3812395334243774,1.5362372398376465,0.0048012882471084595,-20.9902286529541,-0.36634860074050324,-38.68132019042969,-0.675116396341158,69.89010620117188,1.2198124677789557,79.13919067382812,1.3812394446218905,88.01990509033203,1.5362371511192108,0.48012882471084595,0.0048012882471084595,False,False,0.0,0.0,0.0,0.0,0.0,7.9584197998046875,7.9584197998046875,0.0,28.836280822753906,28.836280822753906,0.0,0.0,0.0,0.0,0.0,0.0
8,564,21.43987041397486,21.45177775202319,False,-21.14285659790039,-0.3690124452114105,-41.80219650268555,-0.7295859456062317,73.62637329101562,1.2850226163864136,79.16483306884766,1.3816869258880615,88.17582702636719,1.5389585494995117,0.7554945054945055,0.007554945054945055,-0.3648802638053894,-0.6647974252700806,0.796453595161438,1.3808043003082275,1.528109073638916,0.0038380473852157593,-20.906097412109375,-0.3648802335839744,-38.090084075927734,-0.6647973794864007,69.62637329101562,1.2152094601508627,79.1142578125,1.3808042840997716,87.55419921875,1.5281090503142345,0.3838047385215759,0.0038380473852157593,False,False,0.0,0.0,0.0,0.0,0.0,0.0,0.0,0.0,23.99294662475586,23.99294662475586,0.0,0.0,0.0,0.0,0.0,0.0
8,565,21.47327895706985,21.485174641013145,False,-21.14285659790039,-0.3690124452114105,-40.659339904785156,-0.7096393704414368,73.27472686767578,1.2788852453231812,79.16483306884766,1.3816869258880615,88.17582702636719,1.5389585494995117,0.7554945054945055,0.007554945054945055,-0.3671078085899353,-0.6981470584869385,0.8292427062988281,1.3757128715515137,1.5215671062469482,0.005424313247203827,-21.033727645874023,-0.3671078013882576,-40.000877380371094,-0.6981470139739998,69.27472686767578,1.2090720722607204,78.82254028320312,1.3757128527277582,87.17936706542969,1.5215669950964548,0.5424313247203827,0.005424313247203827,False,False,0.0,0.0,0.0,0.0,0.0,0.0,0.0,0.0,21.762622833251953,21.762622833251953,0.0,0.0,0.0,0.0,0.0,0.0
8,566,21.50682805897668,21.52005680196453,False,-21.14285659790039,-0.3690124452114105,-39.69230651855469,-0.6927614212036133,73.010986328125,1.2742820978164673,79.16483306884766,1.3816869258880615,88.0879135131836,1.537424087524414,0.7554945054945055,0.007554945054945055,-0.37229669094085693,-0.6481671333312988,0.799257755279541,1.3759557008743286,1.5051316022872925,0.004007577896118164,-21.33102798461914,-0.3722966711666544,-37.137237548828125,-0.6481670703223192,69.010986328125,1.2044689314745731,78.8364486694336,1.3759555998611188,86.23768615722656,1.5051315627451398,0.4007577896118164,0.004007577896118164,False,False,0.0,0.0,0.0,0.0,0.0,0.0,0.0,0.0,23.21689224243164,23.21689224243164,0.0,0.0,0.0,0.0,0.0,0.0
8,567,21.54019413597416,21.552854747045785,False,-21.230770111083984,-0.3705468475818634,-39.42856979370117,-0.6881583333015442,72.65933990478516,1.2681447267532349,79.34066009521484,1.3847557306289673,87.9120864868164,1.5343554019927979,0.7554945054945055,0.007554945054945055,-0.371924489736557,-0.7017956972122192,0.8293256163597107,1.3808581829071045,1.5145879983901978,0.0035477280616760254,-21.309701919555664,-0.37192446111480215,-40.209930419921875,-0.7017956778254628,68.65933990478516,1.198331543584431,79.11734008789062,1.3808580799537913,86.77949523925781,1.514587915143793,0.35477280616760254,0.0035477280616760254,False,False,0.0,0.0,0.0,0.0,0.0,0.0,0.0,0.0,21.142486572265625,21.142486572265625,0.0,0.0,0.0,0.0,0.0,0.0
8,568,21.573891939013265,21.58662201196421,False,-21.230770111083984,-0.3705468475818634,-39.516483306884766,-0.6896927356719971,72.3956069946289,1.2635416984558105,79.34066009521484,1.3847557306289673,87.64835357666016,1.5297523736953735,0.7554945054945055,0.007554945054945055,-0.376817524433136,-0.7198845744132996,0.8551033735275269,1.3783923387527466,1.5105209350585938,0.0036689117550849915,-21.59005355834961,-0.3768175202751184,-41.24634552001953,-0.7198845337395535,68.3956069946289,1.193728535956338,78.97605895996094,1.378392259100487,86.54647064208984,1.5105208686850786,0.36689117550849915,0.0036689117550849915,False,False,0.0,0.0,0.0,0.0,0.0,0.0,0.0,0.0,19.40179443359375,19.40179443359375,0.0,0.0,0.0,0.0,0.0,0.0
8,569,21.60733065905515,21.619015809963457,False,-21.230770111083984,-0.3705468475818634,-39.516483306884766,-0.6896927356719971,72.04395294189453,1.2574042081832886,79.34066009521484,1.3847557306289673,87.29669952392578,1.523614764213562,0.7554945054945055,0.007554945054945055,-0.37869125604629517,-0.7907544374465942,0.9035249948501587,1.3768702745437622,1.4991661310195923,0.004638977348804474,-21.69740867614746,-0.37869122054955723,-43.516483306884766,-0.7595059125942891,68.04395294189453,1.1875910149081415,78.88885498046875,1.3768702625375067,85.89588928222656,1.4991660819033623,0.4638977348804474,0.004638977348804474,False,False,0.0,0.0,0.0,0.0,0.0,1.7904052734375,1.7904052734375,0.0,16.275787353515625,16.275787353515625,0.0,0.0,0.0,0.0,0.0,0.0
8,570,21.64100462803617,21.80663866107352,False,-21.14285659790039,-0.3690124452114105,-39.78022003173828,-0.6942958235740662,71.78022003173828,1.2528011798858643,79.16483306884766,1.3816869258880615,87.20879364013672,1.5220805406570435,0.7554945054945055,0.007554945054945055,-0.3966127634048462,-0.7203704118728638,1.027305245399475,1.3717259168624878,1.518641710281372,0.0012623146176338196,-22.72423553466797,-0.3966127300786501,-41.2741813659668,-0.7203703609014113,67.78022003173828,1.1829880072800485,78.59410095214844,1.3717258342598007,87.01175689697266,1.5186416457970573,0.12623146176338196,0.0012623146176338196,False,False,0.0,0.0,0.0,0.0,0.0,0.0,0.0,0.0,8.919967651367188,8.919967651367188,0.0,0.0,0.0,0.0,0.0,0.0
8,571,21.808215430006385,21.81892411201261,False,-21.14285659790039,-0.3690124452114105,-42.32966995239258,-0.7387921214103699,71.07691955566406,1.2405261993408203,79.42857360839844,1.3862900733947754,86.4175796508789,1.508271336555481,0.7554945054945055,0.007554945054945055,-0.3984190821647644,-0.6641726493835449,0.942071795463562,1.3803658485412598,1.5110008716583252,0.0007694736123085022,-22.827730178833008,-0.39841905237750996,-38.32966995239258,-0.6689789418719887,67.07691955566406,1.1707130983417098,79.0891342163086,1.3803657946262902,86.57396697998047,1.5110007703135109,0.07694736123085022,0.0007694736123085022,False,False,0.0,0.0,0.0,0.0,0.0,0.27538299560546875,0.27538299560546875,0.0,13.10018539428711,13.10018539428711,0.0,0.0,0.0,0.0,0.0,0.0
8,572,21.841495470958762,21.852162203984335,False,-21.230770111083984,-0.3705468475818634,-42.41758346557617,-0.740326464176178,71.07691955566406,1.2405261993408203,79.42857360839844,1.3862900733947754,86.4175796508789,1.508271336555481,0.7554945054945055,0.007554945054945055,-0.389731228351593,-0.6234679222106934,0.8993794918060303,1.380759835243225,1.5119107961654663,0.000921398401260376,-22.329954147338867,-0.38973122169042623,-38.41758346557617,-0.6705133221340378,67.07691955566406,1.1707130983417098,79.11170959472656,1.3807598093095674,86.62610626220703,1.511910772457991,0.0921398401260376,0.000921398401260376,False,False,0.0,0.0,0.0,0.0,0.0,2.6955032348632812,2.6955032348632812,0.0,15.546272277832031,15.546272277832031,0.0,0.0,0.0,0.0,0.0,0.0
8,573,21.8749896340305,21.886046843021177,False,-21.846153259277344,-0.3812873065471649,-42.06593322753906,-0.7341890335083008,70.72527313232422,1.234388828277588,79.42857360839844,1.3862900733947754,86.4175796508789,1.508271336555481,0.7554945054945055,0.007554945054945055,-0.38567274808883667,-0.5820723176002502,0.8500607013702393,1.3807836771011353,1.5228327512741089,-0.0003110840916633606,-22.09741973876953,-0.3856727306367136,-38.06593322753906,-0.6643758676648684,66.72527313232422,1.1645757104515677,79.11307525634766,1.3807836446013235,87.25188446044922,1.522832662404515,0.0,0.0,True,False,0.03110840916633606,0.0,0.0,0.0,0.0,4.715648651123047,4.715648651123047,0.0,18.0203857421875,18.0203857421875,0.0,0.0,0.0,0.0,0.0,0.0
8,574,21.908219806966372,21.919454985065386,False,-22.549449920654297,-0.3935621380805969,-40.659339904785156,-0.7096393704414368,70.37362670898438,1.2282514572143555,79.16483306884766,1.3816869258880615,86.5054931640625,1.509805679321289,0.6868131868131868,0.006868131868131868,-0.39368879795074463,-0.5735082030296326,0.8371739387512207,1.3820053339004517,1.5220682621002197,0.0015816092491149902,-22.556705474853516,-0.39368877893882487,-36.659339904785156,-0.6398261829462455,66.37362670898438,1.1584383225614254,79.18306732177734,1.3820052365933428,87.20808410644531,1.5220682020136078,0.15816092491149902,0.0015816092491149902,False,False,0.0,0.0,0.0,0.0,0.0,3.79974365234375,3.79974365234375,0.0,18.40709686279297,18.40709686279297,0.0,0.0,0.0,0.0,0.0,0.0
8,575,21.941863943007775,21.952573930029757,False,-22.373626708984375,-0.3904934525489807,-39.42856979370117,-0.6881583333015442,70.02198028564453,1.222114086151123,78.989013671875,1.3786183595657349,86.76923370361328,1.514408826828003,0.6868131868131868,0.006868131868131868,-0.3962942957878113,-0.5575644373893738,0.8071736097335815,1.3849140405654907,1.515022873878479,0.0008727535605430603,-22.705989837646484,-0.3962942825913039,-35.42856979370117,-0.6183451921726937,66.02198028564453,1.1523009346712834,79.34972381591797,1.3849139411359275,86.80441284179688,1.515022809349803,0.08727535605430603,0.0008727535605430603,False,False,0.0,0.0,0.0,0.0,0.0,3.48248291015625,3.48248291015625,0.0,19.774341583251953,19.774341583251953,0.0,0.0,0.0,0.0,0.0,0.0
8,576,21.97515068098437,22.01049395406153,False,-21.846153259277344,-0.3812873065471649,-38.5494499206543,-0.6728148460388184,69.75823974609375,1.2175109386444092,79.25274658203125,1.3832213878631592,86.5054931640625,1.509805679321289,0.6868131868131868,0.006868131868131868,-0.40152013301849365,-0.5072774887084961,0.7160021662712097,1.3863846063613892,1.5138118267059326,0.000841781497001648,-23.005407333374023,-0.4015201037298255,-34.5494499206543,-0.6030016558683111,65.75823974609375,1.147697793885136,79.4339828491211,1.3863845386898692,86.73502349853516,1.5138117368440895,0.0841781497001648,0.000841781497001648,False,False,0.0,0.0,0.0,0.0,0.0,5.484592437744141,5.484592437744141,0.0,24.73434066772461,24.73434066772461,0.0,0.0,0.0,0.0,0.0,0.0
8,577,22.01199925504625,22.022958589019254,False,-22.72527503967285,-0.3966308832168579,-37.31867980957031,-0.6513338088989258,69.31867980957031,1.2098392248153687,79.34066009521484,1.3847557306289673,86.4175796508789,1.508271336555481,0.6868131868131868,0.006868131868131868,-0.38552790880203247,-0.48300158977508545,0.6842070817947388,1.394432544708252,1.5218143463134766,0.0004928931593894958,-22.089120864868164,-0.3855278879629269,-33.31867980957031,-0.5815206650947592,65.31867980957031,1.1400260257329446,79.89509582519531,1.3944324783460342,87.19353485107422,1.5218142696036687,0.049289315938949585,0.0004928931593894958,False,False,0.0,0.0,0.0,0.0,0.0,5.6447296142578125,5.6447296142578125,0.0,26.116504669189453,26.116504669189453,0.0,0.0,0.0,0.0,0.0,0.0
8,578,22.04543913307134,22.057020063046366,False,-22.989011764526367,-0.4012339413166046,-36.43955993652344,-0.6359903216362,69.05494689941406,1.2052361965179443,79.07691955566406,1.3801525831222534,86.85713958740234,1.5159430503845215,0.6868131868131868,0.006868131868131868,-0.38210582733154297,-0.4679431617259979,0.6907442808151245,1.3953907489776611,1.5215121507644653,0.00041281431913375854,-21.893049240112305,-0.38210579254120236,-32.43955993652344,-0.5661771287903767,65.05494689941406,1.1354230181048517,79.94999694824219,1.3953906837062446,87.17621612548828,1.5215120008199448,0.041281431913375854,0.00041281431913375854,False,False,0.0,0.0,0.0,0.0,0.0,5.628393173217773,5.628393173217773,0.0,25.47821807861328,25.47821807861328,0.0,0.0,0.0,0.0,0.0,0.0
8,579,22.078854711027816,22.091146724065766,False,-22.549449920654297,-0.3935621380805969,-35.56044006347656,-0.6206467747688293,68.70330047607422,1.199098825454712,79.16483306884766,1.3816869258880615,86.5934066772461,1.5113400220870972,0.6868131868131868,0.006868131868131868,-0.3803795576095581,-0.44734638929367065,0.6375682353973389,1.3970026969909668,1.5186328887939453,0.00039289891719818115,-21.79414176940918,-0.380379531522613,-31.560440063476562,-0.5508335924859942,64.70330047607422,1.1292856302147096,80.04235076904297,1.3970025619560151,87.0112533569336,1.51863285736546,0.039289891719818115,0.00039289891719818115,False,False,0.0,0.0,0.0,0.0,0.0,5.92938232421875,5.92938232421875,0.0,28.17333221435547,28.17333221435547,0.0,0.0,0.0,0.0,0.0,0.0
8,580,22.112284795963205,22.12394901702646,False,-22.0219783782959,-0.3843560218811035,-34.32966995239258,-0.5991657376289368,68.26373291015625,1.1914268732070923,79.16483306884766,1.3816869258880615,86.5054931640625,1.509805679321289,0.6868131868131868,0.006868131868131868,-0.3865050673484802,-0.41961896419525146,0.5874398946762085,1.4156053066253662,1.5154366493225098,0.002070896327495575,-22.14510726928711,-0.3865050350563906,-30.329669952392578,-0.5293526017124424,64.26373291015625,1.1216137289044639,81.10820770263672,1.4156052748024366,86.82811737060547,1.515436531425147,0.2070896327495575,0.002070896327495575,False,False,0.0,0.0,0.0,0.0,0.0,6.287275314331055,6.287275314331055,0.0,30.605907440185547,30.605907440185547,0.0,0.0,0.0,0.0,0.0,0.0
8,581,22.14557399903424,22.156785728991963,False,-22.10988998413086,-0.3858903646469116,-33.36263656616211,-0.5822878479957581,68.0,1.186823844909668,79.34066009521484,1.3847557306289673,86.4175796508789,1.508271336555481,0.6868131868131868,0.006868131868131868,-0.385475218296051,-0.3675965666770935,0.5393968820571899,1.4104474782943726,1.514511227607727,0.0018703863024711609,-22.086101531982422,-0.38547519066285696,-29.36263656616211,-0.5124746851460107,64.0,1.117010721276371,80.81268310546875,1.4104473975612257,86.77509307861328,1.5145110829463444,0.1870386302471161,0.0018703863024711609,False,False,0.0,0.0,0.0,0.0,0.0,8.300905227661133,8.300905227661133,0.0,33.0948371887207,33.0948371887207,0.0,0.0,0.0,0.0,0.0,0.0
8,582,22.179514035000466,22.190141636063345,False,-22.549449920654297,-0.3935621380805969,-32.30769348144531,-0.5638756155967712,67.56044006347656,1.1791521310806274,79.69230651855469,1.3908931016921997,86.4175796508789,1.508271336555481,0.6868131868131868,0.006868131868131868,-0.3904896378517151,-0.34202197194099426,0.5768439769744873,1.3938409090042114,1.5189796686172485,0.0011919215321540833,-22.3734073638916,-0.39048962338985355,-28.307693481445312,-0.49406245489655704,63.56044006347656,1.1093389531241797,79.86119842529297,1.393840857109873,87.03112030029297,1.5189796009393883,0.11919215321540833,0.0011919215321540833,False,False,0.0,0.0,0.0,0.0,0.0,8.711278915405273,8.711278915405273,0.0,30.509716033935547,30.509716033935547,0.0,0.0,0.0,0.0,0.0,0.0
8,583,22.213089560973458,22.223776175058447,False,-22.63736343383789,-0.3950965106487274,-31.16483497619629,-0.5439289808273315,67.20879364013672,1.173014760017395,79.95604705810547,1.3954962491989136,86.4175796508789,1.508271336555481,0.6868131868131868,0.006868131868131868,-0.3855983018875122,-0.3164551258087158,0.542770504951477,1.3907651901245117,1.5169509649276733,0.0015496164560317993,-22.093154907226562,-0.3855982952842459,-27.16483497619629,-0.4741158110955407,63.20879364013672,1.1032015652340375,79.68497467041016,1.3907651723669405,86.91488647460938,1.5169509379790205,0.15496164560317993,0.0015496164560317993,False,False,0.0,0.0,0.0,0.0,0.0,9.033292770385742,9.033292770385742,0.0,32.11033630371094,32.11033630371094,0.0,0.0,0.0,0.0,0.0,0.0
8,584,22.246082085068338,22.256685051019304,False,-22.63736343383789,-0.3950965106487274,-30.10988998413086,-0.5255166888237,66.85713958740234,1.1668771505355835,79.95604705810547,1.3954962491989136,86.4175796508789,1.508271336555481,0.6868131868131868,0.006868131868131868,-0.3851473331451416,-0.29908207058906555,0.5015138983726501,1.390674352645874,1.4931508302688599,0.002890445291996002,-22.06731605529785,-0.38514732224315457,-26.10988998413086,-0.4557035475565735,62.857139587402344,1.097064044185841,79.67976379394531,1.3906742254157143,85.55123901367188,1.4931507999492004,0.2890445291996002,0.002890445291996002,False,False,0.0,0.0,0.0,0.0,0.0,8.973751068115234,8.973751068115234,0.0,34.12251281738281,34.12251281738281,0.0,0.0,0.0,0.0,0.0,0.0
8,585,22.279406248009764,22.290127045009285,False,-22.373626708984375,-0.3904934525489807,-29.05494499206543,-0.5071044564247131,66.5054931640625,1.160739779472351,79.86813354492188,1.3939619064331055,86.4175796508789,1.508271336555481,0.6868131868131868,0.006868131868131868,-0.3842400908470154,-0.26255062222480774,0.4425015449523926,1.3887393474578857,1.4432801008224487,0.002033509314060211,-22.015335083007812,-0.3842400831283055,-25.05494499206543,-0.4372912840176063,62.5054931640625,1.0909266562956987,79.56890106201172,1.3887393057257174,82.69385528564453,1.443280045902213,0.20335093140602112,0.002033509314060211,False,False,0.0,0.0,0.0,0.0,0.0,10.011902809143066,10.011902809143066,0.0,37.15202331542969,37.15202331542969,0.0,0.0,0.0,0.0,0.0,0.0
8,586,22.31308768002782,22.324018710991368,False,-22.285715103149414,-0.3889591097831726,-28.0,-0.48869219422340393,66.15384674072266,1.1546024084091187,79.86813354492188,1.3939619064331055,86.32967376708984,1.5067369937896729,0.6868131868131868,0.006868131868131868,-0.38566797971725464,-0.22647422552108765,0.45627251267433167,1.3891417980194092,1.4871388673782349,0.0015750527381896973,-22.09714698791504,-0.3856679702362651,-24.0,-0.4188790204786391,62.153846740722656,1.0847892684055567,79.59195709228516,1.3891417093664282,85.20677947998047,1.487138846946401,0.15750527381896973,0.0015750527381896973,False,False,0.0,0.0,0.0,0.0,0.0,11.023983001708984,11.023983001708984,0.0,36.01136016845703,36.01136016845703,0.0,0.0,0.0,0.0,0.0,0.0
8,587,22.34649732906837,22.3578764150152,False,-22.285715103149414,-0.3889591097831726,-26.85714340209961,-0.4687455892562866,65.80220031738281,1.1484650373458862,79.86813354492188,1.3939619064331055,85.89010620117188,1.4990651607513428,0.6868131868131868,0.006868131868131868,-0.3825671076774597,-0.1981683224439621,0.4198370575904846,1.3899266719818115,1.4814344644546509,0.003296785056591034,-21.919479370117188,-0.3825670853315177,-22.85714340209961,-0.39893240996713636,61.80220031738281,1.0786518805154146,79.63692474365234,1.3899265429396745,84.87993621826172,1.4814343558914513,0.3296785056591034,0.003296785056591034,False,False,0.0,0.0,0.0,0.0,0.0,11.502935409545898,11.502935409545898,0.0,37.747310638427734,37.747310638427734,0.0,0.0,0.0,0.0,0.0,0.0
8,588,22.3804696140578,22.391684315982275,False,-22.373626708984375,-0.3904934525489807,-25.80219841003418,-0.4503333270549774,65.36264038085938,1.1407933235168457,79.86813354492188,1.3939619064331055,84.48351287841797,1.474515438079834,0.6868131868131868,0.006868131868131868,-0.3880773186683655,-0.18948480486869812,0.4094369411468506,1.3879849910736084,1.4444655179977417,0.0021351799368858337,-22.235191345214844,-0.3880772987849461,-21.80219841003418,-0.38052014642816917,61.362640380859375,1.0709801123632234,79.52568054199219,1.3879849653469523,82.76177215576172,1.4444654189034074,0.21351799368858337,0.0021351799368858337,False,False,0.0,0.0,0.0,0.0,0.0,10.94551944732666,10.94551944732666,0.0,37.90363311767578,37.90363311767578,0.0,0.0,0.0,0.0,0.0,0.0
8,589,22.413978087017313,22.424222268047743,False,-22.373626708984375,-0.3904934525489807,-24.74725341796875,-0.4319210350513458,65.010986328125,1.1346557140350342,79.86813354492188,1.3939619064331055,84.13186645507812,1.4683780670166016,0.6868131868131868,0.006868131868131868,-0.3872719407081604,-0.15257833898067474,0.3581276834011078,1.3949917554855347,1.4674603939056396,0.0026023536920547485,-22.18904685974121,-0.3872719255817925,-20.74725341796875,-0.362107882889202,61.010986328125,1.0648425913150268,79.92713928222656,1.3949917421749507,84.07928466796875,1.467460350177642,0.26023536920547485,0.0026023536920547485,False,False,0.0,0.0,0.0,0.0,0.0,12.005159378051758,12.005159378051758,0.0,40.491783142089844,40.491783142089844,0.0,0.0,0.0,0.0,0.0,0.0
8,590,22.447496475069784,22.458583383006044,False,-22.285715103149414,-0.3889591097831726,-23.604394912719727,-0.41197440028190613,64.65933990478516,1.1285183429718018,79.86813354492188,1.3939619064331055,84.48351287841797,1.474515438079834,0.6868131868131868,0.006868131868131868,-0.38702505826950073,-0.15101322531700134,0.38535696268081665,1.3920636177062988,1.469629168510437,0.0017441511154174805,-22.174901962280273,-0.3870250505487422,-19.604394912719727,-0.3421612390881856,60.659339904785156,1.0587052034248847,79.75936889648438,1.3920635965564088,84.20354461669922,1.469629095411348,0.17441511154174805,0.0017441511154174805,False,False,0.0,0.0,0.0,0.0,0.0,10.951974868774414,10.951974868774414,0.0,38.580013275146484,38.580013275146484,0.0,0.0,0.0,0.0,0.0,0.0
8,591,22.48086079605855,22.492803605971858,False,-22.285715103149414,-0.3889591097831726,-22.549449920654297,-0.3935621380805969,64.21977996826172,1.1208466291427612,79.86813354492188,1.3939619064331055,84.3956069946289,1.4729812145233154,0.6868131868131868,0.006868131868131868,-0.38904595375061035,-0.1588498204946518,0.4180004894733429,1.3938796520233154,1.4612654447555542,0.0017128512263298035,-22.29068946838379,-0.3890459237629216,-18.549449920654297,-0.3237489755492184,60.21977996826172,1.0510334352726933,79.86341857910156,1.3938796061037337,83.72433471679688,1.4612653048498996,0.17128512263298035,0.0017128512263298035,False,False,0.0,0.0,0.0,0.0,0.0,9.448025703430176,9.448025703430176,0.0,36.270118713378906,36.270118713378906,0.0,0.0,0.0,0.0,0.0,0.0
8,592,22.514435118995607,22.5249544410035,False,-22.285715103149414,-0.3889591097831726,-21.406593322753906,-0.3736155331134796,63.78022003173828,1.1131747961044312,79.86813354492188,1.3939619064331055,84.30769348144531,1.4714468717575073,0.6868131868131868,0.006868131868131868,-0.38123399019241333,-0.14319442212581635,0.36495691537857056,1.397431492805481,1.4372377395629883,0.002417922019958496,-21.843097686767578,-0.3812339734688513,-17.406593322753906,-0.3038023650377157,59.78022003173828,1.0433616671205022,80.06692504882812,1.3974314640495724,82.34764862060547,1.4372375997049323,0.2417922019958496,0.002417922019958496,False,False,0.0,0.0,0.0,0.0,0.0,9.202157974243164,9.202157974243164,0.0,38.869728088378906,38.869728088378906,0.0,0.0,0.0,0.0,0.0,0.0
8,593,22.54782773903571,22.558081664028578,False,-22.285715103149414,-0.3889591097831726,-20.351648330688477,-0.3552032709121704,63.42856979370117,1.1070374250411987,79.86813354492188,1.3939619064331055,84.30769348144531,1.4714468717575073,0.6868131868131868,0.006868131868131868,-0.3765161335468292,-0.14174969494342804,0.4081505239009857,1.402679681777954,1.42594575881958,0.0012940466403961182,-21.572784423828125,-0.37651611701874865,-16.351648330688477,-0.28539010149874844,59.42856979370117,1.0372242126513327,80.36762237548828,1.402679622451737,81.70066833496094,1.425945663524942,0.12940466403961182,0.0012940466403961182,False,False,0.0,0.0,0.0,0.0,0.0,8.229989051818848,8.229989051818848,0.0,36.04326629638672,36.04326629638672,0.0,0.0,0.0,0.0,0.0,0.0
8,594,22.581180189969018,22.59314053703565,False,-22.285715103149414,-0.3889591097831726,-19.208791732788086,-0.3352566659450531,62.989009857177734,1.0993655920028687,79.86813354492188,1.3939619064331055,84.13186645507812,1.4683780670166016,0.6868131868131868,0.006868131868131868,-0.372711718082428,-0.15629711747169495,0.3828881084918976,1.4050301313400269,1.3949427604675293,0.002991780638694763,-21.354806900024414,-0.3727116915330296,-15.208791732788086,-0.26544349098724573,58.989009857177734,1.0295524444991415,80.50228881835938,1.4050299952717864,80.13186645507812,1.3985649054095102,0.2991780638694763,0.002991780638694763,False,False,0.0,0.0,0.0,0.0,0.0,6.253626823425293,6.253626823425293,0.0,37.05113983154297,37.05113983154297,0.0,0.0,0.0,0.0,0.2075347900390625,0.2075347900390625
8,595,22.61555666406639,22.629305962007493,False,-22.285715103149414,-0.3889591097831726,-18.065933227539062,-0.315310001373291,62.5494499206543,1.0916938781738281,79.86813354492188,1.3939619064331055,83.25274658203125,1.453034520149231,0.6868131868131868,0.006868131868131868,-0.3697299063205719,-0.15163370966911316,0.3679550588130951,1.4177812337875366,1.4228793382644653,0.0019590556621551514,-21.183961868286133,-0.36972988321852235,-14.065933227539062,-0.24549684718622938,58.5494499206543,1.0218806763469501,81.23287963867188,1.4177812105710859,81.52497863769531,1.4228792998458246,0.19590556621551514,0.0019590556621551514,False,False,0.0,0.0,0.0,0.0,0.0,5.377962112426758,5.377962112426758,0.0,37.46717834472656,37.46717834472656,0.0,0.0,0.0,0.0,0.0,0.0
8,596,22.649130949983373,22.66259322199039,False,-22.19780158996582,-0.3874247074127197,-17.010988235473633,-0.2968977391719818,62.19780349731445,1.0855565071105957,79.86813354492188,1.3939619064331055,82.46154022216797,1.4392253160476685,0.6868131868131868,0.006868131868131868,-0.36615467071533203,-0.14605553448200226,0.34764915704727173,1.4196490049362183,1.400362491607666,0.003964468836784363,-20.979116439819336,-0.36615465603411823,-13.010988235473633,-0.22708458364726217,58.19780349731445,1.015743288456808,81.33988952636719,1.4196488854435585,80.23485565185547,1.400362405987259,0.3964468836784363,0.003964468836784363,False,False,0.0,0.0,0.0,0.0,0.0,4.642622947692871,4.642622947692871,0.0,38.27897644042969,38.27897644042969,0.0,0.0,0.0,0.0,0.0,0.0
8,597,22.682289654039778,22.69477244396694,False,-21.758241653442383,-0.3797529637813568,-15.868131637573242,-0.2769511342048645,61.758243560791016,1.0778846740722656,80.04395294189453,1.3970304727554321,81.75823974609375,1.426950454711914,0.6868131868131868,0.006868131868131868,-0.3588829040527344,-0.14263135194778442,0.3540304899215698,1.4155534505844116,1.4084575176239014,0.0034615397453308105,-20.562475204467773,-0.3588828946776569,-11.868131637573242,-0.20713797313575943,57.758243560791016,1.0080715203046169,81.10523223876953,1.41555334316118,80.69866943359375,1.4084574835947186,0.34615397453308105,0.0034615397453308105,False,False,0.0,0.0,0.0,0.0,0.0,3.6959571838378906,3.6959571838378906,0.0,37.473793029785156,37.473793029785156,0.0,0.0,0.0,0.0,0.0,0.0
8,598,22.715552035020664,22.727757329004817,False,-21.318681716918945,-0.3720811903476715,-14.813186645507812,-0.2585388720035553,61.230770111083984,1.0686784982681274,80.30769348144531,1.401633620262146,81.67032623291016,1.425416111946106,0.6868131868131868,0.006868131868131868,-0.34680458903312683,-0.16343118250370026,0.3625091314315796,1.4286043643951416,1.4003533124923706,0.0025032684206962585,-19.870437622070312,-0.34680456031727963,-10.813186645507812,-0.18872570959679225,57.230770111083984,0.9988653718903764,81.85299682617188,1.4286042972411679,80.23432922363281,1.4003532180814984,0.25032684206962585,0.0025032684206962585,False,False,0.0,0.0,0.0,0.0,0.0,1.449270248413086,1.449270248413086,0.0,36.46052551269531,36.46052551269531,0.0,0.0,0.0,0.0,0.0,0.0
8,599,22.748916888958775,22.759185850969516,False,-20.96703338623047,-0.3659437596797943,-13.582417488098145,-0.2370579093694687,60.79121017456055,1.061006784439087,80.30769348144531,1.401633620262146,81.4065933227539,1.4208130836486816,0.6868131868131868,0.006868131868131868,-0.343395471572876,-0.1624317169189453,0.3372285068035126,1.43131422996521,1.3894336223602295,0.0016588792204856873,-19.67510986328125,-0.34339544780586917,-9.582417488098145,-0.16724473546799717,56.79121017456055,0.9911936037381852,82.00826263427734,1.431314196808378,79.60868072509766,1.389433591821901,0.16588792204856873,0.0016588792204856873,False,False,0.0,0.0,0.0,0.0,0.0,0.27576637268066406,0.27576637268066406,0.0,37.46944046020508,37.46944046020508,0.0,0.0,0.0,0.0,0.0,0.0
8,600,22.78263859904837,22.944045142037794,False,-20.96703338623047,-0.3659437596797943,-12.439560890197754,-0.21711128950119019,60.35165023803711,1.0533349514007568,80.57142639160156,1.4062366485595703,81.23076629638672,1.4177442789077759,0.6868131868131868,0.006868131868131868,-0.3880425691604614,-0.35409581661224365,0.9170538187026978,1.371055006980896,1.4041082859039307,0.0006473511457443237,-22.233200073242188,-0.3880425445327206,-16.439559936523438,-0.286924448471284,56.35165023803711,0.9835218355859939,78.5556640625,1.3710549839812096,80.44947814941406,1.4041082752185101,0.06473511457443237,0.0006473511457443237,False,False,0.0,0.0,0.0,0.0,0.0,3.8486337661743164,3.848634719848633,0.0,3.808338165283203,3.808338165283203,0.0,0.0,0.0,0.0,0.0,0.0
8,601,22.945510969962925,22.95845882606227,False,-19.91208839416504,-0.3475314974784851,-9.802197456359863,-0.17108061909675598,59.38461685180664,1.0364570617675781,81.0988998413086,1.4154428243637085,80.35164642333984,1.4024007320404053,0.6868131868131868,0.006868131868131868,-0.38588088750839233,-0.3950548768043518,0.895323634147644,1.3843693733215332,1.390899658203125,0.0014375075697898865,-22.109344482421875,-0.38588085667590327,-13.802197456359863,-0.24089378962386598,55.38461685180664,0.9666439190195623,79.31851959228516,1.3843693246930062,79.69267272949219,1.390899528843935,0.14375075697898865,0.0014375075697898865,False,False,0.0,0.0,0.0,0.0,0.0,8.832777976989746,8.832777976989746,0.0,4.086353302001953,4.086353302001953,0.0,0.0,0.0,0.0,0.0,0.0
8,602,22.979076724033803,22.99021596997045,False,-20.175825119018555,-0.3521345853805542,-9.714285850524902,-0.16954627633094788,59.38461685180664,1.0364570617675781,81.0988998413086,1.4154428243637085,80.35164642333984,1.4024007320404053,0.6868131868131868,0.006868131868131868,-0.38769036531448364,-0.43907630443573,0.9289742708206177,1.3878540992736816,1.4029923677444458,0.002085089683532715,-22.21302032470703,-0.38769034147855763,-13.714285850524902,-0.23935944265133047,55.38461685180664,0.9666439190195623,79.51818084716797,1.387854070979375,80.38553619384766,1.4029922775637123,0.20850896835327148,0.002085089683532715,False,False,0.0,0.0,0.0,0.0,0.0,11.442931175231934,11.442931175231934,0.0,2.158313751220703,2.158313751220703,0.0,0.0,0.0,0.0,0.0,0.0
8,603,23.012283268966712,23.024236813071184,False,-20.351648330688477,-0.3552032709121704,-9.978021621704102,-0.17414933443069458,58.94505310058594,1.028785228729248,81.010986328125,1.4139084815979004,80.35164642333984,1.4024007320404053,0.6868131868131868,0.006868131868131868,-0.38579362630844116,-0.45283961296081543,0.8981606960296631,1.39206862449646,1.4072844982147217,0.0008498206734657288,-22.104345321655273,-0.3857936048606896,-13.978021621704102,-0.24396250021369384,54.94505310058594,0.9589720842883437,79.75965118408203,1.3920685234044252,80.63145446777344,1.4072843611345385,0.08498206734657288,0.0008498206734657288,False,False,0.0,0.0,0.0,0.0,0.0,11.967775344848633,11.967775344848633,0.0,3.4842376708984375,3.4842376708984375,0.0,0.0,0.0,0.0,0.0,0.0
8,604,23.045709697995335,23.057744311052375,False,-21.05494499206543,-0.3674781024456024,-11.032966613769531,-0.19256159663200378,58.593406677246094,1.0226478576660156,80.04395294189453,1.3970304727554321,80.0879135131836,1.3977978229522705,0.6868131868131868,0.006868131868131868,-0.39457887411117554,-0.46831727027893066,0.9027227163314819,1.3889093399047852,1.3950071334838867,0.0017717182636260986,-22.607702255249023,-0.39457884066464294,-15.032966613769531,-0.26237476375266106,54.593406677246094,0.9528346963982016,79.5786361694336,1.3889092154032643,79.92801666259766,1.3950070553512188,0.17717182636260986,0.0017717182636260986,False,False,0.0,0.0,0.0,0.0,0.0,11.79963493347168,11.79963493347168,0.0,2.8712081909179688,2.8712081909179688,0.0,0.0,0.0,0.0,0.0,0.0
8,605,23.079511165968142,23.09288568305783,False,-21.934066772460938,-0.3828216791152954,-11.736263275146484,-0.2048364281654358,57.978023529052734,1.0119073390960693,80.04395294189453,1.3970304727554321,80.43955993652344,1.403935194015503,0.6868131868131868,0.006868131868131868,-0.3899773955345154,-0.4801598787307739,0.9068156480789185,1.387916922569275,1.3968474864959717,0.0015636533498764038,-22.344057083129883,-0.3899773643541768,-15.736263275146484,-0.27464960611197253,53.978023529052734,0.9420942343009393,79.52177429199219,1.3879167884230463,80.03346252441406,1.396847432822518,0.15636533498764038,0.0015636533498764038,False,False,0.0,0.0,0.0,0.0,0.0,11.774869918823242,11.774869918823242,0.0,2.0213165283203125,2.0213165283203125,0.0,0.0,0.0,0.0,0.0,0.0
8,606,23.1127814570209,23.12449864996597,False,-22.10988998413086,-0.3858903646469116,-12.263736724853516,-0.21404258906841278,57.53845977783203,1.0042355060577393,79.95604705810547,1.3954962491989136,80.52747344970703,1.405469536781311,0.6868131868131868,0.006868131868131868,-0.390139639377594,-0.4825129508972168,0.8841350674629211,1.388943076133728,1.3846986293792725,0.001766391098499298,-22.35335350036621,-0.3901396174435899,-16.263736724853516,-0.2838557545262129,53.53845977783203,0.9344223995697207,79.58057403564453,1.3889430375491083,79.3373794555664,1.3846984914037401,0.1766391098499298,0.001766391098499298,False,False,0.0,0.0,0.0,0.0,0.0,11.382217407226562,11.382217407226562,0.0,2.881256103515625,2.881256103515625,0.0,0.0,0.0,0.0,0.0,0.0
8,607,23.14606638904661,23.15744415705558,False,-21.494504928588867,-0.3751498758792877,-12.879120826721191,-0.2247830629348755,57.18681335449219,0.9980981945991516,79.86813354492188,1.3939619064331055,80.26373291015625,1.4008663892745972,0.6868131868131868,0.006868131868131868,-0.39024484157562256,-0.4745768904685974,0.8707839250564575,1.3885345458984375,1.3957791328430176,0.002387590706348419,-22.3593807220459,-0.390244812306648,-16.879119873046875,-0.29459621662347524,53.18681335449219,0.9282850116795787,79.55716705322266,1.3885345086378902,79.97225189208984,1.3957791057512328,0.23875907063484192,0.002387590706348419,False,False,0.0,0.0,0.0,0.0,0.0,10.31213092803955,10.312131881713867,0.0,3.2945709228515625,3.2945709228515625,0.0,0.0,0.0,0.0,0.0,0.0
8,608,23.179552164045162,23.19048422400374,False,-21.670330047607422,-0.3782186210155487,-13.582417488098145,-0.2370579093694687,56.74725341796875,0.9904264211654663,79.86813354492188,1.3939619064331055,80.0,1.3962633609771729,0.6868131868131868,0.006868131868131868,-0.3916647434234619,-0.47038733959198,0.8640797734260559,1.3883299827575684,1.3999507427215576,0.00194597989320755,-22.44073486328125,-0.3916647099313374,-17.582416534423828,-0.3068710589827867,52.74725341796875,0.9206132435273874,79.54544067382812,1.3883298447081176,80.21126556396484,1.399950681282733,0.194597989320755,0.00194597989320755,False,False,0.0,0.0,0.0,0.0,0.0,9.368790626525879,9.368791580200195,0.0,3.2391319274902344,3.2391319274902344,0.0,0.0,0.0,0.0,0.0,0.0
8,609,23.213277164963074,23.22611347900238,False,-22.373626708984375,-0.3904934525489807,-14.197802543640137,-0.2477983981370926,56.30769348144531,0.982754647731781,79.86813354492188,1.3939619064331055,80.35164642333984,1.4024007320404053,0.6868131868131868,0.006868131868131868,-0.39713382720947266,-0.46148931980133057,0.8513000011444092,1.3846274614334106,1.3858098983764648,0.002276085317134857,-22.754091262817383,-0.3971338108354377,-18.197803497314453,-0.31761158765907627,52.30769348144531,0.9129414753751961,79.33330535888672,1.384627385002635,79.40105438232422,1.38580982852663,0.22760853171348572,0.002276085317134857,False,False,0.0,0.0,0.0,0.0,0.0,8.243586540222168,8.243585586547852,0.0,3.53179931640625,3.53179931640625,0.0,0.0,0.0,0.0,0.0,0.0
8,610,23.246861716965213,23.259705762960948,False,-22.461538314819336,-0.3920277953147888,-14.813186645507812,-0.2585388720035553,55.9560432434082,0.976617157459259,79.86813354492188,1.3939619064331055,80.43955993652344,1.403935194015503,0.6868131868131868,0.006868131868131868,-0.39522796869277954,-0.4331534206867218,0.831688404083252,1.3867853879928589,1.38817298412323,0.001593068242073059,-22.644893646240234,-0.3952279528908361,-18.813186645507812,-0.3283520497563386,51.9560432434082,0.9068040209060267,79.45694732666016,1.3867853444339262,79.53644561767578,1.3881728513618574,0.1593068242073059,0.001593068242073059,False,False,0.0,0.0,0.0,0.0,0.0,6.004674911499023,6.004674911499023,0.0,4.303810119628906,4.303810119628906,0.0,0.0,0.0,0.0,0.0,0.0
8,611,23.280540038016625,23.29316470597405,False,-22.0219783782959,-0.3843560218811035,-15.516483306884766,-0.2708137333393097,55.60439682006836,0.9704797863960266,79.86813354492188,1.3939619064331055,80.35164642333984,1.4024007320404053,0.6868131868131868,0.006868131868131868,-0.39845728874206543,-0.42850199341773987,0.8271243572235107,1.3770873546600342,1.362621784210205,0.0026909038424491882,-22.829919815063477,-0.3984572687391526,-19.516483306884766,-0.34062689211565006,51.60439682006836,0.9006666330158847,78.90129089355469,1.377087310166348,78.07247161865234,1.36262168491531,0.2690903842449188,0.0026909038424491882,False,False,0.0,0.0,0.0,0.0,0.0,5.034870147705078,5.034870147705078,0.0,4.213665008544922,4.213665008544922,0.0,0.0,0.0,0.0,0.0,0.0
8,612,23.3140826059971,23.32706261705607,False,-21.934066772460938,-0.3828216791152954,-16.131868362426758,-0.2815542221069336,55.16483688354492,0.9628080129623413,79.86813354492188,1.3939619064331055,79.82417297363281,1.3931946754455566,0.6868131868131868,0.006868131868131868,-0.39262640476226807,-0.41685694456100464,0.8195983171463013,1.3823939561843872,1.3787555694580078,0.0036012381315231323,-22.495834350585938,-0.392626377400965,-20.131868362426758,-0.351367387502426,51.16483688354492,0.8929948648636934,79.20533752441406,1.38239392495444,78.99687194824219,1.3787555142731738,0.36012381315231323,0.0036012381315231323,False,False,0.0,0.0,0.0,0.0,0.0,3.7522735595703125,3.7522735595703125,0.0,4.205314636230469,4.205314636230469,0.0,0.0,0.0,0.0,0.0,0.0
8,613,23.34724840603303,23.357882188051008,False,-22.549449920654297,-0.3935621380805969,-16.83516502380371,-0.2938290536403656,54.901100158691406,0.9582049250602722,79.78022003173828,1.3924275636672974,80.0,1.3962633609771729,0.6868131868131868,0.006868131868131868,-0.3932344913482666,-0.42797496914863586,0.8120412230491638,1.3832204341888428,1.3759355545043945,0.0016939640045166016,-22.530675888061523,-0.3932344769463709,-20.83516502380371,-0.3636422298617375,50.901100158691406,0.8883917906565733,79.252685546875,1.3832203038406916,78.83529663085938,1.3759354929948888,0.16939640045166016,0.0016939640045166016,False,False,0.0,0.0,0.0,0.0,0.0,3.685993194580078,3.685993194580078,0.0,4.374568939208984,4.374568939208984,0.0,0.0,0.0,0.0,0.0,0.0
8,614,23.380826108972542,23.391238944022916,False,-22.901098251342773,-0.3996995687484741,-17.450550079345703,-0.3045695424079895,54.5494499206543,0.952067494392395,79.69230651855469,1.3908931016921997,79.38461303710938,1.3855228424072266,0.6868131868131868,0.006868131868131868,-0.3944997191429138,-0.4236389100551605,0.8350679278373718,1.382219672203064,1.397947907447815,0.002927035093307495,-22.603168487548828,-0.39449971149075397,-21.450550079345703,-0.3743827252485134,50.5494499206543,0.8822543361874039,79.19535064697266,1.3822196210610942,80.09651184082031,1.3979478509849388,0.2927035093307495,0.002927035093307495,False,False,0.0,0.0,0.0,0.0,0.0,2.8221702575683594,2.8221702575683594,0.0,2.7035865783691406,2.7035865783691406,0.0,0.0,0.0,0.0,0.0,0.0
8,615,23.41415440500714,23.42443826503586,False,-22.63736343383789,-0.3950965106487274,-18.153846740722656,-0.3168444037437439,54.19780349731445,0.9459301233291626,79.69230651855469,1.3908931016921997,79.29669952392578,1.3839884996414185,0.6868131868131868,0.006868131868131868,-0.3866680860519409,-0.42604905366897583,0.8229860067367554,1.3852201700210571,1.4002809524536133,0.0037080496549606323,-22.154447555541992,-0.3866680538046171,-22.153846740722656,-0.3866575676078249,50.19780349731445,0.8761169482972617,79.36726379394531,1.3852200715032321,80.23018646240234,1.4002809132579026,0.37080496549606323,0.0037080496549606323,False,False,0.0,0.0,0.0,0.0,0.0,2.2569637298583984,2.2569637298583984,0.0,3.0441818237304688,3.0441818237304688,0.0,0.0,0.0,0.0,0.0,0.0
8,616,23.44752148806583,23.45797983603552,False,-22.10988998413086,-0.3858903646469116,-18.85714340209961,-0.3291192352771759,53.846153259277344,0.9397926330566406,79.69230651855469,1.3908931016921997,79.03296661376953,1.3793854713439941,0.6868131868131868,0.006868131868131868,-0.3875519633293152,-0.42523372173309326,0.8287409543991089,1.3841181993484497,1.3952678442001343,0.004033692181110382,-22.20509147644043,-0.3875519569704144,-22.85714340209961,-0.39893240996713636,49.846153259277344,0.8699794938280924,79.30413055419922,1.3841181886022118,79.94295501708984,1.3952677788219374,0.4033692181110382,0.004033692181110382,False,False,0.0,0.0,0.0,0.0,0.0,1.5069522857666016,1.5069522857666016,0.0,2.3627967834472656,2.3627967834472656,0.0,0.0,0.0,0.0,0.0,0.0
8,617,23.48121887096204,23.492191100027412,False,-22.10988998413086,-0.3858903646469116,-19.47252655029297,-0.3398596942424774,53.4945068359375,0.9336552619934082,79.69230651855469,1.3908931016921997,79.56044006347656,1.3885916471481323,0.6868131868131868,0.006868131868131868,-0.38503390550613403,-0.412014901638031,0.8175515532493591,1.3843650817871094,1.399030327796936,0.004988349974155426,-22.060815811157227,-0.3850338715807172,-23.47252655029297,-0.4096728720643987,49.4945068359375,0.8638421059379503,79.31827545166016,1.384365063635262,80.15853118896484,1.3990302928100014,0.4988349974155426,0.004988349974155426,False,False,0.0,0.0,0.0,0.0,0.0,0.1341876983642578,0.1341876983642578,0.0,2.6522560119628906,2.6522560119628906,0.0,0.0,0.0,0.0,0.0,0.0
8,618,23.514334446983412,23.526236286968924,False,-22.549449920654297,-0.3935621380805969,-20.175825119018555,-0.3521345853805542,53.14285659790039,0.927517831325531,79.69230651855469,1.3908931016921997,79.56044006347656,1.3885916471481323,0.6868131868131868,0.006868131868131868,-0.3869536519050598,-0.4150392413139343,0.797573447227478,1.3845841884613037,1.3931772708892822,0.005575552582740784,-22.17081069946289,-0.3869536445420145,-23.77999496459961,-0.4150392082399356,49.14285659790039,0.8577046514687809,79.33082580566406,1.384584108634921,79.82317352294922,1.3931771973662253,0.5575552582740784,0.005575552582740784,False,False,0.0,0.0,0.0,0.0,0.0,0.0,0.0,0.0,3.4452667236328125,3.4452667236328125,0.0,0.0,0.0,0.0,0.0,0.0
8,619,23.547825344023295,23.56014794006478,False,-22.63736343383789,-0.3950965106487274,-20.879121780395508,-0.3644094169139862,52.79121017456055,0.9213804006576538,79.69230651855469,1.3908931016921997,79.73626708984375,1.3916603326797485,0.6868131868131868,0.006868131868131868,-0.3861094117164612,-0.4285396337509155,0.8348312377929688,1.3835957050323486,1.3962386846542358,0.009259667247533798,-22.122438430786133,-0.3861093891869457,-24.553510665893555,-0.4285396040433879,48.79121017456055,0.8515672635786388,79.2741928100586,1.3835956763963382,79.99858093261719,1.3962386341973259,0.9259667247533798,0.009259667247533798,False,False,0.0,0.0,0.0,0.0,0.0,0.0,0.0,0.0,0.9589080810546875,0.9589080810546875,0.0,0.0,0.0,0.0,0.0,0.0
8,620,23.581212977063842,23.592401004978456,False,-22.72527503967285,-0.3966308832168579,-21.318681716918945,-0.3720811903476715,52.43955993652344,0.9152429699897766,79.69230651855469,1.3908931016921997,79.73626708984375,1.3916603326797485,0.6868131868131868,0.006868131868131868,-0.39117640256881714,-0.4398980438709259,0.8226240873336792,1.3819029331207275,1.4011940956115723,0.006097897887229919,-22.412755966186523,-0.3911763860559577,-25.204299926757812,-0.4398980193820895,48.43955993652344,0.8454298091094694,79.17720031738281,1.3819028380494294,80.28250122070312,1.4011939780376363,0.6097897887229919,0.006097897887229919,False,False,0.0,0.0,0.0,0.0,0.0,0.0,0.0,0.0,1.3066749572753906,1.3066749572753906,0.0,0.0,0.0,0.0,0.0,0.0
8,621,23.615134518011473,23.628941436996683,False,-22.461538314819336,-0.3920277953147888,-21.934066772460938,-0.3828216791152954,52.087913513183594,0.9091055989265442,79.69230651855469,1.3908931016921997,79.64835357666016,1.3901259899139404,0.6868131868131868,0.006868131868131868,-0.3827832341194153,-0.42309609055519104,0.7888057231903076,1.3827977180480957,1.4013460874557495,0.00702589750289917,-21.931861877441406,-0.3827832008539776,-24.241619110107422,-0.4230960694857523,48.087913513183594,0.8392924212193273,79.22846984863281,1.382797660175696,80.29121398925781,1.4013460445358799,0.702589750289917,0.00702589750289917,False,False,0.0,0.0,0.0,0.0,0.0,0.0,0.0,0.0,2.8926773071289062,2.8926773071289062,0.0,0.0,0.0,0.0,0.0,0.0
8,622,23.647997263004072,23.659932838985696,False,-22.285715103149414,-0.3889591097831726,-22.63736343383789,-0.3950965106487274,51.82417678833008,0.9045025110244751,79.69230651855469,1.3908931016921997,79.56044006347656,1.3885916471481323,0.6868131868131868,0.006868131868131868,-0.3869452476501465,-0.3893285393714905,0.7629221677780151,1.384365439414978,1.3923094272613525,0.009294498711824417,-22.17032814025879,-0.38694522229506706,-22.306880950927734,-0.3893285184440926,47.82417678833008,0.8346893470122071,79.31829071044922,1.3843653299513712,79.77345275878906,1.392309406325023,0.9294498711824417,0.009294498711824417,False,False,0.0,0.0,0.0,0.0,0.0,0.0,0.0,0.0,4.111957550048828,4.111957550048828,0.0,0.0,0.0,0.0,0.0,0.0
8,623,23.681350624072365,23.695017699035816,False,-22.19780158996582,-0.3874247074127197,-22.813186645507812,-0.398165225982666,51.47252655029297,0.8983650803565979,79.78022003173828,1.3924275636672974,79.56044006347656,1.3885916471481323,0.6868131868131868,0.006868131868131868,-0.38731878995895386,-0.3936566710472107,0.764000654220581,1.381468653678894,1.374307632446289,0.008845683187246323,-22.191730499267578,-0.38731876392746434,-22.55486488342285,-0.3936566545581758,47.47252655029297,0.8285518925430377,79.1523208618164,1.381468609633692,78.74201965332031,1.3743075026205234,0.8845683187246323,0.008845683187246323,False,False,0.0,0.0,0.0,0.0,0.0,0.0,0.0,0.0,3.698516845703125,3.698516845703125,0.0,0.0,0.0,0.0,0.0,0.0
8,624,23.714960152981803,23.728180719073862,False,-22.19780158996582,-0.3874247074127197,-22.63736343383789,-0.3950965106487274,51.03296661376953,0.8906933069229126,79.86813354492188,1.3939619064331055,79.56044006347656,1.3885916471481323,0.6868131868131868,0.006868131868131868,-0.3937883973121643,-0.3926190733909607,0.7583909034729004,1.3801606893539429,1.3833606243133545,0.008337438106536865,-22.56241226196289,-0.3937883811635938,-22.49541473388672,-0.3926190537079673,47.03296661376953,0.8208801243908465,79.07737731933594,1.3801605980642995,79.2607192993164,1.3833605192720841,0.8337438106536865,0.008337438106536865,False,False,0.0,0.0,0.0,0.0,0.0,0.0,0.0,0.0,3.580371856689453,3.580371856689453,0.0,0.0,0.0,0.0,0.0,0.0
8,625,23.7482343519805,23.760008519049734,False,-22.19780158996582,-0.3874247074127197,-22.285715103149414,-0.3889591097831726,50.769229888916016,0.8860902190208435,79.78022003173828,1.3924275636672974,79.56044006347656,1.3885916471481323,0.6868131868131868,0.006868131868131868,-0.3971143960952759,-0.3898680508136749,0.7638199329376221,1.3730138540267944,1.38655686378479,0.01058809831738472,-22.75297737121582,-0.39711436975948017,-22.337793350219727,-0.389868041591429,46.769229888916016,0.8162770501837263,78.66789245605469,1.3730137389629629,79.44385528564453,1.3865568452123973,1.058809831738472,0.01058809831738472,False,False,0.0,0.0,0.0,0.0,0.0,0.0,0.0,0.0,3.005573272705078,3.005573272705078,0.0,0.0,0.0,0.0,0.0,0.0
8,626,23.78176781500224,23.794932805001736,False,-22.19780158996582,-0.3874247074127197,-22.285715103149414,-0.3889591097831726,50.593406677246094,0.8830215334892273,79.78022003173828,1.3924275636672974,79.56044006347656,1.3885916471481323,0.6868131868131868,0.006868131868131868,-0.3897513151168823,-0.3882775604724884,0.7693964838981628,1.3765617609024048,1.387524962425232,0.012880425900220871,-22.331104278564453,-0.3897512952671427,-22.24666404724121,-0.38827753520940644,46.593406677246094,0.8132083562386553,78.87117767333984,1.3765617353252209,79.49932098388672,1.387524904268641,1.288042590022087,0.012880425900220871,False,False,0.0,0.0,0.0,0.0,0.0,0.0,0.0,0.0,2.5102386474609375,2.5102386474609375,0.0,0.0,0.0,0.0,0.0,0.0
8,627,23.81527208199259,23.82691480498761,False,-22.19780158996582,-0.3874247074127197,-22.285715103149414,-0.3889591097831726,50.153846740722656,0.875349760055542,79.69230651855469,1.3908931016921997,79.47252655029297,1.3870571851730347,0.6868131868131868,0.006868131868131868,-0.3852403163909912,-0.396504670381546,0.7942379713058472,1.3782609701156616,1.3842658996582031,0.049654364585876465,-22.072643280029297,-0.385240299854712,-22.718042373657227,-0.3965046390279065,46.153846740722656,0.805536588086464,78.9685287475586,1.3782608321006915,79.31259155273438,1.3842658608846568,4.9654364585876465,0.049654364585876465,False,False,0.0,0.0,0.0,0.0,0.0,0.0,0.0,0.0,0.6473655700683594,0.6473655700683594,0.0,0.0,0.0,0.0,0.0,0.0
8,628,23.84850141906645,23.859199848026037,False,-22.285715103149414,-0.3889591097831726,-22.285715103149414,-0.3889591097831726,49.89011001586914,0.8707466721534729,79.42857360839844,1.3862900733947754,79.38461303710938,1.3855228424072266,0.8928571428571428,0.008928571428571428,-0.38745635747909546,-0.4009602665901184,0.7839123010635376,1.3784875869750977,1.3745697736740112,0.026392538100481033,-22.199613571166992,-0.3874563494872805,-22.973329544067383,-0.40096024068966357,45.89011001586914,0.8009335138793438,78.98151397705078,1.3784874671094571,78.75704193115234,1.3745696908298417,2.6392538100481033,0.026392538100481033,False,False,0.0,0.0,0.0,0.0,0.0,0.0,0.0,0.0,0.9752464294433594,0.9752464294433594,0.0,0.0,0.0,0.0,0.0,0.0
8,629,23.882769293966703,23.893901037983596,False,-22.373626708984375,-0.3904934525489807,-22.285715103149414,-0.3889591097831726,49.626373291015625,0.8661435842514038,79.42857360839844,1.3862900733947754,79.47252655029297,1.3870571851730347,1.2362637362637363,0.012362637362637364,-0.3911471962928772,-0.3934290409088135,0.7954685688018799,1.374409556388855,1.380035400390625,0.03563188016414642,-22.411083221435547,-0.39114719115250773,-22.54182243347168,-0.3934290208640012,45.626373291015625,0.7963304396722236,78.74786376953125,1.3744095016902733,79.07019805908203,1.3800352963350113,3.5631880164146423,0.03563188016414642,False,False,0.0,0.0,0.0,0.0,0.0,0.0,0.0,0.0,0.04938507080078125,0.04938507080078125,0.0,0.0,0.0,0.0,0.0,0.0
8,630,23.9161206970457,24.082868283963762,False,-22.373626708984375,-0.3904934525489807,-22.285715103149414,-0.3889591097831726,49.36263656616211,0.8615405559539795,79.42857360839844,1.3862900733947754,79.47252655029297,1.3870571851730347,2.0604395604395602,0.0206043956043956,-0.39919620752334595,-0.3997666835784912,0.7048670053482056,1.3779761791229248,1.367708444595337,0.015293031930923462,-22.872257232666016,-0.3991961960731087,-22.90494155883789,-0.39976664517860366,45.36263656616211,0.7917273654651034,78.95221710205078,1.377976140180162,78.3639144897461,1.3677083225973616,1.5293031930923462,0.015293031930923462,False,False,0.0,0.0,0.0,0.0,0.0,0.0,0.0,0.0,4.976734161376953,4.976734161376953,0.0,0.0,0.0,0.0,0.0,0.0
8,631,24.084319807006977,24.0952243990032,False,-22.373626708984375,-0.3904934525489807,-22.285715103149414,-0.3889591097831726,48.83516311645508,0.8523343801498413,79.42857360839844,1.3862900733947754,79.38461303710938,1.3855228424072266,3.021978021978022,0.03021978021978022,-0.3951544165611267,-0.354682058095932,0.6699486970901489,1.3793047666549683,1.3692477941513062,0.013679996132850647,-22.64067840576172,-0.3951543830657227,-20.3217830657959,-0.3546820243741659,44.83516311645508,0.782521217050863,79.02833557128906,1.379304658089948,78.45211791992188,1.3692477628654818,1.3679996132850647,0.013679996132850647,False,False,0.0,0.0,0.0,0.0,0.0,0.0,0.0,0.0,6.449932098388672,6.449932098388672,0.0,0.0,0.0,0.0,0.0,0.0
8,632,24.117665288969874,24.128470749012195,False,-22.373626708984375,-0.3904934525489807,-22.285715103149414,-0.3889591097831726,48.83516311645508,0.8523343801498413,79.42857360839844,1.3862900733947754,79.29669952392578,1.3839884996414185,3.021978021978022,0.03021978021978022,-0.4027782082557678,-0.3533983528614044,0.6425768136978149,1.3777236938476562,1.3676090240478516,0.01157514750957489,-23.077489852905273,-0.40277818102877894,-20.248233795166016,-0.35339834743923404,44.83516311645508,0.782521217050863,78.93775177001953,1.3777236725088224,78.35822296142578,1.3676089866887016,1.157514750957489,0.01157514750957489,False,False,0.0,0.0,0.0,0.0,0.0,0.0,0.0,0.0,8.018226623535156,8.018226623535156,0.0,0.0,0.0,0.0,0.0,0.0
8,633,24.150996459065937,24.16163706406951,False,-22.373626708984375,-0.3904934525489807,-22.19780158996582,-0.3874247074127197,48.74725341796875,0.8508000373840332,79.42857360839844,1.3862900733947754,79.29669952392578,1.3839884996414185,3.090659340659341,0.030906593406593408,-0.408388614654541,-0.33041808009147644,0.6051772832870483,1.3797016143798828,1.354052186012268,0.013286259025335312,-23.398942947387695,-0.4083885959182216,-18.931560516357422,-0.33041806355099484,44.74725341796875,0.780986903367841,79.05107879638672,1.3797016022504243,77.58147430419922,1.354052165159653,1.3286259025335312,0.013286259025335312,False,False,0.0,0.0,0.0,0.0,0.0,0.0,0.0,0.0,10.073150634765625,10.073150634765625,0.0,0.0,0.0,0.0,0.0,0.0
8,634,24.184471818967722,24.194815275026485,False,-22.549449920654297,-0.3935621380805969,-21.58241844177246,-0.3766842484474182,48.30769348144531,0.8431283235549927,79.42857360839844,1.3862900733947754,79.12088012695312,1.3809198141098022,2.2664835164835164,0.022664835164835164,-0.41591691970825195,-0.3043566942214966,0.5906153917312622,1.3807100057601929,1.3589730262756348,0.013864591717720032,-23.83028221130371,-0.4159168862666848,-17.58241844177246,-0.30687109227230036,44.30769348144531,0.7733151352156498,79.10884857177734,1.3807098750391285,77.86341094970703,1.3589728879057925,1.3864591717720032,0.013864591717720032,False,False,0.0,0.0,0.0,0.0,0.0,0.14406585693359375,0.14406585693359375,0.0,10.467926025390625,10.467926025390625,0.0,0.0,0.0,0.0,0.0,0.0
8,635,24.217795100994408,24.228514146991074,False,-22.989011764526367,-0.4012339413166046,-20.52747344970703,-0.358271986246109,48.0439567565918,0.8385252356529236,79.42857360839844,1.3862900733947754,78.68132019042969,1.3732481002807617,2.0604395604395602,0.0206043956043956,-0.40033650398254395,-0.25341078639030457,0.552811324596405,1.3846601247787476,1.366593599319458,0.010544627904891968,-22.937591552734375,-0.4003364950728534,-16.52747344970703,-0.2884588287333331,44.0439567565918,0.7687120610085296,79.33517456054688,1.3846600087259884,78.30004119873047,1.3665935233650544,1.0544627904891968,0.010544627904891968,False,False,0.0,0.0,0.0,0.0,0.0,2.0081052780151367,2.0081052780151367,0.0,12.370203018188477,12.370203018188477,0.0,0.0,0.0,0.0,0.0,0.0
8,636,24.251413210993633,24.2618018980138,False,-23.428571701049805,-0.4089057147502899,-19.208791732788086,-0.3352566659450531,47.78022003173828,0.8339221477508545,79.42857360839844,1.3862900733947754,78.68132019042969,1.3732481002807617,1.9230769230769231,0.019230769230769232,-0.3964425325393677,-0.24055154621601105,0.516232430934906,1.3841670751571655,1.358708143234253,0.012107916176319122,-22.7144832611084,-0.3964425207954804,-15.208791732788086,-0.26544349098724573,43.78022003173828,0.7641089868014094,79.30693054199219,1.3841670576082148,77.84823608398438,1.3587080365353843,1.2107916176319122,0.012107916176319122,False,False,0.0,0.0,0.0,0.0,0.0,1.426203727722168,1.426203727722168,0.0,14.202281951904297,14.202281951904297,0.0,0.0,0.0,0.0,0.0,0.0
8,637,24.285777584067546,24.296834112959914,False,-23.604394912719727,-0.41197440028190613,-17.89011001586914,-0.3122413158416748,47.516483306884766,0.8293190598487854,79.42857360839844,1.3862900733947754,78.68132019042969,1.3732481002807617,1.7170329670329672,0.017170329670329672,-0.3978974223136902,-0.21633604168891907,0.4927906095981598,1.3846338987350464,1.3549352884292603,0.010548476129770279,-22.797842025756836,-0.3978974056989907,-13.89011001586914,-0.24242815324115832,43.516483306884766,0.7595059125942891,79.33367156982422,1.3846337765892511,77.63207244873047,1.3549352693771235,1.054847612977028,0.010548476129770279,False,False,0.0,0.0,0.0,0.0,0.0,1.4949684143066406,1.4949684143066406,0.0,15.281661987304688,15.281661987304688,0.0,0.0,0.0,0.0,0.0,0.0
8,638,24.319188231020235,24.329975916072726,False,-23.340660095214844,-0.4073713719844818,-16.74725341796875,-0.2922947108745575,47.16483688354492,0.823181688785553,79.42857360839844,1.3862900733947754,78.5054931640625,1.370179295539856,1.6483516483516485,0.016483516483516484,-0.39248955249786377,-0.20835883915424347,0.4961983561515808,1.3813711404800415,1.3621184825897217,0.01078183576464653,-22.487993240356445,-0.3924895242104485,-12.74725341796875,-0.2224815427296556,43.16483688354492,0.7533685247041471,79.146728515625,1.3813710047797405,78.04363250732422,1.3621183474692853,1.078183576464653,0.01078183576464653,False,False,0.0,0.0,0.0,0.0,0.0,0.8091716766357422,0.8091716766357422,0.0,14.734766006469727,14.734766006469727,0.0,0.0,0.0,0.0,0.0,0.0
8,639,24.352546109003015,24.363803626969457,False,-22.72527503967285,-0.3966308832168579,-15.428571701049805,-0.2692793607711792,46.901100158691406,0.8185786008834839,79.42857360839844,1.3862900733947754,78.32967376708984,1.3671107292175293,1.5796703296703296,0.015796703296703296,-0.39285582304000854,-0.1905524879693985,0.474859356880188,1.3829479217529297,1.3488962650299072,0.01237548515200615,-22.50897979736328,-0.3928558087288753,-11.428571701049805,-0.19946620498356818,42.901100158691406,0.7487654504970268,79.23707580566406,1.3829478624611764,77.28605651855469,1.3488961521312053,1.237548515200615,0.01237548515200615,False,False,0.0,0.0,0.0,0.0,0.0,0.5107192993164062,0.5107192993164062,0.0,15.69366455078125,15.69366455078125,0.0,0.0,0.0,0.0,0.0,0.0
8,640,24.385977757978253,24.39746001001913,False,-22.63736343383789,-0.3950965106487274,-14.10988998413086,-0.2462640404701233,46.5494499206543,0.8124411702156067,79.42857360839844,1.3862900733947754,77.97801971435547,1.3609731197357178,1.4423076923076923,0.014423076923076922,-0.39447081089019775,-0.1709323525428772,0.4540686309337616,1.383791446685791,1.3606035709381104,0.012384653091430664,-22.601511001586914,-0.394470782903413,-10.10988998413086,-0.17645086723748077,42.5494499206543,0.7426279960278575,79.28540802001953,1.383791418736459,77.95684051513672,1.360603541441248,1.2384653091430664,0.012384653091430664,False,False,0.0,0.0,0.0,0.0,0.0,0.31618785858154297,0.31618785858154297,0.0,16.533235549926758,16.533235549926758,0.0,0.0,0.0,0.0,0.0,0.0
8,641,24.419451268971898,24.430779890040867,False,-22.813186645507812,-0.398165225982666,-12.79120922088623,-0.22324872016906738,46.19780349731445,0.8063037991523743,79.34066009521484,1.3847557306289673,77.97801971435547,1.3609731197357178,1.4423076923076923,0.014423076923076922,-0.4069666266441345,-0.13843190670013428,0.3710382282733917,1.3802810907363892,1.3495184183120728,0.013655681163072586,-23.317468643188477,-0.40696660105417376,-8.79120922088623,-0.15343554613615018,42.19780349731445,0.7364906081377154,79.08427429199219,1.3802809729455712,77.32170867919922,1.3495183997199023,1.3655681163072586,0.013655681163072586,False,False,0.0,0.0,0.0,0.0,0.0,0.8596458435058594,0.8596458435058594,0.0,20.938880920410156,20.938880920410156,0.0,0.0,0.0,0.0,0.0,0.0
8,642,24.45272511197254,24.46327970304992,False,-23.076923370361328,-0.4027682840824127,-11.472527503967285,-0.2002333700656891,45.93406677246094,0.8017007112503052,79.34066009521484,1.3847557306289673,78.15384674072266,1.3640419244766235,1.4423076923076923,0.014423076923076922,-0.3990267515182495,-0.10162264108657837,0.3839186429977417,1.3798766136169434,1.3431947231292725,0.012627717107534409,-22.862546920776367,-0.3990267191592388,-7.472527503967285,-0.13042020839006277,41.93406677246094,0.7318875339305951,79.06110382080078,1.3798765719340427,76.95938110351562,1.3431945905534546,1.2627717107534409,0.012627717107534409,False,False,0.0,0.0,0.0,0.0,0.0,1.649979591369629,1.649979591369629,0.0,19.937150955200195,19.937150955200195,0.0,0.0,0.0,0.0,0.0,0.0
8,643,24.48646780301351,24.497441953979433,False,-23.25274658203125,-0.4058369994163513,-10.241758346557617,-0.17875240743160248,45.58241653442383,0.7955632209777832,79.25274658203125,1.3832213878631592,78.15384674072266,1.3640419244766235,1.4423076923076923,0.014423076923076922,-0.3977280855178833,-0.10755959153175354,0.3850736916065216,1.3831268548965454,1.342420220375061,0.015438668429851532,-22.78813934326172,-0.3977280619431753,-6.241758346557617,-0.1089392342612677,41.58241653442383,0.7257500794614258,79.24732971191406,1.3831268268864298,76.91500854492188,1.3424201433084597,1.5438668429851532,0.015438668429851532,False,False,0.0,0.0,0.0,0.0,0.0,0.07904815673828125,0.07904815673828125,0.0,19.519319534301758,19.519319534301758,0.0,0.0,0.0,0.0,0.0,0.0
8,644,24.519940161029808,24.530217007966712,False,-23.25274658203125,-0.4058369994163513,-8.923076629638672,-0.15573707222938538,45.230770111083984,0.7894258499145508,78.989013671875,1.3786183595657349,77.80220031738281,1.3579045534133911,1.4423076923076923,0.014423076923076922,-0.39484912157058716,-0.14988338947296143,0.42382729053497314,1.3795924186706543,1.3294817209243774,0.01436108723282814,-22.623186111450195,-0.39484908493625875,-8.587685585021973,-0.14988338858468886,41.230770111083984,0.7196126915712837,79.04481506347656,1.3795922794876767,76.17369079589844,1.3294817077845276,1.436108723282814,0.01436108723282814,False,False,0.0,0.0,0.0,0.0,0.0,0.0,0.0,0.0,16.947256088256836,16.947256088256836,0.0,0.0,0.0,0.0,0.0,0.0
8,645,24.553078580996953,24.56448302604258,False,-22.989011764526367,-0.4012339413166046,-7.516483306884766,-0.13118737936019897,44.879119873046875,0.7832884192466736,78.9011001586914,1.3770840167999268,77.62637329101562,1.3548357486724854,1.4423076923076923,0.014423076923076922,-0.40620845556259155,-0.18585562705993652,0.4417632520198822,1.3815912008285522,1.3387142419815063,0.013902820646762848,-23.274028778076172,-0.40620843238134186,-10.64874267578125,-0.18585562089001384,40.879119873046875,0.7134752371021144,79.15933990478516,1.3815911150438356,76.70267486572266,1.33871422149356,1.3902820646762848,0.013902820646762848,False,False,0.0,0.0,0.0,0.0,0.0,0.0,0.0,0.0,15.567951202392578,15.567951202392578,0.0,0.0,0.0,0.0,0.0,0.0
8,646,24.5867395499954,24.597260263049975,False,-22.901098251342773,-0.3996995687484741,-6.901098728179932,-0.12044689059257507,44.52747344970703,0.7771509885787964,78.9011001586914,1.3770840167999268,77.27472686767578,1.348698377609253,1.4423076923076923,0.014423076923076922,-0.3996010422706604,-0.15870678424835205,0.38243603706359863,1.3796216249465942,1.3265718221664429,0.012849275022745132,-22.89545249938965,-0.39960102984831436,-9.093228340148926,-0.15870677417125764,40.52747344970703,0.7073378492119722,79.04649353027344,1.3796215742596676,76.00696563720703,1.3265718048194526,1.2849275022745132,0.012849275022745132,False,False,0.0,0.0,0.0,0.0,0.0,0.0,0.0,0.0,18.615503311157227,18.615503311157227,0.0,0.0,0.0,0.0,0.0,0.0
8,647,24.62096211197786,24.631662438972853,False,-22.813186645507812,-0.398165225982666,-7.252747058868408,-0.12658432126045227,44.263736724853516,0.7725479602813721,78.9011001586914,1.3770840167999268,77.0988998413086,1.3456296920776367,1.4423076923076923,0.014423076923076922,-0.4037218689918518,-0.11851683259010315,0.3763956129550934,1.3769557476043701,1.2663824558258057,0.012585688382387161,-23.13155746459961,-0.40372183887153484,-6.79051399230957,-0.11851682706854691,40.263736724853516,0.702734775004852,78.89374542236328,1.3769556168504438,73.0988998413086,1.2758164818163955,1.2585688382387161,0.012585688382387161,False,False,0.0,0.0,0.0,0.0,0.0,0.0,0.0,0.0,18.697858810424805,18.697858810424805,0.0,0.0,0.0,0.0,0.5405349731445312,0.5405349731445312
8,648,24.65392392897047,24.665242030052468,False,-22.813186645507812,-0.398165225982666,-8.04395580291748,-0.14039351046085358,43.912086486816406,0.7664104700088501,78.9011001586914,1.3770840167999268,77.010986328125,1.344095230102539,1.4423076923076923,0.014423076923076922,-0.4056277871131897,-0.12139478325843811,0.37514734268188477,1.3747962713241577,1.2018446922302246,0.01346639171242714,-23.240758895874023,-0.4056277633951637,-6.955408573150635,-0.12139478042291944,39.912086486816406,0.6965973205356827,78.77001953125,1.374796192680553,73.010986328125,1.2742821015543462,1.346639171242714,0.01346639171242714,False,False,0.0,0.0,0.0,0.0,0.0,0.0,0.0,0.0,18.417728424072266,18.417728424072266,0.0,0.0,0.0,0.0,4.150360107421875,4.150360107421875
8,649,24.687147116987035,24.69864025199786,False,-22.813186645507812,-0.398165225982666,-7.956043720245361,-0.13885915279388428,43.38461685180664,0.7572044134140015,78.9011001586914,1.3770840167999268,76.30769348144531,1.3318204879760742,1.4423076923076923,0.014423076923076922,-0.39985811710357666,-0.13661393523216248,0.3994608521461487,1.373274326324463,1.2196537256240845,0.01186838373541832,-22.910181045532227,-0.39985809147253426,-7.827401638031006,-0.13661393045963846,39.38461685180664,0.6873912387004695,78.68281555175781,1.3732741961175727,72.30769348144531,1.262007325774062,1.186838373541832,0.01186838373541832,False,False,0.0,0.0,0.0,0.0,0.0,0.0,0.0,0.0,16.4971981048584,16.4971981048584,0.0,0.0,0.0,0.0,2.4266891479492188,2.4266891479492188
8,650,24.72054693195969,24.73108920699451,False,-23.076923370361328,-0.4027682840824127,-7.252747058868408,-0.12658432126045227,42.94505310058594,0.7495325803756714,78.9011001586914,1.3770840167999268,75.07691955566406,1.3103394508361816,1.4423076923076923,0.014423076923076922,-0.40081387758255005,-0.1642734408378601,0.4216332733631134,1.3740452527999878,1.21109938621521,0.01405511423945427,-22.964942932128906,-0.4008138666982501,-9.412174224853516,-0.16427342999503894,38.94505310058594,0.679719403969251,78.72698974609375,1.3740451812531507,71.07691955566406,1.2405262684214828,1.405511423945427,0.01405511423945427,False,False,0.0,0.0,0.0,0.0,0.0,0.0,0.0,0.0,14.787246704101562,14.787246704101562,0.0,0.0,0.0,0.0,1.6860427856445312,1.6860427856445312
8,651,24.754041768959723,24.764136153040454,False,-23.16483497619629,-0.4043026268482208,-6.901098728179932,-0.12044689059257507,42.68132019042969,0.7449295520782471,78.9011001586914,1.3770840167999268,74.10989379882812,1.2934616804122925,1.4423076923076923,0.014423076923076922,-0.39852362871170044,-0.15808098018169403,0.40475142002105713,1.3753911256790161,1.188709020614624,0.013591192662715912,-22.833721160888672,-0.3985236147398092,-9.057372093200684,-0.15808096460460264,38.68132019042969,0.675116396341158,78.8041000366211,1.3753910097100221,70.10989379882812,1.2236484850131057,1.3591192662715912,0.013591192662715912,False,False,0.0,0.0,0.0,0.0,0.0,0.0,0.0,0.0,15.490774154663086,15.490774154663086,0.0,0.0,0.0,0.0,2.0018844604492188,2.0018844604492188
8,652,24.787542956066318,24.797600714024156,False,-23.16483497619629,-0.4043026268482208,-6.989010810852051,-0.12198124825954437,42.5054931640625,0.7418608069419861,78.9011001586914,1.3770840167999268,73.31867980957031,1.2796523571014404,1.4423076923076923,0.014423076923076922,-0.3966708183288574,-0.12957580387592316,0.3728795051574707,1.3758188486099243,1.1622624397277832,0.01469292864203453,-22.727561950683594,-0.3966707869904138,-7.4241461753845215,-0.12957579490980428,38.5054931640625,0.6720476358170597,78.82860565185547,1.3758187133810889,69.31867980957031,1.209839195812718,1.469292864203453,0.01469292864203453,False,False,0.0,0.0,0.0,0.0,0.0,0.0,0.0,0.0,17.14107322692871,17.14107322692871,0.0,0.0,0.0,0.0,2.7259521484375,2.7259521484375
8,653,24.820812752004713,24.83165640302468,False,-23.076923370361328,-0.4027682840824127,-7.252747058868408,-0.12658432126045227,42.06593322753906,0.7341890335083008,78.9011001586914,1.3770840167999268,72.17582702636719,1.2597057819366455,1.4423076923076923,0.014423076923076922,-0.3925741910934448,-0.10387453436851501,0.36628207564353943,1.3737400770187378,1.0846002101898193,0.015507388859987259,-22.492843627929688,-0.39257417944359946,-5.951571941375732,-0.10387452604631747,38.06593322753906,0.6643758676648684,78.70950317382812,1.3737399829922274,68.17582702636719,1.1898926518802424,1.550738885998726,0.015507388859987259,False,False,0.0,0.0,0.0,0.0,0.0,0.0,0.0,0.0,17.079517364501953,17.079517364501953,0.0,0.0,0.0,0.0,6.032817840576172,6.032817840576172
8,654,24.854185775038786,24.864549141959287,False,-23.076923370361328,-0.4027682840824127,-7.07692289352417,-0.12351560592651367,41.71428680419922,0.7280516624450684,78.81318664550781,1.375549554824829,71.29669952392578,1.2443621158599854,1.4423076923076923,0.014423076923076922,-0.39368003606796265,-0.10917924344539642,0.3627125024795532,1.378070592880249,1.0887930393218994,0.015322599560022354,-22.556203842163086,-0.3936800237967412,-6.255509376525879,-0.10917923500975427,37.71428680419922,0.6582384797747264,78.95762634277344,1.3780705492408054,67.29669952392578,1.1745489824178055,1.5322599560022354,0.015322599560022354,False,False,0.0,0.0,0.0,0.0,0.0,0.0,0.0,0.0,16.932392120361328,16.932392120361328,0.0,0.0,0.0,0.0,4.913455963134766,4.913455963134766
8,655,24.887534426059574,24.89843241102062,False,-22.989011764526367,-0.4012339413166046,-6.461538314819336,-0.11277511715888977,41.36263656616211,0.7219141721725464,78.9011001586914,1.3770840167999268,70.32967376708984,1.2274843454360962,1.4423076923076923,0.014423076923076922,-0.39514923095703125,-0.10277989506721497,0.3329438269138336,1.375604271888733,1.085111379623413,0.017106078565120697,-22.640382766723633,-0.3951492231911107,-5.888854026794434,-0.10277989193688924,37.36263656616211,0.652101025305557,78.81631469726562,1.375604195755283,66.32967376708984,1.1576711990094282,1.7106078565120697,0.017106078565120697,False,False,0.0,0.0,0.0,0.0,0.0,0.0,0.0,0.0,18.286361694335938,18.286361694335938,0.0,0.0,0.0,0.0,4.157375335693359,4.157375335693359
8,656,24.921023473958485,24.93419682106469,False,-22.989011764526367,-0.4012339413166046,-6.109889984130859,-0.10663769394159317,41.010990142822266,0.715776801109314,78.9011001586914,1.3770840167999268,69.36264038085938,1.2106064558029175,1.4423076923076923,0.014423076923076922,-0.39615821838378906,-0.09156262874603271,0.33788272738456726,1.3799182176589966,1.0802695751190186,0.015415351837873459,-22.698192596435547,-0.3961581950596008,-5.246151924133301,-0.09156262413596186,37.010990142822266,0.6459636374154148,79.06348419189453,1.3799181172470478,65.36264038085938,1.1407932824429965,1.5415351837873459,0.015415351837873459,False,False,0.0,0.0,0.0,0.0,0.0,0.0,0.0,0.0,17.651737213134766,17.651737213134766,0.0,0.0,0.0,0.0,3.4677581787109375,3.4677581787109375
8,657,24.955042373971082,24.9681004290469,False,-22.989011764526367,-0.4012339413166046,-6.02197790145874,-0.10510334372520447,40.74725341796875,0.7111737132072449,78.9011001586914,1.3770840167999268,68.3956069946289,1.1937285661697388,1.4423076923076923,0.014423076923076922,-0.3915832042694092,-0.09860235452651978,0.35409414768218994,1.3746864795684814,1.0416347980499268,0.017669688910245895,-22.436063766479492,-0.3915831839124673,-5.649498462677002,-0.09860234926007166,36.74725341796875,0.6413605632082947,78.76373291015625,1.3746864704436417,64.3956069946289,1.1239153658765648,1.7669688910245895,0.017669688910245895,False,False,0.0,0.0,0.0,0.0,0.0,0.0,0.0,0.0,16.45915412902832,16.45915412902832,0.0,0.0,0.0,0.0,4.714332580566406,4.714332580566406
8,658,24.98884743999224,25.002311557065696,False,-22.989011764526367,-0.4012339413166046,-5.670329570770264,-0.09896592050790787,40.30769348144531,0.7035019397735596,78.989013671875,1.3786183595657349,67.42857360839844,1.1768505573272705,1.4423076923076923,0.014423076923076922,-0.3860741853713989,-0.11159323155879974,0.3556618392467499,1.372591257095337,0.9965572953224182,0.014144916087388992,-22.120420455932617,-0.3860741688815294,-6.393820762634277,-0.11159322409034297,36.30769348144531,0.6336887950561034,78.64368438720703,1.3725912284560218,63.42857360839844,1.1070374493101331,1.4144916087388992,0.014144916087388992,False,False,0.0,0.0,0.0,0.0,0.0,0.0,0.0,0.0,15.929771423339844,15.929771423339844,0.0,0.0,0.0,0.0,6.330051422119141,6.330051422119141
8,659,25.021941849030554,25.03534270101227,False,-22.989011764526367,-0.4012339413166046,-5.494505405426025,-0.09589721262454987,39.9560432434082,0.6973645091056824,78.9011001586914,1.3770840167999268,66.54945373535156,1.1615071296691895,1.4423076923076923,0.014423076923076922,-0.3822161555290222,-0.11267910897731781,0.35266533493995667,1.3729171752929688,0.9465605616569519,0.017483040690422058,-21.899372100830078,-0.3822161472788725,-6.4560370445251465,-0.11267910305768757,35.9560432434082,0.6275513405869341,78.662353515625,1.3729170662153931,62.54945373535156,1.0916939130057506,1.7483040690422058,0.017483040690422058,False,False,0.0,0.0,0.0,0.0,0.0,0.0,0.0,0.0,15.749809265136719,15.749809265136719,0.0,0.0,0.0,0.0,8.315532684326172,8.315532684326172
8,660,25.05551075900439,25.219652684987523,False,-22.989011764526367,-0.4012339413166046,-5.494505405426025,-0.09589721262454987,39.69230651855469,0.6927614212036133,78.9011001586914,1.3770840167999268,65.5824203491211,1.1446291208267212,1.4423076923076923,0.014423076923076922,-0.404851496219635,-0.18227192759513855,0.5969995856285095,1.3629287481307983,1.0849392414093018,0.015078660100698471,-23.19628143310547,-0.4048514852269192,-9.494504928588867,-0.16571037185070484,35.69230651855469,0.6229482663798138,78.09005737304688,1.3629286142309418,62.162437438964844,1.0849392043749282,1.507866010069847,0.015078660100698471,False,False,0.0,0.0,0.0,0.0,0.0,0.948906421661377,0.9489068984985352,0.0,1.4867515563964844,1.4867515563964844,0.0,0.0,0.0,0.0,0.0,0.0
8,661,25.221115930005908,25.23287818802055,False,-21.846153259277344,-0.3812873065471649,-5.494505405426025,-0.09589721262454987,38.901100158691406,0.6789522767066956,78.9011001586914,1.3770840167999268,63.29670333862305,1.1047358512878418,1.4423076923076923,0.014423076923076922,-0.40534019470214844,-0.19225944578647614,0.5688432455062866,1.3611890077590942,1.0011268854141235,0.017556365579366684,-23.224281311035156,-0.40534017528694877,-9.494504928588867,-0.16571037185070484,34.901100158691406,0.6091391103374805,77.9903793334961,1.3611889042488476,59.29670333862305,1.0349227088372863,1.7556365579366684,0.017556365579366684,False,False,0.0,0.0,0.0,0.0,0.0,1.5211491584777832,1.5211496353149414,0.0,2.3087844848632812,2.3087844848632812,0.0,0.0,0.0,0.0,1.9363594055175781,1.9363594055175781
8,662,25.25442724500317,25.265812483034097,False,-22.0219783782959,-0.3843560218811035,-5.494505405426025,-0.09589721262454987,38.901100158691406,0.6789522767066956,78.9011001586914,1.3770840167999268,63.29670333862305,1.1047358512878418,1.4423076923076923,0.014423076923076922,-0.4049198031425476,-0.20741699635982513,0.5699470639228821,1.3679221868515015,1.0201244354248047,0.018674030900001526,-23.2001953125,-0.4049197953088798,-9.494504928588867,-0.16571037185070484,34.901100158691406,0.6091391103374805,78.37616729736328,1.3679221744328949,59.29670333862305,1.0349227088372863,1.8674030900001526,0.018674030900001526,False,False,0.0,0.0,0.0,0.0,0.0,2.3896126747131348,2.389613151550293,0.0,2.2455406188964844,2.2455406188964844,0.0,0.0,0.0,0.0,0.8478813171386719,0.8478813171386719
8,663,25.28841973003,25.300718110986054,False,-22.285715103149414,-0.3889591097831726,-5.758241653442383,-0.10050027817487717,38.72527313232422,0.6758835315704346,78.989013671875,1.3786183595657349,62.32966995239258,1.087857961654663,1.4423076923076923,0.014423076923076922,-0.406355082988739,-0.19378671050071716,0.5603811144828796,1.3707388639450073,1.0646300315856934,0.022141993045806885,-23.28243064880371,-0.40635507268886434,-9.758241653442383,-0.17031344605782503,34.72527313232422,0.6060703498133821,78.53754425048828,1.3707387336017627,60.99880599975586,1.064630004481011,2.2141993045806885,0.022141993045806885,False,False,0.0,0.0,0.0,0.0,0.0,1.3449182510375977,1.3449182510375977,0.0,2.6178016662597656,2.6178016662597656,0.0,0.0,0.0,0.0,0.0,0.0
8,664,25.321911990991794,25.332373204058968,False,-22.549449920654297,-0.3935621380805969,-6.461538314819336,-0.11277511715888977,38.46154022216797,0.6712805032730103,78.9011001586914,1.3770840167999268,61.18681335449219,1.0679113864898682,1.510989010989011,0.01510989010989011,-0.3984184265136719,-0.19273735582828522,0.5672752261161804,1.3736344575881958,1.026641607284546,0.022173501551151276,-22.827693939208984,-0.3984184198767511,-10.461538314819336,-0.1825882884171365,34.46154022216797,0.6014673421852892,78.70345306396484,1.3736343886550058,58.822227478027344,1.0266415428486577,2.2173501551151276,0.022173501551151276,False,False,0.0,0.0,0.0,0.0,0.0,0.5814981460571289,0.5814981460571289,0.0,1.9590644836425781,1.9590644836425781,0.0,0.0,0.0,0.0,0.0,0.0
8,665,25.355574700050056,25.36603400995955,False,-22.813186645507812,-0.398165225982666,-7.07692289352417,-0.12351560592651367,38.10988998413086,0.6651430726051331,78.63735961914062,1.372480869293213,60.659339904785156,1.05870521068573,1.6483516483516485,0.016483516483516484,-0.3916633725166321,-0.1937941014766693,0.560517430305481,1.3735946416854858,0.9844517707824707,0.014577455818653107,-22.440656661987305,-0.3916633450612787,-11.076923370361328,-0.19332878380391244,34.10988998413086,0.5953298877161198,78.701171875,1.373594574396709,56.659339904785156,0.9888920333451114,1.4577455818653107,0.014577455818653107,False,False,0.0,0.0,0.0,0.0,0.0,0.026660442352294922,0.02665996551513672,0.0,1.9946098327636719,1.9946098327636719,0.0,0.0,0.0,0.0,0.2544097900390625,0.2544097900390625
8,666,25.38939374301117,25.39990753098391,False,-23.16483497619629,-0.4043026268482208,-7.516483306884766,-0.13118737936019897,37.758243560791016,0.6590056419372559,78.63735961914062,1.372480869293213,60.83516311645508,1.0617738962173462,1.7857142857142856,0.017857142857142856,-0.3967275023460388,-0.19187486171722412,0.5592870712280273,1.3681938648223877,0.9001907110214233,0.04354028403759003,-22.730810165405273,-0.39672747903211886,-10.993618965148926,-0.1918748476515405,33.758243560791016,0.5891924998259778,78.39173126220703,1.368193816864083,56.83516311645508,0.9919607272901825,4.354028403759003,0.04354028403759003,False,False,0.0,0.0,0.0,0.0,0.0,0.0,0.0,0.0,1.7134552001953125,1.7134552001953125,0.0,0.0,0.0,0.0,5.258037567138672,5.258037567138672
8,667,25.42249092005659,25.432940767961554,False,-23.16483497619629,-0.4043026268482208,-7.956043720245361,-0.13885915279388428,37.4945068359375,0.6544026136398315,78.63735961914062,1.372480869293213,60.30769348144531,1.0525678396224976,1.7857142857142856,0.017857142857142856,-0.38510453701019287,-0.200765922665596,0.5565112233161926,1.3694732189178467,0.8375365734100342,0.02586289867758751,-22.064863204956055,-0.38510451192863154,-11.503039360046387,-0.20076591081931092,33.4945068359375,0.5845894256188575,78.46503448486328,1.369473199451757,56.30769348144531,0.9827546454549694,2.586289867758751,0.02586289867758751,False,False,0.0,0.0,0.0,0.0,0.0,0.0,0.0,0.0,1.6087646484375,1.6087646484375,0.0,0.0,0.0,0.0,8.320384979248047,8.320384979248047
8,668,25.456114727072418,25.469056289992295,False,-22.901098251342773,-0.3996995687484741,-8.307692527770996,-0.14499658346176147,37.14285659790039,0.6482651233673096,78.9011001586914,1.3770840167999268,58.72527313232422,1.024949312210083,1.7857142857142856,0.017857142857142856,-0.391892671585083,-0.2182426154613495,0.5585232377052307,1.3704546689987183,0.8683659434318542,0.0298350527882576,-22.453794479370117,-0.39189264323113454,-12.307692527770996,-0.2148097579327075,33.14285659790039,0.5784519711496882,78.5212631225586,1.3704545743134513,54.72527313232422,0.9551362002122481,2.98350527882576,0.0298350527882576,False,False,0.0,0.0,0.0,0.0,0.0,0.1966876983642578,0.1966876983642578,0.0,1.1418342590332031,1.1418342590332031,0.0,0.0,0.0,0.0,4.9715728759765625,4.9715728759765625
8,669,25.48973523406312,25.502726061968133,False,-22.461538314819336,-0.3920277953147888,-8.747252464294434,-0.15266835689544678,36.879119873046875,0.6436620354652405,78.989013671875,1.3786183595657349,57.846153259277344,1.009605884552002,2.2664835164835164,0.022664835164835164,-0.3927041292190552,-0.23200678825378418,0.5828527212142944,1.3712135553359985,0.8871966600418091,0.036858025938272476,-22.500288009643555,-0.3927041084152817,-12.747252464294434,-0.22248152608489877,33.39500045776367,0.5828527116929896,78.56474304199219,1.3712134420660693,53.846153259277344,0.9397926639078655,3.6858025938272476,0.036858025938272476,False,False,0.0,0.0,0.0,0.0,0.0,0.5457563400268555,0.5457563400268555,0.0,0.0,0.0,0.0,0.0,0.0,0.0,3.013530731201172,3.013530731201172
8,670,25.523102147039026,25.53560093906708,False,-22.373626708984375,-0.3904934525489807,-9.09890079498291,-0.15880577266216278,36.52747344970703,0.6375246644020081,78.989013671875,1.3786183595657349,57.05494689941406,0.9957966804504395,2.4725274725274726,0.024725274725274728,-0.39309102296829224,-0.21941150724887848,0.5746397972106934,1.3613669872283936,0.8366168141365051,0.033439360558986664,-22.5224552154541,-0.39309099914264295,-12.5713529586792,-0.21941150055928269,32.924434661865234,0.5746397892072943,78.00057983398438,1.3613669365677195,53.05494689941406,0.9259835078655322,3.3439360558986664,0.033439360558986664,False,False,0.0,0.0,0.0,0.0,0.0,0.0,0.0,0.0,0.0,0.0,0.0,0.0,0.0,0.0,5.120338439941406,5.120338439941406
8,671,25.556162778055295,25.568206061958335,False,-22.373626708984375,-0.3904934525489807,-9.714285850524902,-0.16954627633094788,36.35165023803711,0.6344559788703918,78.989013671875,1.3786183595657349,55.912086486816406,0.975849986076355,2.60989010989011,0.0260989010989011,-0.3911985158920288,-0.24706856906414032,0.5905676484107971,1.3685557842254639,0.8575343489646912,0.06002865359187126,-22.41402244567871,-0.39119849029300535,-13.714285850524902,-0.23935944265133047,33.837032318115234,0.5905676230548401,78.41246795654297,1.3685557404562247,51.912086486816406,0.9060368307750022,6.002865359187126,0.06002865359187126,False,False,0.0,0.0,0.0,0.0,0.0,0.4416999816894531,0.4416999816894531,0.0,0.0,0.0,0.0,0.0,0.0,0.0,2.77899169921875,2.77899169921875
8,672,25.589534817030653,25.600008531007916,False,-22.549449920654297,-0.3935621380805969,-10.15384578704834,-0.17721803486347198,36.35165023803711,0.6344559788703918,78.9011001586914,1.3770840167999268,55.03296661376953,0.9605064392089844,2.6785714285714284,0.026785714285714284,-0.3917340040206909,-0.2478635460138321,0.5904525518417358,1.3687673807144165,0.8621583580970764,0.09199170023202896,-22.444704055786133,-0.3917339854091931,-14.15384578704834,-0.24703121080352172,33.83043670654297,0.5904525079167215,78.42459106445312,1.3687673286048316,51.03296661376953,0.8906932944706197,7.678571428571429,0.07678571428571429,False,True,1.5205985946314673,0.0,0.0,0.0,0.0,0.04768848419189453,0.04768848419189453,0.0,0.0,0.0,0.0,0.0,0.0,0.0,1.6349334716796875,1.6349334716796875
8,673,25.622931807069108,25.63355017406866,False,-22.813186645507812,-0.398165225982666,-10.505494117736816,-0.18335546553134918,36.35165023803711,0.6344559788703918,78.63735961914062,1.372480869293213,54.06593322753906,0.9436285495758057,3.090659340659341,0.030906593406593408,-0.3969354033470154,-0.24423323571681976,0.5957565903663635,1.3698054552078247,0.8910641074180603,0.09283370524644852,-22.742721557617188,-0.3969353720447132,-13.99353313446045,-0.2442332271832572,34.134334564208984,0.5957565261227505,78.48406982421875,1.3698054287977444,51.0542106628418,0.891064073073386,8.090659340659341,0.08090659340659341,False,True,1.1927111839855105,0.0,0.0,0.0,0.0,0.0,0.0,0.0,0.0,0.0,0.0,0.0,0.0,0.0,0.0,0.0
8,674,25.656419762060978,25.667080005980097,False,-22.901098251342773,-0.3996995687484741,-11.032966613769531,-0.19256159663200378,36.35165023803711,0.6344559788703918,78.72527313232422,1.374015212059021,53.010990142822266,0.9252163171768188,4.532967032967033,0.04532967032967033,-0.3916783928871155,-0.2412969470024109,0.5961674451828003,1.3711098432540894,0.8813464045524597,0.13923589885234833,-22.441516876220703,-0.391678358631924,-13.825295448303223,-0.24129692563387672,34.157875061035156,0.5961673852999225,78.55879974365234,1.3711097119416107,50.4974250793457,0.8813463314137413,9.532967032967033,0.09532967032967032,False,True,4.3906228522678,0.0,0.0,0.0,0.0,0.0,0.0,0.0,0.0,0.0,0.0,0.0,0.0,0.0,0.0,0.0
8,675,25.689691959996708,25.70277925906703,False,-22.72527503967285,-0.3966308832168579,-11.384614944458008,-0.1986990123987198,36.35165023803711,0.6344559788703918,78.72527313232422,1.374015212059021,52.39560317993164,0.9144757986068726,5.975274725274725,0.059752747252747256,-0.39056628942489624,-0.25000524520874023,0.598275363445282,1.3746320009231567,0.8998304009437561,0.1707388460636139,-22.377798080444336,-0.3905662558502206,-14.324244499206543,-0.25000522937184044,34.27865219116211,0.5982753438817475,78.76060485839844,1.374631875641295,51.556480407714844,0.8998303338545726,10.975274725274726,0.10975274725274727,False,True,6.098609881086663,0.0,0.0,0.0,0.0,0.0,0.0,0.0,0.0,0.0,0.0,0.0,0.0,0.0,0.0,0.0
8,676,25.723414312000386,25.734506192966364,False,-22.549449920654297,-0.3935621380805969,-11.648351669311523,-0.20330208539962769,36.35165023803711,0.6344559788703918,78.63735961914062,1.372480869293213,51.868133544921875,0.9052696824073792,7.0054945054945055,0.07005494505494506,-0.3879528045654297,-0.2678731083869934,0.6100879907608032,1.3738863468170166,0.8934811353683472,0.19470900297164917,-22.228057861328125,-0.3879527960039849,-15.347997665405273,-0.26787309284972505,34.95546340942383,0.6100879280548485,78.71788787841797,1.3738863236941274,51.19269561767578,0.8934810914997147,12.005494505494505,0.12005494505494506,False,True,7.4654057916704115,0.0,0.0,0.0,0.0,0.0,0.0,0.0,0.0,0.0,0.0,0.0,0.0,0.0,0.0,0.0
8,677,25.756924411049113,25.767460722010583,False,-22.549449920654297,-0.3935621380805969,-11.736263275146484,-0.2048364281654358,36.35165023803711,0.6344559788703918,78.72527313232422,1.374015212059021,51.69230651855469,0.9022009372711182,8.447802197802199,0.08447802197802198,-0.3858581781387329,-0.26161861419677734,0.6022552251815796,1.3700374364852905,0.9055184125900269,0.19218552112579346,-22.108043670654297,-0.38585815322761036,-14.989641189575195,-0.26161859245064667,34.50667953491211,0.602255171814762,78.49736022949219,1.3700373901286904,51.882381439208984,0.905518379889791,13.447802197802199,0.134478021978022,False,True,5.770749914777147,0.0,0.0,0.0,0.0,0.0,0.0,0.0,0.0,0.0,0.0,0.0,0.0,0.0,0.0,0.0
8,678,25.790487754973583,25.800723218009807,False,-22.461538314819336,-0.3920277953147888,-12.263736724853516,-0.21404258906841278,36.35165023803711,0.6344559788703918,78.72527313232422,1.374015212059021,51.69230651855469,0.9022009372711182,9.752747252747254,0.09752747252747254,-0.3833351135253906,-0.26762574911117554,0.6273455619812012,1.3703303337097168,0.9056857228279114,0.19046556949615479,-21.963483810424805,-0.3833351077003829,-15.33382511138916,-0.2676257351187271,35.944252014160156,0.6273455448136982,78.5141372680664,1.3703302046905446,51.8919677734375,0.9056856929852752,14.752747252747254,0.14752747252747253,False,True,4.293809696868225,0.0,0.0,0.0,0.0,0.0,0.0,0.0,0.0,0.0,0.0,0.0,0.0,0.0,0.0,0.0
8,679,25.82391032006126,25.83439279603772,False,-22.461538314819336,-0.3920277953147888,-12.615385055541992,-0.22018000483512878,36.35165023803711,0.6344559788703918,78.72527313232422,1.374015212059021,51.69230651855469,0.9022009372711182,10.851648351648352,0.10851648351648352,-0.38573455810546875,-0.26331421732902527,0.6213226914405823,1.3732337951660156,0.8981482982635498,0.1900748312473297,-22.100961685180664,-0.3857345492635171,-15.086792945861816,-0.2633142104719433,35.59916687011719,0.6213226728504295,78.68049621582031,1.3732337160690034,51.460105895996094,0.8981482813100785,15.851648351648352,0.1585164835164835,False,True,3.155834773084619,0.0,0.0,0.0,0.0,0.0,0.0,0.0,0.0,0.0,0.0,0.0,0.0,0.0,0.0,0.0
8,680,25.85711782798171,25.867721209069714,False,-22.461538314819336,-0.3920277953147888,-12.879120826721191,-0.2247830629348755,36.35165023803711,0.6344559788703918,78.72527313232422,1.374015212059021,51.69230651855469,0.9022009372711182,12.293956043956044,0.12293956043956043,-0.38503313064575195,-0.2664152979850769,0.6182667016983032,1.3735320568084717,0.9025570750236511,0.19423538446426392,-22.060771942138672,-0.3850331059219038,-15.264471054077148,-0.26641527846901564,35.424072265625,0.6182666954995636,78.69758605957031,1.3735319901110923,51.71270751953125,0.9025570113366502,17.293956043956044,0.17293956043956044,False,True,2.129582402470348,0.0,0.0,0.0,0.0,0.0,0.0,0.0,0.0,0.0,0.0,0.0,0.0,0.0,0.0,0.0
8,681,25.890568686067127,25.90122328803409,False,-22.549449920654297,-0.3935621380805969,-12.967033386230469,-0.2263174206018448,36.52747344970703,0.6375246644020081,78.72527313232422,1.374015212059021,51.69230651855469,0.9022009372711182,13.598901098901099,0.13598901098901098,-0.38650190830230713,-0.2573075592517853,0.6129539608955383,1.371895670890808,0.8916627168655396,0.19894862174987793,-22.144926071166992,-0.38650187255259616,-14.742636680603027,-0.2573075505018105,35.11967468261719,0.6129539554409645,78.60382843017578,1.371895610779293,51.08850860595703,0.8916626851074085,18.5989010989011,0.185989010989011,False,True,1.2959610760866944,0.0,0.0,0.0,0.0,0.0,0.0,0.0,0.0,0.0,0.0,0.0,0.0,0.0,0.0,0.0
8,682,25.924198284978047,25.936168338055722,False,-22.549449920654297,-0.3935621380805969,-12.967033386230469,-0.2263174206018448,36.52747344970703,0.6375246644020081,78.72527313232422,1.374015212059021,51.69230651855469,0.9022009372711182,14.835164835164836,0.14835164835164835,-0.3856455087661743,-0.2570253014564514,0.6251533031463623,1.3676930665969849,0.8799712657928467,0.2012813687324524,-22.09585952758789,-0.3856454998145675,-14.72646427154541,-0.2570252887157757,35.81864547729492,0.6251532971833722,78.363037109375,1.3676930094210935,50.418636322021484,0.879971208184879,19.835164835164836,0.19835164835164837,False,True,0.2929720380804035,0.0,0.0,0.0,0.0,0.0,0.0,0.0,0.0,0.0,0.0,0.0,0.0,0.0,0.0,0.0
8,683,25.95743020705413,25.968976528965868,False,-22.549449920654297,-0.3935621380805969,-12.967033386230469,-0.2263174206018448,36.52747344970703,0.6375246644020081,78.72527313232422,1.374015212059021,51.69230651855469,0.9022009372711182,16.208791208791208,0.16208791208791207,-0.38777613639831543,-0.29097476601600647,0.6364087462425232,1.3664114475250244,0.8780950903892517,0.20310121774673462,-22.21793556213379,-0.3877761285551718,-16.6716251373291,-0.29097475030464465,36.463531494140625,0.6364086814774014,78.28960418701172,1.366411363146493,50.31113815307617,0.8780950111969181,20.310121774673462,0.20310121774673462,False,False,0.0,0.0,0.0,0.0,0.0,0.0,0.0,0.0,0.0,0.0,0.0,0.0,0.0,0.0,0.0,0.0
8,684,25.9908033820102,26.002058212063275,False,-22.461538314819336,-0.3920277953147888,-12.967033386230469,-0.2263174206018448,36.52747344970703,0.6375246644020081,78.72527313232422,1.374015212059021,51.42856979370117,0.8975978493690491,17.513736263736263,0.17513736263736263,-0.38773447275161743,-0.26805180311203003,0.6451706886291504,1.3688809871673584,0.9067191481590271,0.19868627190589905,-22.215547561645508,-0.38773445008411206,-15.358236312866211,-0.26805179095886933,36.96555709838867,0.6451706812008438,78.43109893798828,1.3688809124253234,51.951175689697266,0.9067190660672533,19.868627190589905,0.19868627190589905,False,False,0.0,0.0,0.0,0.0,0.0,0.0,0.0,0.0,0.0,0.0,0.0,0.0,0.0,0.0,0.0,0.0
8,685,26.024175908067264,26.034357564989477,False,-22.461538314819336,-0.3920277953147888,-13.05494499206543,-0.2278517782688141,36.61538314819336,0.6390590071678162,78.72527313232422,1.374015212059021,51.16483688354492,0.8929948806762695,18.543956043956044,0.18543956043956045,-0.3874583840370178,-0.25415655970573425,0.6227138042449951,1.3667271137237549,0.8973281383514404,0.19809266924858093,-22.19972801208496,-0.3874583468580981,-14.562097549438477,-0.2541565482342992,35.678871154785156,0.6227137750458324,78.30769348144531,1.3667270808937217,51.41311264038086,0.8973280942733614,19.809266924858093,0.19809266924858093,False,False,0.0,0.0,0.0,0.0,0.0,0.0,0.0,0.0,0.0,0.0,0.0,0.0,0.0,0.0,0.0,0.0
8,686,26.057676890981384,26.086307062068954,False,-22.461538314819336,-0.3920277953147888,-13.670330047607422,-0.238592267036438,37.05494689941406,0.6467308402061462,78.72527313232422,1.374015212059021,51.07692337036133,0.8914604783058167,18.818681318681318,0.18818681318681318,-0.3840227723121643,-0.27246028184890747,0.6548752784729004,1.360177993774414,0.9067198038101196,0.19751709699630737,-22.00288200378418,-0.3840227358938414,-15.610823631286621,-0.27246027131408884,37.52158737182617,0.6548752402130925,77.93245697021484,1.3601779682990536,51.95121383666992,0.9067197318575257,19.751709699630737,0.19751709699630737,False,False,0.0,0.0,0.0,0.0,0.0,0.0,0.0,0.0,0.0,0.0,0.0,0.0,0.0,0.0,0.0,0.0
8,687,26.09139488497749,26.103100650012493,False,-22.461538314819336,-0.3920277953147888,-13.758241653442383,-0.2401266098022461,37.14285659790039,0.6482651233673096,78.72527313232422,1.374015212059021,51.07692337036133,0.8914604783058167,19.09340659340659,0.19093406593406592,-0.3798307776451111,-0.27487611770629883,0.661879301071167,1.361128807067871,0.8949847221374512,0.19407084584236145,-21.762699127197266,-0.37983075389048854,-15.74924087524414,-0.27487610796268375,37.922889709472656,0.6618792873009737,77.98693084716797,1.3611287168082118,51.27884292602539,0.8949846456721461,19.407084584236145,0.19407084584236145,False,False,0.0,0.0,0.0,0.0,0.0,0.0,0.0,0.0,0.0,0.0,0.0,0.0,0.0,0.0,0.0,0.0
8,688,26.125154945999384,26.13671691401396,False,-22.461538314819336,-0.3920277953147888,-13.670330047607422,-0.238592267036438,37.14285659790039,0.6482651233673096,78.54945373535156,1.3709465265274048,51.25274658203125,0.8945291638374329,19.162087912087912,0.19162087912087913,-0.3770885467529297,-0.267061322927475,0.6553318500518799,1.3543798923492432,0.8922942280769348,0.1991741955280304,-21.605581283569336,-0.37708853020554756,-15.301486015319824,-0.26706131141519845,37.54774856567383,0.6553318391819867,77.60025024414062,1.3543798671317875,51.124691009521484,0.8922941871808936,19.91741955280304,0.1991741955280304,False,False,0.0,0.0,0.0,0.0,0.0,0.0,0.0,0.0,0.0,0.0,0.0,0.0,0.0,0.0,0.0,0.0
8,689,26.15880306600593,26.169849558966234,False,-22.461538314819336,-0.3920277953147888,-13.670330047607422,-0.238592267036438,37.67033004760742,0.6574712991714478,78.63735961914062,1.372480869293213,51.340660095214844,0.8960635662078857,19.162087912087912,0.19162087912087913,-0.3778899908065796,-0.27179834246635437,0.6599482893943787,1.3380799293518066,0.8912168741226196,0.19940710067749023,-21.651500701904297,-0.3778899752460933,-15.572896957397461,-0.27179832598039283,37.81224822998047,0.6599482291945572,76.66632843017578,1.338079856521903,51.06296157836914,0.8912168053619021,19.940710067749023,0.19940710067749023,False,False,0.0,0.0,0.0,0.0,0.0,0.0,0.0,0.0,0.0,0.0,0.0,0.0,0.0,0.0,0.0,0.0
8,690,26.19238659797702,26.357315458008088,False,-22.461538314819336,-0.3920277953147888,-13.758241653442383,-0.2401266098022461,38.021976470947266,0.6636086702346802,78.46154022216797,1.3694121837615967,51.25274658203125,0.8945291638374329,19.29945054945055,0.1929945054945055,-0.37711238861083984,-0.30802929401397705,0.6593540906906128,1.357422113418579,0.8539683222770691,0.1987428069114685,-21.60694694519043,-0.37711236549730376,-17.64877700805664,-0.3080292677408622,37.77820587158203,0.6593540779553606,77.77455139160156,1.357421996044985,48.92877960205078,0.853968303038427,19.87428069114685,0.1987428069114685,False,False,0.0,0.0,0.0,0.0,0.0,0.0,0.0,0.0,0.0,0.0,0.0,0.0,0.0,0.0,0.0,0.0
8,691,26.358761240029708,26.3706150080543,False,-21.494504928588867,-0.3751498758792877,-13.758241653442383,-0.2401266098022461,38.10988998413086,0.6651430726051331,77.31867980957031,1.3494654893875122,51.25274658203125,0.8945291638374329,19.574175824175825,0.19574175824175824,-0.38507139682769775,-0.32932204008102417,0.6535601615905762,1.3605602979660034,0.8499360680580139,0.19978055357933044,-22.062965393066406,-0.3850713888625737,-17.758241653442383,-0.3099397862173714,37.44623565673828,0.6535601046877841,77.95436096191406,1.3605602650735344,48.69774627685547,0.849936010831938,19.978055357933044,0.19978055357933044,False,False,0.0,0.0,0.0,0.0,0.0,1.1105194091796875,1.1105194091796875,0.0,0.0,0.0,0.0,0.0,0.0,0.0,0.0,0.0
8,692,26.392185178003274,26.4033984990092,False,-21.58241844177246,-0.3766842484474182,-13.758241653442383,-0.2401266098022461,38.10988998413086,0.6651430726051331,77.31867980957031,1.3494654893875122,51.25274658203125,0.8945291638374329,19.574175824175825,0.19574175824175824,-0.37349647283554077,-0.3335968852043152,0.6623209714889526,1.3630632162094116,0.8647534847259521,0.1958121359348297,-21.399770736694336,-0.37349645852724866,-17.758241653442383,-0.3099397862173714,37.94819259643555,0.662320905988736,78.09776306152344,1.3630631038659908,49.546722412109375,0.8647534396629754,19.58121359348297,0.1958121359348297,False,False,0.0,0.0,0.0,0.0,0.0,1.3554515838623047,1.3554515838623047,0.0,0.0,0.0,0.0,0.0,0.0,0.0,0.0,0.0
8,693,26.426150285056792,26.437068450031802,False,-21.670330047607422,-0.3782186210155487,-14.373626708984375,-0.25086709856987,38.10988998413086,0.6651430726051331,77.4945068359375,1.352534294128418,50.72527313232422,0.8853230476379395,19.574175824175825,0.19574175824175824,-0.3655429482460022,-0.3366740345954895,0.6561226844787598,1.3641493320465088,0.8713526129722595,0.19580334424972534,-20.944067001342773,-0.36554292793172705,-18.373626708984375,-0.32068028160414735,37.59305953979492,0.6561226648676857,78.15999603271484,1.3641492741165797,49.92482376098633,0.87135255310711,19.580334424972534,0.19580334424972534,False,False,0.0,0.0,0.0,0.0,0.0,0.9163742065429688,0.9163742065429688,0.0,0.0,0.0,0.0,0.0,0.0,0.0,0.0,0.0
8,694,26.459653572994284,26.469846380059607,False,-21.670330047607422,-0.3782186210155487,-14.98901081085205,-0.2616075873374939,38.10988998413086,0.6651430726051331,77.75823974609375,1.3571373224258423,49.93406677246094,0.871513843536377,19.574175824175825,0.19574175824175824,-0.3604932427406311,-0.3355880081653595,0.6627460718154907,1.3647189140319824,0.8713197112083435,0.19422951340675354,-20.654739379882812,-0.3604932083202869,-18.989009857177734,-0.33142074370140967,37.97254943847656,0.66274601307774,78.192626953125,1.364718791115693,49.92293930053711,0.8713196630676475,19.422951340675354,0.19422951340675354,False,False,0.0,0.0,0.0,0.0,0.0,0.23876476287841797,0.23876571655273438,0.0,0.0,0.0,0.0,0.0,0.0,0.0,0.0,0.0
8,695,26.49309711297974,26.50474171806127,False,-21.670330047607422,-0.3782186210155487,-15.604395866394043,-0.2723480761051178,38.10988998413086,0.6651430726051331,77.75823974609375,1.3571373224258423,49.846153259277344,0.8699795007705688,19.574175824175825,0.19574175824175824,-0.3506975769996643,-0.35428452491760254,0.6847330331802368,1.3645344972610474,0.8753452301025391,0.19601109623908997,-20.093490600585938,-0.35069756919875744,-19.60439682006836,-0.3421612723776992,39.2323112487793,0.6847330044584069,78.18206024169922,1.364534367210205,50.15358352661133,0.8753451642133567,19.601109623908997,0.19601109623908997,False,False,0.0,0.0,0.0,0.0,0.0,0.6946115493774414,0.694610595703125,0.0,0.0,0.0,0.0,0.0,0.0,0.0,0.0,0.0
8,696,26.526471585035324,26.537027699989267,False,-21.58241844177246,-0.3766842484474182,-16.131868362426758,-0.2815542221069336,38.10988998413086,0.6651430726051331,77.75823974609375,1.3571373224258423,50.021976470947266,0.8730481863021851,19.574175824175825,0.19574175824175824,-0.34401780366897583,-0.32549887895584106,0.6704142093658447,1.3654829263687134,0.8963353633880615,0.19462868571281433,-19.71076774597168,-0.3440177952631071,-18.64971160888672,-0.3254988721224822,38.411903381347656,0.6704141859624596,78.23640441894531,1.365482852032437,51.356231689453125,0.896335334398007,19.462868571281433,0.19462868571281433,False,False,0.0,0.0,0.0,0.0,0.0,0.0,0.0,0.0,0.0,0.0,0.0,0.0,0.0,0.0,0.0,0.0
8,697,26.559693012037314,26.570082357968204,False,-21.14285659790039,-0.3690124452114105,-16.74725341796875,-0.2922947108745575,38.63736343383789,0.6743491888046265,77.75823974609375,1.3571373224258423,50.10988998413086,0.8745825886726379,19.574175824175825,0.19574175824175824,-0.3304566740989685,-0.35176795721054077,0.6840486526489258,1.3524867296218872,0.913550853729248,0.19413641095161438,-18.93377113342285,-0.33045664609728737,-20.154817581176758,-0.35176792693037395,39.19309997558594,0.6840486386372838,77.49177551269531,1.35248662591285,52.34260559082031,0.9135508066326062,19.413641095161438,0.19413641095161438,False,False,0.0,0.0,0.0,0.0,0.0,0.0,0.0,0.0,0.0,0.0,0.0,0.0,0.0,0.0,0.0,0.0
8,698,26.5934673770098,26.60393893404398,False,-20.615385055541992,-0.3598063290119171,-16.923076629638672,-0.2953633964061737,39.07692337036133,0.6820209622383118,77.75823974609375,1.3571373224258423,50.10988998413086,0.8745825886726379,19.574175824175825,0.19574175824175824,-0.31594961881637573,-0.39160141348838806,0.7366901636123657,1.3433482646942139,0.9265615940093994,0.1934339553117752,-18.10257911682129,-0.31594960869129873,-20.923076629638672,-0.365176576834273,42.20923614501953,0.7366901454823895,76.96818542480469,1.3433482549483522,53.08806610107422,0.9265615469801339,19.34339553117752,0.1934339553117752,False,False,0.0,0.0,0.0,0.0,0.0,1.5140304565429688,1.5140304565429688,0.0,0.0,0.0,0.0,0.0,0.0,0.0,0.0,0.0
8,699,26.626815311028622,26.637128376984037,False,-20.0,-0.3490658402442932,-17.098901748657227,-0.2984321415424347,39.16483688354492,0.6835553646087646,77.67032623291016,1.3556028604507446,50.72527313232422,0.8853230476379395,19.574175824175825,0.19574175824175824,-0.31048545241355896,-0.39300212264060974,0.7534409761428833,1.2872377634048462,0.914951741695404,0.19429749250411987,-17.789505004882812,-0.310485434635215,-21.098901748657227,-0.3682453040688577,43.16483688354492,0.7533685247041471,73.75328826904297,1.2872377144673093,52.42287063598633,0.9149516959450152,19.429749250411987,0.19429749250411987,False,False,0.0,0.0,0.0,0.0,0.0,1.4184608459472656,1.4184608459472656,0.0,0.004150390625,0.004150390625,0.0,0.0,0.0,0.0,0.0,0.0
8,700,26.660096556064673,26.67121480498463,False,-19.384614944458008,-0.3383253514766693,-17.80219841003418,-0.3107069730758667,39.9560432434082,0.6973645091056824,77.05494689941406,1.344862461090088,51.516483306884766,0.899132251739502,19.574175824175825,0.19574175824175824,-0.30801260471343994,-0.38846030831336975,0.7837790250778198,1.2314708232879639,0.9067339897155762,0.19615685939788818,-17.6478214263916,-0.30801258969453554,-21.80219841003418,-0.38052014642816917,43.9560432434082,0.7671776807464804,73.05494689941406,1.275049358264398,51.9520263671875,0.9067339131903305,19.61568593978882,0.19615685939788818,False,False,0.0,0.0,0.0,0.0,0.0,0.4549369812011719,0.4549369812011719,0.0,0.9511833190917969,0.9511833190917969,0.0,2.4968719482421875,2.4968719482421875,0.0,0.0,0.0
8,701,26.693875539000146,26.70505364704877,False,-18.769229888916016,-0.3275848627090454,-18.593406677246094,-0.3245161771774292,41.36263656616211,0.7219141721725464,77.05494689941406,1.344862461090088,51.60439682006836,0.9006666541099548,19.574175824175825,0.19574175824175824,-0.30755364894866943,-0.3669275641441345,0.7957175374031067,1.1789979934692383,0.8992928266525269,0.1960395872592926,-17.621524810791016,-0.30755362717017404,-21.023399353027344,-0.36692753867197286,45.36263656616211,0.7917273654651034,73.05494689941406,1.275049358264398,51.52568054199219,0.8992927747885401,19.60395872592926,0.1960395872592926,False,False,0.0,0.0,0.0,0.0,0.0,0.0,0.0,0.0,0.22861862182617188,0.22861862182617188,0.0,5.5033416748046875,5.5033416748046875,0.0,0.0,0.0
8,702,26.727723920019343,26.73807320499327,False,-18.41758155822754,-0.3214474320411682,-19.120878219604492,-0.3337222635746002,42.94505310058594,0.7495325803756714,75.73626708984375,1.3218472003936768,51.516483306884766,0.899132251739502,19.574175824175825,0.19574175824175824,-0.3083217144012451,-0.37171638011932373,0.8346173763275146,1.1494778394699097,0.8976825475692749,0.1966722011566162,-17.665531158447266,-0.3083216828285529,-21.297779083251953,-0.3717163683651261,46.94505310058594,0.8193457441287973,71.73626708984375,1.2520340538078243,51.43341827392578,0.8976824944354237,19.66722011566162,0.1966722011566162,False,False,0.0,0.0,0.0,0.0,0.0,0.0,0.0,0.0,0.8749961853027344,0.8749961853027344,0.0,5.876045227050781,5.876045227050781,0.0,0.0,0.0
8,703,26.76077512500342,26.77115953201428,False,-17.9780216217041,-0.3137756586074829,-19.208791732788086,-0.3352566659450531,44.263736724853516,0.7725479602813721,74.15384674072266,1.2942287921905518,51.60439682006836,0.9006666541099548,19.574175824175825,0.19574175824175824,-0.3066408336162567,-0.34622636437416077,0.8341437578201294,1.128873586654663,0.8907619118690491,0.19676604866981506,-17.569225311279297,-0.30664082870654935,-19.837308883666992,-0.3462263547551098,47.79291534423828,0.8341437318838771,70.15384674072266,1.224415608565103,51.036895751953125,0.8907618708686892,19.676604866981506,0.19676604866981506,False,False,0.0,0.0,0.0,0.0,0.0,0.0,0.0,0.0,0.0,0.0,0.0,5.474159240722656,5.474159240722656,0.0,0.0,0.0
8,704,26.794122460996732,26.80618020298425,False,-17.714284896850586,-0.3091726005077362,-19.47252655029297,-0.3398596942424774,45.67033004760742,0.7970976233482361,73.89010620117188,1.289625644683838,51.516483306884766,0.899132251739502,19.574175824175825,0.19574175824175824,-0.31137651205062866,-0.34775906801223755,0.8575774431228638,1.1026047468185425,0.9086096882820129,0.19572973251342773,-17.840559005737305,-0.3113764950464419,-19.925125122070312,-0.34775903725196405,49.13556671142578,0.8575774189477023,69.89010620117188,1.2198124677789557,52.05949783325195,0.9086096441251005,19.572973251342773,0.19572973251342773,False,False,0.0,0.0,0.0,0.0,0.0,0.0,0.0,0.0,0.0,0.0,0.0,6.715511322021484,6.715511322021484,0.0,0.0,0.0
8,705,26.82795594003983,26.839708514977247,False,-17.714284896850586,-0.3091726005077362,-19.47252655029297,-0.3398596942424774,47.16483688354492,0.823181688785553,72.74725341796875,1.269679069519043,51.42856979370117,0.8975978493690491,19.574175824175825,0.19574175824175824,-0.3067188858985901,-0.337630033493042,0.8689398765563965,1.085096836090088,0.9191818833351135,0.19755256175994873,-17.57369613647461,-0.3067188593264887,-19.34477424621582,-0.3376300036514703,49.786582946777344,0.8689397957385254,68.74725341796875,1.1998659238464802,52.66524124145508,0.919181861020497,19.755256175994873,0.19755256175994873,False,False,0.0,0.0,0.0,0.0,0.0,0.0,0.0,0.0,0.0,0.0,0.0,6.575786590576172,6.575786590576172,0.0,0.0,0.0
8,706,26.861243154969998,26.872770313057117,False,-17.80219841003418,-0.3107069730758667,-19.384614944458008,-0.3383253514766693,48.30769348144531,0.8431283235549927,71.16483306884766,1.242060661315918,51.60439682006836,0.9006666541099548,19.574175824175825,0.19574175824175824,-0.312734454870224,-0.37863174080848694,0.928813099861145,1.0592268705368042,0.921567440032959,0.19693633913993835,-17.918363571166992,-0.3127344408862733,-21.694000244140625,-0.3786317321887076,52.30769348144531,0.9129414753751961,67.16483306884766,1.1722474786037589,52.80192184448242,0.9215673875669356,19.693633913993835,0.19693633913993835,False,False,0.0,0.0,0.0,0.0,0.0,0.0,0.0,0.0,0.9093742370605469,0.9093742370605469,0.0,6.475608825683594,6.475608825683594,0.0,0.0,0.0
8,707,26.89484544901643,26.90593759296462,False,-17.89011001586914,-0.3122413158416748,-19.384614944458008,-0.3383253514766693,49.4505500793457,0.8630748987197876,70.9011001586914,1.2374576330184937,51.69230651855469,0.9022009372711182,19.574175824175825,0.19574175824175824,-0.3124345541000366,-0.3531706929206848,0.9320967197418213,1.0522091388702393,0.9232789278030396,0.19913619756698608,-17.901180267333984,-0.31243453565801677,-20.23518943786621,-0.3531706804555459,53.40520477294922,0.9320966609897546,66.9011001586914,1.167644470975666,52.89998245239258,0.923278868041475,19.91361975669861,0.19913619756698608,False,False,0.0,0.0,0.0,0.0,0.0,0.0,0.0,0.0,0.0,0.0,0.0,6.613960266113281,6.613960266113281,0.0,0.0,0.0
8,708,26.928447728045285,26.939095919020474,False,-17.89011001586914,-0.3122413158416748,-19.384614944458008,-0.3383253514766693,50.5054931640625,0.8814871311187744,69.75823974609375,1.2175109386444092,51.9560432434082,0.9068040251731873,19.574175824175825,0.19574175824175824,-0.3140653371810913,-0.3632180094718933,0.9243090152740479,1.0581248998641968,0.9239994883537292,0.19972026348114014,-17.994617462158203,-0.3140653223515268,-20.81085777282715,-0.36321798830008784,52.95900344848633,0.9243089787511176,65.75823974609375,1.147697793885136,52.94126892089844,0.9239994528534231,19.972026348114014,0.19972026348114014,False,False,0.0,0.0,0.0,0.0,0.0,0.0,0.0,0.0,0.0,0.0,0.0,5.132152557373047,5.132152557373047,0.0,0.0,0.0
8,709,26.961720359046012,26.97261816903483,False,-17.89011001586914,-0.3122413158416748,-19.736263275146484,-0.3444627821445465,51.82417678833008,0.9045025110244751,68.0,1.186823844909668,52.30769348144531,0.9129414558410645,19.8489010989011,0.19848901098901098,-0.3184938430786133,-0.35127052664756775,0.9343452453613281,1.0637869834899902,0.9131634831428528,0.20020467042922974,-18.24835205078125,-0.31849382634919227,-20.126317977905273,-0.3512705150177744,53.534034729003906,0.9343451678981085,64.0,1.117010721276371,52.320411682128906,0.9131634498520542,20.020467042922974,0.20020467042922974,False,False,0.0,0.0,0.0,0.0,0.0,0.0,0.0,0.0,0.0,0.0,0.0,3.04949951171875,3.04949951171875,0.0,0.0,0.0
8,710,26.995090477983467,27.00594755401835,False,-17.89011001586914,-0.3122413158416748,-19.824174880981445,-0.3459971249103546,52.879119873046875,0.9229147434234619,68.0,1.186823844909668,52.131866455078125,0.9098727107048035,19.71153846153846,0.1971153846153846,-0.3268001675605774,-0.34590449929237366,0.9487006664276123,1.0596802234649658,0.9147236347198486,0.20007601380348206,-18.72426986694336,-0.3268001592101222,-19.818866729736328,-0.3459044784478601,54.35654067993164,0.9487006048590444,64.0,1.117010721276371,52.4098014831543,0.9147235961976499,20.007601380348206,0.20007601380348206,False,False,0.0,0.0,0.0,0.0,0.0,0.0,0.0,0.0,0.0,0.0,0.0,3.2847976684570312,3.2847976684570312,0.0,0.0,0.0
8,711,27.028686649049632,27.039093832019717,False,-17.80219841003418,-0.3107069730758667,-19.736263275146484,-0.3444627821445465,53.230770111083984,0.9290521740913391,66.68132019042969,1.1638085842132568,52.131866455078125,0.9098727107048035,19.574175824175825,0.19574175824175824,-0.3206899166107178,-0.3305889368057251,0.9484964609146118,1.0576789379119873,0.9104000926017761,0.2010802924633026,-18.374177932739258,-0.32068990227358524,-18.941349029541016,-0.3305889053349234,54.34484100341797,0.9484964069824625,62.68132019042969,1.0939954168197972,52.162078857421875,0.9104000207469335,20.10802924633026,0.2010802924633026,False,False,0.0,0.0,0.0,0.0,0.0,0.0,0.0,0.0,0.0,0.0,0.0,2.0807838439941406,2.0807838439941406,0.0,0.0,0.0
8,712,27.062023572041653,27.072633409057744,False,-17.9780216217041,-0.3137756586074829,-19.47252655029297,-0.3398596942424774,53.846153259277344,0.9397926330566406,65.0988998413086,1.1361901760101318,52.30769348144531,0.9129414558410645,19.917582417582416,0.19917582417582416,-0.32190462946891785,-0.2978481352329254,0.9368042945861816,1.0493175983428955,0.8943286538124084,0.198659747838974,-18.443775177001953,-0.321904603336284,-17.065439224243164,-0.2978481027620301,53.674930572509766,0.9368042642696603,61.098899841308594,1.066376971577076,51.24125289916992,0.8943285759376051,19.8659747838974,0.198659747838974,False,False,0.0,0.0,0.0,0.0,0.0,0.0,0.0,0.0,0.0,0.0,0.0,0.9774322509765625,0.9774322509765625,0.0,0.0,0.0
8,713,27.095535063068382,27.106165954028256,False,-18.505495071411133,-0.3229818046092987,-19.384614944458008,-0.3383253514766693,54.373626708984375,0.9489988088607788,65.010986328125,1.1346557140350342,52.131866455078125,0.9098727107048035,19.8489010989011,0.19848901098901098,-0.3325526714324951,-0.2913576364517212,0.9107511043548584,1.05154550075531,0.9007420539855957,0.19991928339004517,-19.053863525390625,-0.33255265374372056,-16.693561553955078,-0.29135761300085716,52.18218994140625,0.910751025378606,61.010986328125,1.0648425913150268,51.60871505737305,0.900742000474734,19.991928339004517,0.19991928339004517,False,False,0.0,0.0,0.0,0.0,0.0,0.0,0.0,0.0,0.0,0.0,0.0,0.761871337890625,0.761871337890625,0.0,0.0,0.0
8,714,27.128813995979726,27.14060378295835,False,-18.769229888916016,-0.3275848627090454,-18.681318283081055,-0.3260505199432373,54.46154022216797,0.9505332112312317,63.69230651855469,1.111640453338623,52.21977996826172,0.9114071130752563,19.574175824175825,0.19574175824175824,-0.3320983648300171,-0.2900691032409668,0.9389735460281372,1.0404338836669922,0.9042293429374695,0.2003006935119629,-19.027833938598633,-0.3320983517512667,-16.619733810424805,-0.2900690757969359,53.799217224121094,0.9389734755565572,59.69230651855469,1.041827286858453,51.80852127075195,0.9042292767641382,20.03006935119629,0.2003006935119629,False,False,0.0,0.0,0.0,0.0,0.0,0.0,0.0,0.0,0.0,0.0,0.0,0.07983779907226562,0.07983779907226562,0.0,0.0,0.0
8,715,27.162393864011392,27.17604658997152,False,-18.769229888916016,-0.3275848627090454,-17.626373291015625,-0.3076382577419281,54.373626708984375,0.9489988088607788,62.10988998413086,1.084022045135498,52.0439567565918,0.9083383679389954,19.642857142857142,0.19642857142857142,-0.3355884850025177,-0.28325361013412476,0.9157552719116211,1.0416213274002075,0.914694607257843,0.19605445861816406,-19.227802276611328,-0.33558845764932915,-16.22923469543457,-0.2832535805142324,52.468910217285156,0.9157552382249193,59.680503845214844,1.0416212913481353,52.408138275146484,0.914694567741768,19.605445861816406,0.19605445861816406,False,False,0.0,0.0,0.0,0.0,0.0,0.0,0.0,0.0,0.0,0.0,0.0,0.0,0.0,0.0,0.0,0.0
8,716,27.196529633016326,27.21010559401475,False,-18.593406677246094,-0.3245161771774292,-16.923076629638672,-0.2953633964061737,54.373626708984375,0.9489988088607788,61.93406677246094,1.0809533596038818,52.0439567565918,0.9083383679389954,19.642857142857142,0.19642857142857142,-0.33353427052497864,-0.2862446904182434,0.9305603504180908,1.0395309925079346,0.9045268297195435,0.19705483317375183,-19.110105514526367,-0.33353426163201016,-16.400611877441406,-0.28624467660304126,53.317176818847656,0.9305602833568879,59.560733795166016,1.039530909629505,51.825565338134766,0.9045267518579,19.705483317375183,0.19705483317375183,False,False,0.0,0.0,0.0,0.0,0.0,0.0,0.0,0.0,0.0,0.0,0.0,0.0,0.0,0.0,0.0,0.0
8,717,27.230352584039792,27.240961343981326,False,-18.593406677246094,-0.3245161771774292,-16.395605087280273,-0.2861572802066803,54.46154022216797,0.9505332112312317,61.230770111083984,1.0686784982681274,51.868133544921875,0.9052696824073792,19.574175824175825,0.19574175824175824,-0.33457452058792114,-0.2864859402179718,0.9087374210357666,1.044228196144104,0.8987736701965332,0.19694706797599792,-19.169706344604492,-0.3345744923537951,-16.4144344329834,-0.2864859257082888,52.06681442260742,0.9087373426993698,59.829864501953125,1.0442281265811595,51.495933532714844,0.8987735915340291,19.694706797599792,0.19694706797599792,False,False,0.0,0.0,0.0,0.0,0.0,0.0,0.0,0.0,0.0,0.0,0.0,0.0,0.0,0.0,0.0,0.0
8,718,27.264158145990223,27.2759893409675,False,-18.769229888916016,-0.3275848627090454,-16.30769157409668,-0.2846229076385498,54.373626708984375,0.9489988088607788,60.70329666137695,1.0594724416732788,51.9560432434082,0.9068040251731873,19.574175824175825,0.19574175824175824,-0.3398556113243103,-0.2482101172208786,0.8966364860534668,1.0476536750793457,0.8977593779563904,0.19730094075202942,-19.472291946411133,-0.3398556073744495,-14.221391677856445,-0.24821010899431573,51.37348175048828,0.8966364047592406,60.02613067626953,1.0476536175332738,51.43782043457031,0.8977593266328724,19.730094075202942,0.19730094075202942,False,False,0.0,0.0,0.0,0.0,0.0,0.0,0.0,0.0,0.0,0.0,0.0,0.0,0.0,0.0,0.0,0.0
8,719,27.2973144169664,27.310893589048646,False,-19.03296661376953,-0.3321879208087921,-16.395605087280273,-0.2861572802066803,54.373626708984375,0.9489988088607788,60.61538314819336,1.0579379796981812,51.868133544921875,0.9052696824073792,19.574175824175825,0.19574175824175824,-0.3388363718986511,-0.25865063071250916,0.9019390344619751,1.0506826639175415,0.8975125551223755,0.19587576389312744,-19.41389274597168,-0.33883634904624893,-14.819588661193848,-0.25865061592905103,51.67729568481445,0.90193895822667,60.19968032836914,1.0506826303781027,51.42367935180664,0.8975125181788494,19.587576389312744,0.19587576389312744,False,False,0.0,0.0,0.0,0.0,0.0,0.0,0.0,0.0,0.0,0.0,0.0,0.0,0.0,0.0,0.0,0.0
8,720,27.330461572040804,27.49443182500545,False,-19.208791732788086,-0.3352566659450531,-16.043956756591797,-0.2800198793411255,54.28571319580078,0.9474644064903259,60.61538314819336,1.0579379796981812,51.868133544921875,0.9052696824073792,19.574175824175825,0.19574175824175824,-0.35198283195495605,-0.4064740240573883,1.045803189277649,0.9831223487854004,0.8625463843345642,0.1956089437007904,-20.167129516601562,-0.3519828107408297,-20.043956756591797,-0.3498330405298905,58.28571319580078,1.01727760213983,56.61538314819336,0.9881248432140869,49.420265197753906,0.8625463449095723,19.56089437007904,0.1956089437007904,False,False,0.0,0.0,0.0,0.0,0.0,3.245288848876953,3.245288848876953,0.0,1.6343917846679688,1.6343917846679688,0.0,0.2866249084472656,0.2866249084472656,0.0,0.0,0.0
8,721,27.49583323497791,27.50939801405184,False,-19.120878219604492,-0.3337222635746002,-14.813186645507812,-0.2585388720035553,54.19780349731445,0.9459301233291626,60.52747344970703,1.056403636932373,51.868133544921875,0.9052696824073792,19.574175824175825,0.19574175824175824,-0.35525187849998474,-0.40445220470428467,1.0209442377090454,0.9939336180686951,0.8715685606002808,0.192850261926651,-20.354433059692383,-0.3552518742684156,-18.813186645507812,-0.3283520497563386,58.19780349731445,1.015743288456808,56.94819641113281,0.993933530446686,49.937198638916016,0.8715685354715154,19.2850261926651,0.192850261926651,False,False,0.0,0.0,0.0,0.0,0.0,4.36021614074707,4.36021614074707,0.0,0.2979888916015625,0.2979888916015625,0.0,0.0,0.0,0.0,0.0,0.0
8,722,27.5293694579741,27.539949450991116,False,-19.120878219604492,-0.3337222635746002,-14.813186645507812,-0.2585388720035553,54.19780349731445,0.9459301233291626,60.52747344970703,1.056403636932373,51.78022003173828,0.903735339641571,19.574175824175825,0.19574175824175824,-0.3555678129196167,-0.3623950183391571,0.9961229562759399,1.0064566135406494,0.8773835897445679,0.19198817014694214,-20.372533798217773,-0.35556779175272624,-18.813186645507812,-0.3283520497563386,57.073638916015625,0.9961229151788401,57.665714263916016,1.0064565794195928,50.2703742980957,0.8773835477117035,19.198817014694214,0.19198817014694214,False,False,0.0,0.0,0.0,0.0,0.0,1.9505176544189453,1.9505176544189453,0.0,0.0,0.0,0.0,0.0,0.0,0.0,0.0,0.0
8,723,27.56259972997941,27.573429318959825,False,-19.296703338623047,-0.3367910087108612,-15.252747535705566,-0.266210675239563,54.46154022216797,0.9505332112312317,59.736263275146484,1.0425944328308105,51.516483306884766,0.899132251739502,19.574175824175825,0.19574175824175824,-0.35515379905700684,-0.35818466544151306,1.0046151876449585,1.0064005851745605,0.8675285577774048,0.19308382272720337,-20.348812103271484,-0.3551537700717598,-19.25274658203125,-0.33602381790852986,57.56020736694336,1.0046151366838576,57.66250228881836,1.0064005198786465,49.70572280883789,0.8675285200978652,19.308382272720337,0.19308382272720337,False,False,0.0,0.0,0.0,0.0,0.0,1.2697210311889648,1.2697219848632812,0.0,0.0,0.0,0.0,0.0,0.0,0.0,0.0,0.0
8,724,27.596296182018705,27.6092808250105,False,-19.824174880981445,-0.3459971249103546,-16.21977996826172,-0.2830885648727417,55.60439682006836,0.9704797863960266,58.06593322753906,1.0134416818618774,50.901100158691406,0.8883917927742004,19.505494505494507,0.19505494505494508,-0.34887346625328064,-0.3586326241493225,0.9782953262329102,1.021871566772461,0.8667075634002686,0.1913696825504303,-19.988975524902344,-0.3488734370101077,-20.21977996826172,-0.35290173447496154,56.052188873291016,0.9782952487886589,58.54892349243164,1.0218714884411895,49.65868377685547,0.866707534112821,19.13696825504303,0.1913696825504303,False,False,0.0,0.0,0.0,0.0,0.0,0.3283538818359375,0.3283538818359375,0.0,0.0,0.0,0.0,0.0,0.0,0.0,0.0,0.0
8,725,27.630009304964915,27.64215798000805,False,-20.263736724853516,-0.3536689281463623,-16.83516502380371,-0.2938290536403656,56.83516311645508,0.9919607043266296,58.06593322753906,1.0134416818618774,50.81318664550781,0.8868573904037476,19.505494505494507,0.19505494505494508,-0.3489837646484375,-0.3705306053161621,1.022574782371521,1.001827597618103,0.8622721433639526,0.19397395849227905,-19.995296478271484,-0.34898375845826424,-20.83516502380371,-0.3636422298617375,58.58921432495117,1.0225746961270248,57.400489807128906,1.0018275393918443,49.4045524597168,0.8622721058963213,19.397395849227905,0.19397395849227905,False,False,0.0,0.0,0.0,0.0,0.0,0.39467430114746094,0.39467430114746094,0.0,0.0,0.0,0.0,0.0,0.0,0.0,0.0,0.0
8,726,27.6632666940568,27.67618637497071,False,-20.351648330688477,-0.3552032709121704,-17.27472496032715,-0.3015008270740509,57.18681335449219,0.9980981945991516,58.68132019042969,1.0241822004318237,50.46154022216797,0.8807200193405151,19.436813186813186,0.19436813186813187,-0.33868396282196045,-0.3589431643486023,1.045969009399414,0.9819226264953613,0.8322132229804993,0.19239187240600586,-19.405160903930664,-0.33868394965286913,-20.565927505493164,-0.3589431486973199,59.92960739135742,1.0459689684067168,56.26001739501953,0.9819225407723741,47.68230438232422,0.8322132064096787,19.239187240600586,0.19239187240600586,False,False,0.0,0.0,0.0,0.0,0.0,0.0,0.0,0.0,0.0,0.0,0.0,0.0,0.0,0.0,0.0,0.0
8,727,27.69701612496283,27.71027826901991,False,-19.91208839416504,-0.3475314974784851,-17.80219841003418,-0.3107069730758667,57.18681335449219,0.9980981945991516,58.41758346557617,1.0195791721343994,50.19780349731445,0.876116931438446,19.436813186813186,0.19436813186813187,-0.3349412679672241,-0.3855331838130951,1.0363714694976807,0.969887912273407,0.8446375727653503,0.19248336553573608,-19.190719604492188,-0.33494124292541266,-21.80219841003418,-0.38052014642816917,59.37970733642578,1.0363714018912622,55.57048034667969,0.9698878489643605,48.3941650390625,0.8446375186851709,19.24833655357361,0.19248336553573608,False,False,0.0,0.0,0.0,0.0,0.0,0.28722381591796875,0.28722381591796875,0.0,0.0,0.0,0.0,0.0,0.0,0.0,0.0,0.0
8,728,27.73070693598129,27.741612456040457,False,-19.648351669311523,-0.3429284393787384,-18.41758155822754,-0.3214474320411682,57.626373291015625,1.005769968032837,57.098899841308594,0.9965637922286987,49.58241653442383,0.8653764128684998,19.436813186813186,0.19436813186813187,-0.3345315158367157,-0.35263529419898987,1.0477696657180786,0.9739158153533936,0.8381366729736328,0.19371452927589417,-19.1672420501709,-0.3345314823021903,-20.204513549804688,-0.3526352852078991,60.03277587890625,1.0477695981987467,55.80126190185547,0.9739157469550508,48.021690368652344,0.8381366093062329,19.371452927589417,0.19371452927589417,False,False,0.0,0.0,0.0,0.0,0.0,0.0,0.0,0.0,0.0,0.0,0.0,0.0,0.0,0.0,0.0,0.0
8,729,27.76408111199271,27.774904465069994,False,-19.824174880981445,-0.3459971249103546,-19.03296661376953,-0.3321879208087921,58.769229888916016,1.0257165431976318,56.57143020629883,0.9873577356338501,48.96703338623047,0.8546359539031982,19.574175824175825,0.19574175824175824,-0.3241031765937805,-0.39385220408439636,1.0377639532089233,0.9837113618850708,0.8514189124107361,0.1910732537508011,-18.56974220275879,-0.3241031426846853,-22.566068649291992,-0.39385219716121483,59.45949172973633,1.0377639022462373,56.36250686645508,0.9837113194975531,48.78270721435547,0.8514188589268942,19.10732537508011,0.1910732537508011,False,False,0.0,0.0,0.0,0.0,0.0,0.0,0.0,0.0,0.0,0.0,0.0,0.0,0.0,0.0,0.0,0.0
8,730,27.797857052995823,27.80889055901207,False,-20.0,-0.3490658402442932,-19.296703338623047,-0.3367910087108612,59.82417678833008,1.0441288948059082,56.83516311645508,0.9919607043266296,48.879119873046875,0.8531015515327454,19.436813186813186,0.19436813186813187,-0.32503771781921387,-0.3861212134361267,1.0468218326568604,0.9827374219894409,0.8655328154563904,0.18957924842834473,-18.623289108276367,-0.32503771249022134,-22.12311553955078,-0.3861212069642829,59.97846984863281,1.0468217791667875,56.30670166015625,0.9827373349078838,49.591373443603516,0.8655327471769598,18.957924842834473,0.18957924842834473,False,False,0.0,0.0,0.0,0.0,0.0,0.0,0.0,0.0,0.0,0.0,0.0,0.0,0.0,0.0,0.0,0.0
8,731,27.830921821063384,27.841248887008987,False,-19.560440063476562,-0.3413940668106079,-19.384614944458008,-0.3383253514766693,60.0,1.0471975803375244,56.83516311645508,0.9919607043266296,48.70329666137695,0.8500328660011292,19.436813186813186,0.19436813186813187,-0.3329068422317505,-0.4025876820087433,1.0642781257629395,0.9873989820480347,0.8632843494415283,0.1897289752960205,-19.074155807495117,-0.3329068208791875,-23.066574096679688,-0.4025876651422974,60.978641510009766,1.064278067742957,56.57379150390625,0.9873989320799585,49.462547302246094,0.8632843068476331,18.97289752960205,0.1897289752960205,False,False,0.0,0.0,0.0,0.0,0.0,0.0,0.0,0.0,0.0,0.0,0.0,0.0,0.0,0.0,0.0,0.0
8,732,27.864604695001617,27.87580841302406,False,-18.769229888916016,-0.3275848627090454,-19.91208839416504,-0.3475314974784851,59.912086486816406,1.0456631183624268,56.39560317993164,0.9842889308929443,48.96703338623047,0.8546359539031982,19.436813186813186,0.19436813186813187,-0.3263181149959564,-0.4457572102546692,1.0755813121795654,0.9885851144790649,0.8576653003692627,0.18986201286315918,-18.6966495513916,-0.32631809376330423,-23.91208839416504,-0.41734467350610355,61.62626647949219,1.0755812557785533,56.64175033569336,0.9885850374504526,49.14059829711914,0.8576652366846478,18.986201286315918,0.18986201286315918,False,False,0.0,0.0,0.0,0.0,0.0,1.6279163360595703,1.6279163360595703,0.0,0.0,0.0,0.0,0.0,0.0,0.0,0.0,0.0
8,733,27.897943687043153,27.908951360033825,False,-18.769229888916016,-0.3275848627090454,-20.52747344970703,-0.358271986246109,60.263736724853516,1.0518006086349487,56.74725341796875,0.9904264211654663,48.879119873046875,0.8531015515327454,19.436813186813186,0.19436813186813187,-0.3294340968132019,-0.4153221845626831,1.0551992654800415,0.9931373596191406,0.8484687805175781,0.18934226036071777,-18.87518310546875,-0.3294340921072378,-23.796207427978516,-0.41532216910575653,60.45846176147461,1.0551992184288226,56.9025764465332,0.9931373118597795,48.613677978515625,0.8484687422293589,18.934226036071777,0.18934226036071777,False,False,0.0,0.0,0.0,0.0,0.0,0.0,0.0,0.0,0.0,0.0,0.0,0.0,0.0,0.0,0.0,0.0
8,734,27.931446332018822,27.942268487997353,False,-19.208791732788086,-0.3352566659450531,-21.14285659790039,-0.3690124452114105,61.05494689941406,1.0656098127365112,56.74725341796875,0.9904264211654663,48.96703338623047,0.8546359539031982,19.436813186813186,0.19436813186813187,-0.3244655728340149,-0.4077078700065613,1.0534651279449463,0.9896174073219299,0.8564354777336121,0.19185447692871094,-18.59050750732422,-0.3244655656195315,-23.359939575195312,-0.4077078586540837,60.35910415649414,1.0534651010850176,56.700897216796875,0.9896173452679945,49.07013702392578,0.8564354554722764,19.185447692871094,0.19185447692871094,False,False,0.0,0.0,0.0,0.0,0.0,0.0,0.0,0.0,0.0,0.0,0.0,0.0,0.0,0.0,0.0,0.0
8,735,27.964828155003488,27.977498764987104,False,-19.47252655029297,-0.3398596942424774,-21.494504928588867,-0.3751498758792877,61.31867980957031,1.0702128410339355,56.83516311645508,0.9919607043266296,48.96703338623047,0.8546359539031982,19.436813186813186,0.19436813186813187,-0.32267892360687256,-0.4269295036792755,1.0599123239517212,1.0045524835586548,0.8496920466423035,0.1922178566455841,-18.488140106201172,-0.3226789174232246,-24.461257934570312,-0.4269294901378396,60.72850036621094,1.059912281188963,57.55661392211914,1.0045524192401862,48.68376541137695,0.8496919986970595,19.22178566455841,0.1922178566455841,False,False,0.0,0.0,0.0,0.0,0.0,0.0,0.0,0.0,0.0,0.0,0.0,0.0,0.0,0.0,0.0,0.0
8,736,27.998282923013903,28.009034454007633,False,-19.208791732788086,-0.3352566659450531,-21.58241844177246,-0.3766842484474182,61.230770111083984,1.0686784982681274,56.74725341796875,0.9904264211654663,49.05494689941406,0.8561703562736511,19.436813186813186,0.19436813186813187,-0.3206941783428192,-0.4440593421459198,1.072117805480957,1.0146868228912354,0.8576201796531677,0.19260433316230774,-18.374422073364258,-0.3206941633313294,-25.442724227905273,-0.44405930845387914,61.42782211303711,1.072117748201878,58.13726806640625,1.0146867458733464,49.13801574707031,0.8576201626831982,19.260433316230774,0.19260433316230774,False,False,0.0,0.0,0.0,0.0,0.0,0.0,0.0,0.0,0.0,0.0,0.0,0.0,0.0,0.0,0.0,0.0
8,737,28.031787918996997,28.042217186070047,False,-18.681318283081055,-0.3260505199432373,-21.934066772460938,-0.3828216791152954,61.31867980957031,1.0702128410339355,56.83516311645508,0.9919607043266296,49.05494689941406,0.8561703562736511,19.436813186813186,0.19436813186813187,-0.3162526488304138,-0.47167161107063293,1.080991268157959,1.0112385749816895,0.8738667964935303,0.18820416927337646,-18.11994171142578,-0.3162526431338361,-25.934066772460938,-0.45263485361150246,61.93623352050781,1.0809912012169403,57.939701080322266,1.0112385514729392,50.068878173828125,0.8738667769132266,18.820416927337646,0.18820416927337646,False,False,0.0,0.0,0.0,0.0,0.0,1.0907249450683594,1.0907249450683594,0.0,0.0,0.0,0.0,0.0,0.0,0.0,0.0,0.0
8,738,28.06518318306189,28.076015376020223,False,-18.41758155822754,-0.3214474320411682,-22.63736343383789,-0.3950965106487274,61.67033004760742,1.0763503313064575,57.27472686767578,0.9996325373649597,48.879119873046875,0.8531015515327454,19.436813186813186,0.19436813186813187,-0.31658005714416504,-0.49373912811279297,1.0884507894515991,1.0203649997711182,0.869557797908783,0.18989470601081848,-18.138700485229492,-0.31658004550034774,-26.63736343383789,-0.4649096959708139,62.36363220214844,1.088450715430252,58.46260452270508,1.0203649382125317,49.821990966796875,0.8695577822694783,18.989470601081848,0.18989470601081848,False,False,0.0,0.0,0.0,0.0,0.0,1.651803970336914,1.651803970336914,0.0,0.0,0.0,0.0,0.0,0.0,0.0,0.0,0.0
8,739,28.09882993705105,28.109535972005688,False,-18.329669952392578,-0.3199130892753601,-23.340660095214844,-0.4073713719844818,62.19780349731445,1.0855565071105957,57.36263656616211,1.001166820526123,48.96703338623047,0.8546359539031982,19.36813186813187,0.1936813186813187,-0.31284111738204956,-0.5115015506744385,1.103689432144165,1.0184110403060913,0.8676877617835999,0.19044750928878784,-17.924474716186523,-0.31284110048793096,-27.340660095214844,-0.47718453833012536,63.23674392700195,1.1036893897667128,58.350650787353516,1.0184109769207406,49.71484375,0.8676877105520246,19.044750928878784,0.19044750928878784,False,False,0.0,0.0,0.0,0.0,0.0,1.9662189483642578,1.9662189483642578,0.0,0.0,0.0,0.0,0.0,0.0,0.0,0.0,0.0
8,740,28.132792384014465,28.143755128025077,False,-18.41758155822754,-0.3214474320411682,-24.043956756591797,-0.4196462035179138,62.46154022216797,1.09015953540802,57.53845977783203,1.0042355060577393,49.31867980957031,0.8607733249664307,19.29945054945055,0.1929945054945055,-0.3089781105518341,-0.5270387530326843,1.1248931884765625,1.0104727745056152,0.8715288043022156,0.1896931380033493,-17.703140258789062,-0.30897808545823013,-28.043956756591797,-0.48945938068943684,64.45162963867188,1.1248931454707873,57.89582061767578,1.0104726929224594,49.93492126464844,0.871528787792246,18.96931380033493,0.1896931380033493,False,False,0.0,0.0,0.0,0.0,0.0,2.15313720703125,2.15313720703125,0.0,0.0,0.0,0.0,0.0,0.0,0.0,0.0,0.0
8,741,28.166065555997193,28.17675348802004,False,-18.593406677246094,-0.3245161771774292,-24.659339904785156,-0.43038666248321533,62.989009857177734,1.0993655920028687,57.80219650268555,1.0088386535644531,49.31867980957031,0.8607733249664307,19.29945054945055,0.1929945054945055,-0.30859363079071045,-0.5558789968490601,1.1248650550842285,1.0259168148040771,0.870201587677002,0.18917113542556763,-17.68111228942871,-0.30859362486536357,-28.659339904785156,-0.5001998427866992,64.45001983642578,1.124865049121287,58.78070068359375,1.0259167635579927,49.8588752746582,0.8702015348839778,18.917113542556763,0.18917113542556763,False,False,0.0,0.0,0.0,0.0,0.0,3.1901779174804688,3.1901779174804688,0.0,0.0,0.0,0.0,0.0,0.0,0.0,0.0,0.0
8,742,28.199288179981522,28.211165969027206,False,-18.505495071411133,-0.3229818046092987,-25.450550079345703,-0.4441958963871002,63.78022003173828,1.1131747961044312,57.80219650268555,1.0088386535644531,49.31867980957031,0.8607733249664307,19.29945054945055,0.1929945054945055,-0.3086951673030853,-0.5693361759185791,1.107107400894165,1.0564340353012085,0.8749640583992004,0.18831589818000793,-17.68692970275879,-0.30869515788192287,-29.450550079345703,-0.5140090654080598,63.432579040527344,1.1071073572887478,60.52920913696289,1.0564339930682378,50.131744384765625,0.8749639992823391,18.831589818000793,0.18831589818000793,False,False,0.0,0.0,0.0,0.0,0.0,3.1700096130371094,3.1700096130371094,0.0,0.0,0.0,0.0,0.0,0.0,0.0,0.0,0.0
8,743,28.233273949008435,28.246207064017653,False,-18.241758346557617,-0.318378746509552,-26.153846740722656,-0.4564707279205322,64.48351287841797,1.1254496574401855,58.06593322753906,1.0134416818618774,49.406593322753906,0.8623077273368835,19.29945054945055,0.1929945054945055,-0.30396151542663574,-0.6029089689254761,1.1038436889648438,1.077742338180542,0.8799000978469849,0.18664628267288208,-17.41571044921875,-0.3039614889128479,-30.153846740722656,-0.5262839077673712,63.245582580566406,1.1038436533728557,61.750083923339844,1.077742277845098,50.41455841064453,0.8799000352047466,18.664628267288208,0.18664628267288208,False,False,0.0,0.0,0.0,0.0,0.0,4.390289306640625,4.390289306640625,0.0,0.0,0.0,0.0,0.0,0.0,0.0,0.0,0.0
8,744,28.266700414009392,28.278063763980754,False,-17.80219841003418,-0.3107069730758667,-26.681318283081055,-0.46567684412002563,64.57142639160156,1.1269840002059937,58.68132019042969,1.0241822004318237,49.230770111083984,0.8592390418052673,18.887362637362635,0.18887362637362634,-0.29607880115509033,-0.646194338798523,1.1175026893615723,1.0910791158676147,0.8822184801101685,0.1817140430212021,-16.964065551757812,-0.2960787984023224,-30.681318283081055,-0.535490022892098,64.02818298339844,1.1175026071297085,62.514225006103516,1.0910790556890786,50.547393798828125,0.8822184500917151,18.17140430212021,0.1817140430212021,False,False,0.0,0.0,0.0,0.0,0.0,6.342889785766602,6.342889785766602,0.0,0.0,0.0,0.0,0.0,0.0,0.0,0.0,0.0
8,745,28.300261941971257,28.311709542991593,False,-17.538461685180664,-0.3061038851737976,-27.47252655029297,-0.47948604822158813,64.57142639160156,1.1269840002059937,59.29670333862305,1.03492271900177,49.4945068359375,0.8638420701026917,18.887362637362635,0.18887362637362634,-0.2900630831718445,-0.7032163143157959,1.1115727424621582,1.1412913799285889,0.9016477465629578,0.17736798524856567,-16.6193904876709,-0.29006308368448325,-31.47252655029297,-0.5492992122239451,63.68842315673828,1.1115726794884837,63.29670333862305,1.1047358789170594,51.660606384277344,0.9016476749824426,17.736798524856567,0.17736798524856567,False,False,0.0,0.0,0.0,0.0,0.0,8.818798065185547,8.818798065185547,0.0,0.0,0.0,0.0,2.094470977783203,2.094470977783203,0.0,0.0,0.0
8,746,28.333572378964163,28.34605965402443,False,-17.538461685180664,-0.3061038851737976,-28.263736724853516,-0.49329525232315063,64.48351287841797,1.1254496574401855,60.61538314819336,1.0579379796981812,49.58241653442383,0.8653764128684998,18.887362637362635,0.18887362637362634,-0.2907460927963257,-0.724876880645752,1.0749306678771973,1.1857662200927734,0.9289677739143372,0.1740473508834839,-16.658523559570312,-0.2907460846355477,-32.263736724853516,-0.5631084348453057,61.588985443115234,1.0749305789452197,64.61538696289062,1.1277512499526605,53.225929260253906,0.9289677130250205,17.40473508834839,0.1740473508834839,False,False,0.0,0.0,0.0,0.0,0.0,9.268646240234375,9.268646240234375,0.0,0.0,0.0,0.0,3.324016571044922,3.3240127563476562,0.0,0.0,0.0
8,747,28.367120397044346,28.380813615047373,False,-17.538461685180664,-0.3061038851737976,-28.879121780395508,-0.5040357708930969,64.57142639160156,1.1269840002059937,61.758243560791016,1.0778846740722656,50.021976470947266,0.8730481863021851,18.681318681318682,0.18681318681318682,-0.2885991334915161,-0.6662147641181946,1.1016192436218262,1.1354141235351562,0.9013824462890625,0.07099215686321259,-16.535511016845703,-0.28859911074375305,-32.879119873046875,-0.573848896942568,63.11812973022461,1.1016191814933398,65.05443572998047,1.1354140965152,51.645408630371094,0.9013824241378707,13.681318681318682,0.13681318681318683,False,True,6.582102994997424,0.0,0.0,0.0,0.0,5.292169570922852,5.292171478271484,0.0,0.0,0.0,0.0,0.0,0.0,0.0,0.0,0.0
8,748,28.400619965977967,28.411867334973067,False,-17.450550079345703,-0.3045695424079895,-29.58241844177246,-0.5163105726242065,64.57142639160156,1.1269840002059937,62.46154022216797,1.09015953540802,50.989009857177734,0.8899260759353638,18.269230769230766,0.18269230769230765,-0.2913397550582886,-0.6546505093574524,1.1064741611480713,1.1111462116241455,0.8994415998458862,0.015984509140253067,-16.692537307739258,-0.29133973653204,-33.582420349121094,-0.5861238058809067,63.396297454833984,1.1064741241605542,63.66398620605469,1.1111461742399074,51.53420639038086,0.8994415789144482,13.269230769230766,0.13269230769230766,False,True,11.67077985520546,0.0,0.0,0.0,0.0,3.926290512084961,3.926288604736328,0.0,0.0,0.0,0.0,0.0,0.0,0.0,0.0,0.0
8,749,28.433940413990058,28.44472723500803,False,-17.186813354492188,-0.2999664843082428,-30.373626708984375,-0.530119776725769,64.3956069946289,1.1239153146743774,63.340660095214844,1.1055030822753906,51.868133544921875,0.9052696824073792,17.6510989010989,0.17651098901098902,-0.28826117515563965,-0.5892167687416077,1.0937894582748413,1.0838606357574463,0.8852078914642334,0.007208101451396942,-16.51614761352539,-0.288261155601422,-33.7596321105957,-0.5892167345918975,62.669517517089844,1.0937894213094794,62.10063552856445,1.083860557554419,50.71867370605469,0.885207848415329,12.651098901098901,0.126510989010989,False,True,11.930288755959207,0.0,0.0,0.0,0.0,0.0,0.0,0.0,0.0,0.0,0.0,0.0,0.0,0.0,0.0,0.0
8,750,28.46728233702015,28.632096818066202,False,-17.098901748657227,-0.2984321415424347,-31.076923370361328,-0.5423946380615234,64.48351287841797,1.1254496574401855,63.69230651855469,1.111640453338623,51.42856979370117,0.8975978493690491,16.27747252747253,0.16277472527472528,-0.29953789710998535,-0.676740288734436,1.1796531677246094,1.0717482566833496,0.8658939003944397,0.1678706407546997,-17.162256240844727,-0.2995378784736854,-35.07692337036133,-0.6122078042825515,67.58914184570312,1.1796530638049967,61.406646728515625,1.071748168021602,49.612064361572266,0.8658938718207746,16.78706407546997,0.1678706407546997,False,False,0.0,0.0,0.0,0.0,0.0,3.697437286376953,3.697437286376953,0.0,0.0,0.0,0.0,0.0,0.0,0.0,0.0,0.0
8,751,28.633665611967444,28.645193719072267,False,-17.010988235473633,-0.2968977391719818,-32.21977996826172,-0.5623412132263184,64.48351287841797,1.1254496574401855,62.63736343383789,1.0932282209396362,51.16483688354492,0.8929948806762695,13.118131868131869,0.1311813186813187,-0.3006761074066162,-0.6649554967880249,1.1793344020843506,1.0593757629394531,0.8552335500717163,0.1681394875049591,-17.22747039794922,-0.30067608023407166,-36.21977996826172,-0.6321544147940543,67.57087707519531,1.1793342834225142,60.697757720947266,1.0593757208083394,49.00127029418945,0.8552335042932964,16.81394875049591,0.1681394875049591,False,False,0.0,0.0,0.0,0.0,0.0,1.8793601989746094,1.8793601989746094,0.0,0.0,0.0,0.0,0.0,0.0,0.0,0.0,0.0
8,752,28.667109393980354,28.678001189022325,False,-17.010988235473633,-0.2968977391719818,-32.30769348144531,-0.5638756155967712,64.48351287841797,1.1254496574401855,62.63736343383789,1.0932282209396362,51.07692337036133,0.8914604783058167,13.049450549450551,0.1304945054945055,-0.29536759853363037,-0.6777567863464355,1.1468690633773804,1.062278389930725,0.8489360213279724,0.16665959358215332,-16.923315048217773,-0.29536756794370306,-36.30769348144531,-0.6336887950561034,65.71075439453125,1.1468690181539034,60.86406326293945,1.0622783000804168,48.64044952392578,0.8489359938426133,16.665959358215332,0.16665959358215332,False,False,0.0,0.0,0.0,0.0,0.0,2.5249061584472656,2.5249061584472656,0.0,0.0,0.0,0.0,0.0,0.0,0.0,0.0,0.0
8,753,28.700505360029638,28.71118533005938,False,-17.010988235473633,-0.2968977391719818,-33.010990142822266,-0.5761504769325256,64.74725341796875,1.1300526857376099,62.10988998413086,1.084022045135498,50.81318664550781,0.8868573904037476,13.049450549450551,0.1304945054945055,-0.30620479583740234,-0.7138499021530151,1.163306474685669,1.070520281791687,0.8568986654281616,0.16578362882137299,-17.544240951538086,-0.3062047693675625,-37.010990142822266,-0.6459636374154148,66.65254974365234,1.1633064478760358,61.3362922668457,1.070520251021994,49.096675872802734,0.8568986457648684,16.5783628821373,0.16578362882137299,False,False,0.0,0.0,0.0,0.0,0.0,3.8895950317382812,3.8895950317382812,0.0,0.0,0.0,0.0,0.0,0.0,0.0,0.0,0.0
8,754,28.733906392008066,28.744432536070235,False,-17.010988235473633,-0.2968977391719818,-34.06593322753906,-0.5945627093315125,65.97801971435547,1.1515337228775024,61.31867980957031,1.0702128410339355,50.021976470947266,0.8730481863021851,14.560439560439562,0.14560439560439561,-0.3081718683242798,-0.7112753391265869,1.158334493637085,1.0824962854385376,0.8563799858093262,0.16387008130550385,-17.656946182250977,-0.3081718467277223,-38.06593322753906,-0.6643758676648684,66.36767578125,1.1583344592789124,62.022464752197266,1.0824962201279713,49.06695556640625,0.8563799285635483,16.387008130550385,0.16387008130550385,False,False,0.0,0.0,0.0,0.0,0.0,2.6871414184570312,2.6871414184570312,0.0,0.0,0.0,0.0,0.0,0.0,0.0,0.0,0.0
8,755,28.76732702704612,28.77763937402051,False,-17.010988235473633,-0.2968977391719818,-34.769229888916016,-0.6068375110626221,66.85713958740234,1.1668771505355835,61.758243560791016,1.0778846740722656,49.58241653442383,0.8653764128684998,15.315934065934067,0.15315934065934067,-0.3014637529850006,-0.7410861253738403,1.193411946296692,1.0716782808303833,0.8594284057617188,0.16564977169036865,-17.272600173950195,-0.3014637434159762,-38.769229888916016,-0.67665071002418,68.3774642944336,1.1934118861027276,61.40263748168945,1.0716781934639603,49.24161911010742,0.8594283824843347,16.564977169036865,0.16564977169036865,False,False,0.0,0.0,0.0,0.0,0.0,3.691875457763672,3.691875457763672,0.0,0.0,0.0,0.0,0.0,0.0,0.0,0.0,0.0
8,756,28.800781278056093,28.81099816504866,False,-17.098901748657227,-0.2984321415424347,-35.29670333862305,-0.6160436868667603,66.94505310058594,1.1684116125106812,61.846153259277344,1.0794190168380737,49.58241653442383,0.8653764128684998,15.521978021978022,0.15521978021978022,-0.29892563819885254,-0.7312718629837036,1.189375400543213,1.0583162307739258,0.8602613806724548,0.1640504002571106,-17.12717628479004,-0.29892561773907617,-39.29670333862305,-0.6858568584384204,68.14618682861328,1.1893753328384946,60.63705062866211,1.0583161821686513,49.289344787597656,0.8602613526942843,16.40504002571106,0.1640504002571106,False,False,0.0,0.0,0.0,0.0,0.0,2.6020851135253906,2.6020851135253906,0.0,0.0,0.0,0.0,0.0,0.0,0.0,0.0,0.0
8,757,28.834097777027637,28.844405106967315,False,-17.010988235473633,-0.2968977391719818,-36.35165023803711,-0.6344559788703918,67.20879364013672,1.173014760017395,61.58241653442383,1.0748158693313599,49.67033004760742,0.8669108152389526,15.796703296703296,0.15796703296703296,-0.29411929845809937,-0.7007961869239807,1.1766986846923828,1.0627814531326294,0.8651055693626404,0.16483956575393677,-16.85179328918457,-0.29411927776175567,-40.15266036987305,-0.7007961268893288,67.41986846923828,1.1766986860497173,60.892887115478516,1.0627813712103327,49.56689453125,0.8651055095590838,16.483956575393677,0.16483956575393677,False,False,0.0,0.0,0.0,0.0,0.0,0.0,0.0,0.0,0.0,0.0,0.0,0.0,0.0,0.0,0.0,0.0
8,758,28.86721264605876,28.87777374405414,False,-17.098901748657227,-0.2984321415424347,-37.58241653442383,-0.6559368968009949,67.9120864868164,1.1852895021438599,61.31867980957031,1.0702128410339355,49.67033004760742,0.8669108152389526,15.865384615384615,0.15865384615384615,-0.2939082682132721,-0.7380222678184509,1.1885437965393066,1.0661280155181885,0.8674728274345398,0.16798898577690125,-16.839702606201172,-0.29390825553488054,-41.58241653442383,-0.7257500794614258,68.09854125976562,1.1885437607881173,61.084632873535156,1.0661279660151535,49.70252990722656,0.8674727934520553,16.798898577690125,0.16798898577690125,False,False,0.0,0.0,0.0,0.0,0.0,0.7031440734863281,0.7031440734863281,0.0,0.0,0.0,0.0,0.0,0.0,0.0,0.0,0.0
8,759,28.90081724303309,28.911110499990173,False,-17.36263656616211,-0.303035169839859,-37.67033004760742,-0.6574712991714478,68.0879135131836,1.1883583068847656,61.31867980957031,1.0702128410339355,49.4945068359375,0.8638420701026917,15.934065934065933,0.15934065934065933,-0.29516297578811646,-0.7479119300842285,1.184889793395996,1.0691810846328735,0.8683112263679504,0.1636306792497635,-16.911592483520508,-0.29516297059295776,-41.67033004760742,-0.727284459723475,67.8891830444336,1.184889770614474,61.259559631347656,1.0691810138888203,49.75056457519531,0.8683111565632122,16.36306792497635,0.1636306792497635,False,False,0.0,0.0,0.0,0.0,0.0,1.1818656921386719,1.1818656921386719,0.0,0.0,0.0,0.0,0.0,0.0,0.0,0.0,0.0
8,760,28.934172858018428,28.944754844065756,False,-17.36263656616211,-0.303035169839859,-38.63736343383789,-0.6743491888046265,68.43955993652344,1.194495677947998,61.31867980957031,1.0702128410339355,49.758243560791016,0.8684451580047607,16.208791208791208,0.16208791208791207,-0.29903560876846313,-0.7164080142974854,1.1922829151153564,1.0596154928207397,0.8581299781799316,0.16551408171653748,-17.13347816467285,-0.29903560629209647,-41.04715347290039,-0.7164079766735368,68.31277465820312,1.1922828389585884,60.711490631103516,1.0596154053064464,49.1672248840332,0.8581299582948666,16.551408171653748,0.16551408171653748,False,False,0.0,0.0,0.0,0.0,0.0,0.0,0.0,0.0,0.0,0.0,0.0,0.0,0.0,0.0,0.0,0.0
8,761,28.967557633062825,28.97798878001049,False,-17.27472496032715,-0.3015008270740509,-39.69230651855469,-0.6927614212036133,68.43955993652344,1.194495677947998,61.406593322753906,1.0717471837997437,49.4945068359375,0.8638420701026917,16.208791208791208,0.16208791208791207,-0.29470139741897583,-0.7085928320884705,1.1795796155929565,1.0547783374786377,0.861039400100708,0.16525468230247498,-16.88514518737793,-0.29470137819701975,-40.5993766784668,-0.7085927972966448,67.58493041992188,1.1795795605589106,60.43434524536133,1.0547783058185356,49.333919525146484,0.8610393286277236,16.525468230247498,0.16525468230247498,False,False,0.0,0.0,0.0,0.0,0.0,0.0,0.0,0.0,0.0,0.0,0.0,0.0,0.0,0.0,0.0,0.0
8,762,29.00200302596204,29.01252464100253,False,-17.27472496032715,-0.3015008270740509,-39.78022003173828,-0.6942958235740662,68.52747344970703,1.1960300207138062,61.31867980957031,1.0702128410339355,49.4945068359375,0.8638420701026917,16.208791208791208,0.16208791208791207,-0.3035966455936432,-0.703525185585022,1.1800265312194824,1.0610020160675049,0.8609431385993958,0.16768300533294678,-17.394805908203125,-0.30359663584350705,-40.30902099609375,-0.7035251346373603,67.61053466796875,1.1800264389898258,60.79093551635742,1.0610019801279962,49.328407287597656,0.8609431219333445,16.768300533294678,0.16768300533294678,False,False,0.0,0.0,0.0,0.0,0.0,0.0,0.0,0.0,0.0,0.0,0.0,0.0,0.0,0.0,0.0,0.0
8,763,29.03484152397141,29.045196417020634,False,-17.27472496032715,-0.3015008270740509,-39.78022003173828,-0.6942958235740662,68.52747344970703,1.1960300207138062,61.230770111083984,1.0686784982681274,49.4945068359375,0.8638420701026917,16.208791208791208,0.16208791208791207,-0.2948022782802582,-0.7035970687866211,1.1907545328140259,1.0626535415649414,0.8676659464836121,0.16366824507713318,-16.890926361083984,-0.2948022787128201,-40.313140869140625,-0.7035970399867925,68.22520446777344,1.190754450808992,60.88555908203125,1.0626534728989816,49.713592529296875,0.8676658726310861,16.366824507713318,0.16366824507713318,False,False,0.0,0.0,0.0,0.0,0.0,0.0,0.0,0.0,0.0,0.0,0.0,0.0,0.0,0.0,0.0,0.0
8,764,29.068060570047237,29.078590188990347,False,-17.186813354492188,-0.2999664843082428,-39.868133544921875,-0.6958301663398743,68.52747344970703,1.1960300207138062,61.14285659790039,1.0671441555023193,49.4945068359375,0.8638420701026917,16.27747252747253,0.16277472527472528,-0.29582905769348145,-0.7260808348655701,1.1933717727661133,1.0737228393554688,0.8770151138305664,0.16567093133926392,-16.94975471496582,-0.29582902718158655,-41.60136413574219,-0.7260807774897864,68.37516021728516,1.1933716723702674,61.51978302001953,1.0737227688118414,50.24925994873047,0.8770150327958637,16.56709313392639,0.16567093133926392,False,False,0.0,0.0,0.0,0.0,0.0,0.0,0.0,0.0,0.0,0.0,0.0,0.0,0.0,0.0,0.0,0.0
8,765,29.101435574004427,29.111931337974966,False,-17.186813354492188,-0.2999664843082428,-39.868133544921875,-0.6958301663398743,68.61538696289062,1.1975643634796143,61.14285659790039,1.0671441555023193,49.4945068359375,0.8638420701026917,16.27747252747253,0.16277472527472528,-0.2917271554470062,-0.7697187066078186,1.2238280773162842,1.0835554599761963,0.8784323334693909,0.1649468094110489,-16.714733123779297,-0.29172712660210565,-43.868133544921875,-0.7656433670634585,70.12017822265625,1.223827982070577,62.083152770996094,1.083555425872523,50.33046340942383,0.8784323005489766,16.49468094110489,0.1649468094110489,False,False,0.0,0.0,0.0,0.0,0.0,0.23349761962890625,0.23349761962890625,0.0,0.0,0.0,0.0,0.0,0.0,0.0,0.0,0.0
8,766,29.13474806502927,29.145364201976918,False,-17.186813354492188,-0.2999664843082428,-39.9560432434082,-0.6973645091056824,68.87911987304688,1.2021673917770386,61.14285659790039,1.0671441555023193,49.4945068359375,0.8638420701026917,16.27747252747253,0.16277472527472528,-0.28318777680397034,-0.8329660892486572,1.2787989377975464,1.0768756866455078,0.8827793002128601,0.16602568328380585,-16.2254638671875,-0.2831877671457938,-43.9560432434082,-0.7671776807464804,72.87911987304688,1.2719805977402998,61.7004280090332,1.076875618647359,50.579524993896484,0.8827792452382585,16.602568328380585,0.16602568328380585,False,False,0.0,0.0,0.0,0.0,0.0,3.7693939208984375,3.7693939208984375,0.0,0.390655517578125,0.390655517578125,0.0,0.0,0.0,0.0,0.0,0.0
8,767,29.168103225063533,29.17860758898314,False,-17.186813354492188,-0.2999664843082428,-40.83516311645508,-0.712708055973053,69.14286041259766,1.2067705392837524,61.406593322753906,1.0717471837997437,49.4945068359375,0.8638420701026917,16.27747252747253,0.16277472527472528,-0.28265678882598877,-0.8852636814117432,1.271833896636963,1.1186617612838745,0.9010199308395386,0.16708332300186157,-16.195039749145508,-0.28265676611394563,-44.83516311645508,-0.782521217050863,72.87071228027344,1.2718338575642365,64.09459686279297,1.1186617479941656,51.624637603759766,0.9010199013344837,16.708332300186157,0.16708332300186157,False,False,0.0,0.0,0.0,0.0,0.0,5.886707305908203,5.886707305908203,0.0,0.0,0.0,0.0,0.0,0.0,0.0,0.0,0.0
8,768,29.201521484996192,29.2116596410051,False,-17.186813354492188,-0.2999664843082428,-42.06593322753906,-0.7341890335083008,70.28571319580078,1.2267171144485474,61.31867980957031,1.0702128410339355,49.758243560791016,0.8684451580047607,16.27747252747253,0.16277472527472528,-0.27146226167678833,-0.9825655221939087,1.2773092985153198,1.1555142402648926,0.9143939018249512,0.1668313443660736,-15.553641319274902,-0.27146225169558164,-46.06593322753906,-0.8040022078244148,73.1844253540039,1.2773091836073849,65.31867980957031,1.1400260257329446,52.390907287597656,0.9143938302756709,16.68313443660736,0.1668313443660736,False,False,0.0,0.0,0.0,0.0,0.0,10.23092269897461,10.23092269897461,0.0,0.0,0.0,0.0,0.8874053955078125,0.8874053955078125,0.0,0.0,0.0
8,769,29.234948765020818,29.245178989018314,False,-17.010988235473633,-0.2968977391719818,-42.769229888916016,-0.7464638948440552,71.78022003173828,1.2528011798858643,61.58241653442383,1.0748158693313599,49.93406677246094,0.871513843536377,16.27747252747253,0.16277472527472528,-0.2682795226573944,-1.0047664642333984,1.2915260791778564,1.200928807258606,0.921845555305481,0.16685444116592407,-15.371283531188965,-0.2682795078768279,-46.769229888916016,-0.8162770501837263,73.99899291992188,1.2915260696126094,65.58241271972656,1.1446290333610376,52.81785583496094,0.9218454881637671,16.685444116592407,0.16685444116592407,False,False,0.0,0.0,0.0,0.0,0.0,10.799644470214844,10.799644470214844,0.0,0.0,0.0,0.0,3.2257347106933594,3.225738525390625,0.0,0.0,0.0
8,770,29.26828972005751,29.278661655029282,False,-16.571428298950195,-0.2892259955406189,-43.47252655029297,-0.7587386965751648,72.92308044433594,1.2727478742599487,63.25274658203125,1.1039687395095825,50.81318664550781,0.8868573904037476,16.27747252747253,0.16277472527472528,-0.2568080425262451,-1.086395502090454,1.317834734916687,1.2446259260177612,0.9591748118400574,0.16497564315795898,-14.71401596069336,-0.25680802470509567,-47.47252655029297,-0.8285518925430377,75.50636291503906,1.3178346390731752,67.25274658203125,1.173781858865808,54.81318664550781,0.9566705804742972,16.4975643157959,0.16497564315795898,False,False,0.0,0.0,0.0,0.0,0.0,14.773345947265625,14.773345947265625,0.0,0.0,0.0,0.0,4.059059143066406,4.059059143066406,0.0,0.1434783935546875,0.1434783935546875
8,771,29.301667727995664,29.312154783983715,False,-15.95604419708252,-0.278485506772995,-44.43955993652344,-0.7756166458129883,73.71428680419922,1.2865569591522217,64.21977996826172,1.1208466291427612,51.340660095214844,0.8960635662078857,16.27747252747253,0.16277472527472528,-0.24939276278018951,-1.1246473789215088,1.322214126586914,1.28677499294281,0.9772151112556458,0.16633205115795135,-14.289152145385742,-0.24939275225539267,-48.43955993652344,-0.8454298091094694,75.75728607177734,1.322214074327756,68.21977996826172,1.1906597754322397,55.340660095214844,0.9658767288885377,16.633205115795135,0.16633205115795135,False,False,0.0,0.0,0.0,0.0,0.0,15.99798583984375,15.99798583984375,0.0,0.0,0.0,0.0,5.506988525390625,5.506988525390625,0.0,0.6496391296386719,0.6496391296386719
8,772,29.334985748981126,29.345528661971912,False,-15.428571701049805,-0.2692793607711792,-45.4945068359375,-0.7940289378166199,74.5934066772461,1.3019005060195923,64.3956069946289,1.1239153146743774,52.0439567565918,0.9083383679389954,16.346153846153847,0.16346153846153846,-0.24782973527908325,-1.1287739276885986,1.302423119544983,1.3084282875061035,0.9912516474723816,0.16704222559928894,-14.199597358703613,-0.24782972636686834,-49.4945068359375,-0.8638421059379503,74.62334442138672,1.302423059002941,68.3956069946289,1.193728535956338,56.0439567565918,0.9781515712478491,16.704222559928894,0.16704222559928894,False,False,0.0,0.0,0.0,0.0,0.0,15.179473876953125,15.179473876953125,0.0,0.0,0.0,0.0,6.571807861328125,6.571807861328125,0.0,0.7505760192871094,0.7505760192871094
8,773,29.368508034036495,29.379416699986905,False,-15.164834976196289,-0.2646763026714325,-46.19780349731445,-0.8063037991523743,75.47252655029297,1.317244052886963,66.5054931640625,1.160739779472351,53.27472686767578,0.9298194050788879,16.483516483516482,0.1648351648351648,-0.24089768528938293,-1.1713790893554688,1.311094045639038,1.3269119262695312,1.0049397945404053,0.16744571924209595,-13.802419662475586,-0.2408976678522034,-50.19780349731445,-0.8761169482972617,75.12014770507812,1.3110939120380756,70.5054931640625,1.230552996455245,57.27472686767578,0.999632562021401,16.744571924209595,0.16744571924209595,False,False,0.0,0.0,0.0,0.0,0.0,16.91727066040039,16.91727066040039,0.0,0.0,0.0,0.0,5.520957946777344,5.520957946777344,0.0,0.3040771484375,0.3040771484375
8,774,29.402200573007576,29.413076621014625,False,-14.98901081085205,-0.2616075873374939,-46.989009857177734,-0.820112943649292,75.82417297363281,1.3233814239501953,67.29669952392578,1.1745489835739136,54.06593322753906,0.9436285495758057,16.27747252747253,0.16277472527472528,-0.2451707124710083,-1.2035284042358398,1.3132883310317993,1.3369852304458618,1.0135056972503662,0.16742151975631714,-14.047245979309082,-0.24517069317647874,-50.989009857177734,-0.8899261043395951,75.2458724975586,1.3132882236182464,71.29669952392578,1.2443621524975785,58.06593322753906,1.0134417180637343,16.742151975631714,0.16742151975631714,False,False,0.0,0.0,0.0,0.0,0.0,17.968082427978516,17.968082427978516,0.0,0.0,0.0,0.0,5.306907653808594,5.306907653808594,0.0,0.003662109375,0.003662109375
8,775,29.43571810796857,29.44700821605511,False,-14.813186645507812,-0.2585388720035553,-47.868133544921875,-0.8354565501213074,75.56044006347656,1.318778395652771,67.38461303710938,1.1760833263397217,55.03296661376953,0.9605064392089844,16.27747252747253,0.16277472527472528,-0.23543700575828552,-1.2195597887039185,1.333336353302002,1.3468384742736816,1.0222244262695312,0.1698882281780243,-13.489545822143555,-0.23543698919505043,-51.868133544921875,-0.9052697072230049,76.39453887939453,1.3333362339882537,71.38461303710938,1.2458965327596276,58.56914138793945,1.0222243572856249,16.98882281780243,0.1698882281780243,False,False,0.0,0.0,0.0,0.0,0.0,18.007492065429688,18.007492065429688,0.0,0.0,0.0,0.0,5.783546447753906,5.783546447753906,0.0,0.0,0.0
8,776,29.469354819040745,29.482085297000594,False,-14.549450874328613,-0.2539358139038086,-49.36263656616211,-0.8615405559539795,75.56044006347656,1.318778395652771,68.87911987304688,1.2021673917770386,55.912086486816406,0.975849986076355,16.758241758241756,0.16758241758241754,-0.22840026021003723,-1.2533663511276245,1.3357983827590942,1.3406779766082764,1.028165340423584,0.16398705542087555,-13.086370468139648,-0.22840025180478857,-53.36263656616211,-0.9313537056246497,76.53560638427734,1.335798326416032,72.87911987304688,1.2719805977402998,58.90953063964844,1.0281652704663464,16.398705542087555,0.16398705542087555,False,False,0.0,0.0,0.0,0.0,0.0,18.449962615966797,18.449962615966797,0.0,0.0,0.0,0.0,3.936065673828125,3.936065673828125,0.0,0.0,0.0
8,777,29.502213887055404,29.512811891036108,False,-14.285714149475098,-0.2493327409029007,-49.4505500793457,-0.8630748987197876,75.82417297363281,1.3233814239501953,70.37362670898438,1.2282514572143555,56.70329666137695,0.9896591901779175,16.414835164835164,0.16414835164835165,-0.22567617893218994,-1.2522526979446411,1.357828974723816,1.336974024772644,1.0179386138916016,0.1642850935459137,-12.930292129516602,-0.22567617090477377,-53.4505500793457,-0.9328880858866989,77.79786682128906,1.3578289270595492,74.37362670898438,1.298064662720972,58.32358169555664,1.0179385321433605,16.42850935459137,0.1642850935459137,False,False,0.0,0.0,0.0,0.0,0.0,18.298236846923828,18.298236846923828,0.0,0.0,0.0,0.0,2.229339599609375,2.229339599609375,0.0,0.0,0.0
8,778,29.536330325063318,29.546818975009955,False,-13.934065818786621,-0.2431953251361847,-50.5054931640625,-0.8814871311187744,76.52747344970703,1.3356564044952393,70.9011001586914,1.2374576330184937,57.58241653442383,1.005002737045288,16.27747252747253,0.16277472527472528,-0.2276473343372345,-1.2633988857269287,1.3567556142807007,1.3413631916046143,1.0138955116271973,0.16552472114562988,-13.043231010437012,-0.22764732623035272,-54.5054931640625,-0.9513003161361524,77.73636627197266,1.3567555399821927,74.9011001586914,1.3072708111352123,58.0919303894043,1.0138954541344567,16.55247211456299,0.16552472114562988,False,False,0.0,0.0,0.0,0.0,0.0,17.881927490234375,17.881927490234375,0.0,0.0,0.0,0.0,1.9533462524414062,1.9533462524414062,0.0,0.0,0.0
8,779,29.570151283056475,29.580708579043858,False,-13.318681716918945,-0.23245485126972198,-51.82417678833008,-0.9045025110244751,77.14286041259766,1.3463969230651855,72.13186645507812,1.2589385509490967,57.4945068359375,1.00346839427948,16.27747252747253,0.16277472527472528,-0.2290971875190735,-1.284654974937439,1.366601824760437,1.328474760055542,1.0102546215057373,0.14125025272369385,-13.126300811767578,-0.22909716777254868,-55.82417678833008,-0.9743156871717535,78.3005142211914,1.3666017791644336,76.1159896850586,1.3284746334183142,57.883323669433594,1.010254580029182,14.125025272369385,0.14125025272369385,False,False,0.0,0.0,0.0,0.0,0.0,17.781124114990234,17.781124114990234,0.0,0.0,0.0,0.0,0.0,0.0,0.0,0.0,0.0
8,780,29.603361158980988,29.771498769056052,False,-12.967033386230469,-0.2263174206018448,-52.61538314819336,-0.9183116555213928,77.5824203491211,1.354068636894226,72.65933990478516,1.2681447267532349,57.846153259277344,1.009605884552002,16.414835164835164,0.16414835164835165,-0.22057311236858368,-1.117895245552063,1.3840218782424927,1.225264310836792,0.9785756468772888,0.1616252362728119,-12.637907981872559,-0.220573104847748,-56.61538314819336,-0.9881248432140869,79.2986068725586,1.384021782170751,70.20246887207031,1.225264224846457,56.06825256347656,0.978575613072417,16.16252362728119,0.1616252362728119,False,False,0.0,0.0,0.0,0.0,0.0,7.435291290283203,7.435291290283203,0.0,0.0,0.0,0.0,0.0,0.0,0.0,0.0,0.0
8,781,29.773043066030368,29.783795058028772,False,-13.230769157409668,-0.2309204787015915,-55.16483688354492,-0.9628080129623413,77.84615325927734,1.3586716651916504,74.06593322753906,1.292694330215454,57.846153259277344,1.009605884552002,14.560439560439562,0.14560439560439561,-0.22069339454174042,-1.135461449623108,1.4094005823135376,1.1882579326629639,0.9676821231842041,0.15953853726387024,-12.64479923248291,-0.2206933798604787,-59.16483688354492,-1.0326212050232397,80.75270080566406,1.4094005089367154,70.06593322753906,1.222881228303054,55.44409942626953,0.9676820857915024,15.953853726387024,0.15953853726387024,False,False,0.0,0.0,0.0,0.0,0.0,5.892307281494141,5.892307281494141,0.0,0.0,0.0,0.0,1.9837722778320312,1.9837722778320312,0.0,0.0,0.0
8,782,29.806354698026553,29.816771832993254,False,-13.142857551574707,-0.2293861359357834,-55.16483688354492,-0.9628080129623413,77.84615325927734,1.3586716651916504,74.06593322753906,1.292694330215454,57.846153259277344,1.009605884552002,14.560439560439562,0.14560439560439561,-0.2210250198841095,-1.1616549491882324,1.4244869947433472,1.1980929374694824,0.9933745265007019,0.15832720696926117,-12.663800239562988,-0.22102500999522082,-59.16483688354492,-1.0326212050232397,81.6170883178711,1.424486917037851,70.06593322753906,1.222881228303054,56.91616439819336,0.993374466354851,15.832720696926117,0.15832720696926117,False,False,0.0,0.0,0.0,0.0,0.0,7.393085479736328,7.393085479736328,0.0,0.0,0.0,0.0,1.4202651977539062,1.4202651977539062,0.0,0.0,0.0
8,783,29.839610820054077,29.851318042958155,False,-13.230769157409668,-0.2309204787015915,-55.69230651855469,-0.9720141291618347,78.10989379882812,1.3632748126983643,73.80220031738281,1.2880914211273193,57.58241653442383,1.005002737045288,14.491758241758243,0.14491758241758243,-0.22036466002464294,-1.2063393592834473,1.4493937492370605,1.1949341297149658,0.993884801864624,0.1593828797340393,-12.625964164733887,-0.22036464591342203,-59.69230651855469,-1.041827286858453,82.10989379882812,1.4330879952524254,69.80220031738281,1.218278220674961,56.94540023803711,0.9938847280197103,15.93828797340393,0.1593828797340393,False,False,0.0,0.0,0.0,0.0,0.0,9.42584228515625,9.42584228515625,0.0,0.9342498779296875,0.9342498779296875,0.0,1.3375244140625,1.3375244140625,0.0,0.0,0.0
8,784,29.87311755004339,29.885020190034993,False,-13.230769157409668,-0.2309204787015915,-57.80219650268555,-1.0088386535644531,79.78022003173828,1.3924275636672974,72.30769348144531,1.2620073556900024,56.879119873046875,0.9927279353141785,15.04120879120879,0.1504120879120879,-0.21101722121238708,-1.1962209939956665,1.4400036334991455,1.200618028640747,1.0025749206542969,0.15984176099300385,-12.0903959274292,-0.21101721680335292,-61.80219650268555,-1.0786518139363874,82.5061264038086,1.4400035588130886,68.79034423828125,1.2006180005383185,57.44330978393555,1.0025748889727477,15.984176099300385,0.15984176099300385,False,False,0.0,0.0,0.0,0.0,0.0,6.736217498779297,6.736217498779297,0.0,0.0,0.0,0.0,0.0,0.0,0.0,0.0,0.0
8,785,29.906420774990693,29.919460557051934,False,-13.230769157409668,-0.2309204787015915,-58.593406677246094,-1.0226478576660156,80.92308044433594,1.4123741388320923,70.9011001586914,1.2374576330184937,57.05494689941406,0.9957966804504395,15.315934065934067,0.15315934065934067,-0.20902332663536072,-1.2238259315490723,1.442072868347168,1.205714464187622,1.0076677799224854,0.1583784520626068,-11.976153373718262,-0.2090233080952106,-62.593406677246094,-1.092461036557748,82.62468719482422,1.4420728349800802,69.08234405517578,1.2057143587583488,57.735107421875,1.0076677185043337,15.837845206260681,0.1583784520626068,False,False,0.0,0.0,0.0,0.0,0.0,7.526649475097656,7.526649475097656,0.0,0.0,0.0,0.0,0.0,0.0,0.0,0.0,0.0
8,786,29.940057905041613,29.951707483036444,False,-13.142857551574707,-0.2293861359357834,-58.94505310058594,-1.028785228729248,81.62637329101562,1.4246490001678467,70.10989379882812,1.2236484289169312,57.14285659790039,0.9973309636116028,15.453296703296704,0.15453296703296704,-0.20896142721176147,-1.218432068824768,1.4547253847122192,1.2077397108078003,1.0033096075057983,0.1578550934791565,-11.972607612609863,-0.20896142288937988,-62.94505310058594,-1.0985984244478901,83.34961700439453,1.4547252470029375,69.1983871459961,1.2077396927673538,57.48540115356445,1.0033095219594461,15.78550934791565,0.1578550934791565,False,False,0.0,0.0,0.0,0.0,0.0,6.865959167480469,6.865959167480469,0.0,0.0,0.0,0.0,0.0,0.0,0.0,0.0,0.0
8,787,29.97364830202423,29.987558108055964,False,-12.879120826721191,-0.2247830629348755,-60.17582321166992,-1.0502662658691406,82.24176025390625,1.435389518737793,69.75823974609375,1.2175109386444092,57.230770111083984,0.9988653659820557,15.453296703296704,0.15453296703296704,-0.21265509724617004,-1.2226989269256592,1.4497509002685547,1.2115432024002075,0.9991621971130371,0.16040679812431335,-12.18423843383789,-0.21265507751850846,-64.17582702636719,-1.1200794818004691,83.06460571289062,1.449750861560833,69.41630554199219,1.2115430862781507,57.247772216796875,0.9991621146148385,16.040679812431335,0.16040679812431335,False,False,0.0,0.0,0.0,0.0,0.0,5.879657745361328,5.8796539306640625,0.0,0.0,0.0,0.0,0.0,0.0,0.0,0.0,0.0
