trial,cycle,observation_time_s,command_time_s,success_marker,measured_shoulder_pan_deg,measured_shoulder_pan_rad,measured_shoulder_lift_deg,measured_shoulder_lift_rad,measured_elbow_flex_deg,measured_elbow_flex_rad,measured_wrist_flex_deg,measured_wrist_flex_rad,measured_wrist_roll_deg,measured_wrist_roll_rad,measured_gripper_hw,measured_gripper_norm,policy_shoulder_pan_rad,policy_shoulder_lift_rad,policy_elbow_flex_rad,policy_wrist_flex_rad,policy_wrist_roll_rad,policy_gripper_norm,sent_shoulder_pan_deg,sent_shoulder_pan_rad,sent_shoulder_lift_deg,sent_shoulder_lift_rad,sent_elbow_flex_deg,sent_elbow_flex_rad,sent_wrist_flex_deg,sent_wrist_flex_rad,sent_wrist_roll_deg,sent_wrist_roll_rad,sent_gripper_hw,sent_gripper_norm,gripper_hard_clamped,gripper_step_clamped,gripper_correction_hw,urdf_violation_shoulder_pan_deg,step_violation_shoulder_pan_deg,safety_correction_shoulder_pan_deg,urdf_violation_shoulder_lift_deg,step_violation_shoulder_lift_deg,safety_correction_shoulder_lift_deg,urdf_violation_elbow_flex_deg,step_violation_elbow_flex_deg,safety_correction_elbow_flex_deg,urdf_violation_wrist_flex_deg,step_violation_wrist_flex_deg,safety_correction_wrist_flex_deg,urdf_violation_wrist_roll_deg,step_violation_wrist_roll_deg,safety_correction_wrist_roll_deg
1,0,0.0012566230725497007,0.529741225996986,False,-10.241758346557617,-0.17875240743160248,-94.28571319580078,-1.6455961465835571,91.47252655029297,1.5964967012405396,78.81318664550781,1.375549554824829,92.83516693115234,1.620279312133789,0.9615384615384616,0.009615384615384616,-0.18088361620903015,-1.7143222093582153,1.602065086364746,1.3714511394500732,1.6194206476211548,0.002104058861732483,-10.363866806030273,-0.18088359900337678,-98.22341918945312,-1.714322067422537,91.79156494140625,1.602065033785735,78.57836151123047,1.3714511291933589,92.78596496582031,1.6194205882936723,0.2104058861732483,0.002104058861732483,False,False,0.0,0.0,0.0,0.0,0.0,0.0,0.0,0.0,0.0,0.0,0.0,0.0,0.0,0.0,0.0,0.0
1,1,0.5312446320895106,0.5463234439957887,False,-10.241758346557617,-0.17875240743160248,-94.28571319580078,-1.6455961465835571,91.47252655029297,1.5964967012405396,78.81318664550781,1.375549554824829,92.83516693115234,1.620279312133789,0.9615384615384616,0.009615384615384616,-0.17416824400424957,-1.7073239088058472,1.6033077239990234,1.3716073036193848,1.6152712106704712,0.002059847116470337,-9.979104995727539,-0.17416823857766023,-97.82244873046875,-1.7073238127100268,91.86276245117188,1.603307664750366,78.5873031616211,1.3716071904332374,92.5482177734375,1.6152711169992198,0.2059847116470337,0.002059847116470337,False,False,0.0,0.0,0.0,0.0,0.0,0.0,0.0,0.0,0.0,0.0,0.0,0.0,0.0,0.0,0.0,0.0
1,2,0.5648301769979298,0.5789101660484448,False,-10.241758346557617,-0.17875240743160248,-94.28571319580078,-1.6455961465835571,91.47252655029297,1.5964967012405396,78.81318664550781,1.375549554824829,92.83516693115234,1.620279312133789,0.9615384615384616,0.009615384615384616,-0.17070411145687103,-1.723811388015747,1.6097201108932495,1.3677265644073486,1.620551347732544,0.0024285241961479187,-9.780624389648438,-0.17070409850022603,-98.28571319580078,-1.7154093029375619,92.23016357421875,1.6097200240230587,78.36495208740234,1.367726432092774,92.85074615478516,1.6205512333344654,0.24285241961479187,0.0024285241961479187,False,False,0.0,0.0,0.0,0.0,0.0,0.4813995361328125,0.4813995361328125,0.0,0.0,0.0,0.0,0.0,0.0,0.0,0.0,0.0
1,3,0.5981829660013318,0.609893526067026,False,-10.241758346557617,-0.17875240743160248,-94.63735961914062,-1.6517335176467896,91.47252655029297,1.5964967012405396,78.81318664550781,1.375549554824829,92.83516693115234,1.620279312133789,0.8928571428571428,0.008928571428571428,-0.17342230677604675,-1.7068551778793335,1.594224452972412,1.3688896894454956,1.6157890558242798,0.0021632015705108643,-9.936366081237793,-0.17342230380108584,-97.79559326171875,-1.7068550963581728,91.34233093261719,1.5942244212204326,78.43159484863281,1.3688895676988662,92.57788848876953,1.6157889686731859,0.21632015705108643,0.0021632015705108643,False,False,0.0,0.0,0.0,0.0,0.0,0.0,0.0,0.0,0.0,0.0,0.0,0.0,0.0,0.0,0.0,0.0
1,4,0.6318933550501242,0.6428767089964822,False,-10.241758346557617,-0.17875240743160248,-95.69230651855469,-1.6701457500457764,91.47252655029297,1.5964967012405396,78.81318664550781,1.375549554824829,92.83516693115234,1.620279312133789,0.8928571428571428,0.008928571428571428,-0.18054503202438354,-1.7177214622497559,1.6045352220535278,1.370003581047058,1.6172370910644531,0.0016684383153915405,-10.344468116760254,-0.18054502800504366,-98.41818237304688,-1.717721326237914,91.93309020996094,1.6045351156967835,78.49542236328125,1.3700035679828464,92.66085815429688,1.6172370625159163,0.16684383153915405,0.0016684383153915405,False,False,0.0,0.0,0.0,0.0,0.0,0.0,0.0,0.0,0.0,0.0,0.0,0.0,0.0,0.0,0.0,0.0
1,5,0.6650738359894603,0.6777270630700514,False,-10.417582511901855,-0.18182110786437988,-96.21977996826172,-1.6793519258499146,91.47252655029297,1.5964967012405396,78.81318664550781,1.375549554824829,92.83516693115234,1.620279312133789,0.8928571428571428,0.008928571428571428,-0.1727454513311386,-1.709443211555481,1.6023318767547607,1.3684532642364502,1.6189792156219482,0.001784197986125946,-9.897584915161133,-0.1727454447652854,-97.94387817382812,-1.709443156305512,91.80684661865234,1.6023317493689064,78.4065933227539,1.3684532087542567,92.76067352294922,1.6189791693429918,0.1784197986125946,0.001784197986125946,False,False,0.0,0.0,0.0,0.0,0.0,0.0,0.0,0.0,0.0,0.0,0.0,0.0,0.0,0.0,0.0,0.0
1,6,0.6985110020032153,0.7088734940625727,False,-10.417582511901855,-0.18182110786437988,-96.48351287841797,-1.6839549541473389,91.47252655029297,1.5964967012405396,78.81318664550781,1.375549554824829,92.83516693115234,1.620279312133789,0.8928571428571428,0.008928571428571428,-0.17142091691493988,-1.709078073501587,1.6065295934677124,1.3681193590164185,1.6205841302871704,0.002444721758365631,-9.821694374084473,-0.17142090495237766,-97.92295837402344,-1.709078036920062,92.04736328125,1.6065295570371438,78.38745880126953,1.3681192483535607,92.85262298583984,1.6205839902158734,0.2444721758365631,0.002444721758365631,False,False,0.0,0.0,0.0,0.0,0.0,0.0,0.0,0.0,0.0,0.0,0.0,0.0,0.0,0.0,0.0,0.0
1,7,0.7320617560762912,0.7430313500808552,False,-10.417582511901855,-0.18182110786437988,-96.57142639160156,-1.685489296913147,91.47252655029297,1.5964967012405396,78.81318664550781,1.375549554824829,92.83516693115234,1.620279312133789,0.8928571428571428,0.008928571428571428,-0.1709909290075302,-1.7108882665634155,1.603033185005188,1.3692262172698975,1.6186234951019287,0.001504160463809967,-9.79705810546875,-0.17099092094962756,-98.02667236328125,-1.7108881875129889,91.84703063964844,1.6030330928419787,78.45088195800781,1.3692261912606523,92.74028778076172,1.6186233710213571,0.1504160463809967,0.001504160463809967,False,False,0.0,0.0,0.0,0.0,0.0,0.0,0.0,0.0,0.0,0.0,0.0,0.0,0.0,0.0,0.0,0.0
1,8,0.7654944940004498,0.7756992320064455,False,-10.329669952392578,-0.18028675019741058,-96.65933990478516,-1.6870237588882446,91.47252655029297,1.5964967012405396,78.81318664550781,1.375549554824829,92.83516693115234,1.620279312133789,0.8928571428571428,0.008928571428571428,-0.1767435073852539,-1.7054121494293213,1.5985143184661865,1.369480013847351,1.625318169593811,0.0023130252957344055,-10.126656532287598,-0.17674349870701003,-97.7129135131836,-1.7054120625215134,91.58811950683594,1.5985142411043323,78.46542358398438,1.3694799905125368,93.12386322021484,1.6253180253695982,0.23130252957344055,0.0023130252957344055,False,False,0.0,0.0,0.0,0.0,0.0,0.0,0.0,0.0,0.0,0.0,0.0,0.0,0.0,0.0,0.0,0.0
1,9,0.7998844210524112,0.8112582110334188,False,-10.241758346557617,-0.17875240743160248,-96.65933990478516,-1.6870237588882446,91.47252655029297,1.5964967012405396,78.81318664550781,1.375549554824829,92.83516693115234,1.620279312133789,0.8928571428571428,0.008928571428571428,-0.17487919330596924,-1.6913548707962036,1.5856353044509888,1.3696424961090088,1.6180973052978516,0.0029651373624801636,-10.0198392868042,-0.1748791860754137,-96.9074935913086,-1.6913548330236392,90.85020446777344,1.5856351940727091,78.4747314453125,1.3696424433390315,92.71014404296875,1.618097263548012,0.29651373624801636,0.0029651373624801636,False,False,0.0,0.0,0.0,0.0,0.0,0.0,0.0,0.0,0.0,0.0,0.0,0.0,0.0,0.0,0.0,0.0
1,10,0.8349655229831114,0.8466325730551034,False,-10.241758346557617,-0.17875240743160248,-96.65933990478516,-1.6870237588882446,91.47252655029297,1.5964967012405396,78.81318664550781,1.375549554824829,92.83516693115234,1.620279312133789,0.8928571428571428,0.008928571428571428,-0.17888957262039185,-1.691728115081787,1.5866847038269043,1.3688724040985107,1.6205350160598755,0.002926759421825409,-10.249616622924805,-0.17888955713717997,-96.92887878417969,-1.6917280750504138,90.91033172607422,1.5866846127002547,78.43061065673828,1.3688723903098352,92.84981536865234,1.620534988051816,0.2926759421825409,0.002926759421825409,False,False,0.0,0.0,0.0,0.0,0.0,0.0,0.0,0.0,0.0,0.0,0.0,0.0,0.0,0.0,0.0,0.0
1,11,0.8674933509901166,0.8810885370476171,False,-10.241758346557617,-0.17875240743160248,-96.65933990478516,-1.6870237588882446,91.47252655029297,1.5964967012405396,78.81318664550781,1.375549554824829,92.83516693115234,1.620279312133789,0.8928571428571428,0.008928571428571428,-0.18011748790740967,-1.7058929204940796,1.6038246154785156,1.3706060647964478,1.6172844171524048,0.00266062468290329,-10.319971084594727,-0.18011747413678825,-97.7404556274414,-1.7058927630982728,91.89237976074219,1.6038245843179504,78.52993774414062,1.3706059750214223,92.66356658935547,1.6172843336252654,0.266062468290329,0.00266062468290329,False,False,0.0,0.0,0.0,0.0,0.0,0.0,0.0,0.0,0.0,0.0,0.0,0.0,0.0,0.0,0.0,0.0
1,12,0.9008122819941491,0.9138651880202815,False,-10.241758346557617,-0.17875240743160248,-96.65933990478516,-1.6870237588882446,91.47252655029297,1.5964967012405396,78.81318664550781,1.375549554824829,92.83516693115234,1.620279312133789,0.8928571428571428,0.008928571428571428,-0.18311023712158203,-1.7034072875976562,1.5910732746124268,1.3679128885269165,1.6189082860946655,0.0021245256066322327,-10.491443634033203,-0.1831102347012784,-97.5980453491211,-1.7034072348529017,91.16178131103516,1.5910732358605963,78.3756332397461,1.3679128533690796,92.75660705566406,1.6189081960999412,0.21245256066322327,0.0021245256066322327,False,False,0.0,0.0,0.0,0.0,0.0,0.0,0.0,0.0,0.0,0.0,0.0,0.0,0.0,0.0,0.0,0.0
1,13,0.9342325500911102,0.9484329550759867,False,-10.241758346557617,-0.17875240743160248,-96.65933990478516,-1.6870237588882446,91.47252655029297,1.5964967012405396,78.81318664550781,1.375549554824829,92.83516693115234,1.620279312133789,0.8928571428571428,0.008928571428571428,-0.17859086394309998,-1.7013052701950073,1.584215521812439,1.369143009185791,1.6172622442245483,0.002621762454509735,-10.232501983642578,-0.17859085033141395,-97.47760772705078,-1.7013052018045023,90.76885986328125,1.5842154628955878,78.44611358642578,1.3691429674765871,92.66229248046875,1.6172620962301631,0.2621762454509735,0.002621762454509735,False,False,0.0,0.0,0.0,0.0,0.0,0.0,0.0,0.0,0.0,0.0,0.0,0.0,0.0,0.0,0.0,0.0
1,14,0.9682164770783857,0.9802070590667427,False,-10.241758346557617,-0.17875240743160248,-96.65933990478516,-1.6870237588882446,91.47252655029297,1.5964967012405396,78.81318664550781,1.375549554824829,92.83516693115234,1.620279312133789,0.8928571428571428,0.008928571428571428,-0.17361995577812195,-1.6996537446975708,1.5955911874771118,1.3682209253311157,1.614452838897705,0.0035487189888954163,-9.9476900100708,-0.17361994364348335,-97.38298034667969,-1.6996536424544895,91.42063903808594,1.5955911554918614,78.39328002929688,1.3682208479491473,92.50132751464844,1.6144527275962386,0.3548718988895416,0.0035487189888954163,False,False,0.0,0.0,0.0,0.0,0.0,0.0,0.0,0.0,0.0,0.0,0.0,0.0,0.0,0.0,0.0,0.0
1,15,1.001504805055447,1.015341488062404,False,-10.329669952392578,-0.18028675019741058,-96.65933990478516,-1.6870237588882446,91.47252655029297,1.5964967012405396,78.81318664550781,1.375549554824829,92.83516693115234,1.620279312133789,0.8928571428571428,0.008928571428571428,-0.17669236660003662,-1.7057015895843506,1.5933431386947632,1.3681042194366455,1.6195584535598755,0.004306614398956299,-10.123725891113281,-0.1766923493693237,-97.72949981689453,-1.705701548132005,91.29183197021484,1.593343048057671,78.3865966796875,1.3681042014934017,92.79386138916016,1.619558406880084,0.4306614398956299,0.004306614398956299,False,False,0.0,0.0,0.0,0.0,0.0,0.0,0.0,0.0,0.0,0.0,0.0,0.0,0.0,0.0,0.0,0.0
1,16,1.0356476960005239,1.0491347410716116,False,-10.329669952392578,-0.18028675019741058,-96.65933990478516,-1.6870237588882446,91.47252655029297,1.5964967012405396,78.81318664550781,1.375549554824829,92.83516693115234,1.620279312133789,0.8928571428571428,0.008928571428571428,-0.17237336933612823,-1.6996967792510986,1.5874935388565063,1.3673745393753052,1.6230818033218384,0.004102542996406555,-9.876266479492188,-0.1723733678714877,-97.38544464111328,-1.6996966525060944,90.95667266845703,1.587493414723312,78.34478759765625,1.36737449535472,92.99573516845703,1.6230817690022588,0.4102542996406555,0.004102542996406555,False,False,0.0,0.0,0.0,0.0,0.0,0.0,0.0,0.0,0.0,0.0,0.0,0.0,0.0,0.0,0.0,0.0
1,17,1.0688276210566983,1.0803281060652807,False,-10.329669952392578,-0.18028675019741058,-96.65933990478516,-1.6870237588882446,91.47252655029297,1.5964967012405396,78.81318664550781,1.375549554824829,92.83516693115234,1.620279312133789,0.8928571428571428,0.008928571428571428,-0.1772381216287613,-1.7170716524124146,1.5949501991271973,1.3691930770874023,1.619978904724121,0.003053635358810425,-10.154995918273926,-0.17723811430046502,-98.38095092773438,-1.7170715149319349,91.3839111328125,1.5949501326174793,78.44898223876953,1.3691930349050807,92.81794738769531,1.619978786858153,0.3053635358810425,0.003053635358810425,False,False,0.0,0.0,0.0,0.0,0.0,0.0,0.0,0.0,0.0,0.0,0.0,0.0,0.0,0.0,0.0,0.0
1,18,1.102197454078123,1.114251111051999,False,-10.329669952392578,-0.18028675019741058,-96.65933990478516,-1.6870237588882446,91.47252655029297,1.5964967012405396,78.81318664550781,1.375549554824829,92.83516693115234,1.620279312133789,0.8928571428571428,0.008928571428571428,-0.17545947432518005,-1.7072645425796509,1.59470534324646,1.3675792217254639,1.623350739479065,0.0037059485912323,-10.05308723449707,-0.17545947223218514,-97.81904602050781,-1.707264424217718,91.36988067626953,1.5947052549552465,78.35651397705078,1.3675791592844926,93.01113891601562,1.6233506151143022,0.37059485912323,0.0037059485912323,False,False,0.0,0.0,0.0,0.0,0.0,0.0,0.0,0.0,0.0,0.0,0.0,0.0,0.0,0.0,0.0,0.0
1,19,1.1356173870153725,1.1486137480242178,False,-10.329669952392578,-0.18028675019741058,-96.65933990478516,-1.6870237588882446,91.47252655029297,1.5964967012405396,78.81318664550781,1.375549554824829,92.83516693115234,1.620279312133789,0.8928571428571428,0.008928571428571428,-0.17464298009872437,-1.6945579051971436,1.5825785398483276,1.3669039011001587,1.622097373008728,0.0036079585552215576,-10.006304740905762,-0.17464296368672366,-97.09101104736328,-1.6945578168666775,90.67506408691406,1.582578417773516,78.31781768798828,1.3669037816320486,92.9393310546875,1.6220973315053109,0.36079585552215576,0.0036079585552215576,False,False,0.0,0.0,0.0,0.0,0.0,0.0,0.0,0.0,0.0,0.0,0.0,0.0,0.0,0.0,0.0,0.0
1,20,1.1692754679825157,1.18292786704842,False,-10.329669952392578,-0.18028675019741058,-96.65933990478516,-1.6870237588882446,91.47252655029297,1.5964967012405396,78.81318664550781,1.375549554824829,92.83516693115234,1.620279312133789,0.8928571428571428,0.008928571428571428,-0.17329655587673187,-1.701517939567566,1.5825759172439575,1.3674919605255127,1.6196743249893188,0.004044719040393829,-9.929161071777344,-0.17329655266336366,-97.48979187011719,-1.701517855217545,90.67491912841797,1.5825758877704805,78.35151672363281,1.3674919407587927,92.80049896240234,1.6196742543875025,0.40447190403938293,0.004044719040393829,False,False,0.0,0.0,0.0,0.0,0.0,0.0,0.0,0.0,0.0,0.0,0.0,0.0,0.0,0.0,0.0,0.0
1,21,1.2023995680501685,1.215696707018651,False,-10.329669952392578,-0.18028675019741058,-96.65933990478516,-1.6870237588882446,91.47252655029297,1.5964967012405396,78.81318664550781,1.375549554824829,92.83516693115234,1.620279312133789,0.8928571428571428,0.008928571428571428,-0.17333590984344482,-1.693752408027649,1.5816797018051147,1.3685847520828247,1.62209951877594,0.00494789332151413,-9.931415557861328,-0.1733359008684696,-97.04486083984375,-1.6937523437949829,90.62356567382812,1.5816796009056144,78.41412353515625,1.368584635754052,92.939453125,1.622099462034183,0.49478933215141296,0.00494789332151413,False,False,0.0,0.0,0.0,0.0,0.0,0.0,0.0,0.0,0.0,0.0,0.0,0.0,0.0,0.0,0.0,0.0
1,22,1.236207953072153,1.2467354820109904,False,-10.329669952392578,-0.18028675019741058,-96.65933990478516,-1.6870237588882446,91.47252655029297,1.5964967012405396,78.81318664550781,1.375549554824829,92.83516693115234,1.620279312133789,0.8928571428571428,0.008928571428571428,-0.17451392114162445,-1.7132792472839355,1.5932949781417847,1.368242621421814,1.6189838647842407,0.004894755780696869,-9.998910903930664,-0.1745139168871525,-98.16366577148438,-1.713279173539662,91.28907012939453,1.5932948448419404,78.39452362060547,1.3682425527120314,92.76094055175781,1.6189838298748993,0.4894755780696869,0.004894755780696869,False,False,0.0,0.0,0.0,0.0,0.0,0.0,0.0,0.0,0.0,0.0,0.0,0.0,0.0,0.0,0.0,0.0
1,23,1.2691223550355062,1.2799717740854248,False,-10.329669952392578,-0.18028675019741058,-96.65933990478516,-1.6870237588882446,91.47252655029297,1.5964967012405396,78.81318664550781,1.375549554824829,92.83516693115234,1.620279312133789,0.8928571428571428,0.008928571428571428,-0.17459061741828918,-1.6942068338394165,1.5832146406173706,1.3677947521209717,1.6174464225769043,0.005643866956233978,-10.003305435180664,-0.1745906159265468,-97.07089233398438,-1.6942066790769506,90.71150970458984,1.5832145137998817,78.36886596679688,1.3677947421747345,92.6728515625,1.6174463869775966,0.5643866956233978,0.005643866956233978,False,False,0.0,0.0,0.0,0.0,0.0,0.0,0.0,0.0,0.0,0.0,0.0,0.0,0.0,0.0,0.0,0.0
1,24,1.3025706160115078,1.3142873219912872,False,-10.329669952392578,-0.18028675019741058,-96.65933990478516,-1.6870237588882446,91.47252655029297,1.5964967012405396,78.81318664550781,1.375549554824829,92.83516693115234,1.620279312133789,0.8928571428571428,0.008928571428571428,-0.1714823991060257,-1.691217064857483,1.5823229551315308,1.3674696683883667,1.6148302555084229,0.00655713677406311,-9.825217247009277,-0.1714823906840449,-96.89959716796875,-1.6912170144372276,90.6604232788086,1.582322887466923,78.35023498535156,1.3674695702056359,92.52295684814453,1.6148302306807572,0.655713677406311,0.00655713677406311,False,False,0.0,0.0,0.0,0.0,0.0,0.0,0.0,0.0,0.0,0.0,0.0,0.0,0.0,0.0,0.0,0.0
1,25,1.3360063519794494,1.349040806060657,False,-10.329669952392578,-0.18028675019741058,-96.74725341796875,-1.6885581016540527,91.47252655029297,1.5964967012405396,78.81318664550781,1.375549554824829,92.83516693115234,1.620279312133789,0.8928571428571428,0.008928571428571428,-0.1727144718170166,-1.702027678489685,1.5912542343139648,1.366188883781433,1.622506022453308,0.004559054970741272,-9.8958101272583,-0.1727144688728564,-97.51899719238281,-1.7020275842501862,91.17214965820312,1.5912541976566672,78.27685546875,1.366188856037417,92.9627456665039,1.6225059935745836,0.4559054970741272,0.004559054970741272,False,False,0.0,0.0,0.0,0.0,0.0,0.0,0.0,0.0,0.0,0.0,0.0,0.0,0.0,0.0,0.0,0.0
1,26,1.369403994991444,1.3810320990160108,False,-10.329669952392578,-0.18028675019741058,-96.65933990478516,-1.6870237588882446,91.47252655029297,1.5964967012405396,78.81318664550781,1.375549554824829,92.83516693115234,1.620279312133789,0.8928571428571428,0.008928571428571428,-0.1757577657699585,-1.7041404247283936,1.575778603553772,1.3646929264068604,1.6222018003463745,0.005469121038913727,-10.070178031921387,-0.17575776291903084,-97.64004516601562,-1.704140269942946,90.28546142578125,1.5757785685622168,78.1911392211914,1.3646928252950647,92.9453125,1.622201727420042,0.5469121038913727,0.005469121038913727,False,False,0.0,0.0,0.0,0.0,0.0,0.0,0.0,0.0,0.0,0.0,0.0,0.0,0.0,0.0,0.0,0.0
1,27,1.402971167000942,1.416906099068001,False,-10.329669952392578,-0.18028675019741058,-96.65933990478516,-1.6870237588882446,91.47252655029297,1.5964967012405396,78.81318664550781,1.375549554824829,92.83516693115234,1.620279312133789,0.8928571428571428,0.008928571428571428,-0.18104615807533264,-1.692653775215149,1.573874831199646,1.3662915229797363,1.6211308240890503,0.0053123608231544495,-10.373180389404297,-0.18104615169841248,-96.9819107055664,-1.6926536566872707,90.17638397216797,1.5738748078569738,78.28273010253906,1.366291387739385,92.88394927978516,1.6211307371876666,0.531236082315445,0.0053123608231544495,False,False,0.0,0.0,0.0,0.0,0.0,0.0,0.0,0.0,0.0,0.0,0.0,0.0,0.0,0.0,0.0,0.0
1,28,1.436015606042929,1.4461837970884517,False,-10.329669952392578,-0.18028675019741058,-96.65933990478516,-1.6870237588882446,91.47252655029297,1.5964967012405396,78.81318664550781,1.375549554824829,92.83516693115234,1.620279312133789,0.8928571428571428,0.008928571428571428,-0.17781364917755127,-1.6973028182983398,1.5770683288574219,1.3660153150558472,1.6264102458953857,0.005749925971031189,-10.187971115112305,-0.17781364005678793,-97.24828338623047,-1.697302737002222,90.3593521118164,1.5770682043200877,78.26690673828125,1.3660152179343437,93.18643951416016,1.6264101877326398,0.5749925971031189,0.005749925971031189,False,False,0.0,0.0,0.0,0.0,0.0,0.0,0.0,0.0,0.0,0.0,0.0,0.0,0.0,0.0,0.0,0.0
1,29,1.4696469620103016,1.4798942600609735,False,-10.329669952392578,-0.18028675019741058,-96.65933990478516,-1.6870237588882446,91.47252655029297,1.5964967012405396,78.81318664550781,1.375549554824829,92.83516693115234,1.620279312133789,0.8928571428571428,0.008928571428571428,-0.17692670226097107,-1.7019107341766357,1.5791816711425781,1.36521577835083,1.6181222200393677,0.004912666976451874,-10.137152671813965,-0.17692669090049387,-97.51229858398438,-1.7019106714783316,90.48043823242188,1.5791815558031201,78.22109985351562,1.365215736975102,92.7115707397461,1.6181221641042043,0.4912666976451874,0.004912666976451874,False,False,0.0,0.0,0.0,0.0,0.0,0.0,0.0,0.0,0.0,0.0,0.0,0.0,0.0,0.0,0.0,0.0
1,30,1.5029408420668915,1.6650517210364342,False,-10.329669952392578,-0.18028675019741058,-96.65933990478516,-1.6870237588882446,91.47252655029297,1.5964967012405396,78.81318664550781,1.375549554824829,92.83516693115234,1.620279312133789,0.8928571428571428,0.008928571428571428,-0.1743583381175995,-1.7194627523422241,1.5976191759109497,1.3716583251953125,1.6258074045181274,-0.0004400089383125305,-9.989995956420898,-0.17435832170046464,-98.51795196533203,-1.7194626341166623,91.53683471679688,1.5976191526619568,78.59022521972656,1.3716581899681126,93.15190124511719,1.6258073812199003,0.0,0.0,True,False,0.04400089383125305,0.0,0.0,0.0,0.0,0.0,0.0,0.0,0.0,0.0,0.0,0.0,0.0,0.0,0.0,0.0
1,31,1.6665122610284016,1.6770317460177466,False,-10.329669952392578,-0.18028675019741058,-96.65933990478516,-1.6870237588882446,91.47252655029297,1.5964967012405396,78.81318664550781,1.375549554824829,92.83516693115234,1.620279312133789,0.8928571428571428,0.008928571428571428,-0.17727309465408325,-1.724640965461731,1.6004794836044312,1.3696963787078857,1.6257715225219727,0.0002584308385848999,-10.156999588012695,-0.17727308493452912,-98.81464385986328,-1.7246408845402126,91.70071411132812,1.6004793876727017,78.47781372070312,1.3696962391930512,93.14984130859375,1.6257714285451843,0.02584308385848999,0.0002584308385848999,False,False,0.0,0.0,0.0,0.0,0.0,0.0,0.0,0.0,0.0,0.0,0.0,0.0,0.0,0.0,0.0,0.0
1,32,1.699954490060918,1.712528320029378,False,-10.329669952392578,-0.18028675019741058,-96.65933990478516,-1.6870237588882446,91.47252655029297,1.5964967012405396,78.81318664550781,1.375549554824829,92.83516693115234,1.620279312133789,0.8928571428571428,0.008928571428571428,-0.17075634002685547,-1.7234398126602173,1.6000876426696777,1.3694616556167603,1.6273765563964844,2.4721026420593262e-05,-9.78361701965332,-0.17075632974710522,-98.74581909179688,-1.7234396657305322,91.67826080322266,1.6000875035182966,78.46437072753906,1.3694616147010152,93.24180603027344,1.627376515734175,0.002472102642059326,2.4721026420593262e-05,False,False,0.0,0.0,0.0,0.0,0.0,0.0,0.0,0.0,0.0,0.0,0.0,0.0,0.0,0.0,0.0,0.0
1,33,1.7332798900315538,1.7452567630680278,False,-10.329669952392578,-0.18028675019741058,-96.92308044433594,-1.6916269063949585,91.47252655029297,1.5964967012405396,78.81318664550781,1.375549554824829,92.83516693115234,1.620279312133789,0.7554945054945055,0.007554945054945055,-0.16939109563827515,-1.718536376953125,1.6011353731155396,1.3671963214874268,1.6235872507095337,0.0007578730583190918,-9.705394744873047,-0.16939109350378972,-98.46487426757812,-1.7185362535314783,91.73829650878906,1.6011353242491884,78.3345718383789,1.3671961967197392,93.02468872070312,1.6235871038191012,0.07578730583190918,0.0007578730583190918,False,False,0.0,0.0,0.0,0.0,0.0,0.0,0.0,0.0,0.0,0.0,0.0,0.0,0.0,0.0,0.0,0.0
1,34,1.766778580029495,1.778283525025472,False,-10.241758346557617,-0.17875240743160248,-97.0988998413086,-1.6946954727172852,91.47252655029297,1.5964967012405396,78.81318664550781,1.375549554824829,92.83516693115234,1.620279312133789,0.7554945054945055,0.007554945054945055,-0.17207404971122742,-1.7225016355514526,1.5971723794937134,1.369867205619812,1.6271470785140991,0.0005277842283248901,-9.859116554260254,-0.1720740452097196,-98.69207000732422,-1.7225015672365518,91.51123046875,1.5971722742310415,78.48760223388672,1.3698670809769797,93.22865295410156,1.6271469512482102,0.052778422832489014,0.0005277842283248901,False,False,0.0,0.0,0.0,0.0,0.0,0.0,0.0,0.0,0.0,0.0,0.0,0.0,0.0,0.0,0.0,0.0
1,35,1.8003926040837541,1.8119464759947732,False,-10.065934181213379,-0.17568369209766388,-97.0988998413086,-1.6946954727172852,91.47252655029297,1.5964967012405396,78.81318664550781,1.375549554824829,92.83516693115234,1.620279312133789,0.7554945054945055,0.007554945054945055,-0.17789746820926666,-1.72560453414917,1.5912259817123413,1.37099027633667,1.624236822128296,0.00227152556180954,-10.192773818969727,-0.1778974630520982,-98.8698501586914,-1.7256044162226032,91.17052459716797,1.591225834991058,78.55194854736328,1.3709901360086663,93.0619125366211,1.624236781967026,0.22715255618095398,0.00227152556180954,False,False,0.0,0.0,0.0,0.0,0.0,0.0,0.0,0.0,0.0,0.0,0.0,0.0,0.0,0.0,0.0,0.0
1,36,1.8344405150273815,1.8457634510705248,False,-10.15384578704834,-0.17721803486347198,-97.0988998413086,-1.6946954727172852,91.47252655029297,1.5964967012405396,78.81318664550781,1.375549554824829,92.83516693115234,1.620279312133789,0.7554945054945055,0.007554945054945055,-0.17339907586574554,-1.733790636062622,1.598752737045288,1.3698623180389404,1.6258829832077026,0.0006551370024681091,-9.93503475189209,-0.1733990677205749,-99.33888244628906,-1.7337905739393433,91.60177612304688,1.5987525940218943,78.4873275756836,1.3698622872870176,93.1562271118164,1.625882881836804,0.06551370024681091,0.0006551370024681091,False,False,0.0,0.0,0.0,0.0,0.0,0.0,0.0,0.0,0.0,0.0,0.0,0.0,0.0,0.0,0.0,0.0
1,37,1.8682216299930587,1.8794718920253217,False,-10.15384578704834,-0.17721803486347198,-97.0988998413086,-1.6946954727172852,91.47252655029297,1.5964967012405396,78.81318664550781,1.375549554824829,92.83516693115234,1.620279312133789,0.7554945054945055,0.007554945054945055,-0.17182014882564545,-1.7318304777145386,1.594895601272583,1.3687924146652222,1.6280630826950073,0.0026296451687812805,-9.844569206237793,-0.1718201460892942,-99.22657012939453,-1.7318303542189903,91.38078308105469,1.5948955378151326,78.426025390625,1.3687923623190783,93.28113555908203,1.628062945505143,0.26296451687812805,0.0026296451687812805,False,False,0.0,0.0,0.0,0.0,0.0,0.0,0.0,0.0,0.0,0.0,0.0,0.0,0.0,0.0,0.0,0.0
1,38,1.9017909090034664,1.9132560470607132,False,-10.15384578704834,-0.17721803486347198,-97.0988998413086,-1.6946954727172852,91.47252655029297,1.5964967012405396,78.81318664550781,1.375549554824829,92.83516693115234,1.620279312133789,0.7554945054945055,0.007554945054945055,-0.17579147219657898,-1.7170888185501099,1.5888237953186035,1.3689196109771729,1.6205517053604126,0.0010925009846687317,-10.07210922241211,-0.17579146855157715,-98.3819351196289,-1.7170886923209658,91.03289031982422,1.5888236636878064,78.43331146240234,1.3689195282611295,92.85076904296875,1.620551632808629,0.10925009846687317,0.0010925009846687317,False,False,0.0,0.0,0.0,0.0,0.0,0.0,0.0,0.0,0.0,0.0,0.0,0.0,0.0,0.0,0.0,0.0
1,39,1.935222818981856,1.946727539994754,False,-10.15384578704834,-0.17721803486347198,-97.0988998413086,-1.6946954727172852,91.47252655029297,1.5964967012405396,78.81318664550781,1.375549554824829,92.83516693115234,1.620279312133789,0.7554945054945055,0.007554945054945055,-0.1759699434041977,-1.7197277545928955,1.5791435241699219,1.3692570924758911,1.633454442024231,0.002481430768966675,-10.082334518432617,-0.17596993363412608,-98.53313446044922,-1.7197276186451254,90.47825622558594,1.579143472599532,78.45264434814453,1.3692569507712427,93.59004211425781,1.633454381973954,0.24814307689666748,0.002481430768966675,False,False,0.0,0.0,0.0,0.0,0.0,0.0,0.0,0.0,0.0,0.0,0.0,0.0,0.0,0.0,0.0,0.0
1,40,1.9685119310161099,1.9800634999992326,False,-10.15384578704834,-0.17721803486347198,-97.18681335449219,-1.6962298154830933,91.47252655029297,1.5964967012405396,78.81318664550781,1.375549554824829,92.83516693115234,1.620279312133789,0.7554945054945055,0.007554945054945055,-0.17405614256858826,-1.713477373123169,1.5680688619613647,1.3700252771377563,1.6254572868347168,0.0023887082934379578,-9.972681999206543,-0.1740561361405247,-98.17501831054688,-1.7134773127247638,89.84371948242188,1.5680687172064374,78.49665832519531,1.370025139587676,93.1318359375,1.625457175536555,0.23887082934379578,0.0023887082934379578,False,False,0.0,0.0,0.0,0.0,0.0,0.0,0.0,0.0,0.0,0.0,0.0,0.0,0.0,0.0,0.0,0.0
1,41,2.0019463690696284,2.0129348260816187,False,-10.15384578704834,-0.17721803486347198,-97.18681335449219,-1.6962298154830933,91.47252655029297,1.5964967012405396,78.81318664550781,1.375549554824829,92.83516693115234,1.620279312133789,0.7554945054945055,0.007554945054945055,-0.17231255769729614,-1.7217916250228882,1.5913833379745483,1.3687353134155273,1.63174569606781,0.0016102120280265808,-9.872781753540039,-0.172312547930093,-98.6513900756836,-1.7217915684899368,91.1795425415039,1.5913832278114817,78.4227523803711,1.368735237513696,93.49213409423828,1.6317455646605046,0.16102120280265808,0.0016102120280265808,False,False,0.0,0.0,0.0,0.0,0.0,0.0,0.0,0.0,0.0,0.0,0.0,0.0,0.0,0.0,0.0,0.0
1,42,2.035197569988668,2.045880892081186,False,-10.15384578704834,-0.17721803486347198,-97.18681335449219,-1.6962298154830933,91.47252655029297,1.5964967012405396,78.81318664550781,1.375549554824829,92.83516693115234,1.620279312133789,0.7554945054945055,0.007554945054945055,-0.17570631206035614,-1.7206971645355225,1.6052711009979248,1.3697692155838013,1.6279878616333008,0.0015314817428588867,-10.067229270935059,-0.17570629733096504,-98.58867645263672,-1.720697009281914,91.97525024414062,1.6052709471059723,78.48198699951172,1.3697690766488648,93.27682495117188,1.6279877112043482,0.15314817428588867,0.0015314817428588867,False,False,0.0,0.0,0.0,0.0,0.0,0.0,0.0,0.0,0.0,0.0,0.0,0.0,0.0,0.0,0.0,0.0
1,43,2.0686696290504187,2.079380869981833,False,-10.15384578704834,-0.17721803486347198,-97.18681335449219,-1.6962298154830933,91.47252655029297,1.5964967012405396,78.81318664550781,1.375549554824829,92.92308044433594,1.6218136548995972,0.7554945054945055,0.007554945054945055,-0.1763019561767578,-1.7203960418701172,1.596580982208252,1.3680752515792847,1.6268348693847656,0.0012866109609603882,-10.101357460021973,-0.1763019465982749,-98.57142639160156,-1.7203959389206807,91.47734832763672,1.5965809193109892,78.38493347167969,1.36807517303752,93.21076965332031,1.6268348287684529,0.12866109609603882,0.0012866109609603882,False,False,0.0,0.0,0.0,0.0,0.0,0.0,0.0,0.0,0.0,0.0,0.0,0.0,0.0,0.0,0.0,0.0
1,44,2.1020126480143517,2.135474052047357,False,-10.15384578704834,-0.17721803486347198,-97.18681335449219,-1.6962298154830933,91.47252655029297,1.5964967012405396,78.81318664550781,1.375549554824829,92.92308044433594,1.6218136548995972,0.7554945054945055,0.007554945054945055,-0.17664074897766113,-1.7192628383636475,1.5809857845306396,1.3699102401733398,1.6290336847305298,0.00020228326320648193,-10.120768547058105,-0.1766407339784466,-98.50650024414062,-1.719262763876852,90.58380889892578,1.5809857142835944,78.49007415771484,1.369910224186639,93.33674621582031,1.6290335345644225,0.020228326320648193,0.00020228326320648193,False,False,0.0,0.0,0.0,0.0,0.0,0.0,0.0,0.0,0.0,0.0,0.0,0.0,0.0,0.0,0.0,0.0
1,45,2.1369781870162115,2.147416606079787,False,-10.15384578704834,-0.17721803486347198,-97.18681335449219,-1.6962298154830933,91.47252655029297,1.5964967012405396,78.81318664550781,1.375549554824829,92.92308044433594,1.6218136548995972,0.7554945054945055,0.007554945054945055,-0.17791807651519775,-1.7086207866668701,1.5886198282241821,1.368820309638977,1.6261353492736816,0.005062766373157501,-10.193954467773438,-0.17791806926103268,-97.8967514038086,-1.708620639002841,91.02120971679688,1.5886197987063608,78.42761993408203,1.3688201923524697,93.17068481445312,1.626135216350089,0.5062766373157501,0.005062766373157501,False,False,0.0,0.0,0.0,0.0,0.0,0.0,0.0,0.0,0.0,0.0,0.0,0.0,0.0,0.0,0.0,0.0
1,46,2.170432244078256,2.1809109239839017,False,-10.15384578704834,-0.17721803486347198,-97.18681335449219,-1.6962298154830933,91.47252655029297,1.5964967012405396,78.81318664550781,1.375549554824829,92.92308044433594,1.6218136548995972,0.7554945054945055,0.007554945054945055,-0.1750597059726715,-1.7351922988891602,1.599716067314148,1.3691272735595703,1.6271564960479736,0.002641044557094574,-10.030181884765625,-0.17505969846305064,-99.419189453125,-1.7351921956210519,91.65697479248047,1.5997159925462305,78.4452133178711,1.3691272548261557,93.22919464111328,1.62715640547008,0.2641044557094574,0.002641044557094574,False,False,0.0,0.0,0.0,0.0,0.0,0.0,0.0,0.0,0.0,0.0,0.0,0.0,0.0,0.0,0.0,0.0
1,47,2.203877217019908,2.2140739370370284,False,-10.15384578704834,-0.17721803486347198,-97.18681335449219,-1.6962298154830933,91.47252655029297,1.5964967012405396,78.81318664550781,1.375549554824829,92.92308044433594,1.6218136548995972,0.7554945054945055,0.007554945054945055,-0.1745414435863495,-1.7225641012191772,1.5810600519180298,1.36859130859375,1.6288197040557861,0.003034532070159912,-10.000487327575684,-0.1745414306701644,-98.69564819335938,-1.7225640183641142,90.58806610107422,1.5810600164780075,78.41450500488281,1.3685912936567772,93.3244857788086,1.6288195495708344,0.3034532070159912,0.003034532070159912,False,False,0.0,0.0,0.0,0.0,0.0,0.0,0.0,0.0,0.0,0.0,0.0,0.0,0.0,0.0,0.0,0.0
1,48,2.237424438004382,2.247933631995693,False,-10.15384578704834,-0.17721803486347198,-97.18681335449219,-1.6962298154830933,91.47252655029297,1.5964967012405396,78.81318664550781,1.375549554824829,92.92308044433594,1.6218136548995972,0.7554945054945055,0.007554945054945055,-0.1773930788040161,-1.7162824869155884,1.5771961212158203,1.3681966066360474,1.6257517337799072,0.003268696367740631,-10.163874626159668,-0.177393076986394,-98.33573913574219,-1.7162824203009444,90.3666763305664,1.5771960360524115,78.39188385009766,1.3681964800251731,93.1487045288086,1.6257515879950633,0.3268696367740631,0.003268696367740631,False,False,0.0,0.0,0.0,0.0,0.0,0.0,0.0,0.0,0.0,0.0,0.0,0.0,0.0,0.0,0.0,0.0
1,49,2.2706782000605017,2.281132307020016,False,-10.15384578704834,-0.17721803486347198,-97.45054626464844,-1.7008328437805176,91.47252655029297,1.5964967012405396,78.81318664550781,1.375549554824829,92.92308044433594,1.6218136548995972,0.7554945054945055,0.007554945054945055,-0.1751900613307953,-1.7212703227996826,1.577160120010376,1.3687348365783691,1.6287027597427368,0.0035597681999206543,-10.037650108337402,-0.1751900435536532,-98.62152099609375,-1.7212702547065537,90.36461639404297,1.5771600833776955,78.42272186279297,1.368734704881478,93.31778717041016,1.62870263679898,0.35597681999206543,0.0035597681999206543,False,False,0.0,0.0,0.0,0.0,0.0,0.0,0.0,0.0,0.0,0.0,0.0,0.0,0.0,0.0,0.0,0.0
1,50,2.3041405089898035,2.3148634100798517,False,-10.15384578704834,-0.17721803486347198,-97.45054626464844,-1.7008328437805176,91.47252655029297,1.5964967012405396,78.81318664550781,1.375549554824829,92.92308044433594,1.6218136548995972,0.7554945054945055,0.007554945054945055,-0.17888981103897095,-1.7154065370559692,1.54403555393219,1.3691914081573486,1.6300008296966553,0.003632590174674988,-10.24963092803955,-0.17888980680853214,-98.28555297851562,-1.7154065066184172,88.46671295166016,1.544035419423181,78.44888305664062,1.3691913038503722,93.39216613769531,1.6300007946723392,0.3632590174674988,0.003632590174674988,False,False,0.0,0.0,0.0,0.0,0.0,0.0,0.0,0.0,0.0,0.0,0.0,0.0,0.0,0.0,0.0,0.0
1,51,2.3377334950491786,2.3484426490031183,False,-10.15384578704834,-0.17721803486347198,-97.45054626464844,-1.7008328437805176,91.47252655029297,1.5964967012405396,78.81318664550781,1.375549554824829,92.92308044433594,1.6218136548995972,0.7554945054945055,0.007554945054945055,-0.17582616209983826,-1.7114535570144653,1.57478666305542,1.3703266382217407,1.6278823614120483,0.003073588013648987,-10.0740966796875,-0.17582615622477543,-98.0590591430664,-1.7114534434543582,90.22862243652344,1.5747865410561623,78.51393127441406,1.3703266094230728,93.27078247070312,1.627882250025181,0.3073588013648987,0.003073588013648987,False,False,0.0,0.0,0.0,0.0,0.0,0.0,0.0,0.0,0.0,0.0,0.0,0.0,0.0,0.0,0.0,0.0
1,52,2.3710494320839643,2.381779170013033,False,-10.15384578704834,-0.17721803486347198,-97.45054626464844,-1.7008328437805176,91.38461303710938,1.5949623584747314,78.81318664550781,1.375549554824829,92.92308044433594,1.6218136548995972,0.7554945054945055,0.007554945054945055,-0.1752159148454666,-1.7179847955703735,1.5757369995117188,1.3705081939697266,1.6328821182250977,0.002467229962348938,-10.039132118225098,-0.1752159095057406,-98.43327331542969,-1.717984712869723,90.28307342529297,1.575736890091157,78.52433013916016,1.3705081038513618,93.5572509765625,1.632882068655696,0.2467229962348938,0.002467229962348938,False,False,0.0,0.0,0.0,0.0,0.0,0.0,0.0,0.0,0.0,0.0,0.0,0.0,0.0,0.0,0.0,0.0
1,53,2.4049343810183927,2.4162150940392166,False,-10.15384578704834,-0.17721803486347198,-97.45054626464844,-1.7008328437805176,91.20879364013672,1.5918937921524048,78.81318664550781,1.375549554824829,92.92308044433594,1.6218136548995972,0.7554945054945055,0.007554945054945055,-0.17727306485176086,-1.7148818969726562,1.5698283910751343,1.3698220252990723,1.6307951211929321,0.002911105751991272,-10.156997680664062,-0.17727305164501547,-98.2554931640625,-1.7148818638836716,89.94453430175781,1.5698282677386528,78.48501586914062,1.3698219403965028,93.43767547607422,1.6307950824674553,0.2911105751991272,0.002911105751991272,False,False,0.0,0.0,0.0,0.0,0.0,0.0,0.0,0.0,0.0,0.0,0.0,0.0,0.0,0.0,0.0,0.0
1,54,2.438728727051057,2.45031976304017,False,-10.15384578704834,-0.17721803486347198,-97.45054626464844,-1.7008328437805176,91.20879364013672,1.5918937921524048,78.81318664550781,1.375549554824829,92.92308044433594,1.6218136548995972,0.7554945054945055,0.007554945054945055,-0.174857959151268,-1.6968605518341064,1.5439438819885254,1.36842679977417,1.6334648132324219,0.0034796595573425293,-10.018622398376465,-0.1748579473657203,-97.22294616699219,-1.6968605191032144,88.46146392822266,1.5439438066816822,78.40507507324219,1.3684267103014105,93.59063720703125,1.6334647683022052,0.34796595573425293,0.0034796595573425293,False,False,0.0,0.0,0.0,0.0,0.0,0.0,0.0,0.0,0.0,0.0,0.0,0.0,0.0,0.0,0.0,0.0
1,55,2.471787389018573,2.483110176050104,False,-10.15384578704834,-0.17721803486347198,-97.45054626464844,-1.7008328437805176,91.20879364013672,1.5918937921524048,78.81318664550781,1.375549554824829,92.92308044433594,1.6218136548995972,0.7554945054945055,0.007554945054945055,-0.17720547318458557,-1.7027437686920166,1.5683860778808594,1.368926763534546,1.630003809928894,0.002108551561832428,-10.153124809265137,-0.1772054572875979,-97.56002807617188,-1.7027437082673085,89.86190032958984,1.5683860328503203,78.43372344970703,1.3689267187960728,93.392333984375,1.6300037241495382,0.2108551561832428,0.002108551561832428,False,False,0.0,0.0,0.0,0.0,0.0,0.0,0.0,0.0,0.0,0.0,0.0,0.0,0.0,0.0,0.0,0.0
1,56,2.506689539994113,2.5395719590596855,False,-10.15384578704834,-0.17721803486347198,-97.45054626464844,-1.7008328437805176,91.20879364013672,1.5918937921524048,78.81318664550781,1.375549554824829,92.92308044433594,1.6218136548995972,0.7554945054945055,0.007554945054945055,-0.1801176518201828,-1.693467617034912,1.5048365592956543,1.3704601526260376,1.63370680809021,0.003915682435035706,-10.31998062133789,-0.18011764058435636,-97.0285415649414,-1.693467518716399,87.20879364013672,1.5220805857126767,78.52157592773438,1.3704600337936859,93.60449981689453,1.633706716487239,0.39156824350357056,0.003915682435035706,False,False,0.0,0.0,0.0,0.0,0.0,0.0,0.0,0.0,0.9880142211914062,0.9880142211914062,0.0,0.0,0.0,0.0,0.0,0.0
1,57,2.541024915059097,2.551893778028898,False,-10.15384578704834,-0.17721803486347198,-97.45054626464844,-1.7008328437805176,91.20879364013672,1.5918937921524048,78.81318664550781,1.375549554824829,92.92308044433594,1.6218136548995972,0.7554945054945055,0.007554945054945055,-0.20406150817871094,-1.5611494779586792,1.3056974411010742,1.3719502687454224,1.6334302425384521,0.004383683204650879,-11.691862106323242,-0.2040614894444999,-93.45054626464844,-1.6310197201054035,87.20879364013672,1.5220805857126767,78.6069564819336,1.3719502055816397,93.58865356445312,1.6334301472080341,0.4383683204650879,0.004383683204650879,False,False,0.0,0.0,0.0,0.0,0.0,4.003273010253906,4.003273010253906,0.0,12.397842407226562,12.397842407226562,0.0,0.0,0.0,0.0,0.0,0.0
1,58,2.574310412048362,2.585016869008541,False,-10.15384578704834,-0.17721803486347198,-97.45054626464844,-1.7008328437805176,91.20879364013672,1.5918937921524048,78.81318664550781,1.375549554824829,92.92308044433594,1.6218136548995972,0.7554945054945055,0.007554945054945055,-0.18899337947368622,-1.576629400253296,1.3368552923202515,1.3704333305358887,1.6331427097320557,0.0075279660522937775,-10.828522682189941,-0.18899337393110202,-93.45054626464844,-1.6310197201054035,87.20879364013672,1.5220805857126767,78.5200424194336,1.3704332690247305,93.57218170166016,1.6331426589683602,0.7527966052293777,0.0075279660522937775,False,False,0.0,0.0,0.0,0.0,0.0,3.1163406372070312,3.1163406372070312,0.0,10.612632751464844,10.612632751464844,0.0,0.0,0.0,0.0,0.0,0.0
1,59,2.608269017073326,2.6191236639861017,False,-10.241758346557617,-0.17875240743160248,-97.010986328125,-1.693161129951477,91.12088012695312,1.5903593301773071,78.81318664550781,1.375549554824829,92.92308044433594,1.6218136548995972,0.7554945054945055,0.007554945054945055,-0.1844692826271057,-1.5695494413375854,1.334535002708435,1.3696081638336182,1.6371392011642456,0.005966067314147949,-10.569311141967773,-0.18446927909505947,-93.010986328125,-1.6233479519532121,87.12088012695312,1.5205462054506276,78.47276306152344,1.3696080885609696,93.80116271972656,1.6371391316581876,0.5966067314147949,0.005966067314147949,False,False,0.0,0.0,0.0,0.0,0.0,3.0824356079101562,3.0824356079101562,0.0,10.657661437988281,10.657661437988281,0.0,0.0,0.0,0.0,0.0,0.0
1,60,2.6417215140536427,2.8083246630849317,False,-10.593406677246094,-0.18488982319831848,-95.86813354492188,-1.6732145547866821,90.85713958740234,1.5857561826705933,78.81318664550781,1.375549554824829,92.92308044433594,1.6218136548995972,0.7554945054945055,0.007554945054945055,-0.1828477829694748,-1.7179962396621704,1.6001348495483398,1.3692526817321777,1.6267931461334229,0.0005663558840751648,-10.47640609741211,-0.1828477801758511,-98.43392944335938,-1.7179961644624102,91.68096923828125,1.6001347746276455,78.452392578125,1.3692525565554439,93.2083740234375,1.6267930171393388,0.05663558840751648,0.0005663558840751648,False,False,0.0,0.0,0.0,0.0,0.0,0.0,0.0,0.0,0.0,0.0,0.0,0.0,0.0,0.0,0.0,0.0
1,61,2.8097815359942615,2.8205036940053105,False,-10.329669952392578,-0.18028675019741058,-93.67032623291016,-1.6348556280136108,90.76923370361328,1.5842219591140747,78.81318664550781,1.375549554824829,93.010986328125,1.6233479976654053,0.7554945054945055,0.007554945054945055,-0.17592623829841614,-1.7136592864990234,1.581146478652954,1.3683862686157227,1.6307473182678223,-0.0007339939475059509,-10.079830169677734,-0.17592622450273515,-97.67032623291016,-1.7046687742612723,90.593017578125,1.5811464360553806,78.40275573730469,1.3683862302528411,93.4349365234375,1.6307472787258883,0.0,0.0,True,False,0.07339939475059509,0.0,0.0,0.0,0.0,0.5151138305664062,0.5151138305664062,0.0,0.0,0.0,0.0,0.0,0.0,0.0,0.0,0.0
1,62,2.8434057800332084,2.854825565009378,False,-10.505494117736816,-0.18335546553134918,-94.02198028564453,-1.6409931182861328,90.76923370361328,1.5842219591140747,78.81318664550781,1.375549554824829,93.010986328125,1.6233479976654053,0.7554945054945055,0.007554945054945055,-0.177867591381073,-1.7416795492172241,1.5950927734375,1.3718609809875488,1.626267910003662,-0.00015380233526229858,-10.191061973571777,-0.17786758571361885,-98.02198028564453,-1.710806295309469,91.39208221435547,1.595092744893853,78.60183715820312,1.3718608565270676,93.17828369140625,1.626267841772375,0.0,0.0,True,False,0.015380233526229858,0.0,0.0,0.0,0.0,1.7688980102539062,1.7688980102539062,0.0,0.0,0.0,0.0,0.0,0.0,0.0,0.0,0.0
1,63,2.876780749997124,2.8878376909997314,False,-10.593406677246094,-0.18488982319831848,-94.02198028564453,-1.6409931182861328,90.76923370361328,1.5842219591140747,78.81318664550781,1.375549554824829,93.010986328125,1.6233479976654053,0.7554945054945055,0.007554945054945055,-0.1775519698858261,-1.7394077777862549,1.5949280261993408,1.3713812828063965,1.6299669742584229,-0.0005209147930145264,-10.172978401184082,-0.17755196783493085,-98.02198028564453,-1.710806295309469,91.38263702392578,1.594927895222377,78.57435607910156,1.3713812212147443,93.39022064208984,1.6299668393684406,0.0,0.0,True,False,0.05209147930145264,0.0,0.0,0.0,0.0,1.6387405395507812,1.6387405395507812,0.0,0.0,0.0,0.0,0.0,0.0,0.0,0.0,0.0
1,64,2.9104565820889547,2.920863434090279,False,-10.593406677246094,-0.18488982319831848,-95.07691955566406,-1.65940523147583,91.38461303710938,1.5949623584747314,78.9011001586914,1.3770840167999268,93.010986328125,1.6233479976654053,0.7554945054945055,0.007554945054945055,-0.17654697597026825,-1.7208786010742188,1.5886136293411255,1.368930459022522,1.6262919902801514,-0.001009136438369751,-10.115396499633789,-0.176546974063319,-98.59907531738281,-1.720878503710203,91.0208511352539,1.5886135402777992,78.4339370727539,1.3689304472215988,93.1796646118164,1.6262919433802403,0.0,0.0,True,False,0.1009136438369751,0.0,0.0,0.0,0.0,0.0,0.0,0.0,0.0,0.0,0.0,0.0,0.0,0.0,0.0,0.0
1,65,2.943687855033204,2.95394777902402,False,-10.593406677246094,-0.18488982319831848,-96.21977996826172,-1.6793519258499146,91.47252655029297,1.5964967012405396,78.81318664550781,1.375549554824829,93.010986328125,1.6233479976654053,0.7554945054945055,0.007554945054945055,-0.17986373603343964,-1.7297461032867432,1.5766088962554932,1.371708869934082,1.6275240182876587,-0.0008309707045555115,-10.305432319641113,-0.17986372481917412,-99.10714721679688,-1.7297460311918398,90.3330307006836,1.5766088090320491,78.59312438964844,1.371708790028824,93.25025177001953,1.6275239217005109,0.0,0.0,True,False,0.08309707045555115,0.0,0.0,0.0,0.0,0.0,0.0,0.0,0.0,0.0,0.0,0.0,0.0,0.0,0.0,0.0
1,66,2.9774317140690982,2.9898597630672157,False,-10.593406677246094,-0.18488982319831848,-96.65933990478516,-1.6870237588882446,91.47252655029297,1.5964967012405396,78.81318664550781,1.375549554824829,93.010986328125,1.6233479976654053,0.7554945054945055,0.007554945054945055,-0.18021030724048615,-1.733855128288269,1.5795272588729858,1.3722704648971558,1.628157377243042,0.0002448558807373047,-10.325289726257324,-0.1802103019455343,-99.34257507324219,-1.7338550224377232,90.500244140625,1.5795272341126123,78.62530517578125,1.3722704507027217,93.28653717041016,1.6281572214077318,0.02448558807373047,0.0002448558807373047,False,False,0.0,0.0,0.0,0.0,0.0,0.0,0.0,0.0,0.0,0.0,0.0,0.0,0.0,0.0,0.0,0.0
1,67,3.010702455067076,3.021004373091273,False,-10.593406677246094,-0.18488982319831848,-97.0988998413086,-1.6946954727172852,91.47252655029297,1.5964967012405396,78.81318664550781,1.375549554824829,93.010986328125,1.6233479976654053,0.7554945054945055,0.007554945054945055,-0.1799064576625824,-1.737420916557312,1.5836817026138306,1.3722118139266968,1.62703275680542,1.2502074241638184e-05,-10.307880401611328,-0.17990645190991308,-99.54688262939453,-1.7374208619792848,90.73827362060547,1.5836816322550815,78.62194061279297,1.3722117280006856,93.22210693359375,1.6270327016374457,0.0012502074241638184,1.2502074241638184e-05,False,False,0.0,0.0,0.0,0.0,0.0,0.0,0.0,0.0,0.0,0.0,0.0,0.0,0.0,0.0,0.0,0.0
1,68,3.044165682978928,3.0575718940235674,False,-10.593406677246094,-0.18488982319831848,-97.36264038085938,-1.699298620223999,91.47252655029297,1.5964967012405396,78.81318664550781,1.375549554824829,93.010986328125,1.6233479976654053,0.7554945054945055,0.007554945054945055,-0.18683823943138123,-1.6813467741012573,1.4832040071487427,1.3760348558425903,1.6374061107635498,0.0015360191464424133,-10.705041885375977,-0.1868382274637122,-96.33406829833984,-1.6813466736471214,87.47252655029297,1.5266835933407696,78.84098815917969,1.3760348289035487,93.81645202636719,1.6374059803994134,0.15360191464424133,0.0015360191464424133,False,False,0.0,0.0,0.0,0.0,0.0,0.0,0.0,0.0,2.4912033081054688,2.4912033081054688,0.0,0.0,0.0,0.0,0.0,0.0
1,69,3.077670091064647,3.0890630839858204,False,-10.593406677246094,-0.18488982319831848,-97.45054626464844,-1.7008328437805176,91.47252655029297,1.5964967012405396,78.81318664550781,1.375549554824829,93.010986328125,1.6233479976654053,0.7554945054945055,0.007554945054945055,-0.18371550738811493,-1.7039674520492554,1.5216667652130127,1.374957799911499,1.632125735282898,0.0013430863618850708,-10.526123046875,-0.18371550463802616,-97.63013458251953,-1.7039672976301454,87.47252655029297,1.5266835933407696,78.7792739868164,1.3749577134006663,93.51390838623047,1.6321255977480589,0.13430863618850708,0.0013430863618850708,False,False,0.0,0.0,0.0,0.0,0.0,0.0,0.0,0.0,0.287445068359375,0.287445068359375,0.0,0.0,0.0,0.0,0.0,0.0
1,70,3.1109644470270723,3.1214499410707504,False,-10.593406677246094,-0.18488982319831848,-97.53845977783203,-1.7023673057556152,91.38461303710938,1.5949623584747314,78.81318664550781,1.375549554824829,93.010986328125,1.6233479976654053,0.7554945054945055,0.007554945054945055,-0.1867074966430664,-1.6870721578598022,1.5221891403198242,1.3751039505004883,1.6286296844482422,0.0005238354206085205,-10.697550773620605,-0.18670748289894612,-96.662109375,-1.6870720705166282,87.38461303710938,1.5251492130787205,78.78765106201172,1.3751039209445115,93.3135986328125,1.6286295330270573,0.05238354206085205,0.0005238354206085205,False,False,0.0,0.0,0.0,0.0,0.0,0.0,0.0,0.0,0.1696014404296875,0.1696014404296875,0.0,0.0,0.0,0.0,0.0,0.0
1,71,3.144400103017688,3.156213451991789,False,-10.593406677246094,-0.18488982319831848,-97.27472686767578,-1.697764277458191,90.94505310058594,1.587290644645691,78.81318664550781,1.375549554824829,93.010986328125,1.6233479976654053,0.7554945054945055,0.007554945054945055,-0.1926884651184082,-1.6146526336669922,1.3921856880187988,1.3764142990112305,1.6335136890411377,-0.00039193034172058105,-11.04023551940918,-0.19268846000931653,-93.27472686767578,-1.6279510927393597,86.94505310058594,1.5174774449265291,78.86272430419922,1.3764141962008305,93.59343719482422,1.6335136373082082,0.0,0.0,True,False,0.039193034172058105,0.0,0.0,0.0,0.0,0.7619476318359375,0.7619476318359375,0.0,7.1786956787109375,7.1786956787109375,0.0,0.0,0.0,0.0,0.0,0.0
1,72,3.1780703050317243,3.189607880078256,False,-10.593406677246094,-0.18488982319831848,-97.010986328125,-1.693161129951477,90.76923370361328,1.5842219591140747,78.81318664550781,1.375549554824829,93.010986328125,1.6233479976654053,0.7554945054945055,0.007554945054945055,-0.17697834968566895,-1.6778638362884521,1.5328683853149414,1.3722119331359863,1.6279631853103638,0.0018594637513160706,-10.140111923217773,-0.1769783395808846,-96.13451385498047,-1.6778637915735157,87.8268814086914,1.5328682523402606,78.6219482421875,1.37221186115874,93.2754135131836,1.627963076964265,0.18594637513160706,0.0018594637513160706,False,False,0.0,0.0,0.0,0.0,0.0,0.0,0.0,0.0,0.0,0.0,0.0,0.0,0.0,0.0,0.0,0.0
1,73,3.2112642800202593,3.22306249209214,False,-10.593406677246094,-0.18488982319831848,-96.92308044433594,-1.6916269063949585,90.5934066772461,1.5811532735824585,78.81318664550781,1.375549554824829,93.010986328125,1.6233479976654053,0.7554945054945055,0.007554945054945055,-0.17684218287467957,-1.70611572265625,1.5593453645706177,1.3734065294265747,1.6210083961486816,0.0018780827522277832,-10.132309913635254,-0.17684216882539747,-97.75322723388672,-1.7061156696815123,89.34390258789062,1.5593452667397738,78.69039154052734,1.373406422065695,92.87693786621094,1.6210083649355775,0.18780827522277832,0.0018780827522277832,False,False,0.0,0.0,0.0,0.0,0.0,0.0,0.0,0.0,0.0,0.0,0.0,0.0,0.0,0.0,0.0,0.0
1,74,3.2446703920140862,3.2558478000573814,False,-10.681318283081055,-0.1864241659641266,-96.21977996826172,-1.6793519258499146,90.5934066772461,1.5811532735824585,78.81318664550781,1.375549554824829,93.010986328125,1.6233479976654053,0.7554945054945055,0.007554945054945055,-0.17695172131061554,-1.6869161128997803,1.5443036556243896,1.3707605600357056,1.6302024126052856,0.0016425326466560364,-10.138586044311523,-0.1769517079699838,-96.65316772460938,-1.6869160092767495,88.4820785522461,1.544303599744952,78.53878784179688,1.3707604383646468,93.4037094116211,1.6302022628088035,0.16425326466560364,0.0016425326466560364,False,False,0.0,0.0,0.0,0.0,0.0,0.0,0.0,0.0,0.0,0.0,0.0,0.0,0.0,0.0,0.0,0.0
1,75,3.278425654047169,3.289161775028333,False,-10.417582511901855,-0.18182110786437988,-95.69230651855469,-1.6701457500457764,90.5934066772461,1.5811532735824585,78.81318664550781,1.375549554824829,93.010986328125,1.6233479976654053,0.7554945054945055,0.007554945054945055,-0.17730450630187988,-1.721099615097046,1.575508713722229,1.3720332384109497,1.6289777755737305,0.002321302890777588,-10.158799171447754,-0.17730449359063524,-98.61174011230469,-1.7210995460806797,90.2699966430664,1.5755086571857373,78.61170959472656,1.3720331630495957,93.33354949951172,1.6289777413395852,0.2321302890777588,0.002321302890777588,False,False,0.0,0.0,0.0,0.0,0.0,0.0,0.0,0.0,0.0,0.0,0.0,0.0,0.0,0.0,0.0,0.0
1,76,3.3116608660202473,3.3219944320153445,False,-10.065934181213379,-0.17568369209766388,-95.69230651855469,-1.6701457500457764,90.5934066772461,1.5811532735824585,78.81318664550781,1.375549554824829,93.010986328125,1.6233479976654053,0.7554945054945055,0.007554945054945055,-0.17740659415721893,-1.7004517316818237,1.5620324611663818,1.3728057146072388,1.6294251680374146,0.0004681721329689026,-10.16464900970459,-0.17740659252892615,-97.42870330810547,-1.7004516586751317,89.49786376953125,1.5620323962796638,78.65596771240234,1.3728056129237731,93.35917663574219,1.629425019244664,0.04681721329689026,0.0004681721329689026,False,False,0.0,0.0,0.0,0.0,0.0,0.0,0.0,0.0,0.0,0.0,0.0,0.0,0.0,0.0,0.0,0.0
1,77,3.3451463010860607,3.3551369180204347,False,-9.89011001586914,-0.17261497676372528,-96.30769348144531,-1.6808863878250122,90.68132019042969,1.5826876163482666,78.81318664550781,1.375549554824829,93.010986328125,1.6233479976654053,0.7554945054945055,0.007554945054945055,-0.17790958285331726,-1.708879828453064,1.5443322658538818,1.3716773986816406,1.6273244619369507,0.002008594572544098,-10.19346809387207,-0.17790958043505806,-97.9115982055664,-1.7088797645769056,88.48371887207031,1.54433222872667,78.59132385253906,1.3716773647279612,93.23881530761719,1.6273243177768095,0.2008594572544098,0.002008594572544098,False,False,0.0,0.0,0.0,0.0,0.0,0.0,0.0,0.0,0.0,0.0,0.0,0.0,0.0,0.0,0.0,0.0
1,78,3.3785461590159684,3.4100394380511716,False,-10.065934181213379,-0.17568369209766388,-96.92308044433594,-1.6916269063949585,90.68132019042969,1.5826876163482666,78.81318664550781,1.375549554824829,93.010986328125,1.6233479976654053,0.7554945054945055,0.007554945054945055,-0.1794368326663971,-1.6904911994934082,1.5288465023040771,1.3707759380340576,1.6296173334121704,0.002035953104496002,-10.280972480773926,-0.1794368200964344,-96.8580093383789,-1.6904911698821263,87.59645080566406,1.5288464796200774,78.5396728515625,1.3707758846989693,93.37019348144531,1.6296172994753677,0.20359531044960022,0.002035953104496002,False,False,0.0,0.0,0.0,0.0,0.0,0.0,0.0,0.0,0.0,0.0,0.0,0.0,0.0,0.0,0.0,0.0
1,79,3.412065861048177,3.4248843550449237,False,-10.241758346557617,-0.17875240743160248,-97.010986328125,-1.693161129951477,90.68132019042969,1.5826876163482666,78.81318664550781,1.375549554824829,93.010986328125,1.6233479976654053,0.7554945054945055,0.007554945054945055,-0.17280706763267517,-1.705228328704834,1.5420589447021484,1.3716226816177368,1.6201601028442383,0.0018083155155181885,-9.901115417480469,-0.17280706365500711,-97.70237731933594,-1.7052281712482433,88.35346221923828,1.542058821262124,78.58818817138672,1.37162263676756,92.82833099365234,1.6201600149703328,0.18083155155181885,0.0018083155155181885,False,False,0.0,0.0,0.0,0.0,0.0,0.0,0.0,0.0,0.0,0.0,0.0,0.0,0.0,0.0,0.0,0.0
1,80,3.445560345076956,3.459800063050352,False,-10.241758346557617,-0.17875240743160248,-97.010986328125,-1.693161129951477,90.68132019042969,1.5826876163482666,78.81318664550781,1.375549554824829,93.010986328125,1.6233479976654053,0.7554945054945055,0.007554945054945055,-0.1776498258113861,-1.7027500867843628,1.4953718185424805,1.3715015649795532,1.6301414966583252,0.00162418931722641,-10.178585052490234,-0.17764982236023444,-97.56038665771484,-1.70274996669587,86.68132019042969,1.5128744372984362,78.58124542236328,1.3715014629379614,93.40022277832031,1.6301414095778952,0.162418931722641,0.00162418931722641,False,False,0.0,0.0,0.0,0.0,0.0,0.0,0.0,0.0,1.0028305053710938,1.0028305053710938,0.0,0.0,0.0,0.0,0.0,0.0
1,81,3.478872288018465,3.493080665008165,False,-10.241758346557617,-0.17875240743160248,-97.010986328125,-1.693161129951477,90.68132019042969,1.5826876163482666,78.81318664550781,1.375549554824829,93.010986328125,1.6233479976654053,0.7554945054945055,0.007554945054945055,-0.1792692244052887,-1.7077221870422363,1.4867792129516602,1.3721592426300049,1.6291825771331787,0.0007659047842025757,-10.271368980407715,-0.17926920739532756,-97.84526824951172,-1.707722088451048,86.68132019042969,1.5128744372984362,78.61892700195312,1.3721591305691565,93.34528350830078,1.6291825384274123,0.07659047842025757,0.0007659047842025757,False,False,0.0,0.0,0.0,0.0,0.0,0.0,0.0,0.0,1.495147705078125,1.495147705078125,0.0,0.0,0.0,0.0,0.0,0.0
1,82,3.5129809650825337,3.528159521985799,False,-10.241758346557617,-0.17875240743160248,-97.010986328125,-1.693161129951477,90.68132019042969,1.5826876163482666,78.81318664550781,1.375549554824829,93.010986328125,1.6233479976654053,0.7554945054945055,0.007554945054945055,-0.17566877603530884,-1.72235107421875,1.5511925220489502,1.37213134765625,1.6232987642288208,0.0013701319694519043,-10.065078735351562,-0.17566876340435175,-98.68344116210938,-1.7223509654769078,88.87677764892578,1.5511923985366598,78.6173324584961,1.3721313005357652,93.00816345214844,1.6232986834730456,0.13701319694519043,0.0013701319694519043,False,False,0.0,0.0,0.0,0.0,0.0,0.0,0.0,0.0,0.0,0.0,0.0,0.0,0.0,0.0,0.0,0.0
1,83,3.546765964012593,3.5615637380396947,False,-10.241758346557617,-0.17875240743160248,-97.010986328125,-1.693161129951477,90.5054931640625,1.5796188116073608,78.81318664550781,1.375549554824829,93.010986328125,1.6233479976654053,0.7554945054945055,0.007554945054945055,-0.17473752796649933,-1.7234474420547485,1.5489612817764282,1.3700792789459229,1.625630497932434,0.0020862072706222534,-10.011722564697266,-0.1747375225501783,-98.74626159667969,-1.7234473888976936,88.74893951416016,1.5489612021753913,78.499755859375,1.3700792017578045,93.14176177978516,1.6256304141654645,0.20862072706222534,0.0020862072706222534,False,False,0.0,0.0,0.0,0.0,0.0,0.0,0.0,0.0,0.0,0.0,0.0,0.0,0.0,0.0,0.0,0.0
1,84,3.5799740720540285,3.607499795034528,False,-10.241758346557617,-0.17875240743160248,-97.18681335449219,-1.6962298154830933,90.5054931640625,1.5796188116073608,78.81318664550781,1.375549554824829,93.010986328125,1.6233479976654053,0.7554945054945055,0.007554945054945055,-0.17702405154705048,-1.6811848878860474,1.4602934122085571,1.3708326816558838,1.6267249584197998,0.0019896402955055237,-10.142730712890625,-0.17702404608309308,-96.32479095458984,-1.6811847534528446,86.5054931640625,1.509805676774338,78.54292297363281,1.370832610030188,93.2044677734375,1.6267248402154326,0.19896402955055237,0.0019896402955055237,False,False,0.0,0.0,0.0,0.0,0.0,0.0,0.0,0.0,2.8368453979492188,2.8368453979492188,0.0,0.0,0.0,0.0,0.0,0.0
1,85,3.6136407849844545,3.6258693070849404,False,-10.329669952392578,-0.18028675019741058,-97.36264038085938,-1.699298620223999,90.5054931640625,1.5796188116073608,78.81318664550781,1.375549554824829,93.010986328125,1.6233479976654053,0.7554945054945055,0.007554945054945055,-0.17819106578826904,-1.5902966260910034,1.3250041007995605,1.370439887046814,1.6291862726211548,0.002265036106109619,-10.209595680236816,-0.1781910599175226,-93.36264038085938,-1.6294854730014088,86.5054931640625,1.509805676774338,78.52041625976562,1.3704397937694013,93.34548950195312,1.6291861336948839,0.22650361061096191,0.002265036106109619,False,False,0.0,0.0,0.0,0.0,0.0,2.245361328125,2.245361328125,0.0,10.588356018066406,10.588356018066406,0.0,0.0,0.0,0.0,0.0,0.0
1,86,3.6474061510525644,3.6825886910082772,False,-10.329669952392578,-0.18028675019741058,-97.36264038085938,-1.699298620223999,90.5054931640625,1.5796188116073608,78.81318664550781,1.375549554824829,93.010986328125,1.6233479976654053,0.7554945054945055,0.007554945054945055,-0.18144124746322632,-1.6146851778030396,1.3562604188919067,1.3719910383224487,1.6276240348815918,0.0024766698479652405,-10.395816802978516,-0.18144123164612574,-93.36264038085938,-1.6294854730014088,86.5054931640625,1.509805676774338,78.60929107666016,1.371990951946318,93.2559814453125,1.6276239233994434,0.24766698479652405,0.0024766698479652405,False,False,0.0,0.0,0.0,0.0,0.0,0.8479995727539062,0.8479995727539062,0.0,8.797500610351562,8.797500610351562,0.0,0.0,0.0,0.0,0.0,0.0
1,87,3.684363214066252,3.697380013996735,False,-10.329669952392578,-0.18028675019741058,-96.83516693115234,-1.6900924444198608,90.32967376708984,1.5765502452850342,78.81318664550781,1.375549554824829,93.010986328125,1.6233479976654053,0.7554945054945055,0.007554945054945055,-0.17797158658504486,-1.6163212060928345,1.3379027843475342,1.3708387613296509,1.6308554410934448,0.002768203616142273,-10.197020530700684,-0.17797158215418646,-92.83516693115234,-1.6202793245871683,86.32967376708984,1.5067370494082941,78.54327392578125,1.3708387353006952,93.44113159179688,1.6308554030661455,0.2768203616142273,0.002768203616142273,False,False,0.0,0.0,0.0,0.0,0.0,0.2267913818359375,0.2267913818359375,0.0,9.673492431640625,9.673492431640625,0.0,0.0,0.0,0.0,0.0,0.0
1,88,3.717766690067947,3.7313955400604755,False,-10.329669952392578,-0.18028675019741058,-95.78022003173828,-1.671680212020874,90.06593322753906,1.5719470977783203,78.81318664550781,1.375549554824829,93.010986328125,1.6233479976654053,0.7554945054945055,0.007554945054945055,-0.18062898516654968,-1.6529254913330078,1.4051885604858398,1.370383858680725,1.630734920501709,0.00313384085893631,-10.34927749633789,-0.1806289675136516,-94.70565032958984,-1.6529254184937958,86.06593322753906,1.5021339086221466,78.51720428466797,1.370383734228455,93.4342269897461,1.6307348950268195,0.313384085893631,0.00313384085893631,False,False,0.0,0.0,0.0,0.0,0.0,0.0,0.0,0.0,5.5545654296875,5.5545654296875,0.0,0.0,0.0,0.0,0.0,0.0
1,89,3.751023315009661,3.76486116705928,False,-10.329669952392578,-0.18028675019741058,-94.989013671875,-1.6578710079193115,89.97801971435547,1.5704126358032227,78.81318664550781,1.375549554824829,93.010986328125,1.6233479976654053,0.7554945054945055,0.007554945054945055,-0.17911294102668762,-1.6191668510437012,1.358612298965454,1.3722643852233887,1.6348966360092163,0.00259467214345932,-10.262414932250977,-0.17911292977361035,-92.77142333984375,-1.6191667890417878,85.97801971435547,1.5005995283600975,78.62495422363281,1.3722643254322147,93.67266845703125,1.6348964837042317,0.259467214345932,0.00259467214345932,False,False,0.0,0.0,0.0,0.0,0.0,0.0,0.0,0.0,8.135276794433594,8.135276794433594,0.0,0.0,0.0,0.0,0.0,0.0
1,90,3.7843272670870647,3.945150336017832,False,-10.329669952392578,-0.18028675019741058,-94.02198028564453,-1.6409931182861328,89.89010620117188,1.5688782930374146,78.81318664550781,1.375549554824829,93.010986328125,1.6233479976654053,0.7554945054945055,0.007554945054945055,-0.1764843463897705,-1.7022132873535156,1.5884711742401123,1.3671222925186157,1.6238294839859009,0.000955723226070404,-10.111807823181152,-0.1764843398434317,-97.52963256835938,-1.7022132065781648,91.01268768310547,1.58847106115948,78.33032989501953,1.367122160841435,93.03857421875,1.6238294514782985,0.0955723226070404,0.000955723226070404,False,False,0.0,0.0,0.0,0.0,0.0,0.0,0.0,0.0,0.0,0.0,0.0,0.0,0.0,0.0,0.0,0.0
1,91,3.94668306899257,3.9587716290261596,False,-10.329669952392578,-0.18028675019741058,-93.05494689941406,-1.624115228652954,89.89010620117188,1.5688782930374146,78.81318664550781,1.375549554824829,93.010986328125,1.6233479976654053,0.7554945054945055,0.007554945054945055,-0.16967988014221191,-1.7134605646133423,1.5842241048812866,1.3685468435287476,1.6289141178131104,-3.2007694244384766e-05,-9.721940040588379,-0.16967986338973837,-97.05494689941406,-1.6939283787430373,90.76934814453125,1.5842239850110762,78.41195678710938,1.368546818866573,93.32990264892578,1.6289140917895324,0.0,0.0,True,False,0.0032007694244384766,0.0,0.0,0.0,0.0,1.119110107421875,1.119110107421875,0.0,0.0,0.0,0.0,0.0,0.0,0.0,0.0,0.0
1,92,3.980361578054726,3.9940087189897895,False,-10.329669952392578,-0.18028675019741058,-93.05494689941406,-1.624115228652954,89.89010620117188,1.5688782930374146,78.81318664550781,1.375549554824829,93.010986328125,1.6233479976654053,0.7554945054945055,0.007554945054945055,-0.1754431575536728,-1.7075989246368408,1.581419587135315,1.3693145513534546,1.6199009418487549,0.0002314150333404541,-10.052151679992676,-0.1754431437257516,-97.05494689941406,-1.6939283787430373,90.6086654663086,1.581419543225168,78.45594024658203,1.3693144750507884,92.81348419189453,1.619900889396268,0.02314150333404541,0.0002314150333404541,False,False,0.0,0.0,0.0,0.0,0.0,0.7832565307617188,0.7832565307617188,0.0,0.0,0.0,0.0,0.0,0.0,0.0,0.0,0.0
1,93,4.014262541080825,4.028469027020037,False,-10.329669952392578,-0.18028675019741058,-93.4065933227539,-1.6302525997161865,89.97801971435547,1.5704126358032227,78.81318664550781,1.375549554824829,93.010986328125,1.6233479976654053,0.7554945054945055,0.007554945054945055,-0.17604869604110718,-1.7096613645553589,1.5930382013320923,1.3685349225997925,1.6336147785186768,6.701797246932983e-05,-10.086846351623535,-0.17604867997860837,-97.4065933227539,-1.7000657666331793,91.27436065673828,1.5930381161128568,78.41127014160156,1.3685348346416677,93.59922790527344,1.6336147042715767,0.006701797246932983,6.701797246932983e-05,False,False,0.0,0.0,0.0,0.0,0.0,0.5497817993164062,0.5497817993164062,0.0,0.0,0.0,0.0,0.0,0.0,0.0,0.0,0.0
1,94,4.047767388052307,4.059039329993539,False,-10.329669952392578,-0.18028675019741058,-94.989013671875,-1.6578710079193115,90.76923370361328,1.5842219591140747,78.81318664550781,1.375549554824829,93.010986328125,1.6233479976654053,0.7554945054945055,0.007554945054945055,-0.17036466300487518,-1.7098339796066284,1.591163158416748,1.3686012029647827,1.624913215637207,0.00026247650384902954,-9.761175155639648,-0.17036464532978182,-97.96626281738281,-1.7098338420374264,91.16693115234375,1.5911631175473866,78.41506958007812,1.3686011473528106,93.10066223144531,1.6249130917258519,0.026247650384902954,0.00026247650384902954,False,False,0.0,0.0,0.0,0.0,0.0,0.0,0.0,0.0,0.0,0.0,0.0,0.0,0.0,0.0,0.0,0.0
1,95,4.081348247011192,4.0946112220408395,False,-10.329669952392578,-0.18028675019741058,-95.6043930053711,-1.6686114072799683,91.38461303710938,1.5949623584747314,78.81318664550781,1.375549554824829,93.010986328125,1.6233479976654053,0.7554945054945055,0.007554945054945055,-0.17548146843910217,-1.7017722129821777,1.5855076313018799,1.369802474975586,1.626190423965454,0.001450762152671814,-10.054347038269043,-0.17548145995593512,-97.50435638427734,-1.701772053943593,90.84288787841797,1.5855074954984398,78.48389434814453,1.3698023661624907,93.17384338378906,1.6261903437846537,0.1450762152671814,0.001450762152671814,False,False,0.0,0.0,0.0,0.0,0.0,0.0,0.0,0.0,0.0,0.0,0.0,0.0,0.0,0.0,0.0,0.0
1,96,4.114990949979983,4.128769411006942,False,-10.329669952392578,-0.18028675019741058,-96.21977996826172,-1.6793519258499146,91.38461303710938,1.5949623584747314,78.81318664550781,1.375549554824829,93.010986328125,1.6233479976654053,0.7554945054945055,0.007554945054945055,-0.1705799698829651,-1.709907054901123,1.594177007675171,1.3680634498596191,1.6293028593063354,2.9772520065307617e-05,-9.77351188659668,-0.17057996190391472,-97.97045135498047,-1.7099069458093492,91.33960723876953,1.5941768837949748,78.3842544555664,1.368063321970669,93.3521728515625,1.6293027801506295,0.0029772520065307617,2.9772520065307617e-05,False,False,0.0,0.0,0.0,0.0,0.0,0.0,0.0,0.0,0.0,0.0,0.0,0.0,0.0,0.0,0.0,0.0
1,97,4.148361622006632,4.162550154025666,False,-10.329669952392578,-0.18028675019741058,-96.30769348144531,-1.6808863878250122,91.38461303710938,1.5949623584747314,78.81318664550781,1.375549554824829,93.010986328125,1.6233479976654053,0.7554945054945055,0.007554945054945055,-0.17127743363380432,-1.718502402305603,1.5866349935531616,1.3692234754562378,1.6327195167541504,-0.0005611777305603027,-9.81347370147705,-0.17127742714864966,-98.46292877197266,-1.71850229822758,90.90748596191406,1.586634944745925,78.45072174072266,1.3692233949415076,93.54793548583984,1.6327194826711464,0.0,0.0,True,False,0.05611777305603027,0.0,0.0,0.0,0.0,0.0,0.0,0.0,0.0,0.0,0.0,0.0,0.0,0.0,0.0,0.0
1,98,4.181965993018821,4.195491063059308,False,-10.241758346557617,-0.17875240743160248,-96.3956069946289,-1.6824207305908203,91.38461303710938,1.5949623584747314,78.81318664550781,1.375549554824829,93.010986328125,1.6233479976654053,0.7554945054945055,0.007554945054945055,-0.172101229429245,-1.7174047231674194,1.5910215377807617,1.3693766593933105,1.6261980533599854,0.0011706575751304626,-9.860673904418945,-0.17210122609759523,-98.40003967285156,-1.7174046763843036,91.1588134765625,1.5910214373773943,78.4594955444336,1.369376526704187,93.17427825927734,1.6261979337937604,0.11706575751304626,0.0011706575751304626,False,False,0.0,0.0,0.0,0.0,0.0,0.0,0.0,0.0,0.0,0.0,0.0,0.0,0.0,0.0,0.0,0.0
1,99,4.21526987105608,4.228947733994573,False,-10.15384578704834,-0.17721803486347198,-96.65933990478516,-1.6870237588882446,91.38461303710938,1.5949623584747314,78.81318664550781,1.375549554824829,93.010986328125,1.6233479976654053,0.7554945054945055,0.007554945054945055,-0.17120572924613953,-1.7103819847106934,1.581699252128601,1.366157054901123,1.6272279024124146,3.709644079208374e-05,-9.809365272521973,-0.17120572153629926,-97.99766540527344,-1.7103819205897648,90.62468719482422,1.5816991751396265,78.27503204345703,1.3661570312623903,93.23328399658203,1.6272277781872941,0.003709644079208374,3.709644079208374e-05,False,False,0.0,0.0,0.0,0.0,0.0,0.0,0.0,0.0,0.0,0.0,0.0,0.0,0.0,0.0,0.0,0.0
1,100,4.249487636028789,4.26293920702301,False,-10.15384578704834,-0.17721803486347198,-96.83516693115234,-1.6900924444198608,91.38461303710938,1.5949623584747314,78.81318664550781,1.375549554824829,93.010986328125,1.6233479976654053,0.7554945054945055,0.007554945054945055,-0.17341500520706177,-1.7012526988983154,1.5777578353881836,1.367154836654663,1.6291037797927856,0.0011811181902885437,-9.93594741821289,-0.17341499675284494,-97.47459411621094,-1.7012526043729732,90.39885711669922,1.5777576967263092,78.33219909667969,1.3671547845647885,93.34076690673828,1.629103708859146,0.11811181902885437,0.0011811181902885437,False,False,0.0,0.0,0.0,0.0,0.0,0.0,0.0,0.0,0.0,0.0,0.0,0.0,0.0,0.0,0.0,0.0
1,101,4.283418197999708,4.2970333700068295,False,-10.15384578704834,-0.17721803486347198,-96.83516693115234,-1.6900924444198608,91.38461303710938,1.5949623584747314,78.81318664550781,1.375549554824829,93.010986328125,1.6233479976654053,0.7554945054945055,0.007554945054945055,-0.1684182584285736,-1.7075130939483643,1.5850763320922852,1.3677902221679688,1.6318259239196777,0.0024667009711265564,-9.64965534210205,-0.1684182574023406,-97.83329010009766,-1.7075130303054769,90.81817626953125,1.5850761965599014,78.36859893798828,1.367790081642827,93.49673461914062,1.6318258589673704,0.24667009711265564,0.0024667009711265564,False,False,0.0,0.0,0.0,0.0,0.0,0.0,0.0,0.0,0.0,0.0,0.0,0.0,0.0,0.0,0.0,0.0
1,102,4.3170050530461594,4.328914566081949,False,-10.15384578704834,-0.17721803486347198,-96.83516693115234,-1.6900924444198608,91.38461303710938,1.5949623584747314,78.81318664550781,1.375549554824829,93.010986328125,1.6233479976654053,0.7554945054945055,0.007554945054945055,-0.1705019623041153,-1.7113443613052368,1.5857270956039429,1.3696566820144653,1.6280734539031982,0.0006287172436714172,-9.769042015075684,-0.17050194792873222,-98.05280303955078,-1.7113442538496648,90.85546875,1.5857270731303168,78.47554016113281,1.369656558092809,93.28173065185547,1.6280733318333942,0.06287172436714172,0.0006287172436714172,False,False,0.0,0.0,0.0,0.0,0.0,0.0,0.0,0.0,0.0,0.0,0.0,0.0,0.0,0.0,0.0,0.0
1,103,4.351098331040703,4.362792160012759,False,-10.15384578704834,-0.17721803486347198,-96.83516693115234,-1.6900924444198608,91.38461303710938,1.5949623584747314,78.81318664550781,1.375549554824829,93.010986328125,1.6233479976654053,0.7554945054945055,0.007554945054945055,-0.17753079533576965,-1.6969202756881714,1.5754737854003906,1.3686450719833374,1.6221553087234497,0.0006640106439590454,-10.171764373779297,-0.1775307790595079,-97.22636413574219,-1.6969201739116322,90.26799011230469,1.5754736366174027,78.4175796508789,1.3686449563527423,92.9426498413086,1.6221552552590202,0.06640106439590454,0.0006640106439590454,False,False,0.0,0.0,0.0,0.0,0.0,0.0,0.0,0.0,0.0,0.0,0.0,0.0,0.0,0.0,0.0,0.0
1,104,4.385203449986875,4.3979897210374475,False,-10.15384578704834,-0.17721803486347198,-96.83516693115234,-1.6900924444198608,91.38461303710938,1.5949623584747314,78.81318664550781,1.375549554824829,93.010986328125,1.6233479976654053,0.7554945054945055,0.007554945054945055,-0.1692788004875183,-1.7046029567718506,1.578926682472229,1.3675625324249268,1.62578547000885,0.0015972629189491272,-9.698960304260254,-0.16927879132957244,-97.66654968261719,-1.7046028610242927,90.46582794189453,1.578926558128745,78.35556030273438,1.3675625145276797,93.15064239501953,1.6257854101409073,0.15972629189491272,0.0015972629189491272,False,False,0.0,0.0,0.0,0.0,0.0,0.0,0.0,0.0,0.0,0.0,0.0,0.0,0.0,0.0,0.0,0.0
1,105,4.418533731019124,4.432690359069966,False,-10.15384578704834,-0.17721803486347198,-96.83516693115234,-1.6900924444198608,91.38461303710938,1.5949623584747314,78.81318664550781,1.375549554824829,93.010986328125,1.6233479976654053,0.7554945054945055,0.007554945054945055,-0.1676308959722519,-1.7110031843185425,1.5759947299957275,1.3688931465148926,1.6360188722610474,0.0017798766493797302,-9.60454273223877,-0.16763089382605867,-98.03325653076172,-1.7110031029140258,90.29784393310547,1.5759946840846768,78.43179321289062,1.3688930298082833,93.73696899414062,1.6360187397875912,0.17798766493797302,0.0017798766493797302,False,False,0.0,0.0,0.0,0.0,0.0,0.0,0.0,0.0,0.0,0.0,0.0,0.0,0.0,0.0,0.0,0.0
1,106,4.451898919069208,4.465054508997127,False,-10.065934181213379,-0.17568369209766388,-96.83516693115234,-1.6900924444198608,91.38461303710938,1.5949623584747314,78.81318664550781,1.375549554824829,93.010986328125,1.6233479976654053,0.7554945054945055,0.007554945054945055,-0.17218217253684998,-1.706521987915039,1.574836254119873,1.370979905128479,1.6339133977890015,0.0013047978281974792,-9.865311622619629,-0.17218216954997684,-97.77650451660156,-1.7065219349058038,90.2314682006836,1.5748362090104924,78.55136108398438,1.3709798828384694,93.6163330078125,1.6339132446297746,0.13047978281974792,0.0013047978281974792,False,False,0.0,0.0,0.0,0.0,0.0,0.0,0.0,0.0,0.0,0.0,0.0,0.0,0.0,0.0,0.0,0.0
1,107,4.485977584030479,4.498033415991813,False,-9.89011001586914,-0.17261497676372528,-96.83516693115234,-1.6900924444198608,91.38461303710938,1.5949623584747314,78.81318664550781,1.375549554824829,93.010986328125,1.6233479976654053,0.7554945054945055,0.007554945054945055,-0.17831769585609436,-1.7071332931518555,1.5802991390228271,1.3695439100265503,1.6305283308029175,0.001041419804096222,-10.216851234436035,-0.17831769322735588,-97.81153106689453,-1.7071332635340315,90.54446411132812,1.5802990181965173,78.46907806396484,1.3695437732206441,93.4223861694336,1.6305282337262292,0.10414198040962219,0.001041419804096222,False,False,0.0,0.0,0.0,0.0,0.0,0.0,0.0,0.0,0.0,0.0,0.0,0.0,0.0,0.0,0.0,0.0
1,108,4.51906812004745,4.532931065070443,False,-9.89011001586914,-0.17261497676372528,-96.83516693115234,-1.6900924444198608,91.38461303710938,1.5949623584747314,78.81318664550781,1.375549554824829,93.010986328125,1.6233479976654053,0.7554945054945055,0.007554945054945055,-0.17578282952308655,-1.7096307277679443,1.5800447463989258,1.368847131729126,1.628053903579712,0.0020117834210395813,-10.071613311767578,-0.17578281327803438,-97.95462036132812,-1.7096306428462533,90.52989196777344,1.5800446863124147,78.42916107177734,1.3688470902794794,93.28060913085938,1.628053757599382,0.20117834210395813,0.0020117834210395813,False,False,0.0,0.0,0.0,0.0,0.0,0.0,0.0,0.0,0.0,0.0,0.0,0.0,0.0,0.0,0.0,0.0
1,109,4.552668813033961,4.566123553086072,False,-9.978021621704102,-0.17414933443069458,-96.83516693115234,-1.6900924444198608,91.38461303710938,1.5949623584747314,78.81318664550781,1.375549554824829,93.010986328125,1.6233479976654053,0.7554945054945055,0.007554945054945055,-0.16962683200836182,-1.7069463729858398,1.5767742395401,1.3679561614990234,1.623696208000183,0.002545557916164398,-9.718900680541992,-0.16962681654977535,-97.80081939697266,-1.706946309625508,90.3425064086914,1.576774191335743,78.37811279296875,1.3679561297367935,93.03093719482422,1.62369616026574,0.2545557916164398,0.002545557916164398,False,False,0.0,0.0,0.0,0.0,0.0,0.0,0.0,0.0,0.0,0.0,0.0,0.0,0.0,0.0,0.0,0.0
1,110,4.587173579027876,4.601029190002009,False,-9.978021621704102,-0.17414933443069458,-96.83516693115234,-1.6900924444198608,91.38461303710938,1.5949623584747314,78.81318664550781,1.375549554824829,93.010986328125,1.6233479976654053,0.7554945054945055,0.007554945054945055,-0.17275890707969666,-1.713504433631897,1.5815019607543945,1.368051290512085,1.626777172088623,0.0012325718998908997,-9.898355484008789,-0.1727588937287903,-98.17656707763672,-1.713504343809828,90.6133804321289,1.5815018349028516,78.38356018066406,1.3680512045877091,93.20745849609375,1.6267770381727982,0.12325718998908997,0.0012325718998908997,False,False,0.0,0.0,0.0,0.0,0.0,0.0,0.0,0.0,0.0,0.0,0.0,0.0,0.0,0.0,0.0,0.0
1,111,4.6200761060463265,4.630649721017107,False,-9.978021621704102,-0.17414933443069458,-96.83516693115234,-1.6900924444198608,91.38461303710938,1.5949623584747314,78.81318664550781,1.375549554824829,93.010986328125,1.6233479976654053,0.7554945054945055,0.007554945054945055,-0.1705361306667328,-1.7019999027252197,1.569904088973999,1.3679834604263306,1.6248810291290283,0.0003634914755821228,-9.770999908447266,-0.1705361196144693,-97.51740264892578,-1.7019997542167948,89.9488754272461,1.5699040346716655,78.37967681884766,1.3679834271379667,93.09882354736328,1.6248810006347163,0.03634914755821228,0.0003634914755821228,False,False,0.0,0.0,0.0,0.0,0.0,0.0,0.0,0.0,0.0,0.0,0.0,0.0,0.0,0.0,0.0,0.0
1,112,4.653361169039272,4.663893672986887,False,-9.978021621704102,-0.17414933443069458,-96.83516693115234,-1.6900924444198608,91.38461303710938,1.5949623584747314,78.81318664550781,1.375549554824829,93.010986328125,1.6233479976654053,0.7554945054945055,0.007554945054945055,-0.17119991779327393,-1.6746289730072021,1.554900884628296,1.3669981956481934,1.62682044506073,0.0045981258153915405,-9.809032440185547,-0.17119991251617153,-95.94916534423828,-1.6746288497973965,89.0892562866211,1.5549008503545951,78.3232192993164,1.3669980575346374,93.2099380493164,1.626820314540512,0.45981258153915405,0.0045981258153915405,False,False,0.0,0.0,0.0,0.0,0.0,0.0,0.0,0.0,0.0,0.0,0.0,0.0,0.0,0.0,0.0,0.0
1,113,4.686692376038991,4.699545599054545,False,-9.978021621704102,-0.17414933443069458,-96.83516693115234,-1.6900924444198608,91.38461303710938,1.5949623584747314,78.81318664550781,1.375549554824829,93.010986328125,1.6233479976654053,0.7554945054945055,0.007554945054945055,-0.1737135946750641,-1.715000033378601,1.5794934034347534,1.3702044486999512,1.6326473951339722,0.0011867359280586243,-9.953055381774902,-0.17371358704531326,-98.26226043701172,-1.7149999750780167,90.49829864501953,1.579493278808714,78.50692749023438,1.3702043703290383,93.5438003540039,1.6326473110056055,0.11867359280586243,0.0011867359280586243,False,False,0.0,0.0,0.0,0.0,0.0,0.0,0.0,0.0,0.0,0.0,0.0,0.0,0.0,0.0,0.0,0.0
1,114,4.720121631049551,4.734083462040871,False,-9.978021621704102,-0.17414933443069458,-96.83516693115234,-1.6900924444198608,91.38461303710938,1.5949623584747314,78.81318664550781,1.375549554824829,93.010986328125,1.6233479976654053,0.7554945054945055,0.007554945054945055,-0.17290206253528595,-1.713295817375183,1.5875544548034668,1.3677600622177124,1.6255582571029663,0.0021918490529060364,-9.9065580368042,-0.17290205528213887,-98.16461181640625,-1.7132956851384205,90.96016693115234,1.5875544011122746,78.36687469482422,1.367759987922509,93.13761901855469,1.625558109341869,0.21918490529060364,0.0021918490529060364,False,False,0.0,0.0,0.0,0.0,0.0,0.0,0.0,0.0,0.0,0.0,0.0,0.0,0.0,0.0,0.0,0.0
1,115,4.753884569043294,4.767395936069079,False,-9.978021621704102,-0.17414933443069458,-96.65933990478516,-1.6870237588882446,91.38461303710938,1.5949623584747314,78.81318664550781,1.375549554824829,93.010986328125,1.6233479976654053,0.7554945054945055,0.007554945054945055,-0.1704893857240677,-1.710367202758789,1.5722289085388184,1.3696526288986206,1.6272772550582886,0.0010266005992889404,-9.768321990966797,-0.17048938113733839,-97.99681854248047,-1.7103671400457148,90.08207702636719,1.5722288411452503,78.47531127929688,1.3696525633511738,93.23611450195312,1.627277179825515,0.10266005992889404,0.0010266005992889404,False,False,0.0,0.0,0.0,0.0,0.0,0.0,0.0,0.0,0.0,0.0,0.0,0.0,0.0,0.0,0.0,0.0
1,116,4.787675985018723,4.802104275091551,False,-9.978021621704102,-0.17414933443069458,-96.83516693115234,-1.6900924444198608,91.38461303710938,1.5949623584747314,78.81318664550781,1.375549554824829,93.010986328125,1.6233479976654053,0.7554945054945055,0.007554945054945055,-0.17297622561454773,-1.6987736225128174,1.5736695528030396,1.3694299459457397,1.6333495378494263,0.001120924949645996,-9.910807609558105,-0.17297622431849757,-97.33255004882812,-1.6987734677142183,90.16461944580078,1.5736694781369285,78.46255493164062,1.3694299230840432,93.58403015136719,1.6333494534270048,0.11209249496459961,0.001120924949645996,False,False,0.0,0.0,0.0,0.0,0.0,0.0,0.0,0.0,0.0,0.0,0.0,0.0,0.0,0.0,0.0,0.0
1,117,4.821181243984029,4.835944591090083,False,-9.978021621704102,-0.17414933443069458,-97.0988998413086,-1.6946954727172852,91.38461303710938,1.5949623584747314,78.81318664550781,1.375549554824829,93.010986328125,1.6233479976654053,0.7554945054945055,0.007554945054945055,-0.17686519026756287,-1.6827161312103271,1.5396276712417603,1.369550108909607,1.6313834190368652,0.0016563832759857178,-10.133628845214844,-0.17686518852406985,-96.41252899169922,-1.68271607107964,88.21416473388672,1.5396276215029907,78.46943664550781,1.3695500316492057,93.47138214111328,1.6313833747522537,0.16563832759857178,0.0016563832759857178,False,False,0.0,0.0,0.0,0.0,0.0,0.0,0.0,0.0,0.0,0.0,0.0,0.0,0.0,0.0,0.0,0.0
1,118,4.854726089979522,4.867668577004224,False,-9.978021621704102,-0.17414933443069458,-97.0988998413086,-1.6946954727172852,91.38461303710938,1.5949623584747314,78.81318664550781,1.375549554824829,93.010986328125,1.6233479976654053,0.7554945054945055,0.007554945054945055,-0.17319555580615997,-1.7033510208129883,1.5651118755340576,1.3712449073791504,1.6299704313278198,0.0019097253680229187,-9.92337417602539,-0.17319555227902242,-97.59481811523438,-1.7033509089958465,89.67430114746094,1.5651118094481224,78.56654357910156,1.3712448673669322,93.39041900634766,1.6299703014778577,0.19097253680229187,0.0019097253680229187,False,False,0.0,0.0,0.0,0.0,0.0,0.0,0.0,0.0,0.0,0.0,0.0,0.0,0.0,0.0,0.0,0.0
1,119,4.887983951019123,4.9001414170488715,False,-9.978021621704102,-0.17414933443069458,-97.010986328125,-1.693161129951477,91.38461303710938,1.5949623584747314,78.81318664550781,1.375549554824829,93.010986328125,1.6233479976654053,0.7554945054945055,0.007554945054945055,-0.1693974882364273,-1.686787486076355,1.5667297840118408,1.3701356649398804,1.6317009925842285,0.0015779808163642883,-9.705760955810547,-0.16939748509040592,-96.64579772949219,-1.6867873785960987,89.76699829101562,1.5667296798103456,78.50298309326172,1.3701355276148597,93.48957824707031,1.6317009567122458,0.15779808163642883,0.0015779808163642883,False,False,0.0,0.0,0.0,0.0,0.0,0.0,0.0,0.0,0.0,0.0,0.0,0.0,0.0,0.0,0.0,0.0
1,120,4.921350363991223,5.083710991078988,False,-9.978021621704102,-0.17414933443069458,-97.010986328125,-1.693161129951477,91.03296661376953,1.588824987411499,78.81318664550781,1.375549554824829,93.010986328125,1.6233479976654053,0.7554945054945055,0.007554945054945055,-0.173549622297287,-1.7299405336380005,1.595174789428711,1.3718998432159424,1.627941370010376,0.0007348284125328064,-9.943660736083984,-0.17354961954594844,-99.1182861328125,-1.7299404419514157,91.39677429199219,1.595174637097373,78.60406494140625,1.3718997386789826,93.27416229248047,1.6279412390433263,0.07348284125328064,0.0007348284125328064,False,False,0.0,0.0,0.0,0.0,0.0,0.0,0.0,0.0,0.0,0.0,0.0,0.0,0.0,0.0,0.0,0.0
1,121,5.085274724056944,5.095918017090298,False,-9.978021621704102,-0.17414933443069458,-97.010986328125,-1.693161129951477,91.03296661376953,1.588824987411499,78.81318664550781,1.375549554824829,93.010986328125,1.6233479976654053,0.7554945054945055,0.007554945054945055,-0.17369674146175385,-1.7336483001708984,1.6025810241699219,1.3736132383346558,1.6287168264389038,0.0004387572407722473,-9.952089309692383,-0.1736967259066617,-99.33072662353516,-1.7336482279790786,91.82112121582031,1.6025808880888832,78.70223999023438,1.3736132165243398,93.31859588623047,1.6287167515527574,0.04387572407722473,0.0004387572407722473,False,False,0.0,0.0,0.0,0.0,0.0,0.0,0.0,0.0,0.0,0.0,0.0,0.0,0.0,0.0,0.0,0.0
1,122,5.119591789087281,5.132794426055625,False,-9.978021621704102,-0.17414933443069458,-97.010986328125,-1.693161129951477,91.03296661376953,1.588824987411499,78.81318664550781,1.375549554824829,93.010986328125,1.6233479976654053,0.7554945054945055,0.007554945054945055,-0.17153452336788177,-1.7250908613204956,1.5999658107757568,1.3696656227111816,1.6313836574554443,0.0004675760865211487,-9.828204154968262,-0.17153452206238318,-98.84042358398438,-1.7250908256063815,91.67127990722656,1.5999656638984254,78.47605895996094,1.3696656128405154,93.47138977050781,1.6313835079103083,0.04675760865211487,0.0004675760865211487,False,False,0.0,0.0,0.0,0.0,0.0,0.0,0.0,0.0,0.0,0.0,0.0,0.0,0.0,0.0,0.0,0.0
1,123,5.152138191042468,5.165032600983977,False,-9.978021621704102,-0.17414933443069458,-97.18681335449219,-1.6962298154830933,91.29669952392578,1.5934280157089233,78.81318664550781,1.375549554824829,93.010986328125,1.6233479976654053,0.7554945054945055,0.007554945054945055,-0.16658267378807068,-1.7161363363265991,1.5865355730056763,1.3695319890975952,1.6278250217437744,6.548315286636353e-05,-9.544483184814453,-0.16658265697624666,-98.32736206054688,-1.716136212757099,90.90178680419922,1.5865354756792105,78.46839904785156,1.3695319221537934,93.26750183105469,1.6278249920617445,0.0065483152866363525,6.548315286636353e-05,False,False,0.0,0.0,0.0,0.0,0.0,0.0,0.0,0.0,0.0,0.0,0.0,0.0,0.0,0.0,0.0,0.0
1,124,5.1858781380578876,5.196670955047011,False,-9.978021621704102,-0.17414933443069458,-97.53845977783203,-1.7023673057556152,91.38461303710938,1.5949623584747314,78.81318664550781,1.375549554824829,93.010986328125,1.6233479976654053,0.7554945054945055,0.007554945054945055,-0.1682724803686142,-1.7229942083358765,1.5966577529907227,1.3719249963760376,1.6235765218734741,0.00032182037830352783,-9.641302108764648,-0.16827246597741555,-98.72029113769531,-1.722994118880162,91.48174285888672,1.5966576183503836,78.60550689697266,1.3719249055512839,93.02407836914062,1.623576451174741,0.03218203783035278,0.00032182037830352783,False,False,0.0,0.0,0.0,0.0,0.0,0.0,0.0,0.0,0.0,0.0,0.0,0.0,0.0,0.0,0.0,0.0
1,125,5.219373526982963,5.230019616079517,False,-9.978021621704102,-0.17414933443069458,-97.53845977783203,-1.7023673057556152,91.38461303710938,1.5949623584747314,78.81318664550781,1.375549554824829,93.010986328125,1.6233479976654053,0.7554945054945055,0.007554945054945055,-0.1702578365802765,-1.7256282567977905,1.5953396558761597,1.370679259300232,1.6277269124984741,-0.000748947262763977,-9.755054473876953,-0.170257819280556,-98.87120819091797,-1.725628118356305,91.4062271118164,1.5953396199269034,78.53413391113281,1.3706792119513995,93.26187896728516,1.627726854575575,0.0,0.0,True,False,0.0748947262763977,0.0,0.0,0.0,0.0,0.0,0.0,0.0,0.0,0.0,0.0,0.0,0.0,0.0,0.0,0.0
1,126,5.25281553005334,5.263440779061057,False,-9.978021621704102,-0.17414933443069458,-97.53845977783203,-1.7023673057556152,91.38461303710938,1.5949623584747314,78.81318664550781,1.375549554824829,93.010986328125,1.6233479976654053,0.7554945054945055,0.007554945054945055,-0.17191380262374878,-1.7098073959350586,1.586915373802185,1.369589924812317,1.6322461366653442,0.001155078411102295,-9.849934577941895,-0.1719137894911241,-97.9647445678711,-1.7098073435845802,90.92354583740234,1.5869152424506556,78.47171783447266,1.3695898459075024,93.52081298828125,1.632246105787385,0.11550784111022949,0.001155078411102295,False,False,0.0,0.0,0.0,0.0,0.0,0.0,0.0,0.0,0.0,0.0,0.0,0.0,0.0,0.0,0.0,0.0
1,127,5.286409903084859,5.296883668983355,False,-9.978021621704102,-0.17414933443069458,-97.53845977783203,-1.7023673057556152,91.38461303710938,1.5949623584747314,78.81318664550781,1.375549554824829,93.010986328125,1.6233479976654053,0.7554945054945055,0.007554945054945055,-0.1752396523952484,-1.7276827096939087,1.5872498750686646,1.3691051006317139,1.6265454292297363,0.0005666092038154602,-10.040492057800293,-0.1752396449289559,-98.98892211914062,-1.7276826139792465,90.94271087646484,1.5872497354835697,78.44393920898438,1.3691050174310535,93.19418334960938,1.6265453431579613,0.05666092038154602,0.0005666092038154602,False,False,0.0,0.0,0.0,0.0,0.0,0.0,0.0,0.0,0.0,0.0,0.0,0.0,0.0,0.0,0.0,0.0
1,128,5.32023857103195,5.332116696983576,False,-9.978021621704102,-0.17414933443069458,-97.53845977783203,-1.7023673057556152,91.38461303710938,1.5949623584747314,78.81318664550781,1.375549554824829,93.010986328125,1.6233479976654053,0.7554945054945055,0.007554945054945055,-0.1778634786605835,-1.7345563173294067,1.602864146232605,1.3704612255096436,1.630688190460205,0.0004513189196586609,-10.190826416015625,-0.17786347445868605,-99.38275146484375,-1.734556232752741,91.83734893798828,1.6028641152708132,78.52163696289062,1.3704610990581219,93.43154907226562,1.6306881565496887,0.04513189196586609,0.0004513189196586609,False,False,0.0,0.0,0.0,0.0,0.0,0.0,0.0,0.0,0.0,0.0,0.0,0.0,0.0,0.0,0.0,0.0
1,129,5.354089707019739,5.366474871058017,False,-9.978021621704102,-0.17414933443069458,-97.53845977783203,-1.7023673057556152,91.38461303710938,1.5949623584747314,78.81318664550781,1.375549554824829,93.010986328125,1.6233479976654053,0.7554945054945055,0.007554945054945055,-0.1744944155216217,-1.7276949882507324,1.5965807437896729,1.3714855909347534,1.6262286901474,0.0007444247603416443,-9.997793197631836,-0.1744944092321677,-98.9896240234375,-1.7276948645202608,91.47733306884766,1.5965806529948803,78.58032989501953,1.371485483971421,93.17603302001953,1.6262285601462965,0.07444247603416443,0.0007444247603416443,False,False,0.0,0.0,0.0,0.0,0.0,0.0,0.0,0.0,0.0,0.0,0.0,0.0,0.0,0.0,0.0,0.0
1,130,5.387054417980835,5.397431742982008,False,-9.978021621704102,-0.17414933443069458,-97.53845977783203,-1.7023673057556152,91.38461303710938,1.5949623584747314,78.81318664550781,1.375549554824829,93.010986328125,1.6233479976654053,0.7554945054945055,0.007554945054945055,-0.17220260202884674,-1.7126051187515259,1.5891034603118896,1.366397738456726,1.6254057884216309,0.001408413052558899,-9.86648178100586,-0.17220259266658636,-98.12503814697266,-1.7126049943097084,91.04891967773438,1.5891034287603192,78.288818359375,1.3663976478668791,93.1288833618164,1.625405643369462,0.1408413052558899,0.001408413052558899,False,False,0.0,0.0,0.0,0.0,0.0,0.0,0.0,0.0,0.0,0.0,0.0,0.0,0.0,0.0,0.0,0.0
1,131,5.420353161054663,5.430961237056181,False,-9.978021621704102,-0.17414933443069458,-97.53845977783203,-1.7023673057556152,91.38461303710938,1.5949623584747314,78.81318664550781,1.375549554824829,93.010986328125,1.6233479976654053,0.7554945054945055,0.007554945054945055,-0.17361369729042053,-1.733813762664795,1.603872537612915,1.3692777156829834,1.6261860132217407,0.0012431442737579346,-9.947331428527832,-0.17361368521492165,-99.34020233154297,-1.7338136102827724,91.8951187133789,1.6038723880595172,78.45382690429688,1.3692775902696908,93.17359161376953,1.626185949568855,0.12431442737579346,0.0012431442737579346,False,False,0.0,0.0,0.0,0.0,0.0,0.0,0.0,0.0,0.0,0.0,0.0,0.0,0.0,0.0,0.0,0.0
1,132,5.453977304045111,5.464445769088343,False,-9.978021621704102,-0.17414933443069458,-97.62637329101562,-1.7039016485214233,91.38461303710938,1.5949623584747314,78.81318664550781,1.375549554824829,93.010986328125,1.6233479976654053,0.7554945054945055,0.007554945054945055,-0.1719997525215149,-1.7275887727737427,1.5955218076705933,1.3667266368865967,1.62346613407135,0.0021132081747055054,-9.854859352111816,-0.1719997430153064,-98.9835433959961,-1.7275887375508212,91.41666412353516,1.5955217801454649,78.30766296386719,1.3667265482615039,93.01775360107422,1.6234660631475573,0.21132081747055054,0.0021132081747055054,False,False,0.0,0.0,0.0,0.0,0.0,0.0,0.0,0.0,0.0,0.0,0.0,0.0,0.0,0.0,0.0,0.0
1,133,5.487880163011141,5.498633468989283,False,-9.978021621704102,-0.17414933443069458,-97.62637329101562,-1.7039016485214233,91.38461303710938,1.5949623584747314,78.81318664550781,1.375549554824829,93.010986328125,1.6233479976654053,0.7554945054945055,0.007554945054945055,-0.17411330342292786,-1.725717306137085,1.5839864015579224,1.3675682544708252,1.627571940422058,0.0015995055437088013,-9.975956916809082,-0.17411329423542052,-98.87631225585938,-1.7257172010947681,90.75572967529297,1.5839862978837866,78.35588836669922,1.3675682403240235,93.25299835205078,1.6275718586001324,0.15995055437088013,0.0015995055437088013,False,False,0.0,0.0,0.0,0.0,0.0,0.0,0.0,0.0,0.0,0.0,0.0,0.0,0.0,0.0,0.0,0.0
1,134,5.521312693017535,5.532930489978753,False,-9.978021621704102,-0.17414933443069458,-97.80220031738281,-1.706970453262329,91.38461303710938,1.5949623584747314,78.81318664550781,1.375549554824829,93.010986328125,1.6233479976654053,0.7554945054945055,0.007554945054945055,-0.17244641482830048,-1.72211492061615,1.5828561782836914,1.3695518970489502,1.6284749507904053,0.0006107240915298462,-9.880451202392578,-0.17244640506438313,-98.66991424560547,-1.7221148762462724,90.69097137451172,1.5828560523171569,78.46953582763672,1.3695517627039144,93.30473327636719,1.6284748033677237,0.06107240915298462,0.0006107240915298462,False,False,0.0,0.0,0.0,0.0,0.0,0.0,0.0,0.0,0.0,0.0,0.0,0.0,0.0,0.0,0.0,0.0
1,135,5.554844122030772,5.566847815061919,False,-9.978021621704102,-0.17414933443069458,-97.80220031738281,-1.706970453262329,91.38461303710938,1.5949623584747314,78.81318664550781,1.375549554824829,93.010986328125,1.6233479976654053,0.7554945054945055,0.007554945054945055,-0.16950082778930664,-1.7090160846710205,1.5842065811157227,1.3666157722473145,1.6260569095611572,0.003231726586818695,-9.711681365966797,-0.16950081574070097,-97.91940307617188,-1.709015985266663,90.76834869384766,1.584206541305936,78.30131530761719,1.3666157607601566,93.16619110107422,1.6260567862559863,0.3231726586818695,0.003231726586818695,False,False,0.0,0.0,0.0,0.0,0.0,0.0,0.0,0.0,0.0,0.0,0.0,0.0,0.0,0.0,0.0,0.0
1,136,5.588132178992964,5.600027090054937,False,-9.978021621704102,-0.17414933443069458,-97.80220031738281,-1.706970453262329,91.38461303710938,1.5949623584747314,78.81318664550781,1.375549554824829,93.010986328125,1.6233479976654053,0.7554945054945055,0.007554945054945055,-0.1699509471654892,-1.7126686573028564,1.5797820091247559,1.3677291870117188,1.630911946296692,0.0010677799582481384,-9.737471580505371,-0.16995093989919483,-98.12867736816406,-1.7126685107017068,90.51483917236328,1.5797819654708785,78.36510467529297,1.367729095253864,93.44436645507812,1.6309118620812553,0.10677799582481384,0.0010677799582481384,False,False,0.0,0.0,0.0,0.0,0.0,0.0,0.0,0.0,0.0,0.0,0.0,0.0,0.0,0.0,0.0,0.0
1,137,5.62157393200323,5.63456642604433,False,-9.978021621704102,-0.17414933443069458,-97.80220031738281,-1.706970453262329,91.38461303710938,1.5949623584747314,78.81318664550781,1.375549554824829,93.010986328125,1.6233479976654053,0.7554945054945055,0.007554945054945055,-0.16968151926994324,-1.7320935726165771,1.5997235774993896,1.3694672584533691,1.6289981603622437,0.0011775866150856018,-9.722034454345703,-0.16968151122066286,-99.24164581298828,-1.7320934745346903,91.65740203857422,1.5997234493972827,78.46469116210938,1.3694672073393044,93.334716796875,1.6289981145219243,0.11775866150856018,0.0011775866150856018,False,False,0.0,0.0,0.0,0.0,0.0,0.0,0.0,0.0,0.0,0.0,0.0,0.0,0.0,0.0,0.0,0.0
1,138,5.654997053090483,5.66768317099195,False,-9.978021621704102,-0.17414933443069458,-97.80220031738281,-1.706970453262329,91.38461303710938,1.5949623584747314,78.81318664550781,1.375549554824829,93.010986328125,1.6233479976654053,0.7554945054945055,0.007554945054945055,-0.16648875176906586,-1.7309447526931763,1.5904778242111206,1.3681979179382324,1.628042459487915,0.0015079230070114136,-9.539102554321289,-0.16648874725830773,-99.17582702636719,-1.7309447199984846,91.1276626586914,1.5904777530408547,78.39196014404297,1.368197811605718,93.27995300292969,1.6280423060066949,0.15079230070114136,0.0015079230070114136,False,False,0.0,0.0,0.0,0.0,0.0,0.0,0.0,0.0,0.0,0.0,0.0,0.0,0.0,0.0,0.0,0.0
1,139,5.688527520047501,5.7020536080235615,False,-9.978021621704102,-0.17414933443069458,-97.80220031738281,-1.706970453262329,91.38461303710938,1.5949623584747314,78.81318664550781,1.375549554824829,93.010986328125,1.6233479976654053,0.7554945054945055,0.007554945054945055,-0.17077001929283142,-1.7339109182357788,1.5803004503250122,1.3709698915481567,1.6315124034881592,0.0014687925577163696,-9.784400939941406,-0.1707700117372055,-99.34577178955078,-1.7339108156625602,90.54454040527344,1.5803003497770625,78.55078125,1.370969762826327,93.47876739501953,1.6315122717490136,0.14687925577163696,0.0014687925577163696,False,False,0.0,0.0,0.0,0.0,0.0,0.0,0.0,0.0,0.0,0.0,0.0,0.0,0.0,0.0,0.0,0.0
1,140,5.721945201978087,5.733807238051668,False,-9.978021621704102,-0.17414933443069458,-97.97801971435547,-1.7100390195846558,91.38461303710938,1.5949623584747314,78.81318664550781,1.375549554824829,93.010986328125,1.6233479976654053,0.7554945054945055,0.007554945054945055,-0.16898441314697266,-1.7105064392089844,1.5602320432662964,1.3690932989120483,1.6247400045394897,0.0017684772610664368,-9.682093620300293,-0.1689844121605778,-98.00479125976562,-1.7105062902126715,89.39470672607422,1.5602319662247157,78.4432601928711,1.3690931663642028,93.09073638916016,1.6247398530969421,0.17684772610664368,0.0017684772610664368,False,False,0.0,0.0,0.0,0.0,0.0,0.0,0.0,0.0,0.0,0.0,0.0,0.0,0.0,0.0,0.0,0.0
1,141,5.755352927022614,5.767430743086152,False,-9.978021621704102,-0.17414933443069458,-97.97801971435547,-1.7100390195846558,91.38461303710938,1.5949623584747314,78.81318664550781,1.375549554824829,93.010986328125,1.6233479976654053,0.7554945054945055,0.007554945054945055,-0.16862034797668457,-1.7151838541030884,1.5750995874404907,1.3690524101257324,1.6260260343551636,0.0017865747213363647,-9.661233901977539,-0.16862034139480717,-98.27278900146484,-1.715183733193232,90.24655151367188,1.5750994624842467,78.44091796875,1.36905228684147,93.16442108154297,1.6260258935873413,0.17865747213363647,0.0017865747213363647,False,False,0.0,0.0,0.0,0.0,0.0,0.0,0.0,0.0,0.0,0.0,0.0,0.0,0.0,0.0,0.0,0.0
1,142,5.788812923012301,5.800599727081135,False,-9.978021621704102,-0.17414933443069458,-97.97801971435547,-1.7100390195846558,91.38461303710938,1.5949623584747314,78.81318664550781,1.375549554824829,93.010986328125,1.6233479976654053,0.7554945054945055,0.007554945054945055,-0.16721831262111664,-1.7175718545913696,1.566625952720642,1.3698687553405762,1.6294403076171875,0.0013857707381248474,-9.580903053283691,-0.16721830359417814,-98.40961456298828,-1.717571789742706,89.76104736328125,1.5666258165278326,78.4876937866211,1.3698686788736338,93.36004638671875,1.6294401992628775,0.13857707381248474,0.0013857707381248474,False,False,0.0,0.0,0.0,0.0,0.0,0.0,0.0,0.0,0.0,0.0,0.0,0.0,0.0,0.0,0.0,0.0
1,143,5.822275430080481,5.835955557064153,False,-9.978021621704102,-0.17414933443069458,-97.97801971435547,-1.7100390195846558,91.38461303710938,1.5949623584747314,78.81318664550781,1.375549554824829,93.010986328125,1.6233479976654053,0.7554945054945055,0.007554945054945055,-0.16765446960926056,-1.7095633745193481,1.5641658306121826,1.3683958053588867,1.6344118118286133,0.0021542608737945557,-9.6058931350708,-0.16765446280170587,-97.95075988769531,-1.7095632648706744,89.6200942993164,1.5641657214708717,78.4032974243164,1.368395684474711,93.6448974609375,1.6344117883858373,0.21542608737945557,0.0021542608737945557,False,False,0.0,0.0,0.0,0.0,0.0,0.0,0.0,0.0,0.0,0.0,0.0,0.0,0.0,0.0,0.0,0.0
1,144,5.8555854560108855,5.867842162027955,False,-9.978021621704102,-0.17414933443069458,-97.97801971435547,-1.7100390195846558,91.38461303710938,1.5949623584747314,78.81318664550781,1.375549554824829,93.010986328125,1.6233479976654053,0.7554945054945055,0.007554945054945055,-0.16610507667064667,-1.725136637687683,1.5846742391586304,1.3686949014663696,1.6308116912841797,0.002220235764980316,-9.517119407653809,-0.1661050689690114,-98.8430404663086,-1.7251364988190763,90.7951431274414,1.584674192393354,78.42044067382812,1.3686948906231813,93.4386215209961,1.6308115940662138,0.22202357649803162,0.002220235764980316,False,False,0.0,0.0,0.0,0.0,0.0,0.0,0.0,0.0,0.0,0.0,0.0,0.0,0.0,0.0,0.0,0.0
1,145,5.88908558501862,5.900174329988658,False,-9.978021621704102,-0.17414933443069458,-97.97801971435547,-1.7100390195846558,91.38461303710938,1.5949623584747314,78.81318664550781,1.375549554824829,93.010986328125,1.6233479976654053,0.7554945054945055,0.007554945054945055,-0.16699382662773132,-1.7269712686538696,1.5812451839447021,1.368809461593628,1.6365723609924316,0.0023328065872192383,-9.56804084777832,-0.16699381575904126,-98.94815826416016,-1.726971150494032,90.59867095947266,1.581245106173768,78.427001953125,1.368809406550055,93.76868438720703,1.6365722778201641,0.23328065872192383,0.0023328065872192383,False,False,0.0,0.0,0.0,0.0,0.0,0.0,0.0,0.0,0.0,0.0,0.0,0.0,0.0,0.0,0.0,0.0
1,146,5.922795063001104,5.935992415994406,False,-9.978021621704102,-0.17414933443069458,-97.97801971435547,-1.7100390195846558,91.38461303710938,1.5949623584747314,78.81318664550781,1.375549554824829,93.010986328125,1.6233479976654053,0.7554945054945055,0.007554945054945055,-0.1705043911933899,-1.7143045663833618,1.5636775493621826,1.3682870864868164,1.629941701889038,0.002627328038215637,-9.769181251525879,-0.1705043780632269,-98.222412109375,-1.7143044905593425,89.59211730957031,1.5636774308850059,78.3970718383789,1.3682870275022359,93.38877868652344,1.6299416724961393,0.2627328038215637,0.002627328038215637,False,False,0.0,0.0,0.0,0.0,0.0,0.0,0.0,0.0,0.0,0.0,0.0,0.0,0.0,0.0,0.0,0.0
1,147,5.955931909033097,5.967691404977813,False,-9.978021621704102,-0.17414933443069458,-97.97801971435547,-1.7100390195846558,91.38461303710938,1.5949623584747314,78.81318664550781,1.375549554824829,93.010986328125,1.6233479976654053,0.7554945054945055,0.007554945054945055,-0.17293581366539001,-1.71286940574646,1.5535240173339844,1.3687896728515625,1.6341561079025269,0.0020132288336753845,-9.908492088317871,-0.17293581084895562,-98.14018249511719,-1.7128693130478987,89.01036834716797,1.553523996071024,78.42586517333984,1.3687895659999336,93.63024139404297,1.6341559917631352,0.20132288336753845,0.0020132288336753845,False,False,0.0,0.0,0.0,0.0,0.0,0.0,0.0,0.0,0.0,0.0,0.0,0.0,0.0,0.0,0.0,0.0
1,148,5.989425971987657,6.000740649993531,False,-9.978021621704102,-0.17414933443069458,-97.97801971435547,-1.7100390195846558,91.38461303710938,1.5949623584747314,78.81318664550781,1.375549554824829,93.010986328125,1.6233479976654053,0.7554945054945055,0.007554945054945055,-0.16885225474834442,-1.7211023569107056,1.585808515548706,1.368661880493164,1.6238861083984375,0.0011484473943710327,-9.674521446228027,-0.1688522527914826,-98.61189270019531,-1.7211022092417698,90.8601303100586,1.5858084327016189,78.41854858398438,1.3686618674256643,93.04181671142578,1.6238860436514626,0.11484473943710327,0.0011484473943710327,False,False,0.0,0.0,0.0,0.0,0.0,0.0,0.0,0.0,0.0,0.0,0.0,0.0,0.0,0.0,0.0,0.0
1,149,6.022584347054362,6.033776329015382,False,-9.978021621704102,-0.17414933443069458,-97.97801971435547,-1.7100390195846558,91.20879364013672,1.5918937921524048,78.81318664550781,1.375549554824829,93.010986328125,1.6233479976654053,0.7554945054945055,0.007554945054945055,-0.1707867532968521,-1.7190380096435547,1.5516010522842407,1.367085576057434,1.629854440689087,0.002142377197742462,-9.785359382629395,-0.17078673971780256,-98.49361419677734,-1.719037859922795,88.90018463134766,1.551600927447878,78.32823181152344,1.3670855423764465,93.38377380371094,1.6298543208123848,0.21423771977424622,0.002142377197742462,False,False,0.0,0.0,0.0,0.0,0.0,0.0,0.0,0.0,0.0,0.0,0.0,0.0,0.0,0.0,0.0,0.0
1,150,6.055986796040088,6.2200664459960535,False,-9.978021621704102,-0.17414933443069458,-97.97801971435547,-1.7100390195846558,91.20879364013672,1.5918937921524048,78.81318664550781,1.375549554824829,93.010986328125,1.6233479976654053,0.7554945054945055,0.007554945054945055,-0.1622008979320526,-1.7392075061798096,1.5964126586914062,1.370691180229187,1.6243864297866821,0.002369023859500885,-9.293426513671875,-0.16220089145571204,-99.64924621582031,-1.7392074435965643,91.46770477294922,1.5964126075300962,78.5348129272461,1.3706910630182503,93.07048034667969,1.624386318462234,0.2369023859500885,0.002369023859500885,False,False,0.0,0.0,0.0,0.0,0.0,0.0,0.0,0.0,0.0,0.0,0.0,0.0,0.0,0.0,0.0,0.0
1,151,6.2215231120353565,6.231963212019764,False,-9.978021621704102,-0.17414933443069458,-97.97801971435547,-1.7100390195846558,91.12088012695312,1.5903593301773071,78.81318664550781,1.375549554824829,93.010986328125,1.6233479976654053,0.7554945054945055,0.007554945054945055,-0.16428349912166595,-1.7326104640960693,1.5940120220184326,1.3700004816055298,1.6331653594970703,0.001894824206829071,-9.412750244140625,-0.164283483428154,-99.2712631225586,-1.7326103941022746,91.33015441894531,1.5940119009654443,78.4952392578125,1.3700003721895382,93.57347869873047,1.6331652958376257,0.1894824206829071,0.001894824206829071,False,False,0.0,0.0,0.0,0.0,0.0,0.0,0.0,0.0,0.0,0.0,0.0,0.0,0.0,0.0,0.0,0.0
1,152,6.254812391009182,6.265386791084893,False,-9.978021621704102,-0.17414933443069458,-97.97801971435547,-1.7100390195846558,91.12088012695312,1.5903593301773071,78.81318664550781,1.375549554824829,93.010986328125,1.6233479976654053,0.7554945054945055,0.007554945054945055,-0.16984084248542786,-1.7392767667770386,1.5949654579162598,1.3692784309387207,1.6270148754119873,0.00043111294507980347,-9.731163024902344,-0.16984083483287685,-99.65321350097656,-1.7392766857849065,91.38478088378906,1.5949653126356926,78.45387268066406,1.3692783892180178,93.22107696533203,1.6270147253000877,0.04311129450798035,0.00043111294507980347,False,False,0.0,0.0,0.0,0.0,0.0,0.0,0.0,0.0,0.0,0.0,0.0,0.0,0.0,0.0,0.0,0.0
1,153,6.28875422407873,6.29868869506754,False,-9.978021621704102,-0.17414933443069458,-97.97801971435547,-1.7100390195846558,91.20879364013672,1.5918937921524048,78.81318664550781,1.375549554824829,93.010986328125,1.6233479976654053,0.7554945054945055,0.007554945054945055,-0.1690857708454132,-1.7396678924560547,1.60161292552948,1.3685935735702515,1.6195704936981201,0.0016925781965255737,-9.68790054321289,-0.16908576208481213,-99.67562103271484,-1.7396677709909847,91.76565551757812,1.6016128290326395,78.41463470458984,1.3685935573437038,92.79454803466797,1.6195703911049892,0.16925781965255737,0.0016925781965255737,False,False,0.0,0.0,0.0,0.0,0.0,0.0,0.0,0.0,0.0,0.0,0.0,0.0,0.0,0.0,0.0,0.0
1,154,6.322043902007863,6.332711938070133,False,-9.978021621704102,-0.17414933443069458,-97.97801971435547,-1.7100390195846558,91.38461303710938,1.5949623584747314,78.81318664550781,1.375549554824829,93.010986328125,1.6233479976654053,0.7554945054945055,0.007554945054945055,-0.17151349782943726,-1.7352663278579712,1.598828911781311,1.365708827972412,1.6330912113189697,0.002076670527458191,-9.826998710632324,-0.17151348308977155,-99.42343139648438,-1.735266231499356,91.60614013671875,1.5988287604290707,78.24934387207031,1.3657086880928755,93.56922912597656,1.6330911268012671,0.2076670527458191,0.002076670527458191,False,False,0.0,0.0,0.0,0.0,0.0,0.0,0.0,0.0,0.0,0.0,0.0,0.0,0.0,0.0,0.0,0.0
1,155,6.35535347298719,6.365587651031092,False,-9.978021621704102,-0.17414933443069458,-97.97801971435547,-1.7100390195846558,91.38461303710938,1.5949623584747314,78.81318664550781,1.375549554824829,93.010986328125,1.6233479976654053,0.7554945054945055,0.007554945054945055,-0.16912926733493805,-1.7388309240341187,1.6035308837890625,1.3675191402435303,1.6282126903533936,0.0011853724718093872,-9.69039249420166,-0.1691292548343645,-99.62767028808594,-1.7388308726184272,91.87554931640625,1.6035308376497146,78.35307312011719,1.3675191050019113,93.28971099853516,1.6282126151584053,0.11853724718093872,0.0011853724718093872,False,False,0.0,0.0,0.0,0.0,0.0,0.0,0.0,0.0,0.0,0.0,0.0,0.0,0.0,0.0,0.0,0.0
1,156,6.388811829034239,6.399986105039716,False,-9.978021621704102,-0.17414933443069458,-97.97801971435547,-1.7100390195846558,91.38461303710938,1.5949623584747314,78.81318664550781,1.375549554824829,93.010986328125,1.6233479976654053,0.7554945054945055,0.007554945054945055,-0.17147023975849152,-1.7364312410354614,1.5947070121765137,1.3697230815887451,1.62593412399292,0.002751655876636505,-9.824520111083984,-0.17147022336681458,-99.49017333984375,-1.7364310981601567,91.36997985839844,1.594706986009955,78.4793472290039,1.3697230039620065,93.1591567993164,1.6259340145297336,0.2751655876636505,0.002751655876636505,False,False,0.0,0.0,0.0,0.0,0.0,0.0,0.0,0.0,0.0,0.0,0.0,0.0,0.0,0.0,0.0,0.0
1,157,6.4219825230538845,6.43268354202155,False,-9.978021621704102,-0.17414933443069458,-97.97801971435547,-1.7100390195846558,91.38461303710938,1.5949623584747314,78.81318664550781,1.375549554824829,93.010986328125,1.6233479976654053,0.7554945054945055,0.007554945054945055,-0.17137707769870758,-1.7392810583114624,1.5874909162521362,1.3698949813842773,1.6310336589813232,0.002494893968105316,-9.819182395935059,-0.17137706266293223,-99.65345764160156,-1.7392809468426507,90.95652770996094,1.5874908847202762,78.48919677734375,1.369894911010371,93.45133972167969,1.631033568543072,0.24948939681053162,0.002494893968105316,False,False,0.0,0.0,0.0,0.0,0.0,0.0,0.0,0.0,0.0,0.0,0.0,0.0,0.0,0.0,0.0,0.0
1,158,6.455530159990303,6.466626650071703,False,-9.978021621704102,-0.17414933443069458,-97.97801971435547,-1.7100390195846558,91.38461303710938,1.5949623584747314,78.81318664550781,1.375549554824829,93.010986328125,1.6233479976654053,0.7554945054945055,0.007554945054945055,-0.16628897190093994,-1.7248516082763672,1.5905057191848755,1.3663198947906494,1.6295113563537598,0.0032109320163726807,-9.527655601501465,-0.16628896024228135,-98.82671356201172,-1.7248515405824378,91.12925720214844,1.590505583074246,78.28436279296875,1.3663198835630488,93.36412048339844,1.6295113056639825,0.32109320163726807,0.0032109320163726807,False,False,0.0,0.0,0.0,0.0,0.0,0.0,0.0,0.0,0.0,0.0,0.0,0.0,0.0,0.0,0.0,0.0
1,159,6.48911201802548,6.499305515084416,False,-9.978021621704102,-0.17414933443069458,-97.97801971435547,-1.7100390195846558,91.38461303710938,1.5949623584747314,78.81318664550781,1.375549554824829,93.010986328125,1.6233479976654053,0.7554945054945055,0.007554945054945055,-0.16300931572914124,-1.755764365196228,1.6033552885055542,1.3706629276275635,1.6256729364395142,0.0038714706897735596,-9.33974552154541,-0.1630093106493624,-100.00004577636719,-1.7453300509426566,91.86548614501953,1.6033552021758237,78.53319549560547,1.3706628335106954,93.14419555664062,1.6256728915848513,0.38714706897735596,0.0038714706897735596,False,False,0.0,0.0,0.0,0.0,0.59783935546875,0.0,0.59783935546875,0.0,0.0,0.0,0.0,0.0,0.0,0.0,0.0,0.0
1,160,6.522658569039777,6.533008083002642,False,-9.978021621704102,-0.17414933443069458,-97.97801971435547,-1.7100390195846558,91.38461303710938,1.5949623584747314,78.81318664550781,1.375549554824829,93.010986328125,1.6233479976654053,0.7554945054945055,0.007554945054945055,-0.16562050580978394,-1.7450830936431885,1.5937306880950928,1.3689696788787842,1.6246695518493652,0.003576807677745819,-9.489355087280273,-0.16562049016391464,-99.98589324951172,-1.7450830427515518,91.31403350830078,1.5937305379962774,78.4361801147461,1.368969595689623,93.08670043945312,1.6246694124861094,0.3576807677745819,0.003576807677745819,False,False,0.0,0.0,0.0,0.0,0.0,0.0,0.0,0.0,0.0,0.0,0.0,0.0,0.0,0.0,0.0,0.0
1,161,6.555950077017769,6.5663405490340665,False,-9.978021621704102,-0.17414933443069458,-97.97801971435547,-1.7100390195846558,91.38461303710938,1.5949623584747314,78.81318664550781,1.375549554824829,93.010986328125,1.6233479976654053,0.7554945054945055,0.007554945054945055,-0.16243669390678406,-1.746473789215088,1.591725468635559,1.3687763214111328,1.6318837404251099,0.0032746419310569763,-9.306936264038086,-0.16243668108072493,-100.00004577636719,-1.7453300509426566,91.19915008544922,1.591725444011557,78.42510223388672,1.3687762501944833,93.50004577636719,1.6318836495630251,0.32746419310569763,0.0032746419310569763,False,False,0.0,0.0,0.0,0.0,0.06552886962890625,0.0,0.06552886962890625,0.0,0.0,0.0,0.0,0.0,0.0,0.0,0.0,0.0
1,162,6.58955941197928,6.600552962045185,False,-9.978021621704102,-0.17414933443069458,-97.97801971435547,-1.7100390195846558,91.38461303710938,1.5949623584747314,78.81318664550781,1.375549554824829,93.010986328125,1.6233479976654053,0.7554945054945055,0.007554945054945055,-0.1634528487920761,-1.7428014278411865,1.5917856693267822,1.3698064088821411,1.6301424503326416,0.0028122514486312866,-9.365158081054688,-0.16345284348415828,-99.85516357421875,-1.7428013794876263,91.20259857177734,1.5917856314521925,78.48412322998047,1.369806360904126,93.40027618408203,1.6301423416842769,0.28122514486312866,0.0028122514486312866,False,False,0.0,0.0,0.0,0.0,0.0,0.0,0.0,0.0,0.0,0.0,0.0,0.0,0.0,0.0,0.0,0.0
1,163,6.6229653500486165,6.633249294012785,False,-9.978021621704102,-0.17414933443069458,-97.97801971435547,-1.7100390195846558,91.38461303710938,1.5949623584747314,78.81318664550781,1.375549554824829,93.010986328125,1.6233479976654053,0.7554945054945055,0.007554945054945055,-0.16021522879600525,-1.7335211038589478,1.5938242673873901,1.3689405918121338,1.6273564100265503,0.005672469735145569,-9.179656028747559,-0.16021522190219215,-99.32344055175781,-1.7335210620370272,91.31939697265625,1.5938241481085937,78.43451690673828,1.3689405672337411,93.24064636230469,1.6273562757098905,0.5672469735145569,0.005672469735145569,False,False,0.0,0.0,0.0,0.0,0.0,0.0,0.0,0.0,0.0,0.0,0.0,0.0,0.0,0.0,0.0,0.0
1,164,6.656301208073273,6.666959283058532,False,-9.89011001586914,-0.17261497676372528,-97.97801971435547,-1.7100390195846558,91.38461303710938,1.5949623584747314,78.81318664550781,1.375549554824829,93.010986328125,1.6233479976654053,0.7554945054945055,0.007554945054945055,-0.15955163538455963,-1.7431224584579468,1.599230170249939,1.3707765340805054,1.6302276849746704,0.0025338083505630493,-9.141634941101074,-0.15955162873757164,-99.8735580444336,-1.7431224235570353,91.62913513183594,1.5992300988053456,78.53970336914062,1.3707764173311874,93.40515899658203,1.6302275628391594,0.25338083505630493,0.0025338083505630493,False,False,0.0,0.0,0.0,0.0,0.0,0.0,0.0,0.0,0.0,0.0,0.0,0.0,0.0,0.0,0.0,0.0
1,165,6.689750169985928,6.700863694073632,False,-9.714285850524902,-0.16954627633094788,-97.97801971435547,-1.7100390195846558,91.38461303710938,1.5949623584747314,78.81318664550781,1.375549554824829,93.010986328125,1.6233479976654053,0.7554945054945055,0.007554945054945055,-0.16392946243286133,-1.7387630939483643,1.5852973461151123,1.370482325553894,1.6309293508529663,0.004845805466175079,-9.392465591430664,-0.1639294494507416,-99.623779296875,-1.7387629620106302,90.83084106445312,1.585297238930378,78.5228500366211,1.370482271188788,93.44536590576172,1.6309293057863952,0.48458054661750793,0.004845805466175079,False,False,0.0,0.0,0.0,0.0,0.0,0.0,0.0,0.0,0.0,0.0,0.0,0.0,0.0,0.0,0.0,0.0
1,166,6.723065242054872,6.733481756993569,False,-9.626373291015625,-0.16801190376281738,-97.97801971435547,-1.7100390195846558,91.38461303710938,1.5949623584747314,78.81318664550781,1.375549554824829,93.010986328125,1.6233479976654053,0.7554945054945055,0.007554945054945055,-0.16485296189785004,-1.7433913946151733,1.5958086252212524,1.368274450302124,1.648087978363037,0.0031966567039489746,-9.445378303527832,-0.164852950492997,-99.88896179199219,-1.743391269669079,91.43309783935547,1.5958086025948663,78.39634704589844,1.3682743774870578,94.42848205566406,1.6480879195317213,0.31966567039489746,0.0031966567039489746,False,False,0.0,0.0,0.0,0.0,0.0,0.0,0.0,0.0,0.0,0.0,0.0,0.0,0.0,0.0,0.0,0.0
1,167,6.75652989000082,6.766821503057145,False,-9.626373291015625,-0.16801190376281738,-97.97801971435547,-1.7100390195846558,91.38461303710938,1.5949623584747314,78.81318664550781,1.375549554824829,93.010986328125,1.6233479976654053,0.7554945054945055,0.007554945054945055,-0.15958614647388458,-1.732122540473938,1.5852751731872559,1.3672230243682861,1.6325381994247437,0.0033957064151763916,-9.143611907958984,-0.15958613331844498,-99.2433090209961,-1.732122502990572,90.82957458496094,1.5852751346933305,78.33610534667969,1.3672229614886946,93.53754425048828,1.632538121400912,0.33957064151763916,0.0033957064151763916,False,False,0.0,0.0,0.0,0.0,0.0,0.0,0.0,0.0,0.0,0.0,0.0,0.0,0.0,0.0,0.0,0.0
1,168,6.790367341018282,6.800803979043849,False,-9.626373291015625,-0.16801190376281738,-97.97801971435547,-1.7100390195846558,91.38461303710938,1.5949623584747314,78.81318664550781,1.375549554824829,93.0988998413086,1.6248823404312134,0.7554945054945055,0.007554945054945055,-0.16131910681724548,-1.738747000694275,1.5864619016647339,1.3685382604599,1.6315966844558716,0.0030010193586349487,-9.242903709411621,-0.16131910217402998,-99.62285614013672,-1.7387468498860352,90.89756774902344,1.5864618392750698,78.41146087646484,1.3685381635930303,93.48359680175781,1.6315965607975147,0.3001019358634949,0.0030010193586349487,False,False,0.0,0.0,0.0,0.0,0.0,0.0,0.0,0.0,0.0,0.0,0.0,0.0,0.0,0.0,0.0,0.0
1,169,6.823730648029596,6.833987764082849,False,-9.626373291015625,-0.16801190376281738,-97.97801971435547,-1.7100390195846558,91.38461303710938,1.5949623584747314,78.81318664550781,1.375549554824829,93.36264038085938,1.6294854879379272,0.7554945054945055,0.007554945054945055,-0.16323083639144897,-1.7382556200027466,1.5836341381072998,1.367038607597351,1.6427128314971924,0.003048837184906006,-9.352437973022461,-0.16323083571778654,-99.5947036743164,-1.7382554966649155,90.73554992675781,1.5836340948296235,78.3255386352539,1.3670385375832066,94.1205062866211,1.6427127283455598,0.3048837184906006,0.003048837184906006,False,False,0.0,0.0,0.0,0.0,0.0,0.0,0.0,0.0,0.0,0.0,0.0,0.0,0.0,0.0,0.0,0.0
1,170,6.85700524202548,6.867312240996398,False,-9.626373291015625,-0.16801190376281738,-97.97801971435547,-1.7100390195846558,91.38461303710938,1.5949623584747314,78.81318664550781,1.375549554824829,93.36264038085938,1.6294854879379272,0.7554945054945055,0.007554945054945055,-0.15767477452754974,-1.7357836961746216,1.5944722890853882,1.3686119318008423,1.6284643411636353,0.0039327144622802734,-9.034098625183105,-0.1576747659593383,-99.45307159423828,-1.7357835505411041,91.35652923583984,1.5944722283598645,78.41567993164062,1.368611799997171,93.30413055419922,1.6284642838814178,0.39327144622802734,0.0039327144622802734,False,False,0.0,0.0,0.0,0.0,0.0,0.0,0.0,0.0,0.0,0.0,0.0,0.0,0.0,0.0,0.0,0.0
1,171,6.891026676050387,6.901321082026698,False,-9.626373291015625,-0.16801190376281738,-97.97801971435547,-1.7100390195846558,91.38461303710938,1.5949623584747314,78.81318664550781,1.375549554824829,93.36264038085938,1.6294854879379272,0.7554945054945055,0.007554945054945055,-0.16154363751411438,-1.7240291833877563,1.58573579788208,1.3679535388946533,1.633257269859314,0.004686765372753143,-9.255767822265625,-0.16154362329868047,-98.77958679199219,-1.7240290232797668,90.85596466064453,1.5857357284038596,78.37796020507812,1.3679534665757034,93.57874298095703,1.6332571748952336,0.46867653727531433,0.004686765372753143,False,False,0.0,0.0,0.0,0.0,0.0,0.0,0.0,0.0,0.0,0.0,0.0,0.0,0.0,0.0,0.0,0.0
1,172,6.924241258064285,6.934668213012628,False,-9.626373291015625,-0.16801190376281738,-97.97801971435547,-1.7100390195846558,91.38461303710938,1.5949623584747314,78.81318664550781,1.375549554824829,93.36264038085938,1.6294854879379272,0.7554945054945055,0.007554945054945055,-0.16222918033599854,-1.72520911693573,1.5739802122116089,1.3688219785690308,1.6373130083084106,0.002979069948196411,-9.29504680633545,-0.1622291708975373,-98.84719848632812,-1.725209069958781,90.18241882324219,1.5739801358780863,78.42771911621094,1.3688219234071781,93.81111907958984,1.6373129029193152,0.2979069948196411,0.002979069948196411,False,False,0.0,0.0,0.0,0.0,0.0,0.0,0.0,0.0,0.0,0.0,0.0,0.0,0.0,0.0,0.0,0.0
1,173,6.957624564063735,6.967891094041988,False,-9.538461685180664,-0.16647756099700928,-97.97801971435547,-1.7100390195846558,91.38461303710938,1.5949623584747314,78.81318664550781,1.375549554824829,93.36264038085938,1.6294854879379272,0.7554945054945055,0.007554945054945055,-0.16344702243804932,-1.7183830738067627,1.5577675104141235,1.3672544956207275,1.6410022974014282,0.005110032856464386,-9.364824295043945,-0.16344701781927373,-98.45609283447266,-1.7183829886107442,89.25350189208984,1.5577674769519565,78.33790588378906,1.3672543867895575,94.02249908447266,1.641002179977402,0.5110032856464386,0.005110032856464386,False,False,0.0,0.0,0.0,0.0,0.0,0.0,0.0,0.0,0.0,0.0,0.0,0.0,0.0,0.0,0.0,0.0
1,174,6.992226392030716,7.002459651092067,False,-9.538461685180664,-0.16647756099700928,-97.97801971435547,-1.7100390195846558,91.38461303710938,1.5949623584747314,78.81318664550781,1.375549554824829,93.36264038085938,1.6294854879379272,0.7554945054945055,0.007554945054945055,-0.16557076573371887,-1.689331293106079,1.4783858060836792,1.3699363470077515,1.6424055099487305,0.004525817930698395,-9.486505508422852,-0.16557075563055743,-96.79154968261719,-1.6893312300693424,87.38461303710938,1.5251492130787205,78.49156951904297,1.3699363231653219,94.10289764404297,1.6424053995557648,0.4525817930698395,0.004525817930698395,False,False,0.0,0.0,0.0,0.0,0.0,0.0,0.0,0.0,2.679351806640625,2.679351806640625,0.0,0.0,0.0,0.0,0.0,0.0
1,175,7.024547693086788,7.034860927029513,False,-9.538461685180664,-0.16647756099700928,-97.97801971435547,-1.7100390195846558,91.38461303710938,1.5949623584747314,78.81318664550781,1.375549554824829,93.36264038085938,1.6294854879379272,0.7554945054945055,0.007554945054945055,-0.167841836810112,-1.6500773429870605,1.4158523082733154,1.3710423707962036,1.6358036994934082,0.006371006369590759,-9.616628646850586,-0.16784183282914975,-94.54246520996094,-1.6500773008660106,87.38461303710938,1.5251492130787205,78.55493927001953,1.3710423339660318,93.72463989257812,1.6358035563715128,0.6371006369590759,0.006371006369590759,False,False,0.0,0.0,0.0,0.0,0.0,0.0,0.0,0.0,6.2622528076171875,6.2622528076171875,0.0,0.0,0.0,0.0,0.0,0.0
1,176,7.0581508070463315,7.070980410091579,False,-9.538461685180664,-0.16647756099700928,-97.97801971435547,-1.7100390195846558,91.03296661376953,1.588824987411499,78.81318664550781,1.375549554824829,93.36264038085938,1.6294854879379272,0.7554945054945055,0.007554945054945055,-0.16842298209667206,-1.6172902584075928,1.3308545351028442,1.3701558113098145,1.635902762413025,0.005622506141662598,-9.649925231933594,-0.16842296786851865,-93.97801971435547,-1.6402258685196438,87.03296661376953,1.5190118251885782,78.50414276123047,1.3701557676391443,93.73031616210938,1.6359026259640637,0.5622506141662598,0.005622506141662598,False,False,0.0,0.0,0.0,0.0,0.0,1.314117431640625,1.314117431640625,0.0,10.780624389648438,10.780624389648438,0.0,0.0,0.0,0.0,0.0,0.0
1,177,7.091621892992407,7.103381533990614,False,-9.450549125671387,-0.16494320333003998,-97.010986328125,-1.693161129951477,90.76923370361328,1.5842219591140747,78.81318664550781,1.375549554824829,93.36264038085938,1.6294854879379272,0.7554945054945055,0.007554945054945055,-0.16641491651535034,-1.545186996459961,1.2453395128250122,1.3712457418441772,1.6373214721679688,0.005762472748756409,-9.534872055053711,-0.16641491111708528,-93.010986328125,-1.6233479519532121,86.76923370361328,1.5144088175604853,78.56658935546875,1.3712456663152592,93.81160736083984,1.6373214250348034,0.5762472748756409,0.005762472748756409,False,False,0.0,0.0,0.0,0.0,0.0,4.478294372558594,4.478294372558594,0.0,15.416542053222656,15.416542053222656,0.0,0.0,0.0,0.0,0.0,0.0
1,178,7.12509621004574,7.136122266994789,False,-9.450549125671387,-0.16494320333003998,-96.48351287841797,-1.6839549541473389,90.68132019042969,1.5826876163482666,78.81318664550781,1.375549554824829,93.36264038085938,1.6294854879379272,0.7554945054945055,0.007554945054945055,-0.1720954179763794,-1.4675054550170898,1.1733571290969849,1.370837926864624,1.6373916864395142,0.0064659565687179565,-9.860340118408203,-0.17209540043271068,-92.48351287841797,-1.6141418035389719,86.68132019042969,1.5128744372984362,78.54322052001953,1.3708378031943136,93.81562805175781,1.637391599329527,0.6465956568717957,0.0064659565687179565,False,False,0.0,0.0,0.0,0.0,0.0,8.401649475097656,8.401649475097656,0.0,19.452911376953125,19.452911376953125,0.0,0.0,0.0,0.0,0.0,0.0
1,179,7.158539261086844,7.168987139011733,False,-9.450549125671387,-0.16494320333003998,-95.34066009521484,-1.664008378982544,90.5934066772461,1.5811532735824585,78.81318664550781,1.375549554824829,93.36264038085938,1.6294854879379272,0.7554945054945055,0.007554945054945055,-0.16653679311275482,-1.5899471044540405,1.3184330463409424,1.371229887008667,1.6308681964874268,0.005671024322509766,-9.541854858398438,-0.16653678402647004,-91.34066009521484,-1.5941952596064963,86.5934066772461,1.511340057036387,78.56568145751953,1.3712298205067732,93.44185638427734,1.6308680530813235,0.5671024322509766,0.005671024322509766,False,False,0.0,0.0,0.0,0.0,0.0,0.243408203125,0.243408203125,0.0,11.052764892578125,11.052764892578125,0.0,0.0,0.0,0.0,0.0,0.0
1,180,7.191892478032969,7.356674108072184,False,-9.450549125671387,-0.16494320333003998,-94.54945373535156,-1.650199294090271,90.5934066772461,1.5811532735824585,78.81318664550781,1.375549554824829,93.36264038085938,1.6294854879379272,0.7554945054945055,0.007554945054945055,-0.1628561168909073,-1.6951451301574707,1.5912801027297974,1.3687949180603027,1.6408284902572632,0.00024656206369400024,-9.330967903137207,-0.1628561123076556,-97.1246566772461,-1.69514504388704,91.17362976074219,1.5912800303192411,78.4261703491211,1.3687948923221138,94.01254272460938,1.6408284087162743,0.024656206369400024,0.00024656206369400024,False,False,0.0,0.0,0.0,0.0,0.0,0.0,0.0,0.0,0.0,0.0,0.0,0.0,0.0,0.0,0.0,0.0
1,181,7.35821597406175,7.369084240985103,False,-9.450549125671387,-0.16494320333003998,-92.26373291015625,-1.610305905342102,90.5934066772461,1.5811532735824585,78.81318664550781,1.375549554824829,93.36264038085938,1.6294854879379272,0.7554945054945055,0.007554945054945055,-0.16093601286411285,-1.6968848705291748,1.5944328308105469,1.3664023876190186,1.6328297853469849,6.648153066635132e-05,-9.220953941345215,-0.16093600645122208,-96.26373291015625,-1.6801190895426492,91.35426330566406,1.594432680417677,78.2890853881836,1.3664023083987866,93.55425262451172,1.6328297375402758,0.006648153066635132,6.648153066635132e-05,False,False,0.0,0.0,0.0,0.0,0.0,0.960601806640625,0.960601806640625,0.0,0.0,0.0,0.0,0.0,0.0,0.0,0.0,0.0
1,182,7.391786443069577,7.403173539089039,False,-9.450549125671387,-0.16494320333003998,-92.17582702636719,-1.6087716817855835,90.5934066772461,1.5811532735824585,78.81318664550781,1.375549554824829,93.36264038085938,1.6294854879379272,0.7554945054945055,0.007554945054945055,-0.16445505619049072,-1.713377833366394,1.5974076986312866,1.368679165840149,1.6303749084472656,3.142654895782471e-05,-9.422579765319824,-0.16445504093662555,-96.17582702636719,-1.6785848424386547,91.52471160888672,1.5974075645133499,78.4195327758789,1.3686790448146955,93.4135971069336,1.6303748356474408,0.0031426548957824707,3.142654895782471e-05,False,False,0.0,0.0,0.0,0.0,0.0,1.9934844970703125,1.9934844970703125,0.0,0.0,0.0,0.0,0.0,0.0,0.0,0.0,0.0
1,183,7.42494448099751,7.435562397004105,False,-9.450549125671387,-0.16494320333003998,-92.17582702636719,-1.6087716817855835,90.5934066772461,1.5811532735824585,78.81318664550781,1.375549554824829,93.36264038085938,1.6294854879379272,0.7554945054945055,0.007554945054945055,-0.16071723401546478,-1.7062371969223022,1.586840033531189,1.3688569068908691,1.6344761848449707,-0.00012570619583129883,-9.208418846130371,-0.16071722776767208,-96.17582702636719,-1.6785848424386547,90.91923522949219,1.586840008149861,78.42971801757812,1.3688568108174581,93.6485824584961,1.6344761037261628,0.0,0.0,True,False,0.012570619583129883,0.0,0.0,0.0,0.0,1.5843582153320312,1.5843582153320312,0.0,0.0,0.0,0.0,0.0,0.0,0.0,0.0,0.0
1,184,7.459701172076166,7.47005673206877,False,-9.450549125671387,-0.16494320333003998,-93.5824203491211,-1.6333212852478027,91.38461303710938,1.5949623584747314,78.81318664550781,1.375549554824829,93.36264038085938,1.6294854879379272,0.6868131868131868,0.006868131868131868,-0.1656026542186737,-1.7131214141845703,1.5899659395217896,1.3695831298828125,1.6358600854873657,-2.956390380859375e-05,-9.488332748413086,-0.16560264698461113,-97.5824203491211,-1.7031345271572775,91.09833526611328,1.5899658934793415,78.47132873535156,1.3695830548467227,93.72787475585938,1.6358600153866225,0.0,0.0,True,False,0.002956390380859375,0.0,0.0,0.0,0.0,0.57220458984375,0.57220458984375,0.0,0.0,0.0,0.0,0.0,0.0,0.0,0.0,0.0
1,185,7.493153086048551,7.503880401025526,False,-9.450549125671387,-0.16494320333003998,-94.63735961914062,-1.6517335176467896,91.47252655029297,1.5964967012405396,78.81318664550781,1.375549554824829,93.36264038085938,1.6294854879379272,0.6868131868131868,0.006868131868131868,-0.16159465909004211,-1.7184154987335205,1.6027014255523682,1.3690714836120605,1.634163498878479,0.0005996599793434143,-9.258691787719727,-0.1615946561230691,-98.45794677734375,-1.7184153460179887,91.8280258178711,1.6027013961282093,78.4420166015625,1.3690714616013187,93.63066864013672,1.6341634486141874,0.05996599793434143,0.0005996599793434143,False,False,0.0,0.0,0.0,0.0,0.0,0.0,0.0,0.0,0.0,0.0,0.0,0.0,0.0,0.0,0.0,0.0
1,186,7.526450350065716,7.5368866950739175,False,-9.450549125671387,-0.16494320333003998,-95.6043930053711,-1.6686114072799683,91.47252655029297,1.5964967012405396,78.81318664550781,1.375549554824829,93.36264038085938,1.6294854879379272,0.6868131868131868,0.006868131868131868,-0.16390109062194824,-1.701970100402832,1.5898594856262207,1.367672085762024,1.637645959854126,0.0013539418578147888,-9.390840530395508,-0.16390108678513224,-97.51570129394531,-1.7019700599706404,91.09223175048828,1.5898593670357384,78.36183166503906,1.3676719704484819,93.8302001953125,1.6376459312136296,0.13539418578147888,0.0013539418578147888,False,False,0.0,0.0,0.0,0.0,0.0,0.0,0.0,0.0,0.0,0.0,0.0,0.0,0.0,0.0,0.0,0.0
1,187,7.5596963330172,7.570129536092281,False,-9.450549125671387,-0.16494320333003998,-95.86813354492188,-1.6732145547866821,91.47252655029297,1.5964967012405396,78.81318664550781,1.375549554824829,93.36264038085938,1.6294854879379272,0.6868131868131868,0.006868131868131868,-0.15762941539287567,-1.7112574577331543,1.5945631265640259,1.3673770427703857,1.6362745761871338,0.00083942711353302,-9.031499862670898,-0.15762940899702288,-98.04782104492188,-1.7112573016400738,91.36173248291016,1.5945630421530361,78.34493255615234,1.3673770253577557,93.75162506103516,1.6362745364102933,0.083942711353302,0.00083942711353302,False,False,0.0,0.0,0.0,0.0,0.0,0.0,0.0,0.0,0.0,0.0,0.0,0.0,0.0,0.0,0.0,0.0
1,188,7.593224834068678,7.603397809085436,False,-9.450549125671387,-0.16494320333003998,-96.30769348144531,-1.6808863878250122,91.47252655029297,1.5964967012405396,78.81318664550781,1.375549554824829,93.36264038085938,1.6294854879379272,0.6868131868131868,0.006868131868131868,-0.16192176938056946,-1.7076992988586426,1.581386685371399,1.3692342042922974,1.6369483470916748,0.0011695921421051025,-9.277433395385742,-0.1619217588839581,-97.84395599365234,-1.7076991852656733,90.60678100585938,1.5813866531857057,78.45133972167969,1.3692341807439223,93.79022979736328,1.6369483161660834,0.11695921421051025,0.0011695921421051025,False,False,0.0,0.0,0.0,0.0,0.0,0.0,0.0,0.0,0.0,0.0,0.0,0.0,0.0,0.0,0.0,0.0
1,189,7.626878981012851,7.637357376050204,False,-9.450549125671387,-0.16494320333003998,-96.3956069946289,-1.6824207305908203,91.47252655029297,1.5964967012405396,78.81318664550781,1.375549554824829,93.36264038085938,1.6294854879379272,0.6868131868131868,0.006868131868131868,-0.1622183620929718,-1.692762017250061,1.5890763998031616,1.368186593055725,1.642071008682251,-0.0008111894130706787,-9.294426918029785,-0.16221835180560887,-96.98811340332031,-1.6927619141855825,91.04736328125,1.5890762645172005,78.39131164550781,1.3681864931710852,94.08373260498047,1.6420709065228507,0.0,0.0,True,False,0.08111894130706787,0.0,0.0,0.0,0.0,0.0,0.0,0.0,0.0,0.0,0.0,0.0,0.0,0.0,0.0,0.0
1,190,7.6602743320399895,7.673061546985991,False,-9.450549125671387,-0.16494320333003998,-96.48351287841797,-1.6839549541473389,91.47252655029297,1.5964967012405396,78.81318664550781,1.375549554824829,93.36264038085938,1.6294854879379272,0.6868131868131868,0.006868131868131868,-0.16660985350608826,-1.687578797340393,1.5587844848632812,1.3661105632781982,1.6371090412139893,0.00043275952339172363,-9.546040534973145,-0.16660983786412228,-96.6911392211914,-1.6875787369140158,89.311767578125,1.5587844050142032,78.2723617553711,1.3661104259433139,93.79943084716797,1.637108904779815,0.04327595233917236,0.00043275952339172363,False,False,0.0,0.0,0.0,0.0,0.0,0.0,0.0,0.0,0.0,0.0,0.0,0.0,0.0,0.0,0.0,0.0
1,191,7.6938604530878365,7.707686398061924,False,-9.450549125671387,-0.16494320333003998,-96.48351287841797,-1.6839549541473389,91.47252655029297,1.5964967012405396,78.81318664550781,1.375549554824829,93.36264038085938,1.6294854879379272,0.6868131868131868,0.006868131868131868,-0.1652618646621704,-1.6953858137130737,1.5741046667099,1.367431879043579,1.6332008838653564,0.0011102035641670227,-9.468807220458984,-0.16526186223362185,-97.13844299316406,-1.6953856604915285,90.1895523071289,1.5741046386590476,78.34806823730469,1.3674317533181568,93.57551574707031,1.6332008490381784,0.11102035641670227,0.0011102035641670227,False,False,0.0,0.0,0.0,0.0,0.0,0.0,0.0,0.0,0.0,0.0,0.0,0.0,0.0,0.0,0.0,0.0
1,192,7.727155070984736,7.737833345076069,False,-9.450549125671387,-0.16494320333003998,-96.48351287841797,-1.6839549541473389,91.47252655029297,1.5964967012405396,78.81318664550781,1.375549554824829,93.36264038085938,1.6294854879379272,0.6868131868131868,0.006868131868131868,-0.16833201050758362,-1.6864491701126099,1.5514181852340698,1.367019534111023,1.6336370706558228,0.0008829236030578613,-9.644713401794434,-0.16833200427253564,-96.62641143798828,-1.6864490239796042,88.88970947265625,1.551418101439044,78.32444763183594,1.3670194959814126,93.60050201416016,1.6336369416666787,0.08829236030578613,0.0008829236030578613,False,False,0.0,0.0,0.0,0.0,0.0,0.0,0.0,0.0,0.0,0.0,0.0,0.0,0.0,0.0,0.0,0.0
1,193,7.760630912031047,7.7715195450000465,False,-9.450549125671387,-0.16494320333003998,-96.48351287841797,-1.6839549541473389,91.38461303710938,1.5949623584747314,78.81318664550781,1.375549554824829,93.36264038085938,1.6294854879379272,0.6868131868131868,0.006868131868131868,-0.16583403944969177,-1.687017798423767,1.5361125469207764,1.3672288656234741,1.6366959810256958,0.0030241236090660095,-9.50158977508545,-0.16583402574906858,-96.65899658203125,-1.6870177420303907,88.01276397705078,1.536112515180195,78.33644104003906,1.3672288204430927,93.77576446533203,1.6366958484947438,0.30241236090660095,0.0030241236090660095,False,False,0.0,0.0,0.0,0.0,0.0,0.0,0.0,0.0,0.0,0.0,0.0,0.0,0.0,0.0,0.0,0.0
1,194,7.794035913073458,7.805507506011054,False,-9.450549125671387,-0.16494320333003998,-96.48351287841797,-1.6839549541473389,91.38461303710938,1.5949623584747314,78.81318664550781,1.375549554824829,93.36264038085938,1.6294854879379272,0.6868131868131868,0.006868131868131868,-0.17681407928466797,-1.5328770875930786,1.2888644933700562,1.368955373764038,1.6400434970855713,0.0025814995169639587,-10.13070011138916,-0.17681407247589714,-92.48351287841797,-1.6141418035389719,87.38461303710938,1.5251492130787205,78.43536376953125,1.3689553477777912,93.96756744384766,1.6400434419849734,0.2581499516963959,0.0025814995169639587,False,False,0.0,0.0,0.0,0.0,0.0,4.6561279296875,4.6561279296875,0.0,13.538124084472656,13.538124084472656,0.0,0.0,0.0,0.0,0.0,0.0
1,195,7.827589440043084,7.838100604014471,False,-9.450549125671387,-0.16494320333003998,-96.48351287841797,-1.6839549541473389,91.12088012695312,1.5903593301773071,78.81318664550781,1.375549554824829,93.36264038085938,1.6294854879379272,0.6868131868131868,0.006868131868131868,-0.17362581193447113,-1.542186975479126,1.290014624595642,1.3699790239334106,1.6354762315750122,0.0030522421002388,-9.948025703430176,-0.17362580259788152,-92.48351287841797,-1.6141418035389719,87.12088012695312,1.5205462054506276,78.49401092529297,1.369978933742763,93.70587921142578,1.6354761207154875,0.30522421002388,0.0030522421002388,False,False,0.0,0.0,0.0,0.0,0.0,4.122711181640625,4.122711181640625,0.0,13.208488464355469,13.208488464355469,0.0,0.0,0.0,0.0,0.0,0.0
1,196,7.860917043988593,7.8715462000109255,False,-9.450549125671387,-0.16494320333003998,-96.3956069946289,-1.6824207305908203,90.94505310058594,1.587290644645691,78.81318664550781,1.375549554824829,93.36264038085938,1.6294854879379272,0.6868131868131868,0.006868131868131868,-0.16806940734386444,-1.5687334537506104,1.3181090354919434,1.3686989545822144,1.6367156505584717,0.002843499183654785,-9.629667282104492,-0.168069399944297,-92.3956069946289,-1.612607556434977,86.94505310058594,1.5174774449265291,78.42066955566406,1.3686988853648165,93.77689361572266,1.6367155558868105,0.2843499183654785,0.002843499183654785,False,False,0.0,0.0,0.0,0.0,0.0,2.5138092041015625,2.5138092041015625,0.0,11.4229736328125,11.4229736328125,0.0,0.0,0.0,0.0,0.0,0.0
1,197,7.89512793708127,7.905862285988405,False,-9.450549125671387,-0.16494320333003998,-95.69230651855469,-1.6701457500457764,90.94505310058594,1.587290644645691,78.81318664550781,1.375549554824829,93.36264038085938,1.6294854879379272,0.6868131868131868,0.006868131868131868,-0.16686083376407623,-1.5786572694778442,1.353761911392212,1.3681596517562866,1.639083743095398,0.0021331459283828735,-9.560420989990234,-0.16686082415210543,-91.69230651855469,-1.6003326474966384,86.94505310058594,1.5174774449265291,78.3897705078125,1.3681595952440755,93.9125747680664,1.639083638728109,0.21331459283828735,0.0021331459283828735,False,False,0.0,0.0,0.0,0.0,0.0,1.241912841796875,1.241912841796875,0.0,9.380210876464844,9.380210876464844,0.0,0.0,0.0,0.0,0.0,0.0
1,198,7.928589586052112,7.938953000004403,False,-9.450549125671387,-0.16494320333003998,-94.28571319580078,-1.6455961465835571,90.85713958740234,1.5857561826705933,78.81318664550781,1.375549554824829,93.36264038085938,1.6294854879379272,0.6868131868131868,0.006868131868131868,-0.17046408355236053,-1.6165004968643188,1.4107944965362549,1.367380976676941,1.6366522312164307,0.0029389411211013794,-9.76687240600586,-0.17046408110698263,-92.61865234375,-1.6165004321584004,86.85713958740234,1.51594306466448,78.34515380859375,1.3673808869413362,93.77326202392578,1.6366521726528664,0.29389411211013794,0.0029389411211013794,False,False,0.0,0.0,0.0,0.0,0.0,0.0,0.0,0.0,6.024574279785156,6.024574279785156,0.0,0.0,0.0,0.0,0.0,0.0
1,199,7.962011655094102,7.97308870498091,False,-9.450549125671387,-0.16494320333003998,-92.96703338623047,-1.6225807666778564,90.76923370361328,1.5842219591140747,78.81318664550781,1.375549554824829,93.36264038085938,1.6294854879379272,0.6868131868131868,0.006868131868131868,-0.1701943427324295,-1.6507434844970703,1.507637858390808,1.3652952909469604,1.6349751949310303,0.0027836784720420837,-9.75141716003418,-0.17019433617807125,-94.58062744140625,-1.6507433574546393,86.76923370361328,1.5144088175604853,78.22565460205078,1.3652952323336407,93.67716979980469,1.634975046956389,0.2783678472042084,0.0027836784720420837,False,False,0.0,0.0,0.0,0.0,0.0,0.0,0.0,0.0,0.3879547119140625,0.3879547119140625,0.0,0.0,0.0,0.0,0.0,0.0
1,200,7.995432022027671,8.006205614074133,False,-9.450549125671387,-0.16494320333003998,-92.79120635986328,-1.6195120811462402,90.68132019042969,1.5826876163482666,78.81318664550781,1.375549554824829,93.36264038085938,1.6294854879379272,0.6868131868131868,0.006868131868131868,-0.16414111852645874,-1.6628773212432861,1.519713044166565,1.3665690422058105,1.634461760520935,0.002987965941429138,-9.404592514038086,-0.16414110417837563,-95.27584838867188,-1.6628772520132584,87.07313537597656,1.5197129023455418,78.29863739013672,1.3665690222830256,93.64775848388672,1.6344617226562763,0.2987965941429138,0.002987965941429138,False,False,0.0,0.0,0.0,0.0,0.0,0.0,0.0,0.0,0.0,0.0,0.0,0.0,0.0,0.0,0.0,0.0
1,201,8.028927783016115,8.041680856025778,False,-9.538461685180664,-0.16647756099700928,-93.31867980957031,-1.6287182569503784,90.68132019042969,1.5826876163482666,78.81318664550781,1.375549554824829,93.36264038085938,1.6294854879379272,0.6868131868131868,0.006868131868131868,-0.16382476687431335,-1.6835765838623047,1.5493754148483276,1.3657292127609253,1.6371289491653442,0.0032275542616844177,-9.386466979980469,-0.16382475393038784,-96.46183013916016,-1.6835765384278447,88.77266693115234,1.5493753237248988,78.25051879882812,1.3657291944332692,93.80057525634766,1.6371288784879907,0.3227554261684418,0.0032275542616844177,False,False,0.0,0.0,0.0,0.0,0.0,0.0,0.0,0.0,0.0,0.0,0.0,0.0,0.0,0.0,0.0,0.0
1,202,8.062670099083334,8.076957655022852,False,-9.538461685180664,-0.16647756099700928,-93.93406677246094,-1.6394587755203247,90.68132019042969,1.5826876163482666,78.81318664550781,1.375549554824829,93.36264038085938,1.6294854879379272,0.6868131868131868,0.006868131868131868,-0.1624082326889038,-1.6774169206619263,1.5278570652008057,1.3628857135772705,1.6299694776535034,0.0031424686312675476,-9.305305480957031,-0.1624082185465747,-96.10890197753906,-1.6774167799845459,87.53975677490234,1.5278569821170584,78.08759307861328,1.3628856041793371,93.39036560058594,1.6299693693714763,0.31424686312675476,0.0031424686312675476,False,False,0.0,0.0,0.0,0.0,0.0,0.0,0.0,0.0,0.0,0.0,0.0,0.0,0.0,0.0,0.0,0.0
1,203,8.095734942005947,8.109014548012055,False,-9.538461685180664,-0.16647756099700928,-94.37362670898438,-1.6471304893493652,90.68132019042969,1.5826876163482666,78.81318664550781,1.375549554824829,93.36264038085938,1.6294854879379272,0.6868131868131868,0.006868131868131868,-0.1607518345117569,-1.6831178665161133,1.5547723770141602,1.3628597259521484,1.635756015777588,0.002987384796142578,-9.21040153503418,-0.1607518322170863,-96.435546875,-1.6831178089300785,89.08189392089844,1.5547723528319988,78.08610534667969,1.3628596383587088,93.72190856933594,1.6357558857880004,0.2987384796142578,0.002987384796142578,False,False,0.0,0.0,0.0,0.0,0.0,0.0,0.0,0.0,0.0,0.0,0.0,0.0,0.0,0.0,0.0,0.0
1,204,8.129172980086878,8.140059357043356,False,-9.538461685180664,-0.16647756099700928,-94.9011001586914,-1.6563366651535034,90.68132019042969,1.5826876163482666,78.81318664550781,1.375549554824829,93.36264038085938,1.6294854879379272,0.6868131868131868,0.006868131868131868,-0.159123957157135,-1.682685375213623,1.5387042760849,1.3632874488830566,1.6378693580627441,0.003596685826778412,-9.117130279541016,-0.15912394171126173,-96.4107666015625,-1.6826853115690497,88.1612548828125,1.5387041703950057,78.11061096191406,1.3632873420297755,93.8429946899414,1.6378692372710328,0.3596685826778412,0.003596685826778412,False,False,0.0,0.0,0.0,0.0,0.0,0.0,0.0,0.0,0.0,0.0,0.0,0.0,0.0,0.0,0.0,0.0
1,205,8.16274182102643,8.17362304998096,False,-9.538461685180664,-0.16647756099700928,-95.25274658203125,-1.6624740362167358,90.68132019042969,1.5826876163482666,78.81318664550781,1.375549554824829,93.36264038085938,1.6294854879379272,0.6868131868131868,0.006868131868131868,-0.16694317758083344,-1.6233347654342651,1.4943623542785645,1.3635039329528809,1.6411972045898438,0.003836296498775482,-9.565138816833496,-0.16694316576405932,-93.01022338867188,-1.6233346361477619,86.68132019042969,1.5128744372984362,78.12301635742188,1.3635038570263989,94.0336685180664,1.6411971233691958,0.3836296498775482,0.003836296498775482,False,False,0.0,0.0,0.0,0.0,0.0,0.0,0.0,0.0,1.0606689453125,1.0606689453125,0.0,0.0,0.0,0.0,0.0,0.0
1,206,8.196020769071765,8.207556396024302,False,-9.538461685180664,-0.16647756099700928,-95.34066009521484,-1.664008378982544,90.68132019042969,1.5826876163482666,78.81318664550781,1.375549554824829,93.36264038085938,1.6294854879379272,0.6868131868131868,0.006868131868131868,-0.16400352120399475,-1.6433520317077637,1.5182006359100342,1.3628689050674438,1.632003664970398,0.0034156665205955505,-9.396709442138672,-0.1640035186185594,-94.1571273803711,-1.6433518870071788,86.98648071289062,1.5182004931624857,78.08663177490234,1.3628688262644695,93.50691986083984,1.6320036249701333,0.34156665205955505,0.0034156665205955505,False,False,0.0,0.0,0.0,0.0,0.0,0.0,0.0,0.0,0.0,0.0,0.0,0.0,0.0,0.0,0.0,0.0
1,207,8.229604564025067,8.241620664019138,False,-9.538461685180664,-0.16647756099700928,-95.34066009521484,-1.664008378982544,90.5934066772461,1.5811532735824585,78.81318664550781,1.375549554824829,93.36264038085938,1.6294854879379272,0.6868131868131868,0.006868131868131868,-0.15868836641311646,-1.6104414463043213,1.4450006484985352,1.3632004261016846,1.637430191040039,0.0029643848538398743,-9.09217357635498,-0.15868836507022246,-92.27149200439453,-1.6104413412043066,86.5934066772461,1.511340057036387,78.10562896728516,1.3632003898201843,93.81783294677734,1.6374300820072787,0.2964384853839874,0.0029643848538398743,False,False,0.0,0.0,0.0,0.0,0.0,0.0,0.0,0.0,3.8009719848632812,3.8009719848632812,0.0,0.0,0.0,0.0,0.0,0.0
1,208,8.262987637077458,8.274318622075953,False,-9.538461685180664,-0.16647756099700928,-95.25274658203125,-1.6624740362167358,90.5934066772461,1.5811532735824585,78.81318664550781,1.375549554824829,93.36264038085938,1.6294854879379272,0.6868131868131868,0.006868131868131868,-0.16037708520889282,-1.4568313360214233,1.296336054801941,1.363271713256836,1.6383850574493408,0.004137113690376282,-9.188929557800293,-0.1603770755174417,-91.25274658203125,-1.5926608793444472,86.5934066772461,1.511340057036387,78.10971069335938,1.363271629379344,93.87254333496094,1.6383849584161265,0.4137113690376282,0.004137113690376282,False,False,0.0,0.0,0.0,0.0,0.0,7.782463073730469,7.782463073730469,0.0,12.318824768066406,12.318824768066406,0.0,0.0,0.0,0.0,0.0,0.0
1,209,8.296302539063618,8.307785718003288,False,-9.538461685180664,-0.16647756099700928,-94.63735961914062,-1.6517335176467896,90.5934066772461,1.5811532735824585,78.81318664550781,1.375549554824829,93.36264038085938,1.6294854879379272,0.6868131868131868,0.006868131868131868,-0.1657096892595291,-1.3657680749893188,1.2030808925628662,1.3646045923233032,1.6303844451904297,0.004812940955162048,-9.494464874267578,-0.1657096727709187,-90.63735961914062,-1.5819203506681576,86.5934066772461,1.511340057036387,78.18608093261719,1.3646045415049286,93.41413879394531,1.6303842898693106,0.48129409551620483,0.004812940955162048,False,False,0.0,0.0,0.0,0.0,0.0,12.384620666503906,12.384620666503906,0.0,17.661949157714844,17.661949157714844,0.0,0.0,0.0,0.0,0.0,0.0
1,210,8.33012229099404,8.495925851981156,False,-9.538461685180664,-0.16647756099700928,-93.4945068359375,-1.6317869424819946,90.5934066772461,1.5811532735824585,78.81318664550781,1.375549554824829,93.36264038085938,1.6294854879379272,0.6868131868131868,0.006868131868131868,-0.15777553617954254,-1.6770246028900146,1.5911297798156738,1.3665060997009277,1.6338586807250977,0.0012158006429672241,-9.039872169494629,-0.1577755333170842,-96.08642578125,-1.6770244963559773,91.1650161743164,1.591129694875706,78.29502868652344,1.3665060385232453,93.61320495605469,1.633858649827428,0.12158006429672241,0.0012158006429672241,False,False,0.0,0.0,0.0,0.0,0.0,0.0,0.0,0.0,0.0,0.0,0.0,0.0,0.0,0.0,0.0,0.0
1,211,8.497373239020817,8.508392982999794,False,-9.538461685180664,-0.16647756099700928,-91.82417297363281,-1.6026341915130615,90.5934066772461,1.5811532735824585,78.81318664550781,1.375549554824829,93.36264038085938,1.6294854879379272,0.6868131868131868,0.006868131868131868,-0.16015921533107758,-1.7078338861465454,1.6058604717254639,1.368768572807312,1.6343872547149658,-0.0003840029239654541,-9.176446914672852,-0.1601592122955164,-95.82417297363281,-1.672447321390458,92.00902557373047,1.6058604378132613,78.4246597290039,1.368768527027322,93.64348602294922,1.6343871541457542,0.0,0.0,True,False,0.03840029239654541,0.0,0.0,0.0,0.0,2.027496337890625,2.027496337890625,0.0,0.0,0.0,0.0,0.0,0.0,0.0,0.0,0.0
1,212,8.531020142021589,8.543458237079903,False,-9.538461685180664,-0.16647756099700928,-91.64835357666016,-1.5995655059814453,90.5934066772461,1.5811532735824585,78.81318664550781,1.375549554824829,93.36264038085938,1.6294854879379272,0.6868131868131868,0.006868131868131868,-0.15939100086688995,-1.7029129266738892,1.5992159843444824,1.368343710899353,1.6397640705108643,-0.0010861754417419434,-9.132431030273438,-0.15939099018956943,-95.64835357666016,-1.6693786940244142,91.6283187866211,1.5992158508935137,78.40031433105469,1.3683436196754,93.95155334472656,1.6397639432285696,0.0,0.0,True,False,0.10861754417419434,0.0,0.0,0.0,0.0,1.9213638305664062,1.9213638305664062,0.0,0.0,0.0,0.0,0.0,0.0,0.0,0.0,0.0
1,213,8.564626193023287,8.578436417039484,False,-9.538461685180664,-0.16647756099700928,-91.56044006347656,-1.5980311632156372,90.68132019042969,1.5826876163482666,78.81318664550781,1.375549554824829,93.36264038085938,1.6294854879379272,0.6868131868131868,0.006868131868131868,-0.15788303315639496,-1.7029619216918945,1.5978050231933594,1.3674180507659912,1.6367160081863403,0.0010783374309539795,-9.04603099822998,-0.1578830251565825,-95.56044006347656,-1.667844313762365,91.54747772216797,1.5978049081479897,78.34728240966797,1.3674180380385428,93.77691650390625,1.636715955360974,0.10783374309539795,0.0010783374309539795,False,False,0.0,0.0,0.0,0.0,0.0,2.0120849609375,2.0120849609375,0.0,0.0,0.0,0.0,0.0,0.0,0.0,0.0,0.0
1,214,8.597750371089205,8.611713618040085,False,-9.538461685180664,-0.16647756099700928,-93.05494689941406,-1.624115228652954,91.38461303710938,1.5949623584747314,78.81318664550781,1.375549554824829,93.36264038085938,1.6294854879379272,0.6868131868131868,0.006868131868131868,-0.1549401432275772,-1.709600806236267,1.5981652736663818,1.3687514066696167,1.6301392316818237,-0.0001967102289199829,-8.877415657043457,-0.15494013228350406,-97.05494689941406,-1.6939283787430373,91.56812286376953,1.5981652338434773,78.42367553710938,1.368751349638291,93.40009307861328,1.6301391458909686,0.0,0.0,True,False,0.01967102289199829,0.0,0.0,0.0,0.0,0.8979568481445312,0.8979568481445312,0.0,0.0,0.0,0.0,0.0,0.0,0.0,0.0,0.0
1,215,8.631283633993007,8.643121442990378,False,-9.538461685180664,-0.16647756099700928,-94.10989379882812,-1.642527461051941,91.64835357666016,1.5995655059814453,78.81318664550781,1.375549554824829,93.36264038085938,1.6294854879379272,0.6868131868131868,0.006868131868131868,-0.15528170764446259,-1.7053260803222656,1.599936842918396,1.365067481994629,1.636855125427246,0.0006318092346191406,-8.89698600769043,-0.15528169933806354,-97.7079849243164,-1.7053260424183039,91.66962432861328,1.599936768600598,78.21260070800781,1.3650673989023845,93.78488159179688,1.636854972369876,0.06318092346191406,0.0006318092346191406,False,False,0.0,0.0,0.0,0.0,0.0,0.0,0.0,0.0,0.0,0.0,0.0,0.0,0.0,0.0,0.0,0.0
1,216,8.664942112984136,8.67588033399079,False,-9.538461685180664,-0.16647756099700928,-94.989013671875,-1.6578710079193115,91.64835357666016,1.5995655059814453,78.81318664550781,1.375549554824829,93.36264038085938,1.6294854879379272,0.6868131868131868,0.006868131868131868,-0.15716031193733215,-1.7065142393112183,1.5935016870498657,1.3665039539337158,1.632346272468567,0.00044883787631988525,-9.004622459411621,-0.15716030981576223,-97.77606201171875,-1.7065142117386427,91.30091857910156,1.5935016393005852,78.29490661621094,1.3665039079943733,93.52655029296875,1.6323462406443718,0.044883787631988525,0.00044883787631988525,False,False,0.0,0.0,0.0,0.0,0.0,0.0,0.0,0.0,0.0,0.0,0.0,0.0,0.0,0.0,0.0,0.0
1,217,8.69821540103294,8.70939969504252,False,-9.538461685180664,-0.16647756099700928,-95.34066009521484,-1.664008378982544,91.64835357666016,1.5995655059814453,78.81318664550781,1.375549554824829,93.36264038085938,1.6294854879379272,0.6868131868131868,0.006868131868131868,-0.15748712420463562,-1.7138400077819824,1.5986037254333496,1.3684509992599487,1.6341713666915894,0.000979200005531311,-9.023346900939941,-0.1574871129710286,-98.19579315185547,-1.7138399021071782,91.5932388305664,1.5986035901589044,78.40646362304688,1.3684509450673301,93.63111877441406,1.6341713049394033,0.0979200005531311,0.000979200005531311,False,False,0.0,0.0,0.0,0.0,0.0,0.0,0.0,0.0,0.0,0.0,0.0,0.0,0.0,0.0,0.0,0.0
1,218,8.731812188052572,8.743794961017556,False,-9.538461685180664,-0.16647756099700928,-95.95604705810547,-1.6747488975524902,91.64835357666016,1.5995655059814453,78.81318664550781,1.375549554824829,93.36264038085938,1.6294854879379272,0.6868131868131868,0.006868131868131868,-0.15967781841754913,-1.699729323387146,1.5882128477096558,1.3684794902801514,1.6304987668991089,0.0020110979676246643,-9.14886474609375,-0.15967781263897096,-97.38731384277344,-1.6997292762294478,90.99788665771484,1.5882127345337422,78.40809631347656,1.368479440890994,93.42069244384766,1.6304986726381294,0.20110979676246643,0.0020110979676246643,False,False,0.0,0.0,0.0,0.0,0.0,0.0,0.0,0.0,0.0,0.0,0.0,0.0,0.0,0.0,0.0,0.0
1,219,8.764990512980148,8.778598124044947,False,-9.450549125671387,-0.16494320333003998,-96.30769348144531,-1.6808863878250122,91.64835357666016,1.5995655059814453,78.81318664550781,1.375549554824829,93.36264038085938,1.6294854879379272,0.6868131868131868,0.006868131868131868,-0.16025055944919586,-1.7003532648086548,1.5861958265304565,1.3690643310546875,1.648258090019226,0.0028794482350349426,-9.181680679321289,-0.16025055872090613,-97.42305755615234,-1.700353121714799,90.88232421875,1.5861957894821708,78.44160461425781,1.3690642710663754,94.43822479248047,1.6482579623673228,0.28794482350349426,0.0028794482350349426,False,False,0.0,0.0,0.0,0.0,0.0,0.0,0.0,0.0,0.0,0.0,0.0,0.0,0.0,0.0,0.0,0.0
1,220,8.798781958059408,8.812683930038475,False,-9.450549125671387,-0.16494320333003998,-96.3956069946289,-1.6824207305908203,91.64835357666016,1.5995655059814453,78.81318664550781,1.375549554824829,93.36264038085938,1.6294854879379272,0.6868131868131868,0.006868131868131868,-0.1636350154876709,-1.701814889907837,1.5953271389007568,1.3692998886108398,1.6329169273376465,0.0017165988683700562,-9.375595092773438,-0.16363500370271972,-97.50680541992188,-1.701814797679089,91.40550994873047,1.59532710306978,78.4551010131836,1.369299827664793,93.55924224853516,1.6329168229079214,0.17165988683700562,0.0017165988683700562,False,False,0.0,0.0,0.0,0.0,0.0,0.0,0.0,0.0,0.0,0.0,0.0,0.0,0.0,0.0,0.0,0.0
1,221,8.832549769082107,8.848160239984281,False,-9.450549125671387,-0.16494320333003998,-96.48351287841797,-1.6839549541473389,91.64835357666016,1.5995655059814453,78.81318664550781,1.375549554824829,93.36264038085938,1.6294854879379272,0.6868131868131868,0.006868131868131868,-0.16413235664367676,-1.7121995687484741,1.58840012550354,1.3693125247955322,1.6316895484924316,0.0010578110814094543,-9.404090881347656,-0.164132349036292,-98.101806640625,-1.7121995280337439,91.00862121582031,1.5884000879164293,78.45582580566406,1.3693124776799708,93.48892211914062,1.6316895051195583,0.10578110814094543,0.0010578110814094543,False,False,0.0,0.0,0.0,0.0,0.0,0.0,0.0,0.0,0.0,0.0,0.0,0.0,0.0,0.0,0.0,0.0
1,222,8.865587258012965,8.878801001003012,False,-9.450549125671387,-0.16494320333003998,-96.48351287841797,-1.6839549541473389,91.64835357666016,1.5995655059814453,78.81318664550781,1.375549554824829,93.45054626464844,1.6310197114944458,0.6868131868131868,0.006868131868131868,-0.16326242685317993,-1.6895999908447266,1.5820579528808594,1.3685321807861328,1.6333401203155518,0.0014277473092079163,-9.354247093200684,-0.1632624108214608,-96.80694580078125,-1.6895999430233315,90.6452407836914,1.5820579029384603,78.41111755371094,1.3685321714805776,93.58348846435547,1.633339999205135,0.14277473092079163,0.0014277473092079163,False,False,0.0,0.0,0.0,0.0,0.0,0.0,0.0,0.0,0.0,0.0,0.0,0.0,0.0,0.0,0.0,0.0
1,223,8.899516322999261,8.91009840904735,False,-9.450549125671387,-0.16494320333003998,-96.48351287841797,-1.6839549541473389,91.64835357666016,1.5995655059814453,78.81318664550781,1.375549554824829,93.45054626464844,1.6310197114944458,0.6868131868131868,0.006868131868131868,-0.1583457589149475,-1.7019367218017578,1.5923722982406616,1.3682090044021606,1.6388365030288696,0.002911202609539032,-9.072543144226074,-0.15834574939598378,-97.51378631591797,-1.70193663729896,91.2362060546875,1.5923721926822825,78.39259338378906,1.368208863724242,93.89840698242188,1.638836364220895,0.2911202609539032,0.002911202609539032,False,False,0.0,0.0,0.0,0.0,0.0,0.0,0.0,0.0,0.0,0.0,0.0,0.0,0.0,0.0,0.0,0.0
1,224,8.933020001044497,8.943699047085829,False,-9.450549125671387,-0.16494320333003998,-96.48351287841797,-1.6839549541473389,91.64835357666016,1.5995655059814453,78.81318664550781,1.375549554824829,93.45054626464844,1.6310197114944458,0.6868131868131868,0.006868131868131868,-0.1695091277360916,-1.6262168884277344,1.4756290912628174,1.3710265159606934,1.639258861541748,0.0026830732822418213,-9.712157249450684,-0.16950912147435065,-93.17536163330078,-1.6262168422375,87.64835357666016,1.5297523538648679,78.55403137207031,1.3710264881575458,93.922607421875,1.6392587415697817,0.26830732822418213,0.0026830732822418213,False,False,0.0,0.0,0.0,0.0,0.0,0.0,0.0,0.0,3.1010360717773438,3.1010360717773438,0.0,0.0,0.0,0.0,0.0,0.0
1,225,8.96644292504061,8.976776886032894,False,-9.450549125671387,-0.16494320333003998,-96.48351287841797,-1.6839549541473389,91.64835357666016,1.5995655059814453,78.81318664550781,1.375549554824829,93.45054626464844,1.6310197114944458,0.6868131868131868,0.006868131868131868,-0.16756246984004974,-1.660714030265808,1.522695779800415,1.3692512512207031,1.6402242183685303,0.0023197606205940247,-9.600622177124023,-0.16756246723080043,-95.15190124511719,-1.660713966259787,87.64835357666016,1.5297523538648679,78.45231628417969,1.369251224974899,93.97792053222656,1.6402241374649353,0.23197606205940247,0.0023197606205940247,False,False,0.0,0.0,0.0,0.0,0.0,0.0,0.0,0.0,0.40431976318359375,0.40431976318359375,0.0,0.0,0.0,0.0,0.0,0.0
1,226,9.000364653067663,9.010792129090987,False,-9.450549125671387,-0.16494320333003998,-96.48351287841797,-1.6839549541473389,91.56044006347656,1.5980311632156372,78.81318664550781,1.375549554824829,93.45054626464844,1.6310197114944458,0.6868131868131868,0.006868131868131868,-0.16940149664878845,-1.6578713655471802,1.4955717325210571,1.3701379299163818,1.633966326713562,0.0033568665385246277,-9.705989837646484,-0.169401479832041,-94.98902893066406,-1.6578713081122363,87.56044006347656,1.5282179736028187,78.50311279296875,1.3701377913017863,93.61936950683594,1.6339662415354672,0.33568665385246277,0.0033568665385246277,False,False,0.0,0.0,0.0,0.0,0.0,0.0,0.0,0.0,1.8704986572265625,1.8704986572265625,0.0,0.0,0.0,0.0,0.0,0.0
1,227,9.034016899066046,9.044126315042377,False,-9.450549125671387,-0.16494320333003998,-96.13186645507812,-1.6778175830841064,90.94505310058594,1.587290644645691,78.81318664550781,1.375549554824829,93.45054626464844,1.6310197114944458,0.6868131868131868,0.006868131868131868,-0.16728545725345612,-1.6835377216339111,1.5423293113708496,1.3708895444869995,1.6348227262496948,0.0022744834423065186,-9.584750175476074,-0.16728544854316174,-96.45960235595703,-1.6835376562759294,88.36895751953125,1.5423292652708216,78.54618072509766,1.3708894685194613,93.6684341430664,1.634822580983982,0.22744834423065186,0.0022744834423065186,False,False,0.0,0.0,0.0,0.0,0.0,0.0,0.0,0.0,0.0,0.0,0.0,0.0,0.0,0.0,0.0,0.0
1,228,9.0674890660448,9.078128038090654,False,-9.274724960327148,-0.16187448799610138,-95.78022003173828,-1.671680212020874,90.76923370361328,1.5842219591140747,78.81318664550781,1.375549554824829,93.45054626464844,1.6310197114944458,0.6868131868131868,0.006868131868131868,-0.16010397672653198,-1.6957117319107056,1.5663155317306519,1.3696504831314087,1.6403043270111084,0.002165168523788452,-9.1732816696167,-0.16010396834765409,-97.15711975097656,-1.6957116314089542,89.7432632446289,1.5663154251027838,78.47518920898438,1.3696504328223018,93.98251342773438,1.6403042986137466,0.21651685237884521,0.002165168523788452,False,False,0.0,0.0,0.0,0.0,0.0,0.0,0.0,0.0,0.0,0.0,0.0,0.0,0.0,0.0,0.0,0.0
1,229,9.101421631057747,9.111964748008177,False,-9.274724960327148,-0.16187448799610138,-95.78022003173828,-1.671680212020874,90.76923370361328,1.5842219591140747,78.81318664550781,1.375549554824829,93.45054626464844,1.6310197114944458,0.6868131868131868,0.006868131868131868,-0.15885736048221588,-1.69582998752594,1.5685234069824219,1.3698036670684814,1.6347858905792236,0.00205887109041214,-9.101856231689453,-0.1588573592861448,-97.16389465332031,-1.6958298757613537,89.86976623535156,1.568523318804514,78.48396301269531,1.3698035645849813,93.66632843017578,1.634785829360939,0.205887109041214,0.00205887109041214,False,False,0.0,0.0,0.0,0.0,0.0,0.0,0.0,0.0,0.0,0.0,0.0,0.0,0.0,0.0,0.0,0.0
1,230,9.134549173992127,9.144695801078342,False,-9.274724960327148,-0.16187448799610138,-96.04395294189453,-1.6762832403182983,90.76923370361328,1.5842219591140747,78.81318664550781,1.375549554824829,93.45054626464844,1.6310197114944458,0.6868131868131868,0.006868131868131868,-0.1568072885274887,-1.7041996717453003,1.5848971605300903,1.3695117235183716,1.6351135969161987,0.0025373250246047974,-8.984395027160645,-0.15680727452375862,-97.64344024658203,-1.7041995252772002,90.80791473388672,1.5848970989765936,78.46723937988281,1.3695116821295086,93.68510437011719,1.6351135313330734,0.25373250246047974,0.0025373250246047974,False,False,0.0,0.0,0.0,0.0,0.0,0.0,0.0,0.0,0.0,0.0,0.0,0.0,0.0,0.0,0.0,0.0
1,231,9.167885634000413,9.18160396697931,False,-9.362637519836426,-0.16340884566307068,-96.21977996826172,-1.6793519258499146,90.76923370361328,1.5842219591140747,78.81318664550781,1.375549554824829,93.45054626464844,1.6310197114944458,0.6868131868131868,0.006868131868131868,-0.15875816345214844,-1.6910041570663452,1.5685266256332397,1.367985725402832,1.635607123374939,0.002293042838573456,-9.096172332763672,-0.15875815653553935,-96.88739776611328,-1.6910040947080758,89.86994934082031,1.568526514597822,78.37980651855469,1.3679856908248933,93.71337890625,1.6356070150830648,0.22930428385734558,0.002293042838573456,False,False,0.0,0.0,0.0,0.0,0.0,0.0,0.0,0.0,0.0,0.0,0.0,0.0,0.0,0.0,0.0,0.0
1,232,9.201834134059027,9.215156482998282,False,-9.362637519836426,-0.16340884566307068,-96.21977996826172,-1.6793519258499146,90.85713958740234,1.5857561826705933,78.81318664550781,1.375549554824829,93.45054626464844,1.6310197114944458,0.6868131868131868,0.006868131868131868,-0.15734466910362244,-1.699172019958496,1.572115421295166,1.3693124055862427,1.6349128484725952,0.0024981051683425903,-9.015185356140137,-0.15734466714222298,-97.35537719726562,-1.6991718766132942,90.07557678222656,1.572115390482813,78.45581817626953,1.3693123445219162,93.67359924316406,1.6349127289868812,0.24981051683425903,0.0024981051683425903,False,False,0.0,0.0,0.0,0.0,0.0,0.0,0.0,0.0,0.0,0.0,0.0,0.0,0.0,0.0,0.0,0.0
1,233,9.234963831026107,9.245409392984584,False,-9.362637519836426,-0.16340884566307068,-96.21977996826172,-1.6793519258499146,91.12088012695312,1.5903593301773071,78.81318664550781,1.375549554824829,93.45054626464844,1.6310197114944458,0.6868131868131868,0.006868131868131868,-0.1562613546848297,-1.7004294395446777,1.5688347816467285,1.3682262897491455,1.6383863687515259,0.002398945391178131,-8.953115463256836,-0.1562613431450492,-97.42742156982422,-1.7004292881219751,89.88760375976562,1.5688346423359443,78.39358520507812,1.3682261742713275,93.87261962890625,1.6383862899966717,0.2398945391178131,0.002398945391178131,False,False,0.0,0.0,0.0,0.0,0.0,0.0,0.0,0.0,0.0,0.0,0.0,0.0,0.0,0.0,0.0,0.0
1,234,9.268546915031038,9.28120943903923,False,-9.362637519836426,-0.16340884566307068,-96.21977996826172,-1.6793519258499146,91.12088012695312,1.5903593301773071,78.81318664550781,1.375549554824829,93.45054626464844,1.6310197114944458,0.6868131868131868,0.006868131868131868,-0.16046097874641418,-1.690437912940979,1.5554460287094116,1.3698139190673828,1.636283040046692,0.002971842885017395,-9.19373607635498,-0.1604609650917792,-96.85494995117188,-1.6904377735022704,89.12049102783203,1.5554459994297343,78.48455047607422,1.3698138177551782,93.75210571289062,1.6362829253677271,0.2971842885017395,0.002971842885017395,False,False,0.0,0.0,0.0,0.0,0.0,0.0,0.0,0.0,0.0,0.0,0.0,0.0,0.0,0.0,0.0,0.0
1,235,9.302517582080327,9.31312213698402,False,-9.362637519836426,-0.16340884566307068,-96.21977996826172,-1.6793519258499146,91.12088012695312,1.5903593301773071,78.81318664550781,1.375549554824829,93.45054626464844,1.6310197114944458,0.6868131868131868,0.006868131868131868,-0.15977546572685242,-1.6839649677276611,1.5407342910766602,1.368194818496704,1.6360173225402832,0.003234386444091797,-9.154458999633789,-0.159775450782436,-96.48407745361328,-1.6839648273147783,88.2775650024414,1.5407341649359187,78.39178466796875,1.3681947489704644,93.73688507080078,1.6360172750489916,0.3234386444091797,0.003234386444091797,False,False,0.0,0.0,0.0,0.0,0.0,0.0,0.0,0.0,0.0,0.0,0.0,0.0,0.0,0.0,0.0,0.0
1,236,9.335767099983059,9.346485967980698,False,-9.362637519836426,-0.16340884566307068,-96.21977996826172,-1.6793519258499146,91.12088012695312,1.5903593301773071,78.81318664550781,1.375549554824829,93.45054626464844,1.6310197114944458,0.6868131868131868,0.006868131868131868,-0.16746670007705688,-1.650037407875061,1.4498263597488403,1.3697729110717773,1.6403930187225342,0.004191078245639801,-9.595134735107422,-0.16746669330009847,-94.54017639160156,-1.6500373534496593,87.12088012695312,1.5205462054506276,78.4822006225586,1.369772805074391,93.98759460449219,1.6403929818780463,0.4191078245639801,0.004191078245639801,False,False,0.0,0.0,0.0,0.0,0.0,0.0,0.0,0.0,4.0519561767578125,4.0519561767578125,0.0,0.0,0.0,0.0,0.0,0.0
1,237,9.369273132062517,9.37973501405213,False,-9.362637519836426,-0.16340884566307068,-96.21977996826172,-1.6793519258499146,91.12088012695312,1.5903593301773071,78.81318664550781,1.375549554824829,93.45054626464844,1.6310197114944458,0.6868131868131868,0.006868131868131868,-0.16934709250926971,-1.6379036903381348,1.4112087488174438,1.371692180633545,1.6420649290084839,0.0039052814245224,-9.702873229980469,-0.16934708476677615,-93.84496307373047,-1.6379035920490947,87.12088012695312,1.5205462054506276,78.59217071533203,1.371692145272011,94.08338165283203,1.6420647812523437,0.39052814245224,0.0039052814245224,False,False,0.0,0.0,0.0,0.0,0.0,0.0,0.0,0.0,6.264579772949219,6.264579772949219,0.0,0.0,0.0,0.0,0.0,0.0
1,238,9.402568510035053,9.412938944995403,False,-9.362637519836426,-0.16340884566307068,-96.13186645507812,-1.6778175830841064,91.03296661376953,1.588824987411499,78.81318664550781,1.375549554824829,93.45054626464844,1.6310197114944458,0.6868131868131868,0.006868131868131868,-0.16450582444667816,-1.6555731296539307,1.4558659791946411,1.371444582939148,1.6358803510665894,0.003926023840904236,-9.425488471984863,-0.16450580744490517,-94.85734558105469,-1.6555730000914979,87.03296661376953,1.5190118251885782,78.5779800415039,1.3714444712906337,93.72903442382812,1.635880255410907,0.3926023840904236,0.003926023840904236,False,False,0.0,0.0,0.0,0.0,0.0,0.0,0.0,0.0,3.6179962158203125,3.6179962158203125,0.0,0.0,0.0,0.0,0.0,0.0
1,239,9.435997384018265,9.446326562087052,False,-9.362637519836426,-0.16340884566307068,-95.6043930053711,-1.6686114072799683,90.85713958740234,1.5857561826705933,78.81318664550781,1.375549554824829,93.45054626464844,1.6310197114944458,0.6868131868131868,0.006868131868131868,-0.16648420691490173,-1.6380150318145752,1.4119055271148682,1.3741428852081299,1.637221336364746,0.004623576998710632,-9.53884220123291,-0.1664842032396978,-93.8513412475586,-1.6380149121826602,86.85713958740234,1.51594306466448,78.73258209228516,1.374142786107102,93.80587005615234,1.6372212901778165,0.46235769987106323,0.004623576998710632,False,False,0.0,0.0,0.0,0.0,0.0,0.0,0.0,0.0,5.960914611816406,5.960914611816406,0.0,0.0,0.0,0.0,0.0,0.0
1,240,9.469630473060533,9.629944912041537,False,-9.362637519836426,-0.16340884566307068,-95.42857360839844,-1.6655428409576416,90.76923370361328,1.5842219591140747,78.81318664550781,1.375549554824829,93.45054626464844,1.6310197114944458,0.6868131868131868,0.006868131868131868,-0.15835615992546082,-1.7211087942123413,1.5915765762329102,1.3699631690979004,1.6338449716567993,0.0008568763732910156,-9.073139190673828,-0.1583561523689919,-98.61226654052734,-1.7211087339864404,91.19061279296875,1.5915764401485668,78.49310302734375,1.369963087934277,93.61241912841797,1.633844934547814,0.08568763732910156,0.0008568763732910156,False,False,0.0,0.0,0.0,0.0,0.0,0.0,0.0,0.0,0.0,0.0,0.0,0.0,0.0,0.0,0.0,0.0
1,241,9.631383911008015,9.643152771983296,False,-9.362637519836426,-0.16340884566307068,-94.54945373535156,-1.650199294090271,90.5934066772461,1.5811532735824585,78.81318664550781,1.375549554824829,93.45054626464844,1.6310197114944458,0.6868131868131868,0.006868131868131868,-0.1593765765428543,-1.712961196899414,1.5937957763671875,1.36976957321167,1.6365724802017212,0.0012104734778404236,-9.13160514831543,-0.15937657583016937,-98.14543914794922,-1.712961058947452,91.31776428222656,1.59379565228493,78.48200988769531,1.3697694761230284,93.76869201660156,1.6365724109782187,0.12104734778404236,0.0012104734778404236,False,False,0.0,0.0,0.0,0.0,0.0,0.0,0.0,0.0,0.0,0.0,0.0,0.0,0.0,0.0,0.0,0.0
1,242,9.664697880041786,9.67610834504012,False,-9.362637519836426,-0.16340884566307068,-94.46154022216797,-1.6486648321151733,90.5934066772461,1.5811532735824585,78.81318664550781,1.375549554824829,93.45054626464844,1.6310197114944458,0.6868131868131868,0.006868131868131868,-0.15439127385616302,-1.718741536140442,1.598626971244812,1.3708512783050537,1.6340458393096924,0.0005952939391136169,-8.845968246459961,-0.15439127142759554,-98.46154022216797,-1.71847806346166,91.59457397460938,1.5986268928184426,78.54399108886719,1.3708512521578184,93.6239242553711,1.634045736894006,0.059529393911361694,0.0005952939391136169,False,False,0.0,0.0,0.0,0.0,0.0,0.0150909423828125,0.0150909423828125,0.0,0.0,0.0,0.0,0.0,0.0,0.0,0.0,0.0
1,243,9.698021969990805,9.711111926008016,False,-9.362637519836426,-0.16340884566307068,-94.37362670898438,-1.6471304893493652,90.68132019042969,1.5826876163482666,78.81318664550781,1.375549554824829,93.45054626464844,1.6310197114944458,0.6868131868131868,0.006868131868131868,-0.15642966330051422,-1.7226134538650513,1.5958548784255981,1.3709644079208374,1.6296299695968628,0.0003269314765930176,-8.962759017944336,-0.15642965492594219,-98.37362670898438,-1.716943683199611,91.43574523925781,1.5958548084397792,78.55046844482422,1.3709643033460923,93.37091064453125,1.6296298163324912,0.03269314765930176,0.0003269314765930176,False,False,0.0,0.0,0.0,0.0,0.0,0.32485198974609375,0.32485198974609375,0.0,0.0,0.0,0.0,0.0,0.0,0.0,0.0,0.0
1,244,9.731853862991557,9.743549159029499,False,-9.362637519836426,-0.16340884566307068,-95.69230651855469,-1.6701457500457764,91.29669952392578,1.5934280157089233,78.81318664550781,1.375549554824829,93.53845977783203,1.632554054260254,0.6868131868131868,0.006868131868131868,-0.16055509448051453,-1.7222900390625,1.6052888631820679,1.3694716691970825,1.6327755451202393,-0.00029355287551879883,-9.199129104614258,-0.1605550911915567,-98.67994689941406,-1.7222899790879451,91.97627258300781,1.605288790285276,78.4649429321289,1.369471601555103,93.55113983154297,1.6327754090540383,0.0,0.0,True,False,0.029355287551879883,0.0,0.0,0.0,0.0,0.0,0.0,0.0,0.0,0.0,0.0,0.0,0.0,0.0,0.0,0.0
1,245,9.765482329996303,9.77737765503116,False,-9.362637519836426,-0.16340884566307068,-96.57142639160156,-1.685489296913147,91.47252655029297,1.5964967012405396,78.81318664550781,1.375549554824829,93.53845977783203,1.632554054260254,0.6868131868131868,0.006868131868131868,-0.1591617465019226,-1.7223666906356812,1.6002517938613892,1.3709192276000977,1.6371660232543945,0.00044558197259902954,-9.119296073913574,-0.15916174195398405,-98.68433380126953,-1.7223665449692849,91.68766784667969,1.6002516873995,78.54788208007812,1.3709191627656157,93.80269622802734,1.6371658964271427,0.044558197259902954,0.00044558197259902954,False,False,0.0,0.0,0.0,0.0,0.0,0.0,0.0,0.0,0.0,0.0,0.0,0.0,0.0,0.0,0.0,0.0
1,246,9.798929522978142,9.809233610052615,False,-9.450549125671387,-0.16494320333003998,-96.83516693115234,-1.6900924444198608,91.47252655029297,1.5964967012405396,78.81318664550781,1.375549554824829,93.53845977783203,1.632554054260254,0.6868131868131868,0.006868131868131868,-0.1584307700395584,-1.723412275314331,1.6026638746261597,1.3708510398864746,1.6280769109725952,-0.0007478222250938416,-9.077413558959961,-0.15843075416902774,-98.74424743652344,-1.7234122351713044,91.82587432861328,1.6026638455568392,78.54397583007812,1.3708509858417095,93.28192901611328,1.6280767939428114,0.0,0.0,True,False,0.07478222250938416,0.0,0.0,0.0,0.0,0.0,0.0,0.0,0.0,0.0,0.0,0.0,0.0,0.0,0.0,0.0
1,247,9.832175585092045,9.845127096981741,False,-9.450549125671387,-0.16494320333003998,-97.010986328125,-1.693161129951477,91.47252655029297,1.5964967012405396,78.81318664550781,1.375549554824829,93.53845977783203,1.632554054260254,0.6868131868131868,0.006868131868131868,-0.1596725881099701,-1.7235127687454224,1.6009224653244019,1.370401382446289,1.631915807723999,0.00044833123683929443,-9.148565292358398,-0.15967258618533167,-98.75,-1.7235126363444004,91.7260971069336,1.6009224045200365,78.5182113647461,1.3704013110916498,93.50188446044922,1.6319157406541607,0.04483312368392944,0.00044833123683929443,False,False,0.0,0.0,0.0,0.0,0.0,0.0,0.0,0.0,0.0,0.0,0.0,0.0,0.0,0.0,0.0,0.0
1,248,9.86564242199529,9.876049955026247,False,-9.450549125671387,-0.16494320333003998,-97.010986328125,-1.693161129951477,91.47252655029297,1.5964967012405396,78.81318664550781,1.375549554824829,93.53845977783203,1.632554054260254,0.6868131868131868,0.006868131868131868,-0.15818169713020325,-1.7234632968902588,1.5892609357833862,1.3706618547439575,1.6364601850509644,0.0007509812712669373,-9.063142776489258,-0.15818168202807809,-98.7471694946289,-1.7234632347061793,91.05793762207031,1.5892608215807429,78.53313446044922,1.3706617682462594,93.76226043701172,1.6364601587382719,0.07509812712669373,0.0007509812712669373,False,False,0.0,0.0,0.0,0.0,0.0,0.0,0.0,0.0,0.0,0.0,0.0,0.0,0.0,0.0,0.0,0.0
1,249,9.898921694024466,9.91210628603585,False,-9.450549125671387,-0.16494320333003998,-97.010986328125,-1.693161129951477,91.47252655029297,1.5964967012405396,78.81318664550781,1.375549554824829,93.53845977783203,1.632554054260254,0.6868131868131868,0.006868131868131868,-0.1606881469488144,-1.7089594602584839,1.5829787254333496,1.3698546886444092,1.6313191652297974,0.0007431954145431519,-9.206751823425293,-0.16068813273276297,-97.9161605834961,-1.708959393093499,90.697998046875,1.5829786908853551,78.48688507080078,1.3698545641198563,93.46769714355469,1.6313190594119285,0.07431954145431519,0.0007431954145431519,False,False,0.0,0.0,0.0,0.0,0.0,0.0,0.0,0.0,0.0,0.0,0.0,0.0,0.0,0.0,0.0,0.0
1,250,9.93296706606634,9.944712509051897,False,-9.450549125671387,-0.16494320333003998,-97.0988998413086,-1.6946954727172852,91.47252655029297,1.5964967012405396,78.81318664550781,1.375549554824829,93.53845977783203,1.632554054260254,0.6868131868131868,0.006868131868131868,-0.16478289663791656,-1.7227416038513184,1.5954492092132568,1.3718091249465942,1.6251779794692993,0.0014445111155509949,-9.441364288330078,-0.1647828927115711,-98.70581817626953,-1.722741518050768,91.4124984741211,1.5954490758477056,78.59886932373047,1.3718090580438655,93.11583709716797,1.62517794309626,0.1444511115550995,0.0014445111155509949,False,False,0.0,0.0,0.0,0.0,0.0,0.0,0.0,0.0,0.0,0.0,0.0,0.0,0.0,0.0,0.0,0.0
1,251,9.966115058050491,9.976990920025855,False,-9.450549125671387,-0.16494320333003998,-97.0988998413086,-1.6946954727172852,91.47252655029297,1.5964967012405396,78.81318664550781,1.375549554824829,93.53845977783203,1.632554054260254,0.6868131868131868,0.006868131868131868,-0.16190490126609802,-1.725939154624939,1.600639820098877,1.3715839385986328,1.634993553161621,0.003931887447834015,-9.276467323303223,-0.16190489774530653,-98.88902282714844,-1.7259390424135717,91.70989990234375,1.6006397099703245,78.58596801757812,1.3715838877736994,93.67822265625,1.6349934227679106,0.3931887447834015,0.003931887447834015,False,False,0.0,0.0,0.0,0.0,0.0,0.0,0.0,0.0,0.0,0.0,0.0,0.0,0.0,0.0,0.0,0.0
1,252,9.999467847985215,10.01028062403202,False,-9.450549125671387,-0.16494320333003998,-97.0988998413086,-1.6946954727172852,91.47252655029297,1.5964967012405396,78.81318664550781,1.375549554824829,93.53845977783203,1.632554054260254,0.6868131868131868,0.006868131868131868,-0.16160210967063904,-1.732302188873291,1.5992662906646729,1.3721404075622559,1.6342308521270752,0.0018422231078147888,-9.25911808013916,-0.16160209632936454,-99.25360107421875,-1.732302133206098,91.6312026977539,1.5992661846381162,78.61785125732422,1.3721403552834714,93.63452911376953,1.6342308265897665,0.18422231078147888,0.0018422231078147888,False,False,0.0,0.0,0.0,0.0,0.0,0.0,0.0,0.0,0.0,0.0,0.0,0.0,0.0,0.0,0.0,0.0
1,253,10.03290253400337,10.044386376044713,False,-9.450549125671387,-0.16494320333003998,-97.0988998413086,-1.6946954727172852,91.47252655029297,1.5964967012405396,78.81318664550781,1.375549554824829,93.53845977783203,1.632554054260254,0.6868131868131868,0.006868131868131868,-0.16035433113574982,-1.7187007665634155,1.6062217950820923,1.368775486946106,1.6292507648468018,0.0018151924014091492,-9.187625885009766,-0.16035432213487835,-98.47429656982422,-1.7187007037287907,92.02972412109375,1.6062216956151307,78.42505645751953,1.3687754512461563,93.34918975830078,1.6292507153513183,0.18151924014091492,0.0018151924014091492,False,False,0.0,0.0,0.0,0.0,0.0,0.0,0.0,0.0,0.0,0.0,0.0,0.0,0.0,0.0,0.0,0.0
1,254,10.066387993982062,10.079078664071858,False,-9.450549125671387,-0.16494320333003998,-97.18681335449219,-1.6962298154830933,91.47252655029297,1.5964967012405396,78.81318664550781,1.375549554824829,93.53845977783203,1.632554054260254,0.6868131868131868,0.006868131868131868,-0.16078045964241028,-1.7312183380126953,1.5985486507415771,1.3721299171447754,1.63938570022583,0.0017917081713676453,-9.212040901184082,-0.16078044455404783,-99.19149780273438,-1.7312182266424356,91.590087890625,1.5985485958823944,78.61724853515625,1.3721298357971656,93.92987823486328,1.639385641195724,0.17917081713676453,0.0017917081713676453,False,False,0.0,0.0,0.0,0.0,0.0,0.0,0.0,0.0,0.0,0.0,0.0,0.0,0.0,0.0,0.0,0.0
1,255,10.099699147045612,10.111018459079787,False,-9.450549125671387,-0.16494320333003998,-97.18681335449219,-1.6962298154830933,91.47252655029297,1.5964967012405396,78.81318664550781,1.375549554824829,93.53845977783203,1.632554054260254,0.6868131868131868,0.006868131868131868,-0.16009698808193207,-1.7308247089385986,1.5991253852844238,1.3726216554641724,1.6357231140136719,0.0016024112701416016,-9.172881126403809,-0.16009697754979263,-99.1689453125,-1.730824611433322,91.62313079833984,1.599125303416451,78.64542388916016,1.3726215884924486,93.72002410888672,1.635722995748538,0.16024112701416016,0.0016024112701416016,False,False,0.0,0.0,0.0,0.0,0.0,0.0,0.0,0.0,0.0,0.0,0.0,0.0,0.0,0.0,0.0,0.0
1,256,10.13300513708964,10.143789085093886,False,-9.450549125671387,-0.16494320333003998,-97.27472686767578,-1.697764277458191,91.47252655029297,1.5964967012405396,78.81318664550781,1.375549554824829,93.53845977783203,1.632554054260254,0.6868131868131868,0.006868131868131868,-0.15944798290729523,-1.7238662242889404,1.5956823825836182,1.372154712677002,1.6348133087158203,0.001779891550540924,-9.135696411132812,-0.15944798183689712,-98.77025604248047,-1.7238661709791085,91.42585754394531,1.595682235601142,78.61866760253906,1.3721546031953034,93.66790008544922,1.6348132599201668,0.1779891550540924,0.001779891550540924,False,False,0.0,0.0,0.0,0.0,0.0,0.0,0.0,0.0,0.0,0.0,0.0,0.0,0.0,0.0,0.0,0.0
1,257,10.166463911999017,10.183570915018208,False,-9.450549125671387,-0.16494320333003998,-97.45054626464844,-1.7008328437805176,91.47252655029297,1.5964967012405396,78.81318664550781,1.375549554824829,93.53845977783203,1.632554054260254,0.6868131868131868,0.006868131868131868,-0.1577267050743103,-1.7211601734161377,1.5927237272262573,1.3716866970062256,1.6307686567306519,0.002030879259109497,-9.037074089050293,-0.15772669760059485,-98.6152114868164,-1.7211601329954789,91.25634002685547,1.5927235967881186,78.59185791015625,1.3716866857917764,93.4361572265625,1.630768584014609,0.2030879259109497,0.002030879259109497,False,False,0.0,0.0,0.0,0.0,0.0,0.0,0.0,0.0,0.0,0.0,0.0,0.0,0.0,0.0,0.0,0.0
1,258,10.200070325983688,10.210957492003217,False,-9.450549125671387,-0.16494320333003998,-97.45054626464844,-1.7008328437805176,91.47252655029297,1.5964967012405396,78.81318664550781,1.375549554824829,93.53845977783203,1.632554054260254,0.6868131868131868,0.006868131868131868,-0.1585725098848343,-1.7229182720184326,1.5928053855895996,1.3707293272018433,1.6332416534423828,0.0021091848611831665,-9.085535049438477,-0.1585725009180472,-98.7159423828125,-1.7229182187890948,91.26102447509766,1.592805355833584,78.53700256347656,1.3707292793798929,93.57785034179688,1.6332415954028565,0.21091848611831665,0.0021091848611831665,False,False,0.0,0.0,0.0,0.0,0.0,0.0,0.0,0.0,0.0,0.0,0.0,0.0,0.0,0.0,0.0,0.0
1,259,10.233369622030295,10.244863058091141,False,-9.450549125671387,-0.16494320333003998,-97.45054626464844,-1.7008328437805176,91.47252655029297,1.5964967012405396,78.81318664550781,1.375549554824829,93.53845977783203,1.632554054260254,0.6868131868131868,0.006868131868131868,-0.15743592381477356,-1.7356910705566406,1.5984084606170654,1.3708693981170654,1.6334160566329956,0.0015082955360412598,-9.020413398742676,-0.1574359136990718,-99.44776916503906,-1.7356910056932238,91.5820541381836,1.5984083804510016,78.54502868652344,1.370869361653231,93.58784484863281,1.6334160324542568,0.15082955360412598,0.0015082955360412598,False,False,0.0,0.0,0.0,0.0,0.0,0.0,0.0,0.0,0.0,0.0,0.0,0.0,0.0,0.0,0.0,0.0
1,260,10.26677066506818,10.277591819991358,False,-9.450549125671387,-0.16494320333003998,-97.45054626464844,-1.7008328437805176,91.47252655029297,1.5964967012405396,78.81318664550781,1.375549554824829,93.53845977783203,1.632554054260254,0.6868131868131868,0.006868131868131868,-0.15947820246219635,-1.7158807516098022,1.5804049968719482,1.3704572916030884,1.6375118494033813,0.002827100455760956,-9.13742733001709,-0.15947819207051273,-98.3127212524414,-1.715880682450506,90.55052947998047,1.580404878849848,78.52141571044922,1.3704572374745414,93.822509765625,1.6375117078946897,0.2827100455760956,0.002827100455760956,False,False,0.0,0.0,0.0,0.0,0.0,0.0,0.0,0.0,0.0,0.0,0.0,0.0,0.0,0.0,0.0,0.0
1,261,10.300187063985504,10.311030087061226,False,-9.450549125671387,-0.16494320333003998,-97.45054626464844,-1.7008328437805176,91.47252655029297,1.5964967012405396,78.81318664550781,1.375549554824829,93.53845977783203,1.632554054260254,0.6868131868131868,0.006868131868131868,-0.15721923112869263,-1.722101092338562,1.585850477218628,1.3712849617004395,1.6382477283477783,0.0027725771069526672,-9.007997512817383,-0.15721921561012345,-98.66912078857422,-1.722101027808604,90.86253356933594,1.5858503774887875,78.56884002685547,1.371284947941338,93.86467742919922,1.638247672461933,0.2772577106952667,0.0027725771069526672,False,False,0.0,0.0,0.0,0.0,0.0,0.0,0.0,0.0,0.0,0.0,0.0,0.0,0.0,0.0,0.0,0.0
1,262,10.334138492005877,10.345033598016016,False,-9.450549125671387,-0.16494320333003998,-97.45054626464844,-1.7008328437805176,91.47252655029297,1.5964967012405396,78.81318664550781,1.375549554824829,93.53845977783203,1.632554054260254,0.6868131868131868,0.006868131868131868,-0.1646757572889328,-1.7073475122451782,1.5227866172790527,1.3708239793777466,1.6398704051971436,0.002854160964488983,-9.435225486755371,-0.16467575041196586,-97.82379913330078,-1.707347381685674,87.47252655029297,1.5266835933407696,78.54242706298828,1.3708239547566452,93.95764923095703,1.6398703365141183,0.2854160964488983,0.002854160964488983,False,False,0.0,0.0,0.0,0.0,0.0,0.0,0.0,0.0,0.2232818603515625,0.2232818603515625,0.0,0.0,0.0,0.0,0.0,0.0
1,263,10.3675743060885,10.377910461043939,False,-9.450549125671387,-0.16494320333003998,-97.45054626464844,-1.7008328437805176,91.47252655029297,1.5964967012405396,78.81318664550781,1.375549554824829,93.53845977783203,1.632554054260254,0.6868131868131868,0.006868131868131868,-0.16395969688892365,-1.6983438730239868,1.4807875156402588,1.3709831237792969,1.6379669904708862,0.002925172448158264,-9.394198417663574,-0.1639596929738708,-97.30792999267578,-1.698343766672334,87.47252655029297,1.5266835933407696,78.55154418945312,1.3709830786317774,93.84858703613281,1.6379668421249842,0.2925172448158264,0.002925172448158264,False,False,0.0,0.0,0.0,0.0,0.0,0.0,0.0,0.0,2.6296539306640625,2.6296539306640625,0.0,0.0,0.0,0.0,0.0,0.0
1,264,10.400894339079969,10.411351054091938,False,-9.450549125671387,-0.16494320333003998,-97.45054626464844,-1.7008328437805176,91.47252655029297,1.5964967012405396,78.81318664550781,1.375549554824829,93.53845977783203,1.632554054260254,0.6868131868131868,0.006868131868131868,-0.16706538200378418,-1.7048646211624146,1.4872710704803467,1.372815489768982,1.63663649559021,0.004240579903125763,-9.57214069366455,-0.16706537156858034,-97.6815414428711,-1.7048645166013932,87.47252655029297,1.5266835933407696,78.65653228759766,1.3728154666198065,93.7723617553711,1.636636460002435,0.4240579903125763,0.004240579903125763,False,False,0.0,0.0,0.0,0.0,0.0,0.0,0.0,0.0,2.2581787109375,2.2581787109375,0.0,0.0,0.0,0.0,0.0,0.0
1,265,10.434217849047855,10.461442679050379,False,-9.450549125671387,-0.16494320333003998,-97.45054626464844,-1.7008328437805176,90.94505310058594,1.587290644645691,78.81318664550781,1.375549554824829,93.53845977783203,1.632554054260254,0.6868131868131868,0.006868131868131868,-0.16596311330795288,-1.7163429260253906,1.557077407836914,1.3728790283203125,1.6305656433105469,0.0037244409322738647,-9.50898551940918,-0.16596310583815335,-98.33920288085938,-1.7163428740576891,89.21395874023438,1.5570773187554625,78.66017150878906,1.3728789830118049,93.42452239990234,1.6305655179814904,0.3724440932273865,0.0037244409322738647,False,False,0.0,0.0,0.0,0.0,0.0,0.0,0.0,0.0,0.0,0.0,0.0,0.0,0.0,0.0,0.0,0.0
1,266,10.467645323020406,10.477552834083326,False,-9.450549125671387,-0.16494320333003998,-97.45054626464844,-1.7008328437805176,90.76923370361328,1.5842219591140747,78.81318664550781,1.375549554824829,93.53845977783203,1.632554054260254,0.6868131868131868,0.006868131868131868,-0.16088524460792542,-1.723283290863037,1.561855673789978,1.3719648122787476,1.6364539861679077,0.00273287296295166,-9.218045234680176,-0.16088523994294246,-98.73685455322266,-1.7232832050164901,89.48773193359375,1.5618555623832826,78.6077880859375,1.3719647198095806,93.76190185546875,1.63645390030971,0.273287296295166,0.00273287296295166,False,False,0.0,0.0,0.0,0.0,0.0,0.0,0.0,0.0,0.0,0.0,0.0,0.0,0.0,0.0,0.0,0.0
1,267,10.501270228996873,10.51219886506442,False,-9.450549125671387,-0.16494320333003998,-97.45054626464844,-1.7008328437805176,90.76923370361328,1.5842219591140747,78.81318664550781,1.375549554824829,93.53845977783203,1.632554054260254,0.6868131868131868,0.006868131868131868,-0.1589062362909317,-1.724127173423767,1.5672128200531006,1.3716225624084473,1.6330883502960205,0.002502448856830597,-9.104656219482422,-0.15890622829214776,-98.78520202636719,-1.7241270276078817,89.794677734375,1.567212777232086,78.58818054199219,1.3716225036095056,93.56906127929688,1.633088197324068,0.2502448856830597,0.002502448856830597,False,False,0.0,0.0,0.0,0.0,0.0,0.0,0.0,0.0,0.0,0.0,0.0,0.0,0.0,0.0,0.0,0.0
1,268,10.535015671048313,10.569049015059136,False,-9.450549125671387,-0.16494320333003998,-97.45054626464844,-1.7008328437805176,90.76923370361328,1.5842219591140747,78.81318664550781,1.375549554824829,93.53845977783203,1.632554054260254,0.6868131868131868,0.006868131868131868,-0.15814906358718872,-1.7300477027893066,1.591748595237732,1.3726775646209717,1.6354281902313232,0.0029179826378822327,-9.061273574829102,-0.15814905830472462,-99.12442779541016,-1.7300476341852913,91.20046997070312,1.591748480354986,78.64862823486328,1.3726775148753403,93.703125,1.6354280506578116,0.29179826378822327,0.0029179826378822327,False,False,0.0,0.0,0.0,0.0,0.0,0.0,0.0,0.0,0.0,0.0,0.0,0.0,0.0,0.0,0.0,0.0
1,269,10.570564238005318,10.582318769069389,False,-9.450549125671387,-0.16494320333003998,-97.53845977783203,-1.7023673057556152,90.76923370361328,1.5842219591140747,78.81318664550781,1.375549554824829,93.53845977783203,1.632554054260254,0.6868131868131868,0.006868131868131868,-0.15693560242652893,-1.7266359329223633,1.5908551216125488,1.372117519378662,1.6319901943206787,0.002664439380168915,-8.99174690246582,-0.15693558895403,-98.92894744873047,-1.7266358585127908,91.14927673339844,1.5908549898092643,78.61653900146484,1.3721174520980968,93.50614166259766,1.6319900428485739,0.2664439380168915,0.002664439380168915,False,False,0.0,0.0,0.0,0.0,0.0,0.0,0.0,0.0,0.0,0.0,0.0,0.0,0.0,0.0,0.0,0.0
1,270,10.604554777033627,10.767581386025995,False,-9.450549125671387,-0.16494320333003998,-97.53845977783203,-1.7023673057556152,90.76923370361328,1.5842219591140747,78.81318664550781,1.375549554824829,93.53845977783203,1.632554054260254,0.6868131868131868,0.006868131868131868,-0.15993037819862366,-1.7303365468978882,1.5891348123550415,1.3723336458206177,1.6368921995162964,0.0002988874912261963,-9.163334846496582,-0.15993036353409454,-99.14097595214844,-1.7303364540055104,91.05071258544922,1.5891347209031277,78.62892150878906,1.3723335676205566,93.7870101928711,1.6368921234670826,0.02988874912261963,0.0002988874912261963,False,False,0.0,0.0,0.0,0.0,0.0,0.0,0.0,0.0,0.0,0.0,0.0,0.0,0.0,0.0,0.0,0.0
1,271,10.769079960067756,10.78150333405938,False,-9.450549125671387,-0.16494320333003998,-97.62637329101562,-1.7039016485214233,91.29669952392578,1.5934280157089233,78.81318664550781,1.375549554824829,93.53845977783203,1.632554054260254,0.6868131868131868,0.006868131868131868,-0.157559335231781,-1.7308831214904785,1.5874748229980469,1.368986964225769,1.6341935396194458,0.00028939545154571533,-9.027484893798828,-0.15755933457084018,-99.17229461669922,-1.7308830678192493,90.95560455322266,1.5874747725956813,78.43717193603516,1.3689869062367086,93.63238525390625,1.634193409176451,0.028939545154571533,0.00028939545154571533,False,False,0.0,0.0,0.0,0.0,0.0,0.0,0.0,0.0,0.0,0.0,0.0,0.0,0.0,0.0,0.0,0.0
1,272,10.802674883045256,10.816899097058922,False,-9.450549125671387,-0.16494320333003998,-97.62637329101562,-1.7039016485214233,91.29669952392578,1.5934280157089233,78.81318664550781,1.375549554824829,93.53845977783203,1.632554054260254,0.6868131868131868,0.006868131868131868,-0.15657135844230652,-1.728169322013855,1.5840556621551514,1.3665505647659302,1.633979082107544,0.00044199079275131226,-8.970877647399902,-0.15657135174069123,-99.01679992675781,-1.7281691735104039,90.75969696044922,1.5840555400721286,78.29757690429688,1.3665505133134497,93.62010192871094,1.6339790247086996,0.044199079275131226,0.00044199079275131226,False,False,0.0,0.0,0.0,0.0,0.0,0.0,0.0,0.0,0.0,0.0,0.0,0.0,0.0,0.0,0.0,0.0
1,273,10.836019403999671,10.84695975901559,False,-9.450549125671387,-0.16494320333003998,-97.62637329101562,-1.7039016485214233,91.29669952392578,1.5934280157089233,78.81318664550781,1.375549554824829,93.53845977783203,1.632554054260254,0.6868131868131868,0.006868131868131868,-0.15572871267795563,-1.7381080389022827,1.5871775150299072,1.3648370504379272,1.6336238384246826,0.000906623899936676,-8.922597885131836,-0.15572871092703333,-99.58625030517578,-1.7381079575405252,90.93856811523438,1.587177430659974,78.19940185546875,1.3648370354680925,93.59974670410156,1.633623759019283,0.0906623899936676,0.000906623899936676,False,False,0.0,0.0,0.0,0.0,0.0,0.0,0.0,0.0,0.0,0.0,0.0,0.0,0.0,0.0,0.0,0.0
1,274,10.86966324900277,10.88209667603951,False,-9.450549125671387,-0.16494320333003998,-97.62637329101562,-1.7039016485214233,91.29669952392578,1.5934280157089233,78.81318664550781,1.375549554824829,93.53845977783203,1.632554054260254,0.6868131868131868,0.006868131868131868,-0.15549811720848083,-1.7241538763046265,1.5724393129348755,1.36844801902771,1.6391876935958862,0.0012211427092552185,-8.909385681152344,-0.15549811446614611,-98.78673553466797,-1.724153792376837,90.09413146972656,1.5724392308713664,78.40628814697266,1.3684478824320765,93.91853332519531,1.6391876351686765,0.12211427092552185,0.0012211427092552185,False,False,0.0,0.0,0.0,0.0,0.0,0.0,0.0,0.0,0.0,0.0,0.0,0.0,0.0,0.0,0.0,0.0
1,275,10.903137766988948,10.915516186039895,False,-9.450549125671387,-0.16494320333003998,-97.62637329101562,-1.7039016485214233,91.29669952392578,1.5934280157089233,78.81318664550781,1.375549554824829,93.53845977783203,1.632554054260254,0.6868131868131868,0.006868131868131868,-0.16302096843719482,-1.737312912940979,1.5903890132904053,1.370610237121582,1.643262267112732,0.0011481493711471558,-9.340413093566895,-0.1630209619791315,-99.54069519042969,-1.737312870797082,91.12257385253906,1.5903889366185004,78.5301742553711,1.370610102921112,94.15198516845703,1.6432621384784432,0.11481493711471558,0.0011481493711471558,False,False,0.0,0.0,0.0,0.0,0.0,0.0,0.0,0.0,0.0,0.0,0.0,0.0,0.0,0.0,0.0,0.0
1,276,10.936542657087557,10.949632003088482,False,-9.450549125671387,-0.16494320333003998,-97.62637329101562,-1.7039016485214233,91.29669952392578,1.5934280157089233,78.81318664550781,1.375549554824829,93.53845977783203,1.632554054260254,0.6868131868131868,0.006868131868131868,-0.15958158671855927,-1.7229689359664917,1.5857356786727905,1.3661630153656006,1.6316769123077393,0.002256348729133606,-9.143350601196289,-0.15958157265507822,-98.71884155273438,-1.7229688188498062,90.85595703125,1.585735595245805,78.2753677368164,1.3661628902167886,93.48819732666016,1.6316768551043805,0.2256348729133606,0.002256348729133606,False,False,0.0,0.0,0.0,0.0,0.0,0.0,0.0,0.0,0.0,0.0,0.0,0.0,0.0,0.0,0.0,0.0
1,277,10.970060084015131,10.98215864598751,False,-9.450549125671387,-0.16494320333003998,-97.71428680419922,-1.7054359912872314,91.29669952392578,1.5934280157089233,78.81318664550781,1.375549554824829,93.53845977783203,1.632554054260254,0.6868131868131868,0.006868131868131868,-0.15967008471488953,-1.7312421798706055,1.5809236764907837,1.368161916732788,1.6371995210647583,0.001707322895526886,-9.148421287536621,-0.15967007282705292,-99.19286346435547,-1.731242061934192,90.58024597167969,1.5809235294721409,78.38990020751953,1.368161858931002,93.80461883544922,1.6371994522568778,0.1707322895526886,0.001707322895526886,False,False,0.0,0.0,0.0,0.0,0.0,0.0,0.0,0.0,0.0,0.0,0.0,0.0,0.0,0.0,0.0,0.0
1,278,11.003956384025514,11.015983726014383,False,-9.450549125671387,-0.16494320333003998,-97.80220031738281,-1.706970453262329,91.29669952392578,1.5934280157089233,78.81318664550781,1.375549554824829,93.53845977783203,1.632554054260254,0.6868131868131868,0.006868131868131868,-0.15919376909732819,-1.7399083375930786,1.584587812423706,1.368632435798645,1.6459745168685913,0.000964626669883728,-9.12113094329834,-0.15919376646609226,-99.68939971923828,-1.7399082544374187,90.79019165039062,1.584587772815981,78.41685485839844,1.3686323063375645,94.30738830566406,1.6459744348906344,0.0964626669883728,0.000964626669883728,False,False,0.0,0.0,0.0,0.0,0.0,0.0,0.0,0.0,0.0,0.0,0.0,0.0,0.0,0.0,0.0,0.0
1,279,11.037511872011237,11.051056751050055,False,-9.450549125671387,-0.16494320333003998,-97.80220031738281,-1.706970453262329,91.29669952392578,1.5934280157089233,78.81318664550781,1.375549554824829,93.53845977783203,1.632554054260254,0.6868131868131868,0.006868131868131868,-0.1585911512374878,-1.7267626523971558,1.5678263902664185,1.368703842163086,1.6395022869110107,0.0017853379249572754,-9.086603164672852,-0.15859114304567776,-98.93620300292969,-1.726762491822624,89.829833984375,1.5678263695472403,78.42095184326172,1.3687038122128332,93.93655395507812,1.6395021544934147,0.17853379249572754,0.0017853379249572754,False,False,0.0,0.0,0.0,0.0,0.0,0.0,0.0,0.0,0.0,0.0,0.0,0.0,0.0,0.0,0.0,0.0
1,280,11.071064233081415,11.08171742898412,False,-9.450549125671387,-0.16494320333003998,-97.80220031738281,-1.706970453262329,91.29669952392578,1.5934280157089233,78.81318664550781,1.375549554824829,93.53845977783203,1.632554054260254,0.6868131868131868,0.006868131868131868,-0.1576710343360901,-1.723759412765503,1.5726115703582764,1.3691892623901367,1.6391710042953491,0.0025627315044403076,-9.033884048461914,-0.15767102088905538,-98.7641372680664,-1.7237593782193963,90.10400390625,1.5726115373938947,78.44876098632812,1.3691891733215,93.91757202148438,1.639170857253809,0.25627315044403076,0.0025627315044403076,False,False,0.0,0.0,0.0,0.0,0.0,0.0,0.0,0.0,0.0,0.0,0.0,0.0,0.0,0.0,0.0,0.0
1,281,11.104406550060958,11.115108477068134,False,-9.450549125671387,-0.16494320333003998,-97.80220031738281,-1.706970453262329,91.29669952392578,1.5934280157089233,78.81318664550781,1.375549554824829,93.53845977783203,1.632554054260254,0.6868131868131868,0.006868131868131868,-0.157314732670784,-1.737736701965332,1.5817152261734009,1.370302438735962,1.6342605352401733,0.0016557872295379639,-9.013469696044922,-0.1573147232247164,-99.56497192382812,-1.7377365797265136,90.62560272216797,1.581715154106167,78.51254272460938,1.3703023746571532,93.63622283935547,1.6342603876778663,0.1655787229537964,0.0016557872295379639,False,False,0.0,0.0,0.0,0.0,0.0,0.0,0.0,0.0,0.0,0.0,0.0,0.0,0.0,0.0,0.0,0.0
1,282,11.137803358025849,11.14851918304339,False,-9.450549125671387,-0.16494320333003998,-97.80220031738281,-1.706970453262329,91.29669952392578,1.5934280157089233,78.81318664550781,1.375549554824829,93.53845977783203,1.632554054260254,0.6868131868131868,0.006868131868131868,-0.15738120675086975,-1.7312990427017212,1.559322714805603,1.3689606189727783,1.6345722675323486,0.001470901072025299,-9.017278671264648,-0.1573812023834275,-99.19612121582031,-1.731298920423465,89.34260559082031,1.5593226298705083,78.43566131591797,1.3689605409419168,93.65409088134766,1.6345722438415147,0.1470901072025299,0.001470901072025299,False,False,0.0,0.0,0.0,0.0,0.0,0.0,0.0,0.0,0.0,0.0,0.0,0.0,0.0,0.0,0.0,0.0
1,283,11.171264945995063,11.181961448048241,False,-9.450549125671387,-0.16494320333003998,-97.80220031738281,-1.706970453262329,91.29669952392578,1.5934280157089233,78.81318664550781,1.375549554824829,93.53845977783203,1.632554054260254,0.6868131868131868,0.006868131868131868,-0.1605072319507599,-1.723098635673523,1.5828591585159302,1.3675087690353394,1.6345270872116089,0.0013264194130897522,-9.196386337280273,-0.16050722087096253,-98.72627258300781,-1.7230985147948932,90.69114685058594,1.5828591149524105,78.35247802734375,1.36750871867366,93.65149688720703,1.6345269701029832,0.13264194130897522,0.0013264194130897522,False,False,0.0,0.0,0.0,0.0,0.0,0.0,0.0,0.0,0.0,0.0,0.0,0.0,0.0,0.0,0.0,0.0
1,284,11.204860556987114,11.218261284055188,False,-9.450549125671387,-0.16494320333003998,-97.80220031738281,-1.706970453262329,91.29669952392578,1.5934280157089233,78.81318664550781,1.375549554824829,93.53845977783203,1.632554054260254,0.6868131868131868,0.006868131868131868,-0.158540278673172,-1.7275772094726562,1.584433913230896,1.367439866065979,1.6312685012817383,0.0004025176167488098,-9.083688735961914,-0.15854027666885726,-98.98287963867188,-1.7275771528000794,90.7813720703125,1.5844338421049744,78.34852600097656,1.367439742801427,93.46479797363281,1.6312684593512168,0.04025176167488098,0.0004025176167488098,False,False,0.0,0.0,0.0,0.0,0.0,0.0,0.0,0.0,0.0,0.0,0.0,0.0,0.0,0.0,0.0,0.0
1,285,11.238295668037608,11.250793102080934,False,-9.450549125671387,-0.16494320333003998,-97.80220031738281,-1.706970453262329,91.29669952392578,1.5934280157089233,78.81318664550781,1.375549554824829,93.53845977783203,1.632554054260254,0.6868131868131868,0.006868131868131868,-0.1597781628370285,-1.7458269596099854,1.5762625932693481,1.370263695716858,1.6378264427185059,0.0007611960172653198,-9.154613494873047,-0.1597781472330397,-100.00004577636719,-1.7453300509426566,90.31318664550781,1.5762624649322843,78.51032257080078,1.3702636256632925,93.84053802490234,1.6378263603774825,0.07611960172653198,0.0007611960172653198,False,False,0.0,0.0,0.0,0.0,0.02846527099609375,0.0,0.02846527099609375,0.0,0.0,0.0,0.0,0.0,0.0,0.0,0.0,0.0
1,286,11.271737759001553,11.282844692002982,False,-9.450549125671387,-0.16494320333003998,-97.80220031738281,-1.706970453262329,91.29669952392578,1.5934280157089233,78.81318664550781,1.375549554824829,93.53845977783203,1.632554054260254,0.6868131868131868,0.006868131868131868,-0.15791380405426025,-1.7360913753509521,1.5781786441802979,1.368666410446167,1.6374818086624146,0.0026348382234573364,-9.047794342041016,-0.15791380131192972,-99.470703125,-1.7360912788050626,90.4229736328125,1.5781786093365961,78.41880798339844,1.3686663947995175,93.82079315185547,1.6374817473324261,0.26348382234573364,0.0026348382234573364,False,False,0.0,0.0,0.0,0.0,0.0,0.0,0.0,0.0,0.0,0.0,0.0,0.0,0.0,0.0,0.0,0.0
1,287,11.30601815704722,11.317958623054437,False,-9.450549125671387,-0.16494320333003998,-97.80220031738281,-1.706970453262329,91.29669952392578,1.5934280157089233,78.81318664550781,1.375549554824829,93.53845977783203,1.632554054260254,0.6868131868131868,0.006868131868131868,-0.1602545529603958,-1.7238781452178955,1.56465482711792,1.3684364557266235,1.639664649963379,0.0019427016377449036,-9.18190860748291,-0.16025453681778443,-98.77093505859375,-1.7238780220459593,89.64810943603516,1.5646546778470103,78.40563201904297,1.3684364308393893,93.94586181640625,1.6396646073199097,0.19427016377449036,0.0019427016377449036,False,False,0.0,0.0,0.0,0.0,0.0,0.0,0.0,0.0,0.0,0.0,0.0,0.0,0.0,0.0,0.0,0.0
1,288,11.339221028028987,11.351726111024618,False,-9.450549125671387,-0.16494320333003998,-97.80220031738281,-1.706970453262329,91.29669952392578,1.5934280157089233,78.81318664550781,1.375549554824829,93.53845977783203,1.632554054260254,0.6868131868131868,0.006868131868131868,-0.15657660365104675,-1.699628472328186,1.5439404249191284,1.3670164346694946,1.640116572380066,0.00328247994184494,-8.97117805480957,-0.1565765948390873,-97.38153076171875,-1.6996283424241339,88.46126556396484,1.543940344572265,78.32426452636719,1.3670163001881044,93.97175598144531,1.640116545756896,0.328247994184494,0.00328247994184494,False,False,0.0,0.0,0.0,0.0,0.0,0.0,0.0,0.0,0.0,0.0,0.0,0.0,0.0,0.0,0.0,0.0
1,289,11.372816321090795,11.386189487064257,False,-9.450549125671387,-0.16494320333003998,-97.80220031738281,-1.706970453262329,91.29669952392578,1.5934280157089233,78.81318664550781,1.375549554824829,93.53845977783203,1.632554054260254,0.6868131868131868,0.006868131868131868,-0.1603257656097412,-1.6435816287994385,1.3653377294540405,1.369886875152588,1.6459234952926636,0.0024749264121055603,-9.185989379882812,-0.16032575973218724,-94.1702880859375,-1.6435815846511983,87.29669952392578,1.5236148328166712,78.48873138427734,1.3698867883690464,94.3044662475586,1.6459234353557595,0.24749264121055603,0.0024749264121055603,False,False,0.0,0.0,0.0,0.0,0.0,0.0,0.0,0.0,9.068611145019531,9.068611145019531,0.0,0.0,0.0,0.0,0.0,0.0
1,290,11.40624066197779,11.419978706049733,False,-9.450549125671387,-0.16494320333003998,-97.80220031738281,-1.706970453262329,91.20879364013672,1.5918937921524048,78.81318664550781,1.375549554824829,93.53845977783203,1.632554054260254,0.6868131868131868,0.006868131868131868,-0.16726075112819672,-1.5056002140045166,1.2123284339904785,1.3701376914978027,1.643290400505066,0.006203562021255493,-9.583334922790527,-0.16726074772405128,-93.80220031738281,-1.6371572411536,87.20879364013672,1.5220805857126767,78.50310516357422,1.370137658143732,94.15360260009766,1.643290367985998,0.6203562021255493,0.006203562021255493,False,False,0.0,0.0,0.0,0.0,0.0,7.537666320800781,7.537666320800781,0.0,17.74749755859375,17.74749755859375,0.0,0.0,0.0,0.0,0.0,0.0
1,291,11.440107780043036,11.454033668036573,False,-9.450549125671387,-0.16494320333003998,-97.18681335449219,-1.6962298154830933,90.85713958740234,1.5857561826705933,78.81318664550781,1.375549554824829,93.53845977783203,1.632554054260254,0.6868131868131868,0.006868131868131868,-0.1732328087091446,-1.3389630317687988,1.1337677240371704,1.3723162412643433,1.644546627998352,0.005389690399169922,-9.925508499145508,-0.1732328032447699,-93.18681335449219,-1.6264167124773106,86.85713958740234,1.51594306466448,78.62792205810547,1.3723161239154167,94.22557830810547,1.6445465810721884,0.5389690399169922,0.005389690399169922,False,False,0.0,0.0,0.0,0.0,0.0,16.469886779785156,16.469886779785156,0.0,21.89704132080078,21.89704132080078,0.0,0.0,0.0,0.0,0.0,0.0
1,292,11.473298485041596,11.486816127086058,False,-9.362637519836426,-0.16340884566307068,-96.21977996826172,-1.6793519258499146,90.5934066772461,1.5811532735824585,78.81318664550781,1.375549554824829,93.53845977783203,1.632554054260254,0.6868131868131868,0.006868131868131868,-0.17817184329032898,-1.262289047241211,1.040666103363037,1.3716483116149902,1.6461842060089111,0.005727693438529968,-10.208494186401367,-0.1781718352234036,-92.21977996826172,-1.609538795910879,86.5934066772461,1.511340057036387,78.58965301513672,1.3716482031140247,94.31940460205078,1.646184158826478,0.5727693438529968,0.005727693438529968,False,False,0.0,0.0,0.0,0.0,0.0,19.895950317382812,19.895950317382812,0.0,26.967636108398438,26.967636108398438,0.0,0.0,0.0,0.0,0.0,0.0
1,293,11.506712537026033,11.520013394998387,False,-9.362637519836426,-0.16340884566307068,-95.6043930053711,-1.6686114072799683,90.5934066772461,1.5811532735824585,78.81318664550781,1.375549554824829,93.53845977783203,1.632554054260254,0.6868131868131868,0.006868131868131868,-0.1811000555753708,-1.171771764755249,0.9473389387130737,1.3691214323043823,1.6468274593353271,0.0068864040076732635,-10.37626838684082,-0.18110004742097296,-91.6043930053711,-1.5987982672345893,86.5934066772461,1.511340057036387,78.44487762451172,1.3691213958717576,94.35625457763672,1.6468273122297323,0.6886404007673264,0.0068864040076732635,False,False,0.0,0.0,0.0,0.0,0.0,24.466819763183594,24.466819763183594,0.0,32.31488800048828,32.31488800048828,0.0,0.0,0.0,0.0,0.0,0.0
1,294,11.54004622506909,11.552496446063742,False,-9.362637519836426,-0.16340884566307068,-94.46154022216797,-1.6486648321151733,90.5934066772461,1.5811532735824585,78.81318664550781,1.375549554824829,93.53845977783203,1.632554054260254,0.6868131868131868,0.006868131868131868,-0.17594575881958008,-1.1457548141479492,0.9514603614807129,1.370976209640503,1.6410746574401855,0.005808927118778229,-10.080948829650879,-0.1759457488024768,-90.46154022216797,-1.5788517233021138,86.5934066772461,1.511340057036387,78.5511474609375,1.3709761544129433,94.02664947509766,1.641074617959052,0.5808927118778229,0.005808927118778229,False,False,0.0,0.0,0.0,0.0,0.0,24.81462860107422,24.81462860107422,0.0,32.0787467956543,32.0787467956543,0.0,0.0,0.0,0.0,0.0,0.0
1,295,11.57357840705663,11.586456942022778,False,-9.626373291015625,-0.16801190376281738,-93.67032623291016,-1.6348556280136108,90.5934066772461,1.5811532735824585,78.81318664550781,1.375549554824829,93.53845977783203,1.632554054260254,0.6868131868131868,0.006868131868131868,-0.1795075535774231,-1.0801219940185547,0.895928144454956,1.3720667362213135,1.642328143119812,0.006991751492023468,-10.285024642944336,-0.17950754366813285,-89.67032623291016,-1.565042434101726,86.5934066772461,1.511340057036387,78.61363220214844,1.3720667188793307,94.09846496582031,1.642328034726098,0.6991751492023468,0.006991751492023468,False,False,0.0,0.0,0.0,0.0,0.0,27.783897399902344,27.783897399902344,0.0,35.2605094909668,35.2605094909668,0.0,0.0,0.0,0.0,0.0,0.0
1,296,11.606986981001683,11.620304318028502,False,-9.978021621704102,-0.17414933443069458,-92.96703338623047,-1.6225807666778564,90.5934066772461,1.5811532735824585,78.81318664550781,1.375549554824829,93.53845977783203,1.632554054260254,0.6868131868131868,0.006868131868131868,-0.18078729510307312,-1.0052958726882935,0.8489722013473511,1.3689241409301758,1.6490381956100464,0.0056587085127830505,-10.358348846435547,-0.1807872924404568,-88.96703338623047,-1.5527676583214416,86.5934066772461,1.511340057036387,78.4335708618164,1.3689240556349827,94.48292541503906,1.6490381354086616,0.565870851278305,0.0056587085127830505,False,False,0.0,0.0,0.0,0.0,0.0,31.36782455444336,31.36782455444336,0.0,37.95088577270508,37.95088577270508,0.0,0.0,0.0,0.0,0.0,0.0
1,297,11.640266622998752,11.655449328012764,False,-10.329669952392578,-0.18028675019741058,-92.0,-1.6057028770446777,90.5934066772461,1.5811532735824585,78.81318664550781,1.375549554824829,93.53845977783203,1.632554054260254,0.6868131868131868,0.006868131868131868,-0.18376471102237701,-0.8937968015670776,0.751498818397522,1.3719555139541626,1.6492832899093628,0.008650951087474823,-10.528942108154297,-0.18376470653916538,-88.0,-1.53588974175501,86.5934066772461,1.511340057036387,78.60725402832031,1.3719553987457653,94.49696350097656,1.6492831462289488,0.8650951087474823,0.008650951087474823,False,False,0.0,0.0,0.0,0.0,0.0,36.78921890258789,36.78921890258789,0.0,43.53569793701172,43.53569793701172,0.0,0.0,0.0,0.0,0.0,0.0
1,298,11.673691648058593,11.687683864030987,False,-10.329669952392578,-0.18028675019741058,-91.12088012695312,-1.5903593301773071,90.5934066772461,1.5811532735824585,78.81318664550781,1.375549554824829,93.53845977783203,1.632554054260254,0.6868131868131868,0.006868131868131868,-0.17690052092075348,-0.8293261528015137,0.72218918800354,1.3729513883590698,1.6438685655593872,0.007571063935756683,-10.135652542114258,-0.17690050869802704,-87.12088012695312,-1.5205462054506276,86.5934066772461,1.511340057036387,78.66431427001953,1.3729512878354004,94.18672943115234,1.6438685402586541,0.7571063935756683,0.007571063935756683,False,False,0.0,0.0,0.0,0.0,0.0,39.6039924621582,39.6039924621582,0.0,45.21501541137695,45.21501541137695,0.0,0.0,0.0,0.0,0.0,0.0
1,299,11.707309816032648,11.721024492988363,False,-10.329669952392578,-0.18028675019741058,-90.15384674072266,-1.5734814405441284,90.5934066772461,1.5811532735824585,78.81318664550781,1.375549554824829,93.53845977783203,1.632554054260254,0.6868131868131868,0.006868131868131868,-0.18643435835838318,-0.7534095048904419,0.6643298864364624,1.370977520942688,1.6451003551483154,0.008167371153831482,-10.681900978088379,-0.18643434243964488,-86.15384674072266,-1.503668288884196,86.5934066772461,1.511340057036387,78.55122375488281,1.3709774859934882,94.2573013305664,1.645100252262816,0.8167371153831482,0.008167371153831482,False,False,0.0,0.0,0.0,0.0,0.0,42.986663818359375,42.986663818359375,0.0,48.53010940551758,48.53010940551758,0.0,0.0,0.0,0.0,0.0,0.0
1,300,11.74057922908105,11.903973667067476,False,-10.329669952392578,-0.18028675019741058,-89.53845977783203,-1.5627409219741821,90.5934066772461,1.5811532735824585,78.81318664550781,1.375549554824829,93.53845977783203,1.632554054260254,0.6868131868131868,0.006868131868131868,-0.17784278094768524,-1.66465163230896,1.584017276763916,1.3690619468688965,1.638461947441101,0.0002984553575515747,-10.189640045166016,-0.1778427683812107,-93.53845977783203,-1.6325541003674526,90.75749969482422,1.5840171905524314,78.44146728515625,1.3690618742213942,93.876953125,1.6384619237716298,0.02984553575515747,0.0002984553575515747,False,False,0.0,0.0,0.0,0.0,0.0,1.83905029296875,1.83905029296875,0.0,0.0,0.0,0.0,0.0,0.0,0.0,0.0,0.0
1,301,11.905514947022311,11.917426081025042,False,-10.329669952392578,-0.18028675019741058,-87.16483306884766,-1.5213133096694946,90.5934066772461,1.5811532735824585,78.81318664550781,1.375549554824829,93.53845977783203,1.632554054260254,0.6868131868131868,0.006868131868131868,-0.18493372201919556,-1.6721687316894531,1.5846197605133057,1.3693547248840332,1.6379045248031616,-0.0005775094032287598,-10.595921516418457,-0.18493371774441247,-91.16483306884766,-1.591126499082398,90.79202270507812,1.584619730749062,78.45824432373047,1.3693546887832486,93.84500885009766,1.6379043909974218,0.0,0.0,True,False,0.05775094032287598,0.0,0.0,0.0,0.0,4.64337158203125,4.64337158203125,0.0,0.0,0.0,0.0,0.0,0.0,0.0,0.0,0.0
1,302,11.939014948089607,11.951539336005226,False,-10.417582511901855,-0.18182110786437988,-87.34066009521484,-1.5243821144104004,90.5934066772461,1.5811532735824585,78.81318664550781,1.375549554824829,93.53845977783203,1.632554054260254,0.6868131868131868,0.006868131868131868,-0.18215563893318176,-1.6759113073349,1.59726083278656,1.3614983558654785,1.640377163887024,8.299946784973145e-05,-10.436748504638672,-0.1821556246085395,-91.34066009521484,-1.5941952596064963,91.51629638671875,1.597260691179232,78.00810241699219,1.3614982304094603,93.98668670654297,1.6403771360695603,0.008299946784973145,8.299946784973145e-05,False,False,0.0,0.0,0.0,0.0,0.0,4.681976318359375,4.681976318359375,0.0,0.0,0.0,0.0,0.0,0.0,0.0,0.0,0.0
1,303,11.972573493025266,11.985684287035838,False,-10.417582511901855,-0.18182110786437988,-87.42857360839844,-1.5259164571762085,90.68132019042969,1.5826876163482666,78.81318664550781,1.375549554824829,93.53845977783203,1.632554054260254,0.6868131868131868,0.006868131868131868,-0.17639434337615967,-1.6633429527282715,1.5918700695037842,1.3638572692871094,1.6487046480178833,-0.001182660460472107,-10.106651306152344,-0.17639434164334383,-91.42857360839844,-1.5957296398685454,91.20742797851562,1.5918699205006936,78.14326477050781,1.3638572585030524,94.46381378173828,1.6487045744821291,0.0,0.0,True,False,0.1182660460472107,0.0,0.0,0.0,0.0,3.8739547729492188,3.8739547729492188,0.0,0.0,0.0,0.0,0.0,0.0,0.0,0.0,0.0
1,304,12.006051697069779,12.020189404021949,False,-10.417582511901855,-0.18182110786437988,-88.30769348144531,-1.541260004043579,91.38461303710938,1.5949623584747314,78.81318664550781,1.375549554824829,93.53845977783203,1.632554054260254,0.6868131868131868,0.006868131868131868,-0.1802295297384262,-1.6657061576843262,1.589875340461731,1.3651288747787476,1.6416105031967163,-0.0014310553669929504,-10.326391220092773,-0.18022952663965333,-92.30769348144531,-1.611073176172928,91.0931396484375,1.5898752128442242,78.21611785888672,1.3651287847655107,94.0573501586914,1.641610445970376,0.0,0.0,True,False,0.14310553669929504,0.0,0.0,0.0,0.0,3.1302337646484375,3.1302337646484375,0.0,0.0,0.0,0.0,0.0,0.0,0.0,0.0,0.0
1,305,12.039747775066644,12.053620460093953,False,-10.417582511901855,-0.18182110786437988,-89.53845977783203,-1.5627409219741821,91.64835357666016,1.5995655059814453,78.81318664550781,1.375549554824829,93.80220031738281,1.6371572017669678,0.6868131868131868,0.006868131868131868,-0.18079490959644318,-1.6802386045455933,1.5893988609313965,1.362913966178894,1.6434930562973022,-0.00019760429859161377,-10.358784675598145,-0.18079489909432034,-93.53845977783203,-1.6325541003674526,91.06584167480469,1.589398773325209,78.0892105102539,1.3629138336868918,94.16520690917969,1.6434929013868986,0.0,0.0,True,False,0.019760429859161377,0.0,0.0,0.0,0.0,2.73211669921875,2.73211669921875,0.0,0.0,0.0,0.0,0.0,0.0,0.0,0.0,0.0
1,306,12.073154409066774,12.086565076024272,False,-10.593406677246094,-0.18488982319831848,-91.03296661376953,-1.588824987411499,91.64835357666016,1.5995655059814453,78.81318664550781,1.375549554824829,93.53845977783203,1.632554054260254,0.6868131868131868,0.006868131868131868,-0.18416590988636017,-1.678067684173584,1.5835059881210327,1.3651152849197388,1.648698091506958,0.0002071857452392578,-10.551928520202637,-0.184165895112629,-95.03296661376953,-1.6586381653481246,90.72820281982422,1.5835058636231363,78.21533966064453,1.3651152026439515,94.46343994140625,1.6486980497374584,0.02071857452392578,0.0002071857452392578,False,False,0.0,0.0,0.0,0.0,0.0,1.1132278442382812,1.1132278442382812,0.0,0.0,0.0,0.0,0.0,0.0,0.0,0.0,0.0
1,307,12.10684271005448,12.120252634980716,False,-10.769230842590332,-0.18795853853225708,-91.20879364013672,-1.5918937921524048,91.64835357666016,1.5995655059814453,78.81318664550781,1.375549554824829,93.53845977783203,1.632554054260254,0.6868131868131868,0.006868131868131868,-0.18311992287635803,-1.6832913160324097,1.592803716659546,1.3661954402923584,1.6475334167480469,0.0008817166090011597,-10.491997718811035,-0.18311990530498676,-95.20879364013672,-1.661706925872223,91.26092529296875,1.5928036247788755,78.27722930908203,1.3661953807820875,94.3967056274414,1.6475333162347123,0.08817166090011597,0.0008817166090011597,False,False,0.0,0.0,0.0,0.0,0.0,1.2366867065429688,1.2366867065429688,0.0,0.0,0.0,0.0,0.0,0.0,0.0,0.0,0.0
1,308,12.140381982084364,12.154152451083064,False,-10.769230842590332,-0.18795853853225708,-91.82417297363281,-1.6026341915130615,91.64835357666016,1.5995655059814453,78.81318664550781,1.375549554824829,93.53845977783203,1.632554054260254,0.6868131868131868,0.006868131868131868,-0.18249031901359558,-1.679144024848938,1.5792549848556519,1.3666527271270752,1.6437333822250366,0.00044792890548706055,-10.455924034118652,-0.1824903007337784,-95.82417297363281,-1.672447321390458,90.4846420288086,1.5792549258911517,78.30342864990234,1.3666526455412542,94.1789779663086,1.6437332516752783,0.044792890548706055,0.00044792890548706055,False,False,0.0,0.0,0.0,0.0,0.0,0.38368988037109375,0.38368988037109375,0.0,0.0,0.0,0.0,0.0,0.0,0.0,0.0,0.0
1,309,12.173847752041183,12.187389629078098,False,-10.769230842590332,-0.18795853853225708,-93.4065933227539,-1.6302525997161865,91.64835357666016,1.5995655059814453,78.81318664550781,1.375549554824829,93.53845977783203,1.632554054260254,0.6868131868131868,0.006868131868131868,-0.1795569509267807,-1.678830862045288,1.5833543539047241,1.3663911819458008,1.6414072513580322,0.0012766718864440918,-10.28785514831543,-0.1795569453063538,-96.1899185180664,-1.6788307853653235,90.71952056884766,1.5833543297571107,78.28844451904297,1.3663911231222083,94.04570007324219,1.6414071136211486,0.12766718864440918,0.0012766718864440918,False,False,0.0,0.0,0.0,0.0,0.0,0.0,0.0,0.0,0.0,0.0,0.0,0.0,0.0,0.0,0.0,0.0
1,310,12.20704867306631,12.218959735007957,False,-10.769230842590332,-0.18795853853225708,-94.28571319580078,-1.6455961465835571,91.56044006347656,1.5980311632156372,78.81318664550781,1.375549554824829,93.53845977783203,1.632554054260254,0.6868131868131868,0.006868131868131868,-0.1815146803855896,-1.6887993812561035,1.5819851160049438,1.367655634880066,1.639826774597168,0.0007717907428741455,-10.4000244140625,-0.1815146683131847,-96.76107025146484,-1.6887992636415992,90.64106750488281,1.5819850654826464,78.36089324951172,1.367655592007778,93.95514678955078,1.639826660672241,0.07717907428741455,0.0007717907428741455,False,False,0.0,0.0,0.0,0.0,0.0,0.0,0.0,0.0,0.0,0.0,0.0,0.0,0.0,0.0,0.0,0.0
1,311,12.240513951983303,12.253852201043628,False,-10.769230842590332,-0.18795853853225708,-94.28571319580078,-1.6455961465835571,91.56044006347656,1.5980311632156372,78.81318664550781,1.375549554824829,93.53845977783203,1.632554054260254,0.6868131868131868,0.006868131868131868,-0.17685380578041077,-1.6971899271011353,1.578683853149414,1.367469310760498,1.6408003568649292,-9.885430335998535e-05,-10.132976531982422,-0.17685380351040975,-97.24181365966797,-1.6971898189720027,90.45191955566406,1.5786838109953842,78.35021209716797,1.3674691707314723,94.01093292236328,1.640800312366774,0.0,0.0,True,False,0.009885430335998535,0.0,0.0,0.0,0.0,0.0,0.0,0.0,0.0,0.0,0.0,0.0,0.0,0.0,0.0,0.0
1,312,12.273961054044776,12.288332836003974,False,-10.769230842590332,-0.18795853853225708,-94.72527313232422,-1.6532678604125977,91.56044006347656,1.5980311632156372,78.81318664550781,1.375549554824829,93.53845977783203,1.632554054260254,0.6868131868131868,0.006868131868131868,-0.18243159353733063,-1.6880052089691162,1.5828367471694946,1.3666950464248657,1.6407781839370728,0.0007425621151924133,-10.452559471130371,-0.18243157803174215,-96.71556854248047,-1.6880051090045374,90.68985748291016,1.5828366112411993,78.30585479736328,1.3666949898025864,94.00965881347656,1.6407780749716718,0.07425621151924133,0.0007425621151924133,False,False,0.0,0.0,0.0,0.0,0.0,0.0,0.0,0.0,0.0,0.0,0.0,0.0,0.0,0.0,0.0,0.0
1,313,12.3075643760385,12.320014977012761,False,-10.769230842590332,-0.18795853853225708,-95.34066009521484,-1.664008378982544,91.56044006347656,1.5980311632156372,78.81318664550781,1.375549554824829,93.53845977783203,1.632554054260254,0.6868131868131868,0.006868131868131868,-0.18272967636585236,-1.6929227113723755,1.596675992012024,1.3690823316574097,1.6436647176742554,0.0009275227785110474,-10.46963882446289,-0.18272966898150608,-96.99732208251953,-1.6929226359573688,91.4827880859375,1.5966758610038505,78.44263458251953,1.3690822474037334,94.175048828125,1.6436646752772086,0.09275227785110474,0.0009275227785110474,False,False,0.0,0.0,0.0,0.0,0.0,0.0,0.0,0.0,0.0,0.0,0.0,0.0,0.0,0.0,0.0,0.0
1,314,12.340753696043976,12.353184132021852,False,-10.857142448425293,-0.18949288129806519,-95.51648712158203,-1.6670771837234497,91.56044006347656,1.5980311632156372,78.81318664550781,1.375549554824829,93.53845977783203,1.632554054260254,0.6868131868131868,0.006868131868131868,-0.1823732554912567,-1.686378836631775,1.587687611579895,1.3656713962554932,1.6372582912445068,0.0005122199654579163,-10.449216842651367,-0.1823732381591126,-96.62238311767578,-1.686378716526826,90.9677963256836,1.5876875591667787,78.24720001220703,1.36567127067956,93.8079833984375,1.6372581749589141,0.051221996545791626,0.0005122199654579163,False,False,0.0,0.0,0.0,0.0,0.0,0.0,0.0,0.0,0.0,0.0,0.0,0.0,0.0,0.0,0.0,0.0
1,315,12.374437603983097,12.387419171980582,False,-10.857142448425293,-0.18949288129806519,-95.69230651855469,-1.6701457500457764,91.56044006347656,1.5980311632156372,78.81318664550781,1.375549554824829,93.53845977783203,1.632554054260254,0.6868131868131868,0.006868131868131868,-0.1778397113084793,-1.6894707679748535,1.5836732387542725,1.3652576208114624,1.6434508562088013,0.00042510777711868286,-10.189464569091797,-0.1778397057459571,-96.7995376586914,-1.689470646552408,90.73778533935547,1.5836731101395933,78.22349548339844,1.365257548604216,94.16279602050781,1.6434508234416754,0.042510777711868286,0.00042510777711868286,False,False,0.0,0.0,0.0,0.0,0.0,0.0,0.0,0.0,0.0,0.0,0.0,0.0,0.0,0.0,0.0,0.0
1,316,12.407622567028739,12.419998152996413,False,-10.857142448425293,-0.18949288129806519,-95.69230651855469,-1.6701457500457764,91.56044006347656,1.5980311632156372,78.81318664550781,1.375549554824829,93.53845977783203,1.632554054260254,0.6868131868131868,0.006868131868131868,-0.17970895767211914,-1.677057147026062,1.565469741821289,1.3659993410110474,1.6423829793930054,0.00034996122121810913,-10.296564102172852,-0.17970894522557007,-96.08829498291016,-1.6770571200793307,89.6948013305664,1.5654696051405745,78.2659912109375,1.365999238967803,94.10160827636719,1.6423828958445534,0.03499612212181091,0.00034996122121810913,False,False,0.0,0.0,0.0,0.0,0.0,0.0,0.0,0.0,0.0,0.0,0.0,0.0,0.0,0.0,0.0,0.0
1,317,12.441102180047892,12.453103309031576,False,-10.857142448425293,-0.18949288129806519,-95.69230651855469,-1.6701457500457764,91.56044006347656,1.5980311632156372,78.81318664550781,1.375549554824829,93.53845977783203,1.632554054260254,0.6868131868131868,0.006868131868131868,-0.18140289187431335,-1.6829098463058472,1.5663707256317139,1.3659157752990723,1.637264609336853,0.0006611868739128113,-10.393619537353516,-0.1814028821264286,-96.42362976074219,-1.6829098160489433,89.74642944335938,1.566370685695403,78.2612075805664,1.3659157488676292,93.808349609375,1.6372645665455303,0.06611868739128113,0.0006611868739128113,False,False,0.0,0.0,0.0,0.0,0.0,0.0,0.0,0.0,0.0,0.0,0.0,0.0,0.0,0.0,0.0,0.0
1,318,12.474369607050903,12.486561670084484,False,-10.769230842590332,-0.18795853853225708,-95.78022003173828,-1.671680212020874,91.47252655029297,1.5964967012405396,78.81318664550781,1.375549554824829,93.53845977783203,1.632554054260254,0.6868131868131868,0.006868131868131868,-0.18029570579528809,-1.6601884365081787,1.5401109457015991,1.3665043115615845,1.6431282758712769,0.0015010237693786621,-10.330182075500488,-0.18029568954798497,-95.12178802490234,-1.6601883914186597,88.24185180664062,1.5401108520827855,78.294921875,1.3665041743104822,94.1443099975586,1.6431281814756122,0.1501023769378662,0.0015010237693786621,False,False,0.0,0.0,0.0,0.0,0.0,0.0,0.0,0.0,0.0,0.0,0.0,0.0,0.0,0.0,0.0,0.0
1,319,12.508197601069696,12.518847119063139,False,-10.769230842590332,-0.18795853853225708,-95.78022003173828,-1.671680212020874,91.47252655029297,1.5964967012405396,78.81318664550781,1.375549554824829,93.53845977783203,1.632554054260254,0.6868131868131868,0.006868131868131868,-0.17884337902069092,-1.6615854501724243,1.5507445335388184,1.3678001165390015,1.6427687406539917,2.4862587451934814e-05,-10.246970176696777,-0.1788433679370239,-95.20182800292969,-1.661585352568461,88.85111236572266,1.5507444548413085,78.36917114257812,1.3678000684969147,94.12371063232422,1.6427686547284515,0.0024862587451934814,2.4862587451934814e-05,False,False,0.0,0.0,0.0,0.0,0.0,0.0,0.0,0.0,0.0,0.0,0.0,0.0,0.0,0.0,0.0,0.0
1,320,12.541568975080736,12.553948550019413,False,-10.769230842590332,-0.18795853853225708,-95.78022003173828,-1.671680212020874,91.47252655029297,1.5964967012405396,78.81318664550781,1.375549554824829,93.53845977783203,1.632554054260254,0.6868131868131868,0.006868131868131868,-0.1883198469877243,-1.688486933708191,1.540097951889038,1.3682080507278442,1.6440021991729736,0.0020106062293052673,-10.789932250976562,-0.18831984384666417,-96.74317169189453,-1.688486874845733,88.24110412597656,1.5400978025934442,78.39253997802734,1.3682079316178604,94.19438171386719,1.6440020977873218,0.20106062293052673,0.0020106062293052673,False,False,0.0,0.0,0.0,0.0,0.0,0.0,0.0,0.0,0.0,0.0,0.0,0.0,0.0,0.0,0.0,0.0
1,321,12.57493256404996,12.58596007199958,False,-10.769230842590332,-0.18795853853225708,-95.69230651855469,-1.6701457500457764,91.29669952392578,1.5934280157089233,78.81318664550781,1.375549554824829,93.53845977783203,1.632554054260254,0.6868131868131868,0.006868131868131868,-0.18687821924686432,-1.6834946870803833,1.5684895515441895,1.3676784038543701,1.6464697122573853,0.0023040398955345154,-10.707332611083984,-0.186878208169577,-96.45713806152344,-1.6834946462243248,89.86782836914062,1.56848949665867,78.36219787597656,1.367678362035098,94.33576202392578,1.6464696496953346,0.23040398955345154,0.0023040398955345154,False,False,0.0,0.0,0.0,0.0,0.0,0.0,0.0,0.0,0.0,0.0,0.0,0.0,0.0,0.0,0.0,0.0
1,322,12.608270302065648,12.62061814207118,False,-10.769230842590332,-0.18795853853225708,-95.69230651855469,-1.6701457500457764,91.29669952392578,1.5934280157089233,78.81318664550781,1.375549554824829,93.53845977783203,1.632554054260254,0.6868131868131868,0.006868131868131868,-0.1833922266960144,-1.6834728717803955,1.5688754320144653,1.3676021099090576,1.6458501815795898,0.003472946584224701,-10.507599830627441,-0.18339221352644736,-96.45588684082031,-1.683472808303386,89.88993835449219,1.5688753887006224,78.35782623291016,1.3676020624698673,94.30026245117188,1.6458500652677277,0.3472946584224701,0.003472946584224701,False,False,0.0,0.0,0.0,0.0,0.0,0.0,0.0,0.0,0.0,0.0,0.0,0.0,0.0,0.0,0.0,0.0
1,323,12.64174614509102,12.653674003086053,False,-10.769230842590332,-0.18795853853225708,-95.78022003173828,-1.671680212020874,91.29669952392578,1.5934280157089233,78.81318664550781,1.375549554824829,93.53845977783203,1.632554054260254,0.6868131868131868,0.006868131868131868,-0.17985500395298004,-1.6632755994796753,1.56096613407135,1.3635245561599731,1.6472835540771484,0.0034655556082725525,-10.304931640625,-0.1798549863218473,-95.29866790771484,-1.6632755277542797,89.436767578125,1.560966066579196,78.12419891357422,1.363524496524847,94.38239288330078,1.6472835117244629,0.34655556082725525,0.0034655556082725525,False,False,0.0,0.0,0.0,0.0,0.0,0.0,0.0,0.0,0.0,0.0,0.0,0.0,0.0,0.0,0.0,0.0
1,324,12.675067750038579,12.685521056992002,False,-10.769230842590332,-0.18795853853225708,-95.78022003173828,-1.671680212020874,91.29669952392578,1.5934280157089233,78.81318664550781,1.375549554824829,93.53845977783203,1.632554054260254,0.6868131868131868,0.006868131868131868,-0.17823970317840576,-1.7019881010055542,1.578876256942749,1.3664757013320923,1.643808126449585,0.003325626254081726,-10.212382316589355,-0.17823969589693017,-97.51673126220703,-1.7019880363079984,90.46294403076172,1.5788762243841425,78.29328918457031,1.3664756784868184,94.18326568603516,1.6438080865019093,0.3325626254081726,0.003325626254081726,False,False,0.0,0.0,0.0,0.0,0.0,0.0,0.0,0.0,0.0,0.0,0.0,0.0,0.0,0.0,0.0,0.0
1,325,12.70833270298317,12.72064231405966,False,-10.769230842590332,-0.18795853853225708,-95.78022003173828,-1.671680212020874,91.29669952392578,1.5934280157089233,78.81318664550781,1.375549554824829,93.53845977783203,1.632554054260254,0.6868131868131868,0.006868131868131868,-0.17921775579452515,-1.6868644952774048,1.5755470991134644,1.3636159896850586,1.6383143663406372,0.002472609281539917,-10.268420219421387,-0.17921774180726177,-96.65020751953125,-1.686864343951602,90.2721939086914,1.5755470067054345,78.12944030761719,1.3636159761082913,93.86849212646484,1.638314251489185,0.2472609281539917,0.002472609281539917,False,False,0.0,0.0,0.0,0.0,0.0,0.0,0.0,0.0,0.0,0.0,0.0,0.0,0.0,0.0,0.0,0.0
1,326,12.74185974500142,12.754588964045979,False,-10.681318283081055,-0.1864241659641266,-95.78022003173828,-1.671680212020874,91.29669952392578,1.5934280157089233,78.81318664550781,1.375549554824829,93.53845977783203,1.632554054260254,0.6868131868131868,0.006868131868131868,-0.18298281729221344,-1.695395588874817,1.5895881652832031,1.3666226863861084,1.6459882259368896,0.002748534083366394,-10.484142303466797,-0.18298280244311813,-97.13900756835938,-1.6953955141875618,91.07669067382812,1.5895881240787137,78.30170440673828,1.3666225518209363,94.30817413330078,1.6459881501702482,0.2748534083366394,0.002748534083366394,False,False,0.0,0.0,0.0,0.0,0.0,0.0,0.0,0.0,0.0,0.0,0.0,0.0,0.0,0.0,0.0,0.0
1,327,12.775120777077973,12.786346665001474,False,-10.681318283081055,-0.1864241659641266,-95.95604705810547,-1.6747488975524902,91.29669952392578,1.5934280157089233,78.81318664550781,1.375549554824829,93.53845977783203,1.632554054260254,0.6868131868131868,0.006868131868131868,-0.1809709072113037,-1.6847995519638062,1.5610558986663818,1.364361047744751,1.6425542831420898,0.001476489007472992,-10.368868827819824,-0.18097090075286093,-96.53189849853516,-1.684799462000409,89.44190979003906,1.5610558151079317,78.17212677001953,1.364360995423241,94.11141967773438,1.6425541371026455,0.1476489007472992,0.001476489007472992,False,False,0.0,0.0,0.0,0.0,0.0,0.0,0.0,0.0,0.0,0.0,0.0,0.0,0.0,0.0,0.0,0.0
1,328,12.80888121202588,12.819538776995614,False,-10.681318283081055,-0.1864241659641266,-96.04395294189453,-1.6762832403182983,91.29669952392578,1.5934280157089233,78.81318664550781,1.375549554824829,93.53845977783203,1.632554054260254,0.6868131868131868,0.006868131868131868,-0.18026533722877502,-1.6867363452911377,1.5702515840530396,1.3646239042282104,1.641969084739685,0.0030116960406303406,-10.328442573547363,-0.18026532951155808,-96.64286804199219,-1.6867362459031692,89.96878051757812,1.5702514440358664,78.18718719482422,1.3646238494228318,94.07789611816406,1.6419690406111551,0.30116960406303406,0.0030116960406303406,False,False,0.0,0.0,0.0,0.0,0.0,0.0,0.0,0.0,0.0,0.0,0.0,0.0,0.0,0.0,0.0,0.0
1,329,12.842125678085722,12.854445744073018,False,-10.681318283081055,-0.1864241659641266,-96.04395294189453,-1.6762832403182983,91.29669952392578,1.5934280157089233,78.81318664550781,1.375549554824829,93.53845977783203,1.632554054260254,0.6868131868131868,0.006868131868131868,-0.1742228865623474,-1.6966989040374756,1.578799843788147,1.3678832054138184,1.645723581314087,0.0022876113653182983,-9.9822359085083,-0.1742228833142773,-97.21368408203125,-1.6966988652250465,90.45856475830078,1.5787997916608572,78.37393188476562,1.3678831591229252,94.29300689697266,1.6457234319578944,0.22876113653182983,0.0022876113653182983,False,False,0.0,0.0,0.0,0.0,0.0,0.0,0.0,0.0,0.0,0.0,0.0,0.0,0.0,0.0,0.0,0.0
1,330,12.87568708602339,13.038872756063938,False,-10.681318283081055,-0.1864241659641266,-96.04395294189453,-1.6762832403182983,91.29669952392578,1.5934280157089233,78.81318664550781,1.375549554824829,93.53845977783203,1.632554054260254,0.6868131868131868,0.006868131868131868,-0.18012869358062744,-1.7238997220993042,1.6006418466567993,1.3672016859054565,1.6370762586593628,0.0007665678858757019,-10.320612907409668,-0.18012867605812338,-98.77217102050781,-1.723899593650789,91.71001434326172,1.600641707341142,78.33488464355469,1.367201656199974,93.79755401611328,1.637076147898407,0.07665678858757019,0.0007665678858757019,False,False,0.0,0.0,0.0,0.0,0.0,0.0,0.0,0.0,0.0,0.0,0.0,0.0,0.0,0.0,0.0,0.0
1,331,13.040338413091376,13.054308383027092,False,-10.417582511901855,-0.18182110786437988,-96.04395294189453,-1.6762832403182983,91.29669952392578,1.5934280157089233,78.81318664550781,1.375549554824829,93.53845977783203,1.632554054260254,0.6868131868131868,0.006868131868131868,-0.1818266063928604,-1.722372055053711,1.5961402654647827,1.3727346658706665,1.6353241205215454,0.0003378242254257202,-10.417896270751953,-0.18182659105586021,-98.68464660644531,-1.7223720044495194,91.45209503173828,1.5961401661505812,78.65190124511719,1.3727346396807225,93.6971664428711,1.635324054217244,0.03378242254257202,0.0003378242254257202,False,False,0.0,0.0,0.0,0.0,0.0,0.0,0.0,0.0,0.0,0.0,0.0,0.0,0.0,0.0,0.0,0.0
1,332,13.073752127005719,13.087249546078965,False,-10.417582511901855,-0.18182110786437988,-96.04395294189453,-1.6762832403182983,91.29669952392578,1.5934280157089233,78.81318664550781,1.375549554824829,93.53845977783203,1.632554054260254,0.6868131868131868,0.006868131868131868,-0.184166818857193,-1.721626877784729,1.5890133380889893,1.3707114458084106,1.6309870481491089,6.158649921417236e-05,-10.551980972290039,-0.18416681057425371,-98.6419448852539,-1.7216267188184609,91.04375457763672,1.5890132807574202,78.53598022460938,1.3707114362005894,93.44866943359375,1.6309869632239955,0.006158649921417236,6.158649921417236e-05,False,False,0.0,0.0,0.0,0.0,0.0,0.0,0.0,0.0,0.0,0.0,0.0,0.0,0.0,0.0,0.0,0.0
1,333,13.107350512989797,13.12045655399561,False,-10.417582511901855,-0.18182110786437988,-96.48351287841797,-1.6839549541473389,91.29669952392578,1.5934280157089233,78.81318664550781,1.375549554824829,93.53845977783203,1.632554054260254,0.6868131868131868,0.006868131868131868,-0.18487118184566498,-1.7345813512802124,1.594869613647461,1.3719792366027832,1.6358435153961182,-0.0013023391366004944,-10.592337608337402,-0.18487116674830925,-99.38418579101562,-1.7345812664669877,91.3792953491211,1.5948695719945043,78.60861206054688,1.371979100879467,93.72692108154297,1.6358433706298094,0.0,0.0,True,False,0.13023391366004944,0.0,0.0,0.0,0.0,0.0,0.0,0.0,0.0,0.0,0.0,0.0,0.0,0.0,0.0,0.0
1,334,13.140706759993918,13.154453390045092,False,-10.417582511901855,-0.18182110786437988,-96.83516693115234,-1.6900924444198608,91.29669952392578,1.5934280157089233,78.81318664550781,1.375549554824829,93.53845977783203,1.632554054260254,0.6868131868131868,0.006868131868131868,-0.18451274931430817,-1.7269673347473145,1.5993638038635254,1.3708792924880981,1.6328428983688354,0.0001452416181564331,-10.57180118560791,-0.1845127385550982,-98.94793701171875,-1.7269672889104513,91.63678741455078,1.599363656334013,78.54559326171875,1.3708792153492644,93.55500030517578,1.6328427870296172,0.01452416181564331,0.0001452416181564331,False,False,0.0,0.0,0.0,0.0,0.0,0.0,0.0,0.0,0.0,0.0,0.0,0.0,0.0,0.0,0.0,0.0
1,335,13.174460096051916,13.188294625026174,False,-10.417582511901855,-0.18182110786437988,-97.18681335449219,-1.6962298154830933,91.29669952392578,1.5934280157089233,78.81318664550781,1.375549554824829,93.53845977783203,1.632554054260254,0.6868131868131868,0.006868131868131868,-0.1815696805715561,-1.7390336990356445,1.6019489765167236,1.3690991401672363,1.6345211267471313,-0.0008850023150444031,-10.403175354003906,-0.1815696625896948,-99.6392822265625,-1.7390335391773821,91.784912109375,1.6019489199622075,78.44359588623047,1.3690990253186008,93.65115356445312,1.6345209779905305,0.0,0.0,True,False,0.08850023150444031,0.0,0.0,0.0,0.0,0.0,0.0,0.0,0.0,0.0,0.0,0.0,0.0,0.0,0.0,0.0
1,336,13.207730872090906,13.217904319986701,False,-10.417582511901855,-0.18182110786437988,-97.36264038085938,-1.699298620223999,91.38461303710938,1.5949623584747314,78.81318664550781,1.375549554824829,93.53845977783203,1.632554054260254,0.6868131868131868,0.006868131868131868,-0.18461856245994568,-1.7390896081924438,1.5894815921783447,1.3697842359542847,1.6324357986450195,0.0011442005634307861,-10.577863693237305,-0.1846185492741584,-99.64248657226562,-1.739089465560274,91.0705795288086,1.589481464477056,78.48284912109375,1.3697841235090238,93.53167724609375,1.6324357228569986,0.11442005634307861,0.0011442005634307861,False,False,0.0,0.0,0.0,0.0,0.0,0.0,0.0,0.0,0.0,0.0,0.0,0.0,0.0,0.0,0.0,0.0
1,337,13.241527086007409,13.25312639598269,False,-10.417582511901855,-0.18182110786437988,-97.53845977783203,-1.7023673057556152,91.38461303710938,1.5949623584747314,78.81318664550781,1.375549554824829,93.53845977783203,1.632554054260254,0.6868131868131868,0.006868131868131868,-0.18008068203926086,-1.728371024131775,1.5962718725204468,1.3683198690414429,1.6369528770446777,0.00031172484159469604,-10.317862510681152,-0.18008067257947472,-99.02835845947266,-1.7283709079629774,91.45963287353516,1.5962717263084312,78.3989486694336,1.3683197843836437,93.79048919677734,1.6369528435399365,0.031172484159469604,0.00031172484159469604,False,False,0.0,0.0,0.0,0.0,0.0,0.0,0.0,0.0,0.0,0.0,0.0,0.0,0.0,0.0,0.0,0.0
1,338,13.274961945018731,13.287690757075325,False,-10.417582511901855,-0.18182110786437988,-97.71428680419922,-1.7054359912872314,91.38461303710938,1.5949623584747314,78.81318664550781,1.375549554824829,93.53845977783203,1.632554054260254,0.6868131868131868,0.006868131868131868,-0.17983339726924896,-1.7374156713485718,1.6061679124832153,1.369187831878662,1.6308135986328125,-0.0006089583039283752,-10.303693771362305,-0.17983338142750405,-99.54657745361328,-1.7374155356571046,92.0266342163086,1.6061677666030565,78.44867706298828,1.3691877085829005,93.43872833251953,1.6308134582789768,0.0,0.0,True,False,0.060895830392837524,0.0,0.0,0.0,0.0,0.0,0.0,0.0,0.0,0.0,0.0,0.0,0.0,0.0,0.0,0.0
1,339,13.309018022031523,13.322025521076284,False,-10.417582511901855,-0.18182110786437988,-97.71428680419922,-1.7054359912872314,91.38461303710938,1.5949623584747314,78.81318664550781,1.375549554824829,93.53845977783203,1.632554054260254,0.6868131868131868,0.006868131868131868,-0.1782921552658081,-1.7422904968261719,1.600272297859192,1.3687013387680054,1.6348389387130737,-0.0009456649422645569,-10.215387344360352,-0.17829214352564793,-99.82588958740234,-1.7422904520324947,91.6888427734375,1.6002721937398936,78.42080688476562,1.3687012822097975,93.66936492919922,1.6348388262666316,0.0,0.0,True,False,0.09456649422645569,0.0,0.0,0.0,0.0,0.0,0.0,0.0,0.0,0.0,0.0,0.0,0.0,0.0,0.0,0.0
1,340,13.342446395079605,13.356034759082831,False,-10.417582511901855,-0.18182110786437988,-97.80220031738281,-1.706970453262329,91.38461303710938,1.5949623584747314,78.81318664550781,1.375549554824829,93.53845977783203,1.632554054260254,0.6868131868131868,0.006868131868131868,-0.181010901927948,-1.7399920225143433,1.5904247760772705,1.3677345514297485,1.6339794397354126,-0.0008715540170669556,-10.371160507202148,-0.18101089810348256,-99.6941909790039,-1.7399918776956473,91.12461853027344,1.5904246229771075,78.36540985107422,1.3677344215760443,93.6201171875,1.6339792910248085,0.0,0.0,True,False,0.08715540170669556,0.0,0.0,0.0,0.0,0.0,0.0,0.0,0.0,0.0,0.0,0.0,0.0,0.0,0.0,0.0
1,341,13.37572103808634,13.387865273980424,False,-10.417582511901855,-0.18182110786437988,-97.80220031738281,-1.706970453262329,91.38461303710938,1.5949623584747314,78.81318664550781,1.375549554824829,93.53845977783203,1.632554054260254,0.6868131868131868,0.006868131868131868,-0.18268424272537231,-1.7338961362838745,1.5945924520492554,1.3685063123703003,1.6334065198898315,0.0008190721273422241,-10.467035293579102,-0.1826842287954066,-99.34492492675781,-1.7338960351185104,91.36341094970703,1.594592336925027,78.40962982177734,1.3685062056599493,93.58729553222656,1.6334064450743324,0.08190721273422241,0.0008190721273422241,False,False,0.0,0.0,0.0,0.0,0.0,0.0,0.0,0.0,0.0,0.0,0.0,0.0,0.0,0.0,0.0,0.0
1,342,13.410039833048359,13.421192847075872,False,-10.417582511901855,-0.18182110786437988,-97.80220031738281,-1.706970453262329,91.38461303710938,1.5949623584747314,78.81318664550781,1.375549554824829,93.53845977783203,1.632554054260254,0.6868131868131868,0.006868131868131868,-0.1791365146636963,-1.7319036722183228,1.5871978998184204,1.3703415393829346,1.6419711112976074,-0.00019592046737670898,-10.263765335083008,-0.17913649874925755,-99.23076629638672,-1.7319035911489675,90.93973541259766,1.5871978038423131,78.51478576660156,1.3703415231251774,94.07801055908203,1.6419710379819727,0.0,0.0,True,False,0.0195920467376709,0.0,0.0,0.0,0.0,0.0,0.0,0.0,0.0,0.0,0.0,0.0,0.0,0.0,0.0,0.0
1,343,13.443615048076026,13.45412028406281,False,-10.417582511901855,-0.18182110786437988,-97.80220031738281,-1.706970453262329,91.38461303710938,1.5949623584747314,78.81318664550781,1.375549554824829,93.53845977783203,1.632554054260254,0.6868131868131868,0.006868131868131868,-0.1798255294561386,-1.7399065494537354,1.5975757837295532,1.37051522731781,1.6350306272506714,0.0002568289637565613,-10.303243637084961,-0.1798255251022883,-99.68929290771484,-1.7399063902246557,91.53434753417969,1.5975757431361883,78.52473449707031,1.3705151612282505,93.68035125732422,1.6350305738651172,0.025682896375656128,0.0002568289637565613,False,False,0.0,0.0,0.0,0.0,0.0,0.0,0.0,0.0,0.0,0.0,0.0,0.0,0.0,0.0,0.0,0.0
1,344,13.477263182052411,13.48755765799433,False,-10.505494117736816,-0.18335546553134918,-97.80220031738281,-1.706970453262329,91.38461303710938,1.5949623584747314,78.81318664550781,1.375549554824829,93.53845977783203,1.632554054260254,0.6868131868131868,0.006868131868131868,-0.18122410774230957,-1.7330604791641235,1.5934486389160156,1.370116114616394,1.6353946924209595,0.0010491833090782166,-10.383376121520996,-0.18122410079350024,-99.29704284667969,-1.7330603351684435,91.2978744506836,1.593448509236838,78.50186920166016,1.3701160865389022,93.70121002197266,1.635394627986131,0.10491833090782166,0.0010491833090782166,False,False,0.0,0.0,0.0,0.0,0.0,0.0,0.0,0.0,0.0,0.0,0.0,0.0,0.0,0.0,0.0,0.0
1,345,13.51059450500179,13.523447568062693,False,-10.505494117736816,-0.18335546553134918,-97.80220031738281,-1.706970453262329,91.38461303710938,1.5949623584747314,78.81318664550781,1.375549554824829,93.53845977783203,1.632554054260254,0.6868131868131868,0.006868131868131868,-0.18165479600429535,-1.7295199632644653,1.5932502746582031,1.3690661191940308,1.638909101486206,0.0008295848965644836,-10.408052444458008,-0.18165478387603648,-99.09419250488281,-1.7295199288152923,91.28651428222656,1.5932502368936816,78.44170379638672,1.3690660021210839,93.90257263183594,1.6389090685186543,0.08295848965644836,0.0008295848965644836,False,False,0.0,0.0,0.0,0.0,0.0,0.0,0.0,0.0,0.0,0.0,0.0,0.0,0.0,0.0,0.0,0.0
1,346,13.543955365079455,13.555352737079374,False,-10.505494117736816,-0.18335546553134918,-97.80220031738281,-1.706970453262329,91.38461303710938,1.5949623584747314,78.81318664550781,1.375549554824829,93.53845977783203,1.632554054260254,0.6868131868131868,0.006868131868131868,-0.18095362186431885,-1.7395943403244019,1.5886396169662476,1.3695722818374634,1.633927345275879,0.000796198844909668,-10.367877960205078,-0.18095360685053224,-99.6714096069336,-1.7395942677448983,91.0223388671875,1.5886395060984275,78.47071075439453,1.369572269044308,93.61713409423828,1.6339272262254974,0.0796198844909668,0.000796198844909668,False,False,0.0,0.0,0.0,0.0,0.0,0.0,0.0,0.0,0.0,0.0,0.0,0.0,0.0,0.0,0.0,0.0
1,347,13.57795387704391,13.587990756030194,False,-10.505494117736816,-0.18335546553134918,-97.80220031738281,-1.706970453262329,91.38461303710938,1.5949623584747314,78.81318664550781,1.375549554824829,93.53845977783203,1.632554054260254,0.6868131868131868,0.006868131868131868,-0.18384775519371033,-1.7397137880325317,1.5892807245254517,1.368338704109192,1.635503888130188,0.0010065212845802307,-10.533699989318848,-0.1838477472309054,-99.67825317382812,-1.7397137105197884,91.05907440185547,1.5892806621308642,78.40003204345703,1.3683386928273833,93.70746612548828,1.6355038175908243,0.10065212845802307,0.0010065212845802307,False,False,0.0,0.0,0.0,0.0,0.0,0.0,0.0,0.0,0.0,0.0,0.0,0.0,0.0,0.0,0.0,0.0
1,348,13.611945823999122,13.622120440006256,False,-10.505494117736816,-0.18335546553134918,-97.80220031738281,-1.706970453262329,91.38461303710938,1.5949623584747314,78.81318664550781,1.375549554824829,93.53845977783203,1.632554054260254,0.6868131868131868,0.006868131868131868,-0.18193800747394562,-1.7359637022018433,1.579062581062317,1.3683805465698242,1.639726996421814,0.0016178116202354431,-10.42427921295166,-0.1819379944132096,-99.46338653564453,-1.7359635802307933,90.47361755371094,1.5790625125023936,78.40242767333984,1.3683805044564976,93.94943237304688,1.6397269252894175,0.1617811620235443,0.0016178116202354431,False,False,0.0,0.0,0.0,0.0,0.0,0.0,0.0,0.0,0.0,0.0,0.0,0.0,0.0,0.0,0.0,0.0
1,349,13.645064297015779,13.65559508104343,False,-10.505494117736816,-0.18335546553134918,-97.80220031738281,-1.706970453262329,91.38461303710938,1.5949623584747314,78.81318664550781,1.375549554824829,93.53845977783203,1.632554054260254,0.6868131868131868,0.006868131868131868,-0.18049897253513336,-1.732939600944519,1.580212116241455,1.3677699565887451,1.6339027881622314,0.0017396211624145508,-10.341828346252441,-0.18049895531818527,-99.29012298583984,-1.7329395608130085,90.53948211669922,1.5802120659869263,78.36743927001953,1.3677698416185424,93.61573028564453,1.6339027251434688,0.17396211624145508,0.0017396211624145508,False,False,0.0,0.0,0.0,0.0,0.0,0.0,0.0,0.0,0.0,0.0,0.0,0.0,0.0,0.0,0.0,0.0
1,350,13.678343847044744,13.688751090085134,False,-10.505494117736816,-0.18335546553134918,-97.80220031738281,-1.706970453262329,91.38461303710938,1.5949623584747314,78.81318664550781,1.375549554824829,93.53845977783203,1.632554054260254,0.6868131868131868,0.006868131868131868,-0.1819610744714737,-1.735330581665039,1.5845030546188354,1.367484450340271,1.6307176351547241,0.0004924237728118896,-10.4256010055542,-0.1819610640461524,-99.42711639404297,-1.7353305468396816,90.78533172607422,1.584502951135262,78.35108184814453,1.3674843507496859,93.43323516845703,1.630717584479734,0.049242377281188965,0.0004924237728118896,False,False,0.0,0.0,0.0,0.0,0.0,0.0,0.0,0.0,0.0,0.0,0.0,0.0,0.0,0.0,0.0,0.0
1,351,13.712494120001793,13.722910157055594,False,-10.505494117736816,-0.18335546553134918,-97.80220031738281,-1.706970453262329,91.38461303710938,1.5949623584747314,78.81318664550781,1.375549554824829,93.53845977783203,1.632554054260254,0.6868131868131868,0.006868131868131868,-0.1844862699508667,-1.7324174642562866,1.5851612091064453,1.369251012802124,1.6358078718185425,0.0013270601630210876,-10.570283889770508,-0.18448625674700872,-99.26020050048828,-1.7324173149232438,90.82304382324219,1.585161151398675,78.45230102539062,1.36925095865879,93.72488403320312,1.635807817429257,0.13270601630210876,0.0013270601630210876,False,False,0.0,0.0,0.0,0.0,0.0,0.0,0.0,0.0,0.0,0.0,0.0,0.0,0.0,0.0,0.0,0.0
1,352,13.745492356014438,13.75615817506332,False,-10.505494117736816,-0.18335546553134918,-97.80220031738281,-1.706970453262329,91.38461303710938,1.5949623584747314,78.81318664550781,1.375549554824829,93.53845977783203,1.632554054260254,0.6868131868131868,0.006868131868131868,-0.1802370697259903,-1.7327011823654175,1.5897694826126099,1.368235468864441,1.6379566192626953,0.0015852376818656921,-10.326823234558105,-0.1802370667144896,-99.27645874023438,-1.7327010747373919,91.08707427978516,1.5897693521908935,78.39411163330078,1.3682353621770882,93.8479995727539,1.6379565889547874,0.1585237681865692,0.0015852376818656921,False,False,0.0,0.0,0.0,0.0,0.0,0.0,0.0,0.0,0.0,0.0,0.0,0.0,0.0,0.0,0.0,0.0
1,353,13.778789150062948,13.789888706058264,False,-10.505494117736816,-0.18335546553134918,-97.80220031738281,-1.706970453262329,91.38461303710938,1.5949623584747314,78.81318664550781,1.375549554824829,93.53845977783203,1.632554054260254,0.6868131868131868,0.006868131868131868,-0.18403632938861847,-1.7322555780410767,1.574094533920288,1.3678544759750366,1.6403902769088745,0.0015700086951255798,-10.544504165649414,-0.18403631568083983,-99.25093078613281,-1.7322555278870215,90.18896484375,1.5740943854888507,78.37228393554688,1.3678543969831525,93.98743438720703,1.6403901855589018,0.15700086951255798,0.0015700086951255798,False,False,0.0,0.0,0.0,0.0,0.0,0.0,0.0,0.0,0.0,0.0,0.0,0.0,0.0,0.0,0.0,0.0
1,354,13.812430060002953,13.823034264030866,False,-10.505494117736816,-0.18335546553134918,-97.80220031738281,-1.706970453262329,91.38461303710938,1.5949623584747314,78.81318664550781,1.375549554824829,93.53845977783203,1.632554054260254,0.6868131868131868,0.006868131868131868,-0.1799081265926361,-1.7366844415664673,1.598217248916626,1.3688913583755493,1.6327546834945679,0.0020908713340759277,-10.307975769042969,-0.1799081163855944,-99.50468444824219,-1.7366843647798234,91.57109832763672,1.598217165484734,78.43169403076172,1.3688912987535746,93.5499496459961,1.6327546363975356,0.20908713340759277,0.0020908713340759277,False,False,0.0,0.0,0.0,0.0,0.0,0.0,0.0,0.0,0.0,0.0,0.0,0.0,0.0,0.0,0.0,0.0
1,355,13.845690199057572,13.856167525053024,False,-10.505494117736816,-0.18335546553134918,-97.80220031738281,-1.706970453262329,91.38461303710938,1.5949623584747314,78.81318664550781,1.375549554824829,93.53845977783203,1.632554054260254,0.6868131868131868,0.006868131868131868,-0.17969205975532532,-1.7283488512039185,1.5908023118972778,1.3674267530441284,1.633773922920227,0.0014557912945747375,-10.2955961227417,-0.17969205079740488,-99.02709197998047,-1.7283488037259298,91.14625549316406,1.5908022592196809,78.3477783203125,1.3674266933120856,93.60834503173828,1.633773828146709,0.14557912945747375,0.0014557912945747375,False,False,0.0,0.0,0.0,0.0,0.0,0.0,0.0,0.0,0.0,0.0,0.0,0.0,0.0,0.0,0.0,0.0
1,356,13.87920499802567,13.890987875987776,False,-10.505494117736816,-0.18335546553134918,-97.80220031738281,-1.706970453262329,91.38461303710938,1.5949623584747314,78.81318664550781,1.375549554824829,93.53845977783203,1.632554054260254,0.6868131868131868,0.006868131868131868,-0.17942523956298828,-1.732606291770935,1.5860552787780762,1.366577386856079,1.6367088556289673,0.0030822455883026123,-10.280308723449707,-0.17942523534569257,-99.2710189819336,-1.7326061330445306,90.874267578125,1.5860551745766145,78.29911041259766,1.3665772780824048,93.77650451660156,1.6367087648260308,0.30822455883026123,0.0030822455883026123,False,False,0.0,0.0,0.0,0.0,0.0,0.0,0.0,0.0,0.0,0.0,0.0,0.0,0.0,0.0,0.0,0.0
1,357,13.912619807058945,13.923500509001315,False,-10.505494117736816,-0.18335546553134918,-97.80220031738281,-1.706970453262329,91.38461303710938,1.5949623584747314,78.81318664550781,1.375549554824829,93.53845977783203,1.632554054260254,0.6868131868131868,0.006868131868131868,-0.18283236026763916,-1.7284070253372192,1.5839524269104004,1.368370532989502,1.639708161354065,0.0025980547070503235,-10.4755220413208,-0.18283235048628546,-99.03042602539062,-1.728406993795748,90.7537841796875,1.583952342579888,78.40185546875,1.3683705176024097,93.94834899902344,1.639708016845678,0.25980547070503235,0.0025980547070503235,False,False,0.0,0.0,0.0,0.0,0.0,0.0,0.0,0.0,0.0,0.0,0.0,0.0,0.0,0.0,0.0,0.0
1,358,13.946439653984271,13.958305763080716,False,-10.505494117736816,-0.18335546553134918,-97.80220031738281,-1.706970453262329,91.38461303710938,1.5949623584747314,78.81318664550781,1.375549554824829,93.53845977783203,1.632554054260254,0.6868131868131868,0.006868131868131868,-0.17889997363090515,-1.7288540601730347,1.5753076076507568,1.3662209510803223,1.6341962814331055,0.002743557095527649,-10.250212669372559,-0.17889996011018808,-99.05603790283203,-1.728854005384718,90.25846862792969,1.5753074553653819,78.2786865234375,1.3662208139704977,93.6325454711914,1.6341962054955954,0.2743557095527649,0.002743557095527649,False,False,0.0,0.0,0.0,0.0,0.0,0.0,0.0,0.0,0.0,0.0,0.0,0.0,0.0,0.0,0.0,0.0
1,359,13.979659002041444,13.991089984076098,False,-10.505494117736816,-0.18335546553134918,-97.80220031738281,-1.706970453262329,91.38461303710938,1.5949623584747314,78.81318664550781,1.375549554824829,93.53845977783203,1.632554054260254,0.6868131868131868,0.006868131868131868,-0.17703373730182648,-1.7147718667984009,1.574015736579895,1.3676245212554932,1.6384952068328857,0.002679891884326935,-10.143285751342773,-0.17703373333155822,-98.24918365478516,-1.7147717421725968,90.18445587158203,1.574015689078639,78.3591079711914,1.367624433023024,93.87885284423828,1.6384950801272014,0.2679891884326935,0.002679891884326935,False,False,0.0,0.0,0.0,0.0,0.0,0.0,0.0,0.0,0.0,0.0,0.0,0.0,0.0,0.0,0.0,0.0
1,360,14.013258332037367,14.174133270978928,False,-10.505494117736816,-0.18335546553134918,-97.80220031738281,-1.706970453262329,91.38461303710938,1.5949623584747314,78.81318664550781,1.375549554824829,93.53845977783203,1.632554054260254,0.6868131868131868,0.006868131868131868,-0.17616790533065796,-1.7092387676239014,1.5922763347625732,1.3703808784484863,1.6386725902557373,0.001959070563316345,-10.093676567077637,-0.17616788972690303,-97.93215942382812,-1.7092386255337937,91.23070526123047,1.5922761857249852,78.51703643798828,1.370380804751256,93.8890151977539,1.6386724466558007,0.19590705633163452,0.001959070563316345,False,False,0.0,0.0,0.0,0.0,0.0,0.0,0.0,0.0,0.0,0.0,0.0,0.0,0.0,0.0,0.0,0.0
1,361,14.175610591075383,14.188752870075405,False,-10.505494117736816,-0.18335546553134918,-97.80220031738281,-1.706970453262329,91.38461303710938,1.5949623584747314,78.81318664550781,1.375549554824829,93.53845977783203,1.632554054260254,0.6868131868131868,0.006868131868131868,-0.17906063795089722,-1.7116241455078125,1.5835695266723633,1.3713128566741943,1.6370790004730225,0.0014078319072723389,-10.259418487548828,-0.1790606319477039,-98.06883239746094,-1.7116240189221776,90.73184204101562,1.5835693800151347,78.5704345703125,1.3713127779747292,93.79771423339844,1.6370789442175517,0.1407831907272339,0.0014078319072723389,False,False,0.0,0.0,0.0,0.0,0.0,0.0,0.0,0.0,0.0,0.0,0.0,0.0,0.0,0.0,0.0,0.0
1,362,14.209146816981956,14.220454388996586,False,-10.505494117736816,-0.18335546553134918,-97.80220031738281,-1.706970453262329,91.38461303710938,1.5949623584747314,78.81318664550781,1.375549554824829,93.53845977783203,1.632554054260254,0.6868131868131868,0.006868131868131868,-0.17947150766849518,-1.724637508392334,1.5990684032440186,1.368965744972229,1.637274146080017,0.0003538578748703003,-10.282958984375,-0.1794714911248759,-98.81444549560547,-1.7246374224307954,91.61986541748047,1.5990683117691233,78.43595886230469,1.3689657341060424,93.80889129638672,1.6372740207674001,0.03538578748703003,0.0003538578748703003,False,False,0.0,0.0,0.0,0.0,0.0,0.0,0.0,0.0,0.0,0.0,0.0,0.0,0.0,0.0,0.0,0.0
1,363,14.242560849059373,14.255747623043135,False,-10.505494117736816,-0.18335546553134918,-97.80220031738281,-1.706970453262329,91.38461303710938,1.5949623584747314,78.81318664550781,1.375549554824829,93.53845977783203,1.632554054260254,0.6868131868131868,0.006868131868131868,-0.17891299724578857,-1.7357710599899292,1.593471884727478,1.3692958354949951,1.6309103965759277,0.0005774497985839844,-10.250959396362305,-0.17891299295477264,-99.45234680175781,-1.735770900525926,91.29920959472656,1.5934718118963762,78.45486450195312,1.3692956997651033,93.44427490234375,1.6309102641846012,0.05774497985839844,0.0005774497985839844,False,False,0.0,0.0,0.0,0.0,0.0,0.0,0.0,0.0,0.0,0.0,0.0,0.0,0.0,0.0,0.0,0.0
1,364,14.276225037057884,14.287993682082742,False,-10.505494117736816,-0.18335546553134918,-97.80220031738281,-1.706970453262329,91.38461303710938,1.5949623584747314,78.81318664550781,1.375549554824829,93.53845977783203,1.632554054260254,0.6868131868131868,0.006868131868131868,-0.1809215545654297,-1.7311221361160278,1.5977709293365479,1.3716915845870972,1.6311099529266357,-0.001221299171447754,-10.36604118347168,-0.18092154904891042,-99.18598937988281,-1.7311220865270838,91.54552459716797,1.5977708196860367,78.59213256835938,1.3716914794817385,93.4557113647461,1.6311098681083027,0.0,0.0,True,False,0.12212991714477539,0.0,0.0,0.0,0.0,0.0,0.0,0.0,0.0,0.0,0.0,0.0,0.0,0.0,0.0,0.0
1,365,14.309628347982652,14.322888926020823,False,-10.505494117736816,-0.18335546553134918,-97.80220031738281,-1.706970453262329,91.38461303710938,1.5949623584747314,78.81318664550781,1.375549554824829,93.53845977783203,1.632554054260254,0.6868131868131868,0.006868131868131868,-0.17527630925178528,-1.735120415687561,1.6009188890457153,1.3688045740127563,1.6354175806045532,0.0014850050210952759,-10.04259204864502,-0.17527629668345812,-99.41506958007812,-1.7351202902716198,91.72589111328125,1.6009188092525648,78.42671966552734,1.3688044797020382,93.70252227783203,1.6354175311715058,0.1485005021095276,0.0014850050210952759,False,False,0.0,0.0,0.0,0.0,0.0,0.0,0.0,0.0,0.0,0.0,0.0,0.0,0.0,0.0,0.0,0.0
1,366,14.342976982006803,14.35486771503929,False,-10.505494117736816,-0.18335546553134918,-97.80220031738281,-1.706970453262329,91.38461303710938,1.5949623584747314,78.81318664550781,1.375549554824829,93.53845977783203,1.632554054260254,0.6868131868131868,0.006868131868131868,-0.17811976373195648,-1.7454310655593872,1.6080762147903442,1.3684935569763184,1.6358433961868286,0.00041206926107406616,-10.205510139465332,-0.17811975377933573,-100.00004577636719,-1.7453300509426566,92.13597869873047,1.6080761878402072,78.40889739990234,1.368493422486717,93.72692108154297,1.6358433706298094,0.041206926107406616,0.00041206926107406616,False,False,0.0,0.0,0.0,0.0,0.0057830810546875,0.0,0.0057830810546875,0.0,0.0,0.0,0.0,0.0,0.0,0.0,0.0,0.0
1,367,14.37699399201665,14.387984993983991,False,-10.505494117736816,-0.18335546553134918,-97.89010620117188,-1.7085046768188477,91.38461303710938,1.5949623584747314,78.81318664550781,1.375549554824829,93.53845977783203,1.632554054260254,0.6868131868131868,0.006868131868131868,-0.17738252878189087,-1.7308549880981445,1.5951472520828247,1.3684712648391724,1.6409302949905396,0.00078553706407547,-10.163269996643066,-0.17738252421057454,-99.1706771850586,-1.7308548383116944,91.39520263671875,1.5951472065381451,78.40762329101562,1.3684711850916147,94.01837158203125,1.6409301414699153,0.078553706407547,0.00078553706407547,False,False,0.0,0.0,0.0,0.0,0.0,0.0,0.0,0.0,0.0,0.0,0.0,0.0,0.0,0.0,0.0,0.0
1,368,14.410423432011157,14.421284943004139,False,-10.505494117736816,-0.18335546553134918,-97.97801971435547,-1.7100390195846558,91.38461303710938,1.5949623584747314,78.81318664550781,1.375549554824829,93.53845977783203,1.632554054260254,0.6868131868131868,0.006868131868131868,-0.1761251538991928,-1.7252774238586426,1.593526840209961,1.3677870035171509,1.6353434324264526,0.0008996054530143738,-10.091227531433105,-0.17612514599140727,-98.85111236572266,-1.7252773800407415,91.30236053466797,1.5935268061728864,78.36841583251953,1.3677868858495188,93.69827270507812,1.6353433621351472,0.08996054530143738,0.0008996054530143738,False,False,0.0,0.0,0.0,0.0,0.0,0.0,0.0,0.0,0.0,0.0,0.0,0.0,0.0,0.0,0.0,0.0
1,369,14.44392631703522,14.454886342049576,False,-10.505494117736816,-0.18335546553134918,-97.97801971435547,-1.7100390195846558,91.38461303710938,1.5949623584747314,78.81318664550781,1.375549554824829,93.53845977783203,1.632554054260254,0.6868131868131868,0.006868131868131868,-0.1756979525089264,-1.7286595106124878,1.5985345840454102,1.3692550659179688,1.6334954500198364,0.0019215196371078491,-10.066750526428223,-0.17569794166304492,-99.04489135742188,-1.7286594614670876,91.58927917480469,1.5985344811286168,78.45252990722656,1.369254953400425,93.59239196777344,1.633495394654741,0.1921519637107849,0.0019215196371078491,False,False,0.0,0.0,0.0,0.0,0.0,0.0,0.0,0.0,0.0,0.0,0.0,0.0,0.0,0.0,0.0,0.0
1,370,14.47712264501024,14.487653737072833,False,-10.505494117736816,-0.18335546553134918,-97.97801971435547,-1.7100390195846558,91.38461303710938,1.5949623584747314,78.81318664550781,1.375549554824829,93.53845977783203,1.632554054260254,0.6868131868131868,0.006868131868131868,-0.17746302485466003,-1.7201131582260132,1.601016879081726,1.3680616617202759,1.6380332708358765,0.0013337582349777222,-10.167881965637207,-0.1774630182545222,-98.55522155761719,-1.7201131112129142,91.73150634765625,1.6010168135806797,78.3841552734375,1.3680615909159606,93.85238647460938,1.638033154836127,0.13337582349777222,0.0013337582349777222,False,False,0.0,0.0,0.0,0.0,0.0,0.0,0.0,0.0,0.0,0.0,0.0,0.0,0.0,0.0,0.0,0.0
1,371,14.510824776021764,14.521484013996087,False,-10.505494117736816,-0.18335546553134918,-97.97801971435547,-1.7100390195846558,91.38461303710938,1.5949623584747314,78.81318664550781,1.375549554824829,93.53845977783203,1.632554054260254,0.6868131868131868,0.006868131868131868,-0.1722075492143631,-1.7319072484970093,1.5930006504058838,1.3701196908950806,1.6369450092315674,0.001350589096546173,-9.866765022277832,-0.17220753615935983,-99.23097229003906,-1.7319071864164393,91.27220916748047,1.5930005655414867,78.5020751953125,1.3701196818063737,93.79003143310547,1.6369448540566662,0.1350589096546173,0.001350589096546173,False,False,0.0,0.0,0.0,0.0,0.0,0.0,0.0,0.0,0.0,0.0,0.0,0.0,0.0,0.0,0.0,0.0
1,372,14.544445272069424,14.555553501006216,False,-10.505494117736816,-0.18335546553134918,-97.97801971435547,-1.7100390195846558,91.38461303710938,1.5949623584747314,78.81318664550781,1.375549554824829,93.53845977783203,1.632554054260254,0.6868131868131868,0.006868131868131868,-0.17316730320453644,-1.7386113405227661,1.5911195278167725,1.3731176853179932,1.6362154483795166,0.0011109784245491028,-9.921754837036133,-0.17316728948195395,-99.6150894165039,-1.7386112949865502,91.1644287109375,1.5911194417055092,78.67384338378906,1.373117602245476,93.74823760986328,1.6362154142340934,0.11109784245491028,0.0011109784245491028,False,False,0.0,0.0,0.0,0.0,0.0,0.0,0.0,0.0,0.0,0.0,0.0,0.0,0.0,0.0,0.0,0.0
1,373,14.577713917009532,14.58889370597899,False,-10.417582511901855,-0.18182110786437988,-97.97801971435547,-1.7100390195846558,91.38461303710938,1.5949623584747314,78.81318664550781,1.375549554824829,93.53845977783203,1.632554054260254,0.6868131868131868,0.006868131868131868,-0.17544437944889069,-1.7411525249481201,1.5954793691635132,1.3704272508621216,1.6355063915252686,0.0009007751941680908,-10.05222225189209,-0.17544437543775576,-99.76068878173828,-1.7411524832987038,91.41423034667969,1.595479302726078,78.51969146728516,1.3704271437542235,93.70761108398438,1.63550634759386,0.09007751941680908,0.0009007751941680908,False,False,0.0,0.0,0.0,0.0,0.0,0.0,0.0,0.0,0.0,0.0,0.0,0.0,0.0,0.0,0.0,0.0
1,374,14.611071719089523,14.622023834032007,False,-10.329669952392578,-0.18028675019741058,-97.97801971435547,-1.7100390195846558,91.38461303710938,1.5949623584747314,78.81318664550781,1.375549554824829,93.53845977783203,1.632554054260254,0.6868131868131868,0.006868131868131868,-0.17516352236270905,-1.7418849468231201,1.5964703559875488,1.369856595993042,1.6350923776626587,0.0008171349763870239,-10.03612995147705,-0.17516351181129328,-99.80265045166016,-1.7418848525984756,91.47100830078125,1.5964702649676965,78.48699951171875,1.369856561490674,93.68388366699219,1.6350922260443526,0.08171349763870239,0.0008171349763870239,False,False,0.0,0.0,0.0,0.0,0.0,0.0,0.0,0.0,0.0,0.0,0.0,0.0,0.0,0.0,0.0,0.0
1,375,14.64456083602272,14.65818912803661,False,-10.329669952392578,-0.18028675019741058,-97.97801971435547,-1.7100390195846558,91.38461303710938,1.5949623584747314,78.81318664550781,1.375549554824829,93.53845977783203,1.632554054260254,0.6868131868131868,0.006868131868131868,-0.17161139845848083,-1.7423319816589355,1.5955768823623657,1.3701555728912354,1.633409023284912,0.0017162635922431946,-9.832608222961426,-0.1716113875493456,-99.82826232910156,-1.7423318641874455,91.41981506347656,1.5955767744219749,78.5041275024414,1.3701555013230353,93.58744049072266,1.633408975077368,0.17162635922431946,0.0017162635922431946,False,False,0.0,0.0,0.0,0.0,0.0,0.0,0.0,0.0,0.0,0.0,0.0,0.0,0.0,0.0,0.0,0.0
1,376,14.677837764029391,14.689212872064672,False,-10.329669952392578,-0.18028675019741058,-97.97801971435547,-1.7100390195846558,91.38461303710938,1.5949623584747314,78.81318664550781,1.375549554824829,93.53845977783203,1.632554054260254,0.6868131868131868,0.006868131868131868,-0.1766609102487564,-1.7466261386871338,1.587497353553772,1.3713958263397217,1.6366887092590332,0.0011469870805740356,-10.12192440032959,-0.17666090742370397,-100.00004577636719,-1.7453300509426566,90.95689392089844,1.5874972763068924,78.57518768310547,1.3713957354426853,93.77535247802734,1.6366886579598006,0.11469870805740356,0.0011469870805740356,False,False,0.0,0.0,0.0,0.0,0.07425689697265625,0.0,0.07425689697265625,0.0,0.0,0.0,0.0,0.0,0.0,0.0,0.0,0.0
1,377,14.711633700993843,14.723745797993615,False,-10.329669952392578,-0.18028675019741058,-97.97801971435547,-1.7100390195846558,91.38461303710938,1.5949623584747314,78.81318664550781,1.375549554824829,93.53845977783203,1.632554054260254,0.6868131868131868,0.006868131868131868,-0.17627626657485962,-1.7425769567489624,1.5788524150848389,1.369477391242981,1.6376478672027588,0.001458577811717987,-10.099885940551758,-0.17627626373851246,-99.84230041503906,-1.7425768750077326,90.46157836914062,1.5788523890923862,78.46527099609375,1.3694773273514467,93.83030700683594,1.6376477954263926,0.1458577811717987,0.001458577811717987,False,False,0.0,0.0,0.0,0.0,0.0,0.0,0.0,0.0,0.0,0.0,0.0,0.0,0.0,0.0,0.0,0.0
1,378,14.744823980028741,14.755751342047006,False,-10.329669952392578,-0.18028675019741058,-97.97801971435547,-1.7100390195846558,91.38461303710938,1.5949623584747314,78.81318664550781,1.375549554824829,93.53845977783203,1.632554054260254,0.6868131868131868,0.006868131868131868,-0.18314580619335175,-1.7438809871673584,1.5797020196914673,1.3721845149993896,1.6397674083709717,0.001422010362148285,-10.493480682373047,-0.18314578790183098,-99.9170150756836,-1.74388089183549,90.51025390625,1.5797019374801216,78.62037658691406,1.3721844305995121,93.95174407958984,1.6397672721799321,0.1422010362148285,0.001422010362148285,False,False,0.0,0.0,0.0,0.0,0.0,0.0,0.0,0.0,0.0,0.0,0.0,0.0,0.0,0.0,0.0,0.0
1,379,14.778428877005354,14.788838707027026,False,-10.329669952392578,-0.18028675019741058,-97.97801971435547,-1.7100390195846558,91.38461303710938,1.5949623584747314,78.81318664550781,1.375549554824829,93.53845977783203,1.632554054260254,0.6868131868131868,0.006868131868131868,-0.17585033178329468,-1.7326738834381104,1.5805387496948242,1.3712044954299927,1.6297876834869385,0.0032828152179718018,-10.075481414794922,-0.1758503244116679,-99.27489471435547,-1.7326737773362184,90.55819702148438,1.5805387026946245,78.56422424316406,1.371204387318363,93.37995147705078,1.6297876086270784,0.3282815217971802,0.0032828152179718018,False,False,0.0,0.0,0.0,0.0,0.0,0.0,0.0,0.0,0.0,0.0,0.0,0.0,0.0,0.0,0.0,0.0
1,380,14.811561676091515,14.821846398059279,False,-10.329669952392578,-0.18028675019741058,-97.97801971435547,-1.7100390195846558,91.38461303710938,1.5949623584747314,78.81318664550781,1.375549554824829,93.53845977783203,1.632554054260254,0.6868131868131868,0.006868131868131868,-0.17463205754756927,-1.7366827726364136,1.588426113128662,1.3705174922943115,1.6360816955566406,0.0029504746198654175,-10.0056791305542,-0.17463204472625435,-99.50458526611328,-1.7366826337251149,91.0101089477539,1.5884260537370576,78.52486419677734,1.370517424915177,93.74057006835938,1.636081590389317,0.29504746198654175,0.0029504746198654175,False,False,0.0,0.0,0.0,0.0,0.0,0.0,0.0,0.0,0.0,0.0,0.0,0.0,0.0,0.0,0.0,0.0
1,381,14.845223427051678,14.855457199038938,False,-10.329669952392578,-0.18028675019741058,-97.97801971435547,-1.7100390195846558,91.38461303710938,1.5949623584747314,78.81318664550781,1.375549554824829,93.53845977783203,1.632554054260254,0.6868131868131868,0.006868131868131868,-0.1736530363559723,-1.7229987382888794,1.5730680227279663,1.372710108757019,1.6395599842071533,0.002431444823741913,-9.949585914611816,-0.17365303342002758,-98.72055053710938,-1.7229986462540152,90.1301498413086,1.5730678700466796,78.6504898071289,1.3727100054406394,93.93986511230469,1.6395599450890694,0.24314448237419128,0.002431444823741913,False,False,0.0,0.0,0.0,0.0,0.0,0.0,0.0,0.0,0.0,0.0,0.0,0.0,0.0,0.0,0.0,0.0
1,382,14.878708648029715,14.912338228081353,False,-10.329669952392578,-0.18028675019741058,-97.97801971435547,-1.7100390195846558,91.38461303710938,1.5949623584747314,78.81318664550781,1.375549554824829,93.53845977783203,1.632554054260254,0.6868131868131868,0.006868131868131868,-0.1746249496936798,-1.7236545085906982,1.5699803829193115,1.3716721534729004,1.635861873626709,0.0033498182892799377,-10.005271911621094,-0.1746249374150952,-98.75812530517578,-1.723654449672447,89.9532470703125,1.5699803342368963,78.59101867675781,1.371672038405781,93.72797393798828,1.635861746441331,0.3349818289279938,0.0033498182892799377,False,False,0.0,0.0,0.0,0.0,0.0,0.0,0.0,0.0,0.0,0.0,0.0,0.0,0.0,0.0,0.0,0.0
1,383,14.914099387009628,14.928365780040622,False,-10.329669952392578,-0.18028675019741058,-97.97801971435547,-1.7100390195846558,91.38461303710938,1.5949623584747314,78.81318664550781,1.375549554824829,93.53845977783203,1.632554054260254,0.6868131868131868,0.006868131868131868,-0.17719058692455292,-1.7242623567581177,1.5870661735534668,1.3720316886901855,1.6358277797698975,0.0017771124839782715,-10.15227222442627,-0.17719057687500708,-98.79295349121094,-1.7242623161912578,90.93218994140625,1.5870661105264088,78.61161804199219,1.3720315651529416,93.72602081298828,1.635827657979378,0.17771124839782715,0.0017771124839782715,False,False,0.0,0.0,0.0,0.0,0.0,0.0,0.0,0.0,0.0,0.0,0.0,0.0,0.0,0.0,0.0,0.0
1,384,14.947740897070616,14.960908150067553,False,-10.329669952392578,-0.18028675019741058,-97.97801971435547,-1.7100390195846558,91.38461303710938,1.5949623584747314,78.81318664550781,1.375549554824829,93.53845977783203,1.632554054260254,0.6868131868131868,0.006868131868131868,-0.1765344738960266,-1.7197808027267456,1.5639926195144653,1.3715755939483643,1.635716438293457,0.0016119033098220825,-10.114679336547852,-0.17653445720619562,-98.53617858886719,-1.7197807487088723,89.61016845703125,1.5639924828419622,78.58548736572266,1.3715754988162656,93.71964263916016,1.6357163378458126,0.16119033098220825,0.0016119033098220825,False,False,0.0,0.0,0.0,0.0,0.0,0.0,0.0,0.0,0.0,0.0,0.0,0.0,0.0,0.0,0.0,0.0
1,385,14.980943239992484,14.993954712059349,False,-10.329669952392578,-0.18028675019741058,-97.97801971435547,-1.7100390195846558,91.38461303710938,1.5949623584747314,78.81318664550781,1.375549554824829,93.53845977783203,1.632554054260254,0.6868131868131868,0.006868131868131868,-0.17426280677318573,-1.7202035188674927,1.5641074180603027,1.371193766593933,1.6362406015396118,0.0021634697914123535,-9.984522819519043,-0.17426279744111486,-98.56039428710938,-1.720203392373868,89.61675262451172,1.5641073982429992,78.56361389160156,1.3711937346740026,93.74967193603516,1.6362404479483403,0.21634697914123535,0.0021634697914123535,False,False,0.0,0.0,0.0,0.0,0.0,0.0,0.0,0.0,0.0,0.0,0.0,0.0,0.0,0.0,0.0,0.0
1,386,15.014393826015294,15.027590353041887,False,-10.329669952392578,-0.18028675019741058,-97.97801971435547,-1.7100390195846558,91.38461303710938,1.5949623584747314,78.81318664550781,1.375549554824829,93.53845977783203,1.632554054260254,0.6868131868131868,0.006868131868131868,-0.1737430840730667,-1.7155641317367554,1.575677514076233,1.370176911354065,1.6349858045578003,0.002535201609134674,-9.954745292663574,-0.1737430815543859,-98.2945785522461,-1.7155640325968955,90.2796630859375,1.5756773684407939,78.5053482055664,1.370176806611756,93.67778015136719,1.6349856996007495,0.2535201609134674,0.002535201609134674,False,False,0.0,0.0,0.0,0.0,0.0,0.0,0.0,0.0,0.0,0.0,0.0,0.0,0.0,0.0,0.0,0.0
1,387,15.048272978980094,15.060419130022638,False,-10.329669952392578,-0.18028675019741058,-97.97801971435547,-1.7100390195846558,91.38461303710938,1.5949623584747314,78.81318664550781,1.375549554824829,93.53845977783203,1.632554054260254,0.6868131868131868,0.006868131868131868,-0.17455604672431946,-1.7323695421218872,1.5796271562576294,1.3724061250686646,1.6380784511566162,0.0022814497351646423,-10.001324653625488,-0.1745560447666462,-99.25746154785156,-1.732369511181677,90.50596618652344,1.5796271026534903,78.63307189941406,1.3724060056022067,93.85497283935547,1.638078295416604,0.22814497351646423,0.0022814497351646423,False,False,0.0,0.0,0.0,0.0,0.0,0.0,0.0,0.0,0.0,0.0,0.0,0.0,0.0,0.0,0.0,0.0
1,388,15.08207136997953,15.094954753061756,False,-10.329669952392578,-0.18028675019741058,-97.97801971435547,-1.7100390195846558,91.38461303710938,1.5949623584747314,78.81318664550781,1.375549554824829,93.53845977783203,1.632554054260254,0.6868131868131868,0.006868131868131868,-0.17475776374340057,-1.733357310295105,1.5757213830947876,1.370836853981018,1.6365748643875122,0.0031438693404197693,-10.0128812789917,-0.17475774592970608,-99.31405639648438,-1.7333572776299873,90.28218078613281,1.5757213105987802,78.54315948486328,1.3708367379298776,93.76882934570312,1.6365748078231996,0.31438693404197693,0.0031438693404197693,False,False,0.0,0.0,0.0,0.0,0.0,0.0,0.0,0.0,0.0,0.0,0.0,0.0,0.0,0.0,0.0,0.0
1,389,15.116086211055517,15.127873921068385,False,-10.329669952392578,-0.18028675019741058,-97.97801971435547,-1.7100390195846558,91.38461303710938,1.5949623584747314,78.81318664550781,1.375549554824829,93.53845977783203,1.632554054260254,0.6868131868131868,0.006868131868131868,-0.18070928752422333,-1.7432435750961304,1.566103219985962,1.371699333190918,1.6422269344329834,0.0015874877572059631,-10.35387897491455,-0.1807092784652743,-99.8804931640625,-1.7432434642285795,89.7311019897461,1.5661031711639044,78.59257507324219,1.3716992026488997,94.09266662597656,1.642226834604675,0.1587487757205963,0.0015874877572059631,False,False,0.0,0.0,0.0,0.0,0.0,0.0,0.0,0.0,0.0,0.0,0.0,0.0,0.0,0.0,0.0,0.0
1,390,15.149730297038332,15.313288003089838,False,-10.329669952392578,-0.18028675019741058,-97.97801971435547,-1.7100390195846558,91.38461303710938,1.5949623584747314,78.81318664550781,1.375549554824829,93.53845977783203,1.632554054260254,0.6868131868131868,0.006868131868131868,-0.17648330330848694,-1.7211129665374756,1.5976078510284424,1.3741422891616821,1.641858696937561,-0.0002908185124397278,-10.111747741699219,-0.17648329122375248,-98.61250305175781,-1.72111286188613,91.53617858886719,1.5976077010692693,78.73255157470703,1.374142253474884,94.07157135009766,1.6418586525839713,0.0,0.0,True,False,0.02908185124397278,0.0,0.0,0.0,0.0,0.0,0.0,0.0,0.0,0.0,0.0,0.0,0.0,0.0,0.0,0.0
1,391,15.314807552029379,15.328249021084048,False,-10.329669952392578,-0.18028675019741058,-97.97801971435547,-1.7100390195846558,91.38461303710938,1.5949623584747314,78.81318664550781,1.375549554824829,93.53845977783203,1.632554054260254,0.6868131868131868,0.006868131868131868,-0.17860746383666992,-1.7180067300796509,1.5967750549316406,1.3738387823104858,1.637560248374939,-0.00060996413230896,-10.233453750610352,-0.1786074617987133,-98.43453216552734,-1.718006683948716,91.48846435546875,1.5967749305964016,78.71515655517578,1.3738386531106148,93.82528686523438,1.6375601774265292,0.0,0.0,True,False,0.060996413230895996,0.0,0.0,0.0,0.0,0.0,0.0,0.0,0.0,0.0,0.0,0.0,0.0,0.0,0.0,0.0
1,392,15.34855213703122,15.361084204050712,False,-10.329669952392578,-0.18028675019741058,-97.97801971435547,-1.7100390195846558,91.38461303710938,1.5949623584747314,78.81318664550781,1.375549554824829,93.53845977783203,1.632554054260254,0.6868131868131868,0.006868131868131868,-0.17391541600227356,-1.7202686071395874,1.591282844543457,1.3695886135101318,1.6386538743972778,0.0005487054586410522,-9.964618682861328,-0.17391540472167083,-98.56412506103516,-1.7202685066625205,91.17378234863281,1.591282693480331,78.47164154052734,1.3695885143269575,93.88794708251953,1.63865380452817,0.054870545864105225,0.0005487054586410522,False,False,0.0,0.0,0.0,0.0,0.0,0.0,0.0,0.0,0.0,0.0,0.0,0.0,0.0,0.0,0.0,0.0
1,393,15.38178728998173,15.394925754051656,False,-10.329669952392578,-0.18028675019741058,-97.97801971435547,-1.7100390195846558,91.38461303710938,1.5949623584747314,78.81318664550781,1.375549554824829,93.53845977783203,1.632554054260254,0.6868131868131868,0.006868131868131868,-0.17721134424209595,-1.72676420211792,1.5915875434875488,1.3702830076217651,1.642008662223816,-0.000925406813621521,-10.153461456298828,-0.1772113328867529,-98.93629455566406,-1.7267640897192782,91.19124603271484,1.5915874922670907,78.51142883300781,1.3702829335811957,94.08016204833984,1.6420085885533429,0.0,0.0,True,False,0.0925406813621521,0.0,0.0,0.0,0.0,0.0,0.0,0.0,0.0,0.0,0.0,0.0,0.0,0.0,0.0,0.0
1,394,15.414893254055642,15.427862263983116,False,-10.329669952392578,-0.18028675019741058,-97.97801971435547,-1.7100390195846558,91.38461303710938,1.5949623584747314,78.81318664550781,1.375549554824829,93.53845977783203,1.632554054260254,0.6868131868131868,0.006868131868131868,-0.1727558970451355,-1.7332055568695068,1.5989426374435425,1.371480107307434,1.636655330657959,0.0003795251250267029,-9.89818286895752,-0.17275588102780715,-99.30535888671875,-1.733205477447853,91.61266326904297,1.5989426105656714,78.58001708984375,1.3714800244911862,93.7734375,1.63665523528812,0.03795251250267029,0.0003795251250267029,False,False,0.0,0.0,0.0,0.0,0.0,0.0,0.0,0.0,0.0,0.0,0.0,0.0,0.0,0.0,0.0,0.0
1,395,15.448678274056874,15.461693009012379,False,-10.329669952392578,-0.18028675019741058,-97.97801971435547,-1.7100390195846558,91.38461303710938,1.5949623584747314,78.81318664550781,1.375549554824829,93.53845977783203,1.632554054260254,0.6868131868131868,0.006868131868131868,-0.17219077050685883,-1.7391786575317383,1.6059505939483643,1.370074987411499,1.6426060199737549,0.0003999099135398865,-9.865803718566895,-0.17219075824449234,-99.64759063720703,-1.739178548298737,92.0141830444336,1.605950452658106,78.49951171875,1.3700749407000605,94.11438751220703,1.6426059355858478,0.03999099135398865,0.0003999099135398865,False,False,0.0,0.0,0.0,0.0,0.0,0.0,0.0,0.0,0.0,0.0,0.0,0.0,0.0,0.0,0.0,0.0
1,396,15.48232398100663,15.495902960072272,False,-10.329669952392578,-0.18028675019741058,-97.97801971435547,-1.7100390195846558,91.38461303710938,1.5949623584747314,78.81318664550781,1.375549554824829,93.53845977783203,1.632554054260254,0.6868131868131868,0.006868131868131868,-0.17118623852729797,-1.7155619859695435,1.5812357664108276,1.3694558143615723,1.640113115310669,0.0016108527779579163,-9.808248519897461,-0.17118623052607126,-98.2944564819336,-1.7155619020680233,90.59812927246094,1.5812356519518982,78.46403503417969,1.369455755746617,93.9715576171875,1.640113083647479,0.16108527779579163,0.0016108527779579163,False,False,0.0,0.0,0.0,0.0,0.0,0.0,0.0,0.0,0.0,0.0,0.0,0.0,0.0,0.0,0.0,0.0
1,397,15.516102338093333,15.526954064029269,False,-10.329669952392578,-0.18028675019741058,-97.97801971435547,-1.7100390195846558,91.38461303710938,1.5949623584747314,78.81318664550781,1.375549554824829,93.53845977783203,1.632554054260254,0.6868131868131868,0.006868131868131868,-0.17234578728675842,-1.7246488332748413,1.5900781154632568,1.369709849357605,1.6419851779937744,0.0008386597037315369,-9.874685287475586,-0.17234577086469174,-98.81509399414062,-1.7246487408654283,91.1047592163086,1.5900780125612337,78.47859191894531,1.3697098213146106,94.07881927490234,1.6419851527357503,0.08386597037315369,0.0008386597037315369,False,False,0.0,0.0,0.0,0.0,0.0,0.0,0.0,0.0,0.0,0.0,0.0,0.0,0.0,0.0,0.0,0.0
1,398,15.549663559067994,15.560851166024804,False,-10.329669952392578,-0.18028675019741058,-97.97801971435547,-1.7100390195846558,91.38461303710938,1.5949623584747314,78.81318664550781,1.375549554824829,93.53845977783203,1.632554054260254,0.6868131868131868,0.006868131868131868,-0.17214056849479675,-1.729784607887268,1.592652440071106,1.371307134628296,1.6384882926940918,0.0010677352547645569,-9.862927436828613,-0.17214055765794434,-99.1093521118164,-1.7297845138695915,91.25225830078125,1.5926523572289588,78.57010650634766,1.3713070521783857,93.87845611572266,1.638488155908367,0.10677352547645569,0.0010677352547645569,False,False,0.0,0.0,0.0,0.0,0.0,0.0,0.0,0.0,0.0,0.0,0.0,0.0,0.0,0.0,0.0,0.0
1,399,15.583986875019036,15.595944934058934,False,-10.329669952392578,-0.18028675019741058,-97.97801971435547,-1.7100390195846558,91.38461303710938,1.5949623584747314,78.81318664550781,1.375549554824829,93.53845977783203,1.632554054260254,0.6868131868131868,0.006868131868131868,-0.17218784987926483,-1.7364110946655273,1.599829077720642,1.3700273036956787,1.6422398090362549,0.00198151171207428,-9.865636825561523,-0.17218784541205007,-99.48902130126953,-1.7364109912939267,91.6634521484375,1.5998290437345044,78.49678039550781,1.3700272701165481,94.0934066772461,1.6422397509359619,0.19815117120742798,0.00198151171207428,False,False,0.0,0.0,0.0,0.0,0.0,0.0,0.0,0.0,0.0,0.0,0.0,0.0,0.0,0.0,0.0,0.0
1,400,15.616526402998716,15.627701085060835,False,-10.329669952392578,-0.18028675019741058,-97.97801971435547,-1.7100390195846558,91.38461303710938,1.5949623584747314,78.81318664550781,1.375549554824829,93.53845977783203,1.632554054260254,0.6868131868131868,0.006868131868131868,-0.17293387651443481,-1.7358561754226685,1.597813606262207,1.3716938495635986,1.6333229541778564,0.0008619651198387146,-9.908380508422852,-0.1729338634124085,-99.45722961425781,-1.7358561216808086,91.5479736328125,1.5978135634215325,78.5922622680664,1.371693743168665,93.58250427246094,1.633322821816104,0.08619651198387146,0.0008619651198387146,False,False,0.0,0.0,0.0,0.0,0.0,0.0,0.0,0.0,0.0,0.0,0.0,0.0,0.0,0.0,0.0,0.0
1,401,15.650400818092749,15.661169933038764,False,-10.329669952392578,-0.18028675019741058,-97.97801971435547,-1.7100390195846558,91.38461303710938,1.5949623584747314,78.81318664550781,1.375549554824829,93.53845977783203,1.632554054260254,0.6868131868131868,0.006868131868131868,-0.17447999119758606,-1.7237632274627686,1.5938366651535034,1.371812105178833,1.634901523590088,0.0027207881212234497,-9.996966361999512,-0.1744799782280108,-98.76435089111328,-1.7237631066449224,91.32010650634766,1.5938365318076626,78.59903717041016,1.3718119875210646,93.6729507446289,1.6349014105522484,0.27207881212234497,0.0027207881212234497,False,False,0.0,0.0,0.0,0.0,0.0,0.0,0.0,0.0,0.0,0.0,0.0,0.0,0.0,0.0,0.0,0.0
1,402,15.683705869014375,15.696373444981873,False,-10.329669952392578,-0.18028675019741058,-97.97801971435547,-1.7100390195846558,91.38461303710938,1.5949623584747314,78.81318664550781,1.375549554824829,93.53845977783203,1.632554054260254,0.6868131868131868,0.006868131868131868,-0.17407052218914032,-1.7323460578918457,1.5877469778060913,1.3699854612350464,1.6395516395568848,0.0027300268411636353,-9.973505973815918,-0.17407051721041114,-99.25611114501953,-1.7323459422060297,90.97119903564453,1.5877469476590875,78.49437713623047,1.3699853253293792,93.93938446044922,1.6395515561316358,0.2730026841163635,0.0027300268411636353,False,False,0.0,0.0,0.0,0.0,0.0,0.0,0.0,0.0,0.0,0.0,0.0,0.0,0.0,0.0,0.0,0.0
1,403,15.7168840020895,15.730111913988367,False,-10.329669952392578,-0.18028675019741058,-97.97801971435547,-1.7100390195846558,91.38461303710938,1.5949623584747314,78.81318664550781,1.375549554824829,93.53845977783203,1.632554054260254,0.6868131868131868,0.006868131868131868,-0.1733931601047516,-1.732406735420227,1.5908797979354858,1.372476577758789,1.6448012590408325,0.0015120655298233032,-9.934696197509766,-0.17339315883190629,-99.25959014892578,-1.7324066622788836,91.15069580078125,1.590879757207402,78.6371078491211,1.3724764462130394,94.24016571044922,1.6448011792724,0.15120655298233032,0.0015120655298233032,False,False,0.0,0.0,0.0,0.0,0.0,0.0,0.0,0.0,0.0,0.0,0.0,0.0,0.0,0.0,0.0,0.0
1,404,15.750520823989064,15.763043274055235,False,-10.329669952392578,-0.18028675019741058,-97.97801971435547,-1.7100390195846558,91.38461303710938,1.5949623584747314,78.81318664550781,1.375549554824829,93.53845977783203,1.632554054260254,0.6868131868131868,0.006868131868131868,-0.17768539488315582,-1.6993463039398193,1.5697163343429565,1.3703974485397339,1.6440024375915527,0.002485305070877075,-10.180623054504395,-0.1776853922055438,-97.36536407470703,-1.6993461805066399,89.93811798095703,1.569716281814815,78.51798248291016,1.3703973163500145,94.19439697265625,1.6440023641034307,0.24853050708770752,0.002485305070877075,False,False,0.0,0.0,0.0,0.0,0.0,0.0,0.0,0.0,0.0,0.0,0.0,0.0,0.0,0.0,0.0,0.0
1,405,15.783771450980566,15.796899129985832,False,-10.329669952392578,-0.18028675019741058,-97.97801971435547,-1.7100390195846558,91.38461303710938,1.5949623584747314,78.81318664550781,1.375549554824829,93.53845977783203,1.632554054260254,0.6868131868131868,0.006868131868131868,-0.17886406183242798,-1.729166030883789,1.5695830583572388,1.373024821281433,1.6400601863861084,0.002255670726299286,-10.24815559387207,-0.17886405736974245,-99.07391357421875,-1.7291659947064206,89.93048095703125,1.5695829906022565,78.66852569580078,1.3730247910814868,93.96852111816406,1.6400600867417865,0.2255670726299286,0.002255670726299286,False,False,0.0,0.0,0.0,0.0,0.0,0.0,0.0,0.0,0.0,0.0,0.0,0.0,0.0,0.0,0.0,0.0
1,406,15.817413188982755,15.830800867988728,False,-10.329669952392578,-0.18028675019741058,-97.97801971435547,-1.7100390195846558,91.38461303710938,1.5949623584747314,78.81318664550781,1.375549554824829,93.53845977783203,1.632554054260254,0.6868131868131868,0.006868131868131868,-0.17797523736953735,-1.7284669876098633,1.5523103475570679,1.3723620176315308,1.6371397972106934,0.002655625343322754,-10.197229385375977,-0.1779752273559285,-99.03385925292969,-1.728466914920275,88.94082641601562,1.5523102604042205,78.63054656982422,1.372361930286166,93.80119323730469,1.6371396642904055,0.2655625343322754,0.002655625343322754,False,False,0.0,0.0,0.0,0.0,0.0,0.0,0.0,0.0,0.0,0.0,0.0,0.0,0.0,0.0,0.0,0.0
1,407,15.850821739062667,15.864936943049543,False,-10.329669952392578,-0.18028675019741058,-97.80220031738281,-1.706970453262329,91.38461303710938,1.5949623584747314,78.81318664550781,1.375549554824829,93.53845977783203,1.632554054260254,0.6868131868131868,0.006868131868131868,-0.17843514680862427,-1.7239882946014404,1.5397895574569702,1.3725405931472778,1.6406151056289673,0.003700658679008484,-10.223580360412598,-0.17843513863142837,-98.7772445678711,-1.7239881437570341,88.22343444824219,1.539789408539213,78.64077758789062,1.3725404952372557,94.00031280517578,1.6406149563549044,0.3700658679008484,0.003700658679008484,False,False,0.0,0.0,0.0,0.0,0.0,0.0,0.0,0.0,0.0,0.0,0.0,0.0,0.0,0.0,0.0,0.0
1,408,15.88417334004771,15.898433661088347,False,-10.329669952392578,-0.18028675019741058,-97.89010620117188,-1.7085046768188477,91.38461303710938,1.5949623584747314,78.81318664550781,1.375549554824829,93.53845977783203,1.632554054260254,0.6868131868131868,0.006868131868131868,-0.17744062840938568,-1.7202260494232178,1.5509378910064697,1.371311902999878,1.6401978731155396,0.00311279296875,-10.166598320007324,-0.1774406144118519,-98.56168365478516,-1.7202258960850791,88.86219024658203,1.5509378003364482,78.57038116455078,1.3713118458683478,93.97640991210938,1.6401977721701435,0.311279296875,0.00311279296875,False,False,0.0,0.0,0.0,0.0,0.0,0.0,0.0,0.0,0.0,0.0,0.0,0.0,0.0,0.0,0.0,0.0
1,409,15.918222295003943,15.931938154040836,False,-10.329669952392578,-0.18028675019741058,-97.97801971435547,-1.7100390195846558,91.12088012695312,1.5903593301773071,78.81318664550781,1.375549554824829,93.53845977783203,1.632554054260254,0.6868131868131868,0.006868131868131868,-0.17452044785022736,-1.7135170698165894,1.561383843421936,1.371702790260315,1.6396255493164062,0.003067523241043091,-9.999284744262695,-0.1745204416318232,-98.17729187011719,-1.713516993825006,89.46070098876953,1.561383783396175,78.5927734375,1.3717026647583168,93.94361877441406,1.6396254588518855,0.3067523241043091,0.003067523241043091,False,False,0.0,0.0,0.0,0.0,0.0,0.0,0.0,0.0,0.0,0.0,0.0,0.0,0.0,0.0,0.0,0.0
1,410,15.95170323108323,15.965687549090944,False,-10.329669952392578,-0.18028675019741058,-97.97801971435547,-1.7100390195846558,91.12088012695312,1.5903593301773071,78.81318664550781,1.375549554824829,93.53845977783203,1.632554054260254,0.6868131868131868,0.006868131868131868,-0.1721288114786148,-1.7189574241638184,1.576441764831543,1.3693060874938965,1.6422545909881592,0.0036241859197616577,-9.86225414276123,-0.17212880645963435,-98.48899841308594,-1.7189572992998199,90.32345581054688,1.5764416956736467,78.45545196533203,1.3693059529353,94.09425354003906,1.6422545314800117,0.36241859197616577,0.0036241859197616577,False,False,0.0,0.0,0.0,0.0,0.0,0.0,0.0,0.0,0.0,0.0,0.0,0.0,0.0,0.0,0.0,0.0
1,411,15.984876153990626,15.997894245083444,False,-10.329669952392578,-0.18028675019741058,-97.97801971435547,-1.7100390195846558,91.12088012695312,1.5903593301773071,78.81318664550781,1.375549554824829,93.53845977783203,1.632554054260254,0.6868131868131868,0.006868131868131868,-0.17461276054382324,-1.731370449066162,1.5748873949050903,1.3714072704315186,1.6405317783355713,0.003216184675693512,-10.004573822021484,-0.1746127534531081,-99.20021057128906,-1.7313702931406791,90.2343978881836,1.5748873417034217,78.57584381103516,1.3714071870353726,93.99554443359375,1.6405317325708395,0.3216184675693512,0.003216184675693512,False,False,0.0,0.0,0.0,0.0,0.0,0.0,0.0,0.0,0.0,0.0,0.0,0.0,0.0,0.0,0.0,0.0
1,412,16.018465562025085,16.030648846994154,False,-10.329669952392578,-0.18028675019741058,-97.97801971435547,-1.7100390195846558,91.12088012695312,1.5903593301773071,78.81318664550781,1.375549554824829,93.53845977783203,1.632554054260254,0.6868131868131868,0.006868131868131868,-0.17467133700847626,-1.716855764389038,1.5817393064498901,1.3686954975128174,1.6425397396087646,0.003520488739013672,-10.007929801940918,-0.174671326352333,-98.36858367919922,-1.7168556657255838,90.62698364257812,1.5817392557140322,78.42047119140625,1.3686954232553994,94.11058807373047,1.6425396228747047,0.3520488739013672,0.003520488739013672,False,False,0.0,0.0,0.0,0.0,0.0,0.0,0.0,0.0,0.0,0.0,0.0,0.0,0.0,0.0,0.0,0.0
1,413,16.05188123800326,16.063873819075525,False,-10.329669952392578,-0.18028675019741058,-97.97801971435547,-1.7100390195846558,91.12088012695312,1.5903593301773071,78.81318664550781,1.375549554824829,93.53845977783203,1.632554054260254,0.6868131868131868,0.006868131868131868,-0.1685401201248169,-1.7315278053283691,1.5906518697738647,1.3709297180175781,1.6340018510818481,0.00426512211561203,-9.656637191772461,-0.16854011366696853,-99.209228515625,-1.7315276859611028,91.13763427734375,1.5906517906180913,78.5484848022461,1.3709296822519215,93.62140655517578,1.6340017947360197,0.426512211561203,0.00426512211561203,False,False,0.0,0.0,0.0,0.0,0.0,0.0,0.0,0.0,0.0,0.0,0.0,0.0,0.0,0.0,0.0,0.0
1,414,16.08522804803215,16.096493370016105,False,-10.329669952392578,-0.18028675019741058,-97.97801971435547,-1.7100390195846558,91.12088012695312,1.5903593301773071,78.81318664550781,1.375549554824829,93.53845977783203,1.632554054260254,0.6868131868131868,0.006868131868131868,-0.170920729637146,-1.7227447032928467,1.5944421291351318,1.370931625366211,1.633504033088684,0.0035319626331329346,-9.793035507202148,-0.17092071336539036,-98.70599365234375,-1.7227445806860215,91.35479736328125,1.5944420014814922,78.54859161376953,1.3709315464646845,93.59288024902344,1.6335039167702294,0.35319626331329346,0.0035319626331329346,False,False,0.0,0.0,0.0,0.0,0.0,0.0,0.0,0.0,0.0,0.0,0.0,0.0,0.0,0.0,0.0,0.0
1,415,16.118850418017246,16.13185327302199,False,-10.329669952392578,-0.18028675019741058,-97.97801971435547,-1.7100390195846558,91.12088012695312,1.5903593301773071,78.81318664550781,1.375549554824829,93.53845977783203,1.632554054260254,0.6868131868131868,0.006868131868131868,-0.17164695262908936,-1.7289093732833862,1.5873323678970337,1.369860291481018,1.6377787590026855,0.002752535045146942,-9.83464527130127,-0.17164694074989814,-99.0592041015625,-1.728909265977337,90.94744110107422,1.5873322934773622,78.4872055053711,1.3698601567581457,93.83780670166016,1.6377786897939701,0.2752535045146942,0.002752535045146942,False,False,0.0,0.0,0.0,0.0,0.0,0.0,0.0,0.0,0.0,0.0,0.0,0.0,0.0,0.0,0.0,0.0
1,416,16.1518858630443,16.165199303999543,False,-10.329669952392578,-0.18028675019741058,-97.97801971435547,-1.7100390195846558,91.20879364013672,1.5918937921524048,78.81318664550781,1.375549554824829,93.53845977783203,1.632554054260254,0.6868131868131868,0.006868131868131868,-0.17090153694152832,-1.7146011590957642,1.5798835754394531,1.3703659772872925,1.6328322887420654,0.004151485860347748,-9.791935920715332,-0.17090152196078498,-98.2394027709961,-1.7146010335467228,90.5206527709961,1.5798834319084105,78.51618194580078,1.3703658910491516,93.55438995361328,1.6328321343852568,0.4151485860347748,0.004151485860347748,False,False,0.0,0.0,0.0,0.0,0.0,0.0,0.0,0.0,0.0,0.0,0.0,0.0,0.0,0.0,0.0,0.0
1,417,16.185444951057434,16.1960571029922,False,-10.329669952392578,-0.18028675019741058,-97.97801971435547,-1.7100390195846558,91.20879364013672,1.5918937921524048,78.81318664550781,1.375549554824829,93.53845977783203,1.632554054260254,0.6868131868131868,0.006868131868131868,-0.17401015758514404,-1.7265613079071045,1.590099573135376,1.3706471920013428,1.6337331533432007,0.00490260124206543,-9.970046997070312,-0.1740101466774504,-98.92466735839844,-1.726561156844214,91.10598754882812,1.5900994510080089,78.53229522705078,1.370647120860264,93.60601043701172,1.6337330817820306,0.49026012420654297,0.00490260124206543,False,False,0.0,0.0,0.0,0.0,0.0,0.0,0.0,0.0,0.0,0.0,0.0,0.0,0.0,0.0,0.0,0.0
1,418,16.21898740204051,16.229531637043692,False,-10.329669952392578,-0.18028675019741058,-97.97801971435547,-1.7100390195846558,91.20879364013672,1.5918937921524048,78.81318664550781,1.375549554824829,93.53845977783203,1.632554054260254,0.6868131868131868,0.006868131868131868,-0.1722998172044754,-1.7139822244644165,1.575939655303955,1.370007872581482,1.6362017393112183,0.0037306323647499084,-9.872052192687988,-0.17229981469113106,-98.20394134521484,-1.7139821149093883,90.29468536376953,1.5759395566501122,78.49566650390625,1.3700078290405904,93.74745178222656,1.6362016989544796,0.37306323647499084,0.0037306323647499084,False,False,0.0,0.0,0.0,0.0,0.0,0.0,0.0,0.0,0.0,0.0,0.0,0.0,0.0,0.0,0.0,0.0
1,419,16.252238204004243,16.263638478005305,False,-10.329669952392578,-0.18028675019741058,-97.97801971435547,-1.7100390195846558,91.20879364013672,1.5918937921524048,78.81318664550781,1.375549554824829,93.53845977783203,1.632554054260254,0.6868131868131868,0.006868131868131868,-0.1780819445848465,-1.7117886543273926,1.5686588287353516,1.372764229774475,1.6396244764328003,0.003382556140422821,-10.203343391418457,-0.1780819368918566,-98.07826232910156,-1.7117886022775446,89.87752532958984,1.5686587405459445,78.65359497070312,1.3727642007688226,93.94355773925781,1.6396243935874495,0.3382556140422821,0.003382556140422821,False,False,0.0,0.0,0.0,0.0,0.0,0.0,0.0,0.0,0.0,0.0,0.0,0.0,0.0,0.0,0.0,0.0
1,420,16.28595213906374,16.44883505802136,False,-10.329669952392578,-0.18028675019741058,-97.97801971435547,-1.7100390195846558,91.20879364013672,1.5918937921524048,78.81318664550781,1.375549554824829,93.53845977783203,1.632554054260254,0.6868131868131868,0.006868131868131868,-0.18462464213371277,-1.7233057022094727,1.602573037147522,1.3738574981689453,1.6448363065719604,0.0005813613533973694,-10.578211784362793,-0.18462462461039517,-98.7381362915039,-1.7233055755696467,91.82066345214844,1.6025728986056131,78.71623229980469,1.3738574283962999,94.24217224121094,1.6448361998407346,0.05813613533973694,0.0005813613533973694,False,False,0.0,0.0,0.0,0.0,0.0,0.0,0.0,0.0,0.0,0.0,0.0,0.0,0.0,0.0,0.0,0.0
1,421,16.45033967506606,16.461221655015834,False,-10.329669952392578,-0.18028675019741058,-97.97801971435547,-1.7100390195846558,91.20879364013672,1.5918937921524048,78.81318664550781,1.375549554824829,93.53845977783203,1.632554054260254,0.6868131868131868,0.006868131868131868,-0.17905293405056,-1.7233469486236572,1.591444492340088,1.3693867921829224,1.6313667297363281,0.0005063116550445557,-10.258976936340332,-0.1790529254252995,-98.7405014038086,-1.723346854566543,91.18304443359375,1.591444347358499,78.4600830078125,1.369386779874384,93.47042083740234,1.6313665968373863,0.050631165504455566,0.0005063116550445557,False,False,0.0,0.0,0.0,0.0,0.0,0.0,0.0,0.0,0.0,0.0,0.0,0.0,0.0,0.0,0.0,0.0
1,422,16.484257892007008,16.49496513104532,False,-10.329669952392578,-0.18028675019741058,-97.97801971435547,-1.7100390195846558,91.20879364013672,1.5918937921524048,78.81318664550781,1.375549554824829,93.53845977783203,1.632554054260254,0.6868131868131868,0.006868131868131868,-0.1765381097793579,-1.7365307807922363,1.5874574184417725,1.3694274425506592,1.6448974609375,0.0012502074241638184,-10.114888191223145,-0.17653810240793769,-99.49588012695312,-1.7365307003849257,90.95460510253906,1.5874573288905414,78.46240997314453,1.3694273930810077,94.24567413330078,1.6448973193877519,0.12502074241638184,0.0012502074241638184,False,False,0.0,0.0,0.0,0.0,0.0,0.0,0.0,0.0,0.0,0.0,0.0,0.0,0.0,0.0,0.0,0.0
1,423,16.51737553603016,16.527760147000663,False,-10.329669952392578,-0.18028675019741058,-97.97801971435547,-1.7100390195846558,91.29669952392578,1.5934280157089233,78.81318664550781,1.375549554824829,93.53845977783203,1.632554054260254,0.6868131868131868,0.006868131868131868,-0.1787639856338501,-1.7200034856796265,1.589444637298584,1.371752142906189,1.6377322673797607,0.0012985318899154663,-10.24242115020752,-0.1787639724470259,-98.54893493652344,-1.720003388976003,91.06846618652344,1.5894445796959584,78.5956039428711,1.371752066396538,93.83514404296875,1.637732217632948,0.12985318899154663,0.0012985318899154663,False,False,0.0,0.0,0.0,0.0,0.0,0.0,0.0,0.0,0.0,0.0,0.0,0.0,0.0,0.0,0.0,0.0
1,424,16.55116087908391,16.56184773298446,False,-10.329669952392578,-0.18028675019741058,-97.97801971435547,-1.7100390195846558,91.29669952392578,1.5934280157089233,78.81318664550781,1.375549554824829,93.53845977783203,1.632554054260254,0.6868131868131868,0.006868131868131868,-0.17824211716651917,-1.7199187278747559,1.5930662155151367,1.3737952709197998,1.632412075996399,0.0013448894023895264,-10.212520599365234,-0.17824210938666807,-98.54407501220703,-1.719918567295284,91.27596282958984,1.5930660793043028,78.7126693725586,1.3737952435848466,93.53031921386719,1.6324120207232968,0.13448894023895264,0.0013448894023895264,False,False,0.0,0.0,0.0,0.0,0.0,0.0,0.0,0.0,0.0,0.0,0.0,0.0,0.0,0.0,0.0,0.0
1,425,16.584298708010465,16.594474860001355,False,-10.329669952392578,-0.18028675019741058,-97.97801971435547,-1.7100390195846558,91.29669952392578,1.5934280157089233,78.81318664550781,1.375549554824829,93.53845977783203,1.632554054260254,0.6868131868131868,0.006868131868131868,-0.18023161590099335,-1.7212252616882324,1.5870094299316406,1.3730180263519287,1.6359705924987793,0.003351181745529175,-10.326510429382324,-0.18023160723425494,-98.61893463134766,-1.7212251141260768,90.92893981933594,1.58700938519519,78.66813659667969,1.373018000020707,93.73420715332031,1.6359705365718606,0.3351181745529175,0.003351181745529175,False,False,0.0,0.0,0.0,0.0,0.0,0.0,0.0,0.0,0.0,0.0,0.0,0.0,0.0,0.0,0.0,0.0
1,426,16.618126266053878,16.628194572986104,False,-10.329669952392578,-0.18028675019741058,-97.97801971435547,-1.7100390195846558,91.29669952392578,1.5934280157089233,78.81318664550781,1.375549554824829,93.53845977783203,1.632554054260254,0.6868131868131868,0.006868131868131868,-0.1764662265777588,-1.722644567489624,1.586581826210022,1.3700950145721436,1.6383264064788818,0.0012287050485610962,-10.110769271850586,-0.17646621370326235,-98.70025634765625,-1.7226444458290346,90.90443420410156,1.5865816815241232,78.50065612792969,1.370094914408236,93.86918640136719,1.6383263688721448,0.12287050485610962,0.0012287050485610962,False,False,0.0,0.0,0.0,0.0,0.0,0.0,0.0,0.0,0.0,0.0,0.0,0.0,0.0,0.0,0.0,0.0
1,427,16.651661101030186,16.662089733057655,False,-10.329669952392578,-0.18028675019741058,-97.97801971435547,-1.7100390195846558,91.29669952392578,1.5934280157089233,78.81318664550781,1.375549554824829,93.53845977783203,1.632554054260254,0.6868131868131868,0.006868131868131868,-0.17731276154518127,-1.7283273935317993,1.592374563217163,1.3705289363861084,1.6375818252563477,0.0010177269577980042,-10.159272193908691,-0.17731274939001448,-99.0258560180664,-1.7283272321211003,91.23633575439453,1.592374456369209,78.52552032470703,1.3705288765078645,93.82652282714844,1.6375817490313587,0.10177269577980042,0.0010177269577980042,False,False,0.0,0.0,0.0,0.0,0.0,0.0,0.0,0.0,0.0,0.0,0.0,0.0,0.0,0.0,0.0,0.0
1,428,16.68499605508987,16.695448316982947,False,-10.329669952392578,-0.18028675019741058,-97.97801971435547,-1.7100390195846558,91.29669952392578,1.5934280157089233,78.81318664550781,1.375549554824829,93.53845977783203,1.632554054260254,0.6868131868131868,0.006868131868131868,-0.17835745215415955,-1.7310162782669067,1.5819803476333618,1.3719229698181152,1.6367226839065552,0.0006019994616508484,-10.219128608703613,-0.1783574409066253,-99.17992401123047,-1.7310162258737531,90.64079284667969,1.5819802717926843,78.60539245605469,1.3719229081804665,93.77729797363281,1.6367226132636992,0.06019994616508484,0.0006019994616508484,False,False,0.0,0.0,0.0,0.0,0.0,0.0,0.0,0.0,0.0,0.0,0.0,0.0,0.0,0.0,0.0,0.0
1,429,16.718487082980573,16.728857067064382,False,-10.329669952392578,-0.18028675019741058,-97.97801971435547,-1.7100390195846558,91.38461303710938,1.5949623584747314,78.81318664550781,1.375549554824829,93.53845977783203,1.632554054260254,0.6868131868131868,0.006868131868131868,-0.17431044578552246,-1.7270910739898682,1.593709945678711,1.3714408874511719,1.6380194425582886,0.00036615878343582153,-9.987252235412598,-0.17431043473511365,-98.95502471923828,-1.7270909927430853,91.31285095214844,1.5937098984978293,78.57777404785156,1.371440876023162,93.85159301757812,1.6380193063984587,0.03661587834358215,0.00036615878343582153,False,False,0.0,0.0,0.0,0.0,0.0,0.0,0.0,0.0,0.0,0.0,0.0,0.0,0.0,0.0,0.0,0.0
1,430,16.752266663010232,16.76282150100451,False,-10.329669952392578,-0.18028675019741058,-97.97801971435547,-1.7100390195846558,91.38461303710938,1.5949623584747314,78.81318664550781,1.375549554824829,93.53845977783203,1.632554054260254,0.6868131868131868,0.006868131868131868,-0.17718493938446045,-1.7322194576263428,1.591048002243042,1.3712201118469238,1.6361933946609497,0.0006514191627502441,-10.151948928833008,-0.1771849343024475,-99.24885559082031,-1.7322193088961966,91.16033172607422,1.5910479358302407,78.56512451171875,1.3712200999687945,93.7469711303711,1.6361933099970458,0.06514191627502441,0.0006514191627502441,False,False,0.0,0.0,0.0,0.0,0.0,0.0,0.0,0.0,0.0,0.0,0.0,0.0,0.0,0.0,0.0,0.0
1,431,16.785316794994287,16.795210557058454,False,-10.329669952392578,-0.18028675019741058,-97.97801971435547,-1.7100390195846558,91.38461303710938,1.5949623584747314,78.81318664550781,1.375549554824829,93.53845977783203,1.632554054260254,0.6868131868131868,0.006868131868131868,-0.1787925362586975,-1.7200123071670532,1.5920614004135132,1.3707159757614136,1.6319043636322021,0.00017901510000228882,-10.244056701660156,-0.1787925182049602,-98.5494384765625,-1.7200121774076003,91.21839141845703,1.5920612686250157,78.53623962402344,1.3707159635744426,93.50122833251953,1.6319042890614732,0.017901510000228882,0.00017901510000228882,False,False,0.0,0.0,0.0,0.0,0.0,0.0,0.0,0.0,0.0,0.0,0.0,0.0,0.0,0.0,0.0,0.0
1,432,16.818706099060364,16.82913895905949,False,-10.329669952392578,-0.18028675019741058,-97.97801971435547,-1.7100390195846558,91.38461303710938,1.5949623584747314,78.81318664550781,1.375549554824829,93.53845977783203,1.632554054260254,0.6868131868131868,0.006868131868131868,-0.17311768233776093,-1.7304726839065552,1.5946663618087769,1.369890809059143,1.6383339166641235,0.0021408647298812866,-9.918911933898926,-0.1731176714618944,-99.14877319335938,-1.7304725415372135,91.36764526367188,1.5946662396452769,78.48896026611328,1.3698907831106815,93.86961364746094,1.638333825723197,0.21408647298812866,0.0021408647298812866,False,False,0.0,0.0,0.0,0.0,0.0,0.0,0.0,0.0,0.0,0.0,0.0,0.0,0.0,0.0,0.0,0.0
1,433,16.852062739082612,16.86257051001303,False,-10.329669952392578,-0.18028675019741058,-97.97801971435547,-1.7100390195846558,91.38461303710938,1.5949623584747314,78.81318664550781,1.375549554824829,93.53845977783203,1.632554054260254,0.6868131868131868,0.006868131868131868,-0.17966192960739136,-1.731896162033081,1.5826674699783325,1.3719854354858398,1.6407201290130615,0.0011162087321281433,-10.293869972229004,-0.17966192378757337,-99.23033142089844,-1.7318960011398608,90.68016052246094,1.5826673673539249,78.60897064208984,1.3719853593080287,94.00633239746094,1.640720018059908,0.11162087321281433,0.0011162087321281433,False,False,0.0,0.0,0.0,0.0,0.0,0.0,0.0,0.0,0.0,0.0,0.0,0.0,0.0,0.0,0.0,0.0
1,434,16.885427250992507,16.895986441057175,False,-10.329669952392578,-0.18028675019741058,-97.97801971435547,-1.7100390195846558,91.38461303710938,1.5949623584747314,78.81318664550781,1.375549554824829,93.53845977783203,1.632554054260254,0.6868131868131868,0.006868131868131868,-0.17801697552204132,-1.725089192390442,1.5746499300003052,1.3716174364089966,1.6412360668182373,0.001387372612953186,-10.199621200561523,-0.1780169724060155,-98.84032440185547,-1.7250890945516728,90.22078704833984,1.5746497877341867,78.58788299560547,1.37161731044538,94.03589630126953,1.6412360055211108,0.1387372612953186,0.001387372612953186,False,False,0.0,0.0,0.0,0.0,0.0,0.0,0.0,0.0,0.0,0.0,0.0,0.0,0.0,0.0,0.0,0.0
1,435,16.91880097205285,16.929386437986977,False,-10.329669952392578,-0.18028675019741058,-97.97801971435547,-1.7100390195846558,91.38461303710938,1.5949623584747314,78.81318664550781,1.375549554824829,93.53845977783203,1.632554054260254,0.6868131868131868,0.006868131868131868,-0.17696240544319153,-1.7168570756912231,1.5875803232192993,1.3718653917312622,1.6381453275680542,0.002263091504573822,-10.139198303222656,-0.17696239390385773,-98.36865997314453,-1.716856997306129,90.9616470336914,1.5875802337748486,78.60208892822266,1.3718652507428661,93.85881042480469,1.6381452739180196,0.2263091504573822,0.002263091504573822,False,False,0.0,0.0,0.0,0.0,0.0,0.0,0.0,0.0,0.0,0.0,0.0,0.0,0.0,0.0,0.0,0.0
1,436,16.952330484986305,16.962966722087003,False,-10.329669952392578,-0.18028675019741058,-97.97801971435547,-1.7100390195846558,91.38461303710938,1.5949623584747314,78.81318664550781,1.375549554824829,93.53845977783203,1.632554054260254,0.6868131868131868,0.006868131868131868,-0.1752127856016159,-1.7230578660964966,1.5734188556671143,1.3709787130355835,1.6404609680175781,0.0009944438934326172,-10.038952827453613,-0.17521278029145976,-98.72393798828125,-1.7230577684302149,90.15025329589844,1.5734187415202976,78.5512924194336,1.3709786844159788,93.99148559570312,1.6404608924858433,0.09944438934326172,0.0009944438934326172,False,False,0.0,0.0,0.0,0.0,0.0,0.0,0.0,0.0,0.0,0.0,0.0,0.0,0.0,0.0,0.0,0.0
1,437,16.985827721073292,16.99646658007987,False,-10.329669952392578,-0.18028675019741058,-97.97801971435547,-1.7100390195846558,91.38461303710938,1.5949623584747314,78.81318664550781,1.375549554824829,93.53845977783203,1.632554054260254,0.6868131868131868,0.006868131868131868,-0.175888329744339,-1.7168054580688477,1.58039128780365,1.370359182357788,1.641190528869629,0.0017867013812065125,-10.077658653259277,-0.17588832439147198,-98.3656997680664,-1.7168053319809813,90.54974365234375,1.5803911635702341,78.51579284667969,1.370359099988372,94.03328704833984,1.6411904654664706,0.17867013812065125,0.0017867013812065125,False,False,0.0,0.0,0.0,0.0,0.0,0.0,0.0,0.0,0.0,0.0,0.0,0.0,0.0,0.0,0.0,0.0
1,438,17.019148420076817,17.02976507600397,False,-10.329669952392578,-0.18028675019741058,-97.97801971435547,-1.7100390195846558,91.38461303710938,1.5949623584747314,78.81318664550781,1.375549554824829,93.53845977783203,1.632554054260254,0.6868131868131868,0.006868131868131868,-0.18087241053581238,-1.706749677658081,1.5638476610183716,1.3703705072402954,1.6440855264663696,0.0016598701477050781,-10.363224983215332,-0.18087239708204164,-97.78955078125,-1.7067496351790057,89.60186767578125,1.5638476068786618,78.51644134521484,1.3703704184230048,94.19915771484375,1.6440854547294412,0.1659870147705078,0.0016598701477050781,False,False,0.0,0.0,0.0,0.0,0.0,0.0,0.0,0.0,0.0,0.0,0.0,0.0,0.0,0.0,0.0,0.0
1,439,17.05274700501468,17.06340796407312,False,-10.329669952392578,-0.18028675019741058,-97.97801971435547,-1.7100390195846558,91.38461303710938,1.5949623584747314,78.81318664550781,1.375549554824829,93.53845977783203,1.632554054260254,0.6868131868131868,0.006868131868131868,-0.17962929606437683,-1.7075629234313965,1.5695067644119263,1.3693212270736694,1.6386016607284546,0.001549646258354187,-10.291999816894531,-0.17962928341946308,-97.83614349365234,-1.7075628314178615,89.92610931396484,1.5695066910370257,78.4563217163086,1.3693211329535135,93.88495635986328,1.6386016065708044,0.1549646258354187,0.001549646258354187,False,False,0.0,0.0,0.0,0.0,0.0,0.0,0.0,0.0,0.0,0.0,0.0,0.0,0.0,0.0,0.0,0.0
1,440,17.086295174085535,17.09693509398494,False,-10.329669952392578,-0.18028675019741058,-97.97801971435547,-1.7100390195846558,91.38461303710938,1.5949623584747314,78.81318664550781,1.375549554824829,93.53845977783203,1.632554054260254,0.6868131868131868,0.006868131868131868,-0.17664434015750885,-1.714442491531372,1.5815494060516357,1.3705016374588013,1.6369074583053589,0.0034479647874832153,-10.12097454071045,-0.17664432924591822,-98.23031616210938,-1.7144424423038085,90.61610412597656,1.5815493723283096,78.52395629882812,1.3705015791066912,93.78787994384766,1.6369073034852961,0.34479647874832153,0.0034479647874832153,False,False,0.0,0.0,0.0,0.0,0.0,0.0,0.0,0.0,0.0,0.0,0.0,0.0,0.0,0.0,0.0,0.0
1,441,17.119291784008965,17.129585106042214,False,-10.329669952392578,-0.18028675019741058,-97.97801971435547,-1.7100390195846558,91.38461303710938,1.5949623584747314,78.81318664550781,1.375549554824829,93.53845977783203,1.632554054260254,0.6868131868131868,0.006868131868131868,-0.1772475242614746,-1.716761827468872,1.553710699081421,1.3701285123825073,1.6468563079833984,0.002755209803581238,-10.155534744262695,-0.17724751858806434,-98.36320495605469,-1.7167617892971585,89.02105712890625,1.5537105505053843,78.50257873535156,1.370128470237971,94.35791015625,1.6468562075275597,0.2755209803581238,0.002755209803581238,False,False,0.0,0.0,0.0,0.0,0.0,0.0,0.0,0.0,0.0,0.0,0.0,0.0,0.0,0.0,0.0,0.0
1,442,17.152739776065573,17.16585411108099,False,-10.329669952392578,-0.18028675019741058,-97.97801971435547,-1.7100390195846558,91.38461303710938,1.5949623584747314,78.81318664550781,1.375549554824829,93.53845977783203,1.632554054260254,0.6868131868131868,0.006868131868131868,-0.1752481311559677,-1.7082669734954834,1.5662304162979126,1.3696575164794922,1.6374242305755615,0.003122091293334961,-10.040977478027344,-0.17524811711017374,-97.87648010253906,-1.7082668380520238,89.73838806152344,1.5662303371059558,78.47559356689453,1.3696574901991905,93.81748962402344,1.637424089894826,0.3122091293334961,0.003122091293334961,False,False,0.0,0.0,0.0,0.0,0.0,0.0,0.0,0.0,0.0,0.0,0.0,0.0,0.0,0.0,0.0,0.0
1,443,17.18625719298143,17.196812872076407,False,-10.329669952392578,-0.18028675019741058,-97.97801971435547,-1.7100390195846558,91.38461303710938,1.5949623584747314,78.81318664550781,1.375549554824829,93.53845977783203,1.632554054260254,0.6868131868131868,0.006868131868131868,-0.17261993885040283,-1.7155197858810425,1.5451154708862305,1.3695082664489746,1.6404229402542114,0.0035450011491775513,-9.890393257141113,-0.1726199266541586,-98.29203796386719,-1.7155196909647457,88.5285873413086,1.545115331245208,78.467041015625,1.3695082200200916,93.98930358886719,1.6404228092822553,0.3545001149177551,0.0035450011491775513,False,False,0.0,0.0,0.0,0.0,0.0,0.0,0.0,0.0,0.0,0.0,0.0,0.0,0.0,0.0,0.0,0.0
1,444,17.220302532077767,17.230807106010616,False,-10.329669952392578,-0.18028675019741058,-97.97801971435547,-1.7100390195846558,91.29669952392578,1.5934280157089233,78.81318664550781,1.375549554824829,93.53845977783203,1.632554054260254,0.6868131868131868,0.006868131868131868,-0.1757798045873642,-1.7079848051071167,1.5594733953475952,1.3707668781280518,1.636206865310669,0.004162684082984924,-10.071440696716309,-0.17577980057705125,-97.86031341552734,-1.7079846761345299,89.35124206542969,1.5594733647882066,78.53915405273438,1.370766829951263,93.74774169921875,1.6362067589605507,0.41626840829849243,0.004162684082984924,False,False,0.0,0.0,0.0,0.0,0.0,0.0,0.0,0.0,0.0,0.0,0.0,0.0,0.0,0.0,0.0,0.0
1,445,17.253647366072983,17.26419383904431,False,-10.329669952392578,-0.18028675019741058,-97.97801971435547,-1.7100390195846558,91.20879364013672,1.5918937921524048,78.81318664550781,1.375549554824829,93.53845977783203,1.632554054260254,0.6868131868131868,0.006868131868131868,-0.17462550103664398,-1.7084393501281738,1.5676684379577637,1.370656132698059,1.638854742050171,0.004153244197368622,-10.005303382873535,-0.17462548669207,-97.88636016845703,-1.7084392777326065,89.8207778930664,1.5676683109365441,78.53280639648438,1.3706560424499157,93.89945220947266,1.6388546068743621,0.4153244197368622,0.004153244197368622,False,False,0.0,0.0,0.0,0.0,0.0,0.0,0.0,0.0,0.0,0.0,0.0,0.0,0.0,0.0,0.0,0.0
1,446,17.28697205800563,17.297863828018308,False,-10.329669952392578,-0.18028675019741058,-97.97801971435547,-1.7100390195846558,91.20879364013672,1.5918937921524048,78.81318664550781,1.375549554824829,93.53845977783203,1.632554054260254,0.6868131868131868,0.006868131868131868,-0.17185163497924805,-1.7047052383422852,1.5634582042694092,1.3689833879470825,1.6357307434082031,0.004125222563743591,-9.846372604370117,-0.17185162132442755,-97.67240905761719,-1.7047051264101518,89.57955169677734,1.5634581195692379,78.43696594238281,1.3689833109692369,93.72046661376953,1.635730718915699,0.41252225637435913,0.004125222563743591,False,False,0.0,0.0,0.0,0.0,0.0,0.0,0.0,0.0,0.0,0.0,0.0,0.0,0.0,0.0,0.0,0.0
1,447,17.320758078014478,17.331589293084107,False,-10.329669952392578,-0.18028675019741058,-97.97801971435547,-1.7100390195846558,91.20879364013672,1.5918937921524048,78.81318664550781,1.375549554824829,93.53845977783203,1.632554054260254,0.6868131868131868,0.006868131868131868,-0.17329496145248413,-1.7029372453689575,1.5466744899749756,1.3695285320281982,1.64504075050354,0.0038921982049942017,-9.929069519042969,-0.1732949547667096,-97.57111358642578,-1.7029371869205028,88.61791229248047,1.5466743457473404,78.46820068359375,1.3695284600443762,94.2538833618164,1.645040597454398,0.38921982049942017,0.0038921982049942017,False,False,0.0,0.0,0.0,0.0,0.0,0.0,0.0,0.0,0.0,0.0,0.0,0.0,0.0,0.0,0.0,0.0
1,448,17.354253562982194,17.364907287061214,False,-10.329669952392578,-0.18028675019741058,-97.97801971435547,-1.7100390195846558,91.20879364013672,1.5918937921524048,78.81318664550781,1.375549554824829,93.53845977783203,1.632554054260254,0.6868131868131868,0.006868131868131868,-0.18105456233024597,-1.7250946760177612,1.560421347618103,1.3718782663345337,1.64182710647583,0.004125379025936127,-10.373661994934082,-0.18105455730060305,-98.84063720703125,-1.7250945540319076,89.40555572509766,1.5604213169782204,78.60282897949219,1.371878167074153,94.06975555419922,1.6418269609669995,0.41253790259361267,0.004125379025936127,False,False,0.0,0.0,0.0,0.0,0.0,0.0,0.0,0.0,0.0,0.0,0.0,0.0,0.0,0.0,0.0,0.0
1,449,17.387556015048176,17.39803942805156,False,-10.329669952392578,-0.18028675019741058,-97.97801971435547,-1.7100390195846558,91.20879364013672,1.5918937921524048,78.81318664550781,1.375549554824829,93.53845977783203,1.632554054260254,0.6868131868131868,0.006868131868131868,-0.17848685383796692,-1.7161047458648682,1.5610196590423584,1.3709325790405273,1.6427665948867798,0.004107385873794556,-10.226542472839355,-0.17848683724608955,-98.32555389404297,-1.7161046542981815,89.43983459472656,1.5610195961171067,78.54864501953125,1.370932478571066,94.12358856201172,1.6427665241995795,0.41073858737945557,0.004107385873794556,False,False,0.0,0.0,0.0,0.0,0.0,0.0,0.0,0.0,0.0,0.0,0.0,0.0,0.0,0.0,0.0,0.0
1,450,17.420975881046616,17.58544635702856,False,-10.329669952392578,-0.18028675019741058,-97.97801971435547,-1.7100390195846558,91.20879364013672,1.5918937921524048,78.81318664550781,1.375549554824829,93.53845977783203,1.632554054260254,0.6868131868131868,0.006868131868131868,-0.17503118515014648,-1.7246036529541016,1.5774933099746704,1.3698911666870117,1.6426317691802979,0.0011058151721954346,-10.028547286987305,-0.17503116934987314,-98.81250762939453,-1.7246036002849514,90.38370513916016,1.5774932448300643,78.48897552490234,1.3698910494267904,94.11585998535156,1.642631635090367,0.11058151721954346,0.0011058151721954346,False,False,0.0,0.0,0.0,0.0,0.0,0.0,0.0,0.0,0.0,0.0,0.0,0.0,0.0,0.0,0.0,0.0
1,451,17.58690467500128,17.59824338601902,False,-10.329669952392578,-0.18028675019741058,-97.97801971435547,-1.7100390195846558,91.20879364013672,1.5918937921524048,78.81318664550781,1.375549554824829,93.53845977783203,1.632554054260254,0.6868131868131868,0.006868131868131868,-0.179968923330307,-1.7233673334121704,1.5842996835708618,1.368544101715088,1.6382302045822144,-0.00022327899932861328,-10.3114595413208,-0.17996891968223225,-98.74166870117188,-1.723367227748882,90.773681640625,1.5842996187860343,78.41179656982422,1.3685440225474284,93.8636703491211,1.6382300955987386,0.0,0.0,True,False,0.022327899932861328,0.0,0.0,0.0,0.0,0.0,0.0,0.0,0.0,0.0,0.0,0.0,0.0,0.0,0.0,0.0
1,452,17.62039185606409,17.631088177091442,False,-10.329669952392578,-0.18028675019741058,-97.97801971435547,-1.7100390195846558,91.20879364013672,1.5918937921524048,78.81318664550781,1.375549554824829,93.53845977783203,1.632554054260254,0.6868131868131868,0.006868131868131868,-0.17498737573623657,-1.743661880493164,1.599615216255188,1.3711087703704834,1.6359367370605469,8.121132850646973e-05,-10.026037216186523,-0.17498736034994136,-99.90446472167969,-1.743661846835831,91.65119934082031,1.599615191898971,78.5587387084961,1.3711086466771747,93.73226165771484,1.6359365812679623,0.008121132850646973,8.121132850646973e-05,False,False,0.0,0.0,0.0,0.0,0.0,0.0,0.0,0.0,0.0,0.0,0.0,0.0,0.0,0.0,0.0,0.0
1,453,17.653627654071897,17.664087012060918,False,-10.329669952392578,-0.18028675019741058,-97.97801971435547,-1.7100390195846558,91.20879364013672,1.5918937921524048,78.81318664550781,1.375549554824829,93.53845977783203,1.632554054260254,0.6868131868131868,0.006868131868131868,-0.17527475953102112,-1.7406879663467407,1.595522165298462,1.3701969385147095,1.6283260583877563,7.075071334838867e-05,-10.042503356933594,-0.1752747487210745,-99.73406982421875,-1.7406878948465394,91.41667938232422,1.5955220464615738,78.50650024414062,1.3701969134779861,93.29620361328125,1.6283259326627884,0.007075071334838867,7.075071334838867e-05,False,False,0.0,0.0,0.0,0.0,0.0,0.0,0.0,0.0,0.0,0.0,0.0,0.0,0.0,0.0,0.0,0.0
1,454,17.687311771092936,17.698541147983633,False,-10.329669952392578,-0.18028675019741058,-97.97801971435547,-1.7100390195846558,91.38461303710938,1.5949623584747314,78.81318664550781,1.375549554824829,93.53845977783203,1.632554054260254,0.6868131868131868,0.006868131868131868,-0.17498010396957397,-1.7322170734405518,1.5940520763397217,1.3720134496688843,1.6348077058792114,0.00015457719564437866,-10.025620460510254,-0.17498008659121408,-99.24871826171875,-1.7322169120512154,91.33245086669922,1.59405198153985,78.6105728149414,1.3720133224994746,93.6675796508789,1.6348076672818777,0.015457719564437866,0.00015457719564437866,False,False,0.0,0.0,0.0,0.0,0.0,0.0,0.0,0.0,0.0,0.0,0.0,0.0,0.0,0.0,0.0,0.0
1,455,17.721043850062415,17.731780971982516,False,-10.329669952392578,-0.18028675019741058,-98.06593322753906,-1.7115733623504639,91.38461303710938,1.5949623584747314,78.81318664550781,1.375549554824829,93.53845977783203,1.632554054260254,0.6868131868131868,0.006868131868131868,-0.17435330152511597,-1.7422493696212769,1.5925631523132324,1.3697608709335327,1.631027102470398,0.0011194497346878052,-9.989707946777344,-0.17435329498390711,-99.82353210449219,-1.7422493061936528,91.24713897705078,1.5925630081743867,78.48151397705078,1.3697608208494856,93.45096588134766,1.6310270437984011,0.11194497346878052,0.0011194497346878052,False,False,0.0,0.0,0.0,0.0,0.0,0.0,0.0,0.0,0.0,0.0,0.0,0.0,0.0,0.0,0.0,0.0
1,456,17.75443698000163,17.765955268056132,False,-10.329669952392578,-0.18028675019741058,-98.06593322753906,-1.7115733623504639,91.38461303710938,1.5949623584747314,78.81318664550781,1.375549554824829,93.53845977783203,1.632554054260254,0.6868131868131868,0.006868131868131868,-0.17170973122119904,-1.7388232946395874,1.600111722946167,1.3679190874099731,1.6284282207489014,0.002359725534915924,-9.838242530822754,-0.17170972477259677,-99.62722778320312,-1.738823149451266,91.67964172363281,1.600111605126162,78.37598419189453,1.367918978639587,93.30205535888672,1.6284280648905929,0.2359725534915924,0.002359725534915924,False,False,0.0,0.0,0.0,0.0,0.0,0.0,0.0,0.0,0.0,0.0,0.0,0.0,0.0,0.0,0.0,0.0
1,457,17.78792724700179,17.800798975047655,False,-10.329669952392578,-0.18028675019741058,-98.06593322753906,-1.7115733623504639,91.38461303710938,1.5949623584747314,78.81318664550781,1.375549554824829,93.53845977783203,1.632554054260254,0.6868131868131868,0.006868131868131868,-0.1724061816930771,-1.7326997518539429,1.5965005159378052,1.36879563331604,1.6321675777435303,0.000803336501121521,-9.878146171569824,-0.17240617468716612,-99.27637481689453,-1.7326996099987924,91.47274017333984,1.5965004918460688,78.42620849609375,1.3687955581123863,93.51631164550781,1.6321675425352276,0.0803336501121521,0.000803336501121521,False,False,0.0,0.0,0.0,0.0,0.0,0.0,0.0,0.0,0.0,0.0,0.0,0.0,0.0,0.0,0.0,0.0
1,458,17.821328758029267,17.83332889608573,False,-10.329669952392578,-0.18028675019741058,-98.06593322753906,-1.7115733623504639,91.38461303710938,1.5949623584747314,78.81318664550781,1.375549554824829,93.53845977783203,1.632554054260254,0.6868131868131868,0.006868131868131868,-0.1761406660079956,-1.7435238361358643,1.6051123142242432,1.3698616027832031,1.6336727142333984,0.0016144290566444397,-10.092116355895996,-0.17614065890475697,-99.89655303955078,-1.7435237619333104,91.96615600585938,1.6051122227050036,78.4872817993164,1.3698614883386906,93.60254669189453,1.6336726280252858,0.16144290566444397,0.0016144290566444397,False,False,0.0,0.0,0.0,0.0,0.0,0.0,0.0,0.0,0.0,0.0,0.0,0.0,0.0,0.0,0.0,0.0
1,459,17.854543669032864,17.8663716330193,False,-10.329669952392578,-0.18028675019741058,-98.06593322753906,-1.7115733623504639,91.38461303710938,1.5949623584747314,78.81318664550781,1.375549554824829,93.53845977783203,1.632554054260254,0.6868131868131868,0.006868131868131868,-0.17260131239891052,-1.7505168914794922,1.5995205640792847,1.3706461191177368,1.6347036361694336,0.0043771713972091675,-9.889326095581055,-0.17260130117128486,-100.00004577636719,-1.7453300509426566,91.6457748413086,1.5995205165222188,78.53223419189453,1.370646055595828,93.66161346435547,1.6347035376832555,0.43771713972091675,0.0043771713972091675,False,False,0.0,0.0,0.0,0.0,0.29718017578125,0.0,0.29718017578125,0.0,0.0,0.0,0.0,0.0,0.0,0.0,0.0,0.0
1,460,17.888016731012613,17.899155694060028,False,-10.329669952392578,-0.18028675019741058,-98.06593322753906,-1.7115733623504639,91.38461303710938,1.5949623584747314,78.81318664550781,1.375549554824829,93.53845977783203,1.632554054260254,0.6868131868131868,0.006868131868131868,-0.17068138718605042,-1.737486481666565,1.5937801599502563,1.3684804439544678,1.6294790506362915,0.0022097602486610413,-9.779322624206543,-0.1706813784071763,-99.5506362915039,-1.7374863757421006,91.3168716430664,1.5937800727925528,78.40814971923828,1.3684803729973756,93.36226654052734,1.629478948256738,0.22097602486610413,0.0022097602486610413,False,False,0.0,0.0,0.0,0.0,0.0,0.0,0.0,0.0,0.0,0.0,0.0,0.0,0.0,0.0,0.0,0.0
1,461,17.921394995064475,17.9327372770058,False,-10.329669952392578,-0.18028675019741058,-98.06593322753906,-1.7115733623504639,91.38461303710938,1.5949623584747314,78.81318664550781,1.375549554824829,93.53845977783203,1.632554054260254,0.6868131868131868,0.006868131868131868,-0.17079758644104004,-1.7335638999938965,1.5926977396011353,1.3690234422683716,1.6311066150665283,0.0024806559085845947,-9.785980224609375,-0.17079757545448782,-99.32588958740234,-1.733563805772523,91.25485229492188,1.5926976309674903,78.43926239013672,1.3690233915436427,93.45552062988281,1.63110653915694,0.24806559085845947,0.0024806559085845947,False,False,0.0,0.0,0.0,0.0,0.0,0.0,0.0,0.0,0.0,0.0,0.0,0.0,0.0,0.0,0.0,0.0
1,462,17.955028414027765,17.96635447407607,False,-10.329669952392578,-0.18028675019741058,-98.06593322753906,-1.7115733623504639,91.38461303710938,1.5949623584747314,78.81318664550781,1.375549554824829,93.53845977783203,1.632554054260254,0.6868131868131868,0.006868131868131868,-0.17499081790447235,-1.7359963655471802,1.5893930196762085,1.3678910732269287,1.6352932453155518,0.0015851035714149475,-10.02623462677002,-0.17499080581460164,-99.46525573730469,-1.7359962039541468,91.06550598144531,1.589392914370811,78.37438201904297,1.367891015448141,93.69539642333984,1.635293161548599,0.15851035714149475,0.0015851035714149475,False,False,0.0,0.0,0.0,0.0,0.0,0.0,0.0,0.0,0.0,0.0,0.0,0.0,0.0,0.0,0.0,0.0
1,463,17.989230019040406,17.999991968041286,False,-10.329669952392578,-0.18028675019741058,-98.06593322753906,-1.7115733623504639,91.38461303710938,1.5949623584747314,78.81318664550781,1.375549554824829,93.53845977783203,1.632554054260254,0.6868131868131868,0.006868131868131868,-0.17648015916347504,-1.7417621612548828,1.587982177734375,1.3692330121994019,1.6357409954071045,0.0022364556789398193,-10.111567497253418,-0.17648014536471482,-99.79561614990234,-1.741762080872223,90.98467254638672,1.5879821047833413,78.4512710571289,1.369232982321432,93.72105407714844,1.635740972085896,0.22364556789398193,0.0022364556789398193,False,False,0.0,0.0,0.0,0.0,0.0,0.0,0.0,0.0,0.0,0.0,0.0,0.0,0.0,0.0,0.0,0.0
1,464,18.022675300017,18.034642511047423,False,-10.329669952392578,-0.18028675019741058,-98.06593322753906,-1.7115733623504639,91.38461303710938,1.5949623584747314,78.81318664550781,1.375549554824829,93.53845977783203,1.632554054260254,0.6868131868131868,0.006868131868131868,-0.17475900053977966,-1.7439976930618286,1.588666319847107,1.3682575225830078,1.63347589969635,0.002086229622364044,-10.01295280456543,-0.17475899428646705,-99.92369842529297,-1.7439975382912354,91.02387237548828,1.5886662708673829,78.39537811279297,1.3682574664141358,93.59127044677734,1.633475820420729,0.20862296223640442,0.002086229622364044,False,False,0.0,0.0,0.0,0.0,0.0,0.0,0.0,0.0,0.0,0.0,0.0,0.0,0.0,0.0,0.0,0.0
1,465,18.05613899207674,18.06771874509286,False,-10.329669952392578,-0.18028675019741058,-98.06593322753906,-1.7115733623504639,91.38461303710938,1.5949623584747314,78.81318664550781,1.375549554824829,93.53845977783203,1.632554054260254,0.6868131868131868,0.006868131868131868,-0.17627350986003876,-1.7438712120056152,1.5948957204818726,1.3681057691574097,1.636233925819397,0.002549596130847931,-10.099727630615234,-0.17627350070888148,-99.91645812988281,-1.7438711712975112,91.38079071044922,1.5948956709731872,78.38668060302734,1.3681056662320012,93.7492904663086,1.636233790045615,0.2549596130847931,0.002549596130847931,False,False,0.0,0.0,0.0,0.0,0.0,0.0,0.0,0.0,0.0,0.0,0.0,0.0,0.0,0.0,0.0,0.0
1,466,18.089541670051403,18.101224655052647,False,-10.329669952392578,-0.18028675019741058,-98.06593322753906,-1.7115733623504639,91.38461303710938,1.5949623584747314,78.81318664550781,1.375549554824829,93.53845977783203,1.632554054260254,0.6868131868131868,0.006868131868131868,-0.17093265056610107,-1.7532058954238892,1.58822762966156,1.3704719543457031,1.6370753049850464,0.0014196038246154785,-9.793719291687012,-0.17093264765602528,-100.00004577636719,-1.7453300509426566,90.99873352050781,1.5882275150777923,78.52225494384766,1.3704718848605368,93.79750061035156,1.6370752157920256,0.14196038246154785,0.0014196038246154785,False,False,0.0,0.0,0.0,0.0,0.4512481689453125,0.0,0.4512481689453125,0.0,0.0,0.0,0.0,0.0,0.0,0.0,0.0,0.0
1,467,18.123017286066897,18.13390542403795,False,-10.329669952392578,-0.18028675019741058,-98.06593322753906,-1.7115733623504639,91.38461303710938,1.5949623584747314,78.81318664550781,1.375549554824829,93.53845977783203,1.632554054260254,0.6868131868131868,0.006868131868131868,-0.17202123999595642,-1.7277239561080933,1.5758287906646729,1.3687952756881714,1.6362661123275757,0.002872966229915619,-9.856090545654297,-0.17202123139635198,-98.99128723144531,-1.7277238929761427,90.28833770751953,1.575828769148765,78.42618560791016,1.3687951586382228,93.75113677978516,1.6362660142948051,0.2872966229915619,0.002872966229915619,False,False,0.0,0.0,0.0,0.0,0.0,0.0,0.0,0.0,0.0,0.0,0.0,0.0,0.0,0.0,0.0,0.0
1,468,18.156378198997118,18.16687333607115,False,-10.329669952392578,-0.18028675019741058,-98.06593322753906,-1.7115733623504639,91.38461303710938,1.5949623584747314,78.81318664550781,1.375549554824829,93.53845977783203,1.632554054260254,0.6868131868131868,0.006868131868131868,-0.18110191822052002,-1.7276734113693237,1.538873314857483,1.3714051246643066,1.6357755661010742,0.0038869157433509827,-10.376375198364258,-0.18110191163373604,-98.98838806152344,-1.7276732929154313,88.17094421386719,1.5388732811242258,78.57572174072266,1.3714050565065006,93.72303009033203,1.6357754600220125,0.38869157433509827,0.0038869157433509827,False,False,0.0,0.0,0.0,0.0,0.0,0.0,0.0,0.0,0.0,0.0,0.0,0.0,0.0,0.0,0.0,0.0
1,469,18.1899330210872,18.20025075005833,False,-10.329669952392578,-0.18028675019741058,-98.06593322753906,-1.7115733623504639,91.38461303710938,1.5949623584747314,78.81318664550781,1.375549554824829,93.53845977783203,1.632554054260254,0.6868131868131868,0.006868131868131868,-0.17981310188770294,-1.7227426767349243,1.5492160320281982,1.3715673685073853,1.6358368396759033,0.003144577145576477,-10.302531242370605,-0.179813091468949,-98.70587921142578,-1.722742583315204,88.76353454589844,1.5492159335336575,78.58501434326172,1.3715672430168864,93.7265396118164,1.6358367127270843,0.3144577145576477,0.003144577145576477,False,False,0.0,0.0,0.0,0.0,0.0,0.0,0.0,0.0,0.0,0.0,0.0,0.0,0.0,0.0,0.0,0.0
1,470,18.223176314029843,18.233950876048766,False,-10.329669952392578,-0.18028675019741058,-98.06593322753906,-1.7115733623504639,91.38461303710938,1.5949623584747314,78.81318664550781,1.375549554824829,93.53845977783203,1.632554054260254,0.6868131868131868,0.006868131868131868,-0.1769248992204666,-1.7211860418319702,1.5395888090133667,1.3724790811538696,1.6345218420028687,0.003533869981765747,-10.137049674987793,-0.17692489326675806,-98.61669158935547,-1.7211859656580526,88.2119369506836,1.5395887393510757,78.63725280761719,1.372478976216075,93.65119934082031,1.6345217769388576,0.3533869981765747,0.003533869981765747,False,False,0.0,0.0,0.0,0.0,0.0,0.0,0.0,0.0,0.0,0.0,0.0,0.0,0.0,0.0,0.0,0.0
1,471,18.25675903109368,18.267165192053653,False,-10.329669952392578,-0.18028675019741058,-98.06593322753906,-1.7115733623504639,91.03296661376953,1.588824987411499,78.81318664550781,1.375549554824829,93.53845977783203,1.632554054260254,0.6868131868131868,0.006868131868131868,-0.17596231400966644,-1.730226755142212,1.5625735521316528,1.3709921836853027,1.635179042816162,0.0047181472182273865,-10.081897735595703,-0.17596231033550574,-99.13468170166016,-1.7302265986105447,89.52886199951172,1.5625734174551134,78.55206298828125,1.3709921333794837,93.68885040283203,1.6351789119378346,0.47181472182273865,0.0047181472182273865,False,False,0.0,0.0,0.0,0.0,0.0,0.0,0.0,0.0,0.0,0.0,0.0,0.0,0.0,0.0,0.0,0.0
1,472,18.290028113056906,18.300805745995604,False,-10.329669952392578,-0.18028675019741058,-98.06593322753906,-1.7115733623504639,91.03296661376953,1.588824987411499,78.81318664550781,1.375549554824829,93.53845977783203,1.632554054260254,0.6868131868131868,0.006868131868131868,-0.1748156100511551,-1.7200288772583008,1.5385514497756958,1.3720487356185913,1.6320714950561523,0.0036558210849761963,-10.016196250915527,-0.17481560310438804,-98.5503921508789,-1.7200288221644133,88.15249633789062,1.5385513049484352,78.61259460449219,1.3720486093839181,93.51080322265625,1.6320714024198757,0.36558210849761963,0.0036558210849761963,False,False,0.0,0.0,0.0,0.0,0.0,0.0,0.0,0.0,0.0,0.0,0.0,0.0,0.0,0.0,0.0,0.0
1,473,18.3237814870663,18.334363130037673,False,-10.329669952392578,-0.18028675019741058,-98.06593322753906,-1.7115733623504639,91.03296661376953,1.588824987411499,78.81318664550781,1.375549554824829,93.53845977783203,1.632554054260254,0.6868131868131868,0.006868131868131868,-0.17357699573040009,-1.7181042432785034,1.546751856803894,1.3724690675735474,1.6338822841644287,0.0035125017166137695,-9.945228576660156,-0.173576983526149,-98.44011688232422,-1.718104155644613,88.62234497070312,1.5467517105770072,78.63668060302734,1.3724689893619872,93.61455535888672,1.633882218803075,0.35125017166137695,0.0035125017166137695,False,False,0.0,0.0,0.0,0.0,0.0,0.0,0.0,0.0,0.0,0.0,0.0,0.0,0.0,0.0,0.0,0.0
1,474,18.35721711604856,18.368761375080794,False,-10.329669952392578,-0.18028675019741058,-98.06593322753906,-1.7115733623504639,91.03296661376953,1.588824987411499,78.81318664550781,1.375549554824829,93.53845977783203,1.632554054260254,0.6868131868131868,0.006868131868131868,-0.17476455867290497,-1.712737798690796,1.5469865798950195,1.3727554082870483,1.6362727880477905,0.004771433770656586,-10.01327133178711,-0.1747645536352426,-98.13264465332031,-1.712737752890049,88.63579559326172,1.5469864682270977,78.65308380126953,1.3727552791791706,93.75151824951172,1.6362726721975303,0.47714337706565857,0.004771433770656586,False,False,0.0,0.0,0.0,0.0,0.0,0.0,0.0,0.0,0.0,0.0,0.0,0.0,0.0,0.0,0.0,0.0
1,475,18.39095993002411,18.402989135007374,False,-10.329669952392578,-0.18028675019741058,-98.06593322753906,-1.7115733623504639,91.03296661376953,1.588824987411499,78.81318664550781,1.375549554824829,93.53845977783203,1.632554054260254,0.6868131868131868,0.006868131868131868,-0.17277681827545166,-1.7092489004135132,1.5464178323745728,1.3714104890823364,1.632743239402771,0.003998413681983948,-9.899381637573242,-0.17277680348712107,-97.9327392578125,-1.709248745545936,88.60321044921875,1.5464177501763112,78.5760269165039,1.3714103828286808,93.5492935180664,1.6327431848048481,0.3998413681983948,0.003998413681983948,False,False,0.0,0.0,0.0,0.0,0.0,0.0,0.0,0.0,0.0,0.0,0.0,0.0,0.0,0.0,0.0,0.0
1,476,18.424068360007368,18.434842676040716,False,-10.329669952392578,-0.18028675019741058,-98.06593322753906,-1.7115733623504639,91.03296661376953,1.588824987411499,78.81318664550781,1.375549554824829,93.53845977783203,1.632554054260254,0.6868131868131868,0.006868131868131868,-0.17631796002388,-1.7066445350646973,1.5230085849761963,1.3708888292312622,1.6359350681304932,0.0034997016191482544,-10.102273941040039,-0.1763179422095722,-97.78352355957031,-1.7066444403159475,87.261962890625,1.5230085641945148,78.546142578125,1.3708888027291886,93.73217010498047,1.6359349833713082,0.34997016191482544,0.0034997016191482544,False,False,0.0,0.0,0.0,0.0,0.0,0.0,0.0,0.0,0.0,0.0,0.0,0.0,0.0,0.0,0.0,0.0
1,477,18.4575273609953,18.469849787070416,False,-10.329669952392578,-0.18028675019741058,-98.06593322753906,-1.7115733623504639,91.03296661376953,1.588824987411499,78.81318664550781,1.375549554824829,93.53845977783203,1.632554054260254,0.6868131868131868,0.006868131868131868,-0.17750883102416992,-1.6810405254364014,1.4174542427062988,1.3696452379226685,1.6332380771636963,0.003634154796600342,-10.170506477355957,-0.17750882462527157,-96.31652069091797,-1.6810404101217622,87.03296661376953,1.5190118251885782,78.47488403320312,1.3696451065001216,93.57764434814453,1.633238000135385,0.3634154796600342,0.003634154796600342,False,False,0.0,0.0,0.0,0.0,0.0,0.0,0.0,0.0,5.818824768066406,5.818824768066406,0.0,0.0,0.0,0.0,0.0,0.0
1,478,18.49102125200443,18.50174945499748,False,-10.329669952392578,-0.18028675019741058,-98.06593322753906,-1.7115733623504639,90.94505310058594,1.587290644645691,78.81318664550781,1.375549554824829,93.53845977783203,1.632554054260254,0.6868131868131868,0.006868131868131868,-0.1768937110900879,-1.6737710237503052,1.4127737283706665,1.3702728748321533,1.6335793733596802,0.004938751459121704,-10.135262489318848,-0.17689370099249052,-95.90000915527344,-1.6737709124522275,86.94505310058594,1.5174774449265291,78.51084899902344,1.3702728135690534,93.59719848632812,1.6335792842290786,0.4938751459121704,0.004938751459121704,False,False,0.0,0.0,0.0,0.0,0.0,0.0,0.0,0.0,5.99908447265625,5.99908447265625,0.0,0.0,0.0,0.0,0.0,0.0
1,479,18.524417574051768,18.534928871085867,False,-10.329669952392578,-0.18028675019741058,-97.89010620117188,-1.7085046768188477,90.85713958740234,1.5857561826705933,78.81318664550781,1.375549554824829,93.53845977783203,1.632554054260254,0.6868131868131868,0.006868131868131868,-0.18514232337474823,-1.6479668617248535,1.3825550079345703,1.370906949043274,1.6335875988006592,0.004773460328578949,-10.60787296295166,-0.18514230983679295,-94.42153930664062,-1.6479667457021228,86.85713958740234,1.51594306466448,78.54718017578125,1.3709069122246011,93.59767150878906,1.6335875400284579,0.4773460328578949,0.004773460328578949,False,False,0.0,0.0,0.0,0.0,0.0,0.0,0.0,0.0,7.642578125,7.642578125,0.0,0.0,0.0,0.0,0.0,0.0
1,480,18.55779378407169,18.71884460002184,False,-10.329669952392578,-0.18028675019741058,-97.36264038085938,-1.699298620223999,90.5934066772461,1.5811532735824585,78.81318664550781,1.375549554824829,93.53845977783203,1.632554054260254,0.6868131868131868,0.006868131868131868,-0.17370738089084625,-1.718794584274292,1.5947554111480713,1.3707371950149536,1.6340562105178833,0.000356137752532959,-9.952699661254883,-0.17370737855102203,-98.47966766357422,-1.7187944469991616,91.37274932861328,1.5947553223837398,78.5374526977539,1.3707371357051086,93.62451934814453,1.6340561232222572,0.0356137752532959,0.000356137752532959,False,False,0.0,0.0,0.0,0.0,0.0,0.0,0.0,0.0,0.0,0.0,0.0,0.0,0.0,0.0,0.0,0.0
1,481,18.72030809603166,18.73119314503856,False,-10.417582511901855,-0.18182110786437988,-95.25274658203125,-1.6624740362167358,90.5934066772461,1.5811532735824585,78.81318664550781,1.375549554824829,93.53845977783203,1.632554054260254,0.6868131868131868,0.006868131868131868,-0.17551302909851074,-1.735887050628662,1.5947215557098389,1.3705657720565796,1.6342583894729614,-0.0005268007516860962,-10.05615520477295,-0.17551301841485256,-99.25274658203125,-1.7322872195039936,91.37081146240234,1.594721500237896,78.52763366699219,1.3705657612889621,93.63610076904297,1.6342582571489943,0.0,0.0,True,False,0.05268007516860962,0.0,0.0,0.0,0.0,0.2062530517578125,0.2062530517578125,0.0,0.0,0.0,0.0,0.0,0.0,0.0,0.0,0.0
1,482,18.753790516988374,18.764956834027544,False,-10.417582511901855,-0.18182110786437988,-95.16483306884766,-1.6609396934509277,90.5934066772461,1.5811532735824585,78.81318664550781,1.375549554824829,93.53845977783203,1.632554054260254,0.6868131868131868,0.006868131868131868,-0.1781681776046753,-1.7295225858688354,1.5925955772399902,1.3672362565994263,1.6322083473205566,0.0019293054938316345,-10.208284378051758,-0.17816817337690474,-99.0943374633789,-1.7295224588183278,91.2490005493164,1.5925954987396858,78.33686065673828,1.3672361441360905,93.51864624023438,1.6322082888999059,0.19293054938316345,0.0019293054938316345,False,False,0.0,0.0,0.0,0.0,0.0,0.0,0.0,0.0,0.0,0.0,0.0,0.0,0.0,0.0,0.0,0.0
1,483,18.78703701705672,18.79784859600477,False,-10.417582511901855,-0.18182110786437988,-95.34066009521484,-1.664008378982544,90.68132019042969,1.5826876163482666,78.81318664550781,1.375549554824829,93.53845977783203,1.632554054260254,0.6868131868131868,0.006868131868131868,-0.17107190191745758,-1.7345565557479858,1.5840034484863281,1.3714475631713867,1.6311370134353638,0.0012355148792266846,-9.801697731018066,-0.17107189769152278,-99.34066009521484,-1.7338215997660427,90.75670623779297,1.584003342114763,78.57815551757812,1.3714475339258874,93.45726013183594,1.631136899193367,0.12355148792266846,0.0012355148792266846,False,False,0.0,0.0,0.0,0.0,0.0,0.04210662841796875,0.04210662841796875,0.0,0.0,0.0,0.0,0.0,0.0,0.0,0.0,0.0
1,484,18.820640520076267,18.831307752989233,False,-10.417582511901855,-0.18182110786437988,-96.57142639160156,-1.685489296913147,91.29669952392578,1.5934280157089233,78.81318664550781,1.375549554824829,93.53845977783203,1.632554054260254,0.6868131868131868,0.006868131868131868,-0.1727505326271057,-1.724468469619751,1.5753350257873535,1.366015911102295,1.6351532936096191,0.0008273795247077942,-9.897875785827637,-0.17275052141611336,-98.80475616455078,-1.7244683117015753,90.26004028320312,1.5753348859246097,78.2669448852539,1.3660158837246161,93.6873779296875,1.6351532124333155,0.08273795247077942,0.0008273795247077942,False,False,0.0,0.0,0.0,0.0,0.0,0.0,0.0,0.0,0.0,0.0,0.0,0.0,0.0,0.0,0.0,0.0
1,485,18.854066301020794,18.865208142087795,False,-10.329669952392578,-0.18028675019741058,-97.45054626464844,-1.7008328437805176,91.38461303710938,1.5949623584747314,78.81318664550781,1.375549554824829,93.53845977783203,1.632554054260254,0.6868131868131868,0.006868131868131868,-0.1753675937652588,-1.7280915975570679,1.58805251121521,1.36564302444458,1.6304593086242676,0.0007323920726776123,-10.047821998596191,-0.1753675765298206,-99.0123519897461,-1.7280915423646281,90.98870086669922,1.5880524122361195,78.24557495117188,1.3656429080139505,93.4184341430664,1.6304592578539963,0.07323920726776123,0.0007323920726776123,False,False,0.0,0.0,0.0,0.0,0.0,0.0,0.0,0.0,0.0,0.0,0.0,0.0,0.0,0.0,0.0,0.0
1,486,18.887583349016495,18.89885346707888,False,-10.241758346557617,-0.17875240743160248,-97.53845977783203,-1.7023673057556152,91.38461303710938,1.5949623584747314,78.81318664550781,1.375549554824829,93.53845977783203,1.632554054260254,0.6868131868131868,0.006868131868131868,-0.17106369137763977,-1.7299567461013794,1.5823191404342651,1.364193320274353,1.629762887954712,0.001805521547794342,-9.801226615905762,-0.17106367518165716,-99.11921691894531,-1.7299566872340653,90.66020202636719,1.5823190258833424,78.16251373291016,1.364193216274566,93.37853240966797,1.6297628412289404,0.1805521547794342,0.001805521547794342,False,False,0.0,0.0,0.0,0.0,0.0,0.0,0.0,0.0,0.0,0.0,0.0,0.0,0.0,0.0,0.0,0.0
1,487,18.920842482009903,18.931811994989403,False,-10.329669952392578,-0.18028675019741058,-97.62637329101562,-1.7039016485214233,91.38461303710938,1.5949623584747314,78.81318664550781,1.375549554824829,93.53845977783203,1.632554054260254,0.6868131868131868,0.006868131868131868,-0.1766241490840912,-1.7352943420410156,1.5883148908615112,1.3698581457138062,1.6351221799850464,0.002069711685180664,-10.119817733764648,-0.17662413915590405,-99.42503356933594,-1.735294194690802,91.00373840332031,1.5883148667615468,78.4870834350586,1.3698580262292734,93.68559265136719,1.6351220534485615,0.2069711685180664,0.002069711685180664,False,False,0.0,0.0,0.0,0.0,0.0,0.0,0.0,0.0,0.0,0.0,0.0,0.0,0.0,0.0,0.0,0.0
1,488,18.95464685698971,18.96592867304571,False,-10.329669952392578,-0.18028675019741058,-97.71428680419922,-1.7054359912872314,91.38461303710938,1.5949623584747314,78.81318664550781,1.375549554824829,93.53845977783203,1.632554054260254,0.6868131868131868,0.006868131868131868,-0.17463311553001404,-1.728074550628662,1.584641695022583,1.367678165435791,1.6344374418258667,0.0035335496068000793,-10.00574016571045,-0.17463310999069037,-99.0113754272461,-1.7280744981336515,90.79327392578125,1.5846415686700006,78.3621826171875,1.3676780957189891,93.6463623046875,1.6344373547323021,0.35335496068000793,0.0035335496068000793,False,False,0.0,0.0,0.0,0.0,0.0,0.0,0.0,0.0,0.0,0.0,0.0,0.0,0.0,0.0,0.0,0.0
1,489,18.987986500025727,18.998344878084026,False,-10.329669952392578,-0.18028675019741058,-97.80220031738281,-1.706970453262329,91.38461303710938,1.5949623584747314,78.81318664550781,1.375549554824829,93.53845977783203,1.632554054260254,0.6868131868131868,0.006868131868131868,-0.17504018545150757,-1.7338191270828247,1.5860645771026611,1.3683053255081177,1.630027174949646,0.0022096410393714905,-10.02906322479248,-0.175040174163309,-99.34051513671875,-1.7338190697630071,90.87480163574219,1.58606449564043,78.39811706542969,1.3683052701557028,93.39366912841797,1.6300270268090764,0.22096410393714905,0.0022096410393714905,False,False,0.0,0.0,0.0,0.0,0.0,0.0,0.0,0.0,0.0,0.0,0.0,0.0,0.0,0.0,0.0,0.0
1,490,19.02152043301612,19.032719769049436,False,-10.329669952392578,-0.18028675019741058,-97.80220031738281,-1.706970453262329,91.38461303710938,1.5949623584747314,78.81318664550781,1.375549554824829,93.53845977783203,1.632554054260254,0.6868131868131868,0.006868131868131868,-0.1724950075149536,-1.7276332378387451,1.5892125368118286,1.3673009872436523,1.6320630311965942,0.001287899911403656,-9.883234977722168,-0.17249499110952027,-98.986083984375,-1.727633079182971,91.05516815185547,1.589212485206958,78.34056854248047,1.3673008589505795,93.51031494140625,1.6320628803043875,0.1287899911403656,0.001287899911403656,False,False,0.0,0.0,0.0,0.0,0.0,0.0,0.0,0.0,0.0,0.0,0.0,0.0,0.0,0.0,0.0,0.0
1,491,19.05475476302672,19.065559562994167,False,-10.329669952392578,-0.18028675019741058,-97.80220031738281,-1.706970453262329,91.38461303710938,1.5949623584747314,78.81318664550781,1.375549554824829,93.53845977783203,1.632554054260254,0.6868131868131868,0.006868131868131868,-0.1752023696899414,-1.7379869222640991,1.5908631086349487,1.367990255355835,1.631229043006897,0.001144997775554657,-10.038355827331543,-0.17520236067369482,-99.57930755615234,-1.7379867837109266,91.14973449707031,1.5908629792925346,78.38006591796875,1.3679902181987464,93.46253204345703,1.6312289114090293,0.1144997775554657,0.001144997775554657,False,False,0.0,0.0,0.0,0.0,0.0,0.0,0.0,0.0,0.0,0.0,0.0,0.0,0.0,0.0,0.0,0.0
1,492,19.08939541503787,19.099860377027653,False,-10.329669952392578,-0.18028675019741058,-97.80220031738281,-1.706970453262329,91.38461303710938,1.5949623584747314,78.81318664550781,1.375549554824829,93.53845977783203,1.632554054260254,0.6868131868131868,0.006868131868131868,-0.17504873871803284,-1.735768437385559,1.5893638134002686,1.36833918094635,1.6289136409759521,0.0024891123175621033,-10.029553413391113,-0.17504872956831086,-99.45220184326172,-1.7357683705228906,91.06383514404297,1.5893637527568745,78.40005493164062,1.3683390923015468,93.32987213134766,1.6289135591573143,0.24891123175621033,0.0024891123175621033,False,False,0.0,0.0,0.0,0.0,0.0,0.0,0.0,0.0,0.0,0.0,0.0,0.0,0.0,0.0,0.0,0.0
1,493,19.121897339005955,19.132530551985838,False,-10.329669952392578,-0.18028675019741058,-97.97801971435547,-1.7100390195846558,91.38461303710938,1.5949623584747314,78.81318664550781,1.375549554824829,93.53845977783203,1.632554054260254,0.6868131868131868,0.006868131868131868,-0.17312559485435486,-1.7378321886062622,1.5947550535202026,1.3677647113800049,1.630496859550476,0.0028716251254081726,-9.919364929199219,-0.17312557772138057,-99.57044219970703,-1.737832054051593,91.37272644042969,1.5947549229095765,78.36714172363281,1.3677646484544168,93.42058563232422,1.6304968084253664,0.28716251254081726,0.0028716251254081726,False,False,0.0,0.0,0.0,0.0,0.0,0.0,0.0,0.0,0.0,0.0,0.0,0.0,0.0,0.0,0.0,0.0
1,494,19.155054998002015,19.166450935998,False,-10.329669952392578,-0.18028675019741058,-97.97801971435547,-1.7100390195846558,91.38461303710938,1.5949623584747314,78.81318664550781,1.375549554824829,93.53845977783203,1.632554054260254,0.6868131868131868,0.006868131868131868,-0.1762750893831253,-1.7219091653823853,1.5881460905075073,1.3669919967651367,1.63176691532135,0.001672312617301941,-10.099818229675293,-0.17627508196077873,-98.65811920166016,-1.7219090138940092,90.99406433105469,1.5881460223484358,78.32286834716797,1.3669919322641302,93.49335479736328,1.6317668699492252,0.1672312617301941,0.001672312617301941,False,False,0.0,0.0,0.0,0.0,0.0,0.0,0.0,0.0,0.0,0.0,0.0,0.0,0.0,0.0,0.0,0.0
1,495,19.188656066078693,19.201263034017757,False,-10.329669952392578,-0.18028675019741058,-97.97801971435547,-1.7100390195846558,91.38461303710938,1.5949623584747314,78.81318664550781,1.375549554824829,93.53845977783203,1.632554054260254,0.6868131868131868,0.006868131868131868,-0.1753174364566803,-1.7395354509353638,1.5861234664916992,1.3687697649002075,1.6273163557052612,0.0016810446977615356,-10.04494857788086,-0.17531742587754304,-99.66803741455078,-1.7395354118848076,90.878173828125,1.5861233515005206,78.42472839355469,1.3687697254498126,93.23835754394531,1.6273163282935392,0.16810446977615356,0.0016810446977615356,False,False,0.0,0.0,0.0,0.0,0.0,0.0,0.0,0.0,0.0,0.0,0.0,0.0,0.0,0.0,0.0,0.0
1,496,19.221971387043595,19.233971940004267,False,-10.329669952392578,-0.18028675019741058,-97.97801971435547,-1.7100390195846558,91.38461303710938,1.5949623584747314,78.81318664550781,1.375549554824829,93.53845977783203,1.632554054260254,0.6868131868131868,0.006868131868131868,-0.17525304853916168,-1.7447184324264526,1.5820140838623047,1.3686742782592773,1.6263562440872192,0.002091042697429657,-10.041259765625,-0.17525304395819039,-99.96499633789062,-1.7447183228402654,90.6427230834961,1.582013960780474,78.41925811767578,1.3686742511247332,93.18334197998047,1.6263561255625112,0.2091042697429657,0.002091042697429657,False,False,0.0,0.0,0.0,0.0,0.0,0.0,0.0,0.0,0.0,0.0,0.0,0.0,0.0,0.0,0.0,0.0
1,497,19.25521175004542,19.268014776986092,False,-10.329669952392578,-0.18028675019741058,-97.97801971435547,-1.7100390195846558,91.38461303710938,1.5949623584747314,78.81318664550781,1.375549554824829,93.53845977783203,1.632554054260254,0.6868131868131868,0.006868131868131868,-0.16876395046710968,-1.7493973970413208,1.6015623807907104,1.3684732913970947,1.6357215642929077,0.0027728527784347534,-9.669461250305176,-0.16876393571183287,-100.00004577636719,-1.7453300509426566,91.76275634765625,1.601562228971928,78.4077377319336,1.3684731824624323,93.71994018554688,1.6357215310099384,0.27728527784347534,0.0027728527784347534,False,False,0.0,0.0,0.0,0.0,0.23303985595703125,0.0,0.23303985595703125,0.0,0.0,0.0,0.0,0.0,0.0,0.0,0.0,0.0
1,498,19.28898598405067,19.302125768037513,False,-10.329669952392578,-0.18028675019741058,-97.97801971435547,-1.7100390195846558,91.38461303710938,1.5949623584747314,78.81318664550781,1.375549554824829,93.53845977783203,1.632554054260254,0.6868131868131868,0.006868131868131868,-0.17403075098991394,-1.7398502826690674,1.5952904224395752,1.3680200576782227,1.6359806060791016,0.002665579319000244,-9.971226692199707,-0.17403073624162807,-99.68607330322266,-1.739850197525655,91.40340423583984,1.595290351446737,78.38177490234375,1.3680200456029552,93.73477935791016,1.6359805234259486,0.2665579319000244,0.002665579319000244,False,False,0.0,0.0,0.0,0.0,0.0,0.0,0.0,0.0,0.0,0.0,0.0,0.0,0.0,0.0,0.0,0.0
1,499,19.321957317064516,19.33319321507588,False,-10.329669952392578,-0.18028675019741058,-97.97801971435547,-1.7100390195846558,91.38461303710938,1.5949623584747314,78.81318664550781,1.375549554824829,93.53845977783203,1.632554054260254,0.6868131868131868,0.006868131868131868,-0.17110739648342133,-1.729290246963501,1.5822162628173828,1.367940068244934,1.6314603090286255,0.003184206783771515,-9.803730964660645,-0.1711073843130481,-99.08102416992188,-1.7292900980132184,90.65431213378906,1.5822162278652654,78.37718963623047,1.3679400176121985,93.47578430175781,1.6314602069497026,0.3184206783771515,0.003184206783771515,False,False,0.0,0.0,0.0,0.0,0.0,0.0,0.0,0.0,0.0,0.0,0.0,0.0,0.0,0.0,0.0,0.0
1,500,19.35608051007148,19.367158555076458,False,-10.241758346557617,-0.17875240743160248,-97.97801971435547,-1.7100390195846558,91.38461303710938,1.5949623584747314,78.81318664550781,1.375549554824829,93.53845977783203,1.632554054260254,0.6868131868131868,0.006868131868131868,-0.17755308747291565,-1.7296998500823975,1.5763529539108276,1.3683489561080933,1.627171277999878,0.0036867335438728333,-10.173042297363281,-0.17755308303363732,-99.1044921875,-1.7296996921888725,90.31836700439453,1.5763528792512924,78.40061950683594,1.3683489459975802,93.23004150390625,1.62717118601413,0.3686733543872833,0.0036867335438728333,False,False,0.0,0.0,0.0,0.0,0.0,0.0,0.0,0.0,0.0,0.0,0.0,0.0,0.0,0.0,0.0,0.0
1,501,19.389637165004387,19.399992275983095,False,-10.15384578704834,-0.17721803486347198,-97.97801971435547,-1.7100390195846558,91.38461303710938,1.5949623584747314,78.81318664550781,1.375549554824829,93.53845977783203,1.632554054260254,0.6868131868131868,0.006868131868131868,-0.17268244922161102,-1.7268645763397217,1.5788745880126953,1.3677682876586914,1.626056432723999,0.0031677857041358948,-9.893975257873535,-0.1726824443607482,-98.94204711914062,-1.7268644908923743,90.46284484863281,1.5788744933294339,78.36734771728516,1.3677682437218883,93.16616821289062,1.6260563867818227,0.3167785704135895,0.0031677857041358948,False,False,0.0,0.0,0.0,0.0,0.0,0.0,0.0,0.0,0.0,0.0,0.0,0.0,0.0,0.0,0.0,0.0
1,502,19.42324248107616,19.437301591038704,False,-10.15384578704834,-0.17721803486347198,-98.06593322753906,-1.7115733623504639,91.38461303710938,1.5949623584747314,78.81318664550781,1.375549554824829,93.53845977783203,1.632554054260254,0.6868131868131868,0.006868131868131868,-0.1741170883178711,-1.7313112020492554,1.5750852823257446,1.3671270608901978,1.6318563222885132,0.0037406086921691895,-9.976173400878906,-0.17411707259521708,-99.19682312011719,-1.7313111709644795,90.24573516845703,1.5750852145724148,78.33060455322266,1.3671269545313973,93.49847412109375,1.6318562190037973,0.37406086921691895,0.0037406086921691895,False,False,0.0,0.0,0.0,0.0,0.0,0.0,0.0,0.0,0.0,0.0,0.0,0.0,0.0,0.0,0.0,0.0
1,503,19.456698499037884,19.4693333550822,False,-10.15384578704834,-0.17721803486347198,-98.06593322753906,-1.7115733623504639,91.38461303710938,1.5949623584747314,78.81318664550781,1.375549554824829,93.53845977783203,1.632554054260254,0.6868131868131868,0.006868131868131868,-0.1765475869178772,-1.7331465482711792,1.5749012231826782,1.366023302078247,1.6328508853912354,0.003327794373035431,-10.11543083190918,-0.17654757327456427,-99.3019790649414,-1.7331464884297076,90.23519134521484,1.5749011901410903,78.26736450195312,1.366023207417614,93.55545806884766,1.6328507765128875,0.3327794373035431,0.003327794373035431,False,False,0.0,0.0,0.0,0.0,0.0,0.0,0.0,0.0,0.0,0.0,0.0,0.0,0.0,0.0,0.0,0.0
1,504,19.490026340004988,19.501565785030834,False,-10.15384578704834,-0.17721803486347198,-98.06593322753906,-1.7115733623504639,91.38461303710938,1.5949623584747314,78.81318664550781,1.375549554824829,93.53845977783203,1.632554054260254,0.6868131868131868,0.006868131868131868,-0.17701499164104462,-1.726835012435913,1.572646975517273,1.3661320209503174,1.6252288818359375,0.00420127809047699,-10.142210960388184,-0.17701497469063,-98.94035339355469,-1.7268349298042742,90.10602569580078,1.5726468242783382,78.27359771728516,1.3661319975481436,93.1187515258789,1.6252288094730807,0.420127809047699,0.00420127809047699,False,False,0.0,0.0,0.0,0.0,0.0,0.0,0.0,0.0,0.0,0.0,0.0,0.0,0.0,0.0,0.0,0.0
1,505,19.52393204602413,19.534383384045213,False,-10.15384578704834,-0.17721803486347198,-98.06593322753906,-1.7115733623504639,91.38461303710938,1.5949623584747314,78.81318664550781,1.375549554824829,93.53845977783203,1.632554054260254,0.6868131868131868,0.006868131868131868,-0.18064504861831665,-1.7028932571411133,1.52988600730896,1.3652050495147705,1.6367470026016235,0.004525132477283478,-10.350198745727539,-0.18064504634873293,-97.56858825683594,-1.7028931116044619,87.656005859375,1.5298859113935355,78.2204818725586,1.3652049511726871,93.7786865234375,1.6367468480296188,0.4525132477283478,0.004525132477283478,False,False,0.0,0.0,0.0,0.0,0.0,0.0,0.0,0.0,0.0,0.0,0.0,0.0,0.0,0.0,0.0,0.0
1,506,19.557217178982683,19.567866041092202,False,-10.15384578704834,-0.17721803486347198,-98.06593322753906,-1.7115733623504639,91.38461303710938,1.5949623584747314,78.81318664550781,1.375549554824829,93.53845977783203,1.632554054260254,0.6868131868131868,0.006868131868131868,-0.18968075513839722,-1.6234321594238281,1.397817611694336,1.3670880794525146,1.637317180633545,0.0035052523016929626,-10.86790657043457,-0.18968075245320828,-94.06593322753906,-1.641760248781693,87.38461303710938,1.5251492130787205,78.328369140625,1.3670879392214275,93.81135559082031,1.6373170308190048,0.35052523016929626,0.0035052523016929626,False,False,0.0,0.0,0.0,0.0,0.0,1.0501251220703125,1.0501251220703125,0.0,7.295570373535156,7.295570373535156,0.0,0.0,0.0,0.0,0.0,0.0
1,507,19.590472160023637,19.600980301038362,False,-10.15384578704834,-0.17721803486347198,-97.97801971435547,-1.7100390195846558,91.29669952392578,1.5934280157089233,78.81318664550781,1.375549554824829,93.53845977783203,1.632554054260254,0.6868131868131868,0.006868131868131868,-0.19404777884483337,-1.5457556247711182,1.2585465908050537,1.3668458461761475,1.6327879428863525,0.003986462950706482,-11.118118286132812,-0.1940477707192066,-93.97801971435547,-1.6402258685196438,87.29669952392578,1.5236148328166712,78.31449127197266,1.3668457247202848,93.55184936523438,1.6327877927531071,0.3986462950706482,0.003986462950706482,False,False,0.0,0.0,0.0,0.0,0.0,5.412750244140625,5.412750244140625,0.0,15.187294006347656,15.187294006347656,0.0,0.0,0.0,0.0,0.0,0.0
1,508,19.62417596904561,19.636341353994794,False,-10.241758346557617,-0.17875240743160248,-97.27472686767578,-1.697764277458191,90.85713958740234,1.5857561826705933,78.81318664550781,1.375549554824829,93.53845977783203,1.632554054260254,0.6868131868131868,0.006868131868131868,-0.1852010190486908,-1.5927197933197021,1.3475966453552246,1.3693487644195557,1.6241023540496826,0.003994546830654144,-10.611236572265625,-0.18520101589407237,-93.27472686767578,-1.6279510927393597,86.85713958740234,1.51594306466448,78.45790100097656,1.3693486966707957,93.05420684814453,1.6241022923319772,0.39945468306541443,0.003994546830654144,False,False,0.0,0.0,0.0,0.0,0.0,2.0186080932617188,2.0186080932617188,0.0,9.645545959472656,9.645545959472656,0.0,0.0,0.0,0.0,0.0,0.0
1,509,19.657870757044293,19.668940521078184,False,-10.241758346557617,-0.17875240743160248,-96.30769348144531,-1.6808863878250122,90.5934066772461,1.5811532735824585,78.81318664550781,1.375549554824829,93.53845977783203,1.632554054260254,0.6868131868131868,0.006868131868131868,-0.17934879660606384,-1.6669422388076782,1.4523547887802124,1.3678877353668213,1.634819746017456,0.0035487189888954163,-10.275928497314453,-0.1793487859776505,-95.50875091552734,-1.6669421679431007,86.5934066772461,1.511340057036387,78.37419128417969,1.3678876864967784,93.66826629638672,1.634819651506783,0.3548718988895416,0.0035487189888954163,False,False,0.0,0.0,0.0,0.0,0.0,0.0,0.0,0.0,3.379608154296875,3.379608154296875,0.0,0.0,0.0,0.0,0.0,0.0
1,510,19.69171990104951,19.856026964029297,False,-10.417582511901855,-0.18182110786437988,-95.69230651855469,-1.6701457500457764,90.5934066772461,1.5811532735824585,78.81318664550781,1.375549554824829,93.53845977783203,1.632554054260254,0.6868131868131868,0.006868131868131868,-0.1790352761745453,-1.7206531763076782,1.5910342931747437,1.3689115047454834,1.6405062675476074,0.0006271004676818848,-10.257965087890625,-0.17903526533832093,-98.5861587524414,-1.7206530671239277,91.1595458984375,1.5910342205506267,78.43284606933594,1.3689114056198048,93.99407958984375,1.6405061662243747,0.06271004676818848,0.0006271004676818848,False,False,0.0,0.0,0.0,0.0,0.0,0.0,0.0,0.0,0.0,0.0,0.0,0.0,0.0,0.0,0.0,0.0
1,511,19.857517453026958,19.868369493982755,False,-10.593406677246094,-0.18488982319831848,-95.6043930053711,-1.6686114072799683,90.5934066772461,1.5811532735824585,78.81318664550781,1.375549554824829,93.53845977783203,1.632554054260254,0.6868131868131868,0.006868131868131868,-0.17186611890792847,-1.7202428579330444,1.5984461307525635,1.3657557964324951,1.644450306892395,-0.0005143806338310242,-9.84720230102539,-0.17186610226285487,-98.56265258789062,-1.7202428071580012,91.58421325683594,1.5984460641804263,78.25203704833984,1.3657556928861154,94.22005462646484,1.6444501746407276,0.0,0.0,True,False,0.05143806338310242,0.0,0.0,0.0,0.0,0.0,0.0,0.0,0.0,0.0,0.0,0.0,0.0,0.0,0.0,0.0
1,512,19.891010290011764,19.90311205200851,False,-10.593406677246094,-0.18488982319831848,-95.6043930053711,-1.6686114072799683,90.5934066772461,1.5811532735824585,78.81318664550781,1.375549554824829,93.53845977783203,1.632554054260254,0.6868131868131868,0.006868131868131868,-0.17401522397994995,-1.7263517379760742,1.5889191627502441,1.3664700984954834,1.6429764032363892,-0.0002982690930366516,-9.9703369140625,-0.17401520668352155,-98.91266632080078,-1.7263516992244794,91.03836059570312,1.5889191380128858,78.29296875,1.3664700858485292,94.13560485839844,1.642976248135423,0.0,0.0,True,False,0.02982690930366516,0.0,0.0,0.0,0.0,0.0,0.0,0.0,0.0,0.0,0.0,0.0,0.0,0.0,0.0,0.0
1,513,19.924431796069257,19.936501085059717,False,-10.593406677246094,-0.18488982319831848,-95.51648712158203,-1.6670771837234497,90.68132019042969,1.5826876163482666,78.81318664550781,1.375549554824829,93.53845977783203,1.632554054260254,0.6868131868131868,0.006868131868131868,-0.1771712601184845,-1.7135032415390015,1.578097939491272,1.3660887479782104,1.651551365852356,0.0007392540574073792,-10.151165008544922,-0.1771712523123472,-98.17649841308594,-1.7135031453873375,90.41835021972656,1.5780979155555668,78.2711181640625,1.3660887211804298,94.62691497802734,1.6515512273713149,0.07392540574073792,0.0007392540574073792,False,False,0.0,0.0,0.0,0.0,0.0,0.0,0.0,0.0,0.0,0.0,0.0,0.0,0.0,0.0,0.0,0.0
1,514,19.957899536006153,19.96933530503884,False,-10.505494117736816,-0.18335546553134918,-96.65933990478516,-1.6870237588882446,91.29669952392578,1.5934280157089233,78.81318664550781,1.375549554824829,93.53845977783203,1.632554054260254,0.6868131868131868,0.006868131868131868,-0.17979863286018372,-1.721338152885437,1.5868345499038696,1.365828275680542,1.6468970775604248,-0.0012696534395217896,-10.301702499389648,-0.1797986271752785,-98.62540435791016,-1.7213380321562963,90.91891479492188,1.5868344155115717,78.25619506835938,1.3658282640258201,94.36024475097656,1.6468969538922378,0.0,0.0,True,False,0.12696534395217896,0.0,0.0,0.0,0.0,0.0,0.0,0.0,0.0,0.0,0.0,0.0,0.0,0.0,0.0,0.0
1,515,19.991379761020653,20.002025502035394,False,-10.417582511901855,-0.18182110786437988,-97.18681335449219,-1.6962298154830933,91.47252655029297,1.5964967012405396,78.81318664550781,1.375549554824829,93.53845977783203,1.632554054260254,0.6868131868131868,0.006868131868131868,-0.17769454419612885,-1.7245731353759766,1.5937422513961792,1.3677746057510376,1.6470212936401367,-0.0007560402154922485,-10.181146621704102,-0.17769453017703415,-98.81076049804688,-1.72457310709047,91.314697265625,1.5937421227470192,78.36770629882812,1.36777450215045,94.36736297607422,1.64702119035709,0.0,0.0,True,False,0.07560402154922485,0.0,0.0,0.0,0.0,0.0,0.0,0.0,0.0,0.0,0.0,0.0,0.0,0.0,0.0,0.0
1,516,20.025117631070316,20.03723641007673,False,-10.417582511901855,-0.18182110786437988,-97.18681335449219,-1.6962298154830933,91.47252655029297,1.5964967012405396,78.81318664550781,1.375549554824829,93.53845977783203,1.632554054260254,0.6868131868131868,0.006868131868131868,-0.17477451264858246,-1.7193052768707275,1.5881417989730835,1.3640083074569702,1.6501903533935547,-0.0008271783590316772,-10.01384162902832,-0.17477450719981677,-98.5089340209961,-1.7193052412962389,90.99382019042969,1.5881417612906916,78.15191650390625,1.36400825973686,94.54893493652344,1.6501902188962299,0.0,0.0,True,False,0.08271783590316772,0.0,0.0,0.0,0.0,0.0,0.0,0.0,0.0,0.0,0.0,0.0,0.0,0.0,0.0,0.0
1,517,20.05852349102497,20.071475635981187,False,-10.417582511901855,-0.18182110786437988,-97.18681335449219,-1.6962298154830933,91.47252655029297,1.5964967012405396,78.81318664550781,1.375549554824829,93.53845977783203,1.632554054260254,0.6868131868131868,0.006868131868131868,-0.17084288597106934,-1.719681978225708,1.5811525583267212,1.3636975288391113,1.644486904144287,-0.0006158798933029175,-9.788576126098633,-0.1708428824825328,-98.530517578125,-1.7196819454324304,90.5933609008789,1.5811524281678333,78.13410949707031,1.3636974688376478,94.22215270996094,1.644486793105716,0.0,0.0,True,False,0.06158798933029175,0.0,0.0,0.0,0.0,0.0,0.0,0.0,0.0,0.0,0.0,0.0,0.0,0.0,0.0,0.0
1,518,20.091843918082304,20.102967176004313,False,-10.417582511901855,-0.18182110786437988,-97.18681335449219,-1.6962298154830933,91.47252655029297,1.5964967012405396,78.81318664550781,1.375549554824829,93.53845977783203,1.632554054260254,0.6868131868131868,0.006868131868131868,-0.17753970623016357,-1.7023204565048218,1.5774753093719482,1.3602325916290283,1.6457419395446777,-0.000532880425453186,-10.17227554321289,-0.17753970064915967,-97.53577423095703,-1.7023203988120403,90.38267517089844,1.5774752684927063,77.93558502197266,1.3602325631014,94.29405975341797,1.645741807769416,0.0,0.0,True,False,0.053288042545318604,0.0,0.0,0.0,0.0,0.0,0.0,0.0,0.0,0.0,0.0,0.0,0.0,0.0,0.0,0.0
1,519,20.125115144066513,20.135826057055965,False,-10.417582511901855,-0.18182110786437988,-97.18681335449219,-1.6962298154830933,91.47252655029297,1.5964967012405396,78.81318664550781,1.375549554824829,93.53845977783203,1.632554054260254,0.6868131868131868,0.006868131868131868,-0.174802765250206,-1.7097593545913696,1.579093098640442,1.3621317148208618,1.6428099870681763,0.0009049773216247559,-10.015460014343262,-0.17480275335212841,-97.96199035644531,-1.7097592735269043,90.4753646850586,1.579093005696875,78.04439544677734,1.3621316632747356,94.1260757446289,1.6428099337253477,0.09049773216247559,0.0009049773216247559,False,False,0.0,0.0,0.0,0.0,0.0,0.0,0.0,0.0,0.0,0.0,0.0,0.0,0.0,0.0,0.0,0.0
1,520,20.158511324087158,20.169400456012227,False,-10.417582511901855,-0.18182110786437988,-97.18681335449219,-1.6962298154830933,91.47252655029297,1.5964967012405396,78.81318664550781,1.375549554824829,93.53845977783203,1.632554054260254,0.6868131868131868,0.006868131868131868,-0.17331480979919434,-1.7169429063796997,1.5856187343597412,1.3631447553634644,1.645156979560852,0.00037776678800582886,-9.930206298828125,-0.17331479531683072,-98.37357330322266,-1.7169427510932294,90.84925842285156,1.5856186824739507,78.1024398803711,1.3631447297534018,94.26054382324219,1.64515684443598,0.037776678800582886,0.00037776678800582886,False,False,0.0,0.0,0.0,0.0,0.0,0.0,0.0,0.0,0.0,0.0,0.0,0.0,0.0,0.0,0.0,0.0
1,521,20.19207476300653,20.20578493201174,False,-10.417582511901855,-0.18182110786437988,-97.18681335449219,-1.6962298154830933,91.47252655029297,1.5964967012405396,78.81318664550781,1.375549554824829,93.53845977783203,1.632554054260254,0.6868131868131868,0.006868131868131868,-0.17208629846572876,-1.7170156240463257,1.5890434980392456,1.3624874353408813,1.6411423683166504,0.0013825595378875732,-9.859818458557129,-0.17208629575073398,-98.37774658203125,-1.717015588549043,91.04547882080078,1.589043374477738,78.06477355957031,1.3624873284383157,94.03052520751953,1.6411422622507401,0.13825595378875732,0.0013825595378875732,False,False,0.0,0.0,0.0,0.0,0.0,0.0,0.0,0.0,0.0,0.0,0.0,0.0,0.0,0.0,0.0,0.0
1,522,20.225550492061302,20.239068894996308,False,-10.417582511901855,-0.18182110786437988,-97.18681335449219,-1.6962298154830933,91.47252655029297,1.5964967012405396,78.81318664550781,1.375549554824829,93.53845977783203,1.632554054260254,0.6868131868131868,0.006868131868131868,-0.1712135672569275,-1.715524673461914,1.5934947729110718,1.3618518114089966,1.6453936100006104,0.0006277561187744141,-9.809814453125,-0.17121356121675818,-98.29232025146484,-1.7155246178127623,91.30052185058594,1.593494715081751,78.02835845947266,1.3618517650441684,94.27410125732422,1.6453934662988337,0.0627756118774414,0.0006277561187744141,False,False,0.0,0.0,0.0,0.0,0.0,0.0,0.0,0.0,0.0,0.0,0.0,0.0,0.0,0.0,0.0,0.0
1,523,20.25872549705673,20.270915130036883,False,-10.417582511901855,-0.18182110786437988,-97.18681335449219,-1.6962298154830933,91.47252655029297,1.5964967012405396,78.81318664550781,1.375549554824829,93.53845977783203,1.632554054260254,0.6868131868131868,0.006868131868131868,-0.17720471322536469,-1.7142186164855957,1.594366192817688,1.3614028692245483,1.6438580751419067,0.00366172194480896,-10.153081893920898,-0.17720470827354132,-98.21748352050781,-1.714218470456133,91.35044860839844,1.594366101390425,78.00263214111328,1.3614027560843809,94.18612670898438,1.6438580207723483,0.366172194480896,0.00366172194480896,False,False,0.0,0.0,0.0,0.0,0.0,0.0,0.0,0.0,0.0,0.0,0.0,0.0,0.0,0.0,0.0,0.0
1,524,20.29216232500039,20.304329045000486,False,-10.417582511901855,-0.18182110786437988,-97.18681335449219,-1.6962298154830933,91.47252655029297,1.5964967012405396,78.81318664550781,1.375549554824829,93.53845977783203,1.632554054260254,0.6868131868131868,0.006868131868131868,-0.17254769802093506,-1.720708966255188,1.5866082906723022,1.3634637594223022,1.6402524709701538,0.0016614347696304321,-9.88625431060791,-0.1725476884095902,-98.58935546875,-1.720708860348765,90.90595245361328,1.5866081799769696,78.12071228027344,1.3634636432939387,93.97953796386719,1.6402523669724902,0.1661434769630432,0.0016614347696304321,False,False,0.0,0.0,0.0,0.0,0.0,0.0,0.0,0.0,0.0,0.0,0.0,0.0,0.0,0.0,0.0,0.0
1,525,20.325730356038548,20.339610953000374,False,-10.417582511901855,-0.18182110786437988,-97.18681335449219,-1.6962298154830933,91.47252655029297,1.5964967012405396,78.81318664550781,1.375549554824829,93.53845977783203,1.632554054260254,0.6868131868131868,0.006868131868131868,-0.17682743072509766,-1.7151086330413818,1.586334466934204,1.362352967262268,1.6387412548065186,0.0008906200528144836,-10.131464958190918,-0.17682742157086115,-98.26847839355469,-1.7151084988924374,90.89026641845703,1.5863344070169094,78.05706787109375,1.3623528388032666,93.89295196533203,1.6387411562119247,0.08906200528144836,0.0008906200528144836,False,False,0.0,0.0,0.0,0.0,0.0,0.0,0.0,0.0,0.0,0.0,0.0,0.0,0.0,0.0,0.0,0.0
1,526,20.358957253978588,20.37166809407063,False,-10.417582511901855,-0.18182110786437988,-97.18681335449219,-1.6962298154830933,91.47252655029297,1.5964967012405396,78.81318664550781,1.375549554824829,93.53845977783203,1.632554054260254,0.6868131868131868,0.006868131868131868,-0.1778969019651413,-1.7069518566131592,1.5925965309143066,1.3629567623138428,1.6452842950820923,0.0005719438195228577,-10.192741394042969,-0.17789689713036655,-97.80113220214844,-1.7069517691057428,91.24905395507812,1.5925964308460672,78.09166717529297,1.362956710580442,94.26783752441406,1.6452841435360859,0.05719438195228577,0.0005719438195228577,False,False,0.0,0.0,0.0,0.0,0.0,0.0,0.0,0.0,0.0,0.0,0.0,0.0,0.0,0.0,0.0,0.0
1,527,20.39239285502117,20.404299518093467,False,-10.417582511901855,-0.18182110786437988,-97.18681335449219,-1.6962298154830933,91.47252655029297,1.5964967012405396,78.81318664550781,1.375549554824829,93.53845977783203,1.632554054260254,0.6868131868131868,0.006868131868131868,-0.17354032397270203,-1.7242026329040527,1.585224986076355,1.3631963729858398,1.6478649377822876,0.001217074692249298,-9.943127632141113,-0.17354031512688997,-98.7895278930664,-1.7242025282247855,90.82669830322266,1.5852249341067823,78.10539245605469,1.3631962619204947,94.41570281982422,1.6478648797904272,0.12170746922492981,0.001217074692249298,False,False,0.0,0.0,0.0,0.0,0.0,0.0,0.0,0.0,0.0,0.0,0.0,0.0,0.0,0.0,0.0,0.0
1,528,20.42584760102909,20.438099100021645,False,-10.417582511901855,-0.18182110786437988,-97.18681335449219,-1.6962298154830933,91.47252655029297,1.5964967012405396,78.81318664550781,1.375549554824829,93.53845977783203,1.632554054260254,0.6868131868131868,0.006868131868131868,-0.17561548948287964,-1.714383602142334,1.5796763896942139,1.3627736568450928,1.6440229415893555,0.0006328597664833069,-10.062026023864746,-0.17561548353779335,-98.22693634033203,-1.7143834532856632,90.50878143310547,1.5796762379756022,78.0811767578125,1.3627736182554993,94.19557189941406,1.6440228704438242,0.06328597664833069,0.0006328597664833069,False,False,0.0,0.0,0.0,0.0,0.0,0.0,0.0,0.0,0.0,0.0,0.0,0.0,0.0,0.0,0.0,0.0
1,529,20.459479137090966,20.4730902510928,False,-10.417582511901855,-0.18182110786437988,-97.18681335449219,-1.6962298154830933,91.47252655029297,1.5964967012405396,78.81318664550781,1.375549554824829,93.53845977783203,1.632554054260254,0.6868131868131868,0.006868131868131868,-0.17400696873664856,-1.721046805381775,1.5848534107208252,1.3639789819717407,1.640427827835083,0.0023950040340423584,-9.969863891601562,-0.1740069508841423,-98.60871124267578,-1.7210466823330415,90.80540466308594,1.5848532899766619,78.15023803710938,1.363978964964869,93.98958587646484,1.640427736130272,0.23950040340423584,0.0023950040340423584,False,False,0.0,0.0,0.0,0.0,0.0,0.0,0.0,0.0,0.0,0.0,0.0,0.0,0.0,0.0,0.0,0.0
1,530,20.492780570988543,20.5038451240398,False,-10.417582511901855,-0.18182110786437988,-97.18681335449219,-1.6962298154830933,91.47252655029297,1.5964967012405396,78.81318664550781,1.375549554824829,93.53845977783203,1.632554054260254,0.6868131868131868,0.006868131868131868,-0.175459623336792,-1.7179086208343506,1.5818016529083252,1.363982081413269,1.6458531618118286,0.0016786381602287292,-10.053094863891602,-0.17545960539023966,-98.42890930175781,-1.7179085464625468,90.63055419921875,1.58180157368354,78.1504135131836,1.3639820276001227,94.3004379272461,1.6458531279029813,0.16786381602287292,0.0016786381602287292,False,False,0.0,0.0,0.0,0.0,0.0,0.0,0.0,0.0,0.0,0.0,0.0,0.0,0.0,0.0,0.0,0.0
1,531,20.526620271033607,20.53761318908073,False,-10.417582511901855,-0.18182110786437988,-97.18681335449219,-1.6962298154830933,91.47252655029297,1.5964967012405396,78.81318664550781,1.375549554824829,93.53845977783203,1.632554054260254,0.6868131868131868,0.006868131868131868,-0.17258545756340027,-1.7119258642196655,1.5733535289764404,1.3628190755844116,1.6457593441009521,0.0014364123344421387,-9.888418197631836,-0.17258545536279887,-98.08612060546875,-1.7119257550736837,90.14651489257812,1.5733534940735907,78.08377838134766,1.362819025152085,94.29505920410156,1.645759251474556,0.14364123344421387,0.0014364123344421387,False,False,0.0,0.0,0.0,0.0,0.0,0.0,0.0,0.0,0.0,0.0,0.0,0.0,0.0,0.0,0.0,0.0
1,532,20.55987868900411,20.571312237996608,False,-10.417582511901855,-0.18182110786437988,-97.18681335449219,-1.6962298154830933,91.47252655029297,1.5964967012405396,78.81318664550781,1.375549554824829,93.53845977783203,1.632554054260254,0.6868131868131868,0.006868131868131868,-0.17141152918338776,-1.7078825235366821,1.5683199167251587,1.3632254600524902,1.641262412071228,0.0009881332516670227,-9.82115650177002,-0.17141151730953513,-97.85445404052734,-1.707882410748671,89.85810852050781,1.568319853297232,78.10706329345703,1.3632254235344312,94.03740692138672,1.6412623708159026,0.09881332516670227,0.0009881332516670227,False,False,0.0,0.0,0.0,0.0,0.0,0.0,0.0,0.0,0.0,0.0,0.0,0.0,0.0,0.0,0.0,0.0
1,533,20.593367626075633,20.604106026003137,False,-10.417582511901855,-0.18182110786437988,-97.18681335449219,-1.6962298154830933,91.47252655029297,1.5964967012405396,78.81318664550781,1.375549554824829,93.53845977783203,1.632554054260254,0.6868131868131868,0.006868131868131868,-0.1734159141778946,-1.7202810049057007,1.5840760469436646,1.3638062477111816,1.654955267906189,0.0029227808117866516,-9.935999870300293,-0.17341591221446967,-98.56483459472656,-1.7202808903615894,90.7608642578125,1.5840759132544677,78.14033508300781,1.3638061258101228,94.82194519042969,1.6549551467185997,0.29227808117866516,0.0029227808117866516,False,False,0.0,0.0,0.0,0.0,0.0,0.0,0.0,0.0,0.0,0.0,0.0,0.0,0.0,0.0,0.0,0.0
1,534,20.627531878068112,20.637958089006133,False,-10.417582511901855,-0.18182110786437988,-97.18681335449219,-1.6962298154830933,91.47252655029297,1.5964967012405396,78.81318664550781,1.375549554824829,93.53845977783203,1.632554054260254,0.6868131868131868,0.006868131868131868,-0.17446042597293854,-1.7125976085662842,1.5792548656463623,1.3624582290649414,1.6475117206573486,0.002560354769229889,-9.995845794677734,-0.17446042063875555,-98.1246109008789,-1.7125975374586562,90.48463439941406,1.5792547927330973,78.06310272216797,1.3624581668243794,94.39546203613281,1.6475116114718282,0.2560354769229889,0.002560354769229889,False,False,0.0,0.0,0.0,0.0,0.0,0.0,0.0,0.0,0.0,0.0,0.0,0.0,0.0,0.0,0.0,0.0
1,535,20.660934134037234,20.67187207308598,False,-10.417582511901855,-0.18182110786437988,-97.27472686767578,-1.697764277458191,91.47252655029297,1.5964967012405396,78.81318664550781,1.375549554824829,93.53845977783203,1.632554054260254,0.6868131868131868,0.006868131868131868,-0.171781525015831,-1.7116727828979492,1.5734176635742188,1.362958312034607,1.6454828977584839,0.002011910080909729,-9.842355728149414,-0.17178151360873123,-98.07162475585938,-1.7116727547701263,90.15018463134766,1.573417543097807,78.09175109863281,1.3629581753190416,94.27922058105469,1.6454828153534058,0.2011910080909729,0.002011910080909729,False,False,0.0,0.0,0.0,0.0,0.0,0.0,0.0,0.0,0.0,0.0,0.0,0.0,0.0,0.0,0.0,0.0
1,536,20.69443889707327,20.70510845503304,False,-10.417582511901855,-0.18182110786437988,-97.27472686767578,-1.697764277458191,91.47252655029297,1.5964967012405396,78.81318664550781,1.375549554824829,93.53845977783203,1.632554054260254,0.6868131868131868,0.006868131868131868,-0.16783377528190613,-1.7218291759490967,1.5813593864440918,1.362977147102356,1.6421043872833252,0.00353318452835083,-9.616166114807129,-0.16783376012209544,-98.6535415649414,-1.7218291190613069,90.60521697998047,1.5813593557845325,78.09283447265625,1.3629770837627813,94.08564758300781,1.6421043291945312,0.353318452835083,0.00353318452835083,False,False,0.0,0.0,0.0,0.0,0.0,0.0,0.0,0.0,0.0,0.0,0.0,0.0,0.0,0.0,0.0,0.0
1,537,20.72777252306696,20.73839002707973,False,-10.417582511901855,-0.18182110786437988,-97.36264038085938,-1.699298620223999,91.47252655029297,1.5964967012405396,78.81318664550781,1.375549554824829,93.53845977783203,1.632554054260254,0.6868131868131868,0.006868131868131868,-0.16879941523075104,-1.72281813621521,1.5980746746063232,1.3632800579071045,1.6451995372772217,0.0009978339076042175,-9.671493530273438,-0.16879940568860136,-98.710205078125,-1.7228180839321077,91.56292724609375,1.5980745532083602,78.11019134521484,1.3632800183367777,94.26298522949219,1.6451994550134212,0.09978339076042175,0.0009978339076042175,False,False,0.0,0.0,0.0,0.0,0.0,0.0,0.0,0.0,0.0,0.0,0.0,0.0,0.0,0.0,0.0,0.0
1,538,20.761282444000244,20.774254024028778,False,-10.417582511901855,-0.18182110786437988,-97.36264038085938,-1.699298620223999,91.47252655029297,1.5964967012405396,78.81318664550781,1.375549554824829,93.53845977783203,1.632554054260254,0.6868131868131868,0.006868131868131868,-0.1649152934551239,-1.7147345542907715,1.5812469720840454,1.3630765676498413,1.642446756362915,0.0021751001477241516,-9.448949813842773,-0.16491528510726167,-98.2470474243164,-1.7147344579173358,90.59877014160156,1.5812468372284765,78.0985336303711,1.3630765528294957,94.10526275634766,1.642446678552661,0.21751001477241516,0.0021751001477241516,False,False,0.0,0.0,0.0,0.0,0.0,0.0,0.0,0.0,0.0,0.0,0.0,0.0,0.0,0.0,0.0,0.0
1,539,20.794647442060523,20.80734070308972,False,-10.241758346557617,-0.17875240743160248,-97.36264038085938,-1.699298620223999,91.47252655029297,1.5964967012405396,78.81318664550781,1.375549554824829,93.53845977783203,1.632554054260254,0.6868131868131868,0.006868131868131868,-0.16682718694210052,-1.7091513872146606,1.5845296382904053,1.360956072807312,1.640927791595459,0.001253075897693634,-9.558493614196777,-0.16682718509858638,-97.92715454101562,-1.7091512738500392,90.78685760498047,1.5845295827461627,77.97703552246094,1.3609560108115202,94.01823425292969,1.6409277446249342,0.1253075897693634,0.001253075897693634,False,False,0.0,0.0,0.0,0.0,0.0,0.0,0.0,0.0,0.0,0.0,0.0,0.0,0.0,0.0,0.0,0.0
1,540,20.8281975510763,20.9947942760773,False,-9.978021621704102,-0.17414933443069458,-97.36264038085938,-1.699298620223999,91.47252655029297,1.5964967012405396,78.81318664550781,1.375549554824829,93.53845977783203,1.632554054260254,0.6868131868131868,0.006868131868131868,-0.17290455102920532,-1.7338004112243652,1.5959219932556152,1.3705507516860962,1.6389744281768799,0.0018583089113235474,-9.906700134277344,-0.172904535350904,-99.33943939208984,-1.733800294477322,91.43959045410156,1.5959219200992492,78.52677154541016,1.3705507144288032,93.90631103515625,1.6389743159653611,0.18583089113235474,0.0018583089113235474,False,False,0.0,0.0,0.0,0.0,0.0,0.0,0.0,0.0,0.0,0.0,0.0,0.0,0.0,0.0,0.0,0.0
1,541,20.99625453504268,21.007047653081827,False,-9.89011001586914,-0.17261497676372528,-97.36264038085938,-1.699298620223999,91.47252655029297,1.5964967012405396,78.81318664550781,1.375549554824829,93.53845977783203,1.632554054260254,0.6868131868131868,0.006868131868131868,-0.1679009050130844,-1.7321289777755737,1.5997626781463623,1.366377830505371,1.6395444869995117,0.002998948097229004,-9.620012283325195,-0.16790088842632225,-99.2436752319336,-1.7321288945771882,91.6596450805664,1.599762597865307,78.28768157958984,1.3663778073167578,93.93897247314453,1.6395443655966926,0.2998948097229004,0.002998948097229004,False,False,0.0,0.0,0.0,0.0,0.0,0.0,0.0,0.0,0.0,0.0,0.0,0.0,0.0,0.0,0.0,0.0
1,542,21.030193785089068,21.041381374001503,False,-9.89011001586914,-0.17261497676372528,-97.36264038085938,-1.699298620223999,91.47252655029297,1.5964967012405396,78.81318664550781,1.375549554824829,93.53845977783203,1.632554054260254,0.6868131868131868,0.006868131868131868,-0.17273563146591187,-1.7384260892868042,1.5971686840057373,1.3717868328094482,1.6378800868988037,0.0029561221599578857,-9.897022247314453,-0.17273562435876572,-99.6044692993164,-1.7384259389746806,91.51101684570312,1.5971685458055151,78.59759521484375,1.3717868206487633,93.84361267089844,1.6378800230734476,0.2956122159957886,0.0029561221599578857,False,False,0.0,0.0,0.0,0.0,0.0,0.0,0.0,0.0,0.0,0.0,0.0,0.0,0.0,0.0,0.0,0.0
1,543,21.06361424201168,21.074668403016403,False,-9.89011001586914,-0.17261497676372528,-97.53845977783203,-1.7023673057556152,91.47252655029297,1.5964967012405396,78.81318664550781,1.375549554824829,93.53845977783203,1.632554054260254,0.6868131868131868,0.006868131868131868,-0.16972944140434265,-1.7327665090560913,1.5916268825531006,1.3711997270584106,1.6422971487045288,0.0019234418869018555,-9.724780082702637,-0.16972943147552746,-99.28020477294922,-1.7327664553421533,91.19349670410156,1.5916267738931693,78.56394958496094,1.371199593628401,94.09668731689453,1.6422970088993984,0.19234418869018555,0.0019234418869018555,False,False,0.0,0.0,0.0,0.0,0.0,0.0,0.0,0.0,0.0,0.0,0.0,0.0,0.0,0.0,0.0,0.0
1,544,21.09698055300396,21.107747361063957,False,-9.89011001586914,-0.17261497676372528,-97.80220031738281,-1.706970453262329,91.47252655029297,1.5964967012405396,78.81318664550781,1.375549554824829,93.53845977783203,1.632554054260254,0.6868131868131868,0.006868131868131868,-0.16851763427257538,-1.7366690635681152,1.597343921661377,1.3684507608413696,1.6422274112701416,0.0021303296089172363,-9.655348777770996,-0.16851762660051417,-99.50379943847656,-1.7366689184455009,91.52105712890625,1.5973437818052425,78.40644836425781,1.3684506787512212,94.09269714355469,1.642227367236893,0.21303296089172363,0.0021303296089172363,False,False,0.0,0.0,0.0,0.0,0.0,0.0,0.0,0.0,0.0,0.0,0.0,0.0,0.0,0.0,0.0,0.0
1,545,21.130658142035827,21.1419130070135,False,-9.89011001586914,-0.17261497676372528,-97.89010620117188,-1.7085046768188477,91.47252655029297,1.5964967012405396,78.81318664550781,1.375549554824829,93.53845977783203,1.632554054260254,0.6868131868131868,0.006868131868131868,-0.17023564875125885,-1.7326056957244873,1.590421438217163,1.3709852695465088,1.6440749168395996,0.0014731436967849731,-9.753783226013184,-0.1702356318197243,-99.27098846435547,-1.7326056004123125,91.12442779541016,1.590421294025745,78.55166625976562,1.3709852091606496,94.19854736328125,1.6440748020850808,0.14731436967849731,0.0014731436967849731,False,False,0.0,0.0,0.0,0.0,0.0,0.0,0.0,0.0,0.0,0.0,0.0,0.0,0.0,0.0,0.0,0.0
1,546,21.163932778057642,21.175487647997215,False,-9.89011001586914,-0.17261497676372528,-97.97801971435547,-1.7100390195846558,91.47252655029297,1.5964967012405396,78.81318664550781,1.375549554824829,93.53845977783203,1.632554054260254,0.6868131868131868,0.006868131868131868,-0.16347095370292664,-1.7359603643417358,1.5993841886520386,1.3696672916412354,1.6457189321517944,0.0017952844500541687,-9.366195678710938,-0.16347095297957082,-99.46319580078125,-1.7359602512794308,91.6379623413086,1.5993841626744068,78.47615051269531,1.3696672107371692,94.2927474975586,1.6457189045840412,0.17952844500541687,0.0017952844500541687,False,False,0.0,0.0,0.0,0.0,0.0,0.0,0.0,0.0,0.0,0.0,0.0,0.0,0.0,0.0,0.0,0.0
1,547,21.197504093055613,21.208405049983412,False,-9.978021621704102,-0.17414933443069458,-97.97801971435547,-1.7100390195846558,91.47252655029297,1.5964967012405396,78.81318664550781,1.375549554824829,93.53845977783203,1.632554054260254,0.6868131868131868,0.006868131868131868,-0.1667718142271042,-1.7353123426437378,1.5985740423202515,1.3672593832015991,1.6432676315307617,0.0013352632522583008,-9.555320739746094,-0.16677180799266952,-99.42607116699219,-1.7353123041862144,91.59153747558594,1.59857389591275,78.33818817138672,1.3672593136375741,94.15229797363281,1.643267597958678,0.13352632522583008,0.0013352632522583008,False,False,0.0,0.0,0.0,0.0,0.0,0.0,0.0,0.0,0.0,0.0,0.0,0.0,0.0,0.0,0.0,0.0
1,548,21.23078244307544,21.241706610075198,False,-9.978021621704102,-0.17414933443069458,-97.97801971435547,-1.7100390195846558,91.47252655029297,1.5964967012405396,78.81318664550781,1.375549554824829,93.53845977783203,1.632554054260254,0.6868131868131868,0.006868131868131868,-0.16622450947761536,-1.7369647026062012,1.586637020111084,1.3685601949691772,1.6454174518585205,0.0025193318724632263,-9.523962020874023,-0.16622449509914464,-99.52074432373047,-1.7369646624845543,90.90760040283203,1.5866369421167423,78.4127197265625,1.3685601346720233,94.27546691894531,1.6454173015905897,0.25193318724632263,0.0025193318724632263,False,False,0.0,0.0,0.0,0.0,0.0,0.0,0.0,0.0,0.0,0.0,0.0,0.0,0.0,0.0,0.0,0.0
1,549,21.264236123068258,21.275101017090492,False,-9.978021621704102,-0.17414933443069458,-97.97801971435547,-1.7100390195846558,91.47252655029297,1.5964967012405396,78.81318664550781,1.375549554824829,93.53845977783203,1.632554054260254,0.6868131868131868,0.006868131868131868,-0.16576407849788666,-1.7289222478866577,1.5860787630081177,1.3691389560699463,1.649193286895752,0.0019929036498069763,-9.497581481933594,-0.16576406783618355,-99.05994415283203,-1.7289221823086238,90.8756103515625,1.5860786103942073,78.44587707519531,1.3691388395768975,94.49180603027344,1.6491931313841042,0.19929036498069763,0.0019929036498069763,False,False,0.0,0.0,0.0,0.0,0.0,0.0,0.0,0.0,0.0,0.0,0.0,0.0,0.0,0.0,0.0,0.0
1,550,21.297632194007747,21.30821242404636,False,-9.978021621704102,-0.17414933443069458,-97.97801971435547,-1.7100390195846558,91.47252655029297,1.5964967012405396,78.81318664550781,1.375549554824829,93.53845977783203,1.632554054260254,0.6868131868131868,0.006868131868131868,-0.16330690681934357,-1.7395989894866943,1.5893698930740356,1.369340419769287,1.6402562856674194,0.0018122568726539612,-9.356796264648438,-0.16330690225642194,-99.67167663574219,-1.739598928276806,91.06417846679688,1.5893697448693271,78.4574203491211,1.3693403077133621,93.9797592163086,1.6402562285560707,0.18122568726539612,0.0018122568726539612,False,False,0.0,0.0,0.0,0.0,0.0,0.0,0.0,0.0,0.0,0.0,0.0,0.0,0.0,0.0,0.0,0.0
1,551,21.331005524029024,21.34189389704261,False,-9.978021621704102,-0.17414933443069458,-97.97801971435547,-1.7100390195846558,91.47252655029297,1.5964967012405396,78.81318664550781,1.375549554824829,93.53845977783203,1.632554054260254,0.6868131868131868,0.006868131868131868,-0.16270948946475983,-1.7315499782562256,1.5834914445877075,1.3690669536590576,1.6471039056777954,0.0026622191071510315,-9.322566986083984,-0.1627094886448899,-99.21050262451172,-1.731549923356205,90.72737121582031,1.5834913493951952,78.44175720214844,1.3690669342274655,94.37210083007812,1.647103881508937,0.26622191071510315,0.0026622191071510315,False,False,0.0,0.0,0.0,0.0,0.0,0.0,0.0,0.0,0.0,0.0,0.0,0.0,0.0,0.0,0.0,0.0
1,552,21.364448760054074,21.375559037085623,False,-9.89011001586914,-0.17261497676372528,-97.97801971435547,-1.7100390195846558,91.47252655029297,1.5964967012405396,78.81318664550781,1.375549554824829,93.53845977783203,1.632554054260254,0.6868131868131868,0.006868131868131868,-0.16633228957653046,-1.7416387796401978,1.5862330198287964,1.3708821535110474,1.6489399671554565,0.0024829283356666565,-9.53013801574707,-0.16633228654426557,-99.78854370117188,-1.7416386433556978,90.88445281982422,1.5862329405793774,78.5457534790039,1.370882011668409,94.477294921875,1.6489398647644375,0.24829283356666565,0.0024829283356666565,False,False,0.0,0.0,0.0,0.0,0.0,0.0,0.0,0.0,0.0,0.0,0.0,0.0,0.0,0.0,0.0,0.0
1,553,21.397938276058994,21.409048077999614,False,-9.802197456359863,-0.17108061909675598,-97.97801971435547,-1.7100390195846558,91.47252655029297,1.5964967012405396,78.81318664550781,1.375549554824829,93.53845977783203,1.632554054260254,0.6868131868131868,0.006868131868131868,-0.16664236783981323,-1.7359135150909424,1.5785915851593018,1.3693605661392212,1.6449559926986694,0.00316455215215683,-9.547904014587402,-0.16664236171893487,-99.46051025390625,-1.7359133796442454,90.4466323852539,1.578591532463613,78.45858001708984,1.3693605477376467,94.24903106689453,1.6449559089317336,0.316455215215683,0.00316455215215683,False,False,0.0,0.0,0.0,0.0,0.0,0.0,0.0,0.0,0.0,0.0,0.0,0.0,0.0,0.0,0.0,0.0
1,554,21.43150920898188,21.441959885065444,False,-9.802197456359863,-0.17108061909675598,-97.97801971435547,-1.7100390195846558,91.47252655029297,1.5964967012405396,78.81318664550781,1.375549554824829,93.53845977783203,1.632554054260254,0.6868131868131868,0.006868131868131868,-0.16793225705623627,-1.7316259145736694,1.5846142768859863,1.370470643043518,1.6432299613952637,0.0034080222249031067,-9.621809005737305,-0.16793224714815794,-99.21485137939453,-1.7316258234472723,90.79170227050781,1.5846141381107728,78.52217864990234,1.3704705532799917,94.15013885498047,1.6432299142292532,0.34080222249031067,0.0034080222249031067,False,False,0.0,0.0,0.0,0.0,0.0,0.0,0.0,0.0,0.0,0.0,0.0,0.0,0.0,0.0,0.0,0.0
1,555,21.464737673988566,21.475212197983637,False,-9.802197456359863,-0.17108061909675598,-97.97801971435547,-1.7100390195846558,91.47252655029297,1.5964967012405396,78.81318664550781,1.375549554824829,93.53845977783203,1.632554054260254,0.6868131868131868,0.006868131868131868,-0.1718054711818695,-1.7318016290664673,1.5742648839950562,1.3715474605560303,1.6451480388641357,0.002842225134372711,-9.843728065490723,-0.1718054654137851,-99.22492218017578,-1.7318015920792176,90.19873046875,1.5742648277986158,78.58387756347656,1.3715474024667653,94.2600326538086,1.6451479228463284,0.2842225134372711,0.002842225134372711,False,False,0.0,0.0,0.0,0.0,0.0,0.0,0.0,0.0,0.0,0.0,0.0,0.0,0.0,0.0,0.0,0.0
1,556,21.498409421066754,21.510279854992405,False,-9.802197456359863,-0.17108061909675598,-97.97801971435547,-1.7100390195846558,91.47252655029297,1.5964967012405396,78.81318664550781,1.375549554824829,93.53845977783203,1.632554054260254,0.6868131868131868,0.006868131868131868,-0.16893340647220612,-1.730472207069397,1.5902091264724731,1.3701808452606201,1.6434605121612549,0.003769911825656891,-9.679170608520508,-0.16893339598094598,-99.14875030517578,-1.73047214206305,91.11226654052734,1.5902090400868656,78.50557708740234,1.3701808013533912,94.16334533691406,1.6434604108215995,0.3769911825656891,0.003769911825656891,False,False,0.0,0.0,0.0,0.0,0.0,0.0,0.0,0.0,0.0,0.0,0.0,0.0,0.0,0.0,0.0,0.0
1,557,21.531897310051136,21.543528825044632,False,-9.802197456359863,-0.17108061909675598,-97.97801971435547,-1.7100390195846558,91.47252655029297,1.5964967012405396,78.81318664550781,1.375549554824829,93.53845977783203,1.632554054260254,0.6868131868131868,0.006868131868131868,-0.16917401552200317,-1.733749508857727,1.5848230123519897,1.3694372177124023,1.6454811096191406,0.002817511558532715,-9.692956924438477,-0.16917401258543463,-99.3365249633789,-1.7337494281005015,90.80366516113281,1.584822929940235,78.46296691894531,1.3694371136189865,94.27912139892578,1.6454810842986973,0.2817511558532715,0.002817511558532715,False,False,0.0,0.0,0.0,0.0,0.0,0.0,0.0,0.0,0.0,0.0,0.0,0.0,0.0,0.0,0.0,0.0
1,558,21.56506073300261,21.575852944981307,False,-9.802197456359863,-0.17108061909675598,-97.97801971435547,-1.7100390195846558,91.47252655029297,1.5964967012405396,78.81318664550781,1.375549554824829,93.53845977783203,1.632554054260254,0.6868131868131868,0.006868131868131868,-0.17011255025863647,-1.7397996187210083,1.5883567333221436,1.370273470878601,1.651113748550415,0.0020353421568870544,-9.74673080444336,-0.17011254384309218,-99.68316650390625,-1.739799464306889,91.00613403320312,1.588356678390661,78.51087951660156,1.3702733462012713,94.60184478759766,1.6511136700042148,0.20353421568870544,0.0020353421568870544,False,False,0.0,0.0,0.0,0.0,0.0,0.0,0.0,0.0,0.0,0.0,0.0,0.0,0.0,0.0,0.0,0.0
1,559,21.59898609004449,21.610803871997632,False,-9.802197456359863,-0.17108061909675598,-97.97801971435547,-1.7100390195846558,91.47252655029297,1.5964967012405396,78.81318664550781,1.375549554824829,93.53845977783203,1.632554054260254,0.6868131868131868,0.006868131868131868,-0.16886182129383087,-1.7259129285812378,1.5722148418426514,1.371748447418213,1.647123098373413,0.0031365975737571716,-9.675068855285645,-0.16886180688189328,-98.88751983642578,-1.7259128102768344,90.08126831054688,1.5722147263914727,78.59539031982422,1.3717483379710118,94.37319946289062,1.6471230562687855,0.31365975737571716,0.0031365975737571716,False,False,0.0,0.0,0.0,0.0,0.0,0.0,0.0,0.0,0.0,0.0,0.0,0.0,0.0,0.0,0.0,0.0
1,560,21.633633992052637,21.64583524898626,False,-9.802197456359863,-0.17108061909675598,-97.97801971435547,-1.7100390195846558,91.47252655029297,1.5964967012405396,78.81318664550781,1.375549554824829,93.62637329101562,1.6340885162353516,0.6868131868131868,0.006868131868131868,-0.16586323082447052,-1.7073626518249512,1.5597317218780518,1.3692156076431274,1.6449306011199951,0.0051961615681648254,-9.503262519836426,-0.16586322065251857,-97.82466888427734,-1.7073625617038874,89.36604309082031,1.5597316914139443,78.45027160644531,1.3692155386162919,94.24757385253906,1.6449304757433234,0.5196161568164825,0.0051961615681648254,False,False,0.0,0.0,0.0,0.0,0.0,0.0,0.0,0.0,0.0,0.0,0.0,0.0,0.0,0.0,0.0,0.0
1,561,21.666286057094112,21.679982367088087,False,-9.802197456359863,-0.17108061909675598,-97.97801971435547,-1.7100390195846558,91.47252655029297,1.5964967012405396,78.81318664550781,1.375549554824829,93.71428680419922,1.6356228590011597,0.6868131868131868,0.006868131868131868,-0.16828730702400208,-1.7123385667800903,1.5618774890899658,1.3700822591781616,1.6443856954574585,0.003843538463115692,-9.642151832580566,-0.16828729645573595,-98.1097640991211,-1.7123384118845915,89.48898315429688,1.5618774003042213,78.49992370605469,1.3700821312350036,94.21635437011719,1.6443855929842932,0.3843538463115692,0.003843538463115692,False,False,0.0,0.0,0.0,0.0,0.0,0.0,0.0,0.0,0.0,0.0,0.0,0.0,0.0,0.0,0.0,0.0
1,562,21.699612464988604,21.710008689085953,False,-9.802197456359863,-0.17108061909675598,-97.97801971435547,-1.7100390195846558,91.38461303710938,1.5949623584747314,78.81318664550781,1.375549554824829,93.71428680419922,1.6356228590011597,0.6868131868131868,0.006868131868131868,-0.16784027218818665,-1.7195837497711182,1.5693305730819702,1.3699215650558472,1.6499488353729248,0.005402505397796631,-9.616539001464844,-0.16784026822200931,-98.52488708496094,-1.7195836747882065,89.916015625,1.569330522930917,78.49072265625,1.3699215426212719,94.53510284423828,1.6499488033434142,0.5402505397796631,0.005402505397796631,False,False,0.0,0.0,0.0,0.0,0.0,0.0,0.0,0.0,0.0,0.0,0.0,0.0,0.0,0.0,0.0,0.0
1,563,21.73313282802701,21.745962603017688,False,-9.802197456359863,-0.17108061909675598,-97.97801971435547,-1.7100390195846558,91.38461303710938,1.5949623584747314,78.81318664550781,1.375549554824829,93.71428680419922,1.6356228590011597,0.6868131868131868,0.006868131868131868,-0.17124895751476288,-1.6898633241653442,1.530968427658081,1.3690228462219238,1.6465940475463867,0.004164546728134155,-9.81184196472168,-0.17124894796974263,-96.82202911376953,-1.6898631964970858,87.71802520751953,1.530968353218598,78.43922424316406,1.36902272575337,94.34288787841797,1.6465940193182413,0.4164546728134155,0.004164546728134155,False,False,0.0,0.0,0.0,0.0,0.0,0.0,0.0,0.0,0.0,0.0,0.0,0.0,0.0,0.0,0.0,0.0
1,564,21.766578910988756,21.780433831037953,False,-9.802197456359863,-0.17108061909675598,-97.97801971435547,-1.7100390195846558,91.38461303710938,1.5949623584747314,78.81318664550781,1.375549554824829,93.71428680419922,1.6356228590011597,0.6868131868131868,0.006868131868131868,-0.1665946990251541,-1.7188035249710083,1.5652215480804443,1.3703229427337646,1.6428899765014648,0.004104495048522949,-9.545172691345215,-0.16659469113542244,-98.48017883300781,-1.7188033685888133,89.68058013916016,1.5652213985269792,78.51371765136719,1.3703228809975467,94.13065338134766,1.6428898285580502,0.4104495048522949,0.004104495048522949,False,False,0.0,0.0,0.0,0.0,0.0,0.0,0.0,0.0,0.0,0.0,0.0,0.0,0.0,0.0,0.0,0.0
1,565,21.799986156984232,21.813778538024053,False,-9.802197456359863,-0.17108061909675598,-97.97801971435547,-1.7100390195846558,91.29669952392578,1.5934280157089233,78.81318664550781,1.375549554824829,93.71428680419922,1.6356228590011597,0.6868131868131868,0.006868131868131868,-0.16584880650043488,-1.6979289054870605,1.553404688835144,1.3682609796524048,1.6518299579620361,0.0053601935505867004,-9.502435684204102,-0.1658487896483617,-97.2841567993164,-1.6979288461744997,89.00352478027344,1.553404553296134,78.39557647705078,1.368260928523553,94.64288330078125,1.6518299271793917,0.53601935505867,0.0053601935505867004,False,False,0.0,0.0,0.0,0.0,0.0,0.0,0.0,0.0,0.0,0.0,0.0,0.0,0.0,0.0,0.0,0.0
1,566,21.833579826983623,21.847196974093094,False,-9.802197456359863,-0.17108061909675598,-97.62637329101562,-1.7039016485214233,90.94505310058594,1.587290644645691,78.81318664550781,1.375549554824829,93.71428680419922,1.6356228590011597,0.6868131868131868,0.006868131868131868,-0.1708749234676361,-1.6951855421066284,1.549037218093872,1.3683867454528809,1.6453006267547607,0.0052385032176971436,-9.790410995483398,-0.170874906994641,-97.12696838378906,-1.6951853907775547,88.75328826904297,1.5490371022664586,78.40277862548828,1.3683866297270046,94.2687759399414,1.6453005219767898,0.5238503217697144,0.0052385032176971436,False,False,0.0,0.0,0.0,0.0,0.0,0.0,0.0,0.0,0.0,0.0,0.0,0.0,0.0,0.0,0.0,0.0
1,567,21.866965760011226,21.879151283064857,False,-9.714285850524902,-0.16954627633094788,-97.53845977783203,-1.7023673057556152,90.85713958740234,1.5857561826705933,78.81318664550781,1.375549554824829,93.80220031738281,1.6371572017669678,0.6868131868131868,0.006868131868131868,-0.17035117745399475,-1.6484875679016113,1.4590271711349487,1.367719054222107,1.6430619955062866,0.0048265159130096436,-9.76040267944336,-0.1703511630767633,-94.45137786865234,-1.6484875268532877,86.85713958740234,1.51594306466448,78.3645248413086,1.3677189752417218,94.14051055908203,1.6430618687644691,0.48265159130096436,0.0048265159130096436,False,False,0.0,0.0,0.0,0.0,0.0,0.0,0.0,0.0,3.26104736328125,3.26104736328125,0.0,0.0,0.0,0.0,0.0,0.0
1,568,21.90046449401416,21.912403082009405,False,-9.714285850524902,-0.16954627633094788,-97.53845977783203,-1.7023673057556152,90.85713958740234,1.5857561826705933,78.81318664550781,1.375549554824829,93.89010620117188,1.6386914253234863,0.6868131868131868,0.006868131868131868,-0.16898080706596375,-1.6424798965454102,1.4479272365570068,1.370712399482727,1.6403728723526,0.00413157045841217,-9.681886672973633,-0.16898080024834938,-94.10716247558594,-1.6424798349082324,86.85713958740234,1.51594306466448,78.5360336303711,1.3707123683069709,93.98643493652344,1.6403727418537617,0.41315704584121704,0.00413157045841217,False,False,0.0,0.0,0.0,0.0,0.0,0.0,0.0,0.0,3.8970260620117188,3.8970260620117188,0.0,0.0,0.0,0.0,0.0,0.0
1,569,21.933705053990707,21.944370019016787,False,-9.714285850524902,-0.16954627633094788,-97.36264038085938,-1.699298620223999,90.85713958740234,1.5857561826705933,78.81318664550781,1.375549554824829,93.89010620117188,1.6386914253234863,0.6868131868131868,0.006868131868131868,-0.17039886116981506,-1.5868197679519653,1.3549858331680298,1.3710744380950928,1.6458615064620972,0.003839835524559021,-9.763134956359863,-0.17039885030503252,-93.36264038085938,-1.6294854730014088,86.85713958740234,1.51594306466448,78.55677795410156,1.3710744250571671,94.30091094970703,1.6458613837023606,0.3839835524559021,0.003839835524559021,False,False,0.0,0.0,0.0,0.0,0.0,2.4445724487304688,2.4445724487304688,0.0,9.222175598144531,9.222175598144531,0.0,0.0,0.0,0.0,0.0,0.0
1,570,21.966905590030365,22.13031509204302,False,-9.714285850524902,-0.16954627633094788,-96.57142639160156,-1.685489296913147,90.5054931640625,1.5796188116073608,78.81318664550781,1.375549554824829,93.89010620117188,1.6386914253234863,0.6868131868131868,0.006868131868131868,-0.16732527315616608,-1.7192370891571045,1.5958316326141357,1.3700464963912964,1.6444554328918457,0.001079261302947998,-9.587031364440918,-0.16732526280145843,-98.50502014160156,-1.7192369312142781,91.43441009521484,1.595831505780241,78.49787902832031,1.3700464448763965,94.22035217285156,1.6444553678048532,0.1079261302947998,0.001079261302947998,False,False,0.0,0.0,0.0,0.0,0.0,0.0,0.0,0.0,0.0,0.0,0.0,0.0,0.0,0.0,0.0,0.0
1,571,22.13181436609011,22.144937135046348,False,-9.714285850524902,-0.16954627633094788,-94.46154022216797,-1.6486648321151733,90.4175796508789,1.5780844688415527,78.81318664550781,1.375549554824829,93.89010620117188,1.6386914253234863,0.6868131868131868,0.006868131868131868,-0.16118758916854858,-1.7331409454345703,1.5919443368911743,1.372198462486267,1.6415221691131592,0.0009422823786735535,-9.235367774963379,-0.1611875753056937,-98.46154022216797,-1.71847806346166,91.21168518066406,1.5919442226951068,78.62117767333984,1.372198412195235,94.05228424072266,1.6415220290221855,0.09422823786735535,0.0009422823786735535,False,False,0.0,0.0,0.0,0.0,0.0,0.840118408203125,0.840118408203125,0.0,0.0,0.0,0.0,0.0,0.0,0.0,0.0,0.0
1,572,22.16525708907284,22.177586015081033,False,-9.714285850524902,-0.16954627633094788,-94.46154022216797,-1.6486648321151733,90.4175796508789,1.5780844688415527,78.81318664550781,1.375549554824829,93.89010620117188,1.6386914253234863,0.6868131868131868,0.006868131868131868,-0.16224603354930878,-1.7361048460006714,1.5896530151367188,1.3717474937438965,1.6445722579956055,-0.00027570128440856934,-9.296012878417969,-0.16224603203618887,-98.46154022216797,-1.71847806346166,91.08040618896484,1.589652972051257,78.5953369140625,1.3717474058646302,94.22704315185547,1.6445721474186532,0.0,0.0,True,False,0.027570128440856934,0.0,0.0,0.0,0.0,1.0099334716796875,1.0099334716796875,0.0,0.0,0.0,0.0,0.0,0.0,0.0,0.0,0.0
1,573,22.200229307985865,22.21207290806342,False,-9.714285850524902,-0.16954627633094788,-94.46154022216797,-1.6486648321151733,90.5054931640625,1.5796188116073608,78.81318664550781,1.375549554824829,93.89010620117188,1.6386914253234863,0.6868131868131868,0.006868131868131868,-0.1632646918296814,-1.724731206893921,1.5906343460083008,1.3706973791122437,1.6453945636749268,0.00040015578269958496,-9.354377746582031,-0.16326469115314418,-98.46154022216797,-1.71847806346166,91.13662719726562,1.5906342137548968,78.53517150878906,1.370697321446812,94.27416229248047,1.6453945315632696,0.040015578269958496,0.00040015578269958496,False,False,0.0,0.0,0.0,0.0,0.0,0.3582763671875,0.3582763671875,0.0,0.0,0.0,0.0,0.0,0.0,0.0,0.0,0.0
1,574,22.234483659034595,22.251884039025754,False,-9.626373291015625,-0.16801190376281738,-95.78022003173828,-1.671680212020874,91.29669952392578,1.5934280157089233,78.81318664550781,1.375549554824829,93.89010620117188,1.6386914253234863,0.6868131868131868,0.006868131868131868,-0.16672727465629578,-1.7337955236434937,1.5982444286346436,1.3693891763687134,1.648725986480713,-0.00019340217113494873,-9.55276870727539,-0.16672726662343795,-99.33915710449219,-1.7337953676293054,91.5726547241211,1.5982443297278528,78.46021270751953,1.3693890435613105,94.46503448486328,1.6487258797708497,0.0,0.0,True,False,0.019340217113494873,0.0,0.0,0.0,0.0,0.0,0.0,0.0,0.0,0.0,0.0,0.0,0.0,0.0,0.0,0.0
1,575,22.26785273605492,22.280303003033623,False,-9.626373291015625,-0.16801190376281738,-96.74725341796875,-1.6885581016540527,91.38461303710938,1.5949623584747314,78.81318664550781,1.375549554824829,93.89010620117188,1.6386914253234863,0.6868131868131868,0.006868131868131868,-0.16054442524909973,-1.7227520942687988,1.5853742361068726,1.370023250579834,1.646059513092041,-0.00026833266019821167,-9.198517799377441,-0.16054442190243956,-98.7064208984375,-1.7227520375370737,90.83525085449219,1.5853742042858814,78.49654388427734,1.3700231422168585,94.312255859375,1.646059389729408,0.0,0.0,True,False,0.026833266019821167,0.0,0.0,0.0,0.0,0.0,0.0,0.0,0.0,0.0,0.0,0.0,0.0,0.0,0.0,0.0
1,576,22.301816652994603,22.3155769900186,False,-9.626373291015625,-0.16801190376281738,-97.0988998413086,-1.6946954727172852,91.38461303710938,1.5949623584747314,78.81318664550781,1.375549554824829,93.89010620117188,1.6386914253234863,0.6868131868131868,0.006868131868131868,-0.16137060523033142,-1.725820779800415,1.5977624654769897,1.3714605569839478,1.6439374685287476,0.0008125677704811096,-9.245854377746582,-0.16137060105160939,-98.88224029541016,-1.7258206649031176,91.5450439453125,1.597762430728603,78.57889556884766,1.3714604502571741,94.190673828125,1.6439373829728328,0.08125677704811096,0.0008125677704811096,False,False,0.0,0.0,0.0,0.0,0.0,0.0,0.0,0.0,0.0,0.0,0.0,0.0,0.0,0.0,0.0,0.0
1,577,22.334878156078048,22.345691584050655,False,-9.626373291015625,-0.16801190376281738,-97.45054626464844,-1.7008328437805176,91.38461303710938,1.5949623584747314,78.81318664550781,1.375549554824829,93.89010620117188,1.6386914253234863,0.6868131868131868,0.006868131868131868,-0.16398172080516815,-1.7225940227508545,1.5945091247558594,1.3729816675186157,1.6488823890686035,-0.0001799166202545166,-9.39546012878418,-0.1639817139871344,-98.6973648071289,-1.7225939789263776,91.35863494873047,1.5945089799829075,78.66605377197266,1.3729816478718275,94.4739990234375,1.648882340484892,0.0,0.0,True,False,0.01799166202545166,0.0,0.0,0.0,0.0,0.0,0.0,0.0,0.0,0.0,0.0,0.0,0.0,0.0,0.0,0.0
1,578,22.368036651052535,22.37895245407708,False,-9.626373291015625,-0.16801190376281738,-97.45054626464844,-1.7008328437805176,91.38461303710938,1.5949623584747314,78.81318664550781,1.375549554824829,93.89010620117188,1.6386914253234863,0.6868131868131868,0.006868131868131868,-0.16236719489097595,-1.730002999305725,1.5904200077056885,1.3695828914642334,1.6476529836654663,0.0004810318350791931,-9.30295467376709,-0.16236718922103066,-99.12186431884766,-1.7300028930789781,91.12435150146484,1.5904199624452,78.4713134765625,1.3695827885306138,94.40355682373047,1.6476528921676568,0.04810318350791931,0.0004810318350791931,False,False,0.0,0.0,0.0,0.0,0.0,0.0,0.0,0.0,0.0,0.0,0.0,0.0,0.0,0.0,0.0,0.0
1,579,22.401528637041338,22.414405073039234,False,-9.626373291015625,-0.16801190376281738,-97.53845977783203,-1.7023673057556152,91.38461303710938,1.5949623584747314,78.81318664550781,1.375549554824829,93.89010620117188,1.6386914253234863,0.6868131868131868,0.006868131868131868,-0.16088636219501495,-1.725109338760376,1.5694613456726074,1.3692313432693481,1.6532633304595947,0.0005336254835128784,-9.218109130859375,-0.16088635514164892,-98.84147644042969,-1.725109201417903,89.92350769042969,1.5694612841404398,78.451171875,1.3692312512667233,94.72500610351562,1.6532632404780723,0.05336254835128784,0.0005336254835128784,False,False,0.0,0.0,0.0,0.0,0.0,0.0,0.0,0.0,0.0,0.0,0.0,0.0,0.0,0.0,0.0,0.0
1,580,22.435617843992077,22.448984781978652,False,-9.626373291015625,-0.16801190376281738,-97.62637329101562,-1.7039016485214233,91.38461303710938,1.5949623584747314,78.81318664550781,1.375549554824829,93.89010620117188,1.6386914253234863,0.6868131868131868,0.006868131868131868,-0.1612742841243744,-1.7312476634979248,1.5514209270477295,1.370942234992981,1.648334264755249,0.0004691705107688904,-9.240335464477539,-0.16127427784393258,-99.19317626953125,-1.7312475214144265,88.8898696899414,1.5514208977581887,78.54920196533203,1.3709421991090447,94.44258880615234,1.648334128774499,0.04691705107688904,0.0004691705107688904,False,False,0.0,0.0,0.0,0.0,0.0,0.0,0.0,0.0,0.0,0.0,0.0,0.0,0.0,0.0,0.0,0.0
1,581,22.468709237058647,22.479775576037355,False,-9.626373291015625,-0.16801190376281738,-97.62637329101562,-1.7039016485214233,91.38461303710938,1.5949623584747314,78.81318664550781,1.375549554824829,93.89010620117188,1.6386914253234863,0.6868131868131868,0.006868131868131868,-0.16591420769691467,-1.715989589691162,1.566294550895691,1.3688311576843262,1.6466050148010254,0.002174369990825653,-9.506183624267578,-0.16591420354263678,-98.31895446777344,-1.7159894725810356,89.7420654296875,1.5662945192882267,78.4282455444336,1.368831111312939,94.34351348876953,1.6466049382787107,0.2174369990825653,0.002174369990825653,False,False,0.0,0.0,0.0,0.0,0.0,0.0,0.0,0.0,0.0,0.0,0.0,0.0,0.0,0.0,0.0,0.0
1,582,22.50226192001719,22.515226158080623,False,-9.626373291015625,-0.16801190376281738,-97.62637329101562,-1.7039016485214233,91.29669952392578,1.5934280157089233,78.81318664550781,1.375549554824829,93.89010620117188,1.6386914253234863,0.6868131868131868,0.006868131868131868,-0.15925151109695435,-1.7238444089889526,1.5722612142562866,1.3702033758163452,1.6488505601882935,0.0020333006978034973,-9.124439239501953,-0.15925150712747654,-98.76900482177734,-1.7238443330581699,90.08392333984375,1.5722610653944402,78.50686645507812,1.3702033050646023,94.47217559814453,1.6488505157098654,0.20333006978034973,0.0020333006978034973,False,False,0.0,0.0,0.0,0.0,0.0,0.0,0.0,0.0,0.0,0.0,0.0,0.0,0.0,0.0,0.0,0.0
1,583,22.535663449089043,22.549486443051137,False,-9.626373291015625,-0.16801190376281738,-97.62637329101562,-1.7039016485214233,91.20879364013672,1.5918937921524048,78.81318664550781,1.375549554824829,93.89010620117188,1.6386914253234863,0.6868131868131868,0.006868131868131868,-0.16172537207603455,-1.7256864309310913,1.553688883781433,1.3704042434692383,1.6560777425765991,0.002134554088115692,-9.266180992126465,-0.16172536739832158,-98.87454223632812,-1.7256863084261231,89.01981353759766,1.5536888457425,78.51837158203125,1.3704041074107942,94.88626098632812,1.656077669118068,0.2134554088115692,0.002134554088115692,False,False,0.0,0.0,0.0,0.0,0.0,0.0,0.0,0.0,0.0,0.0,0.0,0.0,0.0,0.0,0.0,0.0
1,584,22.569259452982806,22.58344543608837,False,-9.626373291015625,-0.16801190376281738,-97.62637329101562,-1.7039016485214233,91.20879364013672,1.5918937921524048,78.81318664550781,1.375549554824829,93.89010620117188,1.6386914253234863,0.6868131868131868,0.006868131868131868,-0.16320425271987915,-1.7269209623336792,1.5700335502624512,1.3735487461090088,1.647792100906372,0.0012521743774414062,-9.350914001464844,-0.1632042373963994,-98.94527435302734,-1.7269208167494294,89.95629119873047,1.5700334643006435,78.69853973388672,1.3735486348679053,94.41152954101562,1.6477920423346135,0.12521743774414062,0.0012521743774414062,False,False,0.0,0.0,0.0,0.0,0.0,0.0,0.0,0.0,0.0,0.0,0.0,0.0,0.0,0.0,0.0,0.0
1,585,22.602638918091543,22.615512700984254,False,-9.450549125671387,-0.16494320333003998,-97.71428680419922,-1.7054359912872314,91.20879364013672,1.5918937921524048,78.81318664550781,1.375549554824829,93.89010620117188,1.6386914253234863,0.6868131868131868,0.006868131868131868,-0.16125182807445526,-1.7281825542449951,1.5798417329788208,1.3712793588638306,1.6463781595230103,0.0012285709381103516,-9.239048957824707,-0.16125182406699187,-99.01756286621094,-1.7281824893158544,90.51825714111328,1.5798416202792962,78.56851196289062,1.3712792221449943,94.33051300048828,1.6463780369538359,0.12285709381103516,0.0012285709381103516,False,False,0.0,0.0,0.0,0.0,0.0,0.0,0.0,0.0,0.0,0.0,0.0,0.0,0.0,0.0,0.0,0.0
1,586,22.63622696499806,22.647132463986054,False,-9.450549125671387,-0.16494320333003998,-97.71428680419922,-1.7054359912872314,91.20879364013672,1.5918937921524048,78.81318664550781,1.375549554824829,93.97801971435547,1.640225887298584,0.6868131868131868,0.006868131868131868,-0.16213025152683258,-1.7358527183532715,1.5849653482437134,1.3693618774414062,1.6529057025909424,0.0018714889883995056,-9.28937816619873,-0.16213023446304087,-99.45703125,-1.7358526595713917,90.81182098388672,1.5849652759004997,78.45864868164062,1.3693617461601373,94.70451354980469,1.6529055779436745,0.18714889883995056,0.0018714889883995056,False,False,0.0,0.0,0.0,0.0,0.0,0.0,0.0,0.0,0.0,0.0,0.0,0.0,0.0,0.0,0.0,0.0
1,587,22.67017391801346,22.680924389045686,False,-9.450549125671387,-0.16494320333003998,-97.71428680419922,-1.7054359912872314,91.20879364013672,1.5918937921524048,78.81318664550781,1.375549554824829,93.97801971435547,1.640225887298584,0.6868131868131868,0.006868131868131868,-0.16160154342651367,-1.7322545051574707,1.5722790956497192,1.3685157299041748,1.6537384986877441,0.0012783780694007874,-9.259085655212402,-0.1616015304076329,-99.25086975097656,-1.7322544626225855,90.08495330810547,1.5722790417317982,78.41017150878906,1.3685156598818191,94.75222778320312,1.6537383484165424,0.12783780694007874,0.0012783780694007874,False,False,0.0,0.0,0.0,0.0,0.0,0.0,0.0,0.0,0.0,0.0,0.0,0.0,0.0,0.0,0.0,0.0
1,588,22.703119453042746,22.71354551706463,False,-9.450549125671387,-0.16494320333003998,-97.71428680419922,-1.7054359912872314,91.20879364013672,1.5918937921524048,78.81318664550781,1.375549554824829,94.06593322753906,1.641760230064392,0.6868131868131868,0.006868131868131868,-0.16424918174743652,-1.7239665985107422,1.5667699575424194,1.3697410821914673,1.652343511581421,0.001778148114681244,-9.410784721374512,-0.16424917858436242,-98.7760009765625,-1.72396643899415,89.76930236816406,1.5667698935428058,78.48037719726562,1.3697409802993645,94.67230224609375,1.6523433846375588,0.1778148114681244,0.001778148114681244,False,False,0.0,0.0,0.0,0.0,0.0,0.0,0.0,0.0,0.0,0.0,0.0,0.0,0.0,0.0,0.0,0.0
1,589,22.73840355302673,22.751751278992742,False,-9.450549125671387,-0.16494320333003998,-97.80220031738281,-1.706970453262329,91.20879364013672,1.5918937921524048,78.81318664550781,1.375549554824829,94.06593322753906,1.641760230064392,0.6868131868131868,0.006868131868131868,-0.1628507673740387,-1.7369393110275269,1.5751049518585205,1.3708741664886475,1.6430855989456177,0.0017488375306129456,-9.330660820007324,-0.1628507526959618,-99.519287109375,-1.7369392292961439,90.24686431884766,1.5751049219644813,78.54530334472656,1.3708741553431931,94.1418685913086,1.6430855708981709,0.17488375306129456,0.0017488375306129456,False,False,0.0,0.0,0.0,0.0,0.0,0.0,0.0,0.0,0.0,0.0,0.0,0.0,0.0,0.0,0.0,0.0
1,590,22.770432200981304,22.78478009905666,False,-9.450549125671387,-0.16494320333003998,-97.80220031738281,-1.706970453262329,91.20879364013672,1.5918937921524048,78.81318664550781,1.375549554824829,94.06593322753906,1.641760230064392,0.6868131868131868,0.006868131868131868,-0.16223043203353882,-1.7242965698242188,1.563435435295105,1.3682868480682373,1.6486055850982666,0.0024726763367652893,-9.29511833190918,-0.1622304192542983,-98.79491424560547,-1.7242965378112654,89.5782470703125,1.5634353495419175,78.39705657958984,1.3682867611861267,94.45813751220703,1.6486055048895782,0.24726763367652893,0.0024726763367652893,False,False,0.0,0.0,0.0,0.0,0.0,0.0,0.0,0.0,0.0,0.0,0.0,0.0,0.0,0.0,0.0,0.0
1,591,22.803757778019644,22.815168514032848,False,-9.450549125671387,-0.16494320333003998,-97.80220031738281,-1.706970453262329,91.20879364013672,1.5918937921524048,78.81318664550781,1.375549554824829,94.06593322753906,1.641760230064392,0.6868131868131868,0.006868131868131868,-0.1636347770690918,-1.7308330535888672,1.5634560585021973,1.368278980255127,1.648912787437439,0.0030173659324645996,-9.375581741333008,-0.16363477067612434,-99.16942596435547,-1.7308330003907557,89.57942962646484,1.5634559890403656,78.3966064453125,1.368278904860911,94.47573852539062,1.6489127005213189,0.30173659324645996,0.0030173659324645996,False,False,0.0,0.0,0.0,0.0,0.0,0.0,0.0,0.0,0.0,0.0,0.0,0.0,0.0,0.0,0.0,0.0
1,592,22.83735443407204,22.850050359033048,False,-9.450549125671387,-0.16494320333003998,-97.80220031738281,-1.706970453262329,91.20879364013672,1.5918937921524048,78.81318664550781,1.375549554824829,94.06593322753906,1.641760230064392,0.6868131868131868,0.006868131868131868,-0.15755052864551544,-1.732548475265503,1.5791311264038086,1.370073676109314,1.6483036279678345,0.00043991953134536743,-9.026979446411133,-0.1575505128497293,-99.26770782470703,-1.7325483424488757,90.47754669189453,1.579131088900463,78.49943542480469,1.3700736091195154,94.44083404541016,1.6483035024219632,0.04399195313453674,0.00043991953134536743,False,False,0.0,0.0,0.0,0.0,0.0,0.0,0.0,0.0,0.0,0.0,0.0,0.0,0.0,0.0,0.0,0.0
1,593,22.870715968078002,22.882580653065816,False,-9.450549125671387,-0.16494320333003998,-97.80220031738281,-1.706970453262329,91.20879364013672,1.5918937921524048,78.81318664550781,1.375549554824829,94.06593322753906,1.641760230064392,0.6868131868131868,0.006868131868131868,-0.16027984023094177,-1.7262603044509888,1.570338487625122,1.3697248697280884,1.6476281881332397,0.0035000964999198914,-9.183358192443848,-0.16027983684814018,-98.90742492675781,-1.7262602196410353,89.97376251220703,1.5703383962454576,78.47944641113281,1.369724735016715,94.40213775634766,1.647628124769519,0.35000964999198914,0.0035000964999198914,False,False,0.0,0.0,0.0,0.0,0.0,0.0,0.0,0.0,0.0,0.0,0.0,0.0,0.0,0.0,0.0,0.0
1,594,22.90392615098972,22.914919922011904,False,-9.450549125671387,-0.16494320333003998,-97.80220031738281,-1.706970453262329,91.20879364013672,1.5918937921524048,78.81318664550781,1.375549554824829,94.06593322753906,1.641760230064392,0.6868131868131868,0.006868131868131868,-0.15582695603370667,-1.7280806303024292,1.566555142402649,1.3689072132110596,1.6502352952957153,0.003521166741847992,-8.928226470947266,-0.15582694828174365,-99.01171875,-1.7280804902461044,89.75699615478516,1.566555109600891,78.43260192871094,1.3689071445620606,94.551513671875,1.6502352263186522,0.3521166741847992,0.003521166741847992,False,False,0.0,0.0,0.0,0.0,0.0,0.0,0.0,0.0,0.0,0.0,0.0,0.0,0.0,0.0,0.0,0.0
1,595,22.937628027051687,22.950720228021964,False,-9.450549125671387,-0.16494320333003998,-97.80220031738281,-1.706970453262329,91.20879364013672,1.5918937921524048,78.81318664550781,1.375549554824829,94.06593322753906,1.641760230064392,0.6868131868131868,0.006868131868131868,-0.15654531121253967,-1.719366192817688,1.5536454916000366,1.3668577671051025,1.6523877382278442,0.0036048218607902527,-8.969385147094727,-0.1565453026962789,-98.51242065429688,-1.719366094527147,89.01732635498047,1.5536454362167318,78.31517791748047,1.3668577089451903,94.67483520507812,1.6523875931116543,0.36048218607902527,0.0036048218607902527,False,False,0.0,0.0,0.0,0.0,0.0,0.0,0.0,0.0,0.0,0.0,0.0,0.0,0.0,0.0,0.0,0.0
1,596,22.970683382009156,22.98190260899719,False,-9.450549125671387,-0.16494320333003998,-97.80220031738281,-1.706970453262329,91.20879364013672,1.5918937921524048,78.81318664550781,1.375549554824829,94.06593322753906,1.641760230064392,0.6868131868131868,0.006868131868131868,-0.16004839539527893,-1.7275962829589844,1.5672348737716675,1.3688608407974243,1.6514767408370972,0.0029531046748161316,-9.170097351074219,-0.1600483915046555,-98.98397064208984,-1.7275961944018734,89.79593658447266,1.5672347483110791,78.42994689941406,1.3688608055590934,94.62264251708984,1.6514766588607925,0.29531046748161316,0.0029531046748161316,False,False,0.0,0.0,0.0,0.0,0.0,0.0,0.0,0.0,0.0,0.0,0.0,0.0,0.0,0.0,0.0,0.0
1,597,23.004029211006127,23.014638908091,False,-9.450549125671387,-0.16494320333003998,-97.80220031738281,-1.706970453262329,91.20879364013672,1.5918937921524048,78.81318664550781,1.375549554824829,94.06593322753906,1.641760230064392,0.6868131868131868,0.006868131868131868,-0.15356871485710144,-1.7129336595535278,1.5455063581466675,1.368087887763977,1.654887080192566,0.0021417513489723206,-8.79883861541748,-0.15356870419065413,-98.14386749267578,-1.7129336283882242,88.55098724365234,1.5455062832932316,78.38565826416016,1.3680878230526978,94.81803894042969,1.6548869697946935,0.21417513489723206,0.0021417513489723206,False,False,0.0,0.0,0.0,0.0,0.0,0.0,0.0,0.0,0.0,0.0,0.0,0.0,0.0,0.0,0.0,0.0
1,598,23.037759670987725,23.048646072042175,False,-9.450549125671387,-0.16494320333003998,-97.80220031738281,-1.706970453262329,91.20879364013672,1.5918937921524048,78.81318664550781,1.375549554824829,94.06593322753906,1.641760230064392,0.6868131868131868,0.006868131868131868,-0.15674102306365967,-1.6565766334533691,1.4313634634017944,1.3700892925262451,1.6532611846923828,0.0023135095834732056,-8.980598449707031,-0.1567410117468861,-94.91484069824219,-1.6565764791902398,87.20879364013672,1.5220805857126767,78.50032806396484,1.3700891886118924,94.72488403320312,1.6532611099492003,0.23135095834732056,0.0023135095834732056,False,False,0.0,0.0,0.0,0.0,0.0,0.0,0.0,0.0,5.197715759277344,5.197715759277344,0.0,0.0,0.0,0.0,0.0,0.0
1,599,23.070951112080365,23.08281294303015,False,-9.450549125671387,-0.16494320333003998,-97.80220031738281,-1.706970453262329,91.20879364013672,1.5918937921524048,78.81318664550781,1.375549554824829,94.06593322753906,1.641760230064392,0.6868131868131868,0.006868131868131868,-0.16132047772407532,-1.7091610431671143,1.5279234647750854,1.3692055940628052,1.6490478515625,0.003004714846611023,-9.242981910705566,-0.16132046704408864,-97.9277114868164,-1.709160994388018,87.54356384277344,1.527923427986256,78.44969940185547,1.3692055517622042,94.48347473144531,1.6490477227885858,0.3004714846611023,0.003004714846611023,False,False,0.0,0.0,0.0,0.0,0.0,0.0,0.0,0.0,0.0,0.0,0.0,0.0,0.0,0.0,0.0,0.0
1,600,23.10494757606648,23.269647192093544,False,-9.450549125671387,-0.16494320333003998,-97.62637329101562,-1.7039016485214233,90.94505310058594,1.587290644645691,78.81318664550781,1.375549554824829,94.06593322753906,1.641760230064392,0.6868131868131868,0.006868131868131868,-0.16256633400917053,-1.733322024345398,1.6078011989593506,1.3691670894622803,1.6492060422897339,0.001195281744003296,-9.314364433288574,-0.16256632709154134,-99.3120346069336,-1.7333219907455437,92.1202163696289,1.6078010832996021,78.44749450683594,1.3691670690844524,94.49253845214844,1.6492059145573366,0.11952817440032959,0.001195281744003296,False,False,0.0,0.0,0.0,0.0,0.0,0.0,0.0,0.0,0.0,0.0,0.0,0.0,0.0,0.0,0.0,0.0
1,601,23.27109801606275,23.282249971991405,False,-9.362637519836426,-0.16340884566307068,-97.0988998413086,-1.6946954727172852,90.85713958740234,1.5857561826705933,78.81318664550781,1.375549554824829,94.06593322753906,1.641760230064392,0.6868131868131868,0.006868131868131868,-0.1588587462902069,-1.725898265838623,1.5973385572433472,1.3685663938522339,1.6478990316390991,-0.0002946704626083374,-9.101935386657715,-0.15885874080096027,-98.88668060302734,-1.725898162890839,91.520751953125,1.5973384554830623,78.41307067871094,1.3685662599425306,94.41765594482422,1.6478989682523801,0.0,0.0,True,False,0.02946704626083374,0.0,0.0,0.0,0.0,0.0,0.0,0.0,0.0,0.0,0.0,0.0,0.0,0.0,0.0,0.0
1,602,23.304676876054145,23.31552746600937,False,-9.362637519836426,-0.16340884566307068,-97.18681335449219,-1.6962298154830933,90.85713958740234,1.5857561826705933,78.81318664550781,1.375549554824829,94.06593322753906,1.641760230064392,0.6868131868131868,0.006868131868131868,-0.16250674426555634,-1.7339415550231934,1.5971486568450928,1.3627747297286987,1.6482315063476562,-0.0002810060977935791,-9.31095027923584,-0.16250673886215083,-99.34752655029297,-1.7339414420150963,91.50987243652344,1.5971485720973397,78.08123779296875,1.3627746835199352,94.43670654296875,1.6482314639144766,0.0,0.0,True,False,0.02810060977935791,0.0,0.0,0.0,0.0,0.0,0.0,0.0,0.0,0.0,0.0,0.0,0.0,0.0,0.0,0.0
1,603,23.3381022780668,23.349401622079313,False,-9.362637519836426,-0.16340884566307068,-97.36264038085938,-1.699298620223999,90.85713958740234,1.5857561826705933,78.81318664550781,1.375549554824829,94.06593322753906,1.641760230064392,0.6868131868131868,0.006868131868131868,-0.162822425365448,-1.7341852188110352,1.590032696723938,1.3659135103225708,1.644940972328186,0.00018409639596939087,-9.3290376663208,-0.1628224233198661,-99.36148834228516,-1.7341851212548385,91.10215759277344,1.5900326056646479,78.26107788085938,1.3659134851807027,94.2481689453125,1.6449408620715746,0.018409639596939087,0.00018409639596939087,False,False,0.0,0.0,0.0,0.0,0.0,0.0,0.0,0.0,0.0,0.0,0.0,0.0,0.0,0.0,0.0,0.0
1,604,23.371239494998008,23.381929523078725,False,-9.450549125671387,-0.16494320333003998,-97.62637329101562,-1.7039016485214233,91.29669952392578,1.5934280157089233,78.81318664550781,1.375549554824829,94.06593322753906,1.641760230064392,0.6868131868131868,0.006868131868131868,-0.15471258759498596,-1.734011173248291,1.596063256263733,1.363632321357727,1.6440035104751587,0.0005664974451065063,-8.864377975463867,-0.15471258181311362,-99.35151672363281,-1.7340110836776017,91.44768524169922,1.596063200795078,78.13037109375,1.3636322213909406,94.1944580078125,1.6440034293678667,0.056649744510650635,0.0005664974451065063,False,False,0.0,0.0,0.0,0.0,0.0,0.0,0.0,0.0,0.0,0.0,0.0,0.0,0.0,0.0,0.0,0.0
1,605,23.40536726708524,23.41594763007015,False,-9.450549125671387,-0.16494320333003998,-97.80220031738281,-1.706970453262329,91.38461303710938,1.5949623584747314,78.81318664550781,1.375549554824829,94.06593322753906,1.641760230064392,0.6868131868131868,0.006868131868131868,-0.15893518924713135,-1.7366245985031128,1.591928482055664,1.3664048910140991,1.6426234245300293,0.0007742941379547119,-9.106314659118652,-0.15893517352424555,-99.50125122070312,-1.7366244436552964,91.21077728271484,1.5919283768866208,78.28923034667969,1.3664048384018221,94.11538696289062,1.6426233792909877,0.07742941379547119,0.0007742941379547119,False,False,0.0,0.0,0.0,0.0,0.0,0.0,0.0,0.0,0.0,0.0,0.0,0.0,0.0,0.0,0.0,0.0
1,606,23.439039507997222,23.450856850016862,False,-9.450549125671387,-0.16494320333003998,-97.89010620117188,-1.7085046768188477,91.38461303710938,1.5949623584747314,78.81318664550781,1.375549554824829,94.06593322753906,1.641760230064392,0.6868131868131868,0.006868131868131868,-0.15761694312095642,-1.7340883016586304,1.5931490659713745,1.3661035299301147,1.6476906538009644,0.000262238085269928,-9.03078556060791,-0.15761694207416996,-99.3559341430664,-1.7340881821911596,91.28071594238281,1.5931490367722587,78.27196502685547,1.3661035017244798,94.40571594238281,1.6476905758970815,0.026223808526992798,0.000262238085269928,False,False,0.0,0.0,0.0,0.0,0.0,0.0,0.0,0.0,0.0,0.0,0.0,0.0,0.0,0.0,0.0,0.0
1,607,23.472294760053046,23.48362482106313,False,-9.362637519836426,-0.16340884566307068,-97.97801971435547,-1.7100390195846558,91.38461303710938,1.5949623584747314,78.81318664550781,1.375549554824829,94.06593322753906,1.641760230064392,0.6868131868131868,0.006868131868131868,-0.16343827545642853,-1.72919762134552,1.5915104150772095,1.366538166999817,1.641983985900879,0.0008086264133453369,-9.364322662353516,-0.1634382626771901,-99.07572174072266,-1.729197553165338,91.18682861328125,1.5915103937535329,78.29686737060547,1.3665381296143808,94.07875061035156,1.6419839543132597,0.08086264133453369,0.0008086264133453369,False,False,0.0,0.0,0.0,0.0,0.0,0.0,0.0,0.0,0.0,0.0,0.0,0.0,0.0,0.0,0.0,0.0
1,608,23.505654570064507,23.51654659002088,False,-9.362637519836426,-0.16340884566307068,-97.97801971435547,-1.7100390195846558,91.38461303710938,1.5949623584747314,78.81318664550781,1.375549554824829,94.06593322753906,1.641760230064392,0.6868131868131868,0.006868131868131868,-0.15756681561470032,-1.7457828521728516,1.6098227500915527,1.3651882410049438,1.6480759382247925,0.0005080625414848328,-9.027913093566895,-0.15756680806664922,-100.00004577636719,-1.7453300509426566,92.23604583740234,1.6098226888830813,78.21952056884766,1.3651881732578195,94.42778778076172,1.6480758021487614,0.050806254148483276,0.0005080625414848328,False,False,0.0,0.0,0.0,0.0,0.02593994140625,0.0,0.02593994140625,0.0,0.0,0.0,0.0,0.0,0.0,0.0,0.0,0.0
1,609,23.539153831079602,23.549981421092525,False,-9.362637519836426,-0.16340884566307068,-97.97801971435547,-1.7100390195846558,91.38461303710938,1.5949623584747314,78.81318664550781,1.375549554824829,94.06593322753906,1.641760230064392,0.6868131868131868,0.006868131868131868,-0.15886837244033813,-1.7363444566726685,1.5959309339523315,1.367051124572754,1.6505002975463867,0.001024588942527771,-9.102486610412598,-0.1588683614703982,-99.4852066040039,-1.7363444122666747,91.44010162353516,1.5959308416889009,78.32625579833984,1.36705105444033,94.56669616699219,1.650500210847115,0.1024588942527771,0.001024588942527771,False,False,0.0,0.0,0.0,0.0,0.0,0.0,0.0,0.0,0.0,0.0,0.0,0.0,0.0,0.0,0.0,0.0
1,610,23.572617711033672,23.586144325090572,False,-9.450549125671387,-0.16494320333003998,-97.97801971435547,-1.7100390195846558,91.38461303710938,1.5949623584747314,78.81318664550781,1.375549554824829,94.06593322753906,1.641760230064392,0.6868131868131868,0.006868131868131868,-0.15672487020492554,-1.7312705516815186,1.5883831977844238,1.3678191900253296,1.6449384689331055,0.0018330216407775879,-8.979673385620117,-0.1567248663327775,-99.19448852539062,-1.7312704245998012,91.00765228271484,1.5883831768435073,78.3702621459961,1.3678191100987087,94.2480239868164,1.6449383320685391,0.1833021640777588,0.0018330216407775879,False,False,0.0,0.0,0.0,0.0,0.0,0.0,0.0,0.0,0.0,0.0,0.0,0.0,0.0,0.0,0.0,0.0
1,611,23.606066006002948,23.617192862089723,False,-9.450549125671387,-0.16494320333003998,-97.97801971435547,-1.7100390195846558,91.38461303710938,1.5949623584747314,78.81318664550781,1.375549554824829,94.06593322753906,1.641760230064392,0.6868131868131868,0.006868131868131868,-0.15673579275608063,-1.7405362129211426,1.6073938608169556,1.3667593002319336,1.6435147523880005,0.00174056738615036,-8.98029899597168,-0.1567357852932468,-99.72537231445312,-1.7405360946644048,92.09687805175781,1.6073937528108746,78.30953216552734,1.3667591719848573,94.16645050048828,1.6435146061497827,0.174056738615036,0.00174056738615036,False,False,0.0,0.0,0.0,0.0,0.0,0.0,0.0,0.0,0.0,0.0,0.0,0.0,0.0,0.0,0.0,0.0
1,612,23.639596082037315,23.6506795079913,False,-9.450549125671387,-0.16494320333003998,-97.97801971435547,-1.7100390195846558,91.38461303710938,1.5949623584747314,78.81318664550781,1.375549554824829,94.06593322753906,1.641760230064392,0.6868131868131868,0.006868131868131868,-0.15872032940387726,-1.738972783088684,1.5968197584152222,1.368842363357544,1.6447654962539673,0.00150289386510849,-9.09400463104248,-0.1587203230033034,-99.63579559326172,-1.738972685946474,91.49102783203125,1.5968196717027148,78.42888641357422,1.3688422965895173,94.23811340332031,1.6447653597557383,0.150289386510849,0.00150289386510849,False,False,0.0,0.0,0.0,0.0,0.0,0.0,0.0,0.0,0.0,0.0,0.0,0.0,0.0,0.0,0.0,0.0
1,613,23.67283293697983,23.68459941702895,False,-9.450549125671387,-0.16494320333003998,-97.97801971435547,-1.7100390195846558,91.38461303710938,1.5949623584747314,78.81318664550781,1.375549554824829,94.06593322753906,1.641760230064392,0.6868131868131868,0.006868131868131868,-0.1569930613040924,-1.7255793809890747,1.5887805223464966,1.3660979270935059,1.6418412923812866,0.0015963688492774963,-8.995038986206055,-0.15699304665454847,-98.868408203125,-1.725579249350302,91.03041076660156,1.5887803873200927,78.27164459228516,1.3660979090861907,94.07057189941406,1.6418412088788314,0.15963688492774963,0.0015963688492774963,False,False,0.0,0.0,0.0,0.0,0.0,0.0,0.0,0.0,0.0,0.0,0.0,0.0,0.0,0.0,0.0,0.0
1,614,23.706318737007678,23.717769348062575,False,-9.450549125671387,-0.16494320333003998,-97.97801971435547,-1.7100390195846558,91.38461303710938,1.5949623584747314,78.81318664550781,1.375549554824829,94.06593322753906,1.641760230064392,0.6868131868131868,0.006868131868131868,-0.16399326920509338,-1.7344402074813843,1.5922746658325195,1.3676691055297852,1.6458121538162231,0.00116700679063797,-9.396121978759766,-0.16399326544836262,-99.3760986328125,-1.7344401189292136,91.2306137084961,1.592274587828331,78.36166381835938,1.3676690409712828,94.29808807373047,1.645812115222194,0.116700679063797,0.00116700679063797,False,False,0.0,0.0,0.0,0.0,0.0,0.0,0.0,0.0,0.0,0.0,0.0,0.0,0.0,0.0,0.0,0.0
1,615,23.739782114047557,23.75086764502339,False,-9.450549125671387,-0.16494320333003998,-97.97801971435547,-1.7100390195846558,91.38461303710938,1.5949623584747314,78.81318664550781,1.375549554824829,94.06593322753906,1.641760230064392,0.6868131868131868,0.006868131868131868,-0.16317927837371826,-1.732790231704712,1.5882351398468018,1.366682529449463,1.645094394683838,0.0012801513075828552,-9.349483489990234,-0.1631792702611799,-99.28156280517578,-1.732790157475855,90.9991683959961,1.588235105086899,78.30513763427734,1.366682472945463,94.2569580078125,1.6450942601503633,0.12801513075828552,0.0012801513075828552,False,False,0.0,0.0,0.0,0.0,0.0,0.0,0.0,0.0,0.0,0.0,0.0,0.0,0.0,0.0,0.0,0.0
1,616,23.7730946210213,23.783334988052957,False,-9.450549125671387,-0.16494320333003998,-97.97801971435547,-1.7100390195846558,91.38461303710938,1.5949623584747314,78.81318664550781,1.375549554824829,94.06593322753906,1.641760230064392,0.6868131868131868,0.006868131868131868,-0.1599254012107849,-1.7335450649261475,1.5880413055419922,1.3670353889465332,1.6446993350982666,0.0018207207322120667,-9.163049697875977,-0.15992538675180745,-99.32481384277344,-1.7335450304868378,90.9880599975586,1.5880412269595412,78.32535552978516,1.3670353417898986,94.23432159423828,1.64469918020265,0.18207207322120667,0.0018207207322120667,False,False,0.0,0.0,0.0,0.0,0.0,0.0,0.0,0.0,0.0,0.0,0.0,0.0,0.0,0.0,0.0,0.0
1,617,23.806808848050423,23.819886718061753,False,-9.450549125671387,-0.16494320333003998,-97.97801971435547,-1.7100390195846558,91.38461303710938,1.5949623584747314,78.81318664550781,1.375549554824829,94.06593322753906,1.641760230064392,0.6868131868131868,0.006868131868131868,-0.1563866138458252,-1.7306952476501465,1.5901143550872803,1.366468071937561,1.6403546333312988,0.0013331994414329529,-8.96029281616211,-0.15638661158482378,-99.16152954101562,-1.7306951818043441,91.1068344116211,1.5901142315520589,78.2928466796875,1.366467955319657,93.98538970947266,1.6403544992002947,0.1333199441432953,0.0013331994414329529,False,False,0.0,0.0,0.0,0.0,0.0,0.0,0.0,0.0,0.0,0.0,0.0,0.0,0.0,0.0,0.0,0.0
1,618,23.839855106081814,23.85334730008617,False,-9.450549125671387,-0.16494320333003998,-97.97801971435547,-1.7100390195846558,91.38461303710938,1.5949623584747314,78.81318664550781,1.375549554824829,94.06593322753906,1.641760230064392,0.6868131868131868,0.006868131868131868,-0.15806904435157776,-1.7352296113967896,1.5941253900527954,1.366823434829712,1.6373405456542969,0.0012195929884910583,-9.05668830871582,-0.1580690303139677,-99.42132568359375,-1.735229479876313,91.33665466308594,1.5941253516278817,78.3132095336914,1.3668233541671282,93.81269836425781,1.6373404666365976,0.12195929884910583,0.0012195929884910583,False,False,0.0,0.0,0.0,0.0,0.0,0.0,0.0,0.0,0.0,0.0,0.0,0.0,0.0,0.0,0.0,0.0
1,619,23.87338422506582,23.907498341985047,False,-9.450549125671387,-0.16494320333003998,-97.97801971435547,-1.7100390195846558,91.38461303710938,1.5949623584747314,78.81318664550781,1.375549554824829,94.06593322753906,1.641760230064392,0.6868131868131868,0.006868131868131868,-0.15988211333751678,-1.7366427183151245,1.5754393339157104,1.3665305376052856,1.6441271305084229,0.00202014297246933,-9.16057014465332,-0.15988211038409367,-99.5022964477539,-1.7366426863087636,90.26602172851562,1.5754392818393408,78.29642486572266,1.3665304064472195,94.2015380859375,1.6441270000424464,0.20201429724693298,0.00202014297246933,False,False,0.0,0.0,0.0,0.0,0.0,0.0,0.0,0.0,0.0,0.0,0.0,0.0,0.0,0.0,0.0,0.0
1,620,23.908877886016853,23.922569671063684,False,-9.450549125671387,-0.16494320333003998,-97.97801971435547,-1.7100390195846558,91.38461303710938,1.5949623584747314,78.81318664550781,1.375549554824829,94.06593322753906,1.641760230064392,0.6868131868131868,0.006868131868131868,-0.16033439338207245,-1.7226241827011108,1.5781177282333374,1.366266131401062,1.6379055976867676,0.0021513476967811584,-9.186483383178711,-0.16033438171621636,-98.69908905029297,-1.7226240726466955,90.41947937011719,1.5781176229476335,78.28128051757812,1.3662660877090291,93.8450698852539,1.6379054562618578,0.21513476967811584,0.0021513476967811584,False,False,0.0,0.0,0.0,0.0,0.0,0.0,0.0,0.0,0.0,0.0,0.0,0.0,0.0,0.0,0.0,0.0
1,621,23.942672368022613,23.956860201084055,False,-9.450549125671387,-0.16494320333003998,-97.97801971435547,-1.7100390195846558,91.38461303710938,1.5949623584747314,78.81318664550781,1.375549554824829,94.06593322753906,1.641760230064392,0.6868131868131868,0.006868131868131868,-0.1598162055015564,-1.7347755432128906,1.5675112009048462,1.3664337396621704,1.6437138319015503,0.001085028052330017,-9.156793594360352,-0.1598161971471142,-99.39530944824219,-1.7347754109104545,89.811767578125,1.5675110512741748,78.29087829589844,1.3664336005415951,94.1778564453125,1.6437136774412662,0.10850280523300171,0.001085028052330017,False,False,0.0,0.0,0.0,0.0,0.0,0.0,0.0,0.0,0.0,0.0,0.0,0.0,0.0,0.0,0.0,0.0
1,622,23.976040882989764,23.987953639007173,False,-9.450549125671387,-0.16494320333003998,-97.97801971435547,-1.7100390195846558,91.38461303710938,1.5949623584747314,78.81318664550781,1.375549554824829,94.06593322753906,1.641760230064392,0.6868131868131868,0.006868131868131868,-0.1602894365787506,-1.740607500076294,1.5761288404464722,1.366337537765503,1.6423368453979492,0.0016727596521377563,-9.183907508850098,-0.16028942422806447,-99.72946166992188,-1.740607467381619,90.30552673339844,1.5761287742455623,78.28536987304688,1.3663374604262433,94.09896087646484,1.6423366899996408,0.16727596521377563,0.0016727596521377563,False,False,0.0,0.0,0.0,0.0,0.0,0.0,0.0,0.0,0.0,0.0,0.0,0.0,0.0,0.0,0.0,0.0
1,623,24.009483486996032,24.021492287982255,False,-9.450549125671387,-0.16494320333003998,-97.97801971435547,-1.7100390195846558,91.38461303710938,1.5949623584747314,78.81318664550781,1.375549554824829,94.06593322753906,1.641760230064392,0.6868131868131868,0.006868131868131868,-0.16534879803657532,-1.7311962842941284,1.5481538772583008,1.3672951459884644,1.6388328075408936,0.0026815980672836304,-9.473787307739258,-0.16534878115369933,-99.19023895263672,-1.7311962555634426,88.70267486572266,1.5481537317328793,78.34024047851562,1.3672951331542358,93.89820098876953,1.6388327689534234,0.26815980672836304,0.0026815980672836304,False,False,0.0,0.0,0.0,0.0,0.0,0.0,0.0,0.0,0.0,0.0,0.0,0.0,0.0,0.0,0.0,0.0
1,624,24.043025232036598,24.05565093399491,False,-9.450549125671387,-0.16494320333003998,-97.97801971435547,-1.7100390195846558,91.38461303710938,1.5949623584747314,78.81318664550781,1.375549554824829,94.06593322753906,1.641760230064392,0.6868131868131868,0.006868131868131868,-0.16351091861724854,-1.7134746313095093,1.5387552976608276,1.3674321174621582,1.6453568935394287,0.0018443837761878967,-9.368485450744629,-0.16351091704067883,-98.17485809326172,-1.7134745164056193,88.16417694091797,1.5387551699298807,78.34808349609375,1.3674320196342657,94.27200317382812,1.645356847833845,0.18443837761878967,0.0018443837761878967,False,False,0.0,0.0,0.0,0.0,0.0,0.0,0.0,0.0,0.0,0.0,0.0,0.0,0.0,0.0,0.0,0.0
1,625,24.07642461906653,24.089331561001018,False,-9.450549125671387,-0.16494320333003998,-97.97801971435547,-1.7100390195846558,91.38461303710938,1.5949623584747314,78.81318664550781,1.375549554824829,94.06593322753906,1.641760230064392,0.6868131868131868,0.006868131868131868,-0.15641726553440094,-1.7321499586105347,1.5656315088272095,1.3645501136779785,1.6510334014892578,0.0018138661980628967,-8.962048530578613,-0.15641725458211653,-99.244873046875,-1.7321498003917455,89.70407104492188,1.5656313921767968,78.1829605102539,1.3645500798606365,94.59724426269531,1.651033375697349,0.18138661980628967,0.0018138661980628967,False,False,0.0,0.0,0.0,0.0,0.0,0.0,0.0,0.0,0.0,0.0,0.0,0.0,0.0,0.0,0.0,0.0
1,626,24.109942828072235,24.121761805028655,False,-9.450549125671387,-0.16494320333003998,-97.97801971435547,-1.7100390195846558,91.03296661376953,1.588824987411499,78.81318664550781,1.375549554824829,94.06593322753906,1.641760230064392,0.6868131868131868,0.006868131868131868,-0.15751945972442627,-1.7176830768585205,1.5543503761291504,1.3643192052841187,1.64508855342865,0.0029474645853042603,-9.025199890136719,-0.15751945373351625,-98.41598510742188,-1.717682976718217,89.05770874023438,1.5543502417992212,78.16973114013672,1.3643191837941266,94.25662231445312,1.645088401195965,0.294746458530426,0.0029474645853042603,False,False,0.0,0.0,0.0,0.0,0.0,0.0,0.0,0.0,0.0,0.0,0.0,0.0,0.0,0.0,0.0,0.0
1,627,24.14316309802234,24.15593136404641,False,-9.450549125671387,-0.16494320333003998,-97.97801971435547,-1.7100390195846558,91.03296661376953,1.588824987411499,78.81318664550781,1.375549554824829,94.06593322753906,1.641760230064392,0.6868131868131868,0.006868131868131868,-0.16291004419326782,-1.7047427892684937,1.509569764137268,1.3649040460586548,1.645114779472351,0.0031134560704231262,-9.334057807922363,-0.1629100413197297,-97.674560546875,-1.704742676981522,87.03296661376953,1.5190118251885782,78.20323944091797,1.3649040139695081,94.25812530517578,1.6451146333327022,0.3113456070423126,0.0031134560704231262,False,False,0.0,0.0,0.0,0.0,0.0,0.0,0.0,0.0,0.5409927368164062,0.5409927368164062,0.0,0.0,0.0,0.0,0.0,0.0
1,628,24.176684890058823,24.187144734081812,False,-9.450549125671387,-0.16494320333003998,-98.06593322753906,-1.7115733623504639,91.03296661376953,1.588824987411499,78.81318664550781,1.375549554824829,94.06593322753906,1.641760230064392,0.6868131868131868,0.006868131868131868,-0.16238683462142944,-1.7062294483184814,1.5045790672302246,1.3675724267959595,1.6405222415924072,0.00267154723405838,-9.30408000946045,-0.16238683003407,-97.7597427368164,-1.7062293866600586,87.03296661376953,1.5190118251885782,78.35612487792969,1.367572368223713,93.9949951171875,1.640522145190915,0.267154723405838,0.00267154723405838,False,False,0.0,0.0,0.0,0.0,0.0,0.0,0.0,0.0,0.8269424438476562,0.8269424438476562,0.0,0.0,0.0,0.0,0.0,0.0
1,629,24.210062314057723,24.222045804024674,False,-9.450549125671387,-0.16494320333003998,-97.97801971435547,-1.7100390195846558,90.85713958740234,1.5857561826705933,78.81318664550781,1.375549554824829,94.06593322753906,1.641760230064392,0.6868131868131868,0.006868131868131868,-0.16002099215984344,-1.7123881578445435,1.5407196283340454,1.363962173461914,1.6477235555648804,0.003514811396598816,-9.168526649475098,-0.1600209775901845,-98.11260986328125,-1.7123880798389215,88.27672576904297,1.5407195175499233,78.1492691040039,1.363962053891947,94.40760040283203,1.6477234659365438,0.3514811396598816,0.003514811396598816,False,False,0.0,0.0,0.0,0.0,0.0,0.0,0.0,0.0,0.0,0.0,0.0,0.0,0.0,0.0,0.0,0.0
1,630,24.244411042076536,24.414049438084476,False,-9.450549125671387,-0.16494320333003998,-97.89010620117188,-1.7085046768188477,90.68132019042969,1.5826876163482666,78.81318664550781,1.375549554824829,94.06593322753906,1.641760230064392,0.6868131868131868,0.006868131868131868,-0.15625286102294922,-1.7191883325576782,1.5880235433578491,1.3701471090316772,1.6475163698196411,0.0006848946213722229,-8.952629089355469,-0.15625285431907457,-98.50222778320312,-1.7191881953663297,90.98704528808594,1.5880235169382921,78.5036392211914,1.3701469792075471,94.3957290649414,1.6475162720037357,0.06848946213722229,0.0006848946213722229,False,False,0.0,0.0,0.0,0.0,0.0,0.0,0.0,0.0,0.0,0.0,0.0,0.0,0.0,0.0,0.0,0.0
1,631,24.415556416031905,24.428612623014487,False,-9.450549125671387,-0.16494320333003998,-97.89010620117188,-1.7085046768188477,90.5934066772461,1.5811532735824585,78.81318664550781,1.375549554824829,94.06593322753906,1.641760230064392,0.6868131868131868,0.006868131868131868,-0.16067031025886536,-1.7228881120681763,1.5783416032791138,1.3735343217849731,1.6499793529510498,0.0020033642649650574,-9.205730438232422,-0.16067030619821623,-98.7142105102539,-1.7228879919107223,90.43230438232422,1.5783414616372546,78.69771575927734,1.3735342537980189,94.53684997558594,1.6499792965378957,0.20033642649650574,0.0020033642649650574,False,False,0.0,0.0,0.0,0.0,0.0,0.0,0.0,0.0,0.0,0.0,0.0,0.0,0.0,0.0,0.0,0.0
1,632,24.44896968198009,24.459396112011746,False,-9.450549125671387,-0.16494320333003998,-97.89010620117188,-1.7085046768188477,90.5934066772461,1.5811532735824585,78.81318664550781,1.375549554824829,94.06593322753906,1.641760230064392,0.6868131868131868,0.006868131868131868,-0.1642940789461136,-1.7363568544387817,1.5766184329986572,1.3731189966201782,1.6449729204177856,0.0004151389002799988,-9.41335678100586,-0.16429406949348707,-99.48591613769531,-1.7363567959657435,90.33358001708984,1.5766183964119733,78.67391967773438,1.373118933826021,94.25,1.6449728200046556,0.04151389002799988,0.0004151389002799988,False,False,0.0,0.0,0.0,0.0,0.0,0.0,0.0,0.0,0.0,0.0,0.0,0.0,0.0,0.0,0.0,0.0
1,633,24.482308768085204,24.49289370106999,False,-9.450549125671387,-0.16494320333003998,-97.89010620117188,-1.7085046768188477,90.76923370361328,1.5842219591140747,78.81318664550781,1.375549554824829,94.06593322753906,1.641760230064392,0.6868131868131868,0.006868131868131868,-0.16369685530662537,-1.7184520959854126,1.5754629373550415,1.3710647821426392,1.6436548233032227,0.0009092390537261963,-9.379137992858887,-0.16369683897427997,-98.46004486083984,-1.7184519644829774,90.26737213134766,1.575462850814988,78.55622100830078,1.3710647045191884,94.17447662353516,1.643654688423121,0.09092390537261963,0.0009092390537261963,False,False,0.0,0.0,0.0,0.0,0.0,0.0,0.0,0.0,0.0,0.0,0.0,0.0,0.0,0.0,0.0,0.0
1,634,24.515984576079063,24.52608797303401,False,-9.450549125671387,-0.16494320333003998,-97.89010620117188,-1.7085046768188477,91.03296661376953,1.588824987411499,78.81318664550781,1.375549554824829,94.06593322753906,1.641760230064392,0.6868131868131868,0.006868131868131868,-0.16164752840995789,-1.7270727157592773,1.5791727304458618,1.371146321296692,1.6459236145019531,0.0004904940724372864,-9.261720657348633,-0.1616475198707072,-98.95397186279297,-1.7270726169315638,90.47992706298828,1.5791726342134682,78.5608901977539,1.3711461972485448,94.30447387695312,1.6459235685138138,0.04904940724372864,0.0004904940724372864,False,False,0.0,0.0,0.0,0.0,0.0,0.0,0.0,0.0,0.0,0.0,0.0,0.0,0.0,0.0,0.0,0.0
1,635,24.549414795008488,24.559646212030202,False,-9.450549125671387,-0.16494320333003998,-97.97801971435547,-1.7100390195846558,91.03296661376953,1.588824987411499,78.81318664550781,1.375549554824829,94.06593322753906,1.641760230064392,0.6868131868131868,0.006868131868131868,-0.15652687847614288,-1.7283849716186523,1.583151936531067,1.3712223768234253,1.6464685201644897,0.0018836036324501038,-8.968329429626465,-0.1565268769504869,-99.02915954589844,-1.7283848895587004,90.70791625976562,1.5831517963562103,78.56525421142578,1.371222363655721,94.335693359375,1.646468451272844,0.18836036324501038,0.0018836036324501038,False,False,0.0,0.0,0.0,0.0,0.0,0.0,0.0,0.0,0.0,0.0,0.0,0.0,0.0,0.0,0.0,0.0
1,636,24.582750078989193,24.596033758018166,False,-9.450549125671387,-0.16494320333003998,-97.97801971435547,-1.7100390195846558,91.12088012695312,1.5903593301773071,78.81318664550781,1.375549554824829,94.06593322753906,1.641760230064392,0.6868131868131868,0.006868131868131868,-0.16218164563179016,-1.7419335842132568,1.5853819847106934,1.3716135025024414,1.6466470956802368,0.0017293542623519897,-9.292323112487793,-0.1621816334720794,-99.80543518066406,-1.7419334552883694,90.835693359375,1.5853819274530425,78.58766174316406,1.3716134488617993,94.3459243774414,1.646647016223934,0.17293542623519897,0.0017293542623519897,False,False,0.0,0.0,0.0,0.0,0.0,0.0,0.0,0.0,0.0,0.0,0.0,0.0,0.0,0.0,0.0,0.0
1,637,24.61634046898689,24.626978037995286,False,-9.450549125671387,-0.16494320333003998,-97.97801971435547,-1.7100390195846558,91.12088012695312,1.5903593301773071,78.81318664550781,1.375549554824829,94.06593322753906,1.641760230064392,0.6868131868131868,0.006868131868131868,-0.15900729596614838,-1.7274876832962036,1.5796040296554565,1.3704783916473389,1.6488378047943115,0.0005527585744857788,-9.11044692993164,-0.15900729525551627,-98.97774505615234,-1.727487537429398,90.504638671875,1.5796039331520066,78.52262115478516,1.370478276447153,94.47144317626953,1.648837732536633,0.05527585744857788,0.0005527585744857788,False,False,0.0,0.0,0.0,0.0,0.0,0.0,0.0,0.0,0.0,0.0,0.0,0.0,0.0,0.0,0.0,0.0
1,638,24.64962294907309,24.66008287202567,False,-9.450549125671387,-0.16494320333003998,-98.06593322753906,-1.7115733623504639,91.12088012695312,1.5903593301773071,78.81318664550781,1.375549554824829,94.06593322753906,1.641760230064392,0.6868131868131868,0.006868131868131868,-0.15974131226539612,-1.7206076383590698,1.5741969347000122,1.3703724145889282,1.6460027694702148,0.0024636685848236084,-9.152502059936523,-0.15974129574145574,-98.58354949951172,-1.7206075270692875,90.19483184814453,1.5741967840327642,78.51654815673828,1.3703722826357678,94.30900573730469,1.6460026643981893,0.24636685848236084,0.0024636685848236084,False,False,0.0,0.0,0.0,0.0,0.0,0.0,0.0,0.0,0.0,0.0,0.0,0.0,0.0,0.0,0.0,0.0
1,639,24.683017896022648,24.69383955502417,False,-9.450549125671387,-0.16494320333003998,-98.06593322753906,-1.7115733623504639,91.12088012695312,1.5903593301773071,78.81318664550781,1.375549554824829,94.06593322753906,1.641760230064392,0.6868131868131868,0.006868131868131868,-0.15891548991203308,-1.7316038608551025,1.5818202495574951,1.37212336063385,1.646206021308899,0.001811981201171875,-9.105186462402344,-0.1589154827769358,-99.21358489990234,-1.7316037192102247,90.63162231445312,1.5818202158111705,78.61687469482422,1.3721233110524949,94.3206558227539,1.6462059967474167,0.1811981201171875,0.001811981201171875,False,False,0.0,0.0,0.0,0.0,0.0,0.0,0.0,0.0,0.0,0.0,0.0,0.0,0.0,0.0,0.0,0.0
1,640,24.716516352025792,24.727970671025105,False,-9.450549125671387,-0.16494320333003998,-98.06593322753906,-1.7115733623504639,91.12088012695312,1.5903593301773071,78.81318664550781,1.375549554824829,94.06593322753906,1.641760230064392,0.6868131868131868,0.006868131868131868,-0.16296499967575073,-1.7326853275299072,1.5911096334457397,1.3706072568893433,1.6526894569396973,0.00046759098768234253,-9.33720588684082,-0.1629649856619694,-99.27555084228516,-1.7326852289289059,91.16386413574219,1.5911095880094759,78.5300064086914,1.3706071734439127,94.69212341308594,1.6526893292631601,0.04675909876823425,0.00046759098768234253,False,False,0.0,0.0,0.0,0.0,0.0,0.0,0.0,0.0,0.0,0.0,0.0,0.0,0.0,0.0,0.0,0.0
1,641,24.749681490007788,24.760485297068954,False,-9.450549125671387,-0.16494320333003998,-98.15384674072266,-1.7131078243255615,91.12088012695312,1.5903593301773071,78.81318664550781,1.375549554824829,94.06593322753906,1.641760230064392,0.6868131868131868,0.006868131868131868,-0.16323763132095337,-1.7187199592590332,1.5757466554641724,1.3707975149154663,1.6506202220916748,0.0025784894824028015,-9.352827072143555,-0.16323762677856626,-98.47539520263672,-1.7187198784886393,90.28363037109375,1.5757466106291358,78.54090881347656,1.370797456303799,94.57357025146484,1.6506201862542231,0.25784894824028015,0.0025784894824028015,False,False,0.0,0.0,0.0,0.0,0.0,0.0,0.0,0.0,0.0,0.0,0.0,0.0,0.0,0.0,0.0,0.0
1,642,24.783227336010896,24.794502367032692,False,-9.450549125671387,-0.16494320333003998,-98.15384674072266,-1.7131078243255615,91.12088012695312,1.5903593301773071,78.81318664550781,1.375549554824829,94.06593322753906,1.641760230064392,0.6868131868131868,0.006868131868131868,-0.1645822525024414,-1.724177360534668,1.5865089893341064,1.3701982498168945,1.6481965780258179,0.0027060359716415405,-9.4298677444458,-0.16458224016819045,-98.78807830810547,-1.7241772281944296,90.90026092529297,1.5865088440683095,78.5065689086914,1.3701981119004767,94.43470001220703,1.648196443346142,0.27060359716415405,0.0027060359716415405,False,False,0.0,0.0,0.0,0.0,0.0,0.0,0.0,0.0,0.0,0.0,0.0,0.0,0.0,0.0,0.0,0.0
1,643,24.816980083007365,24.82800775708165,False,-9.450549125671387,-0.16494320333003998,-98.15384674072266,-1.7131078243255615,91.12088012695312,1.5903593301773071,78.81318664550781,1.375549554824829,94.06593322753906,1.641760230064392,0.6868131868131868,0.006868131868131868,-0.16543292999267578,-1.73252534866333,1.5837610960006714,1.3704488277435303,1.6454806327819824,0.002089492976665497,-9.478608131408691,-0.165432920399389,-99.26638793945312,-1.7325253061054466,90.7428207397461,1.5837609944555657,78.52092742919922,1.370448715359053,94.27909088134766,1.6454805516664792,0.20894929766654968,0.002089492976665497,False,False,0.0,0.0,0.0,0.0,0.0,0.0,0.0,0.0,0.0,0.0,0.0,0.0,0.0,0.0,0.0,0.0
1,644,24.85052113898564,24.861558307078667,False,-9.450549125671387,-0.16494320333003998,-98.15384674072266,-1.7131078243255615,91.12088012695312,1.5903593301773071,78.81318664550781,1.375549554824829,94.06593322753906,1.641760230064392,0.6868131868131868,0.006868131868131868,-0.16216298937797546,-1.7258727550506592,1.5814207792282104,1.3725569248199463,1.6447463035583496,0.00193699449300766,-9.291254043579102,-0.16216297469969204,-98.88521575927734,-1.7258725965443742,90.60873413085938,1.5814207416476587,78.64171600341797,1.3725568736779599,94.23701477050781,1.6447461849958898,0.193699449300766,0.00193699449300766,False,False,0.0,0.0,0.0,0.0,0.0,0.0,0.0,0.0,0.0,0.0,0.0,0.0,0.0,0.0,0.0,0.0
1,645,24.883691473980434,24.89423746103421,False,-9.450549125671387,-0.16494320333003998,-98.15384674072266,-1.7131078243255615,91.12088012695312,1.5903593301773071,78.81318664550781,1.375549554824829,94.06593322753906,1.641760230064392,0.6868131868131868,0.006868131868131868,-0.15920040011405945,-1.7255992889404297,1.5836349725723267,1.3711323738098145,1.6481741666793823,0.0027298033237457275,-9.12151050567627,-0.1592003910793038,-98.86955261230469,-1.7255992230584776,90.735595703125,1.5836348937779505,78.56009674072266,1.3711323488108764,94.43341827392578,1.6481740727929854,0.27298033237457275,0.0027298033237457275,False,False,0.0,0.0,0.0,0.0,0.0,0.0,0.0,0.0,0.0,0.0,0.0,0.0,0.0,0.0,0.0,0.0
1,646,24.91725886601489,24.928768777055666,False,-9.450549125671387,-0.16494320333003998,-98.15384674072266,-1.7131078243255615,91.12088012695312,1.5903593301773071,78.81318664550781,1.375549554824829,94.06593322753906,1.641760230064392,0.6868131868131868,0.006868131868131868,-0.15944123268127441,-1.730836033821106,1.5858609676361084,1.3691264390945435,1.6467669010162354,0.0031881183385849,-9.135309219360352,-0.15944122406563105,-99.16959381103516,-1.7308359298679548,90.8631362915039,1.5858608969750934,78.44515991210938,1.3691263227197743,94.35279083251953,1.6467668584729875,0.31881183385849,0.0031881183385849,False,False,0.0,0.0,0.0,0.0,0.0,0.0,0.0,0.0,0.0,0.0,0.0,0.0,0.0,0.0,0.0,0.0
1,647,24.950737163075246,24.961637787986547,False,-9.450549125671387,-0.16494320333003998,-98.15384674072266,-1.7131078243255615,91.12088012695312,1.5903593301773071,78.81318664550781,1.375549554824829,94.06593322753906,1.641760230064392,0.6868131868131868,0.006868131868131868,-0.15952400863170624,-1.740901231765747,1.59503173828125,1.3715834617614746,1.6440377235412598,0.002625487744808197,-9.14005184173584,-0.15952399844126208,-99.74628448486328,-1.7409010808918004,91.38858032226562,1.5950316253468357,78.5859375,1.3715833551414813,94.19641876220703,1.6440376509878742,0.2625487744808197,0.002625487744808197,False,False,0.0,0.0,0.0,0.0,0.0,0.0,0.0,0.0,0.0,0.0,0.0,0.0,0.0,0.0,0.0,0.0
1,648,24.984055649023503,24.995135953999124,False,-9.450549125671387,-0.16494320333003998,-98.15384674072266,-1.7131078243255615,91.12088012695312,1.5903593301773071,78.81318664550781,1.375549554824829,94.06593322753906,1.641760230064392,0.6868131868131868,0.006868131868131868,-0.15995225310325623,-1.736432433128357,1.588774561882019,1.3707408905029297,1.6484891176223755,0.0027176961302757263,-9.164588928222656,-0.15995225138930363,-99.49024200439453,-1.7364322965826473,91.03007507324219,1.5887745283656944,78.53766632080078,1.3707408641306347,94.45146179199219,1.6484889915918872,0.27176961302757263,0.0027176961302757263,False,False,0.0,0.0,0.0,0.0,0.0,0.0,0.0,0.0,0.0,0.0,0.0,0.0,0.0,0.0,0.0,0.0
1,649,25.01756920304615,25.027859352063388,False,-9.450549125671387,-0.16494320333003998,-98.15384674072266,-1.7131078243255615,91.12088012695312,1.5903593301773071,78.81318664550781,1.375549554824829,94.06593322753906,1.641760230064392,0.6868131868131868,0.006868131868131868,-0.16392862796783447,-1.7371021509170532,1.5823206901550293,1.3711352348327637,1.6491036415100098,0.0018356740474700928,-9.392417907714844,-0.16392861721290095,-99.52861785888672,-1.7371020815968023,90.66029357910156,1.5823206237799965,78.56025695800781,1.3711351451300209,94.4866714477539,1.649103516013423,0.18356740474700928,0.0018356740474700928,False,False,0.0,0.0,0.0,0.0,0.0,0.0,0.0,0.0,0.0,0.0,0.0,0.0,0.0,0.0,0.0,0.0
1,650,25.051358893048018,25.061735372059047,False,-9.450549125671387,-0.16494320333003998,-98.15384674072266,-1.7131078243255615,91.12088012695312,1.5903593301773071,78.81318664550781,1.375549554824829,94.06593322753906,1.641760230064392,0.6868131868131868,0.006868131868131868,-0.16462573409080505,-1.7238693237304688,1.5869925022125244,1.3687981367111206,1.646111249923706,0.0027852654457092285,-9.43235969543457,-0.1646257329177428,-98.77043151855469,-1.723869233614362,90.92797088623047,1.586992474122268,78.42635345458984,1.368798088115422,94.31522369384766,1.64611118821261,0.27852654457092285,0.0027852654457092285,False,False,0.0,0.0,0.0,0.0,0.0,0.0,0.0,0.0,0.0,0.0,0.0,0.0,0.0,0.0,0.0,0.0
1,651,25.08510142902378,25.09568785398733,False,-9.450549125671387,-0.16494320333003998,-98.15384674072266,-1.7131078243255615,91.12088012695312,1.5903593301773071,78.81318664550781,1.375549554824829,94.06593322753906,1.641760230064392,0.6868131868131868,0.006868131868131868,-0.16123276948928833,-1.717718482017517,1.5819329023361206,1.36932373046875,1.6426358222961426,0.0036924034357070923,-9.237957000732422,-0.161232765820441,-98.41801452636719,-1.717718396760715,90.63807678222656,1.5819328675252808,78.45646667480469,1.369323662956549,94.11609649658203,1.6426357629900565,0.36924034357070923,0.0036924034357070923,False,False,0.0,0.0,0.0,0.0,0.0,0.0,0.0,0.0,0.0,0.0,0.0,0.0,0.0,0.0,0.0,0.0
1,652,25.11853046901524,25.128952383063734,False,-9.450549125671387,-0.16494320333003998,-98.15384674072266,-1.7131078243255615,91.12088012695312,1.5903593301773071,78.81318664550781,1.375549554824829,94.06593322753906,1.641760230064392,0.6868131868131868,0.006868131868131868,-0.15997786819934845,-1.7331546545028687,1.5970256328582764,1.3693886995315552,1.6486095190048218,0.005583353340625763,-9.166056632995605,-0.15997786767003883,-99.30244445800781,-1.7331546110710323,91.50282287597656,1.597025534054978,78.46018981933594,1.369388644087147,94.45835876464844,1.6486093664731587,0.5583353340625763,0.005583353340625763,False,False,0.0,0.0,0.0,0.0,0.0,0.0,0.0,0.0,0.0,0.0,0.0,0.0,0.0,0.0,0.0,0.0
1,653,25.151849708985537,25.162091879057698,False,-9.450549125671387,-0.16494320333003998,-98.15384674072266,-1.7131078243255615,91.12088012695312,1.5903593301773071,78.81318664550781,1.375549554824829,94.06593322753906,1.641760230064392,0.6868131868131868,0.006868131868131868,-0.16103452444076538,-1.7230005264282227,1.5797721147537231,1.3695425987243652,1.6404813528060913,0.0034908652305603027,-9.226597785949707,-0.1610345101220414,-98.72064971923828,-1.7230003773087237,90.51426696777344,1.5797719786167908,78.46900939941406,1.3695425747981536,93.9926528930664,1.6404812656681824,0.3490865230560303,0.0034908652305603027,False,False,0.0,0.0,0.0,0.0,0.0,0.0,0.0,0.0,0.0,0.0,0.0,0.0,0.0,0.0,0.0,0.0
1,654,25.18540643400047,25.197453714092262,False,-9.450549125671387,-0.16494320333003998,-98.15384674072266,-1.7131078243255615,91.20879364013672,1.5918937921524048,78.81318664550781,1.375549554824829,94.06593322753906,1.641760230064392,0.6868131868131868,0.006868131868131868,-0.16210821270942688,-1.726271152496338,1.5736678838729858,1.3707714080810547,1.6459180116653442,0.00325041264295578,-9.288115501403809,-0.16210819680502048,-98.90804290771484,-1.72627100544345,90.16452026367188,1.57366774708222,78.53941345214844,1.3707713573251161,94.30415344238281,1.6459179758755247,0.325041264295578,0.00325041264295578,False,False,0.0,0.0,0.0,0.0,0.0,0.0,0.0,0.0,0.0,0.0,0.0,0.0,0.0,0.0,0.0,0.0
1,655,25.219225335982628,25.231660222052597,False,-9.450549125671387,-0.16494320333003998,-98.15384674072266,-1.7131078243255615,91.20879364013672,1.5918937921524048,78.81318664550781,1.375549554824829,94.06593322753906,1.641760230064392,0.6868131868131868,0.006868131868131868,-0.16480647027492523,-1.7098618745803833,1.5504969358444214,1.3680282831192017,1.6461337804794312,0.0031461864709854126,-9.44271469116211,-0.1648064616872183,-97.96786499023438,-1.7098618052288723,88.83692932128906,1.5504969140179856,78.38224029541016,1.36802816824428,94.31651306152344,1.6461336919238212,0.31461864709854126,0.0031461864709854126,False,False,0.0,0.0,0.0,0.0,0.0,0.0,0.0,0.0,0.0,0.0,0.0,0.0,0.0,0.0,0.0,0.0
1,656,25.252288626041263,25.264359169988893,False,-9.450549125671387,-0.16494320333003998,-98.15384674072266,-1.7131078243255615,91.20879364013672,1.5918937921524048,78.81318664550781,1.375549554824829,94.06593322753906,1.641760230064392,0.6868131868131868,0.006868131868131868,-0.16368360817432404,-1.7049731016159058,1.5394946336746216,1.370201826095581,1.6395999193191528,0.00334051251411438,-9.378379821777344,-0.16368360639261365,-97.68775939941406,-1.7049730404158139,88.20654296875,1.5394945966065412,78.50677490234375,1.3702017071679482,93.94215393066406,1.6395998925054207,0.334051251411438,0.00334051251411438,False,False,0.0,0.0,0.0,0.0,0.0,0.0,0.0,0.0,0.0,0.0,0.0,0.0,0.0,0.0,0.0,0.0
1,657,25.28556639701128,25.29764136299491,False,-9.450549125671387,-0.16494320333003998,-98.15384674072266,-1.7131078243255615,91.20879364013672,1.5918937921524048,78.81318664550781,1.375549554824829,94.06593322753906,1.641760230064392,0.6868131868131868,0.006868131868131868,-0.16805101931095123,-1.6771907806396484,1.5135771036148071,1.3695584535598755,1.6495050191879272,0.003490664064884186,-9.628613471984863,-0.16805100748801866,-96.095947265625,-1.6771906776079981,87.20879364013672,1.5220805857126767,78.46991729736328,1.3695584206066396,94.50967407226562,1.6495049875477525,0.3490664064884186,0.003490664064884186,False,False,0.0,0.0,0.0,0.0,0.0,0.0,0.0,0.0,0.48722076416015625,0.48722076416015625,0.0,0.0,0.0,0.0,0.0,0.0
1,658,25.319107040995732,25.331786239985377,False,-9.450549125671387,-0.16494320333003998,-98.06593322753906,-1.7115733623504639,91.03296661376953,1.588824987411499,78.81318664550781,1.375549554824829,94.06593322753906,1.641760230064392,0.6868131868131868,0.006868131868131868,-0.16574299335479736,-1.6862616539001465,1.5309019088745117,1.3712913990020752,1.6466517448425293,0.003315165638923645,-9.496373176574707,-0.16574297892930148,-96.61566925048828,-1.6862615374388625,87.7142105102539,1.530901774191346,78.56920623779297,1.3712913395279542,94.34619140625,1.6466516767558415,0.3315165638923645,0.003315165638923645,False,False,0.0,0.0,0.0,0.0,0.0,0.0,0.0,0.0,0.0,0.0,0.0,0.0,0.0,0.0,0.0,0.0
1,659,25.352373388013802,25.366155976080336,False,-9.450549125671387,-0.16494320333003998,-97.80220031738281,-1.706970453262329,90.94505310058594,1.587290644645691,78.81318664550781,1.375549554824829,94.06593322753906,1.641760230064392,0.6868131868131868,0.006868131868131868,-0.16286182403564453,-1.704296350479126,1.555106282234192,1.369394302368164,1.6460740566253662,0.002860322594642639,-9.331295013427734,-0.16286182145924244,-97.64897918701172,-1.7042961980247702,89.10102081298828,1.5551061800746402,78.46051025390625,1.3693942367254361,94.3130874633789,1.6460739039573489,0.2860322594642639,0.002860322594642639,False,False,0.0,0.0,0.0,0.0,0.0,0.0,0.0,0.0,0.0,0.0,0.0,0.0,0.0,0.0,0.0,0.0
1,660,25.385876492015086,25.551575480028987,False,-9.450549125671387,-0.16494320333003998,-97.36264038085938,-1.699298620223999,90.94505310058594,1.587290644645691,78.81318664550781,1.375549554824829,94.06593322753906,1.641760230064392,0.6868131868131868,0.006868131868131868,-0.16436022520065308,-1.7244160175323486,1.5950907468795776,1.3713555335998535,1.6490156650543213,0.0003345981240272522,-9.417146682739258,-0.16436021575706192,-98.8017578125,-1.7244159805861552,91.39196014404297,1.595090614364981,78.57288360595703,1.3713555217102251,94.48163604736328,1.6490156316974505,0.03345981240272522,0.0003345981240272522,False,False,0.0,0.0,0.0,0.0,0.0,0.0,0.0,0.0,0.0,0.0,0.0,0.0,0.0,0.0,0.0,0.0
1,661,25.55308118206449,25.59177963703405,False,-9.450549125671387,-0.16494320333003998,-97.27472686767578,-1.697764277458191,90.94505310058594,1.587290644645691,78.81318664550781,1.375549554824829,94.06593322753906,1.641760230064392,0.6868131868131868,0.006868131868131868,-0.16463711857795715,-1.7268409729003906,1.5944492816925049,1.3742280006408691,1.644770622253418,-4.1365623474121094e-05,-9.433011054992676,-0.16463710128664608,-98.9406967163086,-1.726840921916727,91.35520935058594,1.5944491920164354,78.73745727539062,1.37422787410393,94.23841094970703,1.6447705529198642,0.0,0.0,True,False,0.004136562347412109,0.0,0.0,0.0,0.0,0.0,0.0,0.0,0.0,0.0,0.0,0.0,0.0,0.0,0.0,0.0
1,662,25.593541800044477,25.609571308013983,False,-9.450549125671387,-0.16494320333003998,-97.27472686767578,-1.697764277458191,90.94505310058594,1.587290644645691,78.81318664550781,1.375549554824829,94.06593322753906,1.641760230064392,0.6868131868131868,0.006868131868131868,-0.16049714386463165,-1.7241971492767334,1.5901713371276855,1.3711926937103271,1.6521788835525513,0.0008037015795707703,-9.195808410644531,-0.16049713414833383,-98.78921508789062,-1.7241970687445507,91.11009979248047,1.5901712231993865,78.56355285644531,1.3711926694095666,94.66287231445312,1.652178801282192,0.08037015795707703,0.0008037015795707703,False,False,0.0,0.0,0.0,0.0,0.0,0.0,0.0,0.0,0.0,0.0,0.0,0.0,0.0,0.0,0.0,0.0
1,663,25.62672854505945,25.642554103047587,False,-9.450549125671387,-0.16494320333003998,-97.45054626464844,-1.7008328437805176,91.20879364013672,1.5918937921524048,78.81318664550781,1.375549554824829,94.06593322753906,1.641760230064392,0.6868131868131868,0.006868131868131868,-0.1613391637802124,-1.7250434160232544,1.5830111503601074,1.3722772598266602,1.6494033336639404,0.000592447817325592,-9.24405288696289,-0.16133915910598964,-98.83769989013672,-1.7250432881809235,90.6998519897461,1.5830110482925994,78.62569427490234,1.3722772417635014,94.50384521484375,1.6494032547941113,0.059244781732559204,0.000592447817325592,False,False,0.0,0.0,0.0,0.0,0.0,0.0,0.0,0.0,0.0,0.0,0.0,0.0,0.0,0.0,0.0,0.0
1,664,25.660472788033076,25.6769335080171,False,-9.450549125671387,-0.16494320333003998,-97.53845977783203,-1.7023673057556152,91.29669952392578,1.5934280157089233,78.81318664550781,1.375549554824829,94.06593322753906,1.641760230064392,0.6868131868131868,0.006868131868131868,-0.16432736814022064,-1.7309637069702148,1.5892677307128906,1.3707160949707031,1.6476550102233887,-0.00042109936475753784,-9.415264129638672,-0.16432735900711307,-99.17691040039062,-1.730963628442224,91.0583267211914,1.5892676126415226,78.53623962402344,1.3707159635744426,94.40367126464844,1.6476548895384744,0.0,0.0,True,False,0.042109936475753784,0.0,0.0,0.0,0.0,0.0,0.0,0.0,0.0,0.0,0.0,0.0,0.0,0.0,0.0,0.0
1,665,25.693723596050404,25.708515172009356,False,-9.450549125671387,-0.16494320333003998,-97.53845977783203,-1.7023673057556152,91.38461303710938,1.5949623584747314,78.81318664550781,1.375549554824829,94.06593322753906,1.641760230064392,0.6868131868131868,0.006868131868131868,-0.1641818881034851,-1.7311323881149292,1.5903513431549072,1.3712177276611328,1.646406650543213,0.000667668879032135,-9.406929016113281,-0.1641818838325675,-99.18657684326172,-1.7311323396972806,91.12041473388672,1.590351252889076,78.56498718261719,1.3712177031238135,94.33214569091797,1.6464065327774997,0.0667668879032135,0.000667668879032135,False,False,0.0,0.0,0.0,0.0,0.0,0.0,0.0,0.0,0.0,0.0,0.0,0.0,0.0,0.0,0.0,0.0
1,666,25.726917705032974,25.739665455999784,False,-9.450549125671387,-0.16494320333003998,-97.71428680419922,-1.7054359912872314,91.38461303710938,1.5949623584747314,78.81318664550781,1.375549554824829,94.06593322753906,1.641760230064392,0.6868131868131868,0.006868131868131868,-0.1631690412759781,-1.7172884941101074,1.5904791355133057,1.3704534769058228,1.6487369537353516,0.0005013272166252136,-9.348896980285645,-0.1631690337357399,-98.39337921142578,-1.7172884294027217,91.12773895263672,1.5904790846213996,78.52119445800781,1.3704533758909607,94.46566009521484,1.648736798731319,0.05013272166252136,0.0005013272166252136,False,False,0.0,0.0,0.0,0.0,0.0,0.0,0.0,0.0,0.0,0.0,0.0,0.0,0.0,0.0,0.0,0.0
1,667,25.760327570023946,25.772099081077613,False,-9.450549125671387,-0.16494320333003998,-97.80220031738281,-1.706970453262329,91.38461303710938,1.5949623584747314,78.81318664550781,1.375549554824829,94.06593322753906,1.641760230064392,0.6868131868131868,0.006868131868131868,-0.159791961312294,-1.7330479621887207,1.588078260421753,1.369099736213684,1.6443746089935303,0.0010005757212638855,-9.155404090881348,-0.15979194573643768,-99.29632568359375,-1.73304781831132,90.99017333984375,1.5880781117406388,78.44363403320312,1.3690996911088735,94.2157211303711,1.6443745408657693,0.10005757212638855,0.0010005757212638855,False,False,0.0,0.0,0.0,0.0,0.0,0.0,0.0,0.0,0.0,0.0,0.0,0.0,0.0,0.0,0.0,0.0
1,668,25.793583702063188,25.80634095100686,False,-9.450549125671387,-0.16494320333003998,-97.80220031738281,-1.706970453262329,91.38461303710938,1.5949623584747314,78.81318664550781,1.375549554824829,94.06593322753906,1.641760230064392,0.6868131868131868,0.006868131868131868,-0.15856453776359558,-1.7359962463378906,1.5841188430786133,1.3712477684020996,1.6471706628799438,0.0003349781036376953,-9.085078239440918,-0.15856452807953378,-99.46525573730469,-1.7359962039541468,90.76332092285156,1.584118790148018,78.56670379638672,1.3712476636860769,94.37592315673828,1.6471705936942436,0.03349781036376953,0.0003349781036376953,False,False,0.0,0.0,0.0,0.0,0.0,0.0,0.0,0.0,0.0,0.0,0.0,0.0,0.0,0.0,0.0,0.0
1,669,25.827269861008972,25.837950300076045,False,-9.450549125671387,-0.16494320333003998,-97.80220031738281,-1.706970453262329,91.38461303710938,1.5949623584747314,78.81318664550781,1.375549554824829,94.06593322753906,1.641760230064392,0.6868131868131868,0.006868131868131868,-0.16045868396759033,-1.7175880670547485,1.5567562580108643,1.3715794086456299,1.6519370079040527,0.0007844120264053345,-9.193604469299316,-0.16045866811533901,-98.4105453491211,-1.7175880350253556,89.195556640625,1.556756141527999,78.58570861816406,1.3715793603998463,94.64900970458984,1.6519368530971583,0.07844120264053345,0.0007844120264053345,False,False,0.0,0.0,0.0,0.0,0.0,0.0,0.0,0.0,0.0,0.0,0.0,0.0,0.0,0.0,0.0,0.0
1,670,25.860348579008132,25.8708341519814,False,-9.450549125671387,-0.16494320333003998,-97.97801971435547,-1.7100390195846558,91.38461303710938,1.5949623584747314,78.81318664550781,1.375549554824829,94.06593322753906,1.641760230064392,0.6868131868131868,0.006868131868131868,-0.16282090544700623,-1.7335947751998901,1.5815547704696655,1.3731939792633057,1.6483137607574463,0.0015639513731002808,-9.328949928283691,-0.1628208920022393,-99.3276596069336,-1.7335946984411679,90.61640930175781,1.5815546986504896,78.67821502685547,1.3731939018107067,94.44141387939453,1.6483136224341055,0.15639513731002808,0.0015639513731002808,False,False,0.0,0.0,0.0,0.0,0.0,0.0,0.0,0.0,0.0,0.0,0.0,0.0,0.0,0.0,0.0,0.0
1,671,25.893859031028114,25.905583876068704,False,-9.450549125671387,-0.16494320333003998,-97.97801971435547,-1.7100390195846558,91.29669952392578,1.5934280157089233,78.81318664550781,1.375549554824829,94.06593322753906,1.641760230064392,0.6868131868131868,0.006868131868131868,-0.15985867381095886,-1.7389061450958252,1.5909695625305176,1.3705012798309326,1.6533763408660889,0.0011407136917114258,-9.159226417541504,-0.15985865792174417,-99.6319808959961,-1.738906106919222,91.15583801269531,1.5909695057361377,78.52393341064453,1.3705011796325277,94.73148345947266,1.6533762916663461,0.11407136917114258,0.0011407136917114258,False,False,0.0,0.0,0.0,0.0,0.0,0.0,0.0,0.0,0.0,0.0,0.0,0.0,0.0,0.0,0.0,0.0
1,672,25.927229478023946,25.938941375003196,False,-9.450549125671387,-0.16494320333003998,-97.97801971435547,-1.7100390195846558,91.20879364013672,1.5918937921524048,78.81318664550781,1.375549554824829,94.06593322753906,1.641760230064392,0.6868131868131868,0.006868131868131868,-0.15909945964813232,-1.7213654518127441,1.574023723602295,1.3700400590896606,1.6538581848144531,0.002358675003051758,-9.115727424621582,-0.15909945727398983,-98.62696838378906,-1.7213653295574696,90.1849136352539,1.574023678561909,78.49750518798828,1.370039920131726,94.75908660888672,1.6538580575075414,0.23586750030517578,0.002358675003051758,False,False,0.0,0.0,0.0,0.0,0.0,0.0,0.0,0.0,0.0,0.0,0.0,0.0,0.0,0.0,0.0,0.0
1,673,25.960768485092558,25.972588001051918,False,-9.450549125671387,-0.16494320333003998,-98.15384674072266,-1.7131078243255615,91.29669952392578,1.5934280157089233,78.81318664550781,1.375549554824829,94.06593322753906,1.641760230064392,0.6868131868131868,0.006868131868131868,-0.15943211317062378,-1.7189685106277466,1.577452540397644,1.3692775964736938,1.656690001487732,0.0013812780380249023,-9.134786605834961,-0.15943210273889752,-98.48963165283203,-1.7189683514183438,90.3813705444336,1.5774524984653862,78.45381927490234,1.3692774571116362,94.92134094238281,1.6566899298526772,0.13812780380249023,0.0013812780380249023,False,False,0.0,0.0,0.0,0.0,0.0,0.0,0.0,0.0,0.0,0.0,0.0,0.0,0.0,0.0,0.0,0.0
1,674,25.994202296016738,26.005909607047215,False,-9.450549125671387,-0.16494320333003998,-98.15384674072266,-1.7131078243255615,91.29669952392578,1.5934280157089233,78.81318664550781,1.375549554824829,94.06593322753906,1.641760230064392,0.6868131868131868,0.006868131868131868,-0.16546690464019775,-1.7171459197998047,1.5842199325561523,1.3698029518127441,1.6550967693328857,0.001970447599887848,-9.480554580688477,-0.16546689234804435,-98.38520812988281,-1.717145817126348,90.76911163330078,1.5842198571113866,78.48392486572266,1.3698028987947088,94.8300552368164,1.6550966937305374,0.1970447599887848,0.001970447599887848,False,False,0.0,0.0,0.0,0.0,0.0,0.0,0.0,0.0,0.0,0.0,0.0,0.0,0.0,0.0,0.0,0.0
1,675,26.027415142045356,26.038860419066623,False,-9.450549125671387,-0.16494320333003998,-98.15384674072266,-1.7131078243255615,91.29669952392578,1.5934280157089233,78.81318664550781,1.375549554824829,94.06593322753906,1.641760230064392,0.6868131868131868,0.006868131868131868,-0.16581234335899353,-1.7152937650680542,1.5880868434906006,1.3697751760482788,1.6540416479110718,0.002168521285057068,-9.500347137451172,-0.16581233763094125,-98.27909088134766,-1.7152937217462525,90.99066925048828,1.5880867670141816,78.48233032226562,1.3697750687613175,94.76959991455078,1.6540415493066478,0.2168521285057068,0.002168521285057068,False,False,0.0,0.0,0.0,0.0,0.0,0.0,0.0,0.0,0.0,0.0,0.0,0.0,0.0,0.0,0.0,0.0
1,676,26.060980575042777,26.07150529406499,False,-9.450549125671387,-0.16494320333003998,-98.15384674072266,-1.7131078243255615,91.29669952392578,1.5934280157089233,78.81318664550781,1.375549554824829,94.06593322753906,1.641760230064392,0.6868131868131868,0.006868131868131868,-0.15924836695194244,-1.7285553216934204,1.5928987264633179,1.3682492971420288,1.6515650749206543,0.0019489303231239319,-9.124258995056152,-0.1592483612684389,-99.0389175415039,-1.7285551987104109,91.26637268066406,1.5928986996297911,78.39490509033203,1.3682492106147566,94.62770080566406,1.6515649426509287,0.1948930323123932,0.0019489303231239319,False,False,0.0,0.0,0.0,0.0,0.0,0.0,0.0,0.0,0.0,0.0,0.0,0.0,0.0,0.0,0.0,0.0
1,677,26.095129646011628,26.105654515093192,False,-9.450549125671387,-0.16494320333003998,-98.15384674072266,-1.7131078243255615,91.29669952392578,1.5934280157089233,78.81318664550781,1.375549554824829,94.06593322753906,1.641760230064392,0.6868131868131868,0.006868131868131868,-0.1606573611497879,-1.7292959690093994,1.5830129384994507,1.3700615167617798,1.652157187461853,0.0017467588186264038,-9.204988479614258,-0.16065735657741573,-99.08135223388672,-1.729295823809562,90.69995880126953,1.5830129125053625,78.49874114990234,1.3700614917365554,94.66162872314453,1.6521570965193078,0.17467588186264038,0.0017467588186264038,False,False,0.0,0.0,0.0,0.0,0.0,0.0,0.0,0.0,0.0,0.0,0.0,0.0,0.0,0.0,0.0,0.0
1,678,26.127710719010793,26.13905031105969,False,-9.450549125671387,-0.16494320333003998,-98.15384674072266,-1.7131078243255615,91.29669952392578,1.5934280157089233,78.81318664550781,1.375549554824829,94.06593322753906,1.641760230064392,0.6868131868131868,0.006868131868131868,-0.1625688225030899,-1.7220209836959839,1.577376127243042,1.369573950767517,1.6502270698547363,0.001957245171070099,-9.314506530761719,-0.16256880716030647,-98.6645278930664,-1.7220208666597925,90.37699127197266,1.5773760657421008,78.4708023071289,1.369573866940962,94.55104064941406,1.650226970519273,0.1957245171070099,0.001957245171070099,False,False,0.0,0.0,0.0,0.0,0.0,0.0,0.0,0.0,0.0,0.0,0.0,0.0,0.0,0.0,0.0,0.0
1,679,26.16109235305339,26.172088359016925,False,-9.450549125671387,-0.16494320333003998,-98.15384674072266,-1.7131078243255615,91.29669952392578,1.5934280157089233,78.81318664550781,1.375549554824829,94.06593322753906,1.641760230064392,0.6868131868131868,0.006868131868131868,-0.15848512947559357,-1.7152129411697388,1.5793564319610596,1.3677667379379272,1.6539909839630127,0.0018070712685585022,-9.080528259277344,-0.158485115944779,-98.27445983886719,-1.7152128948071685,90.4904556274414,1.5793563923286837,78.36725616455078,1.3677666458252342,94.7667007446289,1.6539909492459364,0.18070712685585022,0.0018070712685585022,False,False,0.0,0.0,0.0,0.0,0.0,0.0,0.0,0.0,0.0,0.0,0.0,0.0,0.0,0.0,0.0,0.0
1,680,26.19470984209329,26.20549885602668,False,-9.450549125671387,-0.16494320333003998,-98.15384674072266,-1.7131078243255615,91.29669952392578,1.5934280157089233,78.81318664550781,1.375549554824829,94.06593322753906,1.641760230064392,0.6868131868131868,0.006868131868131868,-0.16052569448947906,-1.7286524772644043,1.5731539726257324,1.3696389198303223,1.6465445756912231,0.0030104219913482666,-9.197443962097168,-0.16052567990626812,-99.04448699951172,-1.728652404090199,90.13507843017578,1.5731538901498892,78.47452545166016,1.36963884807156,94.34004974365234,1.646544484521966,0.30104219913482666,0.0030104219913482666,False,False,0.0,0.0,0.0,0.0,0.0,0.0,0.0,0.0,0.0,0.0,0.0,0.0,0.0,0.0,0.0,0.0
1,681,26.22824671503622,26.23890041303821,False,-9.450549125671387,-0.16494320333003998,-98.15384674072266,-1.7131078243255615,91.29669952392578,1.5934280157089233,78.81318664550781,1.375549554824829,94.06593322753906,1.641760230064392,0.6868131868131868,0.006868131868131868,-0.1640411615371704,-1.704363226890564,1.4522522687911987,1.3711252212524414,1.6520029306411743,0.0029647499322891235,-9.398865699768066,-0.16404115241371361,-97.65281677246094,-1.7043631765261857,87.29669952392578,1.5236148328166712,78.55968475341797,1.3711251582759332,94.65279388427734,1.6520028994921923,0.29647499322891235,0.0029647499322891235,False,False,0.0,0.0,0.0,0.0,0.0,0.0,0.0,0.0,4.088775634765625,4.088775634765625,0.0,0.0,0.0,0.0,0.0,0.0
1,682,26.261449497076683,26.272440658067353,False,-9.450549125671387,-0.16494320333003998,-98.15384674072266,-1.7131078243255615,91.29669952392578,1.5934280157089233,78.81318664550781,1.375549554824829,94.06593322753906,1.641760230064392,0.6868131868131868,0.006868131868131868,-0.16609127819538116,-1.648628830909729,1.346388578414917,1.3737956285476685,1.6549608707427979,0.003555089235305786,-9.516328811645508,-0.16609127046561342,-94.45946502685547,-1.6486286743910619,87.29669952392578,1.5236148328166712,78.71268463134766,1.3737955099009556,94.822265625,1.6549607393568888,0.3555089235305786,0.003555089235305786,False,False,0.0,0.0,0.0,0.0,0.0,0.0,0.0,0.0,10.154319763183594,10.154319763183594,0.0,0.0,0.0,0.0,0.0,0.0
1,683,26.294899165979587,26.306603015982546,False,-9.450549125671387,-0.16494320333003998,-98.15384674072266,-1.7131078243255615,91.29669952392578,1.5934280157089233,78.81318664550781,1.375549554824829,94.06593322753906,1.641760230064392,0.6868131868131868,0.006868131868131868,-0.1722555160522461,-1.6445326805114746,1.3634096384048462,1.3725333213806152,1.65065336227417,0.00425942987203598,-9.869513511657715,-0.17225550634849487,-94.22477722167969,-1.6445325994764655,87.29669952392578,1.5236148328166712,78.64036560058594,1.3725333047023125,94.5754623413086,1.65065320945174,0.425942987203598,0.00425942987203598,False,False,0.0,0.0,0.0,0.0,0.0,0.0,0.0,0.0,9.179084777832031,9.179084777832031,0.0,0.0,0.0,0.0,0.0,0.0
1,684,26.328379236045294,26.338703009067103,False,-9.450549125671387,-0.16494320333003998,-97.36264038085938,-1.699298620223999,90.76923370361328,1.5842219591140747,78.81318664550781,1.375549554824829,94.06593322753906,1.641760230064392,0.6868131868131868,0.006868131868131868,-0.17318856716156006,-1.6160550117492676,1.3441994190216064,1.3704748153686523,1.654377818107605,0.0030396506190299988,-9.9229736328125,-0.17318856148116096,-93.36264038085938,-1.6294854730014088,86.76923370361328,1.5144088175604853,78.52241516113281,1.3704746811796813,94.78886413574219,1.6543777733942704,0.3039650619029999,0.0030396506190299988,False,False,0.0,0.0,0.0,0.0,0.0,0.7695159912109375,0.7695159912109375,0.0,9.752281188964844,9.752281188964844,0.0,0.0,0.0,0.0,0.0,0.0
1,685,26.3617357830517,26.372246345039457,False,-9.362637519836426,-0.16340884566307068,-96.57142639160156,-1.685489296913147,90.5934066772461,1.5811532735824585,78.81318664550781,1.375549554824829,94.06593322753906,1.641760230064392,0.6868131868131868,0.006868131868131868,-0.17504927515983582,-1.5531870126724243,1.2696614265441895,1.3733583688735962,1.655555248260498,0.00393272191286087,-10.029583930969238,-0.17504926220052888,-92.57142639160156,-1.615676183801021,86.5934066772461,1.511340057036387,78.68763732910156,1.373358352008019,94.8563232421875,1.6555551569121945,0.39327219128608704,0.00393272191286087,False,False,0.0,0.0,0.0,0.0,0.0,3.5803680419921875,3.5803680419921875,0.0,13.84716796875,13.84716796875,0.0,0.0,0.0,0.0,0.0,0.0
1,686,26.39500431797933,26.406980039086193,False,-9.362637519836426,-0.16340884566307068,-95.78022003173828,-1.671680212020874,90.5934066772461,1.5811532735824585,78.81318664550781,1.375549554824829,94.06593322753906,1.641760230064392,0.6868131868131868,0.006868131868131868,-0.17664344608783722,-1.5881290435791016,1.3832591772079468,1.3726205825805664,1.6522947549819946,0.004369914531707764,-10.120923042297363,-0.1766434304290503,-91.78022003173828,-1.6018670277586875,86.5934066772461,1.511340057036387,78.6453628540039,1.3726205232280126,94.66950988769531,1.6522946487896104,0.43699145317077637,0.004369914531707764,False,False,0.0,0.0,0.0,0.0,0.0,0.7871322631835938,0.7871322631835938,0.0,7.3385009765625,7.3385009765625,0.0,0.0,0.0,0.0,0.0,0.0
1,687,26.428374384064227,26.439884844003245,False,-9.362637519836426,-0.16340884566307068,-94.63735961914062,-1.6517335176467896,90.5934066772461,1.5811532735824585,78.81318664550781,1.375549554824829,94.06593322753906,1.641760230064392,0.6868131868131868,0.006868131868131868,-0.17808493971824646,-1.5229198932647705,1.2839038372039795,1.3722121715545654,1.6457992792129517,0.004102237522602081,-10.20351505279541,-0.17808493294808295,-90.63735961914062,-1.5819203506681576,86.5934066772461,1.511340057036387,78.62196350097656,1.372212127474849,94.29734802246094,1.645799198890907,0.41022375226020813,0.004102237522602081,False,False,0.0,0.0,0.0,0.0,0.0,3.3804855346679688,3.3804855346679688,0.0,13.031143188476562,13.031143188476562,0.0,0.0,0.0,0.0,0.0,0.0
1,688,26.462334093055688,26.476596866035834,False,-9.626373291015625,-0.16801190376281738,-93.75823974609375,-1.636389970779419,90.5934066772461,1.5811532735824585,78.81318664550781,1.375549554824829,94.06593322753906,1.641760230064392,0.6868131868131868,0.006868131868131868,-0.1755114197731018,-1.6092201471328735,1.3689310550689697,1.3731920719146729,1.6488929986953735,0.0035800188779830933,-10.056062698364258,-0.1755114038734417,-92.2015151977539,-1.6092200155283962,86.5934066772461,1.511340057036387,78.67810821533203,1.3731920375979436,94.47460174560547,1.6488928599711978,0.3580018877983093,0.0035800188779830933,False,False,0.0,0.0,0.0,0.0,0.0,0.0,0.0,0.0,8.159439086914062,8.159439086914062,0.0,0.0,0.0,0.0,0.0,0.0
1,689,26.49561759608332,26.50873652799055,False,-9.89011001586914,-0.17261497676372528,-93.05494689941406,-1.624115228652954,90.5934066772461,1.5811532735824585,78.81318664550781,1.375549554824829,94.06593322753906,1.641760230064392,0.6868131868131868,0.006868131868131868,-0.17582465708255768,-1.6335515975952148,1.3794479370117188,1.3710709810256958,1.6518371105194092,0.002904564142227173,-10.074009895324707,-0.17582464155190544,-93.5956039428711,-1.6335514541956873,86.5934066772461,1.511340057036387,78.55657958984375,1.37107096294775,94.6432876586914,1.6518369845562804,0.2904564142227173,0.002904564142227173,False,False,0.0,0.0,0.0,0.0,0.0,0.0,0.0,0.0,7.5568695068359375,7.5568695068359375,0.0,0.0,0.0,0.0,0.0,0.0
1,690,26.52922790707089,26.696959485067055,False,-10.065934181213379,-0.17568369209766388,-92.61538696289062,-1.616443395614624,90.5934066772461,1.5811532735824585,78.81318664550781,1.375549554824829,94.06593322753906,1.641760230064392,0.6868131868131868,0.006868131868131868,-0.17314663529396057,-1.6980479955673218,1.5917234420776367,1.3673591613769531,1.6466659307479858,-0.0006251260638237,-9.920571327209473,-0.17314663333874902,-96.61538696289062,-1.6862566105908459,91.19902801513672,1.5917233134826847,78.34390258789062,1.3673590490203977,94.34700012207031,1.646665791509619,0.0,0.0,True,False,0.06251260638237,0.0,0.0,0.0,0.0,0.6755905151367188,0.6755905151367188,0.0,0.0,0.0,0.0,0.0,0.0,0.0,0.0,0.0
1,691,26.698376754997298,26.70947955409065,False,-10.15384578704834,-0.17721803486347198,-93.5824203491211,-1.6333212852478027,90.5934066772461,1.5811532735824585,78.81318664550781,1.375549554824829,94.06593322753906,1.641760230064392,0.6868131868131868,0.006868131868131868,-0.17182692885398865,-1.6992197036743164,1.5938657522201538,1.3688015937805176,1.6483111381530762,0.0012468993663787842,-9.84495735168457,-0.17182692050531706,-97.35810852050781,-1.6992195471968066,91.32177734375,1.593865693421599,78.42655181884766,1.368801550224839,94.44126892089844,1.64831109243107,0.12468993663787842,0.0012468993663787842,False,False,0.0,0.0,0.0,0.0,0.0,0.0,0.0,0.0,0.0,0.0,0.0,0.0,0.0,0.0,0.0,0.0
1,692,26.731827570009045,26.74272637697868,False,-10.15384578704834,-0.17721803486347198,-93.5824203491211,-1.6333212852478027,90.5934066772461,1.5811532735824585,78.81318664550781,1.375549554824829,94.06593322753906,1.641760230064392,0.6868131868131868,0.006868131868131868,-0.16890203952789307,-1.698358178138733,1.5966858863830566,1.3675308227539062,1.6479051113128662,-0.0002940073609352112,-9.677373886108398,-0.1689020372591103,-97.30875396728516,-1.6983581477422205,91.48336029052734,1.5966858478579384,78.3537368774414,1.3675306897526534,94.41799926757812,1.6479049603648328,0.0,0.0,True,False,0.029400736093521118,0.0,0.0,0.0,0.0,0.0,0.0,0.0,0.0,0.0,0.0,0.0,0.0,0.0,0.0,0.0
1,693,26.765293576056138,26.77594299102202,False,-10.15384578704834,-0.17721803486347198,-93.4945068359375,-1.6317869424819946,90.68132019042969,1.5826876163482666,78.81318664550781,1.375549554824829,94.06593322753906,1.641760230064392,0.6868131868131868,0.006868131868131868,-0.16663597524166107,-1.7058935165405273,1.592212438583374,1.3663445711135864,1.6442101001739502,0.00027468055486679077,-9.547537803649902,-0.16663597013231868,-97.4945068359375,-1.7016001468952284,91.22705078125,1.5922124030168778,78.28577423095703,1.366344517803132,94.20629119873047,1.6442099575104023,0.027468055486679077,0.00027468055486679077,False,False,0.0,0.0,0.0,0.0,0.0,0.2459869384765625,0.2459869384765625,0.0,0.0,0.0,0.0,0.0,0.0,0.0,0.0,0.0
1,694,26.798559082089923,26.812077887007035,False,-10.15384578704834,-0.17721803486347198,-95.07691955566406,-1.65940523147583,91.29669952392578,1.5934280157089233,78.81318664550781,1.375549554824829,94.06593322753906,1.641760230064392,0.6868131868131868,0.006868131868131868,-0.17166998982429504,-1.6975778341293335,1.5967411994934082,1.3649215698242188,1.6481571197509766,0.0002243444323539734,-9.835965156555176,-0.17166997709332735,-97.2640380859375,-1.6975777083847727,91.48652648925781,1.5967411084505576,78.20423889160156,1.364921457674648,94.43244171142578,1.6481570285620089,0.02243444323539734,0.0002243444323539734,False,False,0.0,0.0,0.0,0.0,0.0,0.0,0.0,0.0,0.0,0.0,0.0,0.0,0.0,0.0,0.0,0.0
1,695,26.832016049069352,26.844088561017998,False,-10.065934181213379,-0.17568369209766388,-95.78022003173828,-1.671680212020874,91.47252655029297,1.5964967012405396,78.81318664550781,1.375549554824829,94.06593322753906,1.641760230064392,0.6868131868131868,0.006868131868131868,-0.17094680666923523,-1.7116035223007202,1.5991674661636353,1.3677715063095093,1.6448509693145752,0.0006086304783821106,-9.794529914855957,-0.1709467956993163,-98.0676498413086,-1.7116033794237295,91.62554168701172,1.5991673813616742,78.3675308227539,1.3677714395151963,94.24301147460938,1.64485084722673,0.06086304783821106,0.0006086304783821106,False,False,0.0,0.0,0.0,0.0,0.0,0.0,0.0,0.0,0.0,0.0,0.0,0.0,0.0,0.0,0.0,0.0
1,696,26.865326937055215,26.87910456501413,False,-10.15384578704834,-0.17721803486347198,-96.13186645507812,-1.6778175830841064,91.47252655029297,1.5964967012405396,78.81318664550781,1.375549554824829,94.06593322753906,1.641760230064392,0.6868131868131868,0.006868131868131868,-0.17063650488853455,-1.7058478593826294,1.5996829271316528,1.3659850358963013,1.6420478820800781,0.0002426058053970337,-9.776750564575195,-0.17063648749805166,-97.73787689208984,-1.7058477556758502,91.65507507324219,1.599682836190659,78.26517486572266,1.3659849910559712,94.08240509033203,1.642047737021367,0.02426058053970337,0.0002426058053970337,False,False,0.0,0.0,0.0,0.0,0.0,0.0,0.0,0.0,0.0,0.0,0.0,0.0,0.0,0.0,0.0,0.0
1,697,26.89889197004959,26.91081197699532,False,-10.15384578704834,-0.17721803486347198,-96.30769348144531,-1.6808863878250122,91.47252655029297,1.5964967012405396,78.81318664550781,1.375549554824829,94.06593322753906,1.641760230064392,0.6868131868131868,0.006868131868131868,-0.1667187511920929,-1.7041205167770386,1.6028740406036377,1.366842269897461,1.645505666732788,0.0013292357325553894,-9.55228042602539,-0.1667187445079497,-97.63890838623047,-1.704120429392825,91.8379135131836,1.6028739689668465,78.31428527832031,1.3668421294528132,94.28052520751953,1.6455055853807259,0.13292357325553894,0.0013292357325553894,False,False,0.0,0.0,0.0,0.0,0.0,0.0,0.0,0.0,0.0,0.0,0.0,0.0,0.0,0.0,0.0,0.0
1,698,26.932259025983512,26.942775545059703,False,-10.15384578704834,-0.17721803486347198,-96.48351287841797,-1.6839549541473389,91.47252655029297,1.5964967012405396,78.81318664550781,1.375549554824829,94.06593322753906,1.641760230064392,0.6868131868131868,0.006868131868131868,-0.17109768092632294,-1.7044743299484253,1.5992379188537598,1.3657574653625488,1.6448384523391724,0.0011619925498962402,-9.803174018859863,-0.1710976637750693,-97.6591796875,-1.704474230343642,91.62957763671875,1.5992378219725067,78.25213623046875,1.365757423940824,94.24229431152344,1.6448383303696066,0.11619925498962402,0.0011619925498962402,False,False,0.0,0.0,0.0,0.0,0.0,0.0,0.0,0.0,0.0,0.0,0.0,0.0,0.0,0.0,0.0,0.0
1,699,26.965709077077918,26.97658489109017,False,-10.15384578704834,-0.17721803486347198,-96.48351287841797,-1.6839549541473389,91.47252655029297,1.5964967012405396,78.81318664550781,1.375549554824829,94.06593322753906,1.641760230064392,0.6868131868131868,0.006868131868131868,-0.17108003795146942,-1.714544415473938,1.5991847515106201,1.366636872291565,1.6455745697021484,0.000954456627368927,-9.802163124084473,-0.17108002033284753,-98.23615264892578,-1.714544308215504,91.62653350830078,1.5991846919087598,78.30252075195312,1.3666367997327682,94.28446960449219,1.6455744280949045,0.0954456627368927,0.000954456627368927,False,False,0.0,0.0,0.0,0.0,0.0,0.0,0.0,0.0,0.0,0.0,0.0,0.0,0.0,0.0,0.0,0.0
1,700,26.999149518087506,27.01096032804344,False,-10.15384578704834,-0.17721803486347198,-96.57142639160156,-1.685489296913147,91.47252655029297,1.5964967012405396,78.81318664550781,1.375549554824829,94.06593322753906,1.641760230064392,0.6868131868131868,0.006868131868131868,-0.16865485906600952,-1.7000318765640259,1.5937697887420654,1.3672316074371338,1.6435236930847168,0.0010477825999259949,-9.66321086883545,-0.1686548459756805,-97.40464782714844,-1.7000318113292807,91.31627655029297,1.5937696864643016,78.33659362792969,1.3672314836041828,94.1669692993164,1.643523660897489,0.10477825999259949,0.0010477825999259949,False,False,0.0,0.0,0.0,0.0,0.0,0.0,0.0,0.0,0.0,0.0,0.0,0.0,0.0,0.0,0.0,0.0
1,701,27.032772228005342,27.043056945083663,False,-10.15384578704834,-0.17721803486347198,-96.74725341796875,-1.6885581016540527,91.47252655029297,1.5964967012405396,78.81318664550781,1.375549554824829,94.06593322753906,1.641760230064392,0.6868131868131868,0.006868131868131868,-0.16790801286697388,-1.706476092338562,1.5995246171951294,1.3671194314956665,1.63991379737854,0.00089312344789505,-9.6204195022583,-0.1679079957374814,-97.77387237548828,-1.7064759953770001,91.64600372314453,1.5995245112638539,78.33016967773438,1.3671193645222905,93.96013641357422,1.6399137460398865,0.089312344789505,0.00089312344789505,False,False,0.0,0.0,0.0,0.0,0.0,0.0,0.0,0.0,0.0,0.0,0.0,0.0,0.0,0.0,0.0,0.0
1,702,27.066528242081404,27.07680128107313,False,-10.241758346557617,-0.17875240743160248,-96.83516693115234,-1.6900924444198608,91.47252655029297,1.5964967012405396,78.81318664550781,1.375549554824829,94.06593322753906,1.641760230064392,0.6868131868131868,0.006868131868131868,-0.17178797721862793,-1.7100614309310913,1.5972224473953247,1.3674914836883545,1.641309380531311,0.0010888725519180298,-9.84272575378418,-0.17178797177437466,-97.97929382324219,-1.7100612759945193,91.51409912109375,1.5972223416595348,78.35148620605469,1.3674914081265745,94.04009246826172,1.641309242451088,0.10888725519180298,0.0010888725519180298,False,False,0.0,0.0,0.0,0.0,0.0,0.0,0.0,0.0,0.0,0.0,0.0,0.0,0.0,0.0,0.0,0.0
1,703,27.099778211093508,27.109984915005043,False,-10.241758346557617,-0.17875240743160248,-96.83516693115234,-1.6900924444198608,91.47252655029297,1.5964967012405396,78.81318664550781,1.375549554824829,94.06593322753906,1.641760230064392,0.6868131868131868,0.006868131868131868,-0.16971907019615173,-1.694920539855957,1.5896073579788208,1.3652948141098022,1.6459887027740479,0.0011614635586738586,-9.724185943603516,-0.16971906179203297,-97.11178588867188,-1.6949204062490917,91.07778930664062,1.5896072988385623,78.22562408447266,1.3652946997014228,94.30819702148438,1.6459885496444118,0.11614635586738586,0.0011614635586738586,False,False,0.0,0.0,0.0,0.0,0.0,0.0,0.0,0.0,0.0,0.0,0.0,0.0,0.0,0.0,0.0,0.0
1,704,27.13338445406407,27.14348108205013,False,-10.241758346557617,-0.17875240743160248,-96.83516693115234,-1.6900924444198608,91.47252655029297,1.5964967012405396,78.81318664550781,1.375549554824829,94.06593322753906,1.641760230064392,0.6868131868131868,0.006868131868131868,-0.16998666524887085,-1.696927547454834,1.5907974243164062,1.3672599792480469,1.6402734518051147,0.0009078234434127808,-9.739518165588379,-0.1699866595473155,-97.2267837524414,-1.69692749760463,91.1459732055664,1.5907973323716642,78.33821868896484,1.3672598462697922,93.98074340820312,1.6402734059451018,0.09078234434127808,0.0009078234434127808,False,False,0.0,0.0,0.0,0.0,0.0,0.0,0.0,0.0,0.0,0.0,0.0,0.0,0.0,0.0,0.0,0.0
1,705,27.166769201983698,27.177038319059648,False,-10.241758346557617,-0.17875240743160248,-96.83516693115234,-1.6900924444198608,91.47252655029297,1.5964967012405396,78.81318664550781,1.375549554824829,94.06593322753906,1.641760230064392,0.6868131868131868,0.006868131868131868,-0.17303264141082764,-1.7072900533676147,1.5904414653778076,1.366721510887146,1.6425870656967163,0.001520603895187378,-9.914039611816406,-0.1730326333993368,-97.82051086425781,-1.7072899905641827,91.12557983398438,1.5904414008919752,78.307373046875,1.3667214882554326,94.1133041381836,1.6425870271421081,0.1520603895187378,0.001520603895187378,False,False,0.0,0.0,0.0,0.0,0.0,0.0,0.0,0.0,0.0,0.0,0.0,0.0,0.0,0.0,0.0,0.0
1,706,27.200118944980204,27.21093469799962,False,-10.241758346557617,-0.17875240743160248,-96.83516693115234,-1.6900924444198608,91.47252655029297,1.5964967012405396,78.81318664550781,1.375549554824829,94.06593322753906,1.641760230064392,0.6868131868131868,0.006868131868131868,-0.1732272058725357,-1.693036437034607,1.5781378746032715,1.3666517734527588,1.639634132385254,0.0025433525443077087,-9.925187110900879,-0.17322719396172392,-97.00383758544922,-1.6930363529359151,90.4206314086914,1.5781377298138635,78.30337524414062,1.3666517134348726,93.94410705566406,1.6396339809673737,0.2543352544307709,0.0025433525443077087,False,False,0.0,0.0,0.0,0.0,0.0,0.0,0.0,0.0,0.0,0.0,0.0,0.0,0.0,0.0,0.0,0.0
1,707,27.233510466990992,27.24393036100082,False,-10.241758346557617,-0.17875240743160248,-96.83516693115234,-1.6900924444198608,91.47252655029297,1.5964967012405396,78.81318664550781,1.375549554824829,94.06593322753906,1.641760230064392,0.6868131868131868,0.006868131868131868,-0.16646528244018555,-1.7065542936325073,1.5882916450500488,1.365976333618164,1.6475598812103271,0.0031323283910751343,-9.537757873535156,-0.1664652781512014,-97.77835083007812,-1.7065541591549938,91.00240325927734,1.5882915641020086,78.2646713256836,1.365976202624374,94.39822387695312,1.6475598146875585,0.3132328391075134,0.0031323283910751343,False,False,0.0,0.0,0.0,0.0,0.0,0.0,0.0,0.0,0.0,0.0,0.0,0.0,0.0,0.0,0.0,0.0
1,708,27.266934457002208,27.277423878083937,False,-10.241758346557617,-0.17875240743160248,-96.83516693115234,-1.6900924444198608,91.47252655029297,1.5964967012405396,78.81318664550781,1.375549554824829,94.06593322753906,1.641760230064392,0.6868131868131868,0.006868131868131868,-0.16538935899734497,-1.709557056427002,1.5820226669311523,1.366599202156067,1.6582804918289185,0.0017857998609542847,-9.47611141204834,-0.16538934442605258,-97.95040130615234,-1.7095570064421126,90.64321899414062,1.5820226160540165,78.30036163330078,1.3665991160033435,95.01246643066406,1.6582803696556725,0.17857998609542847,0.0017857998609542847,False,False,0.0,0.0,0.0,0.0,0.0,0.0,0.0,0.0,0.0,0.0,0.0,0.0,0.0,0.0,0.0,0.0
1,709,27.300444678985514,27.310900439042598,False,-10.065934181213379,-0.17568369209766388,-96.83516693115234,-1.6900924444198608,91.47252655029297,1.5964967012405396,78.81318664550781,1.375549554824829,94.06593322753906,1.641760230064392,0.6868131868131868,0.006868131868131868,-0.16183526813983917,-1.695573091506958,1.56990385055542,1.364920735359192,1.6430131196975708,0.003092445433139801,-9.272477149963379,-0.16183525608280097,-97.14917755126953,-1.6955730138742156,89.94886016845703,1.5699037683555566,78.20419311523438,1.3649206587263212,94.13771057128906,1.6430129997584664,0.3092445433139801,0.003092445433139801,False,False,0.0,0.0,0.0,0.0,0.0,0.0,0.0,0.0,0.0,0.0,0.0,0.0,0.0,0.0,0.0,0.0
1,710,27.333980935043655,27.344496574020013,False,-9.802197456359863,-0.17108061909675598,-96.83516693115234,-1.6900924444198608,91.47252655029297,1.5964967012405396,78.81318664550781,1.375549554824829,94.06593322753906,1.641760230064392,0.6868131868131868,0.006868131868131868,-0.16969986259937286,-1.692517876625061,1.5399328470230103,1.3657010793685913,1.6474864482879639,0.0021213144063949585,-9.723085403442383,-0.16969985374267077,-96.97412872314453,-1.6925178354716768,88.23165130615234,1.5399328197639137,78.2489013671875,1.3657009649257144,94.39401245117188,1.6474863114414724,0.21213144063949585,0.0021213144063949585,False,False,0.0,0.0,0.0,0.0,0.0,0.0,0.0,0.0,0.0,0.0,0.0,0.0,0.0,0.0,0.0,0.0
1,711,27.36738495598547,27.399480069987476,False,-9.802197456359863,-0.17108061909675598,-96.83516693115234,-1.6900924444198608,91.47252655029297,1.5964967012405396,78.81318664550781,1.375549554824829,94.06593322753906,1.641760230064392,0.6868131868131868,0.006868131868131868,-0.17398791015148163,-1.6665600538253784,1.4588332176208496,1.3686518669128418,1.6514122486114502,0.003310970962047577,-9.968771934509277,-0.17398789263759143,-95.48685455322266,-1.6665600043266744,87.47252655029297,1.5266835933407696,78.41796875,1.368651747413522,94.61894989013672,1.6514122103624127,0.3310970962047577,0.003310970962047577,False,False,0.0,0.0,0.0,0.0,0.0,0.0,0.0,0.0,3.887542724609375,3.887542724609375,0.0,0.0,0.0,0.0,0.0,0.0
1,712,27.400864322087727,27.433906615013257,False,-9.802197456359863,-0.17108061909675598,-96.83516693115234,-1.6900924444198608,91.38461303710938,1.5949623584747314,78.81318664550781,1.375549554824829,94.06593322753906,1.641760230064392,0.6868131868131868,0.006868131868131868,-0.16811096668243408,-1.5739904642105103,1.3159394264221191,1.3688887357711792,1.6492284536361694,0.0028506144881248474,-9.632048606872559,-0.16811096190205907,-92.83516693115234,-1.6202793245871683,87.38461303710938,1.5251492130787205,78.4315414428711,1.3688886355924847,94.49382781982422,1.6492284182685477,0.28506144881248474,0.0028506144881248474,False,False,0.0,0.0,0.0,0.0,0.0,2.65216064453125,2.65216064453125,0.0,11.986839294433594,11.986839294433594,0.0,0.0,0.0,0.0,0.0,0.0
1,713,27.435551177011803,27.445872114039958,False,-9.89011001586914,-0.17261497676372528,-96.83516693115234,-1.6900924444198608,91.12088012695312,1.5903593301773071,78.81318664550781,1.375549554824829,94.06593322753906,1.641760230064392,0.6868131868131868,0.006868131868131868,-0.16996069252490997,-1.5104873180389404,1.2458363771438599,1.3693346977233887,1.6493538618087769,0.004178725183010101,-9.738029479980469,-0.1699606770819304,-92.83516693115234,-1.6202793245871683,87.12088012695312,1.5205462054506276,78.45709228515625,1.3693345819170184,94.50100708007812,1.6493537199978359,0.41787251830101013,0.004178725183010101,False,False,0.0,0.0,0.0,0.0,0.0,6.290626525878906,6.290626525878906,0.0,15.739715576171875,15.739715576171875,0.0,0.0,0.0,0.0,0.0,0.0
1,714,27.468683119979687,27.481500530033372,False,-9.802197456359863,-0.17108061909675598,-96.57142639160156,-1.685489296913147,90.94505310058594,1.587290644645691,78.81318664550781,1.375549554824829,94.06593322753906,1.641760230064392,0.6868131868131868,0.006868131868131868,-0.1697889119386673,-1.4391413927078247,1.1668134927749634,1.3673597574234009,1.6502549648284912,0.0023307278752326965,-9.728187561035156,-0.1697889031916203,-92.57142639160156,-1.615676183801021,86.94505310058594,1.5174774449265291,78.34394073486328,1.3673597148106702,94.55264282226562,1.6502549337107189,0.23307278752326965,0.0023307278752326965,False,False,0.0,0.0,0.0,0.0,0.0,10.114700317382812,10.114700317382812,0.0,20.091567993164062,20.091567993164062,0.0,0.0,0.0,0.0,0.0,0.0
1,715,27.502316680038348,27.512645035982132,False,-9.802197456359863,-0.17108061909675598,-95.95604705810547,-1.6747488975524902,90.94505310058594,1.587290644645691,78.81318664550781,1.375549554824829,94.06593322753906,1.641760230064392,0.6868131868131868,0.006868131868131868,-0.17392662167549133,-1.3875336647033691,1.118299961090088,1.3677783012390137,1.6440757513046265,0.0036866292357444763,-9.96526050567627,-0.17392660664300597,-91.95604705810547,-1.604935788282786,86.94505310058594,1.5174774449265291,78.367919921875,1.367778230575976,94.19859313964844,1.6440756010334079,0.36866292357444763,0.0036866292357444763,False,False,0.0,0.0,0.0,0.0,0.0,12.456230163574219,12.456230163574219,0.0,22.871185302734375,22.871185302734375,0.0,0.0,0.0,0.0,0.0,0.0
1,716,27.535524456994608,27.546152191003785,False,-9.802197456359863,-0.17108061909675598,-94.46154022216797,-1.6486648321151733,90.85713958740234,1.5857561826705933,78.81318664550781,1.375549554824829,94.06593322753906,1.641760230064392,0.6868131868131868,0.006868131868131868,-0.17385180294513702,-1.4452093839645386,1.2130361795425415,1.3708518743515015,1.6433671712875366,0.003512449562549591,-9.960973739624023,-0.17385178846113156,-90.46154022216797,-1.5788517233021138,86.85713958740234,1.51594306466448,78.54402160644531,1.3708517847900366,94.15799713134766,1.6433670670253924,0.3512449562549591,0.003512449562549591,False,False,0.0,0.0,0.0,0.0,0.0,7.6571502685546875,7.6571502685546875,0.0,17.35529327392578,17.35529327392578,0.0,0.0,0.0,0.0,0.0,0.0
1,717,27.5688858210342,27.60164396406617,False,-9.802197456359863,-0.17108061909675598,-93.23076629638672,-1.6271837949752808,90.76923370361328,1.5842219591140747,78.81318664550781,1.375549554824829,94.06593322753906,1.641760230064392,0.6868131868131868,0.006868131868131868,-0.16509193181991577,-1.5652978420257568,1.3591876029968262,1.3685450553894043,1.6429897546768188,0.003229096531867981,-9.459070205688477,-0.16509191926656117,-89.68495178222656,-1.56529769809221,86.76923370361328,1.5144088175604853,78.41184997558594,1.36854495465381,94.1363754272461,1.6429896970989282,0.3229096531867981,0.003229096531867981,False,False,0.0,0.0,0.0,0.0,0.0,0.0,0.0,0.0,8.893524169921875,8.893524169921875,0.0,0.0,0.0,0.0,0.0,0.0
1,718,27.60303910204675,27.614678742014803,False,-9.802197456359863,-0.17108061909675598,-92.87911987304688,-1.6210464239120483,90.68132019042969,1.5826876163482666,78.81318664550781,1.375549554824829,94.06593322753906,1.641760230064392,0.6868131868131868,0.006868131868131868,-0.1699148267507553,-1.6738455295562744,1.4987547397613525,1.3695244789123535,1.6486682891845703,0.003320641815662384,-9.73540210723877,-0.1699148207769106,-95.90428161621094,-1.6738454809627497,86.68132019042969,1.5128744372984362,78.46797180175781,1.369524465302741,94.46173095703125,1.6486682223332496,0.3320641815662384,0.003320641815662384,False,False,0.0,0.0,0.0,0.0,0.0,0.0,0.0,0.0,0.8090057373046875,0.8090057373046875,0.0,0.0,0.0,0.0,0.0,0.0
1,719,27.636658244067803,27.65047064702958,False,-9.802197456359863,-0.17108061909675598,-92.52747344970703,-1.614909052848816,90.68132019042969,1.5826876163482666,78.81318664550781,1.375549554824829,94.06593322753906,1.641760230064392,0.6868131868131868,0.006868131868131868,-0.1715240478515625,-1.649630069732666,1.4298745393753052,1.3687063455581665,1.6480443477630615,0.0028179213404655457,-9.827603340148926,-0.17152403586559098,-94.51683807373047,-1.6496300229609318,86.68132019042969,1.5128744372984362,78.42108917236328,1.3687062090578141,94.42597961425781,1.648044243689844,0.28179213404655457,0.0028179213404655457,False,False,0.0,0.0,0.0,0.0,0.0,0.0,0.0,0.0,4.755546569824219,4.755546569824219,0.0,0.0,0.0,0.0,0.0,0.0
1,720,27.670373499044217,27.834672502009198,False,-9.802197456359863,-0.17108061909675598,-91.73626708984375,-1.6010998487472534,90.5934066772461,1.5811532735824585,78.81318664550781,1.375549554824829,94.06593322753906,1.641760230064392,0.6868131868131868,0.006868131868131868,-0.1712404042482376,-1.7034082412719727,1.5915035009384155,1.369338870048523,1.6497375965118408,-0.0002322569489479065,-9.811351776123047,-0.17124039256474075,-95.73626708984375,-1.6709130742864635,91.18643188476562,1.5915034695346988,78.45733642578125,1.3693388429747626,94.52299499511719,1.6497374815109163,0.0,0.0,True,False,0.02322569489479065,0.0,0.0,0.0,0.0,1.8618316650390625,1.8618316650390625,0.0,0.0,0.0,0.0,0.0,0.0,0.0,0.0,0.0
1,721,27.83604964299593,27.849105339031667,False,-9.802197456359863,-0.17108061909675598,-93.84615325927734,-1.637924313545227,90.5934066772461,1.5811532735824585,78.81318664550781,1.375549554824829,94.06593322753906,1.641760230064392,0.6868131868131868,0.006868131868131868,-0.1670154631137848,-1.7041118144989014,1.5972174406051636,1.3680435419082642,1.642784833908081,0.0009218081831932068,-9.569280624389648,-0.16701545394289816,-97.63841247558594,-1.7041117741192822,91.5138168334961,1.5972174148115181,78.38311767578125,1.368043481420548,94.1246337890625,1.6427847668530464,0.09218081831932068,0.0009218081831932068,False,False,0.0,0.0,0.0,0.0,0.0,0.0,0.0,0.0,0.0,0.0,0.0,0.0,0.0,0.0,0.0,0.0
1,722,27.869788850075565,27.8837509410223,False,-9.802197456359863,-0.17108061909675598,-93.5824203491211,-1.6333212852478027,90.5934066772461,1.5811532735824585,78.81318664550781,1.375549554824829,94.06593322753906,1.641760230064392,0.6868131868131868,0.006868131868131868,-0.16698125004768372,-1.7071744203567505,1.6023917198181152,1.3690500259399414,1.6445350646972656,0.0003102123737335205,-9.567320823669434,-0.16698124896764746,-97.5824203491211,-1.7031345271572775,91.8102798461914,1.6023916704934331,78.44078063964844,1.369049889996489,94.22491455078125,1.6445349963214466,0.03102123737335205,0.0003102123737335205,False,False,0.0,0.0,0.0,0.0,0.0,0.2314605712890625,0.2314605712890625,0.0,0.0,0.0,0.0,0.0,0.0,0.0,0.0,0.0
1,723,27.903238316997886,27.917197071015835,False,-9.802197456359863,-0.17108061909675598,-94.37362670898438,-1.6471304893493652,90.68132019042969,1.5826876163482666,78.81318664550781,1.375549554824829,94.06593322753906,1.641760230064392,0.6868131868131868,0.006868131868131868,-0.1670004427433014,-1.7108052968978882,1.5938942432403564,1.3699045181274414,1.647421956062317,0.000709831714630127,-9.56842041015625,-0.16700044037225284,-98.02191925048828,-1.710805230045033,91.32341003417969,1.593894189245263,78.48974609375,1.3699044983902953,94.39031982421875,1.6474218629430926,0.0709831714630127,0.000709831714630127,False,False,0.0,0.0,0.0,0.0,0.0,0.0,0.0,0.0,0.0,0.0,0.0,0.0,0.0,0.0,0.0,0.0
1,724,27.93649562203791,27.94946923502721,False,-9.802197456359863,-0.17108061909675598,-95.86813354492188,-1.6732145547866821,91.29669952392578,1.5934280157089233,78.81318664550781,1.375549554824829,94.06593322753906,1.641760230064392,0.6868131868131868,0.006868131868131868,-0.16542364656925201,-1.7036491632461548,1.5975778102874756,1.3704783916473389,1.6463563442230225,-0.00010225176811218262,-9.478075981140137,-0.16542363262508736,-97.61190032958984,-1.7036490498798809,91.53446197509766,1.597577740507006,78.52262115478516,1.370478276447153,94.32926177978516,1.6463561990328972,0.0,0.0,True,False,0.010225176811218262,0.0,0.0,0.0,0.0,0.0,0.0,0.0,0.0,0.0,0.0,0.0,0.0,0.0,0.0,0.0
1,725,27.969915732042864,27.980511598987505,False,-9.802197456359863,-0.17108061909675598,-96.21977996826172,-1.6793519258499146,91.56044006347656,1.5980311632156372,78.81318664550781,1.375549554824829,94.06593322753906,1.641760230064392,0.6868131868131868,0.006868131868131868,-0.16586534678936005,-1.697377324104309,1.5973769426345825,1.3696974515914917,1.6451129913330078,0.00048610568046569824,-9.50338363647461,-0.16586533453663382,-97.25254821777344,-1.6973771723546898,91.52294921875,1.5973768050027595,78.4778823852539,1.3696974376155417,94.25802612304688,1.6451129022779938,0.048610568046569824,0.00048610568046569824,False,False,0.0,0.0,0.0,0.0,0.0,0.0,0.0,0.0,0.0,0.0,0.0,0.0,0.0,0.0,0.0,0.0
1,726,28.003488351008855,28.013916978030466,False,-9.89011001586914,-0.17261497676372528,-96.3956069946289,-1.6824207305908203,91.56044006347656,1.5980311632156372,78.81318664550781,1.375549554824829,94.06593322753906,1.641760230064392,0.6868131868131868,0.006868131868131868,-0.1662886142730713,-1.7162302732467651,1.6025683879852295,1.369473934173584,1.6464062929153442,0.0010541975498199463,-9.52763557434082,-0.1662886107023883,-98.33274841308594,-1.7162302223435788,91.82039642333984,1.6025682380737054,78.46507263183594,1.3694738652420295,94.3321304321289,1.6464062664613908,0.10541975498199463,0.0010541975498199463,False,False,0.0,0.0,0.0,0.0,0.0,0.0,0.0,0.0,0.0,0.0,0.0,0.0,0.0,0.0,0.0,0.0
1,727,28.03725234302692,28.048273870022967,False,-9.89011001586914,-0.17261497676372528,-96.3956069946289,-1.6824207305908203,91.56044006347656,1.5980311632156372,78.81318664550781,1.375549554824829,94.06593322753906,1.641760230064392,0.6868131868131868,0.006868131868131868,-0.1691429764032364,-1.7142624855041504,1.6017966270446777,1.3699638843536377,1.6511942148208618,0.0012125149369239807,-9.691178321838379,-0.16914297011397839,-98.22000122070312,-1.7142624126141193,91.77618408203125,1.601796587147855,78.4931411743164,1.3699637537245497,94.60645294189453,1.6511940974691353,0.12125149369239807,0.0012125149369239807,False,False,0.0,0.0,0.0,0.0,0.0,0.0,0.0,0.0,0.0,0.0,0.0,0.0,0.0,0.0,0.0,0.0
1,728,28.070117754046805,28.083805826026946,False,-9.89011001586914,-0.17261497676372528,-96.65933990478516,-1.6870237588882446,91.56044006347656,1.5980311632156372,78.81318664550781,1.375549554824829,94.06593322753906,1.641760230064392,0.6868131868131868,0.006868131868131868,-0.16565871238708496,-1.712178349494934,1.6000558137893677,1.3689417839050293,1.6478254795074463,0.0016416534781455994,-9.491544723510742,-0.16565870652555728,-98.1005859375,-1.7121782227450233,91.67643737792969,1.6000556787432703,78.43458557128906,1.3689417656562317,94.41343688964844,1.6478253318482394,0.16416534781455994,0.0016416534781455994,False,False,0.0,0.0,0.0,0.0,0.0,0.0,0.0,0.0,0.0,0.0,0.0,0.0,0.0,0.0,0.0,0.0
1,729,28.103855454013683,28.114642120082863,False,-9.89011001586914,-0.17261497676372528,-96.83516693115234,-1.6900924444198608,91.56044006347656,1.5980311632156372,78.81318664550781,1.375549554824829,94.06593322753906,1.641760230064392,0.6868131868131868,0.006868131868131868,-0.16566863656044006,-1.7250375747680664,1.6000878810882568,1.3709689378738403,1.651953101158142,0.003054596483707428,-9.49211311340332,-0.16566862680061784,-98.83736419677734,-1.7250374292265254,91.67827606201172,1.6000877698344056,78.55072784423828,1.3709688307199455,94.64993286132812,1.6519529652217533,0.3054596483707428,0.003054596483707428,False,False,0.0,0.0,0.0,0.0,0.0,0.0,0.0,0.0,0.0,0.0,0.0,0.0,0.0,0.0,0.0,0.0
1,730,28.137089452007785,28.147374119027518,False,-9.89011001586914,-0.17261497676372528,-96.92308044433594,-1.6916269063949585,91.56044006347656,1.5980311632156372,78.81318664550781,1.375549554824829,94.06593322753906,1.641760230064392,0.6868131868131868,0.006868131868131868,-0.16457490622997284,-1.7090622186660767,1.6083858013153076,1.3675981760025024,1.651901125907898,0.00023891031742095947,-9.429447174072266,-0.1645748998304359,-97.92205047607422,-1.709062191111576,92.1537094116211,1.6083856471588744,78.35759735107422,1.3675980677282322,94.64695739746094,1.6519010335804967,0.023891031742095947,0.00023891031742095947,False,False,0.0,0.0,0.0,0.0,0.0,0.0,0.0,0.0,0.0,0.0,0.0,0.0,0.0,0.0,0.0,0.0
1,731,28.17057579208631,28.182189309038222,False,-9.89011001586914,-0.17261497676372528,-97.010986328125,-1.693161129951477,91.56044006347656,1.5980311632156372,78.81318664550781,1.375549554824829,94.06593322753906,1.641760230064392,0.6868131868131868,0.006868131868131868,-0.1658678650856018,-1.7164183855056763,1.606286883354187,1.3688844442367554,1.6460291147232056,0.0008092150092124939,-9.503527641296387,-0.16586784789491257,-98.34352111816406,-1.7164182415165383,92.03345489501953,1.606286809903783,78.4312973022461,1.3688843745347405,94.31051635742188,1.646029029692981,0.08092150092124939,0.0008092150092124939,False,False,0.0,0.0,0.0,0.0,0.0,0.0,0.0,0.0,0.0,0.0,0.0,0.0,0.0,0.0,0.0,0.0
1,732,28.20391029608436,28.215157506987453,False,-9.89011001586914,-0.17261497676372528,-97.0988998413086,-1.6946954727172852,91.56044006347656,1.5980311632156372,78.81318664550781,1.375549554824829,94.06593322753906,1.641760230064392,0.6868131868131868,0.006868131868131868,-0.1636592298746109,-1.7054682970046997,1.5972328186035156,1.3670347929000854,1.641356110572815,0.0010458454489707947,-9.376982688903809,-0.16365922182388262,-97.71613311767578,-1.705468255220514,91.51469421386719,1.5972327279877863,78.3253173828125,1.367034675999626,94.04277038574219,1.641355980928219,0.10458454489707947,0.0010458454489707947,False,False,0.0,0.0,0.0,0.0,0.0,0.0,0.0,0.0,0.0,0.0,0.0,0.0,0.0,0.0,0.0,0.0
1,733,28.237431930028833,28.249719960032962,False,-9.89011001586914,-0.17261497676372528,-97.0988998413086,-1.6946954727172852,91.56044006347656,1.5980311632156372,78.81318664550781,1.375549554824829,94.06593322753906,1.641760230064392,0.6868131868131868,0.006868131868131868,-0.16579669713974,-1.7163439989089966,1.6028205156326294,1.3687785863876343,1.6455121040344238,0.0007309243083000183,-9.49945068359375,-0.16579669155953702,-98.33926391601562,-1.7163439393221251,91.83484649658203,1.6028204394289358,78.42523193359375,1.36877851388141,94.28089141845703,1.645511976967342,0.07309243083000183,0.0007309243083000183,False,False,0.0,0.0,0.0,0.0,0.0,0.0,0.0,0.0,0.0,0.0,0.0,0.0,0.0,0.0,0.0,0.0
1,734,28.27080758602824,28.282258814084344,False,-9.89011001586914,-0.17261497676372528,-97.0988998413086,-1.6946954727172852,91.56044006347656,1.5980311632156372,78.81318664550781,1.375549554824829,94.06593322753906,1.641760230064392,0.6868131868131868,0.006868131868131868,-0.16580238938331604,-1.7192970514297485,1.603031873703003,1.3685518503189087,1.64824640750885,0.0016836300492286682,-9.499776840209961,-0.16580238406636708,-98.50846099853516,-1.7192969854968596,91.84695434570312,1.6030317612614338,78.41223907470703,1.3685517457145897,94.43756103515625,1.648246377616581,0.16836300492286682,0.0016836300492286682,False,False,0.0,0.0,0.0,0.0,0.0,0.0,0.0,0.0,0.0,0.0,0.0,0.0,0.0,0.0,0.0,0.0
1,735,28.3044202090241,28.31480608403217,False,-9.89011001586914,-0.17261497676372528,-97.0988998413086,-1.6946954727172852,91.56044006347656,1.5980311632156372,78.81318664550781,1.375549554824829,94.06593322753906,1.641760230064392,0.6868131868131868,0.006868131868131868,-0.1674625724554062,-1.717265248298645,1.595794916152954,1.3687649965286255,1.6503117084503174,0.0013456791639328003,-9.594898223876953,-0.16746256540040882,-98.39204406738281,-1.7172651267431835,91.43231201171875,1.5957948873152523,78.42445373535156,1.3687649317598505,94.55589294433594,1.6503116590419376,0.13456791639328003,0.0013456791639328003,False,False,0.0,0.0,0.0,0.0,0.0,0.0,0.0,0.0,0.0,0.0,0.0,0.0,0.0,0.0,0.0,0.0
1,736,28.337886278983206,28.347926035057753,False,-9.89011001586914,-0.17261497676372528,-97.0988998413086,-1.6946954727172852,91.56044006347656,1.5980311632156372,78.81318664550781,1.375549554824829,94.06593322753906,1.641760230064392,0.6868131868131868,0.006868131868131868,-0.16485439240932465,-1.7126165628433228,1.5863451957702637,1.3677648305892944,1.64485764503479,0.00161704421043396,-9.445460319519043,-0.16485438194208293,-98.12569427490234,-1.7126164459023958,90.89087677001953,1.5863450596612698,78.36714935302734,1.3677647816124712,94.24339294433594,1.6448575051294552,0.161704421043396,0.00161704421043396,False,False,0.0,0.0,0.0,0.0,0.0,0.0,0.0,0.0,0.0,0.0,0.0,0.0,0.0,0.0,0.0,0.0
1,737,28.3713528070366,28.38198986800853,False,-9.89011001586914,-0.17261497676372528,-97.0988998413086,-1.6946954727172852,91.56044006347656,1.5980311632156372,78.81318664550781,1.375549554824829,94.06593322753906,1.641760230064392,0.6868131868131868,0.006868131868131868,-0.17024347186088562,-1.7126381397247314,1.5790057182312012,1.3689587116241455,1.6452547311782837,0.002633236348628998,-9.754231452941895,-0.17024345485542638,-98.1269302368164,-1.7126380175072253,90.4703598022461,1.5790056540131203,78.43555450439453,1.3689586767291537,94.26614379882812,1.645254582447986,0.2633236348628998,0.002633236348628998,False,False,0.0,0.0,0.0,0.0,0.0,0.0,0.0,0.0,0.0,0.0,0.0,0.0,0.0,0.0,0.0,0.0
1,738,28.405727470992133,28.41891192505136,False,-9.89011001586914,-0.17261497676372528,-97.0988998413086,-1.6946954727172852,91.56044006347656,1.5980311632156372,78.81318664550781,1.375549554824829,94.06593322753906,1.641760230064392,0.6868131868131868,0.006868131868131868,-0.1686784029006958,-1.7078040838241577,1.5783565044403076,1.3685998916625977,1.6452054977416992,0.002025231719017029,-9.664560317993164,-0.1686783983065709,-97.84996032714844,-1.707803980654568,90.43315887451172,1.578356375339359,78.41499328613281,1.3685998157722656,94.2633285522461,1.645205447125874,0.20252317190170288,0.002025231719017029,False,False,0.0,0.0,0.0,0.0,0.0,0.0,0.0,0.0,0.0,0.0,0.0,0.0,0.0,0.0,0.0,0.0
1,739,28.43921624205541,28.4531531680841,False,-9.89011001586914,-0.17261497676372528,-97.0988998413086,-1.6946954727172852,91.56044006347656,1.5980311632156372,78.81318664550781,1.375549554824829,94.06593322753906,1.641760230064392,0.6868131868131868,0.006868131868131868,-0.1690743863582611,-1.7012789249420166,1.5741080045700073,1.369596242904663,1.6437535285949707,0.0014281794428825378,-9.687248229980469,-0.16907437707115205,-97.4760971069336,-1.7012788365097105,90.18974304199219,1.5741079676104102,78.47207641601562,1.3695961043360643,94.18013763427734,1.6437534916995629,0.14281794428825378,0.0014281794428825378,False,False,0.0,0.0,0.0,0.0,0.0,0.0,0.0,0.0,0.0,0.0,0.0,0.0,0.0,0.0,0.0,0.0
1,740,28.472578458022326,28.486017893999815,False,-9.89011001586914,-0.17261497676372528,-97.0988998413086,-1.6946954727172852,91.56044006347656,1.5980311632156372,78.81318664550781,1.375549554824829,94.06593322753906,1.641760230064392,0.6868131868131868,0.006868131868131868,-0.17198696732521057,-1.6568924188613892,1.4000569581985474,1.377955675125122,1.6499662399291992,0.0015999376773834229,-9.854126930236816,-0.17198695984207402,-94.93293762207031,-1.6568923300955232,87.56044006347656,1.5282179736028187,78.95104217529297,1.3779556338397685,94.53609466552734,1.6499661138904997,0.15999376773834229,0.0015999376773834229,False,False,0.0,0.0,0.0,0.0,0.0,0.0,0.0,0.0,7.343086242675781,7.343086242675781,0.0,0.0,0.0,0.0,0.0,0.0
1,741,28.506000871071592,28.51896359701641,False,-9.89011001586914,-0.17261497676372528,-97.0988998413086,-1.6946954727172852,91.47252655029297,1.5964967012405396,78.81318664550781,1.375549554824829,94.06593322753906,1.641760230064392,0.6868131868131868,0.006868131868131868,-0.17795416712760925,-1.571057677268982,1.3404825925827026,1.3737013339996338,1.6420259475708008,0.0027680546045303345,-10.196022033691406,-0.17795415509380325,-93.0988998413086,-1.6248823322152612,87.47252655029297,1.5266835933407696,78.70728302001953,1.3737012339983667,94.0811538696289,1.6420258991004284,0.27680546045303345,0.0027680546045303345,False,False,0.0,0.0,0.0,0.0,0.0,3.0839309692382812,3.0839309692382812,0.0,10.668533325195312,10.668533325195312,0.0,0.0,0.0,0.0,0.0,0.0
1,742,28.53962190099992,28.55270947702229,False,-9.89011001586914,-0.17261497676372528,-97.010986328125,-1.693161129951477,91.38461303710938,1.5949623584747314,78.81318664550781,1.375549554824829,94.06593322753906,1.641760230064392,0.6868131868131868,0.006868131868131868,-0.18563996255397797,-1.4820992946624756,1.2347420454025269,1.3721078634262085,1.643851637840271,0.002982392907142639,-10.636385917663574,-0.18563995477598785,-93.010986328125,-1.6233479519532121,87.38461303710938,1.5251492130787205,78.61598205566406,1.372107731560118,94.18575286865234,1.6438514960276778,0.2982392907142639,0.002982392907142639,False,False,0.0,0.0,0.0,0.0,0.0,8.09295654296875,8.09295654296875,0.0,16.63910675048828,16.63910675048828,0.0,0.0,0.0,0.0,0.0,0.0
1,743,28.57291815802455,28.58412967598997,False,-9.89011001586914,-0.17261497676372528,-96.3956069946289,-1.6824207305908203,90.94505310058594,1.587290644645691,78.81318664550781,1.375549554824829,94.06593322753906,1.641760230064392,0.6868131868131868,0.006868131868131868,-0.19118928909301758,-1.3860865831375122,1.1590723991394043,1.3740159273147583,1.6456794738769531,0.004513375461101532,-10.954339027404785,-0.19118928340792685,-92.3956069946289,-1.612607556434977,86.94505310058594,1.5174774449265291,78.72531127929688,1.3740158864811598,94.29048156738281,1.6456793566418537,0.4513375461101532,0.004513375461101532,False,False,0.0,0.0,0.0,0.0,0.0,12.97869873046875,12.97869873046875,0.0,20.53510284423828,20.53510284423828,0.0,0.0,0.0,0.0,0.0,0.0
1,744,28.6063594520092,28.618664134992287,False,-9.802197456359863,-0.17108061909675598,-95.16483306884766,-1.6609396934509277,90.76923370361328,1.5842219591140747,78.81318664550781,1.375549554824829,94.06593322753906,1.641760230064392,0.6868131868131868,0.006868131868131868,-0.19451846182346344,-1.3062649965286255,1.0958107709884644,1.3731670379638672,1.6469389200210571,0.004647374153137207,-11.145086288452148,-0.19451845115236446,-91.16483306884766,-1.591126499082398,86.76923370361328,1.5144088175604853,78.67667388916016,1.373167003883697,94.36264038085938,1.646938765521352,0.4647374153137207,0.004647374153137207,False,False,0.0,0.0,0.0,0.0,0.0,16.321365356445312,16.321365356445312,0.0,23.983905792236328,23.983905792236328,0.0,0.0,0.0,0.0,0.0,0.0
1,745,28.639649774995632,28.65120210906025,False,-10.065934181213379,-0.17568369209766388,-94.28571319580078,-1.6455961465835571,90.68132019042969,1.5826876163482666,78.81318664550781,1.375549554824829,94.06593322753906,1.641760230064392,0.6868131868131868,0.006868131868131868,-0.1959857940673828,-1.257523536682129,1.0599467754364014,1.3756728172302246,1.6421869993209839,0.004510454833507538,-11.229158401489258,-0.19598578633397087,-90.28571319580078,-1.5757829627780156,86.68132019042969,1.5128744372984362,78.82024383544922,1.3756727721533526,94.09037780761719,1.6421868871883236,0.4510454833507538,0.004510454833507538,False,False,0.0,0.0,0.0,0.0,0.0,18.23492431640625,18.23492431640625,0.0,25.950847625732422,25.950847625732422,0.0,0.0,0.0,0.0,0.0,0.0
1,746,28.67307018302381,28.6836366050411,False,-10.857142448425293,-0.18949288129806519,-92.96703338623047,-1.6225807666778564,90.5934066772461,1.5811532735824585,78.81318664550781,1.375549554824829,94.06593322753906,1.641760230064392,0.6868131868131868,0.006868131868131868,-0.1924038827419281,-1.1959813833236694,1.0248618125915527,1.3735460042953491,1.6401395797729492,0.0056822821497917175,-11.023929595947266,-0.19240386795732792,-88.96703338623047,-1.5527676583214416,86.5934066772461,1.511340057036387,78.6983871459961,1.3735459717068152,93.97306823730469,1.6401394489422707,0.5682282149791718,0.0056822821497917175,False,False,0.0,0.0,0.0,0.0,0.0,20.442352294921875,20.442352294921875,0.0,27.873153686523438,27.873153686523438,0.0,0.0,0.0,0.0,0.0,0.0
1,747,28.706527706002817,28.722009400022216,False,-11.120879173278809,-0.19409595429897308,-92.52747344970703,-1.614909052848816,90.5934066772461,1.5811532735824585,78.81318664550781,1.375549554824829,94.15384674072266,1.6432945728302002,0.6868131868131868,0.006868131868131868,-0.20162932574748993,-1.146475911140442,1.002013921737671,1.3727957010269165,1.6357505321502686,0.005848690867424011,-11.552508354187012,-0.2016293076447146,-88.52747344970703,-1.5450958901692504,86.5934066772461,1.511340057036387,78.6553955078125,1.3727956260696854,93.72159576416016,1.6357504263077658,0.5848690867424011,0.005848690867424011,False,False,0.0,0.0,0.0,0.0,0.0,22.839248657226562,22.839248657226562,0.0,29.182239532470703,29.182239532470703,0.0,0.0,0.0,0.0,0.0,0.0
1,748,28.739946795045398,28.750430895015597,False,-11.032966613769531,-0.19256159663200378,-91.82417297363281,-1.6026341915130615,90.5934066772461,1.5811532735824585,78.81318664550781,1.375549554824829,94.06593322753906,1.641760230064392,0.6868131868131868,0.006868131868131868,-0.2009468376636505,-1.0872442722320557,0.9729897975921631,1.3698753118515015,1.63775634765625,0.005798935890197754,-11.513404846191406,-0.20094682268111136,-87.82417297363281,-1.5328209812309117,86.5934066772461,1.511340057036387,78.48806762695312,1.3698752036183044,93.8365249633789,1.6377563192408133,0.5798935890197754,0.005798935890197754,False,False,0.0,0.0,0.0,0.0,0.0,25.529666900634766,25.529666900634766,0.0,30.845199584960938,30.845199584960938,0.0,0.0,0.0,0.0,0.0,0.0
1,749,28.773450982989743,28.785652702092193,False,-10.769230842590332,-0.18795853853225708,-90.68132019042969,-1.5826876163482666,90.5054931640625,1.5796188116073608,78.81318664550781,1.375549554824829,94.06593322753906,1.641760230064392,0.6868131868131868,0.006868131868131868,-0.21105781197547913,-1.0012412071228027,0.905631422996521,1.367798924446106,1.6403636932373047,0.005064129829406738,-12.092720985412598,-0.21105779672046301,-86.68132019042969,-1.5128744372984362,86.5054931640625,1.509805676774338,78.36910247802734,1.3677988700744241,93.98590850830078,1.640363553948001,0.5064129829406738,0.005064129829406738,False,False,0.0,0.0,0.0,0.0,0.0,29.31442642211914,29.31442642211914,0.0,34.61663818359375,34.61663818359375,0.0,0.0,0.0,0.0,0.0,0.0
1,750,28.80680810206104,28.974153524031863,False,-10.94505500793457,-0.19102723896503448,-89.62637329101562,-1.5642752647399902,90.5054931640625,1.5796188116073608,78.81318664550781,1.375549554824829,94.06593322753906,1.641760230064392,0.6868131868131868,0.006868131868131868,-0.18590858578681946,-1.6662259101867676,1.5846205949783325,1.3679393529891968,1.6443021297454834,0.00032070279121398926,-10.651776313781738,-0.18590856786143597,-93.62637329101562,-1.6340884806295017,90.79206848144531,1.584620529697389,78.37714385986328,1.3679392186638715,94.2115707397461,1.6443021028841192,0.032070279121398926,0.00032070279121398926,False,False,0.0,0.0,0.0,0.0,0.0,1.8413314819335938,1.8413314819335938,0.0,0.0,0.0,0.0,0.0,0.0,0.0,0.0,0.0
1,751,28.97561692201998,28.986490553012118,False,-11.824175834655762,-0.20637080073356628,-87.51648712158203,-1.5274507999420166,90.5054931640625,1.5796188116073608,78.81318664550781,1.375549554824829,94.06593322753906,1.641760230064392,0.6868131868131868,0.006868131868131868,-0.1899433135986328,-1.6734422445297241,1.5734416246414185,1.3664748668670654,1.6457741260528564,-2.446770668029785e-05,-10.882949829101562,-0.18994330684717647,-91.51648712158203,-1.5972640201305945,90.15155792236328,1.5734415115476177,78.2932357788086,1.3664747463804368,94.29590606689453,1.6457740320186058,0.0,0.0,True,False,0.002446770668029785,0.0,0.0,0.0,0.0,4.36468505859375,4.36468505859375,0.0,0.0,0.0,0.0,0.0,0.0,0.0,0.0,0.0
1,752,29.008929217001423,29.01964419905562,False,-11.824175834655762,-0.20637080073356628,-87.51648712158203,-1.5274507999420166,90.5054931640625,1.5796188116073608,78.81318664550781,1.375549554824829,94.06593322753906,1.641760230064392,0.6868131868131868,0.006868131868131868,-0.1847311556339264,-1.6777012348175049,1.5851116180419922,1.3631423711776733,1.6468278169631958,0.0009286552667617798,-10.584315299987793,-0.18473115105399832,-91.51648712158203,-1.5972640201305945,90.82019805908203,1.585111483444345,78.10230255126953,1.3631423329084207,94.35627746582031,1.6468277117038959,0.09286552667617798,0.0009286552667617798,False,False,0.0,0.0,0.0,0.0,0.0,4.608711242675781,4.608711242675781,0.0,0.0,0.0,0.0,0.0,0.0,0.0,0.0,0.0
1,753,29.042407058994286,29.052926175063476,False,-11.824175834655762,-0.20637080073356628,-87.6043930053711,-1.5289851427078247,90.5054931640625,1.5796188116073608,78.81318664550781,1.375549554824829,94.06593322753906,1.641760230064392,0.6868131868131868,0.006868131868131868,-0.1853836625814438,-1.6688954830169678,1.569653868675232,1.3633488416671753,1.6496140956878662,0.0002573654055595398,-10.62170124053955,-0.18538365881058136,-91.6043930053711,-1.5987982672345893,89.93453979492188,1.5696538306872525,78.11412811279297,1.3633487278929017,94.51592254638672,1.6496140439943912,0.02573654055595398,0.0002573654055595398,False,False,0.0,0.0,0.0,0.0,0.0,4.016265869140625,4.016265869140625,0.0,0.0,0.0,0.0,0.0,0.0,0.0,0.0,0.0
1,754,29.075973403989337,29.086706823087297,False,-11.296703338623047,-0.19716466963291168,-88.57142639160156,-1.5458630323410034,91.12088012695312,1.5903593301773071,78.81318664550781,1.375549554824829,94.06593322753906,1.641760230064392,0.6868131868131868,0.006868131868131868,-0.1880088448524475,-1.68568754196167,1.577957034111023,1.3641821146011353,1.649828314781189,0.0005942806601524353,-10.772112846374512,-0.18800883656561335,-92.57142639160156,-1.615676183801021,90.41027069091797,1.5779569011758472,78.16187286376953,1.3641820309979875,94.52819061279297,1.6498281621460336,0.05942806601524353,0.0005942806601524353,False,False,0.0,0.0,0.0,0.0,0.0,4.0113525390625,4.0113525390625,0.0,0.0,0.0,0.0,0.0,0.0,0.0,0.0,0.0
1,755,29.10929023998324,29.119698095018975,False,-10.681318283081055,-0.1864241659641266,-89.80220031738281,-1.567344069480896,91.38461303710938,1.5949623584747314,78.81318664550781,1.375549554824829,94.06593322753906,1.641760230064392,0.6868131868131868,0.006868131868131868,-0.1904069483280182,-1.6692085266113281,1.5742405652999878,1.3659722805023193,1.6500152349472046,5.5164098739624023e-05,-10.909513473510742,-0.19040692990344563,-93.80220031738281,-1.6371572411536,90.19733428955078,1.5742404598746416,78.26444244384766,1.3659722078827388,94.53890228271484,1.650015116054557,0.005516409873962402,5.5164098739624023e-05,False,False,0.0,0.0,0.0,0.0,0.0,1.836395263671875,1.836395263671875,0.0,0.0,0.0,0.0,0.0,0.0,0.0,0.0,0.0
1,756,29.14267235097941,29.152931772056036,False,-10.593406677246094,-0.18488982319831848,-91.20879364013672,-1.5918937921524048,91.29669952392578,1.5934280157089233,78.81318664550781,1.375549554824829,94.06593322753906,1.641760230064392,0.6868131868131868,0.006868131868131868,-0.19184927642345428,-1.6781607866287231,1.5850452184677124,1.364801049232483,1.6453499794006348,0.0010381415486335754,-10.99215316772461,-0.19184926466031893,-95.20879364013672,-1.661706925872223,90.81639862060547,1.585045170733202,78.19733428955078,1.364800949635322,94.2716064453125,1.6453499236150109,0.10381415486335754,0.0010381415486335754,False,False,0.0,0.0,0.0,0.0,0.0,0.9427337646484375,0.9427337646484375,0.0,0.0,0.0,0.0,0.0,0.0,0.0,0.0,0.0
1,757,29.17613857705146,29.18642029701732,False,-11.120879173278809,-0.19409595429897308,-92.0879135131836,-1.6072373390197754,91.29669952392578,1.5934280157089233,78.81318664550781,1.375549554824829,94.06593322753906,1.641760230064392,0.6868131868131868,0.006868131868131868,-0.1949775218963623,-1.6786878108978271,1.5749573707580566,1.364517331123352,1.6440349817276,0.0012027844786643982,-11.171388626098633,-0.19497751354526688,-96.0879135131836,-1.6770504621766056,90.2384033203125,1.5749572496820363,78.18107604980469,1.364517189821174,94.19625854492188,1.6440348546687298,0.12027844786643982,0.0012027844786643982,False,False,0.0,0.0,0.0,0.0,0.0,0.09381103515625,0.09381103515625,0.0,0.0,0.0,0.0,0.0,0.0,0.0,0.0,0.0
1,758,29.20952647703234,29.219864706043154,False,-11.296703338623047,-0.19716466963291168,-92.52747344970703,-1.614909052848816,91.29669952392578,1.5934280157089233,78.81318664550781,1.375549554824829,94.06593322753906,1.641760230064392,0.6868131868131868,0.006868131868131868,-0.19326281547546387,-1.6768553256988525,1.5788835287094116,1.3669663667678833,1.6428278684616089,0.0016304850578308105,-11.073143005371094,-0.19326280398790574,-96.07672882080078,-1.6768552524687028,90.4633560180664,1.5788834149190858,78.32139587402344,1.366966232759611,94.1270980834961,1.6428277769046513,0.16304850578308105,0.0016304850578308105,False,False,0.0,0.0,0.0,0.0,0.0,0.0,0.0,0.0,0.0,0.0,0.0,0.0,0.0,0.0,0.0,0.0
1,759,29.243007804034278,29.253090303041972,False,-11.20879077911377,-0.1956302970647812,-93.5824203491211,-1.6333212852478027,91.29669952392578,1.5934280157089233,78.81318664550781,1.375549554824829,94.06593322753906,1.641760230064392,0.6868131868131868,0.006868131868131868,-0.19228234887123108,-1.6718612909317017,1.5777086019515991,1.3650102615356445,1.6408332586288452,0.0015860646963119507,-11.016966819763184,-0.19228234458783625,-95.79058837890625,-1.6718611596345316,90.39604187011719,1.5777085614041972,78.20932006835938,1.3650101409389477,94.0128173828125,1.6408332024062364,0.15860646963119507,0.0015860646963119507,False,False,0.0,0.0,0.0,0.0,0.0,0.0,0.0,0.0,0.0,0.0,0.0,0.0,0.0,0.0,0.0,0.0
1,760,29.276430112076923,29.286967596039176,False,-11.120879173278809,-0.19409595429897308,-94.81318664550781,-1.6548023223876953,91.29669952392578,1.5934280157089233,78.81318664550781,1.375549554824829,94.06593322753906,1.641760230064392,0.6868131868131868,0.006868131868131868,-0.19138309359550476,-1.6687121391296387,1.5637462139129639,1.3625656366348267,1.643978476524353,0.0011989101767539978,-10.965442657470703,-0.19138307831150056,-95.61016082763672,-1.6687121048035674,89.59605407714844,1.56374614044113,78.06925964355469,1.362565625374364,94.19302368164062,1.64397839565362,0.11989101767539978,0.0011989101767539978,False,False,0.0,0.0,0.0,0.0,0.0,0.0,0.0,0.0,0.0,0.0,0.0,0.0,0.0,0.0,0.0,0.0
1,761,29.30974893004168,29.320639676065184,False,-11.032966613769531,-0.19256159663200378,-95.16483306884766,-1.6609396934509277,91.29669952392578,1.5934280157089233,78.81318664550781,1.375549554824829,94.06593322753906,1.641760230064392,0.6868131868131868,0.006868131868131868,-0.19047409296035767,-1.6836782693862915,1.5725524425506592,1.3655340671539307,1.6369673013687134,0.001775503158569336,-10.913360595703125,-0.19047407485242926,-96.4676513671875,-1.6836781380234311,90.10061645507812,1.5725524152176948,78.23933410644531,1.3655339847253662,93.79131317138672,1.6369672246098228,0.1775503158569336,0.001775503158569336,False,False,0.0,0.0,0.0,0.0,0.0,0.0,0.0,0.0,0.0,0.0,0.0,0.0,0.0,0.0,0.0,0.0
1,762,29.343157520983368,29.353411764022894,False,-11.032966613769531,-0.19256159663200378,-94.81318664550781,-1.6548023223876953,91.29669952392578,1.5934280157089233,78.81318664550781,1.375549554824829,94.06593322753906,1.641760230064392,0.6868131868131868,0.006868131868131868,-0.18873989582061768,-1.6562203168869019,1.5620595216751099,1.3628791570663452,1.6496319770812988,0.002267397940158844,-10.81399917602539,-0.18873989092959692,-94.8944320678711,-1.6562202813944418,89.4994125366211,1.5620594273647281,78.08721923828125,1.3628790794346664,94.5169448852539,1.6496318871736948,0.2267397940158844,0.002267397940158844,False,False,0.0,0.0,0.0,0.0,0.0,0.0,0.0,0.0,0.0,0.0,0.0,0.0,0.0,0.0,0.0,0.0
1,763,29.376565395039506,29.38715438800864,False,-11.032966613769531,-0.19256159663200378,-94.989013671875,-1.6578710079193115,91.29669952392578,1.5934280157089233,78.81318664550781,1.375549554824829,94.06593322753906,1.641760230064392,0.6868131868131868,0.006868131868131868,-0.1908699870109558,-1.684532880783081,1.5667253732681274,1.3641018867492676,1.6404534578323364,0.0029264912009239197,-10.936043739318848,-0.19086997039322634,-96.51661682128906,-1.6845327464172377,89.7667465209961,1.566725285594547,78.15727996826172,1.3641018698491763,93.99105072021484,1.6404533024767367,0.29264912009239197,0.0029264912009239197,False,False,0.0,0.0,0.0,0.0,0.0,0.0,0.0,0.0,0.0,0.0,0.0,0.0,0.0,0.0,0.0,0.0
1,764,29.41000208002515,29.420990642043762,False,-11.032966613769531,-0.19256159663200378,-95.25274658203125,-1.6624740362167358,91.29669952392578,1.5934280157089233,78.81318664550781,1.375549554824829,94.06593322753906,1.641760230064392,0.6868131868131868,0.006868131868131868,-0.18458044528961182,-1.6696505546569824,1.5697851181030273,1.3633992671966553,1.6494688987731934,0.003566451370716095,-10.575679779052734,-0.18458043278105665,-95.66392517089844,-1.669650469613657,89.94205474853516,1.569784991370939,78.11701965332031,1.3633991947955588,94.50759887695312,1.6494687685569274,0.3566451370716095,0.003566451370716095,False,False,0.0,0.0,0.0,0.0,0.0,0.0,0.0,0.0,0.0,0.0,0.0,0.0,0.0,0.0,0.0,0.0
1,765,29.443557383026928,29.453905535978265,False,-11.032966613769531,-0.19256159663200378,-94.989013671875,-1.6578710079193115,91.29669952392578,1.5934280157089233,78.81318664550781,1.375549554824829,94.06593322753906,1.641760230064392,0.6868131868131868,0.006868131868131868,-0.18234992027282715,-1.6871275901794434,1.5634820461273193,1.3675493001937866,1.6496684551239014,0.002305425703525543,-10.447879791259766,-0.18234990221006078,-96.665283203125,-1.6871274642673018,89.58091735839844,1.563481954860994,78.35479736328125,1.3675491987222292,94.51903533935547,1.6496683724806287,0.23054257035255432,0.002305425703525543,False,False,0.0,0.0,0.0,0.0,0.0,0.0,0.0,0.0,0.0,0.0,0.0,0.0,0.0,0.0,0.0,0.0
1,766,29.477118997019716,29.48896661004983,False,-11.032966613769531,-0.19256159663200378,-94.989013671875,-1.6578710079193115,91.29669952392578,1.5934280157089233,78.81318664550781,1.375549554824829,94.06593322753906,1.641760230064392,0.6868131868131868,0.006868131868131868,-0.1871669441461563,-1.671942949295044,1.5390511751174927,1.3649251461029053,1.6394824981689453,0.0025141388177871704,-10.723875045776367,-0.18716692812125524,-95.79527282714844,-1.671942918679997,88.1811294555664,1.5390510471269885,78.2044448852539,1.3649250529421197,93.9354248046875,1.6394824471013483,0.25141388177871704,0.0025141388177871704,False,False,0.0,0.0,0.0,0.0,0.0,0.0,0.0,0.0,0.0,0.0,0.0,0.0,0.0,0.0,0.0,0.0
1,767,29.510455641080625,29.522725071990862,False,-11.032966613769531,-0.19256159663200378,-95.25274658203125,-1.6624740362167358,91.29669952392578,1.5934280157089233,78.81318664550781,1.375549554824829,94.06593322753906,1.641760230064392,0.6868131868131868,0.006868131868131868,-0.18682417273521423,-1.6691105365753174,1.5386719703674316,1.3648062944412231,1.6452380418777466,0.0027631670236587524,-10.704236030578613,-0.18682416264420523,-95.63298034667969,-1.6691103805445888,88.15940856933594,1.5386719461458158,78.19763946533203,1.3648062759575021,94.26519012451172,1.645237937691173,0.27631670236587524,0.0027631670236587524,False,False,0.0,0.0,0.0,0.0,0.0,0.0,0.0,0.0,0.0,0.0,0.0,0.0,0.0,0.0,0.0,0.0
1,768,29.544202946010046,29.55480135406833,False,-11.032966613769531,-0.19256159663200378,-95.51648712158203,-1.6670771837234497,91.20879364013672,1.5918937921524048,78.81318664550781,1.375549554824829,94.06593322753906,1.641760230064392,0.6868131868131868,0.006868131868131868,-0.18806496262550354,-1.6177023649215698,1.393639326095581,1.3688703775405884,1.6483135223388672,0.002776913344860077,-10.775327682495117,-0.18806494604082996,-92.68751525878906,-1.6177023167583533,87.20879364013672,1.5220805857126767,78.43048858642578,1.368870259780963,94.44140625,1.648313489276051,0.2776913344860077,0.002776913344860077,False,False,0.0,0.0,0.0,0.0,0.0,0.0,0.0,0.0,7.3591461181640625,7.3591461181640625,0.0,0.0,0.0,0.0,0.0,0.0
1,769,29.57773665699642,29.58856621105224,False,-10.94505500793457,-0.19102723896503448,-95.51648712158203,-1.6670771837234497,91.12088012695312,1.5903593301773071,78.81318664550781,1.375549554824829,94.06593322753906,1.641760230064392,0.6868131868131868,0.006868131868131868,-0.1895766705274582,-1.6266673803329468,1.4363073110580444,1.369762897491455,1.647845983505249,0.005029536783695221,-10.861942291259766,-0.1895766561440998,-93.201171875,-1.6266673159358869,87.12088012695312,1.5205462054506276,78.48162841796875,1.3697628182203032,94.41461181640625,1.6478458381886332,0.5029536783695221,0.005029536783695221,False,False,0.0,0.0,0.0,0.0,0.0,0.0,0.0,0.0,4.8265380859375,4.8265380859375,0.0,0.0,0.0,0.0,0.0,0.0
1,770,29.611088554025628,29.621895808028057,False,-10.94505500793457,-0.19102723896503448,-95.34066009521484,-1.664008378982544,91.03296661376953,1.588824987411499,78.81318664550781,1.375549554824829,94.06593322753906,1.641760230064392,0.6868131868131868,0.006868131868131868,-0.19356688857078552,-1.4949569702148438,1.2812294960021973,1.37116277217865,1.6527680158615112,0.005103014409542084,-11.090564727783203,-0.19356687040536552,-91.34066009521484,-1.5941952596064963,87.03296661376953,1.5190118251885782,78.56183624267578,1.3711627088473033,94.69662475585938,1.6527678925153175,0.5103014409542084,0.005103014409542084,False,False,0.0,0.0,0.0,0.0,0.0,5.685943603515625,5.685943603515625,0.0,13.623924255371094,13.623924255371094,0.0,0.0,0.0,0.0,0.0,0.0
1,771,29.644511307007633,29.6555204000324,False,-10.94505500793457,-0.19102723896503448,-94.9011001586914,-1.6563366651535034,90.85713958740234,1.5857561826705933,78.81318664550781,1.375549554824829,94.06593322753906,1.641760230064392,0.6868131868131868,0.006868131868131868,-0.1964626908302307,-1.4380384683609009,1.222400426864624,1.3713443279266357,1.6495916843414307,0.0038331598043441772,-11.256482124328613,-0.19646267526142,-90.9011001586914,-1.586523491454305,86.85713958740234,1.51594306466448,78.57223510742188,1.3713442032755923,94.51463317871094,1.64959154028318,0.3833159804344177,0.0038331598043441772,False,False,0.0,0.0,0.0,0.0,0.0,8.507568359375,8.507568359375,0.0,16.818756103515625,16.818756103515625,0.0,0.0,0.0,0.0,0.0,0.0
1,772,29.678021493018605,29.688959837076254,False,-10.94505500793457,-0.19102723896503448,-94.19779968261719,-1.6440616846084595,90.5934066772461,1.5811532735824585,78.81318664550781,1.375549554824829,94.06593322753906,1.641760230064392,0.6868131868131868,0.006868131868131868,-0.2034977525472641,-1.4775633811950684,1.2714824676513672,1.3718913793563843,1.6429258584976196,0.005739226937294006,-11.659562110900879,-0.20349774817600058,-90.19779968261719,-1.5742485825159662,86.5934066772461,1.511340057036387,78.60358428955078,1.371891349721549,94.1327133178711,1.6429257812327662,0.5739226937294006,0.005739226937294006,False,False,0.0,0.0,0.0,0.0,0.0,5.5396575927734375,5.5396575927734375,0.0,13.742828369140625,13.742828369140625,0.0,0.0,0.0,0.0,0.0,0.0
1,773,29.71146922907792,29.722346052061766,False,-10.94505500793457,-0.19102723896503448,-93.05494689941406,-1.624115228652954,90.5934066772461,1.5811532735824585,78.81318664550781,1.375549554824829,94.06593322753906,1.641760230064392,0.6868131868131868,0.006868131868131868,-0.19131766259670258,-1.6399720907211304,1.495233178138733,1.3704339265823364,1.6458898782730103,0.005231648683547974,-10.96169376373291,-0.19131764777246868,-93.96347045898438,-1.6399719361097047,86.5934066772461,1.511340057036387,78.52007293701172,1.3704338016569486,94.30253601074219,1.6458897463679698,0.5231648683547974,0.005231648683547974,False,False,0.0,0.0,0.0,0.0,0.0,0.0,0.0,0.0,0.9228591918945312,0.9228591918945312,0.0,0.0,0.0,0.0,0.0,0.0
1,774,29.74525658704806,29.75615906098392,False,-10.94505500793457,-0.19102723896503448,-91.82417297363281,-1.6026341915130615,90.5934066772461,1.5811532735824585,78.81318664550781,1.375549554824829,94.06593322753906,1.641760230064392,0.6868131868131868,0.006868131868131868,-0.1923939287662506,-1.6399110555648804,1.4580196142196655,1.3681249618530273,1.6447720527648926,0.006639033555984497,-11.023359298706055,-0.19239391439275375,-93.95997619628906,-1.639910949720742,86.5934066772461,1.511340057036387,78.38777923583984,1.3681248409918498,94.23849487304688,1.6447720176584637,0.6639033555984497,0.006639033555984497,False,False,0.0,0.0,0.0,0.0,0.0,0.0,0.0,0.0,3.0550384521484375,3.0550384521484375,0.0,0.0,0.0,0.0,0.0,0.0
1,775,29.77896079304628,29.78899600508157,False,-10.94505500793457,-0.19102723896503448,-91.38461303710938,-1.5949623584747314,90.5934066772461,1.5811532735824585,78.81318664550781,1.375549554824829,94.06593322753906,1.641760230064392,0.6868131868131868,0.006868131868131868,-0.19268617033958435,-1.6509183645248413,1.4971693754196167,1.368897557258606,1.6478219032287598,0.005666755139827728,-11.040103912353516,-0.19268616303287633,-94.59065246582031,-1.6509183271382575,86.5934066772461,1.511340057036387,78.43204498291016,1.3688974240240819,94.41323852539062,1.6478218697388223,0.5666755139827728,0.005666755139827728,False,False,0.0,0.0,0.0,0.0,0.0,0.0,0.0,0.0,0.8119277954101562,0.8119277954101562,0.0,0.0,0.0,0.0,0.0,0.0
1,776,29.812130867037922,29.82318337308243,False,-11.032966613769531,-0.19256159663200378,-92.26373291015625,-1.610305905342102,90.5934066772461,1.5811532735824585,78.81318664550781,1.375549554824829,94.06593322753906,1.641760230064392,0.6868131868131868,0.006868131868131868,-0.1887277364730835,-1.6477199792861938,1.5102505683898926,1.36700439453125,1.6485366821289062,0.005817979574203491,-10.813302040100098,-0.18872772361236662,-94.40739440917969,-1.6477198706690723,86.5934066772461,1.511340057036387,78.32357788085938,1.367004315963199,94.45418548583984,1.648536529017345,0.5817979574203491,0.005817979574203491,False,False,0.0,0.0,0.0,0.0,0.0,0.0,0.0,0.0,0.06243133544921875,0.06243133544921875,0.0,0.0,0.0,0.0,0.0,0.0
1,777,29.84573821001686,29.85672430007253,False,-11.032966613769531,-0.19256159663200378,-93.67032623291016,-1.6348556280136108,90.5934066772461,1.5811532735824585,78.81318664550781,1.375549554824829,94.06593322753906,1.641760230064392,0.6868131868131868,0.006868131868131868,-0.186533123254776,-1.638227939605713,1.48288893699646,1.3659334182739258,1.6515012979507446,0.004625007510185242,-10.687560081481934,-0.1865331124265732,-93.86354064941406,-1.638227831911812,86.5934066772461,1.511340057036387,78.26221466064453,1.3659333257308237,94.6240463256836,1.6515011599428213,0.46250075101852417,0.004625007510185242,False,False,0.0,0.0,0.0,0.0,0.0,0.0,0.0,0.0,1.6301345825195312,1.6301345825195312,0.0,0.0,0.0,0.0,0.0,0.0
1,778,29.879111688002013,29.88965965108946,False,-11.032966613769531,-0.19256159663200378,-94.02198028564453,-1.6409931182861328,90.5934066772461,1.5811532735824585,78.81318664550781,1.375549554824829,94.06593322753906,1.641760230064392,0.6868131868131868,0.006868131868131868,-0.18900790810585022,-1.6668709516525269,1.5206291675567627,1.3677091598510742,1.6496363878250122,0.00450405478477478,-10.829355239868164,-0.18900790480379975,-95.5046615600586,-1.6668707952258865,87.12562561035156,1.520629029760529,78.36396026611328,1.3677091215456885,94.51719665527344,1.6496362813894934,0.450405478477478,0.00450405478477478,False,False,0.0,0.0,0.0,0.0,0.0,0.0,0.0,0.0,0.0,0.0,0.0,0.0,0.0,0.0,0.0,0.0
1,779,29.912905232980847,29.92464967397973,False,-11.032966613769531,-0.19256159663200378,-93.84615325927734,-1.637924313545227,90.5934066772461,1.5811532735824585,78.81318664550781,1.375549554824829,94.06593322753906,1.641760230064392,0.6868131868131868,0.006868131868131868,-0.19418472051620483,-1.6245479583740234,1.4125653505325317,1.3659851551055908,1.654437780380249,0.004640825092792511,-11.125964164733887,-0.1941847071335071,-93.0797348022461,-1.6245478391823474,86.5934066772461,1.511340057036387,78.26518249511719,1.3659851242140257,94.79229736328125,1.6544376945187973,0.4640825092792511,0.004640825092792511,False,False,0.0,0.0,0.0,0.0,0.0,0.0,0.0,0.0,5.6593780517578125,5.6593780517578125,0.0,0.0,0.0,0.0,0.0,0.0
1,780,29.94706400099676,30.116236338042654,False,-11.032966613769531,-0.19256159663200378,-93.4945068359375,-1.6317869424819946,90.5934066772461,1.5811532735824585,78.81318664550781,1.375549554824829,94.06593322753906,1.641760230064392,0.6868131868131868,0.006868131868131868,-0.18707919120788574,-1.704771637916565,1.5885034799575806,1.3643970489501953,1.644260287284851,0.0006718859076499939,-10.718847274780273,-0.18707917696333712,-97.4945068359375,-1.7016001468952284,91.01454162597656,1.5885034185667244,78.17418670654297,1.364396948097957,94.20916748046875,1.6442601580969505,0.06718859076499939,0.0006718859076499939,False,False,0.0,0.0,0.0,0.0,0.0,0.18170928955078125,0.18170928955078125,0.0,0.0,0.0,0.0,0.0,0.0,0.0,0.0,0.0
