trial,cycle,observation_time_s,command_time_s,success_marker,measured_shoulder_pan_deg,measured_shoulder_pan_rad,measured_shoulder_lift_deg,measured_shoulder_lift_rad,measured_elbow_flex_deg,measured_elbow_flex_rad,measured_wrist_flex_deg,measured_wrist_flex_rad,measured_wrist_roll_deg,measured_wrist_roll_rad,measured_gripper_hw,measured_gripper_norm,policy_shoulder_pan_rad,policy_shoulder_lift_rad,policy_elbow_flex_rad,policy_wrist_flex_rad,policy_wrist_roll_rad,policy_gripper_norm,sent_shoulder_pan_deg,sent_shoulder_pan_rad,sent_shoulder_lift_deg,sent_shoulder_lift_rad,sent_elbow_flex_deg,sent_elbow_flex_rad,sent_wrist_flex_deg,sent_wrist_flex_rad,sent_wrist_roll_deg,sent_wrist_roll_rad,sent_gripper_hw,sent_gripper_norm,gripper_hard_clamped,gripper_step_clamped,gripper_correction_hw,urdf_violation_shoulder_pan_deg,step_violation_shoulder_pan_deg,safety_correction_shoulder_pan_deg,urdf_violation_shoulder_lift_deg,step_violation_shoulder_lift_deg,safety_correction_shoulder_lift_deg,urdf_violation_elbow_flex_deg,step_violation_elbow_flex_deg,safety_correction_elbow_flex_deg,urdf_violation_wrist_flex_deg,step_violation_wrist_flex_deg,safety_correction_wrist_flex_deg,urdf_violation_wrist_roll_deg,step_violation_wrist_roll_deg,safety_correction_wrist_roll_deg
5,0,0.001362183946184814,0.17286213499028236,False,-10.593406677246094,-0.18488982319831848,-93.05494689941406,-1.624115228652954,91.56044006347656,1.5980311632156372,79.34066009521484,1.3847557306289673,92.3956069946289,1.6126075983047485,0.8928571428571428,0.008928571428571428,-0.17958903312683105,-1.7058573961257935,1.6109273433685303,1.3767426013946533,1.611562728881836,0.0005825906991958618,-10.289692878723145,-0.17958901975273245,-97.05494689941406,-1.6939283787430373,92.29933166503906,1.6109272349451915,78.88153839111328,1.3767425639632374,92.33573913574219,1.6115626651812844,0.05825906991958618,0.0005825906991958618,False,False,0.0,0.0,0.0,0.0,0.0,0.6834793090820312,0.6834793090820312,0.0,0.0,0.0,0.0,0.0,0.0,0.0,0.0,0.0
5,1,0.1743618119508028,0.18761973304208368,False,-10.593406677246094,-0.18488982319831848,-93.05494689941406,-1.624115228652954,91.56044006347656,1.5980311632156372,79.34066009521484,1.3847557306289673,92.3956069946289,1.6126075983047485,0.8928571428571428,0.008928571428571428,-0.17975428700447083,-1.7051527500152588,1.615594744682312,1.3773928880691528,1.6095201969146729,0.0006223917007446289,-10.299160957336426,-0.17975426889837187,-97.05494689941406,-1.6939283787430373,92.56675720214844,1.6155946910716645,78.91879272460938,1.37739277474338,92.21871185302734,1.6095201537832482,0.06223917007446289,0.0006223917007446289,False,False,0.0,0.0,0.0,0.0,0.0,0.6431045532226562,0.6431045532226562,0.0,0.0,0.0,0.0,0.0,0.0,0.0,0.0,0.0
5,2,0.20762840402312577,0.22089715802576393,False,-10.593406677246094,-0.18488982319831848,-93.14286041259766,-1.6256495714187622,91.56044006347656,1.5980311632156372,79.34066009521484,1.3847557306289673,92.3956069946289,1.6126075983047485,0.8928571428571428,0.008928571428571428,-0.17847560346126556,-1.7041332721710205,1.6051867008209229,1.377155065536499,1.6113630533218384,0.0006703212857246399,-10.225897789001465,-0.17847558539048394,-97.14286041259766,-1.6954627590050864,91.97042083740234,1.6051866580574714,78.90516662597656,1.3771549544580362,92.32429504394531,1.6113629280995285,0.06703212857246399,0.0006703212857246399,False,False,0.0,0.0,0.0,0.0,0.0,0.4967803955078125,0.4967803955078125,0.0,0.0,0.0,0.0,0.0,0.0,0.0,0.0,0.0
5,3,0.24110108194872737,0.25524713401682675,False,-10.593406677246094,-0.18488982319831848,-93.93406677246094,-1.6394587755203247,91.64835357666016,1.5995655059814453,79.34066009521484,1.3847557306289673,92.3956069946289,1.6126075983047485,0.7554945054945055,0.007554945054945055,-0.17849776148796082,-1.6977331638336182,1.6127934455871582,1.3775482177734375,1.6112236976623535,0.0010015815496444702,-10.227168083190918,-0.17849775620655886,-97.27294158935547,-1.6977331038343788,92.40625,1.61279331192101,78.92769622802734,1.3775481701929864,92.31631469726562,1.6112236447745174,0.10015815496444702,0.0010015815496444702,False,False,0.0,0.0,0.0,0.0,0.0,0.0,0.0,0.0,0.0,0.0,0.0,0.0,0.0,0.0,0.0,0.0
5,4,0.2746458660112694,0.28899706702213734,False,-10.593406677246094,-0.18488982319831848,-94.9011001586914,-1.6563366651535034,91.64835357666016,1.5995655059814453,79.34066009521484,1.3847557306289673,92.3956069946289,1.6126075983047485,0.6868131868131868,0.006868131868131868,-0.18427607417106628,-1.7224111557006836,1.6140246391296387,1.3791463375091553,1.6104568243026733,0.0005647093057632446,-10.55824089050293,-0.18427606675797423,-98.68688201904297,-1.722411019759489,92.47679138183594,1.6140244912929538,79.01925659179688,1.3791462000050883,92.27237701416016,1.610456787538629,0.05647093057632446,0.0005647093057632446,False,False,0.0,0.0,0.0,0.0,0.0,0.0,0.0,0.0,0.0,0.0,0.0,0.0,0.0,0.0,0.0,0.0
5,5,0.30782630294561386,0.320994102046825,False,-10.593406677246094,-0.18488982319831848,-95.34066009521484,-1.664008378982544,91.64835357666016,1.5995655059814453,79.34066009521484,1.3847557306289673,92.3956069946289,1.6126075983047485,0.6868131868131868,0.006868131868131868,-0.18782050907611847,-1.709450602531433,1.6030102968215942,1.3798339366912842,1.6110796928405762,0.00013022124767303467,-10.761322021484375,-0.1878205011422743,-97.94429779052734,-1.7094504799985095,91.84571838378906,1.603010189656604,79.05865478515625,1.3798338281985467,92.30805969238281,1.6110795677595442,0.013022124767303467,0.00013022124767303467,False,False,0.0,0.0,0.0,0.0,0.0,0.0,0.0,0.0,0.0,0.0,0.0,0.0,0.0,0.0,0.0,0.0
5,6,0.3419544029748067,0.35614329495001584,False,-10.593406677246094,-0.18488982319831848,-95.86813354492188,-1.6732145547866821,91.64835357666016,1.5995655059814453,79.34066009521484,1.3847557306289673,92.3956069946289,1.6126075983047485,0.6868131868131868,0.006868131868131868,-0.1837325543165207,-1.7124768495559692,1.6099849939346313,1.3788611888885498,1.6092222929000854,0.0015169456601142883,-10.527099609375,-0.18373254886900267,-98.11769104003906,-1.7124767631032212,92.2453384399414,1.6099848753934671,79.00292205810547,1.3788611086103955,92.2016372680664,1.6092221460572684,0.15169456601142883,0.0015169456601142883,False,False,0.0,0.0,0.0,0.0,0.0,0.0,0.0,0.0,0.0,0.0,0.0,0.0,0.0,0.0,0.0,0.0
5,7,0.37552130804397166,0.3884421270340681,False,-10.681318283081055,-0.1864241659641266,-96.3956069946289,-1.6824207305908203,91.64835357666016,1.5995655059814453,79.34066009521484,1.3847557306289673,92.3956069946289,1.6126075983047485,0.6868131868131868,0.006868131868131868,-0.18301421403884888,-1.7134672403335571,1.6054484844207764,1.3784574270248413,1.6121196746826172,0.0008937716484069824,-10.485941886901855,-0.18301421109922425,-98.1744384765625,-1.7134671927126215,91.98542022705078,1.6054484467926262,78.97978973388672,1.3784573733891394,92.36764526367188,1.6121195321652202,0.08937716484069824,0.0008937716484069824,False,False,0.0,0.0,0.0,0.0,0.0,0.0,0.0,0.0,0.0,0.0,0.0,0.0,0.0,0.0,0.0,0.0
5,8,0.4089546329341829,0.42241903103422374,False,-10.681318283081055,-0.1864241659641266,-96.48351287841797,-1.6839549541473389,91.64835357666016,1.5995655059814453,79.34066009521484,1.3847557306289673,92.3956069946289,1.6126075983047485,0.6868131868131868,0.006868131868131868,-0.1861221045255661,-1.7053987979888916,1.6073499917984009,1.379984974861145,1.610363245010376,0.0009902343153953552,-10.664010047912598,-0.1861220868018331,-97.71215057373047,-1.705398746716063,92.09436798095703,1.6073499438109426,79.06731414794922,1.3799849625904088,92.26701354980469,1.6103631774263127,0.09902343153953552,0.0009902343153953552,False,False,0.0,0.0,0.0,0.0,0.0,0.0,0.0,0.0,0.0,0.0,0.0,0.0,0.0,0.0,0.0,0.0
5,9,0.44219465204514563,0.4556919609894976,False,-10.681318283081055,-0.1864241659641266,-96.57142639160156,-1.685489296913147,91.64835357666016,1.5995655059814453,79.34066009521484,1.3847557306289673,92.3956069946289,1.6126075983047485,0.6868131868131868,0.006868131868131868,-0.1879900097846985,-1.7099732160568237,1.6049292087554932,1.3792527914047241,1.6156619787216187,0.0016712546348571777,-10.77103328704834,-0.18798999470090103,-97.9742431640625,-1.7099731253624375,91.9556655883789,1.6049291303800606,79.02536010742188,1.3792527264486916,92.57061004638672,1.615661935889189,0.16712546348571777,0.0016712546348571777,False,False,0.0,0.0,0.0,0.0,0.0,0.0,0.0,0.0,0.0,0.0,0.0,0.0,0.0,0.0,0.0,0.0
5,10,0.47570182604249567,0.48784535098820925,False,-10.681318283081055,-0.1864241659641266,-96.65933990478516,-1.6870237588882446,91.64835357666016,1.5995655059814453,79.34066009521484,1.3847557306289673,92.3956069946289,1.6126075983047485,0.6868131868131868,0.006868131868131868,-0.1850031614303589,-1.7145740985870361,1.6064403057098389,1.3803423643112183,1.6124056577682495,0.0020156800746917725,-10.599899291992188,-0.18500314302507948,-98.23785400390625,-1.7145740024616585,92.04224395751953,1.6064402079825717,79.08778381347656,1.380342225650643,92.384033203125,1.6124055556662946,0.20156800746917725,0.0020156800746917725,False,False,0.0,0.0,0.0,0.0,0.0,0.0,0.0,0.0,0.0,0.0,0.0,0.0,0.0,0.0,0.0,0.0
5,11,0.5093782460317016,0.5219487849390134,False,-10.681318283081055,-0.1864241659641266,-96.65933990478516,-1.6870237588882446,91.64835357666016,1.5995655059814453,79.34066009521484,1.3847557306289673,92.3956069946289,1.6126075983047485,0.6868131868131868,0.006868131868131868,-0.1851358264684677,-1.7174665927886963,1.5948801040649414,1.3815937042236328,1.6224795579910278,0.0013293102383613586,-10.607501029968262,-0.18513581838163587,-98.40357971191406,-1.7174664617215936,91.37989044189453,1.5948799583227558,79.15948486328125,1.381593645046871,92.96122741699219,1.6224794951217374,0.13293102383613586,0.0013293102383613586,False,False,0.0,0.0,0.0,0.0,0.0,0.0,0.0,0.0,0.0,0.0,0.0,0.0,0.0,0.0,0.0,0.0
5,12,0.5427078950451687,0.5553080230019987,False,-10.681318283081055,-0.1864241659641266,-96.74725341796875,-1.6885581016540527,91.64835357666016,1.5995655059814453,79.34066009521484,1.3847557306289673,92.3956069946289,1.6126075983047485,0.6868131868131868,0.006868131868131868,-0.18810373544692993,-1.7278151512145996,1.577626347541809,1.3868176937103271,1.6187094449996948,0.0012837573885917664,-10.777549743652344,-0.18810372832420424,-98.99651336669922,-1.727815106243478,90.39132690429688,1.5776262697265138,79.45879364013672,1.3868175686831161,92.7452163696289,1.6187093911245667,0.12837573885917664,0.0012837573885917664,False,False,0.0,0.0,0.0,0.0,0.0,0.0,0.0,0.0,0.0,0.0,0.0,0.0,0.0,0.0,0.0,0.0
5,13,0.5760849339421839,0.5898203200194985,False,-10.681318283081055,-0.1864241659641266,-96.74725341796875,-1.6885581016540527,91.64835357666016,1.5995655059814453,79.34066009521484,1.3847557306289673,92.3956069946289,1.6126075983047485,0.6868131868131868,0.006868131868131868,-0.19049561023712158,-1.7081544399261475,1.5261883735656738,1.3897721767425537,1.6190840005874634,0.0013730749487876892,-10.914593696594238,-0.19049559652298848,-97.87003326416016,-1.7081543194959679,87.64835357666016,1.5297523538648679,79.6280746459961,1.38977207959645,92.76667785644531,1.6190839647318864,0.13730749487876892,0.0013730749487876892,False,False,0.0,0.0,0.0,0.0,0.0,0.0,0.0,0.0,0.2042083740234375,0.2042083740234375,0.0,0.0,0.0,0.0,0.0,0.0
5,14,0.6094886099454015,0.6212934190407395,False,-10.681318283081055,-0.1864241659641266,-96.92308044433594,-1.6916269063949585,91.64835357666016,1.5995655059814453,79.34066009521484,1.3847557306289673,92.3956069946289,1.6126075983047485,0.6868131868131868,0.006868131868131868,-0.1884981393814087,-1.7061119079589844,1.5392757654190063,1.3888384103775024,1.6148406267166138,0.002078704535961151,-10.80014705657959,-0.18849812583688816,-97.75300598144531,-1.7061118080979316,88.19400024414062,1.5392756847649367,79.57457733154297,1.3888383753182683,92.52354431152344,1.614840483850954,0.2078704535961151,0.002078704535961151,False,False,0.0,0.0,0.0,0.0,0.0,0.0,0.0,0.0,0.0,0.0,0.0,0.0,0.0,0.0,0.0,0.0
5,15,0.6430568289943039,0.6535209909779951,False,-10.681318283081055,-0.1864241659641266,-97.010986328125,-1.693161129951477,91.47252655029297,1.5964967012405396,79.25274658203125,1.3832213878631592,92.3956069946289,1.6126075983047485,0.6868131868131868,0.006868131868131868,-0.1867896318435669,-1.682083249092102,1.4376401901245117,1.4068961143493652,1.6167802810668945,0.0016166344285011292,-10.70225715637207,-0.18678962477381825,-96.37626647949219,-1.6820831708465827,87.47252655029297,1.5266835933407696,80.60920715332031,1.406896072247605,92.63468170166016,1.6167801972309133,0.16166344285011292,0.0016166344285011292,False,False,0.0,0.0,0.0,0.0,0.0,0.0,0.0,0.0,5.101814270019531,5.101814270019531,0.0,0.0,0.0,0.0,0.0,0.0
5,16,0.6766773250419647,0.6870018519693986,False,-10.681318283081055,-0.1864241659641266,-97.010986328125,-1.693161129951477,91.03296661376953,1.588824987411499,79.25274658203125,1.3832213878631592,92.3956069946289,1.6126075983047485,0.6868131868131868,0.006868131868131868,-0.1893749088048935,-1.6873811483383179,1.4751988649368286,1.396841049194336,1.6186898946762085,0.0015432536602020264,-10.850382804870605,-0.1893749050467695,-96.6798095703125,-1.6873809972030773,87.03296661376953,1.5190118251885782,80.03308868408203,1.3968409080778472,92.74409484863281,1.6186898168905546,0.15432536602020264,0.0015432536602020264,False,False,0.0,0.0,0.0,0.0,0.0,0.0,0.0,0.0,2.5102996826171875,2.5102996826171875,0.0,0.0,0.0,0.0,0.0,0.0
5,17,0.7099210149608552,0.7200162929948419,False,-10.681318283081055,-0.1864241659641266,-97.010986328125,-1.693161129951477,90.94505310058594,1.587290644645691,79.42857360839844,1.3862900733947754,92.3956069946289,1.6126075983047485,0.6868131868131868,0.006868131868131868,-0.19201251864433289,-1.6304842233657837,1.345412015914917,1.4017497301101685,1.6164683103561401,0.0004017949104309082,-11.001505851745605,-0.19201249979038396,-93.41986083984375,-1.6304841584101886,86.94505310058594,1.5174774449265291,80.31433868408203,1.4017496465990813,92.61680603027344,1.6164682079092105,0.04017949104309082,0.0004017949104309082,False,False,0.0,0.0,0.0,0.0,0.0,0.0,0.0,0.0,9.858627319335938,9.858627319335938,0.0,0.0,0.0,0.0,0.0,0.0
5,18,0.743302618036978,0.7534449480008334,False,-10.681318283081055,-0.1864241659641266,-96.92308044433594,-1.6916269063949585,90.94505310058594,1.587290644645691,79.51648712158203,1.387824535369873,92.3956069946289,1.6126075983047485,0.6868131868131868,0.006868131868131868,-0.1822049468755722,-1.5466949939727783,1.2441959381103516,1.4416736364364624,1.6233692169189453,-0.0001224428415298462,-10.439574241638184,-0.1822049430229764,-92.92308044433594,-1.6218137048492176,86.94505310058594,1.5174774449265291,82.601806640625,1.4416734939746227,93.01219940185547,1.6233691240838783,0.0,0.0,True,False,0.01224428415298462,0.0,0.0,0.0,0.0,4.303993225097656,4.303993225097656,0.0,15.657882690429688,15.657882690429688,0.0,0.0,0.0,0.0,0.0,0.0
5,19,0.7767021879553795,0.7869119560346007,False,-10.681318283081055,-0.1864241659641266,-96.74725341796875,-1.6885581016540527,90.94505310058594,1.587290644645691,79.51648712158203,1.387824535369873,92.3956069946289,1.6126075983047485,0.6868131868131868,0.006868131868131868,-0.18532739579677582,-1.4816794395446777,1.1833770275115967,1.4461305141448975,1.6212108135223389,-0.0006252005696296692,-10.618476867675781,-0.18532738288779663,-92.74725341796875,-1.6187449443251192,86.94505310058594,1.5174774449265291,82.85717010498047,1.4461304272169249,92.88853454589844,1.6212107651784236,0.0,0.0,True,False,0.06252005696296692,0.0,0.0,0.0,0.0,7.853279113769531,7.853279113769531,0.0,19.142547607421875,19.142547607421875,0.0,0.0,0.0,0.0,0.0,0.0
5,20,0.8101234859786928,0.8203065949492157,False,-10.681318283081055,-0.1864241659641266,-96.04395294189453,-1.6762832403182983,90.94505310058594,1.587290644645691,79.86813354492188,1.3939619064331055,92.3956069946289,1.6126075983047485,0.6868131868131868,0.006868131868131868,-0.19097962975502014,-1.394518494606018,1.1586313247680664,1.4304165840148926,1.615020513534546,-0.0004469454288482666,-10.942326545715332,-0.19097962605111035,-92.04395294189453,-1.6064700353867805,86.94505310058594,1.5174774449265291,81.95682525634766,1.4304164452049124,92.53385162353516,1.6150203803825889,0.0,0.0,True,False,0.04469454288482666,0.0,0.0,0.0,0.0,12.143936157226562,12.143936157226562,0.0,20.56037139892578,20.56037139892578,0.0,0.0,0.0,0.0,0.0,0.0
5,21,0.843430932960473,0.8536312429932877,False,-10.593406677246094,-0.18488982319831848,-94.63735961914062,-1.6517335176467896,90.85713958740234,1.5857561826705933,80.74725341796875,1.409305453300476,92.3956069946289,1.6126075983047485,0.6868131868131868,0.006868131868131868,-0.19488023221492767,-1.3439695835113525,1.1128941774368286,1.4239705801010132,1.6122239828109741,-0.00011979043483734131,-11.165814399719238,-0.1948802249416949,-90.63735961914062,-1.5819203506681576,86.85713958740234,1.51594306466448,81.5875015258789,1.4239705301024845,92.37362670898438,1.6122239280799513,0.0,0.0,True,False,0.01197904348373413,0.0,0.0,0.0,0.0,13.633575439453125,13.633575439453125,0.0,23.093002319335938,23.093002319335938,0.0,0.0,0.0,0.0,0.0,0.0
5,22,0.8773819269845262,0.8877535549690947,False,-10.593406677246094,-0.18488982319831848,-93.75823974609375,-1.636389970779419,90.68132019042969,1.5826876163482666,80.83516693115234,1.4108397960662842,92.3956069946289,1.6126075983047485,0.6868131868131868,0.006868131868131868,-0.20239299535751343,-1.309187650680542,1.1037201881408691,1.4081376791000366,1.6154022216796875,-0.0003666505217552185,-11.596263885498047,-0.20239298573205164,-89.75823974609375,-1.566576814363775,86.68132019042969,1.5128744372984362,80.68034362792969,1.4081376379478,92.55572509765625,1.6154021445248519,0.0,0.0,True,False,0.03666505217552185,0.0,0.0,0.0,0.0,14.747314453125,14.747314453125,0.0,23.442813873291016,23.442813873291016,0.0,0.0,0.0,0.0,0.0,0.0
5,23,0.910849628970027,0.9212939420249313,False,-10.681318283081055,-0.1864241659641266,-93.14286041259766,-1.6256495714187622,90.5054931640625,1.5796188116073608,80.83516693115234,1.4108397960662842,92.3956069946289,1.6126075983047485,0.6868131868131868,0.006868131868131868,-0.1958048790693283,-1.3875466585159302,1.191800832748413,1.4023798704147339,1.6127467155456543,0.0005843788385391235,-11.218792915344238,-0.19580487447217043,-89.14286041259766,-1.55583641884554,86.5054931640625,1.509805676774338,80.3504409790039,1.402379750512994,92.40357208251953,1.6127465734438793,0.058437883853912354,0.0005843788385391235,False,False,0.0,0.0,0.0,0.0,0.0,9.642295837402344,9.642295837402344,0.0,18.2203369140625,18.2203369140625,0.0,0.0,0.0,0.0,0.0,0.0
5,24,0.9443865249631926,0.9551157660316676,False,-10.681318283081055,-0.1864241659641266,-92.61538696289062,-1.616443395614624,90.5054931640625,1.5796188116073608,80.83516693115234,1.4108397960662842,92.3956069946289,1.6126075983047485,0.6868131868131868,0.006868131868131868,-0.1914156973361969,-1.408003330230713,1.2181599140167236,1.4037466049194336,1.6172759532928467,0.0001109689474105835,-10.967310905456543,-0.1914156853900972,-88.61538696289062,-1.5466302704312995,86.5054931640625,1.509805676774338,80.42874908447266,1.4037464847844228,92.66307830810547,1.617275811509777,0.01109689474105835,0.0001109689474105835,False,False,0.0,0.0,0.0,0.0,0.0,7.942741394042969,7.942741394042969,0.0,16.71007537841797,16.71007537841797,0.0,0.0,0.0,0.0,0.0,0.0
5,25,0.977617559954524,0.9883002790156752,False,-10.857142448425293,-0.18949288129806519,-91.56044006347656,-1.5980311632156372,90.5054931640625,1.5796188116073608,81.010986328125,1.4139084815979004,92.3956069946289,1.6126075983047485,0.6868131868131868,0.006868131868131868,-0.1890975385904312,-1.4677010774612427,1.2546074390411377,1.4035674333572388,1.6181572675704956,0.0023392364382743835,-10.834489822387695,-0.18909752017448092,-87.56044006347656,-1.5282179736028187,86.5054931640625,1.509805676774338,80.41848754882812,1.403567387201115,92.71357727050781,1.6181571846725387,0.23392364382743835,0.0023392364382743835,False,False,0.0,0.0,0.0,0.0,0.0,3.4673690795898438,3.4673690795898438,0.0,14.621788024902344,14.621788024902344,0.0,0.0,0.0,0.0,0.0,0.0
5,26,1.0108621260151267,1.0219846629770473,False,-11.032966613769531,-0.19256159663200378,-90.5934066772461,-1.5811532735824585,90.5054931640625,1.5796188116073608,81.0988998413086,1.4154428243637085,92.3956069946289,1.6126075983047485,0.6868131868131868,0.006868131868131868,-0.18583598732948303,-1.5147902965545654,1.276450753211975,1.402883768081665,1.61551034450531,0.0018864795565605164,-10.64761734008789,-0.18583598007697452,-86.79108428955078,-1.5147901822285847,86.5054931640625,1.509805676774338,80.37931823730469,1.4028837537492915,92.56192016601562,1.615510268865109,0.18864795565605164,0.0018864795565605164,False,False,0.0,0.0,0.0,0.0,0.0,0.0,0.0,0.0,13.370254516601562,13.370254516601562,0.0,0.0,0.0,0.0,0.0,0.0
5,27,1.0449622529558837,1.0551642200443894,False,-10.94505500793457,-0.19102723896503448,-90.06593322753906,-1.5719470977783203,90.5054931640625,1.5796188116073608,81.0988998413086,1.4154428243637085,92.65933990478516,1.6172105073928833,0.6868131868131868,0.006868131868131868,-0.1855456829071045,-1.5502551794052124,1.3049488067626953,1.4031950235366821,1.6151745319366455,0.00288216769695282,-10.63098430633545,-0.18554567887339907,-88.82307434082031,-1.5502550989910064,86.5054931640625,1.509805676774338,80.39714813232422,1.4031949441226674,92.54267883300781,1.61517444425165,0.288216769695282,0.00288216769695282,False,False,0.0,0.0,0.0,0.0,0.0,0.0,0.0,0.0,11.737434387207031,11.737434387207031,0.0,0.0,0.0,0.0,0.0,0.0
5,28,1.0786519319517538,1.0893534129718319,False,-10.94505500793457,-0.19102723896503448,-89.18681335449219,-1.5566035509109497,90.5054931640625,1.5796188116073608,80.92308044433594,1.4123741388320923,92.65933990478516,1.6172105073928833,0.6868131868131868,0.006868131868131868,-0.1857256293296814,-1.5102415084838867,1.277073860168457,1.4004135131835938,1.6167311668395996,0.0014629215002059937,-10.641294479370117,-0.18572562533930434,-86.53045654296875,-1.510241369928675,86.5054931640625,1.509805676774338,80.23777770996094,1.4004134055221342,92.63186645507812,1.6167310619088013,0.14629215002059937,0.0014629215002059937,False,False,0.0,0.0,0.0,0.0,0.0,0.0,0.0,0.0,13.334556579589844,13.334556579589844,0.0,0.0,0.0,0.0,0.0,0.0
5,29,1.1121646489482373,1.122349199024029,False,-10.94505500793457,-0.19102723896503448,-88.92308044433594,-1.5520005226135254,90.5054931640625,1.5796188116073608,80.57142639160156,1.4062366485595703,92.65933990478516,1.6172105073928833,0.6868131868131868,0.006868131868131868,-0.1889788657426834,-1.5628864765167236,1.3179235458374023,1.4058253765106201,1.6116511821746826,0.00017359107732772827,-10.827691078186035,-0.18897885970316108,-89.54679107666016,-1.5628863388831977,86.5054931640625,1.509805676774338,80.54785919189453,1.4058253483313385,92.34080505371094,1.6116510821294752,0.017359107732772827,0.00017359107732772827,False,False,0.0,0.0,0.0,0.0,0.0,0.0,0.0,0.0,10.994041442871094,10.994041442871094,0.0,0.0,0.0,0.0,0.0,0.0
5,30,1.1457124679582193,1.309296258026734,False,-10.94505500793457,-0.19102723896503448,-89.0988998413086,-1.5550692081451416,90.5054931640625,1.5796188116073608,80.74725341796875,1.409305453300476,92.65933990478516,1.6172105073928833,0.6868131868131868,0.006868131868131868,-0.1956738531589508,-1.6854101419448853,1.5895625352859497,1.3986254930496216,1.6171963214874268,-0.000485740602016449,-11.211285591125488,-0.19567384694653853,-93.0988998413086,-1.6248823322152612,91.0752182006836,1.5895624245741944,80.13533020019531,1.398625359166255,92.65851593017578,1.6171961829931836,0.0,0.0,True,False,0.0485740602016449,0.0,0.0,0.0,0.0,3.4679794311523438,3.4679794311523438,0.0,0.0,0.0,0.0,0.0,0.0,0.0,0.0,0.0
5,31,1.3106986799975857,1.3213661189656705,False,-10.94505500793457,-0.19102723896503448,-89.36264038085938,-1.559672236442566,90.5054931640625,1.5796188116073608,80.83516693115234,1.4108397960662842,92.65933990478516,1.6172105073928833,0.6868131868131868,0.006868131868131868,-0.19102950394153595,-1.679956078529358,1.5879186391830444,1.400715708732605,1.6152805089950562,-0.0006123408675193787,-10.945183753967285,-0.1910294937425221,-93.36264038085938,-1.6294854730014088,90.98103332519531,1.5879185883913431,80.25509643554688,1.4007156743058582,92.54875183105469,1.6152804380630352,0.0,0.0,True,False,0.061234086751937866,0.0,0.0,0.0,0.0,2.8917465209960938,2.8917465209960938,0.0,0.0,0.0,0.0,0.0,0.0,0.0,0.0,0.0
5,32,1.3445515360217541,1.355028662015684,False,-10.94505500793457,-0.19102723896503448,-89.36264038085938,-1.559672236442566,90.5054931640625,1.5796188116073608,80.83516693115234,1.4108397960662842,92.65933990478516,1.6172105073928833,0.6868131868131868,0.006868131868131868,-0.19299226999282837,-1.6790205240249634,1.5820503234863281,1.4018398523330688,1.6196808815002441,-0.0006089583039283752,-11.057641983032227,-0.1929922601106673,-93.36264038085938,-1.6294854730014088,90.6447982788086,1.582050179771299,80.31950378417969,1.4018397946019805,92.80087280273438,1.619680779132173,0.0,0.0,True,False,0.060895830392837524,0.0,0.0,0.0,0.0,2.8381423950195312,2.8381423950195312,0.0,0.0,0.0,0.0,0.0,0.0,0.0,0.0,0.0
5,33,1.377965918974951,1.3884415689390153,False,-10.94505500793457,-0.19102723896503448,-89.80220031738281,-1.567344069480896,90.5934066772461,1.5811532735824585,80.92308044433594,1.4123741388320923,92.65933990478516,1.6172105073928833,0.6868131868131868,0.006868131868131868,-0.19452780485153198,-1.6600255966186523,1.581118106842041,1.4022531509399414,1.618660807609558,-0.0003212094306945801,-11.145621299743652,-0.19452778886093655,-93.80220031738281,-1.6371572411536,90.59139251708984,1.5811180733897712,80.34318542480469,1.402253117203161,92.74242401123047,1.6186606552766183,0.0,0.0,True,False,0.03212094306945801,0.0,0.0,0.0,0.0,1.3102569580078125,1.3102569580078125,0.0,0.0,0.0,0.0,0.0,0.0,0.0,0.0,0.0
5,34,1.4112051849951968,1.4216442459728569,False,-10.94505500793457,-0.19102723896503448,-91.03296661376953,-1.588824987411499,91.20879364013672,1.5918937921524048,80.83516693115234,1.4108397960662842,92.3956069946289,1.6126075983047485,0.6868131868131868,0.006868131868131868,-0.18982474505901337,-1.6647157669067383,1.596571922302246,1.400865077972412,1.6131597757339478,-0.0006855428218841553,-10.876155853271484,-0.1898247295996407,-95.03296661376953,-1.6586381653481246,91.4768295288086,1.596571864563283,80.2636489868164,1.400864944484957,92.42723846435547,1.6131596297289506,0.0,0.0,True,False,0.06855428218841553,0.0,0.0,0.0,0.0,0.34821319580078125,0.34821319580078125,0.0,0.0,0.0,0.0,0.0,0.0,0.0,0.0,0.0
5,35,1.4449267809977755,1.4558057939866558,False,-10.94505500793457,-0.19102723896503448,-91.9120864868164,-1.6041685342788696,91.47252655029297,1.5964967012405396,80.74725341796875,1.409305453300476,92.30769348144531,1.6110731363296509,0.6868131868131868,0.006868131868131868,-0.19754965603351593,-1.6679869890213013,1.5817270278930664,1.4021716117858887,1.618109941482544,-0.0020173415541648865,-11.318760871887207,-0.19754964446033585,-95.56861114501953,-1.6679869260387388,90.62628173828125,1.581727005173018,80.33850860595703,1.40217149131575,92.71086883544922,1.6181099135631898,0.0,0.0,True,False,0.20173415541648865,0.0,0.0,0.0,0.0,0.0,0.0,0.0,0.0,0.0,0.0,0.0,0.0,0.0,0.0,0.0
5,36,1.479648060980253,1.490695024956949,False,-10.94505500793457,-0.19102723896503448,-92.96703338623047,-1.6225807666778564,91.47252655029297,1.5964967012405396,80.3956069946289,1.4031680822372437,92.30769348144531,1.6110731363296509,0.6868131868131868,0.006868131868131868,-0.19537802040576935,-1.6788933277130127,1.5936483144760132,1.4017671346664429,1.612025260925293,2.0802021026611328e-05,-11.194334983825684,-0.19537800303894434,-96.19349670410156,-1.678893236492886,91.30931854248047,1.593648246318594,80.31533813476562,1.4017670903042214,92.36223602294922,1.6120251231045768,0.002080202102661133,2.0802021026611328e-05,False,False,0.0,0.0,0.0,0.0,0.0,0.0,0.0,0.0,0.0,0.0,0.0,0.0,0.0,0.0,0.0,0.0
5,37,1.512214550981298,1.5224997099721804,False,-10.94505500793457,-0.19102723896503448,-93.5824203491211,-1.6333212852478027,91.47252655029297,1.5964967012405396,80.3956069946289,1.4031680822372437,92.30769348144531,1.6110731363296509,0.6868131868131868,0.006868131868131868,-0.19632400572299957,-1.6824980974197388,1.5888357162475586,1.4022941589355469,1.616736888885498,-0.00040675699710845947,-11.248536109924316,-0.19632399114765411,-96.40003204345703,-1.6824979581863626,91.03357696533203,1.588835647912712,80.34553527832031,1.402294129883948,92.63219451904297,1.616736787705145,0.0,0.0,True,False,0.04067569971084595,0.0,0.0,0.0,0.0,0.0,0.0,0.0,0.0,0.0,0.0,0.0,0.0,0.0,0.0,0.0
5,38,1.5465174380224198,1.557173319044523,False,-10.94505500793457,-0.19102723896503448,-94.19779968261719,-1.6440616846084595,91.47252655029297,1.5964967012405396,80.21977996826172,1.400099277496338,92.30769348144531,1.6110731363296509,0.6868131868131868,0.006868131868131868,-0.19435334205627441,-1.6771609783172607,1.5884195566177368,1.402682900428772,1.617978572845459,-0.0017365440726280212,-11.135625839233398,-0.19435333516477957,-96.09423828125,-1.6771608502037894,91.00973510742188,1.588419528992387,80.36780548095703,1.402682818245045,92.70333862304688,1.6179784865633944,0.0,0.0,True,False,0.17365440726280212,0.0,0.0,0.0,0.0,0.0,0.0,0.0,0.0,0.0,0.0,0.0,0.0,0.0,0.0,0.0
5,39,1.579749088967219,1.5901273769559339,False,-11.032966613769531,-0.19256159663200378,-94.63735961914062,-1.6517335176467896,91.47252655029297,1.5964967012405396,80.21977996826172,1.400099277496338,92.30769348144531,1.6110731363296509,0.6868131868131868,0.006868131868131868,-0.20048674941062927,-1.6672203540802002,1.5474157333374023,1.4063596725463867,1.6276601552963257,-0.0005958378314971924,-11.487044334411621,-0.20048674495804336,-95.5246810913086,-1.667220201960905,88.66038513183594,1.547415636636764,80.5784683227539,1.4063595784460086,93.25804901123047,1.627660009232214,0.0,0.0,True,False,0.05958378314971924,0.0,0.0,0.0,0.0,0.0,0.0,0.0,0.0,0.0,0.0,0.0,0.0,0.0,0.0,0.0
5,40,1.6127894360106438,1.6232517720200121,False,-11.032966613769531,-0.19256159663200378,-94.72527313232422,-1.6532678604125977,91.47252655029297,1.5964967012405396,80.21977996826172,1.400099277496338,92.30769348144531,1.6110731363296509,0.6868131868131868,0.006868131868131868,-0.1989804357290268,-1.69329035282135,1.5838115215301514,1.40274178981781,1.6173175573349,0.0003774315118789673,-11.400738716125488,-0.1989804277559809,-97.01838684082031,-1.6932902853458542,90.74571228027344,1.5838114613582228,80.37117767333984,1.402741674105136,92.66546630859375,1.6173174899808367,0.03774315118789673,0.0003774315118789673,False,False,0.0,0.0,0.0,0.0,0.0,0.0,0.0,0.0,0.0,0.0,0.0,0.0,0.0,0.0,0.0,0.0
5,41,1.6469517389778048,1.6574332610471174,False,-11.032966613769531,-0.19256159663200378,-94.72527313232422,-1.6532678604125977,91.47252655029297,1.5964967012405396,80.21977996826172,1.400099277496338,92.30769348144531,1.6110731363296509,0.6868131868131868,0.006868131868131868,-0.19665077328681946,-1.671781063079834,1.572203278541565,1.403439998626709,1.62176513671875,0.00018740445375442505,-11.267258644104004,-0.19665076101340684,-95.78599548339844,-1.6717809984857201,90.08060455322266,1.572203141640731,80.41118621826172,1.4034399549429546,92.92029571533203,1.6217651021593236,0.018740445375442505,0.00018740445375442505,False,False,0.0,0.0,0.0,0.0,0.0,0.0,0.0,0.0,0.0,0.0,0.0,0.0,0.0,0.0,0.0,0.0
5,42,1.6803098890231922,1.6903717659879476,False,-11.032966613769531,-0.19256159663200378,-95.07691955566406,-1.65940523147583,91.38461303710938,1.5949623584747314,80.21977996826172,1.400099277496338,92.30769348144531,1.6110731363296509,0.6868131868131868,0.006868131868131868,-0.19994479417800903,-1.6938774585723877,1.5776137113571167,1.402950644493103,1.618821382522583,0.0011751353740692139,-11.455991744995117,-0.1999447750314554,-97.0520248413086,-1.6938773792081623,90.3906021118164,1.577613619711336,80.38314819335938,1.4029505990926525,92.75162506103516,1.61882124389035,0.11751353740692139,0.0011751353740692139,False,False,0.0,0.0,0.0,0.0,0.0,0.0,0.0,0.0,0.0,0.0,0.0,0.0,0.0,0.0,0.0,0.0
5,43,1.7136166859418154,1.7239889099728316,False,-11.120879173278809,-0.19409595429897308,-95.42857360839844,-1.6655428409576416,91.38461303710938,1.5949623584747314,80.13186645507812,1.3985649347305298,92.30769348144531,1.6110731363296509,0.6868131868131868,0.006868131868131868,-0.19467397034168243,-1.6796144247055054,1.575836181640625,1.4007856845855713,1.6141985654830933,-0.0006014928221702576,-11.153996467590332,-0.19467396311526827,-96.23480987548828,-1.6796142873580249,90.28875732421875,1.5758360928417625,80.25910186767578,1.4007855822844726,92.48676300048828,1.6141985288701906,0.0,0.0,True,False,0.06014928221702576,0.0,0.0,0.0,0.0,0.0,0.0,0.0,0.0,0.0,0.0,0.0,0.0,0.0,0.0,0.0
5,44,1.7471834910102189,1.7579387089936063,False,-11.20879077911377,-0.1956302970647812,-95.42857360839844,-1.6655428409576416,91.38461303710938,1.5949623584747314,80.13186645507812,1.3985649347305298,92.30769348144531,1.6110731363296509,0.6868131868131868,0.006868131868131868,-0.19598591327667236,-1.6793737411499023,1.5895843505859375,1.3990771770477295,1.6144438982009888,0.00024743378162384033,-11.229165077209473,-0.19598590284726858,-96.22102355957031,-1.679373670753536,91.07646942138672,1.589584262495133,80.16121673583984,1.399077164445187,92.50081634521484,1.6144438060065867,0.024743378162384033,0.00024743378162384033,False,False,0.0,0.0,0.0,0.0,0.0,0.0,0.0,0.0,0.0,0.0,0.0,0.0,0.0,0.0,0.0,0.0
5,45,1.7804012809647247,1.7925139520084485,False,-11.20879077911377,-0.1956302970647812,-95.42857360839844,-1.6655428409576416,91.38461303710938,1.5949623584747314,80.13186645507812,1.3985649347305298,92.30769348144531,1.6110731363296509,0.6868131868131868,0.006868131868131868,-0.19626086950302124,-1.6871172189712524,1.5870094299316406,1.4005317687988281,1.6193259954452515,0.00112093985080719,-11.244918823242188,-0.19626085758506243,-96.66468811035156,-1.6871170779390505,90.92893981933594,1.58700938519519,80.24455261230469,1.4005316498745337,92.7805404663086,1.61932591291692,0.112093985080719,0.00112093985080719,False,False,0.0,0.0,0.0,0.0,0.0,0.0,0.0,0.0,0.0,0.0,0.0,0.0,0.0,0.0,0.0,0.0
5,46,1.8143390079494566,1.827212864998728,False,-11.20879077911377,-0.1956302970647812,-95.42857360839844,-1.6655428409576416,91.38461303710938,1.5949623584747314,80.13186645507812,1.3985649347305298,92.30769348144531,1.6110731363296509,0.6868131868131868,0.006868131868131868,-0.19455985724925995,-1.6824545860290527,1.5794894695281982,1.3997644186019897,1.614818811416626,0.000490531325340271,-11.14745807647705,-0.19455984666255838,-96.39754486083984,-1.6824545486605944,90.49807739257812,1.5794894172251333,80.20059204101562,1.3997643931644819,92.52230072021484,1.61481877908807,0.0490531325340271,0.000490531325340271,False,False,0.0,0.0,0.0,0.0,0.0,0.0,0.0,0.0,0.0,0.0,0.0,0.0,0.0,0.0,0.0,0.0
5,47,1.848113410989754,1.8614507309393957,False,-11.20879077911377,-0.1956302970647812,-95.42857360839844,-1.6655428409576416,91.38461303710938,1.5949623584747314,80.13186645507812,1.3985649347305298,92.30769348144531,1.6110731363296509,0.6868131868131868,0.006868131868131868,-0.1979675590991974,-1.6894277334213257,1.5716361999511719,1.4028960466384888,1.6172922849655151,0.0013120844960212708,-11.342704772949219,-0.1979675443696397,-96.79707336425781,-1.6894276365008032,90.0481185913086,1.5716361546446531,80.38002014160156,1.402896004290306,92.66401672363281,1.617292189950481,0.13120844960212708,0.0013120844960212708,False,False,0.0,0.0,0.0,0.0,0.0,0.0,0.0,0.0,0.0,0.0,0.0,0.0,0.0,0.0,0.0,0.0
5,48,1.8817127289948985,1.8924575629644096,False,-11.20879077911377,-0.1956302970647812,-95.42857360839844,-1.6655428409576416,91.38461303710938,1.5949623584747314,80.13186645507812,1.3985649347305298,92.30769348144531,1.6110731363296509,0.6868131868131868,0.006868131868131868,-0.22980906069278717,-1.6010420322418213,1.37539541721344,1.4090418815612793,1.6257939338684082,-0.00015620142221450806,-13.167088508605957,-0.22980904737668367,-91.73294830322266,-1.601041980452981,87.38461303710938,1.5251492130787205,80.73214721679688,1.409041781137882,93.151123046875,1.6257937990983409,0.0,0.0,True,False,0.015620142221450806,0.0,0.0,0.0,0.0,0.0,0.0,0.0,8.58026123046875,8.58026123046875,0.0,0.0,0.0,0.0,0.0,0.0
5,49,1.9148729899898171,1.925341801950708,False,-11.20879077911377,-0.1956302970647812,-95.42857360839844,-1.6655428409576416,91.38461303710938,1.5949623584747314,80.13186645507812,1.3985649347305298,92.30769348144531,1.6110731363296509,0.6868131868131868,0.006868131868131868,-0.2274782359600067,-1.5411516427993774,1.293231725692749,1.4148797988891602,1.626652717590332,0.0010880902409553528,-13.033541679382324,-0.2274782155011327,-91.42857360839844,-1.5957296398685454,87.38461303710938,1.5251492130787205,81.06663513183594,1.4148796965634445,93.20033264160156,1.6266526685498914,0.10880902409553528,0.0010880902409553528,False,False,0.0,0.0,0.0,0.0,0.0,3.1270904541015625,3.1270904541015625,0.0,13.287895202636719,13.287895202636719,0.0,0.0,0.0,0.0,0.0,0.0
5,50,1.9484029200393707,1.9590820419834927,False,-11.296703338623047,-0.19716466963291168,-95.42857360839844,-1.6655428409576416,91.38461303710938,1.5949623584747314,80.13186645507812,1.3985649347305298,92.30769348144531,1.6110731363296509,0.6868131868131868,0.006868131868131868,-0.22040295600891113,-1.4732604026794434,1.2247192859649658,1.435836672782898,1.6239933967590332,0.00021851807832717896,-12.628158569335938,-0.22040294549884876,-91.42857360839844,-1.5957296398685454,87.38461303710938,1.5251492130787205,82.26737976074219,1.4358366438134962,93.04796600341797,1.623993369043393,0.021851807832717896,0.00021851807832717896,False,False,0.0,0.0,0.0,0.0,0.0,7.016975402832031,7.016975402832031,0.0,17.21337127685547,17.21337127685547,0.0,0.0,0.0,0.0,0.0,0.0
5,51,1.981693609035574,1.992378827999346,False,-12.439560890197754,-0.21711128950119019,-94.63735961914062,-1.6517335176467896,91.03296661376953,1.588824987411499,80.13186645507812,1.3985649347305298,92.48351287841797,1.614141821861267,0.6868131868131868,0.006868131868131868,-0.22357401251792908,-1.4259788990020752,1.1589481830596924,1.4292731285095215,1.6289002895355225,-3.3095479011535645e-05,-12.809846878051758,-0.22357400469831973,-90.63735961914062,-1.5819203506681576,87.03296661376953,1.5190118251885782,81.89131164550781,1.4292730169908867,93.32910919189453,1.6289002433518638,0.0,0.0,True,False,0.0033095479011535645,0.0,0.0,0.0,0.0,8.934791564941406,8.934791564941406,0.0,20.630126953125,20.630126953125,0.0,0.0,0.0,0.0,0.0,0.0
5,52,2.0149222479667515,2.0254219699418172,False,-12.879120826721191,-0.2247830629348755,-93.14286041259766,-1.6256495714187622,90.94505310058594,1.587290644645691,80.48351287841797,1.4047023057937622,92.92308044433594,1.6218136548995972,0.6868131868131868,0.006868131868131868,-0.22251398861408234,-1.3489701747894287,1.0768241882324219,1.4398130178451538,1.6192865371704102,0.0005445554852485657,-12.749112129211426,-0.22251398336068412,-89.14286041259766,-1.55583641884554,86.94505310058594,1.5174774449265291,82.49520111083984,1.439812876479039,92.77828216552734,1.6192864981327868,0.05445554852485657,0.0005445554852485657,False,False,0.0,0.0,0.0,0.0,0.0,11.852569580078125,11.852569580078125,0.0,25.247573852539062,25.247573852539062,0.0,0.0,0.0,0.0,0.0,0.0
5,53,2.0486720469780266,2.059089191025123,False,-12.263736724853516,-0.21404258906841278,-92.17582702636719,-1.6087716817855835,90.94505310058594,1.587290644645691,80.83516693115234,1.4108397960662842,92.48351287841797,1.614141821861267,0.6868131868131868,0.006868131868131868,-0.23629730939865112,-1.2845169305801392,1.0169697999954224,1.4324924945831299,1.6147949695587158,0.00012173503637313843,-13.538837432861328,-0.2362972900956869,-88.17582702636719,-1.5389585022791084,86.94505310058594,1.5174774449265291,82.07576751708984,1.4324923792746291,92.52093505859375,1.6147949437963136,0.012173503637313843,0.00012173503637313843,False,False,0.0,0.0,0.0,0.0,0.0,14.57843017578125,14.57843017578125,0.0,28.676979064941406,28.676979064941406,0.0,0.0,0.0,0.0,0.0,0.0
5,54,2.081933266017586,2.0923279520357028,False,-12.175824165344238,-0.2125082165002823,-91.47252655029297,-1.5964967012405396,90.94505310058594,1.587290644645691,80.92308044433594,1.4123741388320923,92.48351287841797,1.614141821861267,0.6868131868131868,0.006868131868131868,-0.22705455124378204,-1.2039486169815063,0.9534828662872314,1.4477800130844116,1.6150463819503784,0.0005854219198226929,-13.00926685333252,-0.2270545398612147,-87.47252655029297,-1.5266835933407696,86.94505310058594,1.5174774449265291,82.9516830444336,1.4477799891961198,92.53533935546875,1.6150463462032172,0.05854219198226929,0.0005854219198226929,False,False,0.0,0.0,0.0,0.0,0.0,18.491355895996094,18.491355895996094,0.0,32.314510345458984,32.314510345458984,0.0,0.0,0.0,0.0,0.0,0.0
5,55,2.1153214150108397,2.127008280949667,False,-13.05494499206543,-0.2278517782688141,-90.5934066772461,-1.5811532735824585,90.94505310058594,1.587290644645691,81.010986328125,1.4139084815979004,92.48351287841797,1.614141821861267,0.6868131868131868,0.006868131868131868,-0.2261902540922165,-1.1086161136627197,0.8878834247589111,1.4661883115768433,1.6101129055023193,0.001329660415649414,-12.959746360778809,-0.22619024421894313,-86.5934066772461,-1.511340057036387,86.94505310058594,1.5174774449265291,84.00640106201172,1.4661882912829656,92.25267028808594,1.6101128402838454,0.1329660415649414,0.001329660415649414,False,False,0.0,0.0,0.0,0.0,0.0,23.074386596679688,23.074386596679688,0.0,36.073081970214844,36.073081970214844,0.0,0.0,0.0,0.0,0.0,0.0
5,56,2.149413167964667,2.176218854961917,False,-13.406593322753906,-0.2339891940355301,-90.06593322753906,-1.5719470977783203,90.94505310058594,1.587290644645691,81.27472686767578,1.4185116291046143,92.92308044433594,1.6218136548995972,0.6868131868131868,0.006868131868131868,-0.23440787196159363,-1.0273734331130981,0.796910285949707,1.5019638538360596,1.6069148778915405,-0.00026345252990722656,-13.430581092834473,-0.23440786052605975,-86.06593322753906,-1.5021339086221466,86.94505310058594,1.5174774449265291,85.27472686767578,1.4883247525798133,92.0694351196289,1.6069147832888238,0.0,0.0,True,False,0.026345252990722656,0.0,0.0,0.0,0.0,27.20177459716797,27.20177459716797,0.0,41.28546142578125,41.28546142578125,0.0,0.7814559936523438,0.7814559936523438,0.0,0.0,0.0
5,57,2.182567256037146,2.1933152449782938,False,-12.879120826721191,-0.2247830629348755,-89.36264038085938,-1.559672236442566,90.94505310058594,1.587290644645691,81.62637329101562,1.4246490001678467,92.92308044433594,1.6218136548995972,0.6868131868131868,0.006868131868131868,-0.2365444451570511,-0.9699320793151855,0.7450237274169922,1.5227259397506714,1.6119773387908936,0.0003250241279602051,-13.552997589111328,-0.23654443144484627,-85.36264038085938,-1.4898591328418624,86.94505310058594,1.5174774449265291,85.62637329101562,1.4944621404699554,92.35948944091797,1.6119771862049554,0.03250241279602051,0.0003250241279602051,False,False,0.0,0.0,0.0,0.0,0.0,29.789627075195312,29.789627075195312,0.0,44.258338928222656,44.258338928222656,0.0,1.6193923950195312,1.6193923950195312,0.0,0.0,0.0
5,58,2.215796213946305,2.2329242300475016,False,-12.615385055541992,-0.22018000483512878,-88.83516693115234,-1.5504661798477173,90.94505310058594,1.587290644645691,81.89010620117188,1.4292519092559814,92.92308044433594,1.6218136548995972,0.6868131868131868,0.006868131868131868,-0.2345607727766037,-0.8740662336349487,0.674325704574585,1.5570313930511475,1.6107029914855957,0.00028046220541000366,-13.43934154510498,-0.23456075926214393,-84.83516693115234,-1.480652984427622,86.94505310058594,1.5174774449265291,85.89010620117188,1.4990651480980484,92.2864761352539,1.6107028636233525,0.028046220541000366,0.00028046220541000366,False,False,0.0,0.0,0.0,0.0,0.0,34.75486373901367,34.75486373901367,0.0,48.30904006958008,48.30904006958008,0.0,3.3212127685546875,3.3212127685546875,0.0,0.0,0.0
5,59,2.2494626980042085,2.260475429939106,False,-13.494505882263184,-0.2355235517024994,-88.21977996826172,-1.539725661277771,90.94505310058594,1.587290644645691,82.24176025390625,1.435389518737793,92.92308044433594,1.6218136548995972,0.6868131868131868,0.006868131868131868,-0.23267202079296112,-0.8184565305709839,0.6012327075004578,1.59613835811615,1.6074151992797852,-0.0006908103823661804,-13.331124305725098,-0.2326720121275461,-84.21977996826172,-1.4699124557513326,86.94505310058594,1.5174774449265291,86.24176025390625,1.505202669146245,92.09809875488281,1.6074150580995952,0.0,0.0,True,False,0.06908103823661804,0.0,0.0,0.0,0.0,37.32567596435547,37.32567596435547,0.0,52.4969596862793,52.4969596862793,0.0,5.210227966308594,5.210227966308594,0.0,0.0,0.0
5,60,2.2828079720493406,2.446425969945267,False,-13.670330047607422,-0.238592267036438,-87.86813354492188,-1.533588171005249,90.85713958740234,1.5857561826705933,82.24176025390625,1.435389518737793,92.92308044433594,1.6218136548995972,0.6868131868131868,0.006868131868131868,-0.23683598637580872,-1.6539385318756104,1.5722649097442627,1.4223631620407104,1.6282293796539307,0.0007295235991477966,-13.5697021484375,-0.2368359810051827,-91.86813354492188,-1.6034014080207366,90.08413696289062,1.5722647938199663,81.49539947509766,1.4223630460685126,93.29066467285156,1.6282292599152184,0.07295235991477966,0.0007295235991477966,False,False,0.0,0.0,0.0,0.0,0.0,2.8955612182617188,2.8955612182617188,0.0,0.0,0.0,0.0,0.0,0.0,0.0,0.0,0.0
5,61,2.447938582045026,2.4593662299448624,False,-13.670330047607422,-0.238592267036438,-86.81318664550781,-1.5151759386062622,89.80220031738281,1.567344069480896,82.32967376708984,1.436923861503601,92.92308044433594,1.6218136548995972,0.6868131868131868,0.006868131868131868,-0.23702466487884521,-1.6568955183029175,1.5725476741790771,1.4191938638687134,1.6161032915115356,0.0006809905171394348,-13.580512046813965,-0.237024649323658,-90.81318664550781,-1.5849891111922558,90.100341796875,1.5725476215277328,81.31381225585938,1.419193751213264,92.59589385986328,1.6161032216818152,0.06809905171394348,0.0006809905171394348,False,False,0.0,0.0,0.0,0.0,0.0,4.119926452636719,4.119926452636719,0.0,0.0,0.0,0.0,0.0,0.0,0.0,0.0,0.0
5,62,2.481387560022995,2.4939651109743863,False,-13.494505882263184,-0.2355235517024994,-86.72527313232422,-1.513641595840454,89.80220031738281,1.567344069480896,82.4175796508789,1.4384580850601196,92.92308044433594,1.6218136548995972,0.6868131868131868,0.006868131868131868,-0.23139610886573792,-1.6634114980697632,1.5805916786193848,1.4176204204559326,1.6219584941864014,0.0005331560969352722,-13.25801944732666,-0.23139609164928915,-90.72527313232422,-1.5834547309302067,90.56122589111328,1.5805915664422625,81.22366333007812,1.417620355641245,92.9313735961914,1.6219584476544633,0.05331560969352722,0.0005331560969352722,False,False,0.0,0.0,0.0,0.0,0.0,4.5811767578125,4.5811767578125,0.0,0.0,0.0,0.0,0.0,0.0,0.0,0.0,0.0
5,63,2.514906718977727,2.5258435789728537,False,-13.494505882263184,-0.2355235517024994,-86.989013671875,-1.518244743347168,89.80220031738281,1.567344069480896,82.32967376708984,1.436923861503601,93.010986328125,1.6233479976654053,0.6868131868131868,0.006868131868131868,-0.23199646174907684,-1.6594082117080688,1.5749486684799194,1.4191107749938965,1.6218034029006958,0.0012505203485488892,-13.292417526245117,-0.23199645138277708,-90.989013671875,-1.5880578717163543,90.23790740966797,1.5749485944084936,81.30905151367188,1.4191106605872534,92.9224853515625,1.6218033185209662,0.12505203485488892,0.0012505203485488892,False,False,0.0,0.0,0.0,0.0,0.0,4.088066101074219,4.088066101074219,0.0,0.0,0.0,0.0,0.0,0.0,0.0,0.0,0.0
5,64,2.548039105022326,2.558932677959092,False,-13.494505882263184,-0.2355235517024994,-88.30769348144531,-1.541260004043579,90.32967376708984,1.5765502452850342,81.71428680419922,1.4261833429336548,93.010986328125,1.6233479976654053,0.6868131868131868,0.006868131868131868,-0.2296156883239746,-1.6608151197433472,1.579140067100525,1.4180908203125,1.6252963542938232,0.0015754923224449158,-13.15600872039795,-0.22961566859203028,-92.30769348144531,-1.611073176172928,90.47805786132812,1.5791400104901148,81.25061798095703,1.4180908030478077,93.12261962890625,1.6252963206067141,0.15754923224449158,0.0015754923224449158,False,False,0.0,0.0,0.0,0.0,0.0,2.8499984741210938,2.8499984741210938,0.0,0.0,0.0,0.0,0.0,0.0,0.0,0.0,0.0
5,65,2.58162688894663,2.5934989670058712,False,-13.494505882263184,-0.2355235517024994,-88.74725341796875,-1.5489317178726196,90.5934066772461,1.5811532735824585,81.45054626464844,1.421580195426941,92.57142639160156,1.6156761646270752,0.6868131868131868,0.006868131868131868,-0.22559894621372223,-1.6702592372894287,1.5799702405929565,1.4133949279785156,1.6266436576843262,0.0018627718091011047,-12.925867080688477,-0.22559893923316146,-92.74725341796875,-1.6187449443251192,90.52561950683594,1.5799701178018926,80.98155975341797,1.4133948510976708,93.19981384277344,1.6266436138021851,0.18627718091011047,0.0018627718091011047,False,False,0.0,0.0,0.0,0.0,0.0,2.9515457153320312,2.9515457153320312,0.0,0.0,0.0,0.0,0.0,0.0,0.0,0.0,0.0
5,66,2.6151497770333663,2.6257200229447335,False,-13.494505882263184,-0.2355235517024994,-89.80220031738281,-1.567344069480896,90.68132019042969,1.5826876163482666,81.36264038085938,1.4200459718704224,92.57142639160156,1.6156761646270752,0.6868131868131868,0.006868131868131868,-0.23260533809661865,-1.6890674829483032,1.585990071296692,1.413608193397522,1.621553897857666,0.0024054795503616333,-13.327303886413574,-0.23260533323175325,-93.80220031738281,-1.6371572411536,90.87052917480469,1.5859899271299076,80.99378204345703,1.4136081703009862,92.90818786621094,1.6215537803268258,0.24054795503616333,0.0024054795503616333,False,False,0.0,0.0,0.0,0.0,0.0,2.9742355346679688,2.9742355346679688,0.0,0.0,0.0,0.0,0.0,0.0,0.0,0.0,0.0
5,67,2.6485357199562714,2.661037990008481,False,-13.494505882263184,-0.2355235517024994,-90.76923370361328,-1.5842219591140747,90.76923370361328,1.5842219591140747,81.27472686767578,1.4185116291046143,92.57142639160156,1.6156761646270752,0.6868131868131868,0.006868131868131868,-0.2203962802886963,-1.6843392848968506,1.591757893562317,1.4151546955108643,1.6269614696502686,0.0018733963370323181,-12.627776145935059,-0.22039627095136674,-94.76923370361328,-1.6540351577200316,91.20100402832031,1.5917578014188012,81.08238983154297,1.4151546679459952,93.218017578125,1.6269613289202316,0.1873396337032318,0.0018733963370323181,False,False,0.0,0.0,0.0,0.0,0.0,1.7362899780273438,1.7362899780273438,0.0,0.0,0.0,0.0,0.0,0.0,0.0,0.0,0.0
5,68,2.6828096590470523,2.695747741032392,False,-13.494505882263184,-0.2355235517024994,-91.56044006347656,-1.5980311632156372,91.03296661376953,1.588824987411499,81.0988998413086,1.4154428243637085,92.57142639160156,1.6156761646270752,0.6868131868131868,0.006868131868131868,-0.228992760181427,-1.67705237865448,1.5737818479537964,1.4152377843856812,1.6278802156448364,0.001555413007736206,-13.120318412780762,-0.22899275521306076,-95.56044006347656,-1.667844313762365,90.17105102539062,1.5737817303768755,81.08715057373047,1.4152377585720057,93.27066040039062,1.627880119496309,0.1555413007736206,0.001555413007736206,False,False,0.0,0.0,0.0,0.0,0.0,0.5275802612304688,0.5275802612304688,0.0,0.0,0.0,0.0,0.0,0.0,0.0,0.0,0.0
5,69,2.715888120001182,2.7264166709501296,False,-13.494505882263184,-0.2355235517024994,-92.43955993652344,-1.6133747100830078,91.29669952392578,1.5934280157089233,81.0988998413086,1.4154428243637085,92.57142639160156,1.6156761646270752,0.6868131868131868,0.006868131868131868,-0.22889506816864014,-1.6684774160385132,1.5776952505111694,1.4161221981048584,1.6269110441207886,0.002390258014202118,-13.114720344543457,-0.2288950504905685,-95.59671020507812,-1.6684773471534768,90.39527130126953,1.5776951124406924,81.1378173828125,1.4161220612119665,93.21513366699219,1.626910995175629,0.2390258014202118,0.002390258014202118,False,False,0.0,0.0,0.0,0.0,0.0,0.0,0.0,0.0,0.0,0.0,0.0,0.0,0.0,0.0,0.0,0.0
5,70,2.7492483620299026,2.7599972690222785,False,-13.406593322753906,-0.2339891940355301,-93.14286041259766,-1.6256495714187622,91.38461303710938,1.5949623584747314,81.0988998413086,1.4154428243637085,92.57142639160156,1.6156761646270752,0.6868131868131868,0.006868131868131868,-0.23126500844955444,-1.6783891916275024,1.5704717636108398,1.4200794696807861,1.6289645433425903,0.0023820847272872925,-13.250508308410645,-0.23126499754462998,-96.16461181640625,-1.6783891000985338,89.98139953613281,1.570471687458016,81.36455535888672,1.4200793854337697,93.3327865600586,1.628964425534135,0.23820847272872925,0.0023820847272872925,False,False,0.0,0.0,0.0,0.0,0.0,0.0,0.0,0.0,0.0,0.0,0.0,0.0,0.0,0.0,0.0,0.0
5,71,2.7826725729973987,2.794209736981429,False,-13.318681716918945,-0.23245485126972198,-93.5824203491211,-1.6333212852478027,91.38461303710938,1.5949623584747314,81.0988998413086,1.4154428243637085,92.57142639160156,1.6156761646270752,0.6868131868131868,0.006868131868131868,-0.22884923219680786,-1.6793603897094727,1.5850509405136108,1.4176576137542725,1.6283917427062988,0.0029667094349861145,-13.11209487915039,-0.2288492274750623,-96.22026062011719,-1.6793603549480858,90.81672668457031,1.5850508965295458,81.22579193115234,1.4176575067384516,93.29997253417969,1.6283917127417133,0.29667094349861145,0.0029667094349861145,False,False,0.0,0.0,0.0,0.0,0.0,0.0,0.0,0.0,0.0,0.0,0.0,0.0,0.0,0.0,0.0,0.0
5,72,2.81608314497862,2.8276851129485294,False,-13.318681716918945,-0.23245485126972198,-94.02198028564453,-1.6409931182861328,91.38461303710938,1.5949623584747314,81.0988998413086,1.4154428243637085,92.57142639160156,1.6156761646270752,0.6868131868131868,0.006868131868131868,-0.23093217611312866,-1.677336573600769,1.58380126953125,1.4170963764190674,1.6288341283798218,0.002563193440437317,-13.231438636779785,-0.23093216898739735,-96.10430145263672,-1.67733648567768,90.74512481689453,1.583801208188026,81.19363403320312,1.4170962455387175,93.3253173828125,1.6288340637987755,0.2563193440437317,0.002563193440437317,False,False,0.0,0.0,0.0,0.0,0.0,0.0,0.0,0.0,0.0,0.0,0.0,0.0,0.0,0.0,0.0,0.0
5,73,2.8495100040454417,2.8622237709350884,False,-13.406593322753906,-0.2339891940355301,-94.28571319580078,-1.6455961465835571,91.38461303710938,1.5949623584747314,80.92308044433594,1.4123741388320923,92.57142639160156,1.6156761646270752,0.6868131868131868,0.006868131868131868,-0.22886745631694794,-1.671430230140686,1.573527455329895,1.418755054473877,1.6312689781188965,0.0028138160705566406,-13.113138198852539,-0.22886743683901573,-95.7658920288086,-1.6714301270121024,90.15647888183594,1.573527398492773,81.2886734008789,1.4187549954236733,93.4648208618164,1.6312688588253803,0.28138160705566406,0.0028138160705566406,False,False,0.0,0.0,0.0,0.0,0.0,0.0,0.0,0.0,0.0,0.0,0.0,0.0,0.0,0.0,0.0,0.0
5,74,2.8832711949944496,2.8971113309962675,False,-13.406593322753906,-0.2339891940355301,-94.37362670898438,-1.6471304893493652,91.38461303710938,1.5949623584747314,80.92308044433594,1.4123741388320923,92.57142639160156,1.6156761646270752,0.6868131868131868,0.006868131868131868,-0.22719348967075348,-1.6702086925506592,1.5684304237365723,1.4160287380218506,1.6304302215576172,0.0020778626203536987,-13.017227172851562,-0.2271934736463328,-95.6958999633789,-1.670208535020083,89.86444091796875,1.5684303744824701,81.1324691772461,1.4160287174157593,93.41676330566406,1.63043009624006,0.20778626203536987,0.0020778626203536987,False,False,0.0,0.0,0.0,0.0,0.0,0.0,0.0,0.0,0.0,0.0,0.0,0.0,0.0,0.0,0.0,0.0
5,75,2.91673284501303,2.93047869799193,False,-13.406593322753906,-0.2339891940355301,-94.37362670898438,-1.6471304893493652,91.38461303710938,1.5949623584747314,80.92308044433594,1.4123741388320923,92.57142639160156,1.6156761646270752,0.6868131868131868,0.006868131868131868,-0.2296295464038849,-1.6579155921936035,1.562583565711975,1.4191662073135376,1.627571940422058,0.0013315081596374512,-13.156803131103516,-0.22962953367445552,-94.99156188964844,-1.6579155165863317,89.5294418334961,1.5625835374672556,81.3122329711914,1.4191661874959816,93.25299835205078,1.6275718586001324,0.13315081596374512,0.0013315081596374512,False,False,0.0,0.0,0.0,0.0,0.0,0.0,0.0,0.0,0.0,0.0,0.0,0.0,0.0,0.0,0.0,0.0
5,76,2.9499597899848595,2.960523332003504,False,-13.406593322753906,-0.2339891940355301,-94.37362670898438,-1.6471304893493652,91.38461303710938,1.5949623584747314,80.92308044433594,1.4123741388320923,92.74725341796875,1.618744969367981,0.6868131868131868,0.006868131868131868,-0.22427675127983093,-1.6575777530670166,1.5668928623199463,1.4169888496398926,1.6262905597686768,0.002423331141471863,-12.85011100769043,-0.22427674633096437,-94.97220611572266,-1.657577694602055,89.7763442993164,1.566892798427113,81.1874771118164,1.4169887869887328,93.17958068847656,1.6262904786416408,0.24233311414718628,0.002423331141471863,False,False,0.0,0.0,0.0,0.0,0.0,0.0,0.0,0.0,0.0,0.0,0.0,0.0,0.0,0.0,0.0,0.0
5,77,2.983428376959637,2.994171384954825,False,-13.406593322753906,-0.2339891940355301,-94.37362670898438,-1.6471304893493652,91.38461303710938,1.5949623584747314,80.92308044433594,1.4123741388320923,92.74725341796875,1.618744969367981,0.6868131868131868,0.006868131868131868,-0.22630441188812256,-1.667535424232483,1.5621495246887207,1.4190599918365479,1.6321698427200317,0.002651818096637726,-12.966286659240723,-0.22630439396116664,-95.54273986816406,-1.667535387075916,89.50457000732422,1.5621494422095727,81.30614471435547,1.4190599273684874,93.51644134521484,1.6321698062221541,0.2651818096637726,0.002651818096637726,False,False,0.0,0.0,0.0,0.0,0.0,0.0,0.0,0.0,0.0,0.0,0.0,0.0,0.0,0.0,0.0,0.0
5,78,3.0167848389828578,3.0270173590397462,False,-13.318681716918945,-0.23245485126972198,-94.37362670898438,-1.6471304893493652,91.38461303710938,1.5949623584747314,80.92308044433594,1.4123741388320923,92.74725341796875,1.618744969367981,0.6868131868131868,0.006868131868131868,-0.22665320336818695,-1.6771262884140015,1.563356637954712,1.4192181825637817,1.6301828622817993,0.001186281442642212,-12.986270904541016,-0.22665318484018296,-96.09225463867188,-1.6771262291096183,89.57373046875,1.5633565199736512,81.3152084350586,1.4192181191372382,93.40259552001953,1.630182821732846,0.11862814426422119,0.001186281442642212,False,False,0.0,0.0,0.0,0.0,0.0,0.0,0.0,0.0,0.0,0.0,0.0,0.0,0.0,0.0,0.0,0.0
5,79,3.0502554760314524,3.0605717370053753,False,-13.230769157409668,-0.2309204787015915,-94.54945373535156,-1.650199294090271,91.38461303710938,1.5949623584747314,80.92308044433594,1.4123741388320923,92.74725341796875,1.618744969367981,0.6868131868131868,0.006868131868131868,-0.2274412214756012,-1.680126667022705,1.5711084604263306,1.4176033735275269,1.6271600723266602,0.0017137452960014343,-13.031421661376953,-0.2274412142067374,-96.26416015625,-1.6801265463937016,90.01787567138672,1.5711083161165993,81.22268676757812,1.4176033114102686,93.22940063476562,1.6271600007375515,0.17137452960014343,0.0017137452960014343,False,False,0.0,0.0,0.0,0.0,0.0,0.0,0.0,0.0,0.0,0.0,0.0,0.0,0.0,0.0,0.0,0.0
5,80,3.083952030981891,3.0943997859722003,False,-13.230769157409668,-0.2309204787015915,-94.54945373535156,-1.650199294090271,91.38461303710938,1.5949623584747314,80.92308044433594,1.4123741388320923,92.74725341796875,1.618744969367981,0.6868131868131868,0.006868131868131868,-0.22982564568519592,-1.6352673768997192,1.536921501159668,1.4178236722946167,1.629617691040039,0.0020892396569252014,-13.168038368225098,-0.22982562555446942,-93.69391632080078,-1.6352673288860253,88.05911254882812,1.5369214503613067,81.23530578613281,1.417823554832418,93.37020874023438,1.6296175657914767,0.20892396569252014,0.0020892396569252014,False,False,0.0,0.0,0.0,0.0,0.0,0.0,0.0,0.0,0.0,0.0,0.0,0.0,0.0,0.0,0.0,0.0
5,81,3.1183239379897714,3.1314283770043403,False,-13.230769157409668,-0.2309204787015915,-94.63735961914062,-1.6517335176467896,91.38461303710938,1.5949623584747314,80.92308044433594,1.4123741388320923,92.74725341796875,1.618744969367981,0.6868131868131868,0.006868131868131868,-0.2330666184425354,-1.6158075332641602,1.4826877117156982,1.4249674081802368,1.6315364837646484,0.0016886144876480103,-13.35373306274414,-0.23306660937731177,-92.57894897460938,-1.6158074776427618,87.38461303710938,1.5251492130787205,81.64461517333984,1.4249673512985013,93.48014831542969,1.6315363733568788,0.16886144876480103,0.0016886144876480103,False,False,0.0,0.0,0.0,0.0,0.0,0.0,0.0,0.0,2.4328689575195312,2.4328689575195312,0.0,0.0,0.0,0.0,0.0,0.0
5,82,3.1516707469709218,3.16257158794906,False,-13.230769157409668,-0.2309204787015915,-94.63735961914062,-1.6517335176467896,91.29669952392578,1.5934280157089233,80.92308044433594,1.4123741388320923,92.83516693115234,1.620279312133789,0.6868131868131868,0.006868131868131868,-0.24464184045791626,-1.4977914094924927,1.3448941707611084,1.431242823600769,1.6304837465286255,0.001622714102268219,-14.01694393157959,-0.24464182267350262,-90.63735961914062,-1.5819203506681576,87.29669952392578,1.5236148328166712,82.00416564941406,1.4312426909331093,93.41983032226562,1.6304836257779705,0.1622714102268219,0.001622714102268219,False,False,0.0,0.0,0.0,0.0,0.0,4.8202362060546875,4.8202362060546875,0.0,10.239944458007812,10.239944458007812,0.0,0.0,0.0,0.0,0.0,0.0
5,83,3.185060075018555,3.195619767997414,False,-13.230769157409668,-0.2309204787015915,-94.10989379882812,-1.642527461051941,91.03296661376953,1.588824987411499,80.92308044433594,1.4123741388320923,92.92308044433594,1.6218136548995972,0.6868131868131868,0.006868131868131868,-0.24654564261436462,-1.483864426612854,1.3074398040771484,1.4300402402877808,1.6360889673233032,0.0014606937766075134,-14.12602424621582,-0.2465456333130162,-90.10989379882812,-1.5727143354119717,87.03296661376953,1.5190118251885782,81.93526458740234,1.4300401405428842,93.7409896850586,1.6360889140823147,0.14606937766075134,0.0014606937766075134,False,False,0.0,0.0,0.0,0.0,0.0,5.090728759765625,5.090728759765625,0.0,12.122184753417969,12.122184753417969,0.0,0.0,0.0,0.0,0.0,0.0
5,84,3.21831701498013,3.229283793014474,False,-13.230769157409668,-0.2309204787015915,-93.14286041259766,-1.6256495714187622,91.03296661376953,1.588824987411499,81.010986328125,1.4139084815979004,92.92308044433594,1.6218136548995972,0.6868131868131868,0.006868131868131868,-0.24098540842533112,-1.4736220836639404,1.285412311553955,1.434584379196167,1.6219958066940308,0.001405663788318634,-13.807446479797363,-0.2409854023653647,-89.14286041259766,-1.55583641884554,87.03296661376953,1.5190118251885782,82.19562530517578,1.4345842923108862,92.93350982666016,1.6219957319097245,0.1405663788318634,0.001405663788318634,False,False,0.0,0.0,0.0,0.0,0.0,4.710540771484375,4.710540771484375,0.0,13.384269714355469,13.384269714355469,0.0,0.0,0.0,0.0,0.0,0.0
5,85,3.2518379209795967,3.2628642240306363,False,-13.230769157409668,-0.2309204787015915,-92.0879135131836,-1.6072373390197754,90.94505310058594,1.587290644645691,81.010986328125,1.4139084815979004,92.92308044433594,1.6218136548995972,0.6868131868131868,0.006868131868131868,-0.25212714076042175,-1.401132345199585,1.209242820739746,1.4381330013275146,1.6294313669204712,0.0007170960307121277,-14.445819854736328,-0.2521271196151179,-88.0879135131836,-1.5374241220170592,86.94505310058594,1.5174774449265291,82.3989486694336,1.438132954463417,93.35953521728516,1.6294312776732256,0.07170960307121277,0.0007170960307121277,False,False,0.0,0.0,0.0,0.0,0.0,7.8089447021484375,7.8089447021484375,0.0,17.660545349121094,17.660545349121094,0.0,0.0,0.0,0.0,0.0,0.0
5,86,3.285359948989935,3.2963766109896824,False,-13.406593322753906,-0.2339891940355301,-91.29669952392578,-1.5934280157089233,90.94505310058594,1.587290644645691,81.27472686767578,1.4185116291046143,92.92308044433594,1.6218136548995972,0.6868131868131868,0.006868131868131868,-0.2520908713340759,-1.3575273752212524,1.1644532680511475,1.4447901248931885,1.6290531158447266,0.0012890174984931946,-14.443741798400879,-0.2520908506900224,-87.29669952392578,-1.5236148328166712,86.94505310058594,1.5174774449265291,82.7803726196289,1.444790058240288,93.33786010742188,1.62905297564038,0.12890174984931946,0.0012890174984931946,False,False,0.0,0.0,0.0,0.0,0.0,9.51611328125,9.51611328125,0.0,20.22679901123047,20.22679901123047,0.0,0.0,0.0,0.0,0.0,0.0
5,87,3.3186973510310054,3.3298646579496562,False,-13.670330047607422,-0.238592267036438,-90.32967376708984,-1.5765502452850342,90.94505310058594,1.587290644645691,81.45054626464844,1.421580195426941,92.92308044433594,1.6218136548995972,0.6868131868131868,0.006868131868131868,-0.25882095098495483,-1.2769067287445068,1.1012251377105713,1.451482892036438,1.6241642236709595,0.0019080117344856262,-14.829347610473633,-0.25882094172551845,-86.32967376708984,-1.5067370494082941,86.94505310058594,1.5174774449265291,83.1638412475586,1.451482848375766,93.05774688720703,1.624164077669267,0.19080117344856262,0.0019080117344856262,False,False,0.0,0.0,0.0,0.0,0.0,13.168312072753906,13.168312072753906,0.0,23.849502563476562,23.849502563476562,0.0,0.0,0.0,0.0,0.0,0.0
5,88,3.3522042599506676,3.3629452240420505,False,-14.10988998413086,-0.2462640404701233,-90.15384674072266,-1.5734814405441284,90.94505310058594,1.587290644645691,81.53845977783203,1.423114538192749,93.36264038085938,1.6294854879379272,0.6868131868131868,0.006868131868131868,-0.2648863196372986,-1.1822501420974731,1.0365054607391357,1.452039361000061,1.6199241876602173,0.0015563815832138062,-15.176867485046387,-0.2648863077529307,-86.15384674072266,-1.503668288884196,86.94505310058594,1.5174774449265291,83.19572448730469,1.4520393158855383,92.81481170654297,1.6199240588977517,0.15563815832138062,0.0015563815832138062,False,False,0.0,0.0,0.0,0.0,0.0,18.415908813476562,18.415908813476562,0.0,27.557666778564453,27.557666778564453,0.0,0.0,0.0,0.0,0.0,0.0
5,89,3.385551637969911,3.3963942719856277,False,-14.549450874328613,-0.2539358139038086,-89.27472686767578,-1.5581378936767578,90.94505310058594,1.587290644645691,81.62637329101562,1.4246490001678467,93.45054626464844,1.6310197114944458,0.6868131868131868,0.006868131868131868,-0.2620833218097687,-1.1457524299621582,0.9730387926101685,1.4720696210861206,1.6172842979431152,0.0006715729832649231,-15.016267776489258,-0.2620833140608655,-85.27472686767578,-1.4883247525798133,86.94505310058594,1.5174774449265291,84.34336853027344,1.4720694830762422,92.66355895996094,1.6172842004672108,0.06715729832649231,0.0006715729832649231,False,False,0.0,0.0,0.0,0.0,0.0,19.627952575683594,19.627952575683594,0.0,31.19403839111328,31.19403839111328,0.0,0.0,0.0,0.0,0.0,0.0
5,90,3.4192064580274746,3.581288903951645,False,-14.813186645507812,-0.2585388720035553,-88.57142639160156,-1.5458630323410034,90.85713958740234,1.5857561826705933,81.62637329101562,1.4246490001678467,93.45054626464844,1.6310197114944458,0.6868131868131868,0.006868131868131868,-0.26044875383377075,-1.6216611862182617,1.5507030487060547,1.4163434505462646,1.6380759477615356,4.789978265762329e-05,-14.922613143920898,-0.26044873236280214,-92.57142639160156,-1.615676183801021,88.8487319946289,1.5507029095283031,81.15049743652344,1.4163433698985521,93.8548355102539,1.6380758985716228,0.004789978265762329,4.789978265762329e-05,False,False,0.0,0.0,0.0,0.0,0.0,0.3429107666015625,0.3429107666015625,0.0,0.0,0.0,0.0,0.0,0.0,0.0,0.0,0.0
5,91,3.5828429179964587,3.5932983979582787,False,-14.725275039672852,-0.2570045292377472,-87.51648712158203,-1.5274507999420166,90.24176025390625,1.5750157833099365,82.06593322753906,1.4323207139968872,93.45054626464844,1.6310197114944458,0.6868131868131868,0.006868131868131868,-0.2635498642921448,-1.6312118768692017,1.5184344053268433,1.4151151180267334,1.6279296875,0.00025225430727005005,-15.10029411315918,-0.2635498502941449,-91.51648712158203,-1.5972640201305945,86.9998779296875,1.5184343187061946,81.08011627197266,1.415114986845753,93.27349853515625,1.6279296542925845,0.025225430727005005,0.00025225430727005005,False,False,0.0,0.0,0.0,0.0,0.0,1.9450607299804688,1.9450607299804688,0.0,0.0,0.0,0.0,0.0,0.0,0.0,0.0,0.0
5,92,3.6167175109731033,3.6273641609586775,False,-14.725275039672852,-0.2570045292377472,-87.51648712158203,-1.5274507999420166,90.15384674072266,1.5734814405441284,82.06593322753906,1.4323207139968872,93.45054626464844,1.6310197114944458,0.6868131868131868,0.006868131868131868,-0.25393229722976685,-1.6508054733276367,1.5557793378829956,1.4134823083877563,1.6387888193130493,-0.0009097456932067871,-14.549247741699219,-0.25393227678100083,-91.51648712158203,-1.5972640201305945,89.13958740234375,1.5557792940401578,80.98656463623047,1.4134822027814256,93.89567565917969,1.6387886936373826,0.0,0.0,True,False,0.09097456932067871,0.0,0.0,0.0,0.0,3.0676956176757812,3.0676956176757812,0.0,0.0,0.0,0.0,0.0,0.0,0.0,0.0,0.0
5,93,3.650353880948387,3.660752133000642,False,-14.725275039672852,-0.2570045292377472,-87.78022003173828,-1.532053828239441,90.15384674072266,1.5734814405441284,81.80220031738281,1.427717685699463,93.53845977783203,1.632554054260254,0.6868131868131868,0.006868131868131868,-0.25522565841674805,-1.6655527353286743,1.5818841457366943,1.408968448638916,1.6272196769714355,0.0001152530312538147,-14.62335205078125,-0.2552256409643978,-91.78022003173828,-1.6018670277586875,90.6352767944336,1.581883998519278,80.72794342041016,1.4089684110498502,93.2328109741211,1.627219522387915,0.01152530312538147,0.0001152530312538147,False,False,0.0,0.0,0.0,0.0,0.0,3.6489181518554688,3.6489181518554688,0.0,0.0,0.0,0.0,0.0,0.0,0.0,0.0,0.0
5,94,3.6837594299577177,3.6943760679569095,False,-14.725275039672852,-0.2570045292377472,-88.65933990478516,-1.5473973751068115,90.15384674072266,1.5734814405441284,81.71428680419922,1.4261833429336548,93.45054626464844,1.6310197114944458,0.6868131868131868,0.006868131868131868,-0.25485938787460327,-1.6685596704483032,1.5677366256713867,1.409682273864746,1.6289864778518677,-0.0002910196781158447,-14.60236644744873,-0.25485937309072787,-92.65933990478516,-1.61721056406307,89.8246841430664,1.56773648786045,80.76883697509766,1.4096821382219913,93.33404541015625,1.628986396613128,0.0,0.0,True,False,0.029101967811584473,0.0,0.0,0.0,0.0,2.9420852661132812,2.9420852661132812,0.0,0.0,0.0,0.0,0.0,0.0,0.0,0.0,0.0
5,95,3.7169236519839615,3.727183277020231,False,-14.725275039672852,-0.2570045292377472,-89.53845977783203,-1.5627409219741821,90.5934066772461,1.5811532735824585,81.36264038085938,1.4200459718704224,93.0988998413086,1.6248823404312134,0.6868131868131868,0.006868131868131868,-0.2519465982913971,-1.6740612983703613,1.57170569896698,1.4068341255187988,1.6287896633148193,0.000513032078742981,-14.435476303100586,-0.2519465905827242,-93.53845977783203,-1.6325541003674526,90.0521011352539,1.5717056631491042,80.60565185546875,1.4068340205942063,93.32276916503906,1.628789589008571,0.051303207874298096,0.000513032078742981,False,False,0.0,0.0,0.0,0.0,0.0,2.3781814575195312,2.3781814575195312,0.0,0.0,0.0,0.0,0.0,0.0,0.0,0.0,0.0
5,96,3.7509081879397854,3.7615219689905643,False,-14.725275039672852,-0.2570045292377472,-91.03296661376953,-1.588824987411499,90.94505310058594,1.587290644645691,80.92308044433594,1.4123741388320923,93.0988998413086,1.6248823404312134,0.6868131868131868,0.006868131868131868,-0.2541571855545044,-1.680623173713684,1.5732680559158325,1.4052554368972778,1.6294318437576294,0.0016671940684318542,-14.562132835388184,-0.25415716409030126,-95.03296661376953,-1.6586381653481246,90.14161682128906,1.573268006602599,80.51519775390625,1.405255298700007,93.35956573486328,1.6294318103054437,0.16671940684318542,0.0016671940684318542,False,False,0.0,0.0,0.0,0.0,0.0,1.2596435546875,1.2596435546875,0.0,0.0,0.0,0.0,0.0,0.0,0.0,0.0,0.0
5,97,3.7842200780287385,3.7948677639942616,False,-14.637362480163574,-0.2554701566696167,-91.29669952392578,-1.5934280157089233,90.94505310058594,1.587290644645691,80.92308044433594,1.4123741388320923,93.0988998413086,1.6248823404312134,0.6868131868131868,0.006868131868131868,-0.25276607275009155,-1.6665147542953491,1.5722211599349976,1.4083069562911987,1.6304404735565186,0.0006519481539726257,-14.482428550720215,-0.25276606189489836,-95.29669952392578,-1.6632411729762175,90.08163452148438,1.572221117978089,80.6900405883789,1.4083068818350746,93.41735076904297,1.6304403494102566,0.06519481539726257,0.0006519481539726257,False,False,0.0,0.0,0.0,0.0,0.0,0.18755340576171875,0.18755340576171875,0.0,0.0,0.0,0.0,0.0,0.0,0.0,0.0,0.0
5,98,3.817558223963715,3.8279377339640632,False,-14.637362480163574,-0.2554701566696167,-92.35164642333984,-1.6118402481079102,90.94505310058594,1.587290644645691,80.74725341796875,1.409305453300476,93.0988998413086,1.6248823404312134,0.6868131868131868,0.006868131868131868,-0.24674761295318604,-1.6782503128051758,1.5771914720535278,1.407790184020996,1.6318178176879883,0.001968085765838623,-14.137596130371094,-0.24674760079218508,-96.15665435791016,-1.6782502162476862,90.36640930175781,1.5771913755205038,80.66043090820312,1.4077900954255447,93.49626922607422,1.6318177363260458,0.1968085765838623,0.001968085765838623,False,False,0.0,0.0,0.0,0.0,0.0,0.0,0.0,0.0,0.0,0.0,0.0,0.0,0.0,0.0,0.0,0.0
5,99,3.8511581589700654,3.861525841988623,False,-14.725275039672852,-0.2570045292377472,-93.31867980957031,-1.6287182569503784,90.94505310058594,1.587290644645691,80.65933990478516,1.4077709913253784,93.0988998413086,1.6248823404312134,0.6868131868131868,0.006868131868131868,-0.2518845200538635,-1.6795823574066162,1.5756229162216187,1.4100968837738037,1.6318094730377197,0.0008181482553482056,-14.43191909790039,-0.2518845056398117,-96.23297882080078,-1.679582329424944,90.27653503417969,1.5756227736384472,80.79259490966797,1.4100967924037167,93.49578857421875,1.631809347368612,0.08181482553482056,0.0008181482553482056,False,False,0.0,0.0,0.0,0.0,0.0,0.0,0.0,0.0,0.0,0.0,0.0,0.0,0.0,0.0,0.0,0.0
5,100,3.8844565709587187,3.895405128947459,False,-14.813186645507812,-0.2585388720035553,-93.93406677246094,-1.6394587755203247,90.94505310058594,1.587290644645691,80.65933990478516,1.4077709913253784,93.010986328125,1.6233479976654053,0.6868131868131868,0.006868131868131868,-0.2505554258823395,-1.6661698818206787,1.5550801753997803,1.410733938217163,1.632764220237732,9.293109178543091e-05,-14.355767250061035,-0.2505554051635372,-95.4645004272461,-1.6661698512269778,89.09952545166016,1.5550800810959575,80.82909393310547,1.4107338205364637,93.55049133300781,1.6327640906194054,0.00929310917854309,9.293109178543091e-05,False,False,0.0,0.0,0.0,0.0,0.0,0.0,0.0,0.0,0.0,0.0,0.0,0.0,0.0,0.0,0.0,0.0
5,101,3.917884779977612,3.928335480974056,False,-14.90109920501709,-0.2600732445716858,-94.37362670898438,-1.6471304893493652,90.94505310058594,1.587290644645691,80.65933990478516,1.4077709913253784,93.010986328125,1.6233479976654053,0.6868131868131868,0.006868131868131868,-0.252061128616333,-1.651181697845459,1.545070767402649,1.4123561382293701,1.634006381034851,0.00015907734632492065,-14.442037582397461,-0.25206110650959757,-94.6057357788086,-1.6511815806120118,88.52603149414062,1.5450707232969492,80.92204284667969,1.4123560851144854,93.62166595458984,1.6340063221098728,0.015907734632492065,0.00015907734632492065,False,False,0.0,0.0,0.0,0.0,0.0,0.0,0.0,0.0,0.0,0.0,0.0,0.0,0.0,0.0,0.0,0.0
5,102,3.951353713986464,3.9616769099375233,False,-14.90109920501709,-0.2600732445716858,-94.46154022216797,-1.6486648321151733,90.94505310058594,1.587290644645691,80.65933990478516,1.4077709913253784,93.010986328125,1.6233479976654053,0.6868131868131868,0.006868131868131868,-0.25380828976631165,-1.6549335718154907,1.553496241569519,1.4122484922409058,1.6298705339431763,-4.798173904418945e-05,-14.542142868041992,-0.25380827334274403,-94.8207015991211,-1.6549334419557156,89.00877380371094,1.553496166037633,80.9158706665039,1.4122483602483917,93.38469696044922,1.6298704329369798,0.0,0.0,True,False,0.004798173904418945,0.0,0.0,0.0,0.0,0.0,0.0,0.0,0.0,0.0,0.0,0.0,0.0,0.0,0.0,0.0
5,103,3.9845824709627777,3.99516437004786,False,-14.813186645507812,-0.2585388720035553,-94.37362670898438,-1.6471304893493652,90.94505310058594,1.587290644645691,80.65933990478516,1.4077709913253784,93.010986328125,1.6233479976654053,0.6868131868131868,0.006868131868131868,-0.256380558013916,-1.6742191314697266,1.558380126953125,1.4108362197875977,1.6315984725952148,0.001490183174610138,-14.689522743225098,-0.2563805374158675,-95.9256820678711,-1.6742189893056332,89.2885971069336,1.5583800040026747,80.83495330810547,1.4108360859223228,93.48370361328125,1.6315984250102777,0.1490183174610138,0.001490183174610138,False,False,0.0,0.0,0.0,0.0,0.0,0.0,0.0,0.0,0.0,0.0,0.0,0.0,0.0,0.0,0.0,0.0
5,104,4.01805404399056,4.02835460100323,False,-14.813186645507812,-0.2585388720035553,-94.37362670898438,-1.6471304893493652,90.94505310058594,1.587290644645691,80.65933990478516,1.4077709913253784,93.010986328125,1.6233479976654053,0.6868131868131868,0.006868131868131868,-0.25591492652893066,-1.6616055965423584,1.549108862876892,1.4115145206451416,1.6300458908081055,0.0005326941609382629,-14.66284465789795,-0.25591491698878077,-95.2029800415039,-1.661605459434691,88.75739288330078,1.5491087412997817,80.87381744384766,1.4115143930519658,93.39474487304688,1.6300458020947615,0.053269416093826294,0.0005326941609382629,False,False,0.0,0.0,0.0,0.0,0.0,0.0,0.0,0.0,0.0,0.0,0.0,0.0,0.0,0.0,0.0,0.0
5,105,4.051369157037698,4.062301405938342,False,-14.813186645507812,-0.2585388720035553,-94.37362670898438,-1.6471304893493652,90.94505310058594,1.587290644645691,80.65933990478516,1.4077709913253784,93.010986328125,1.6233479976654053,0.6868131868131868,0.006868131868131868,-0.2743953466415405,-1.5990114212036133,1.4375289678573608,1.4165815114974976,1.6407215595245361,-0.00035096704959869385,-15.721693992614746,-0.2743953241621404,-91.6166000366211,-1.5990113201217955,86.94505310058594,1.5174774449265291,81.16413879394531,1.4165814565000052,94.00641632080078,1.6407214827985077,0.0,0.0,True,False,0.035096704959869385,0.0,0.0,0.0,0.0,0.0,0.0,0.0,4.580711364746094,4.580711364746094,0.0,0.0,0.0,0.0,0.0,0.0
5,106,4.085199672030285,4.095543134026229,False,-14.813186645507812,-0.2585388720035553,-94.54945373535156,-1.650199294090271,90.94505310058594,1.587290644645691,80.65933990478516,1.4077709913253784,93.010986328125,1.6233479976654053,0.6868131868131868,0.006868131868131868,-0.27234622836112976,-1.6054255962371826,1.451521635055542,1.4183366298675537,1.6309640407562256,0.001240171492099762,-15.604289054870605,-0.27234622144040616,-91.9841079711914,-1.6054255436072515,86.94505310058594,1.5174774449265291,81.26470184326172,1.4183366128164219,93.44734954833984,1.6309639268805662,0.1240171492099762,0.001240171492099762,False,False,0.0,0.0,0.0,0.0,0.0,0.0,0.0,0.0,3.77899169921875,3.77899169921875,0.0,0.0,0.0,0.0,0.0,0.0
5,107,4.118631102959625,4.1306275359820575,False,-14.813186645507812,-0.2585388720035553,-94.37362670898438,-1.6471304893493652,90.94505310058594,1.587290644645691,80.65933990478516,1.4077709913253784,93.010986328125,1.6233479976654053,0.6868131868131868,0.006868131868131868,-0.2628069519996643,-1.6512943506240845,1.523110270500183,1.4135076999664307,1.6314482688903809,-0.0004741847515106201,-15.05772876739502,-0.26280694486331047,-94.61219024658203,-1.6512942323261222,87.26778411865234,1.5231101637901012,80.98802185058594,1.4135076359698358,93.47509765625,1.6314482227247973,0.0,0.0,True,False,0.04741847515106201,0.0,0.0,0.0,0.0,0.0,0.0,0.0,0.0,0.0,0.0,0.0,0.0,0.0,0.0,0.0
5,108,4.152124327025376,4.163473921944387,False,-14.813186645507812,-0.2585388720035553,-93.31867980957031,-1.6287182569503784,90.94505310058594,1.587290644645691,80.65933990478516,1.4077709913253784,93.010986328125,1.6233479976654053,0.6868131868131868,0.006868131868131868,-0.25507891178131104,-1.6526614427566528,1.551960825920105,1.4092183113098145,1.6350241899490356,0.001348644495010376,-14.614944458007812,-0.25507890078833445,-94.69052124023438,-1.6526613660717144,88.9207992553711,1.5519607205111476,80.74225616455078,1.4092182155600996,93.67997741699219,1.6350240491204466,0.1348644495010376,0.001348644495010376,False,False,0.0,0.0,0.0,0.0,0.0,0.0,0.0,0.0,0.0,0.0,0.0,0.0,0.0,0.0,0.0,0.0
5,109,4.185470337048173,4.197330447030254,False,-14.813186645507812,-0.2585388720035553,-92.96703338623047,-1.6225807666778564,90.94505310058594,1.587290644645691,80.74725341796875,1.409305453300476,93.010986328125,1.6233479976654053,0.6868131868131868,0.006868131868131868,-0.2547735273838043,-1.6638175249099731,1.557414174079895,1.4098635911941528,1.635564923286438,0.0008533522486686707,-14.597447395324707,-0.25477351943508647,-95.32971954345703,-1.6638174810361108,89.2332534790039,1.557414075475303,80.77922821044922,1.409863499492226,93.7109603881836,1.6355648039797872,0.08533522486686707,0.0008533522486686707,False,False,0.0,0.0,0.0,0.0,0.0,0.0,0.0,0.0,0.0,0.0,0.0,0.0,0.0,0.0,0.0,0.0
5,110,4.218875473015942,4.231944572995417,False,-14.813186645507812,-0.2585388720035553,-93.4945068359375,-1.6317869424819946,90.94505310058594,1.587290644645691,80.74725341796875,1.409305453300476,93.010986328125,1.6233479976654053,0.6868131868131868,0.006868131868131868,-0.25120311975479126,-1.6754069328308105,1.5528277158737183,1.40693998336792,1.6324677467346191,8.136779069900513e-05,-14.392877578735352,-0.2512031025854013,-95.99374389648438,-1.675406892309863,88.97046661376953,1.5528275794459685,80.6117172241211,1.4069398812475369,93.53350830078125,1.6324676807900795,0.008136779069900513,8.136779069900513e-05,False,False,0.0,0.0,0.0,0.0,0.0,0.0,0.0,0.0,0.0,0.0,0.0,0.0,0.0,0.0,0.0,0.0
5,111,4.252550074015744,4.266188413952477,False,-14.813186645507812,-0.2585388720035553,-94.02198028564453,-1.6409931182861328,90.94505310058594,1.587290644645691,80.65933990478516,1.4077709913253784,93.010986328125,1.6233479976654053,0.6868131868131868,0.006868131868131868,-0.2539740204811096,-1.6664000749588013,1.5535773038864136,1.4093914031982422,1.6352964639663696,2.8051435947418213e-05,-14.55163860321045,-0.25397400518633106,-95.4776840209961,-1.6663999483451606,89.01342010498047,1.5535772592928259,80.7521743774414,1.4093913210309548,93.6955795288086,1.6352963573419073,0.0028051435947418213,2.8051435947418213e-05,False,False,0.0,0.0,0.0,0.0,0.0,0.0,0.0,0.0,0.0,0.0,0.0,0.0,0.0,0.0,0.0,0.0
5,112,4.285976591985673,4.298879964044318,False,-14.813186645507812,-0.2585388720035553,-94.37362670898438,-1.6471304893493652,90.94505310058594,1.587290644645691,80.65933990478516,1.4077709913253784,93.010986328125,1.6233479976654053,0.6868131868131868,0.006868131868131868,-0.2605498433113098,-1.6623866558074951,1.5132991075515747,1.4133896827697754,1.6365240812301636,-0.0005590617656707764,-14.92840576171875,-0.26054983261568426,-95.24773406982422,-1.6623865645824112,86.94505310058594,1.5174774449265291,80.98126220703125,1.4133896579335452,93.76591491699219,1.6365239414463792,0.0,0.0,True,False,0.05590617656707764,0.0,0.0,0.0,0.0,0.0,0.0,0.0,0.23940277099609375,0.23940277099609375,0.0,0.0,0.0,0.0,0.0,0.0
5,113,4.319227932021022,4.330968267982826,False,-14.813186645507812,-0.2585388720035553,-94.46154022216797,-1.6486648321151733,90.94505310058594,1.587290644645691,80.65933990478516,1.4077709913253784,93.010986328125,1.6233479976654053,0.6868131868131868,0.006868131868131868,-0.2603011131286621,-1.6639167070388794,1.5268737077713013,1.4133738279342651,1.6373974084854126,0.0008831620216369629,-14.914154052734375,-0.26030109336987084,-95.33539581298828,-1.6639165506286617,87.48341369628906,1.5268736098845468,80.98035430908203,1.4133738121250592,93.81595611572266,1.6373973251258707,0.08831620216369629,0.0008831620216369629,False,False,0.0,0.0,0.0,0.0,0.0,0.0,0.0,0.0,0.0,0.0,0.0,0.0,0.0,0.0,0.0,0.0
5,114,4.352651937049814,4.363274617935531,False,-14.813186645507812,-0.2585388720035553,-94.46154022216797,-1.6486648321151733,90.94505310058594,1.587290644645691,80.65933990478516,1.4077709913253784,93.010986328125,1.6233479976654053,0.6868131868131868,0.006868131868131868,-0.2627750039100647,-1.5831058025360107,1.3969614505767822,1.4234727621078491,1.633094072341919,0.0005669966340065002,-15.05589771270752,-0.26277498693022955,-90.70527648925781,-1.5831057236693518,86.94505310058594,1.5174774449265291,81.55897521972656,1.4234726521366943,93.56938934326172,1.6330939231204116,0.056699663400650024,0.0005669966340065002,False,False,0.0,0.0,0.0,0.0,0.0,0.0,0.0,0.0,6.905059814453125,6.905059814453125,0.0,0.0,0.0,0.0,0.0,0.0
5,115,4.385993317002431,4.398210144019686,False,-14.813186645507812,-0.2585388720035553,-94.46154022216797,-1.6486648321151733,90.85713958740234,1.5857561826705933,80.65933990478516,1.4077709913253784,93.010986328125,1.6233479976654053,0.6868131868131868,0.006868131868131868,-0.27669623494148254,-1.465981364250183,1.3015393018722534,1.4262800216674805,1.6322932243347168,-6.85378909111023e-05,-15.853525161743164,-0.2766962121201848,-90.46154022216797,-1.5788517233021138,86.85713958740234,1.51594306466448,81.71981811523438,1.4262798902417468,93.52350616455078,1.6322931105806249,0.0,0.0,True,False,0.0068537890911102295,0.0,0.0,0.0,0.0,6.467002868652344,6.467002868652344,0.0,12.284431457519531,12.284431457519531,0.0,0.0,0.0,0.0,0.0,0.0
5,116,4.4194362229900435,4.432368707028218,False,-14.813186645507812,-0.2585388720035553,-94.46154022216797,-1.6486648321151733,90.5934066772461,1.5811532735824585,80.83516693115234,1.4108397960662842,93.010986328125,1.6233479976654053,0.6868131868131868,0.006868131868131868,-0.2971053123474121,-1.358791708946228,1.189544916152954,1.4320237636566162,1.6337387561798096,0.00023107975721359253,-17.022878646850586,-0.29710528055497976,-90.46154022216797,-1.5788517233021138,86.5934066772461,1.511340057036387,82.04891204833984,1.4320236629227752,93.60633087158203,1.63373867442032,0.023107975721359253,0.00023107975721359253,False,False,0.0,0.0,0.0,0.0,0.0,12.608512878417969,12.608512878417969,0.0,18.43750762939453,18.43750762939453,0.0,0.0,0.0,0.0,0.0,0.0
5,117,4.452841805992648,4.466439242940396,False,-14.98901081085205,-0.2616075873374939,-94.10989379882812,-1.642527461051941,90.5934066772461,1.5811532735824585,81.010986328125,1.4139084815979004,93.010986328125,1.6233479976654053,0.6868131868131868,0.006868131868131868,-0.3284797668457031,-1.2078274488449097,1.066965937614441,1.44398832321167,1.6327348947525024,0.0006074979901313782,-18.82050323486328,-0.3284797483306079,-90.10989379882812,-1.5727143354119717,86.5934066772461,1.511340057036387,82.73442840576172,1.443988180436065,93.54881286621094,1.6327347958474145,0.06074979901313782,0.0006074979901313782,False,False,0.0,0.0,0.0,0.0,0.0,20.906478881835938,20.906478881835938,0.0,25.460765838623047,25.460765838623047,0.0,0.0,0.0,0.0,0.0,0.0
5,118,4.4860699670389295,4.49635130004026,False,-15.692307472229004,-0.2738824188709259,-92.52747344970703,-1.614909052848816,90.5054931640625,1.5796188116073608,81.18681335449219,1.4169771671295166,93.010986328125,1.6233479976654053,0.6868131868131868,0.006868131868131868,-0.3152102828025818,-1.1563835144042969,0.9995384216308594,1.469773530960083,1.6304435729980469,0.00020250678062438965,-18.060218811035156,-0.31521028188317907,-88.52747344970703,-1.5450958901692504,86.5054931640625,1.509805676774338,84.2118148803711,1.4697734387424304,93.41753387451172,1.6304435452035648,0.020250678062438965,0.00020250678062438965,False,False,0.0,0.0,0.0,0.0,0.0,22.271583557128906,22.271583557128906,0.0,29.236164093017578,29.236164093017578,0.0,0.0,0.0,0.0,0.0,0.0
5,119,4.519501224975102,4.529861712013371,False,-16.83516502380371,-0.2938290536403656,-91.12088012695312,-1.5903593301773071,90.32967376708984,1.5765502452850342,81.53845977783203,1.423114538192749,93.010986328125,1.6233479976654053,0.6868131868131868,0.006868131868131868,-0.30618155002593994,-1.0765961408615112,0.9294108152389526,1.4994266033172607,1.622859239578247,0.00035330653190612793,-17.542909622192383,-0.30618153328705155,-87.12088012695312,-1.5205462054506276,86.32967376708984,1.5067370494082941,85.53845977783203,1.4929277602079063,92.98297882080078,1.6228591287351282,0.03533065319061279,0.00035330653190612793,False,False,0.0,0.0,0.0,0.0,0.0,25.43647003173828,25.43647003173828,0.0,33.0783576965332,33.0783576965332,0.0,0.37235260009765625,0.37235260009765625,0.0,0.0,0.0
5,120,4.552949217963032,4.716616724035703,False,-18.065933227539062,-0.315310001373291,-90.5934066772461,-1.5811532735824585,90.15384674072266,1.5734814405441284,82.06593322753906,1.4323207139968872,93.010986328125,1.6233479976654053,0.6868131868131868,0.006868131868131868,-0.31626343727111816,-1.6459442377090454,1.5136924982070923,1.425579309463501,1.623923420906067,-0.0005065202713012695,-18.120559692382812,-0.3162634289362509,-94.30565643310547,-1.645944208012262,86.72818756103516,1.513692427227254,81.67967224121094,1.4255792125589468,93.04395294189453,1.6239233279067238,0.0,0.0,True,False,0.05065202713012695,0.0,0.0,0.0,0.0,0.0,0.0,0.0,0.0,0.0,0.0,0.0,0.0,0.0,0.0,0.0
5,121,4.718056301004253,4.728875297005288,False,-17.626373291015625,-0.3076382577419281,-89.27472686767578,-1.5581378936767578,89.36264038085938,1.559672236442566,83.29669952392578,1.4538016319274902,93.53845977783203,1.632554054260254,0.6868131868131868,0.006868131868131868,-0.31280216574668884,-1.662494421005249,1.5453780889511108,1.4232211112976074,1.6221609115600586,0.0002780631184577942,-17.922243118286133,-0.31280215175698856,-93.27472686767578,-1.6279510927393597,88.54364013671875,1.5453780520867444,81.5445556640625,1.4232209834136818,92.9429702758789,1.6221608478973093,0.02780631184577942,0.0002780631184577942,False,False,0.0,0.0,0.0,0.0,0.0,1.9791793823242188,1.9791793823242188,0.0,0.0,0.0,0.0,0.0,0.0,0.0,0.0,0.0
5,122,4.751421820023097,4.7618646279443055,False,-17.36263656616211,-0.303035169839859,-89.27472686767578,-1.5581378936767578,89.27472686767578,1.5581378936767578,83.29669952392578,1.4538016319274902,93.53845977783203,1.632554054260254,0.6868131868131868,0.006868131868131868,-0.3144451379776001,-1.6501188278198242,1.519620656967163,1.4262887239456177,1.6226191520690918,0.0008265078067779541,-18.01637840270996,-0.3144451224124857,-93.27472686767578,-1.6279510927393597,87.0678482055664,1.5196206238137704,81.72032165527344,1.426288678673344,92.96922302246094,1.6226190447628575,0.08265078067779541,0.0008265078067779541,False,False,0.0,0.0,0.0,0.0,0.0,1.270111083984375,1.270111083984375,0.0,0.0,0.0,0.0,0.0,0.0,0.0,0.0,0.0
5,123,4.784729346982203,4.796891178004444,False,-17.80219841003418,-0.3107069730758667,-89.45054626464844,-1.561206579208374,89.27472686767578,1.5581378936767578,83.03296661376953,1.449198603630066,93.53845977783203,1.632554054260254,0.6868131868131868,0.006868131868131868,-0.311286985874176,-1.657304048538208,1.5286493301391602,1.4248573780059814,1.62276029586792,0.0002363845705986023,-17.835430145263672,-0.3112869795443016,-93.45054626464844,-1.6310197201054035,87.58515167236328,1.528649272541357,81.63831329345703,1.4248573627454808,92.97731018066406,1.6227601923006316,0.02363845705986023,0.0002363845705986023,False,False,0.0,0.0,0.0,0.0,0.0,1.5059738159179688,1.5059738159179688,0.0,0.0,0.0,0.0,0.0,0.0,0.0,0.0,0.0
5,124,4.818464298034087,4.829496565973386,False,-18.241758346557617,-0.318378746509552,-90.15384674072266,-1.5734814405441284,89.36264038085938,1.559672236442566,82.76923370361328,1.4445956945419312,93.36264038085938,1.6294854879379272,0.6868131868131868,0.006868131868131868,-0.3141699433326721,-1.6425414085388184,1.528635859489441,1.425599455833435,1.6209381818771362,-0.00044269859790802,-18.0006103515625,-0.31416991800333965,-94.11068725585938,-1.6425413539294134,87.58438110351562,1.528635823577852,81.68082427978516,1.425599319425177,92.87290954589844,1.6209380574827994,0.0,0.0,True,False,0.044269859790802,0.0,0.0,0.0,0.0,0.0,0.0,0.0,0.0,0.0,0.0,0.0,0.0,0.0,0.0,0.0
5,125,4.852032784023322,4.862850266043097,False,-18.153846740722656,-0.3168444037437439,-91.47252655029297,-1.5964967012405396,89.36264038085938,1.559672236442566,82.4175796508789,1.4384580850601196,93.18681335449219,1.6264166831970215,0.6868131868131868,0.006868131868131868,-0.32112181186676025,-1.477091670036316,1.2811307907104492,1.4609845876693726,1.6281020641326904,0.0012394338846206665,-18.398923873901367,-0.32112180042336885,-87.47252655029297,-1.5266835933407696,85.36264038085938,1.4898591328418624,83.70824432373047,1.4609844745129508,93.28337097167969,1.6281019608151126,0.12394338846206665,0.0012394338846206665,False,False,0.0,0.0,0.0,0.0,0.0,2.8414154052734375,2.8414154052734375,0.0,11.959259033203125,11.959259033203125,0.0,0.0,0.0,0.0,0.0,0.0
5,126,4.885176611947827,4.896447842009366,False,-17.80219841003418,-0.3107069730758667,-92.79120635986328,-1.6195120811462402,89.36264038085938,1.559672236442566,82.4175796508789,1.4384580850601196,93.18681335449219,1.6264166831970215,0.6868131868131868,0.006868131868131868,-0.31385067105293274,-1.4689476490020752,1.263043761253357,1.4487882852554321,1.6218652725219727,0.0012523308396339417,-17.982316970825195,-0.31385063827815274,-88.79120635986328,-1.5496988977973434,85.36264038085938,1.4898591328418624,83.00945281982422,1.448788261984824,92.92603302001953,1.6218652370163105,0.12523308396339417,0.0012523308396339417,False,False,0.0,0.0,0.0,0.0,0.0,4.626708984375,4.626708984375,0.0,12.995567321777344,12.995567321777344,0.0,0.0,0.0,0.0,0.0,0.0
5,127,4.9186779470182955,4.930050899041817,False,-17.80219841003418,-0.3107069730758667,-93.14286041259766,-1.6256495714187622,89.27472686767578,1.5581378936767578,82.5054931640625,1.4399925470352173,93.0988998413086,1.6248823404312134,0.6868131868131868,0.006868131868131868,-0.3220829963684082,-1.418928861618042,1.2145406007766724,1.444216251373291,1.6257236003875732,0.00046397745609283447,-18.453994750976562,-0.32208296855029206,-89.14286041259766,-1.55583641884554,85.27472686767578,1.4883247525798133,82.74748992919922,1.4442161470253758,93.1470947265625,1.625723491645563,0.04639774560928345,0.00046397745609283447,False,False,0.0,0.0,0.0,0.0,0.0,7.844230651855469,7.844230651855469,0.0,15.686683654785156,15.686683654785156,0.0,0.0,0.0,0.0,0.0,0.0
5,128,4.952064443030395,4.9626769529422745,False,-18.241758346557617,-0.318378746509552,-91.9120864868164,-1.6041685342788696,88.83516693115234,1.5504661798477173,83.12088012695312,1.4507330656051636,93.0988998413086,1.6248823404312134,0.6868131868131868,0.006868131868131868,-0.31796902418136597,-1.3777409791946411,1.1593104600906372,1.4483466148376465,1.6213963031768799,-0.00011032074689865112,-18.21828269958496,-0.31796901716687853,-87.9120864868164,-1.5343553614929608,84.83516693115234,1.480652984427622,82.98414611816406,1.4483465767180344,92.89916229248047,1.6213962543483476,0.0,0.0,True,False,0.011032074689865112,0.0,0.0,0.0,0.0,8.973350524902344,8.973350524902344,0.0,18.411575317382812,18.411575317382812,0.0,0.0,0.0,0.0,0.0,0.0
5,129,4.985603041946888,4.996478451997973,False,-18.505495071411133,-0.3229818046092987,-90.68132019042969,-1.5826876163482666,88.83516693115234,1.5504661798477173,82.94505310058594,1.4476642608642578,93.36264038085938,1.6294854879379272,0.6868131868131868,0.006868131868131868,-0.3162524402141571,-1.3414267301559448,1.1249024868011475,1.4424769878387451,1.6196949481964111,0.00016496330499649048,-18.11992835998535,-0.3162524101072407,-86.68132019042969,-1.5128744372984362,84.83516693115234,1.480652984427622,82.64784240722656,1.4424769696754995,92.80168151855469,1.6196948938859506,0.016496330499649048,0.00016496330499649048,False,False,0.0,0.0,0.0,0.0,0.0,9.823234558105469,9.823234558105469,0.0,20.38300323486328,20.38300323486328,0.0,0.0,0.0,0.0,0.0,0.0
5,130,5.0190143920481205,5.031071549048647,False,-18.505495071411133,-0.3229818046092987,-89.89010620117188,-1.5688782930374146,88.83516693115234,1.5504661798477173,82.68132019042969,1.4430612325668335,93.53845977783203,1.632554054260254,0.6868131868131868,0.006868131868131868,-0.3183152675628662,-1.2606912851333618,1.0653049945831299,1.4404529333114624,1.6240267753601074,0.0011437982320785522,-18.238121032714844,-0.31831526139810246,-85.89010620117188,-1.4990651480980484,84.83516693115234,1.480652984427622,82.53186798095703,1.4404528340889848,93.04987335205078,1.6240266585570189,0.11437982320785522,0.0011437982320785522,False,False,0.0,0.0,0.0,0.0,0.0,13.657821655273438,13.657821655273438,0.0,23.797691345214844,23.797691345214844,0.0,0.0,0.0,0.0,0.0,0.0
5,131,5.052439847029746,5.064077478018589,False,-18.41758155822754,-0.3214474320411682,-89.27472686767578,-1.5581378936767578,88.83516693115234,1.5504661798477173,82.5054931640625,1.4399925470352173,93.53845977783203,1.632554054260254,0.6868131868131868,0.006868131868131868,-0.3241090774536133,-1.1708918809890747,0.9870996475219727,1.443872332572937,1.616109848022461,0.00010245293378829956,-18.57008171081543,-0.32410906821811075,-85.27472686767578,-1.4883247525798133,84.83516693115234,1.480652984427622,82.727783203125,1.4438721997705921,92.59626770019531,1.6161097464264857,0.010245293378829956,0.00010245293378829956,False,False,0.0,0.0,0.0,0.0,0.0,18.18756866455078,18.18756866455078,0.0,28.278526306152344,28.278526306152344,0.0,0.0,0.0,0.0,0.0,0.0
5,132,5.085867432993837,5.097540506976657,False,-18.329669952392578,-0.3199130892753601,-88.3956069946289,-1.5427943468093872,88.83516693115234,1.5504661798477173,82.4175796508789,1.4384580850601196,93.53845977783203,1.632554054260254,0.6868131868131868,0.006868131868131868,-0.3303356170654297,-1.1181738376617432,0.9376159906387329,1.4461525678634644,1.6089175939559937,0.00029062479734420776,-18.926836013793945,-0.33033560542574325,-84.3956069946289,-1.4729812162754308,84.83516693115234,1.480652984427622,82.85843658447266,1.4461525314539725,92.1841812133789,1.6089174804285633,0.029062479734420776,0.00029062479734420776,False,False,0.0,0.0,0.0,0.0,0.0,20.32897186279297,20.32897186279297,0.0,31.113731384277344,31.113731384277344,0.0,0.0,0.0,0.0,0.0,0.0
5,133,5.11930489493534,5.130010511958972,False,-18.241758346557617,-0.318378746509552,-87.78022003173828,-1.532053828239441,88.74725341796875,1.5489317178726196,82.32967376708984,1.436923861503601,93.53845977783203,1.632554054260254,0.6868131868131868,0.006868131868131868,-0.33531761169433594,-1.070796012878418,0.8935688734054565,1.4411635398864746,1.6094533205032349,0.00025121867656707764,-19.212282180786133,-0.33531758087695446,-83.78022003173828,-1.4622406875991412,84.74725341796875,1.4791186041655728,82.57258605957031,1.4411634986258726,92.21487426757812,1.6094531752818328,0.025121867656707764,0.00025121867656707764,False,False,0.0,0.0,0.0,0.0,0.0,22.428131103515625,22.428131103515625,0.0,33.549530029296875,33.549530029296875,0.0,0.0,0.0,0.0,0.0,0.0
5,134,5.15262609499041,5.163439990021288,False,-18.241758346557617,-0.318378746509552,-87.16483306884766,-1.5213133096694946,88.57142639160156,1.5458630323410034,82.32967376708984,1.436923861503601,93.53845977783203,1.632554054260254,0.6868131868131868,0.006868131868131868,-0.3410686254501343,-0.9844168424606323,0.8738092184066772,1.435158371925354,1.6147569417953491,0.000876113772392273,-19.541791915893555,-0.3410686106719533,-83.16483306884766,-1.4515001589228516,84.57142639160156,1.4760498436414746,82.228515625,1.435158336683853,92.51875305175781,1.6147568605927256,0.0876113772392273,0.000876113772392273,False,False,0.0,0.0,0.0,0.0,0.0,26.761905670166016,26.761905670166016,0.0,34.5058479309082,34.5058479309082,0.0,0.0,0.0,0.0,0.0,0.0
5,135,5.1862704049563035,5.197406542021781,False,-18.505495071411133,-0.3229818046092987,-86.46154022216797,-1.5090385675430298,88.30769348144531,1.541260004043579,82.24176025390625,1.435389518737793,93.53845977783203,1.632554054260254,0.6868131868131868,0.006868131868131868,-0.3433769941329956,-0.9098010063171387,0.8107733130455017,1.434806227684021,1.615404486656189,0.0010246336460113525,-19.67405128479004,-0.34337697212580676,-82.46154022216797,-1.4392253831425674,84.30769348144531,1.4714468360133817,82.20833587646484,1.43480613362969,92.55585479736328,1.6154044082117784,0.10246336460113525,0.0010246336460113525,False,False,0.0,0.0,0.0,0.0,0.0,30.333786010742188,30.333786010742188,0.0,37.85380554199219,37.85380554199219,0.0,0.0,0.0,0.0,0.0,0.0
5,136,5.219575032009743,5.231159189948812,False,-19.120878219604492,-0.3337222635746002,-85.84615325927734,-1.4982980489730835,88.04395294189453,1.5366568565368652,82.15384674072266,1.4338550567626953,93.53845977783203,1.632554054260254,0.6868131868131868,0.006868131868131868,-0.35116446018218994,-0.8174248933792114,0.7392164468765259,1.44022798538208,1.609918236732483,0.0016755610704421997,-20.120241165161133,-0.35116445462736195,-81.84615325927734,-1.4284848544662778,84.04395294189453,1.4668436952272341,82.51898193359375,1.4402279301349277,92.24151611328125,1.6099181632081605,0.16755610704421997,0.0016755610704421997,False,False,0.0,0.0,0.0,0.0,0.0,35.01115798950195,35.01115798950195,0.0,41.689971923828125,41.689971923828125,0.0,0.0,0.0,0.0,0.0,0.0
5,137,5.253233131952584,5.2644538399763405,False,-19.560440063476562,-0.3413940668106079,-85.14286041259766,-1.486023187637329,87.69230651855469,1.5305194854736328,82.06593322753906,1.4323207139968872,93.53845977783203,1.632554054260254,0.6868131868131868,0.006868131868131868,-0.35425475239753723,-0.7429286241531372,0.6780341863632202,1.4400770664215088,1.6007672548294067,0.00039192289113998413,-20.297300338745117,-0.35425472017726267,-81.14286041259766,-1.4162100786859937,83.69230651855469,1.460706307337092,82.51033020019531,1.4400769289011202,91.71720123291016,1.6007671422284848,0.03919228911399841,0.00039192289113998413,False,False,0.0,0.0,0.0,0.0,0.0,38.57618713378906,38.57618713378906,0.0,44.84381103515625,44.84381103515625,0.0,0.0,0.0,0.0,0.0,0.0
5,138,5.286681217025034,5.298023361945525,False,-19.560440063476562,-0.3413940668106079,-84.43955993652344,-1.4737483263015747,87.34066009521484,1.5243821144104004,82.06593322753906,1.4323207139968872,93.53845977783203,1.632554054260254,0.6868131868131868,0.006868131868131868,-0.3617479205131531,-0.6469215154647827,0.6006643772125244,1.4413286447525024,1.6014785766601562,0.0009800270199775696,-20.726627349853516,-0.3617478900888505,-80.43955993652344,-1.403935169747655,83.34066009521484,1.45456891944695,82.58204650878906,1.4413286146134574,91.7579574584961,1.601478472555645,0.09800270199775696,0.0009800270199775696,False,False,0.0,0.0,0.0,0.0,0.0,43.373687744140625,43.373687744140625,0.0,48.92512893676758,48.92512893676758,0.0,0.0,0.0,0.0,0.0,0.0
5,139,5.32010090793483,5.3312731749610975,False,-19.560440063476562,-0.3413940668106079,-83.9120864868164,-1.4645421504974365,87.07691955566406,1.5197789669036865,82.06593322753906,1.4323207139968872,93.53845977783203,1.632554054260254,0.6868131868131868,0.006868131868131868,-0.367079496383667,-0.5854159593582153,0.5582500100135803,1.4473357200622559,1.596662163734436,0.0003500506281852722,-21.0321044921875,-0.3670794720121619,-79.9120864868164,-1.3947290213334145,83.07691955566406,1.4499657786608025,82.92622375488281,1.4473356407682403,91.48199462890625,1.5966620125661821,0.03500506281852722,0.0003500506281852722,False,False,0.0,0.0,0.0,0.0,0.0,46.37022399902344,46.37022399902344,0.0,51.091552734375,51.091552734375,0.0,0.0,0.0,0.0,0.0,0.0
5,140,5.353637421969324,5.364642141037621,False,-19.736263275146484,-0.3444627821445465,-83.20879364013672,-1.4522674083709717,86.63735961914062,1.5121071338653564,81.97801971435547,1.430786371231079,93.27472686767578,1.6279510259628296,0.6868131868131868,0.006868131868131868,-0.3755163550376892,-0.5172878503799438,0.5019487738609314,1.448648452758789,1.595759630203247,0.0009480342268943787,-21.515501022338867,-0.3755163330560193,-79.20879364013672,-1.3824542455531303,82.63735961914062,1.4422940105086113,83.00143432617188,1.4486483128695402,91.43029022216797,1.5957596004308088,0.09480342268943787,0.0009480342268943787,False,False,0.0,0.0,0.0,0.0,0.0,49.57038497924805,49.57038497924805,0.0,53.87781524658203,53.87781524658203,0.0,0.0,0.0,0.0,0.0,0.0
5,141,5.387102139997296,5.398233118001372,False,-20.615385055541992,-0.3598063290119171,-82.5054931640625,-1.4399925470352173,86.46154022216797,1.5090385675430298,81.97801971435547,1.430786371231079,93.010986328125,1.6233479976654053,0.6868131868131868,0.006868131868131868,-0.3747805953025818,-0.46121424436569214,0.4559519290924072,1.45723557472229,1.5932964086532593,0.0014009401202201843,-21.473344802856445,-0.37478056822585765,-78.5054931640625,-1.3701793366147916,82.46154022216797,1.4392253831425674,83.49344635009766,1.4572355426464463,91.28915405273438,1.5932963095805401,0.14009401202201843,0.0014009401202201843,False,False,0.0,0.0,0.0,0.0,0.0,52.079864501953125,52.079864501953125,0.0,56.33741760253906,56.33741760253906,0.0,0.0,0.0,0.0,0.0,0.0
5,142,5.420455251005478,5.4312658299459144,False,-21.230770111083984,-0.3705468475818634,-81.89010620117188,-1.4292519092559814,86.19779968261719,1.504435420036316,81.97801971435547,1.430786371231079,92.92308044433594,1.6218136548995972,0.6868131868131868,0.006868131868131868,-0.3831527829170227,-0.3993784785270691,0.42166775465011597,1.4583895206451416,1.5999672412872314,0.0016126707196235657,-21.953035354614258,-0.38315274774473973,-77.89010620117188,-1.359438807938502,82.19779968261719,1.4346222423564199,83.55956268310547,1.4583894903467776,91.6713638305664,1.599967128637025,0.16126707196235657,0.0016126707196235657,False,False,0.0,0.0,0.0,0.0,0.0,55.007408142089844,55.007408142089844,0.0,58.03801727294922,58.03801727294922,0.0,0.0,0.0,0.0,0.0,0.0
5,143,5.454300694982521,5.465231440961361,False,-21.14285659790039,-0.3690124452114105,-81.27472686767578,-1.4185116291046143,85.84615325927734,1.4982980489730835,81.97801971435547,1.430786371231079,92.92308044433594,1.6218136548995972,0.6868131868131868,0.006868131868131868,-0.39004629850387573,-0.3455619215965271,0.3609035313129425,1.472084641456604,1.6037226915359497,0.0012024864554405212,-22.348005294799805,-0.3900462736473826,-77.27472686767578,-1.348698412420267,81.84615325927734,1.4284848544662778,84.34423065185547,1.4720845299364012,91.88653564453125,1.6037225852482002,0.12024864554405212,0.0012024864554405212,False,False,0.0,0.0,0.0,0.0,0.0,57.475486755371094,57.475486755371094,0.0,61.16790771484375,61.16790771484375,0.0,0.0,0.0,0.0,0.0,0.0
5,144,5.487489472958259,5.498268452938646,False,-20.879121780395508,-0.3644094169139862,-80.65933990478516,-1.4077709913253784,85.4065933227539,1.4906262159347534,81.97801971435547,1.430786371231079,92.92308044433594,1.6218136548995972,0.6868131868131868,0.006868131868131868,-0.3957424759864807,-0.2887618839740753,0.34053927659988403,1.466130256652832,1.59959876537323,0.0010056272149085999,-22.67437171936035,-0.3957424423239258,-76.65933990478516,-1.3379578837439774,81.4065933227539,1.4208130863140866,84.0030746459961,1.466130234371202,91.65025329589844,1.5995986803002125,0.10056272149085999,0.0010056272149085999,False,False,0.0,0.0,0.0,0.0,0.0,60.114501953125,60.114501953125,0.0,61.89512634277344,61.8951301574707,0.0,0.0,0.0,0.0,0.0,0.0
5,145,5.520875817979686,5.531414074939676,False,-21.670330047607422,-0.3782186210155487,-79.95604705810547,-1.3954962491989136,84.96703338623047,1.482954502105713,82.06593322753906,1.4323207139968872,92.92308044433594,1.6218136548995972,0.6868131868131868,0.006868131868131868,-0.4081401228904724,-0.23488667607307434,0.31115859746932983,1.4623914957046509,1.5973007678985596,0.002620302140712738,-23.38470458984375,-0.40814008969900356,-75.95604705810547,-1.325683107963693,80.96703338623047,1.4131413181618953,83.78885650634766,1.4623914225168397,91.51858520507812,1.5973006385955832,0.2620302140712738,0.002620302140712738,False,False,0.0,0.0,0.0,0.0,0.0,62.49803161621094,62.49803161621094,0.0,63.13896179199219,63.13896179199219,0.0,0.0,0.0,0.0,0.0,0.0
5,146,5.554203622043133,5.565173520939425,False,-22.461538314819336,-0.3920277953147888,-79.34066009521484,-1.3847557306289673,84.52747344970703,1.4752826690673828,82.06593322753906,1.4323207139968872,92.92308044433594,1.6218136548995972,0.6868131868131868,0.006868131868131868,-0.4093380570411682,-0.17859657108783722,0.26978129148483276,1.459523320198059,1.5988216400146484,0.0009190142154693604,-23.45334243774414,-0.40933804613634844,-75.34066009521484,-1.3149425792874037,80.52747344970703,1.405469550009704,83.62451934814453,1.4595231980228243,91.60572814941406,1.5988215698941275,0.09190142154693604,0.0009190142154693604,False,False,0.0,0.0,0.0,0.0,0.0,65.10783386230469,65.10783386230469,0.0,65.07014465332031,65.07014465332031,0.0,0.0,0.0,0.0,0.0,0.0
5,147,5.587631899048574,5.598011138034053,False,-22.373626708984375,-0.3904934525489807,-78.63735961914062,-1.372480869293213,84.0879135131836,1.4676109552383423,82.06593322753906,1.4323207139968872,92.92308044433594,1.6218136548995972,0.6868131868131868,0.006868131868131868,-0.407802939414978,-0.15475240349769592,0.24304451048374176,1.4544899463653564,1.5953354835510254,0.001315481960773468,-23.365386962890625,-0.4078029335049995,-74.63735961914062,-1.302667670349065,80.0879135131836,1.3977977818575127,83.33612823486328,1.4544898235625745,91.4059829711914,1.5953353588691592,0.1315481960773468,0.001315481960773468,False,False,0.0,0.0,0.0,0.0,0.0,65.77069854736328,65.77069854736328,0.0,66.16249084472656,66.16249084472656,0.0,0.0,0.0,0.0,0.0,0.0
5,148,5.6209981449646875,5.633044346934184,False,-22.461538314819336,-0.3920277953147888,-77.93406677246094,-1.3602060079574585,83.73626708984375,1.4614735841751099,82.06593322753906,1.4323207139968872,92.83516693115234,1.620279312133789,0.6868131868131868,0.006868131868131868,-0.41750580072402954,-0.11400279402732849,0.20649826526641846,1.4585062265396118,1.5989588499069214,0.0009167194366455078,-23.92131805419922,-0.41750576146253976,-73.93406677246094,-1.2903928945687806,79.73626708984375,1.3916603939673706,83.56624603271484,1.4585061368025232,91.61358642578125,1.5989587226902666,0.09167194366455078,0.0009167194366455078,False,False,0.0,0.0,0.0,0.0,0.0,67.40219116210938,67.40219116210938,0.0,67.90478515625,67.90478515625,0.0,0.0,0.0,0.0,0.0,0.0
5,149,5.654513304005377,5.666868221946061,False,-23.25274658203125,-0.4058369994163513,-77.23076629638672,-1.347931146621704,83.38461303710938,1.4553359746932983,82.15384674072266,1.4338550567626953,92.83516693115234,1.620279312133789,0.6868131868131868,0.006868131868131868,-0.4266829490661621,-0.0708710253238678,0.19229882955551147,1.453904628753662,1.5967464447021484,0.0008064508438110352,-24.44713020324707,-0.4266829147104119,-73.23076629638672,-1.2781179856304419,79.38461303710938,1.385522872919174,83.30259704589844,1.4539045939130297,91.48682403564453,1.5967463016146832,0.08064508438110352,0.0008064508438110352,False,False,0.0,0.0,0.0,0.0,0.0,69.17015838623047,69.17015838623047,0.0,68.36669921875,68.36669921875,0.0,0.0,0.0,0.0,0.0,0.0
5,150,5.688153145019896,5.850096608046442,False,-23.516483306884766,-0.410440057516098,-76.43955993652344,-1.3341219425201416,82.94505310058594,1.4476642608642578,82.15384674072266,1.4338550567626953,92.83516693115234,1.620279312133789,0.6868131868131868,0.006868131868131868,-0.42640334367752075,-1.4487653970718384,1.394537091255188,1.4292666912078857,1.6227164268493652,0.00010594725608825684,-24.431110382080078,-0.4264033160854672,-80.43955993652344,-1.403935169747655,79.90108489990234,1.3945370074188197,81.89094543457031,1.4292666254042705,92.97480010986328,1.6227163833007,0.010594725608825684,0.00010594725608825684,False,False,0.0,0.0,0.0,0.0,0.0,2.5685806274414062,2.5685806274414062,0.0,0.0,0.0,0.0,0.0,0.0,0.0,0.0,0.0
5,151,5.851563998032361,5.863668559934013,False,-23.956043243408203,-0.4181118309497833,-74.68132019042969,-1.30343496799469,82.15384674072266,1.4338550567626953,82.15384674072266,1.4338550567626953,92.65933990478516,1.6172105073928833,0.6868131868131868,0.006868131868131868,-0.4223206043243408,-1.4601744413375854,1.3953666687011719,1.4248374700546265,1.6179436445236206,-0.0008374303579330444,-24.197187423706055,-0.42232059026583485,-78.68132019042969,-1.3732480971388898,79.94861602783203,1.3953665820983794,81.63716888427734,1.4248373890373054,92.70133972167969,1.6179435991531144,0.0,0.0,True,False,0.08374303579330444,0.0,0.0,0.0,0.0,4.980506896972656,4.980506896972656,0.0,0.0,0.0,0.0,0.0,0.0,0.0,0.0,0.0
5,152,5.885112902033143,5.898065711953677,False,-23.956043243408203,-0.4181118309497833,-74.5934066772461,-1.3019005060195923,82.15384674072266,1.4338550567626953,82.15384674072266,1.4338550567626953,92.65933990478516,1.6172105073928833,0.6868131868131868,0.006868131868131868,-0.4318805932998657,-1.3747000694274902,1.2940047979354858,1.4325798749923706,1.625333547592163,-0.0018330886960029602,-24.74493408203125,-0.43188057292040594,-78.5934066772461,-1.3717137168768407,78.15384674072266,1.3640419487246493,82.08077239990234,1.4325797309583836,93.12474822998047,1.6253334717039207,0.0,0.0,True,False,0.18330886960029602,0.0,0.0,0.0,0.0,0.17110443115234375,0.17110443115234375,0.0,4.012840270996094,4.012840270996094,0.0,0.0,0.0,0.0,0.0,0.0
5,153,5.918374218977988,5.931332743028179,False,-24.395605087280273,-0.425783634185791,-74.85713958740234,-1.3065035343170166,82.15384674072266,1.4338550567626953,81.97801971435547,1.430786371231079,92.65933990478516,1.6172105073928833,0.6868131868131868,0.006868131868131868,-0.43067026138305664,-1.4030003547668457,1.311549425125122,1.4283883571624756,1.6256179809570312,-0.0012720376253128052,-24.675586700439453,-0.4306702327839922,-78.85713958740234,-1.3763167245049337,78.15384674072266,1.3640419487246493,81.84062194824219,1.4283883148767624,93.14104461669922,1.6256178973083413,0.0,0.0,True,False,0.12720376253128052,0.0,0.0,0.0,0.0,1.5288543701171875,1.5288543701171875,0.0,3.0076065063476562,3.0076065063476562,0.0,0.0,0.0,0.0,0.0,0.0
5,154,5.951762898010202,5.964626017957926,False,-24.571428298950195,-0.4288523197174072,-75.82417297363281,-1.3233814239501953,82.15384674072266,1.4338550567626953,81.89010620117188,1.4292519092559814,92.65933990478516,1.6172105073928833,0.6868131868131868,0.006868131868131868,-0.43288683891296387,-1.372286319732666,1.2748527526855469,1.4295746088027954,1.6191824674606323,-0.0007171705365180969,-24.802587509155273,-0.43288681504877874,-78.62621307373047,-1.3722862965112077,78.15384674072266,1.3640419487246493,81.90858459472656,1.4295744868262839,92.7723159790039,1.6191823685341646,0.0,0.0,True,False,0.07171705365180969,0.0,0.0,0.0,0.0,0.0,0.0,0.0,5.11016845703125,5.11016845703125,0.0,0.0,0.0,0.0,0.0,0.0
5,155,5.985110044945031,5.996277583995834,False,-24.571428298950195,-0.4288523197174072,-76.96703338623047,-1.3433281183242798,82.15384674072266,1.4338550567626953,82.24176025390625,1.435389518737793,92.65933990478516,1.6172105073928833,0.6868131868131868,0.006868131868131868,-0.4413412809371948,-1.365164875984192,1.2703726291656494,1.425704002380371,1.6211490631103516,-0.002066411077976227,-25.286991119384766,-0.44134125295583065,-78.21817779541016,-1.365164737440227,78.15384674072266,1.3640419487246493,81.68682098388672,1.425703981656017,92.88499450683594,1.6211489798411338,0.0,0.0,True,False,0.20664110779762268,0.0,0.0,0.0,0.0,0.0,0.0,0.0,5.366859436035156,5.366859436035156,0.0,0.0,0.0,0.0,0.0,0.0
5,156,6.018490582006052,6.028876404976472,False,-24.30769157409668,-0.4242492616176605,-78.10989379882812,-1.3632748126983643,82.15384674072266,1.4338550567626953,82.5054931640625,1.4399925470352173,92.65933990478516,1.6172105073928833,0.6868131868131868,0.006868131868131868,-0.43261462450027466,-1.4061377048492432,1.2971925735473633,1.4251314401626587,1.6230741739273071,-0.0020038411021232605,-24.786991119384766,-0.43261460669585905,-80.56575012207031,-1.4061376039691504,78.15384674072266,1.3640419487246493,81.65401458740234,1.4251314020216501,92.99529266357422,1.6230740458350976,0.0,0.0,True,False,0.20038411021232605,0.0,0.0,0.0,0.0,0.0,0.0,0.0,3.8301925659179688,3.8301925659179688,0.0,0.0,0.0,0.0,0.0,0.0
5,157,6.052617714973167,6.0632363519398496,False,-24.395605087280273,-0.425783634185791,-78.10989379882812,-1.3632748126983643,82.15384674072266,1.4338550567626953,82.4175796508789,1.4384580850601196,92.30769348144531,1.6110731363296509,0.6868131868131868,0.006868131868131868,-0.42053282260894775,-1.4691145420074463,1.3737012147903442,1.4253590106964111,1.6125047206878662,-0.00026779621839523315,-24.094755172729492,-0.42053281022606465,-82.10989379882812,-1.4330879952524254,78.707275390625,1.3737011008403124,81.66705322265625,1.4253589691367974,92.38970947265625,1.6125046252588455,0.0,0.0,True,False,0.026779621839523315,0.0,0.0,0.0,0.0,2.0641632080078125,2.0641632080078125,0.0,0.0,0.0,0.0,0.0,0.0,0.0,0.0,0.0
5,158,6.087080697994679,6.099491785047576,False,-24.923076629638672,-0.4349897503852844,-77.75823974609375,-1.3571373224258423,82.06593322753906,1.4323207139968872,82.32967376708984,1.436923861503601,92.3956069946289,1.6126075983047485,0.6868131868131868,0.006868131868131868,-0.4094429612159729,-1.5056294202804565,1.4246416091918945,1.4197580814361572,1.6133177280426025,-0.0003692209720611572,-23.459352493286133,-0.40944294139378395,-81.75823974609375,-1.4269504742042287,81.62594604492188,1.42464151353913,81.34613800048828,1.419757941890197,92.43629455566406,1.6133176883396467,0.0,0.0,True,False,0.03692209720611572,0.0,0.0,0.0,0.0,4.507965087890625,4.507965087890625,0.0,0.0,0.0,0.0,0.0,0.0,0.0,0.0,0.0
5,159,6.120791440014727,6.134869016008452,False,-24.83516502380371,-0.4334554076194763,-79.25274658203125,-1.3832213878631592,82.06593322753906,1.4323207139968872,82.32967376708984,1.436923861503601,92.57142639160156,1.6156761646270752,0.6868131868131868,0.006868131868131868,-0.4091397523880005,-1.5307878255844116,1.4485666751861572,1.4186947345733643,1.6214253902435303,-0.0012207329273223877,-23.441980361938477,-0.40913974050367846,-83.25274658203125,-1.4530345391849007,82.99674987792969,1.4485665538240748,81.28521728515625,1.4186946748249831,92.90082550048828,1.6214252828042295,0.0,0.0,True,False,0.12207329273223877,0.0,0.0,0.0,0.0,4.454933166503906,4.454933166503906,0.0,0.0,0.0,0.0,0.0,0.0,0.0,0.0,0.0
5,160,6.154041143949144,6.167311551049352,False,-24.131868362426758,-0.4211805462837219,-80.74725341796875,-1.409305453300476,82.06593322753906,1.4323207139968872,82.15384674072266,1.4338550567626953,92.21977996826172,1.6095387935638428,0.6868131868131868,0.006868131868131868,-0.40313392877578735,-1.5389018058776855,1.449588656425476,1.420194149017334,1.6186892986297607,-0.0013149529695510864,-23.097871780395508,-0.40313391277138627,-84.74725341796875,-1.4791186041655728,83.05530548095703,1.4495885418923928,81.37112426757812,1.4201940345186976,92.74405670166016,1.618689151100282,0.0,0.0,True,False,0.13149529695510864,0.0,0.0,0.0,0.0,3.425323486328125,3.425323486328125,0.0,0.0,0.0,0.0,0.0,0.0,0.0,0.0,0.0
5,161,6.187429917044938,6.199517839006148,False,-23.604394912719727,-0.41197440028190613,-81.80220031738281,-1.427717685699463,82.4175796508789,1.4384580850601196,82.06593322753906,1.4323207139968872,92.21977996826172,1.6095387935638428,0.6868131868131868,0.006868131868131868,-0.40145742893218994,-1.5418989658355713,1.4743895530700684,1.41861093044281,1.6208655834197998,-0.00047591328620910645,-23.001815795898438,-0.4014574195756677,-85.80220031738281,-1.4975309009940536,84.4762954711914,1.4743894958598647,81.2804183959961,1.4186109184087001,92.8687515258789,1.620865486343095,0.0,0.0,True,False,0.047591328620910645,0.0,0.0,0.0,0.0,2.5420989990234375,2.5420989990234375,0.0,0.0,0.0,0.0,0.0,0.0,0.0,0.0,0.0
5,162,6.221093041007407,6.235264005954377,False,-24.043956756591797,-0.4196462035179138,-82.5054931640625,-1.4399925470352173,83.29669952392578,1.4538016319274902,82.06593322753906,1.4323207139968872,92.30769348144531,1.6110731363296509,0.6868131868131868,0.006868131868131868,-0.40414732694625854,-1.5362460613250732,1.4546642303466797,1.4180302619934082,1.6240758895874023,-0.0016829445958137512,-23.155935287475586,-0.4041473121451886,-86.5054931640625,-1.509805676774338,83.34611511230469,1.4546641274559202,81.24714660644531,1.4180302161330083,93.05268859863281,1.6240757938791308,0.0,0.0,True,False,0.16829445958137512,0.0,0.0,0.0,0.0,1.5149154663085938,1.5149154663085938,0.0,0.0,0.0,0.0,0.0,0.0,0.0,0.0,0.0
5,163,6.254766116035171,6.2678855389822274,False,-23.868131637573242,-0.4165774881839752,-83.20879364013672,-1.4522674083709717,83.82417297363281,1.4630078077316284,82.06593322753906,1.4323207139968872,92.83516693115234,1.620279312133789,0.6868131868131868,0.006868131868131868,-0.41117918491363525,-1.535756230354309,1.450321912765503,1.4218026399612427,1.6179455518722534,-0.00041757524013519287,-23.55883026123047,-0.4111791559769475,-87.20879364013672,-1.5220805857126767,83.09732055664062,1.450321843298546,81.46328735351562,1.4218025838171056,92.70144653320312,1.6179454633658774,0.0,0.0,True,False,0.04175752401351929,0.0,0.0,0.0,0.0,0.7835540771484375,0.7835540771484375,0.0,0.0,0.0,0.0,0.0,0.0,0.0,0.0,0.0
5,164,6.2883826800389215,6.301245059934445,False,-23.340660095214844,-0.4073713719844818,-85.05494689941406,-1.484488844871521,84.61538696289062,1.4768171310424805,82.06593322753906,1.4323207139968872,92.3956069946289,1.6126075983047485,0.6868131868131868,0.006868131868131868,-0.41171902418136597,-1.5569887161254883,1.4600576162338257,1.417948603630066,1.6162773370742798,-5.153566598892212e-05,-23.58976173400879,-0.4117190120194202,-89.05494689941406,-1.554302038583491,83.65513610839844,1.4600575612955486,81.24246978759766,1.4179485902455973,92.60586547851562,1.6162772592590517,0.0,0.0,True,False,0.005153566598892212,0.0,0.0,0.0,0.0,0.1539306640625,0.1539306640625,0.0,0.0,0.0,0.0,0.0,0.0,0.0,0.0,0.0
5,165,6.321850155014545,6.334233689936809,False,-23.16483497619629,-0.4043026268482208,-84.96703338623047,-1.482954502105713,84.61538696289062,1.4768171310424805,81.97801971435547,1.430786371231079,92.3956069946289,1.6126075983047485,0.6868131868131868,0.006868131868131868,-0.4006362557411194,-1.5711948871612549,1.4720306396484375,1.4133116006851196,1.6196829080581665,0.0003605484962463379,-22.95476531982422,-0.4006362338535418,-88.96703338623047,-1.5527676583214416,84.34114074707031,1.472030600924327,80.9767837524414,1.4133114941555514,92.80098724365234,1.6196827765029906,0.03605484962463379,0.0003605484962463379,False,False,0.0,0.0,0.0,0.0,0.0,1.0557937622070312,1.0557937622070312,0.0,0.0,0.0,0.0,0.0,0.0,0.0,0.0,0.0
5,166,6.355092618963681,6.365612803027034,False,-23.868131637573242,-0.4165774881839752,-86.02198028564453,-1.5013667345046997,84.61538696289062,1.4768171310424805,81.97801971435547,1.430786371231079,92.3956069946289,1.6126075983047485,0.6868131868131868,0.006868131868131868,-0.4087933897972107,-1.5523885488510132,1.4654604196548462,1.4143738746643066,1.6239783763885498,0.0007841438055038452,-23.422134399414062,-0.4087933631144,-88.94530487060547,-1.5523884241822143,83.96469116210938,1.4654603161989925,81.03765106201172,1.414373829114384,93.04710388183594,1.623978322183234,0.07841438055038452,0.0007841438055038452,False,False,0.0,0.0,0.0,0.0,0.0,0.0,0.0,0.0,0.0,0.0,0.0,0.0,0.0,0.0,0.0,0.0
5,167,6.388527075992897,6.3995130099356174,False,-23.69230842590332,-0.4135087728500366,-87.42857360839844,-1.5259164571762085,84.61538696289062,1.4768171310424805,81.97801971435547,1.430786371231079,92.57142639160156,1.6156761646270752,0.6868131868131868,0.006868131868131868,-0.40610170364379883,-1.5276447534561157,1.441342830657959,1.4157354831695557,1.6182544231414795,-0.0003893151879310608,-23.267911911010742,-0.4061016729111433,-87.52759552001953,-1.527644728178179,82.58285522460938,1.441342729367235,81.11566162109375,1.415735370221687,92.71914672851562,1.6182543900523267,0.0,0.0,True,False,0.03893151879310608,0.0,0.0,0.0,0.0,0.0,0.0,0.0,0.0,0.0,0.0,0.0,0.0,0.0,0.0,0.0
5,168,6.421946384012699,6.43489029596094,False,-23.076923370361328,-0.4027682840824127,-88.3956069946289,-1.5427943468093872,84.79120635986328,1.4798856973648071,81.97801971435547,1.430786371231079,92.3956069946289,1.6126075983047485,0.6868131868131868,0.006868131868131868,-0.4114524722099304,-1.5113179683685303,1.4191536903381348,1.417046070098877,1.61716890335083,0.0001531839370727539,-23.57448959350586,-0.41145246288381687,-86.59213256835938,-1.5113178196412849,81.31151580810547,1.4191536706388581,81.19075775146484,1.4170460449521696,92.65694427490234,1.6171687524339557,0.01531839370727539,0.0001531839370727539,False,False,0.0,0.0,0.0,0.0,0.0,0.0,0.0,0.0,0.0,0.0,0.0,0.0,0.0,0.0,0.0,0.0
5,169,6.456023950944655,6.468496265006252,False,-23.16483497619629,-0.4043026268482208,-88.13186645507812,-1.5381911993026733,84.79120635986328,1.4798856973648071,81.97801971435547,1.430786371231079,92.3956069946289,1.6126075983047485,0.6868131868131868,0.006868131868131868,-0.4114239811897278,-1.4993822574615479,1.402135968208313,1.4144471883773804,1.6210381984710693,0.0003476068377494812,-23.572856903076172,-0.41142396706015305,-85.90827178955078,-1.4993821974258223,80.79120635986328,1.410072557637797,81.0418472290039,1.414447066044361,92.8786392211914,1.621038059181732,0.03476068377494812,0.0003476068377494812,False,False,0.0,0.0,0.0,0.0,0.0,0.0,0.0,0.0,0.45473480224609375,0.45473480224609375,0.0,0.0,0.0,0.0,0.0,0.0
5,170,6.489684624015354,6.501021508011036,False,-23.69230842590332,-0.4135087728500366,-87.51648712158203,-1.5274507999420166,84.70330047607422,1.4783514738082886,81.97801971435547,1.430786371231079,92.3956069946289,1.6126075983047485,0.6868131868131868,0.006868131868131868,-0.41005176305770874,-1.518714189529419,1.4084923267364502,1.4164917469024658,1.6178542375564575,-0.0003972947597503662,-23.494234085083008,-0.4100517400189761,-87.01590728759766,-1.5187140837787074,80.70330047607422,1.4085383105338023,81.15899658203125,1.4164917079712696,92.69621276855469,1.6178541169404876,0.0,0.0,True,False,0.03972947597503662,0.0,0.0,0.0,0.0,0.0,0.0,0.0,0.0026397705078125,0.0026397705078125,0.0,0.0,0.0,0.0,0.0,0.0
5,171,6.522952432977036,6.533480515005067,False,-23.78022003173828,-0.4150431454181671,-87.34066009521484,-1.5243821144104004,84.52747344970703,1.4752826690673828,81.97801971435547,1.430786371231079,92.3956069946289,1.6126075983047485,0.6868131868131868,0.006868131868131868,-0.41438060998916626,-1.5268861055374146,1.4310888051986694,1.4145156145095825,1.6179784536361694,0.0001770704984664917,-23.742258071899414,-0.4143805752128454,-87.48412322998047,-1.5268859935836157,81.99534606933594,1.4310887602221027,81.04576873779297,1.4145155092843762,92.70333099365234,1.61797835340534,0.01770704984664917,0.0001770704984664917,False,False,0.0,0.0,0.0,0.0,0.0,0.0,0.0,0.0,0.0,0.0,0.0,0.0,0.0,0.0,0.0,0.0
5,172,6.556317384936847,6.566900601959787,False,-23.516483306884766,-0.410440057516098,-87.07691955566406,-1.5197789669036865,84.43955993652344,1.4737483263015747,81.97801971435547,1.430786371231079,92.3956069946289,1.6126075983047485,0.6868131868131868,0.006868131868131868,-0.41498714685440063,-1.4867559671401978,1.4230648279190063,1.4158445596694946,1.6159443855285645,0.0003799721598625183,-23.777009963989258,-0.4149871101511109,-85.1848373413086,-1.4867558843816475,81.53560638427734,1.4230647890157486,81.12191009521484,1.4158444266683257,92.58678436279297,1.6159442309647374,0.03799721598625183,0.0003799721598625183,False,False,0.0,0.0,0.0,0.0,0.0,0.0,0.0,0.0,0.0,0.0,0.0,0.0,0.0,0.0,0.0,0.0
5,173,6.589915334014222,6.600591778988019,False,-23.16483497619629,-0.4043026268482208,-86.989013671875,-1.518244743347168,84.35164642333984,1.4722139835357666,81.97801971435547,1.430786371231079,92.3956069946289,1.6126075983047485,0.6868131868131868,0.006868131868131868,-0.4106985330581665,-1.5230869054794312,1.4221227169036865,1.4168134927749634,1.6133654117584229,-0.0005202218890190125,-23.531291961669922,-0.41069852197921547,-87.26644897460938,-1.523086861130563,81.48162841796875,1.422122695780133,81.17742919921875,1.416813417830951,92.43902587890625,1.6133653589231591,0.0,0.0,True,False,0.052022188901901245,0.0,0.0,0.0,0.0,0.0,0.0,0.0,0.0,0.0,0.0,0.0,0.0,0.0,0.0,0.0
5,174,6.623336203978397,6.633492182008922,False,-23.340660095214844,-0.4073713719844818,-87.16483306884766,-1.5213133096694946,84.35164642333984,1.4722139835357666,81.97801971435547,1.430786371231079,92.3956069946289,1.6126075983047485,0.6868131868131868,0.006868131868131868,-0.41735386848449707,-1.5213472843170166,1.4080759286880493,1.4163150787353516,1.6197587251663208,-1.825392246246338e-05,-23.912614822387695,-0.4173538614118643,-87.1667709350586,-1.5213471511484689,80.67680358886719,1.4080758526105102,81.14887237548828,1.4163150072329427,92.80533599853516,1.619758676594058,0.0,0.0,True,False,0.0018253922462463379,0.0,0.0,0.0,0.0,0.0,0.0,0.0,0.0,0.0,0.0,0.0,0.0,0.0,0.0,0.0
5,175,6.656936206039973,6.667427454027347,False,-23.69230842590332,-0.4135087728500366,-86.72527313232422,-1.513641595840454,84.35164642333984,1.4722139835357666,81.97801971435547,1.430786371231079,92.3956069946289,1.6126075983047485,0.6868131868131868,0.006868131868131868,-0.4151092767715454,-1.5201400518417358,1.4266290664672852,1.4140548706054688,1.6190881729125977,-0.0004789978265762329,-23.784008026123047,-0.4151092493766047,-87.09760284423828,-1.5201399402263358,81.73982238769531,1.4266290306606562,81.01937103271484,1.4140547824157925,92.76691436767578,1.619088092631576,0.0,0.0,True,False,0.04789978265762329,0.0,0.0,0.0,0.0,0.0,0.0,0.0,0.0,0.0,0.0,0.0,0.0,0.0,0.0,0.0
5,176,6.690345442970283,6.700827904045582,False,-23.868131637573242,-0.4165774881839752,-86.37362670898438,-1.5075041055679321,84.35164642333984,1.4722139835357666,81.97801971435547,1.430786371231079,92.3956069946289,1.6126075983047485,0.6868131868131868,0.006868131868131868,-0.4113205671310425,-1.5330711603164673,1.429323673248291,1.4096509218215942,1.6221994161605835,0.0008916407823562622,-23.566930770874023,-0.41132053654131706,-87.8385009765625,-1.5330710520572701,81.89421081542969,1.4293236170515984,80.76704406738281,1.409650846079183,92.94517517089844,1.622199330575061,0.08916407823562622,0.0008916407823562622,False,False,0.0,0.0,0.0,0.0,0.0,0.0,0.0,0.0,0.0,0.0,0.0,0.0,0.0,0.0,0.0,0.0
5,177,6.723761455970816,6.734489926951937,False,-23.78022003173828,-0.4150431454181671,-86.19779968261719,-1.504435420036316,84.35164642333984,1.4722139835357666,81.97801971435547,1.430786371231079,92.3956069946289,1.6126075983047485,0.6868131868131868,0.006868131868131868,-0.41225868463516235,-1.5290015935897827,1.4342117309570312,1.4133046865463257,1.6266549825668335,0.0025070086121559143,-23.620681762695312,-0.4122586683248111,-87.60533142089844,-1.5290014755955201,82.17427825927734,1.4342117160743841,80.97638702392578,1.4133045699367173,93.2004623413086,1.626654932236818,0.25070086121559143,0.0025070086121559143,False,False,0.0,0.0,0.0,0.0,0.0,0.0,0.0,0.0,0.0,0.0,0.0,0.0,0.0,0.0,0.0,0.0
5,178,6.75740721297916,6.767938400036655,False,-23.69230842590332,-0.4135087728500366,-86.81318664550781,-1.5151759386062622,84.35164642333984,1.4722139835357666,81.97801971435547,1.430786371231079,92.3956069946289,1.6126075983047485,0.6868131868131868,0.006868131868131868,-0.4031941294670105,-1.552903652191162,1.4415638446807861,1.4077703952789307,1.62173593044281,-0.00029137730598449707,-23.101320266723633,-0.403194100212022,-88.97482299804688,-1.5529036126950901,82.59552001953125,1.4415637717377114,80.65929412841797,1.4077702548754234,92.91861724853516,1.6217358073873327,0.0,0.0,True,False,0.029137730598449707,0.0,0.0,0.0,0.0,0.0,0.0,0.0,0.0,0.0,0.0,0.0,0.0,0.0,0.0,0.0
5,179,6.79102253599558,6.802323524025269,False,-23.604394912719727,-0.41197440028190613,-87.42857360839844,-1.5259164571762085,84.35164642333984,1.4722139835357666,81.97801971435547,1.430786371231079,92.3956069946289,1.6126075983047485,0.6868131868131868,0.006868131868131868,-0.40885210037231445,-1.525221347808838,1.4252138137817383,1.406923532485962,1.6227807998657227,0.00024273991584777832,-23.425498962402344,-0.40885208581643623,-87.38874053955078,-1.5252212515862071,81.65872955322266,1.4252136936993336,80.61077880859375,1.4069235028068328,92.97848510742188,1.6227806986410254,0.024273991584777832,0.00024273991584777832,False,False,0.0,0.0,0.0,0.0,0.0,0.0,0.0,0.0,0.0,0.0,0.0,0.0,0.0,0.0,0.0,0.0
5,180,6.82415855396539,6.985027492977679,False,-23.516483306884766,-0.410440057516098,-87.51648712158203,-1.5274507999420166,84.35164642333984,1.4722139835357666,81.71428680419922,1.4261833429336548,92.3956069946289,1.6126075983047485,0.6868131868131868,0.006868131868131868,-0.42840147018432617,-1.4899044036865234,1.3549021482467651,1.423322081565857,1.6092305183410645,0.0011101588606834412,-24.545595169067383,-0.42840145256184003,-85.36522674560547,-1.4899042734223393,80.35164642333984,1.4024007894856056,81.55034637451172,1.4233220503770503,92.20211029052734,1.6092304018566477,0.11101588606834412,0.0011101588606834412,False,False,0.0,0.0,0.0,0.0,0.0,0.0,0.0,0.0,2.7214736938476562,2.7214736938476562,0.0,0.0,0.0,0.0,0.0,0.0
5,181,6.986497855978087,6.999063099967316,False,-23.428571701049805,-0.4089057147502899,-87.86813354492188,-1.533588171005249,84.35164642333984,1.4722139835357666,81.62637329101562,1.4246490001678467,92.3956069946289,1.6126075983047485,0.6868131868131868,0.006868131868131868,-0.41960036754608154,-1.4369697570800781,1.2751411199569702,1.4292411804199219,1.6134657859802246,0.0007795467972755432,-24.04132843017578,-0.4196003376598871,-83.86813354492188,-1.4637750678611903,80.35164642333984,1.4024007894856056,81.88948059082031,1.4292410590578057,92.44477844238281,1.6134657600962552,0.07795467972755432,0.0007795467972755432,False,False,0.0,0.0,0.0,0.0,0.0,1.5358352661132812,1.5358352661132812,0.0,7.29144287109375,7.29144287109375,0.0,0.0,0.0,0.0,0.0,0.0
5,182,7.019822463043965,7.033619928988628,False,-23.428571701049805,-0.4089057147502899,-87.95604705810547,-1.5351226329803467,84.35164642333984,1.4722139835357666,81.62637329101562,1.4246490001678467,92.3956069946289,1.6126075983047485,0.6868131868131868,0.006868131868131868,-0.41087013483047485,-1.4081279039382935,1.223031997680664,1.4335075616836548,1.611621379852295,-0.00012734532356262207,-23.541122436523438,-0.4108700961324438,-83.95604705810547,-1.4653094481232396,80.35164642333984,1.4024007894856056,82.13392639160156,1.4335074431241128,92.33909606933594,1.6116212547252662,0.0,0.0,True,False,0.012734532356262207,0.0,0.0,0.0,0.0,3.2762680053710938,3.2762680053710938,0.0,10.277076721191406,10.277076721191406,0.0,0.0,0.0,0.0,0.0,0.0
5,183,7.05316251993645,7.064003558945842,False,-23.516483306884766,-0.410440057516098,-87.34066009521484,-1.5243821144104004,84.26373291015625,1.470679521560669,81.71428680419922,1.4261833429336548,92.3956069946289,1.6126075983047485,0.6868131868131868,0.006868131868131868,-0.41889476776123047,-1.299524188041687,1.1372817754745483,1.443450927734375,1.6193325519561768,0.0006620809435844421,-24.000900268554688,-0.41889473312907055,-83.34066009521484,-1.45456891944695,80.26373291015625,1.4008664092235565,82.70364379882812,1.4434508876861416,92.78091430664062,1.6193324376615907,0.06620809435844421,0.0006620809435844421,False,False,0.0,0.0,0.0,0.0,0.0,8.883415222167969,8.883415222167969,0.0,15.102287292480469,15.102287292480469,0.0,0.0,0.0,0.0,0.0,0.0
5,184,7.086635724990629,7.097354811034165,False,-23.78022003173828,-0.4150431454181671,-86.02198028564453,-1.5013667345046997,84.26373291015625,1.470679521560669,81.80220031738281,1.427717685699463,92.3956069946289,1.6126075983047485,0.6868131868131868,0.006868131868131868,-0.42075836658477783,-1.2710474729537964,1.1164699792861938,1.4330694675445557,1.6111831665039062,0.0007778257131576538,-24.107677459716797,-0.42075834668088075,-82.02198028564453,-1.431553614990376,80.26373291015625,1.4008664092235565,82.10882568359375,1.4330693531247947,92.3139877319336,1.6111830315678937,0.07778257131576538,0.0007778257131576538,False,False,0.0,0.0,0.0,0.0,0.0,9.196327209472656,9.196327209472656,0.0,16.294719696044922,16.294719696044922,0.0,0.0,0.0,0.0,0.0,0.0
5,185,7.120099216001108,7.131571994046681,False,-23.956043243408203,-0.4181118309497833,-84.61538696289062,-1.4768171310424805,84.26373291015625,1.470679521560669,82.06593322753906,1.4323207139968872,92.3956069946289,1.6126075983047485,0.6868131868131868,0.006868131868131868,-0.4209768772125244,-1.26035737991333,1.107255458831787,1.4367444515228271,1.610521674156189,0.0006325617432594299,-24.120197296142578,-0.42097685904832177,-80.61538696289062,-1.4070039302717532,80.26373291015625,1.4008664092235565,82.31938934326172,1.4367443822710495,92.27609252929688,1.6105216355111727,0.063256174325943,0.0006325617432594299,False,False,0.0,0.0,0.0,0.0,0.0,8.402229309082031,8.402229309082031,0.0,16.822669982910156,16.822669982910156,0.0,0.0,0.0,0.0,0.0,0.0
5,186,7.153497015940957,7.164376255939715,False,-23.956043243408203,-0.4181118309497833,-84.26373291015625,-1.470679521560669,84.26373291015625,1.470679521560669,82.06593322753906,1.4323207139968872,92.74725341796875,1.618744969367981,0.6868131868131868,0.006868131868131868,-0.42462873458862305,-1.207887887954712,1.0679186582565308,1.4330480098724365,1.6136064529418945,-0.0003603622317314148,-24.32943344116211,-0.42462871869309293,-80.26373291015625,-1.4008664092235565,80.26373291015625,1.4008664092235565,82.10759735107422,1.4330479146780195,92.45283508300781,1.6136063750018113,0.0,0.0,True,False,0.03603622317314148,0.0,0.0,0.0,0.0,11.056861877441406,11.056861877441406,0.0,19.07650375366211,19.07650375366211,0.0,0.0,0.0,0.0,0.0,0.0
5,187,7.187243535998277,7.197877026046626,False,-23.956043243408203,-0.4181118309497833,-83.56044006347656,-1.458404779434204,84.26373291015625,1.470679521560669,82.06593322753906,1.4323207139968872,92.74725341796875,1.618744969367981,0.6868131868131868,0.006868131868131868,-0.4228929281234741,-1.1972166299819946,1.0502911806106567,1.4303736686706543,1.6185634136199951,0.00027539581060409546,-24.229978561401367,-0.42289290358409287,-79.56044006347656,-1.3885916334432724,80.26373291015625,1.4008664092235565,81.9543685913086,1.430373568311362,92.73684692382812,1.6185633167387758,0.027539581060409546,0.00027539581060409546,False,False,0.0,0.0,0.0,0.0,0.0,10.964981079101562,10.964981079101562,0.0,20.086483001708984,20.086483001708984,0.0,0.0,0.0,0.0,0.0,0.0
5,188,7.2209258349612355,7.231600121944211,False,-23.78022003173828,-0.4150431454181671,-82.4175796508789,-1.4384580850601196,84.26373291015625,1.470679521560669,81.62637329101562,1.4246490001678467,92.74725341796875,1.618744969367981,0.6868131868131868,0.006868131868131868,-0.4235309362411499,-1.206499695777893,1.0459837913513184,1.4315147399902344,1.6152560710906982,0.00027283281087875366,-24.26653289794922,-0.423530897112735,-78.4175796508789,-1.3686449563527423,80.26373291015625,1.4008664092235565,82.01974487304688,1.4315145996804064,92.54734802246094,1.6152559369810064,0.027283281087875366,0.00027283281087875366,False,False,0.0,0.0,0.0,0.0,0.0,9.290245056152344,9.290245056152344,0.0,20.33327865600586,20.33327865600586,0.0,0.0,0.0,0.0,0.0,0.0
5,189,7.254206193028949,7.2652999489801005,False,-23.69230842590332,-0.4135087728500366,-81.71428680419922,-1.4261833429336548,84.26373291015625,1.470679521560669,81.53845977783203,1.423114538192749,92.74725341796875,1.618744969367981,0.6868131868131868,0.006868131868131868,-0.43047457933425903,-1.1860092878341675,1.029333233833313,1.4278661012649536,1.6142292022705078,-0.00032860785722732544,-24.66437530517578,-0.4304745570228986,-77.71428680419922,-1.3563701805724582,80.26373291015625,1.4008664092235565,81.81069946289062,1.427866068986998,92.48851776123047,1.6142291552227264,0.0,0.0,True,False,0.032860785722732544,0.0,0.0,0.0,0.0,9.760963439941406,9.760963439941406,0.0,21.28728485107422,21.28728485107422,0.0,0.0,0.0,0.0,0.0,0.0
5,190,7.287926721968688,7.298832656000741,False,-23.69230842590332,-0.4135087728500366,-80.92308044433594,-1.4123741388320923,84.26373291015625,1.470679521560669,81.45054626464844,1.421580195426941,92.83516693115234,1.620279312133789,0.6868131868131868,0.006868131868131868,-0.42078667879104614,-1.180167317390442,1.035434603691101,1.4244263172149658,1.6149029731750488,0.0002359449863433838,-24.109298706054688,-0.42078664276746286,-76.92308044433594,-1.3425610245301247,80.26373291015625,1.4008664092235565,81.61360931396484,1.4244261969649972,92.5271224975586,1.6149029349785164,0.02359449863433838,0.0002359449863433838,False,False,0.0,0.0,0.0,0.0,0.0,9.304481506347656,9.304481506347656,0.0,20.937702178955078,20.937702178955078,0.0,0.0,0.0,0.0,0.0,0.0
5,191,7.321081471047364,7.331550000002608,False,-23.956043243408203,-0.4181118309497833,-80.13186645507812,-1.3985649347305298,84.26373291015625,1.470679521560669,81.36264038085938,1.4200459718704224,92.83516693115234,1.620279312133789,0.6868131868131868,0.006868131868131868,-0.41697442531585693,-1.254152536392212,1.0934349298477173,1.4220924377441406,1.60983145236969,0.0009284168481826782,-23.890872955322266,-0.41697439424604166,-76.13186645507812,-1.328751735329737,80.26373291015625,1.4008664092235565,81.47988891601562,1.422092335743706,92.23654174804688,1.609831344156624,0.09284168481826782,0.0009284168481826782,False,False,0.0,0.0,0.0,0.0,0.0,4.274223327636719,4.274223327636719,0.0,17.61452865600586,17.61452865600586,0.0,0.0,0.0,0.0,0.0,0.0
5,192,7.354803462978452,7.365550260990858,False,-24.30769157409668,-0.4242492616176605,-79.42857360839844,-1.3862900733947754,84.17582702636719,1.4691452980041504,81.36264038085938,1.4200459718704224,92.83516693115234,1.620279312133789,0.6868131868131868,0.006868131868131868,-0.41095852851867676,-1.349231243133545,1.1766988039016724,1.42477285861969,1.6100094318389893,0.002352021634578705,-23.546188354492188,-0.4109585130806344,-77.30525207519531,-1.3492311777963373,80.17582702636719,1.399332162119562,81.63346862792969,1.424772807380871,92.24674224853516,1.610009376475496,0.23520216345787048,0.002352021634578705,False,False,0.0,0.0,0.0,0.0,0.0,0.0,0.0,0.0,12.755958557128906,12.755958557128906,0.0,0.0,0.0,0.0,0.0,0.0
5,193,7.38848812202923,7.399292099988088,False,-24.395605087280273,-0.425783634185791,-78.63735961914062,-1.372480869293213,84.0,1.4660766124725342,81.36264038085938,1.4200459718704224,92.83516693115234,1.620279312133789,0.6868131868131868,0.006868131868131868,-0.4194157123565674,-1.3433364629745483,1.1905460357666016,1.423816442489624,1.6106213331222534,0.002496883273124695,-24.03074836730957,-0.41941568072780366,-76.9675064086914,-1.3433364038815014,80.0,1.3962634015954636,81.57866668701172,1.423816333075369,92.28179931640625,1.6106212377359415,0.24968832731246948,0.002496883273124695,False,False,0.0,0.0,0.0,0.0,0.0,0.0,0.0,0.0,11.7867431640625,11.7867431640625,0.0,0.0,0.0,0.0,0.0,0.0
5,194,7.42225037899334,7.432767821941525,False,-23.956043243408203,-0.4181118309497833,-78.37362670898438,-1.3678778409957886,83.82417297363281,1.4630078077316284,81.36264038085938,1.4200459718704224,92.83516693115234,1.620279312133789,0.6868131868131868,0.006868131868131868,-0.412564754486084,-1.2854180335998535,1.156150221824646,1.421333909034729,1.6153103113174438,0.001525774598121643,-23.63821792602539,-0.4125647321130885,-74.37362670898438,-1.298064662720972,79.82417297363281,1.3931946410713654,81.43643188476562,1.4213338674652516,92.55046081542969,1.615310265467244,0.1525774598121643,0.001525774598121643,False,False,0.0,0.0,0.0,0.0,0.0,0.7246017456054688,0.7246017456054688,0.0,13.581649780273438,13.581649780273438,0.0,0.0,0.0,0.0,0.0,0.0
5,195,7.455438188975677,7.4663059619488195,False,-23.604394912719727,-0.41197440028190613,-78.37362670898438,-1.3678778409957886,83.56044006347656,1.458404779434204,81.36264038085938,1.4200459718704224,92.83516693115234,1.620279312133789,0.6868131868131868,0.006868131868131868,-0.4086320996284485,-1.373273491859436,1.2247140407562256,1.4184707403182983,1.6116924285888672,0.002202726900577545,-23.412893295288086,-0.4086320754208821,-78.68276977539062,-1.3732733971692457,79.56044006347656,1.3885916334432724,81.27238464355469,1.4184707029773074,92.34317016601562,1.6116923611263714,0.22027269005775452,0.002202726900577545,False,False,0.0,0.0,0.0,0.0,0.0,0.0,0.0,0.0,9.389495849609375,9.389495849609375,0.0,0.0,0.0,0.0,0.0,0.0
5,196,7.489026478957385,7.500404138001613,False,-23.604394912719727,-0.41197440028190613,-77.75823974609375,-1.3571373224258423,83.38461303710938,1.4553359746932983,81.36264038085938,1.4200459718704224,92.83516693115234,1.620279312133789,0.6868131868131868,0.006868131868131868,-0.42119771242141724,-1.3565163612365723,1.2331888675689697,1.421008586883545,1.6105684041976929,0.001098036766052246,-24.132850646972656,-0.4211977016817166,-77.72265625,-1.356516254958249,79.38461303710938,1.385522872919174,81.41779327392578,1.4210085623380984,92.27877044677734,1.6105683739883034,0.10980367660522461,0.001098036766052246,False,False,0.0,0.0,0.0,0.0,0.0,0.0,0.0,0.0,8.728096008300781,8.728096008300781,0.0,0.0,0.0,0.0,0.0,0.0
5,197,7.5223778890213,7.5331350970081985,False,-23.956043243408203,-0.4181118309497833,-76.70330047607422,-1.3387250900268555,83.12088012695312,1.4507330656051636,81.36264038085938,1.4200459718704224,92.83516693115234,1.620279312133789,0.6868131868131868,0.006868131868131868,-0.4166397452354431,-1.3566981554031372,1.2331513166427612,1.42098069190979,1.6177760362625122,0.0021774619817733765,-23.8716983795166,-0.4166397347655596,-77.73307037353516,-1.356698015702647,79.12088012695312,1.380919865291081,81.41619110107422,1.4209805991466526,92.69173431396484,1.617775953162494,0.21774619817733765,0.0021774619817733765,False,False,0.0,0.0,0.0,0.0,0.0,0.0,0.0,0.0,8.466514587402344,8.466514587402344,0.0,0.0,0.0,0.0,0.0,0.0
5,198,7.556692486978136,7.567362357978709,False,-24.043956756591797,-0.4196462035179138,-76.35164642333984,-1.3325875997543335,82.94505310058594,1.4476642608642578,81.36264038085938,1.4200459718704224,92.83516693115234,1.620279312133789,0.6868131868131868,0.006868131868131868,-0.4214283227920532,-1.374611258506775,1.2426477670669556,1.417653203010559,1.6102275848388672,0.0014896467328071594,-24.14606285095215,-0.4214282981426038,-78.7594223022461,-1.3746112361428469,78.94505310058594,1.3778511047669828,81.22554016113281,1.417653112522653,92.25923919677734,1.6102274893687734,0.14896467328071594,0.0014896467328071594,False,False,0.0,0.0,0.0,0.0,0.0,0.0,0.0,0.0,7.74658203125,7.74658203125,0.0,0.0,0.0,0.0,0.0,0.0
5,199,7.590023771044798,7.600683694938198,False,-24.131868362426758,-0.4211805462837219,-76.79120635986328,-1.3402594327926636,82.76923370361328,1.4445956945419312,81.36264038085938,1.4200459718704224,92.83516693115234,1.620279312133789,0.6868131868131868,0.006868131868131868,-0.42658722400665283,-1.216952919960022,1.1352505683898926,1.4202827215194702,1.6151466369628906,0.0023938938975334167,-24.441646575927734,-0.4265872073587372,-72.79120635986328,-1.2704462174782507,78.76923370361328,1.374782477400939,81.3761978149414,1.4202825846249427,92.54108428955078,1.6151466142182587,0.23938938975334167,0.0023938938975334167,False,False,0.0,0.0,0.0,0.0,0.0,3.06494140625,3.06494140625,0.0,13.724174499511719,13.724174499511719,0.0,0.0,0.0,0.0,0.0,0.0
5,200,7.623435426037759,7.634192430996336,False,-24.043956756591797,-0.4196462035179138,-77.4945068359375,-1.352534294128418,82.5934066772461,1.4415268898010254,81.71428680419922,1.4261833429336548,92.83516693115234,1.620279312133789,0.6868131868131868,0.006868131868131868,-0.4353354573249817,-1.2170042991638184,1.1400138139724731,1.4199374914169312,1.6031655073165894,0.0016710907220840454,-24.942882537841797,-0.43533542522353846,-73.4945068359375,-1.2827211264165894,78.5934066772461,1.3717137168768407,81.3564224243164,1.4199374389476684,91.8546142578125,1.6031654519481557,0.16710907220840454,0.0016710907220840454,False,False,0.0,0.0,0.0,0.0,0.0,3.7652969360351562,3.7652969360351562,0.0,13.275428771972656,13.275428771972656,0.0,0.0,0.0,0.0,0.0,0.0
5,201,7.657082538935356,7.667665565968491,False,-23.868131637573242,-0.4165774881839752,-77.75823974609375,-1.3571373224258423,82.5054931640625,1.4399925470352173,81.80220031738281,1.427717685699463,92.83516693115234,1.620279312133789,0.6868131868131868,0.006868131868131868,-0.4350427985191345,-1.175582766532898,1.103212833404541,1.4191913604736328,1.6085023880004883,0.0015724003314971924,-24.926115036010742,-0.4350427771092524,-73.75823974609375,-1.2873241340446824,78.5054931640625,1.3701793366147916,81.31366729736328,1.4191912212102282,92.16039276123047,1.60850229361462,0.15724003314971924,0.0015724003314971924,False,False,0.0,0.0,0.0,0.0,0.0,6.402313232421875,6.402313232421875,0.0,15.296058654785156,15.296058654785156,0.0,0.0,0.0,0.0,0.0,0.0
5,202,7.690691502997652,7.701443076017313,False,-24.21977996826172,-0.42271488904953003,-76.96703338623047,-1.3433281183242798,82.32967376708984,1.436923861503601,81.71428680419922,1.4261833429336548,92.48351287841797,1.614141821861267,0.6868131868131868,0.006868131868131868,-0.4466559886932373,-1.038230061531067,0.9850850105285645,1.4207295179367065,1.6093424558639526,0.002995893359184265,-25.591501235961914,-0.4466559570957337,-72.96703338623047,-1.273514978002349,78.32967376708984,1.3671107092487478,81.40180206298828,1.420729463055858,92.20852661132812,1.6093423877804856,0.2995893359184265,0.002995893359184265,False,False,0.0,0.0,0.0,0.0,0.0,13.4808349609375,13.4808349609375,0.0,21.88846206665039,21.88846206665039,0.0,0.0,0.0,0.0,0.0,0.0
5,203,7.724109099013731,7.734479623963125,False,-24.74725341796875,-0.4319210350513458,-75.64835357666016,-1.3203128576278687,82.15384674072266,1.4338550567626953,81.62637329101562,1.4246490001678467,92.74725341796875,1.618744969367981,0.6868131868131868,0.006868131868131868,-0.44887882471084595,-0.929895281791687,0.8911318778991699,1.4226759672164917,1.609803557395935,0.0015827566385269165,-25.718860626220703,-0.44887879778908196,-71.64835357666016,-1.2504996735457752,78.15384674072266,1.3640419487246493,81.51332092285156,1.4226758343385424,92.23494720458984,1.6098035141232327,0.15827566385269165,0.0015827566385269165,False,False,0.0,0.0,0.0,0.0,0.0,18.369281768798828,18.369281768798828,0.0,27.095752716064453,27.095752716064453,0.0,0.0,0.0,0.0,0.0,0.0
5,204,7.757804560940713,7.770525019965135,False,-25.27472496032715,-0.44112715125083923,-74.76923370361328,-1.304969310760498,82.06593322753906,1.4323207139968872,81.45054626464844,1.421580195426941,92.83516693115234,1.620279312133789,0.6868131868131868,0.006868131868131868,-0.46522361040115356,-0.7938529253005981,0.7818804979324341,1.4234768152236938,1.5917242765426636,0.0020721927285194397,-26.65534782409668,-0.46522358279479337,-70.76923370361328,-1.2351561372413926,78.06593322753906,1.3625075684626002,81.55921173095703,1.423476780036384,91.19908142089844,1.5917242455890663,0.20721927285194397,0.0020721927285194397,False,False,0.0,0.0,0.0,0.0,0.0,25.284812927246094,25.284812927246094,0.0,33.26748275756836,33.26748275756836,0.0,0.0,0.0,0.0,0.0,0.0
5,205,7.791769395000301,7.805668729008175,False,-25.36263656616211,-0.4426615238189697,-74.06593322753906,-1.292694330215454,82.06593322753906,1.4323207139968872,81.45054626464844,1.421580195426941,92.83516693115234,1.620279312133789,0.6868131868131868,0.006868131868131868,-0.4677479863166809,-0.7122876048088074,0.7144638299942017,1.4232720136642456,1.595813274383545,0.002644874155521393,-26.799983978271484,-0.46774795990256585,-70.06593322753906,-1.222881228303054,78.06593322753906,1.3625075684626002,81.54747772216797,1.4232719829485567,91.43335723876953,1.5958131299687195,0.2644874155521393,0.002644874155521393,False,False,0.0,0.0,0.0,0.0,0.0,29.254863739013672,29.254863739013672,0.0,37.13017272949219,37.13017272949219,0.0,0.0,0.0,0.0,0.0,0.0
5,206,7.825228397967294,7.836960615008138,False,-25.36263656616211,-0.4426615238189697,-73.0988998413086,-1.2758164405822754,81.71428680419922,1.4261833429336548,81.36264038085938,1.4200459718704224,92.83516693115234,1.620279312133789,0.6868131868131868,0.006868131868131868,-0.479142427444458,-0.6073640584945679,0.6388607025146484,1.4217573404312134,1.594767689704895,0.0023378580808639526,-27.452836990356445,-0.4791423944950108,-69.0988998413086,-1.2060033117366222,77.71428680419922,1.3563701805724582,81.460693359375,1.421757310078574,91.37345123291016,1.5947675729247544,0.23378580808639526,0.0023378580808639526,False,False,0.0,0.0,0.0,0.0,0.0,34.299503326416016,34.299503326416016,0.0,41.110267639160156,41.110267639160156,0.0,0.0,0.0,0.0,0.0,0.0
5,207,7.8585625749547035,7.870290055987425,False,-25.9780216217041,-0.45340201258659363,-72.3956069946289,-1.2635416984558105,81.45054626464844,1.421580195426941,81.36264038085938,1.4200459718704224,92.57142639160156,1.6156761646270752,0.6868131868131868,0.006868131868131868,-0.47446954250335693,-0.5512498617172241,0.6083476543426514,1.4209988117218018,1.5923722982406616,0.0019909366965293884,-27.185100555419922,-0.47446951217781685,-68.3956069946289,-1.193728535956338,77.45054626464844,1.3517670397863106,81.41722869873047,1.420998708642065,91.2362060546875,1.5923721926822825,0.19909366965293884,0.0019909366965293884,False,False,0.0,0.0,0.0,0.0,0.0,36.811317443847656,36.811317443847656,0.0,42.59479522705078,42.59479522705078,0.0,0.0,0.0,0.0,0.0,0.0
5,208,7.892134943976998,7.9039362400071695,False,-26.85714340209961,-0.4687455892562866,-71.6043930053711,-1.2497323751449585,81.0988998413086,1.4154428243637085,81.36264038085938,1.4200459718704224,92.48351287841797,1.614141821861267,0.6868131868131868,0.006868131868131868,-0.48386555910110474,-0.4974921941757202,0.5603796243667603,1.418250322341919,1.5895192623138428,0.0017509832978248596,-27.723453521728516,-0.4838655439777799,-67.6043930053711,-1.17991924675595,77.0988998413086,1.3456296518961686,81.25975036621094,1.4182501932390488,91.07273864746094,1.5895191482064808,0.17509832978248596,0.0017509832978248596,False,False,0.0,0.0,0.0,0.0,0.0,39.100189208984375,39.100189208984375,0.0,44.991512298583984,44.991512298583984,0.0,0.0,0.0,0.0,0.0,0.0
5,209,7.925480442936532,7.937211256939918,False,-27.03296661376953,-0.47181427478790283,-70.72527313232422,-1.234388828277588,80.92308044433594,1.4123741388320923,81.36264038085938,1.4200459718704224,92.30769348144531,1.6110731363296509,0.6868131868131868,0.006868131868131868,-0.4953175187110901,-0.431999146938324,0.5186010599136353,1.4211325645446777,1.5862066745758057,0.0013408362865447998,-28.379602432250977,-0.4953175028497705,-66.72527313232422,-1.1645757104515677,76.92308044433594,1.3425610245301247,81.42489624023438,1.4211325324868416,90.88294219970703,1.5862065752845855,0.13408362865447998,0.0013408362865447998,False,False,0.0,0.0,0.0,0.0,0.0,41.973548889160156,41.973548889160156,0.0,47.20943069458008,47.20943069458008,0.0,0.0,0.0,0.0,0.0,0.0
5,210,7.9587997739436105,8.12362636695616,False,-26.769229888916016,-0.46721118688583374,-69.93406677246094,-1.220579743385315,80.48351287841797,1.4047023057937622,81.36264038085938,1.4200459718704224,92.13186645507812,1.6080044507980347,0.6868131868131868,0.006868131868131868,-0.48085886240005493,-1.4210374355316162,1.4244238138198853,1.4122127294540405,1.609800934791565,0.000665612518787384,-27.55118179321289,-0.48085883510708044,-73.93406677246094,-1.2903928945687806,81.61347198486328,1.424423800120016,80.91382598876953,1.4122126738897847,92.23479461669922,1.6098008509621426,0.0665612518787384,0.000665612518787384,False,False,0.0,0.0,0.0,0.0,0.0,7.485374450683594,7.485374450683594,0.0,0.0,0.0,0.0,0.0,0.0,0.0,0.0,0.0
5,211,8.125091179041192,8.137225650018081,False,-28.08791160583496,-0.49022653698921204,-67.64835357666016,-1.1806864738464355,80.04395294189453,1.3970304727554321,81.36264038085938,1.4200459718704224,91.78022003173828,1.6018669605255127,0.6868131868131868,0.006868131868131868,-0.46941983699798584,-1.4560248851776123,1.4543125629425049,1.4103068113327026,1.6077415943145752,-0.0016487762331962585,-26.895774841308594,-0.46941982585589037,-71.64835357666016,-1.2504996735457752,83.32596588134766,1.4543124570339754,80.80462646484375,1.4103067826556694,92.11680603027344,1.6077415616492388,0.0,0.0,True,False,0.16487762331962585,0.0,0.0,0.0,0.0,11.775726318359375,11.775726318359375,0.0,0.0,0.0,0.0,0.0,0.0,0.0,0.0,0.0
5,212,8.158487034030259,8.170687144971453,False,-28.615385055541992,-0.49943268299102783,-67.64835357666016,-1.1806864738464355,80.04395294189453,1.3970304727554321,81.36264038085938,1.4200459718704224,91.78022003173828,1.6018669605255127,0.6868131868131868,0.006868131868131868,-0.48418545722961426,-1.3995558023452759,1.3962433338165283,1.4149553775787354,1.6090503931045532,3.0800700187683105e-05,-27.74178123474121,-0.48418542291421207,-71.64835357666016,-1.2504996735457752,79.99884796142578,1.3962432947292336,81.07096862792969,1.4149553303384028,92.19178771972656,1.6090502390089039,0.0030800700187683105,3.0800700187683105e-05,False,False,0.0,0.0,0.0,0.0,0.0,8.540283203125,8.540283203125,0.0,0.0,0.0,0.0,0.0,0.0,0.0,0.0,0.0
5,213,8.191949533997104,8.20369455893524,False,-28.0,-0.48869219422340393,-67.73626708984375,-1.1822208166122437,80.13186645507812,1.3985649347305298,81.18681335449219,1.4169771671295166,91.86813354492188,1.6034014225006104,0.6868131868131868,0.006868131868131868,-0.5090513825416565,-1.2401907444000244,1.205801248550415,1.4186044931411743,1.6132761240005493,-0.002769455313682556,-29.166494369506836,-0.5090513580122819,-71.05769348144531,-1.240190710124133,76.13186645507812,1.328751735329737,81.28004455566406,1.4186043936640294,92.43390655517578,1.613276009868587,0.0,0.0,True,False,0.2769455313682556,0.0,0.0,0.0,0.0,0.0,0.0,0.0,7.044548034667969,7.044548034667969,0.0,0.0,0.0,0.0,0.0,0.0
5,214,8.225460364017636,8.236383826937526,False,-27.296703338623047,-0.47641733288764954,-69.23076629638672,-1.208304762840271,80.92308044433594,1.4123741388320923,81.0988998413086,1.4154428243637085,91.95604705810547,1.6049357652664185,0.6868131868131868,0.006868131868131868,-0.4994150400161743,-1.2583848237991333,1.19203519821167,1.4198226928710938,1.6068328619003296,-0.0008600428700447083,-28.61437225341797,-0.49941500921345283,-72.10013580322266,-1.2583847609012817,76.92308044433594,1.3425610245301247,81.34984588623047,1.419822656704686,92.06473541259766,1.6068327579272492,0.0,0.0,True,False,0.08600428700447083,0.0,0.0,0.0,0.0,0.0,0.0,0.0,8.624496459960938,8.624496459960938,0.0,0.0,0.0,0.0,0.0,0.0
5,215,8.258863270981237,8.271079830941744,False,-28.263736724853516,-0.49329525232315063,-70.28571319580078,-1.2267171144485474,81.53845977783203,1.423114538192749,81.0988998413086,1.4154428243637085,92.04395294189453,1.606469988822937,0.6868131868131868,0.006868131868131868,-0.5044984817504883,-1.2795144319534302,1.2491874694824219,1.4112468957901,1.6052086353302002,-0.002324417233467102,-28.90563201904297,-0.504498451102196,-73.31077575683594,-1.279514414148025,77.53845977783203,1.35330142004836,80.85848999023438,1.4112468785204675,91.97167205810547,1.6052084959784099,0.0,0.0,True,False,0.2324417233467102,0.0,0.0,0.0,0.0,0.0,0.0,0.0,5.965293884277344,5.965293884277344,0.0,0.0,0.0,0.0,0.0,0.0
5,216,8.29211075999774,8.302904327982105,False,-28.96703338623047,-0.505570113658905,-70.37362670898438,-1.2282514572143555,81.27472686767578,1.4185116291046143,81.0988998413086,1.4154428243637085,92.04395294189453,1.606469988822937,0.6868131868131868,0.006868131868131868,-0.4876457452774048,-1.3057254552841187,1.2672494649887085,1.4119373559951782,1.6026302576065063,-0.0006276890635490417,-27.94004249572754,-0.48764573469757927,-74.37362670898438,-1.298064662720972,77.27472686767578,1.348698412420267,80.8980484008789,1.4119373030330704,91.82394409179688,1.6026301565690497,0.0,0.0,True,False,0.06276890635490417,0.0,0.0,0.0,0.0,0.43892669677734375,0.43892669677734375,0.0,4.66668701171875,4.66668701171875,0.0,0.0,0.0,0.0,0.0,0.0
5,217,8.325631065992638,8.338832361041568,False,-28.175825119018555,-0.49176090955734253,-70.9011001586914,-1.2374576330184937,80.57142639160156,1.4062366485595703,81.71428680419922,1.4261833429336548,91.95604705810547,1.6049357652664185,0.6868131868131868,0.006868131868131868,-0.48156481981277466,-1.351940631866455,1.2938435077667236,1.4146807193756104,1.6065292358398438,-0.00038890540599823,-27.591630935668945,-0.48156480582254685,-74.9011001586914,-1.3072708111352123,76.57142639160156,1.3364235034819283,81.05522918701172,1.414680625271961,92.0473403930664,1.6065291575629803,0.0,0.0,True,False,0.038890540599823,0.0,0.0,0.0,0.0,2.55938720703125,2.55938720703125,0.0,2.4396591186523438,2.4396591186523438,0.0,0.0,0.0,0.0,0.0,0.0
5,218,8.35916691296734,8.371682210941799,False,-28.263736724853516,-0.49329525232315063,-72.48351287841797,-1.265075922012329,80.3956069946289,1.4031680822372437,81.71428680419922,1.4261833429336548,91.51648712158203,1.597264051437378,0.6868131868131868,0.006868131868131868,-0.4856260418891907,-1.2592499256134033,1.1968094110488892,1.41654372215271,1.601886510848999,-0.0015498995780944824,-27.824321746826172,-0.48562602661637677,-72.14970397949219,-1.259249888781394,76.3956069946289,1.3333548761158844,81.16197204589844,1.416543639612526,91.78133392333984,1.601886468834645,0.0,0.0,True,False,0.15498995780944824,0.0,0.0,0.0,0.0,0.0,0.0,0.0,7.823486328125,7.823486328125,0.0,0.0,0.0,0.0,0.0,0.0
5,219,8.392726649995893,8.406119344988838,False,-28.52747344970703,-0.4978983402252197,-73.53845977783203,-1.2834882736206055,80.21977996826172,1.400099277496338,81.62637329101562,1.4246490001678467,91.86813354492188,1.6034014225006104,0.6868131868131868,0.006868131868131868,-0.4872175455093384,-1.2589253187179565,1.2148261070251465,1.4144562482833862,1.5998997688293457,-0.0012116506695747375,-27.915508270263672,-0.48721753168380816,-72.131103515625,-1.2589252494445133,76.21977996826172,1.330286115591786,81.04236602783203,1.4144561207920674,91.66749572753906,1.5998996175033915,0.0,0.0,True,False,0.12116506695747375,0.0,0.0,0.0,0.0,0.0,0.0,0.0,6.6153717041015625,6.6153717041015625,0.0,0.0,0.0,0.0,0.0,0.0
5,220,8.426025694003329,8.438791019958444,False,-27.91208839416504,-0.4871578514575958,-73.71428680419922,-1.2865569591522217,79.95604705810547,1.3954962491989136,81.62637329101562,1.4246490001678467,91.69230651855469,1.6003326177597046,0.6868131868131868,0.006868131868131868,-0.489149272441864,-1.2902790307998657,1.2541677951812744,1.4168297052383423,1.5963172912597656,-0.0013840645551681519,-28.026187896728516,-0.4891492555804971,-73.92753601074219,-1.2902789112741253,75.95604705810547,1.325683107963693,81.17835998535156,1.4168296631136006,91.46224212646484,1.5963172663630714,0.0,0.0,True,False,0.13840645551681519,0.0,0.0,0.0,0.0,0.0,0.0,0.0,4.097526550292969,4.097526550292969,0.0,0.0,0.0,0.0,0.0,0.0
5,221,8.459261053008959,8.47107105399482,False,-27.736263275146484,-0.48408910632133484,-73.36264038085938,-1.2804195880889893,79.95604705810547,1.3954962491989136,81.62637329101562,1.4246490001678467,91.51648712158203,1.597264051437378,0.6868131868131868,0.006868131868131868,-0.4927680492401123,-1.2685909271240234,1.2243678569793701,1.4154386520385742,1.6061304807662964,-0.0015488043427467346,-28.23352813720703,-0.49276802544872406,-72.68489837646484,-1.2685907931467924,75.95604705810547,1.325683107963693,81.0986557006836,1.4154385609181976,92.02449035644531,1.606130349189741,0.0,0.0,True,False,0.15488043427467346,0.0,0.0,0.0,0.0,0.0,0.0,0.0,5.804939270019531,5.804939270019531,0.0,0.0,0.0,0.0,0.0,0.0
5,222,8.493019004934467,8.506477438029833,False,-28.263736724853516,-0.49329525232315063,-72.65933990478516,-1.2681447267532349,79.95604705810547,1.3954962491989136,81.62637329101562,1.4246490001678467,91.51648712158203,1.597264051437378,0.6868131868131868,0.006868131868131868,-0.4972923994064331,-1.1776987314224243,1.1505190134048462,1.4177480936050415,1.6060236692428589,-0.000917777419090271,-28.492753982543945,-0.4972923699561188,-68.65933990478516,-1.198331543584431,75.95604705810547,1.325683107963693,81.2309799194336,1.4177480542155143,92.01837158203125,1.6060235564300287,0.0,0.0,True,False,0.0917777419090271,0.0,0.0,0.0,0.0,1.1821746826171875,1.1821746826171875,0.0,10.036163330078125,10.036163330078125,0.0,0.0,0.0,0.0,0.0,0.0
5,223,8.5263123200275,8.537493127048947,False,-28.351648330688477,-0.49482959508895874,-73.0988998413086,-1.2758164405822754,79.95604705810547,1.3954962491989136,81.62637329101562,1.4246490001678467,91.78022003173828,1.6018669605255127,0.6868131868131868,0.006868131868131868,-0.49566251039505005,-1.2753711938858032,1.2587525844573975,1.4140063524246216,1.5998725891113281,-0.0010756105184555054,-28.399368286132812,-0.49566248207947666,-73.07337951660156,-1.2753710681240797,75.95604705810547,1.325683107963693,81.01659393310547,1.414006312883953,91.66593933105469,1.5998724532602726,0.0,0.0,True,False,0.10756105184555054,0.0,0.0,0.0,0.0,0.0,0.0,0.0,3.8348388671875,3.8348388671875,0.0,0.0,0.0,0.0,0.0,0.0
5,224,8.561045503010973,8.573120831977576,False,-28.08791160583496,-0.49022653698921204,-73.45054626464844,-1.2819538116455078,79.95604705810547,1.3954962491989136,81.62637329101562,1.4246490001678467,91.51648712158203,1.597264051437378,0.6868131868131868,0.006868131868131868,-0.48887789249420166,-1.2736889123916626,1.2372734546661377,1.4107189178466797,1.6019514799118042,-0.0006414726376533508,-28.010639190673828,-0.48887787946541805,-72.97699737548828,-1.273688882421531,75.95604705810547,1.325683107963693,80.82823944091797,1.4107189068343593,91.7850570678711,1.601951449965243,0.0,0.0,True,False,0.06414726376533508,0.0,0.0,0.0,0.0,0.0,0.0,0.0,5.0655059814453125,5.0655059814453125,0.0,0.0,0.0,0.0,0.0,0.0
5,225,8.593419621000066,8.605671838042326,False,-27.736263275146484,-0.48408910632133484,-72.04395294189453,-1.2574042081832886,79.95604705810547,1.3954962491989136,81.53845977783203,1.423114538192749,91.51648712158203,1.597264051437378,0.6868131868131868,0.006868131868131868,-0.48719608783721924,-1.2323832511901855,1.1931405067443848,1.412003993988037,1.6045690774917603,-0.0009030699729919434,-27.914278030395508,-0.4871960599475194,-70.6103515625,-1.2323831207563476,75.95604705810547,1.325683107963693,80.90186309814453,1.4120038820603225,91.93502807617188,1.6045689378426276,0.0,0.0,True,False,0.09030699729919434,0.0,0.0,0.0,0.0,0.0,0.0,0.0,7.594139099121094,7.594139099121094,0.0,0.0,0.0,0.0,0.0,0.0
5,226,8.626751463045366,8.639805775950663,False,-27.736263275146484,-0.48408910632133484,-70.46154022216797,-1.2297859191894531,79.95604705810547,1.3954962491989136,81.53845977783203,1.423114538192749,91.6043930053711,1.5987982749938965,0.6868131868131868,0.006868131868131868,-0.4920441508293152,-1.204939603805542,1.1434601545333862,1.416445255279541,1.5983325242996216,-0.00046377629041671753,-28.19205093383789,-0.49204411168541323,-69.03794860839844,-1.2049395120391901,75.95604705810547,1.325683107963693,81.15633392333984,1.4164452358102477,91.57770538330078,1.5983324803599344,0.0,0.0,True,False,0.04637762904167175,0.0,0.0,0.0,0.0,0.0,0.0,0.0,10.44061279296875,10.44061279296875,0.0,0.0,0.0,0.0,0.0,0.0
5,227,8.66051882202737,8.673778602969833,False,-27.824174880981445,-0.48562344908714294,-70.63735961914062,-1.2328544855117798,79.95604705810547,1.3954962491989136,81.53845977783203,1.423114538192749,91.6043930053711,1.5987982749938965,0.6868131868131868,0.006868131868131868,-0.5076983571052551,-1.205923318862915,1.1397444009780884,1.420266032218933,1.5973310470581055,-0.002604745328426361,-29.088972091674805,-0.5076983390204671,-69.09431457519531,-1.2059232837458653,75.95604705810547,1.325683107963693,81.375244140625,1.4202659398681299,91.52032470703125,1.5973309986320101,0.0,0.0,True,False,0.2604745328426361,0.0,0.0,0.0,0.0,0.0,0.0,0.0,10.65350341796875,10.65350341796875,0.0,0.0,0.0,0.0,0.0,0.0
5,228,8.694039274938405,8.706871566013433,False,-27.91208839416504,-0.4871578514575958,-70.9011001586914,-1.2374576330184937,79.95604705810547,1.3954962491989136,81.53845977783203,1.423114538192749,91.51648712158203,1.597264051437378,0.6868131868131868,0.006868131868131868,-0.5141516327857971,-1.14079749584198,1.057430386543274,1.419897437095642,1.5993659496307373,-0.0008065104484558105,-29.458717346191406,-0.5141516111054063,-66.9011001586914,-1.167644470975666,75.95604705810547,1.325683107963693,81.3541259765625,1.4198973583732628,91.63691711425781,1.5993659200209396,0.0,0.0,True,False,0.08065104484558105,0.0,0.0,0.0,0.0,1.5382232666015625,1.5382232666015625,0.0,15.3697509765625,15.3697509765625,0.0,0.0,0.0,0.0,0.0,0.0
5,229,8.72725039103534,8.740692407009192,False,-28.0,-0.48869219422340393,-70.28571319580078,-1.2267171144485474,79.95604705810547,1.3954962491989136,81.53845977783203,1.423114538192749,91.51648712158203,1.597264051437378,0.6868131868131868,0.006868131868131868,-0.5115339159965515,-1.057104468345642,1.0130512714385986,1.4192955493927002,1.599658727645874,-0.0005094185471534729,-29.308732986450195,-0.5115338902014265,-66.28571319580078,-1.1569039422993763,75.95604705810547,1.325683107963693,81.31964111328125,1.419295483966905,91.6536865234375,1.5996586014247394,0.0,0.0,True,False,0.05094185471534729,0.0,0.0,0.0,0.0,5.7180938720703125,5.7180938720703125,0.0,17.912487030029297,17.912487030029297,0.0,0.0,0.0,0.0,0.0,0.0
5,230,8.76066361402627,8.771483812015504,False,-28.703296661376953,-0.5009670257568359,-69.4945068359375,-1.2129079103469849,79.95604705810547,1.3954962491989136,81.45054626464844,1.421580195426941,91.51648712158203,1.597264051437378,0.6868131868131868,0.006868131868131868,-0.5301002860069275,-0.9893790483474731,0.9337408542633057,1.4254329204559326,1.5948666334152222,-0.001419655978679657,-30.372507095336914,-0.5301002508989684,-65.4945068359375,-1.143094786257043,75.95604705810547,1.325683107963693,81.6712875366211,1.425432871857047,91.37911987304688,1.5948665093592507,0.0,0.0,True,False,0.1419655978679657,0.0,0.0,0.0,0.0,8.807266235351562,8.807266235351562,0.0,22.45663833618164,22.45663833618164,0.0,0.0,0.0,0.0,0.0,0.0
5,231,8.794014401966706,8.804524470935576,False,-29.318681716918945,-0.5117075443267822,-68.70330047607422,-1.199098825454712,79.95604705810547,1.3954962491989136,81.27472686767578,1.4185116291046143,91.86813354492188,1.6034014225006104,0.6868131868131868,0.006868131868131868,-0.5377190113067627,-0.8768255710601807,0.8625204563140869,1.4283522367477417,1.5971794128417969,-0.00162564218044281,-30.80902862548828,-0.5377189888559535,-64.70330047607422,-1.1292856302147096,75.95604705810547,1.325683107963693,81.83854675292969,1.4283520958859375,91.51163482666016,1.5971793316079301,0.0,0.0,True,False,0.162564218044281,0.0,0.0,0.0,0.0,14.464897155761719,14.464897155761719,0.0,26.537269592285156,26.537269592285156,0.0,0.0,0.0,0.0,0.0,0.0
5,232,8.827469918993302,8.837904209038243,False,-29.318681716918945,-0.5117075443267822,-67.64835357666016,-1.1806864738464355,79.86813354492188,1.3939619064331055,81.010986328125,1.4139084815979004,91.95604705810547,1.6049357652664185,0.6868131868131868,0.006868131868131868,-0.5474271178245544,-0.7851740121841431,0.7960186004638672,1.4320482015609741,1.5891313552856445,-0.0009769648313522339,-31.36526107788086,-0.5474270765566466,-63.648353576660156,-1.1108733333862288,75.86813354492188,1.324148727701644,82.0503158569336,1.432048164004804,91.0505142211914,1.5891312587937105,0.0,0.0,True,False,0.09769648313522339,0.0,0.0,0.0,0.0,18.661197662353516,18.661197662353516,0.0,30.259628295898438,30.259628295898438,0.0,0.0,0.0,0.0,0.0,0.0
5,233,8.860880734049715,8.87142254493665,False,-29.670330047607422,-0.5178449749946594,-66.94505310058594,-1.1684116125106812,79.86813354492188,1.3939619064331055,81.010986328125,1.4139084815979004,91.51648712158203,1.597264051437378,0.6868131868131868,0.006868131868131868,-0.5581037998199463,-0.6621512770652771,0.6897643208503723,1.4311186075210571,1.596186876296997,-0.0010534003376960754,-31.97698974609375,-0.5581037559458015,-62.94505310058594,-1.0985984244478901,75.86813354492188,1.324148727701644,81.99705505371094,1.4311185876263117,91.45476531982422,1.5961867714696576,0.0,0.0,True,False,0.10534003376960754,0.0,0.0,0.0,0.0,25.006580352783203,25.006580352783203,0.0,36.34754943847656,36.34754943847656,0.0,0.0,0.0,0.0,0.0,0.0
5,234,8.89412472199183,8.906081816996448,False,-30.813186645507812,-0.5377915501594543,-66.06593322753906,-1.1530680656433105,79.69230651855469,1.3908931016921997,81.010986328125,1.4139084815979004,91.86813354492188,1.6034014225006104,0.6868131868131868,0.006868131868131868,-0.5545123815536499,-0.570225715637207,0.6347402334213257,1.4254076480865479,1.5883135795593262,-0.0010730400681495667,-31.771217346191406,-0.5545123500577751,-62.06593322753906,-1.0832548881435076,75.69230651855469,1.3210799671775457,81.66983795166016,1.4254075718266912,91.003662109375,1.5883135351810018,0.0,0.0,True,False,0.10730400681495667,0.0,0.0,0.0,0.0,29.3944091796875,29.3944091796875,0.0,39.324371337890625,39.324371337890625,0.0,0.0,0.0,0.0,0.0,0.0
5,235,8.928624394000508,8.939006250002421,False,-31.340660095214844,-0.5469977259635925,-65.010986328125,-1.1346557140350342,79.25274658203125,1.3832213878631592,81.0988998413086,1.4154428243637085,91.95604705810547,1.6049357652664185,0.6868131868131868,0.006868131868131868,-0.5583571195602417,-0.5023765563964844,0.561921238899231,1.4224979877471924,1.585005283355713,-0.0005981400609016418,-31.991504669189453,-0.5583570891444953,-61.010986328125,-1.0648425913150268,75.25274658203125,1.3134081990253543,81.50312805175781,1.4224979351777252,90.8141098022461,1.5850052233168508,0.0,0.0,True,False,0.059814006090164185,0.0,0.0,0.0,0.0,32.2269287109375,32.2269287109375,0.0,43.05703353881836,43.05703353881836,0.0,0.0,0.0,0.0,0.0,0.0
5,236,8.961948901996948,8.972633569035679,False,-31.16483497619629,-0.5439289808273315,-64.21977996826172,-1.1208466291427612,79.07691955566406,1.3801525831222534,81.0988998413086,1.4154428243637085,91.86813354492188,1.6034014225006104,0.6868131868131868,0.006868131868131868,-0.5635291934013367,-0.42959028482437134,0.5242184400558472,1.423529028892517,1.5884400606155396,-0.0002689287066459656,-32.287841796875,-0.5635291477185109,-60.21977996826172,-1.0510334352726933,75.07691955566406,1.3103394385012561,81.56220245361328,1.4235289779937494,91.01091003417969,1.5884400353327806,0.0,0.0,True,False,0.026892870664596558,0.0,0.0,0.0,0.0,35.60607147216797,35.60607147216797,0.0,45.04141616821289,45.04141616821289,0.0,0.0,0.0,0.0,0.0,0.0
5,237,8.99541072093416,9.00664432393387,False,-31.076923370361328,-0.5423946380615234,-63.340660095214844,-1.1055030822753906,78.81318664550781,1.375549554824829,81.18681335449219,1.4169771671295166,91.51648712158203,1.597264051437378,0.6868131868131868,0.006868131868131868,-0.568046510219574,-0.3912297487258911,0.4967831075191498,1.4207595586776733,1.5848262310028076,-0.0004246160387992859,-32.54666519165039,-0.5680464681385305,-59.340660095214844,-1.0356898989683108,74.81318664550781,1.3057364308731632,81.40351867675781,1.4207594236181216,90.80384826660156,1.584826125733543,0.0,0.0,True,False,0.04246160387992859,0.0,0.0,0.0,0.0,36.92485046386719,36.92485046386719,0.0,46.349613189697266,46.349613189697266,0.0,0.0,0.0,0.0,0.0,0.0
5,238,9.028874231036752,9.039392341976054,False,-31.78022003173828,-0.5546694993972778,-62.19780349731445,-1.0855565071105957,78.46154022216797,1.3694121837615967,81.18681335449219,1.4169771671295166,91.51648712158203,1.597264051437378,0.6868131868131868,0.006868131868131868,-0.5806957483291626,-0.32712849974632263,0.43490278720855713,1.4214693307876587,1.5770760774612427,-0.0005561113357543945,-33.27141189575195,-0.58069568436808,-58.19780349731445,-1.015743288456808,74.46154022216797,1.299599042983021,81.4441909790039,1.421469289206682,90.35979461669922,1.577075927487249,0.0,0.0,True,False,0.05561113357543945,0.0,0.0,0.0,0.0,39.45471954345703,39.45471954345703,0.0,49.54344940185547,49.54344940185547,0.0,0.0,0.0,0.0,0.0,0.0
5,239,9.062377733993344,9.073062384035438,False,-32.39560317993164,-0.5654099583625793,-61.406593322753906,-1.0717471837997437,78.19779968261719,1.3648090362548828,81.18681335449219,1.4169771671295166,91.6043930053711,1.5987982749938965,0.6868131868131868,0.006868131868131868,-0.5800971984863281,-0.26827478408813477,0.40564340353012085,1.4202438592910767,1.584959626197815,-0.0010540857911109924,-33.237117767333984,-0.5800971389130847,-57.406593322753906,-1.0019340658354474,74.19779968261719,1.2949959021968735,81.37397766113281,1.420243835631082,90.81149291992188,1.584959550104156,0.0,0.0,True,False,0.10540857911109924,0.0,0.0,0.0,0.0,42.03558349609375,42.03558349609375,0.0,50.956146240234375,50.956146240234375,0.0,0.0,0.0,0.0,0.0,0.0
5,240,9.095600193948485,9.283065213006921,False,-32.483516693115234,-0.5669443011283875,-60.35165023803711,-1.0533349514007568,77.93406677246094,1.3602060079574585,81.27472686767578,1.4185116291046143,91.42857360839844,1.5957295894622803,0.6868131868131868,0.006868131868131868,-0.5525554418563843,-1.3089852333068848,1.3886140584945679,1.4040977954864502,1.600408673286438,-0.001667901873588562,-31.659093856811523,-0.5525554259992713,-64.35165405273438,-1.1231482423245676,79.56172180175781,1.388614003996429,80.4488754272461,1.4040977557322043,91.6966552734375,1.6004085475877057,0.0,0.0,True,False,0.1667901873588562,0.0,0.0,0.0,0.0,10.64767837524414,10.647674560546875,0.0,0.0,0.0,0.0,0.0,0.0,0.0,0.0,0.0
5,241,9.284582367981784,9.295844994019717,False,-32.83516311645508,-0.5730817317962646,-58.153846740722656,-1.014976143836975,77.31867980957031,1.3494654893875122,81.27472686767578,1.4185116291046143,91.07691955566406,1.5895920991897583,0.6868131868131868,0.006868131868131868,-0.5441655516624451,-1.3544238805770874,1.421970248222351,1.4027149677276611,1.5909773111343384,-0.0012375712394714355,-31.178388595581055,-0.5441655364591401,-62.153846740722656,-1.0847892684055567,81.31867980957031,1.4192787060520373,80.36964416503906,1.4027149093361806,91.15628051757812,1.590977228903299,0.0,0.0,True,False,0.12375712394714355,0.0,0.0,0.0,0.0,15.448921203613281,15.448921203613281,0.0,0.15421295166015625,0.15421295166015625,0.0,0.0,0.0,0.0,0.0,0.0
5,242,9.317922631045803,9.32838741200976,False,-32.74725341796875,-0.5715473890304565,-58.153846740722656,-1.014976143836975,77.31867980957031,1.3494654893875122,81.27472686767578,1.4185116291046143,90.9011001586914,1.5865235328674316,0.6868131868131868,0.006868131868131868,-0.5429794788360596,-1.3609437942504883,1.426909327507019,1.3963083028793335,1.5920559167861938,-0.0013698041439056396,-31.110431671142578,-0.5429794643781598,-62.153846740722656,-1.0847892684055567,81.31867980957031,1.4192787060520373,80.00257110595703,1.3963082758598315,91.21807861328125,1.5920558091447812,0.0,0.0,True,False,0.13698041439056396,0.0,0.0,0.0,0.0,15.822486877441406,15.822486877441406,0.0,0.43719482421875,0.43719482421875,0.0,0.0,0.0,0.0,0.0,0.0
5,243,9.35148538602516,9.362450612941757,False,-32.83516311645508,-0.5730817317962646,-58.41758346557617,-1.0195791721343994,77.4945068359375,1.352534294128418,81.27472686767578,1.4185116291046143,90.989013671875,1.5880578756332397,0.6868131868131868,0.006868131868131868,-0.5396841168403625,-1.332100749015808,1.4049508571624756,1.3986402750015259,1.5875595808029175,-0.002031177282333374,-30.921621322631836,-0.5396841021348093,-62.41758346557617,-1.0893923426126768,80.49774932861328,1.4049507662293566,80.13617706298828,1.3986401397103048,90.96045684814453,1.587559461118346,0.0,0.0,True,False,0.2031177282333374,0.0,0.0,0.0,0.0,13.90616226196289,13.90616226196289,0.0,0.0,0.0,0.0,0.0,0.0,0.0,0.0,0.0
5,244,9.38501703494694,9.395854749018326,False,-31.956043243408203,-0.557738184928894,-60.17582321166992,-1.0502662658691406,78.72527313232422,1.374015212059021,80.48351287841797,1.4047023057937622,91.25274658203125,1.592660903930664,0.6868131868131868,0.006868131868131868,-0.5382884740829468,-1.3630419969558716,1.413636565208435,1.3985272645950317,1.5874974727630615,-0.0016760379076004028,-30.841655731201172,-0.5382884392760396,-64.17582702636719,-1.1200794818004691,80.99540710449219,1.4136365329665956,80.12970733642578,1.3985272216800855,90.95690155029297,1.587497409464947,0.0,0.0,True,False,0.16760379076004028,0.0,0.0,0.0,0.0,13.920726776123047,13.920722961425781,0.0,0.0,0.0,0.0,0.0,0.0,0.0,0.0,0.0
5,245,9.418223366956227,9.429981798049994,False,-31.25274658203125,-0.5454633235931396,-61.58241653442383,-1.0748158693313599,79.86813354492188,1.3939619064331055,80.3956069946289,1.4031680822372437,91.25274658203125,1.592660903930664,0.6868131868131868,0.006868131868131868,-0.5401513576507568,-1.3712568283081055,1.4124627113342285,1.3953454494476318,1.592695713043213,-0.0013346225023269653,-30.94839096069336,-0.5401513204585501,-65.58241271972656,-1.1446290333610376,80.92814636230469,1.4124626115580887,79.94740295410156,1.3953454099677134,91.2547378540039,1.5926956335966727,0.0,0.0,True,False,0.13346225023269653,0.0,0.0,0.0,0.0,12.984806060791016,12.984809875488281,0.0,0.0,0.0,0.0,0.0,0.0,0.0,0.0,0.0
5,246,9.451935783028603,9.462401848984882,False,-31.69230842590332,-0.553135097026825,-62.19780349731445,-1.0855565071105957,80.3956069946289,1.4031680822372437,80.04395294189453,1.3970304727554321,91.25274658203125,1.592660903930664,0.6868131868131868,0.006868131868131868,-0.5320135951042175,-1.387327790260315,1.416715383529663,1.3953027725219727,1.5904353857040405,0.00036134570837020874,-30.482131958007812,-0.5320135656946222,-66.19779968261719,-1.1553695620373272,81.17180633544922,1.4167152803447816,79.94495391845703,1.3953026662322177,91.12522888183594,1.590435275621468,0.036134570837020874,0.00036134570837020874,False,False,0.0,0.0,0.0,0.0,0.0,13.290218353271484,13.29022216796875,0.0,0.0,0.0,0.0,0.0,0.0,0.0,0.0,0.0
5,247,9.48537364101503,9.495752125047147,False,-31.78022003173828,-0.5546694993972778,-63.42856979370117,-1.1070374250411987,80.57142639160156,1.4062366485595703,79.95604705810547,1.3954962491989136,91.25274658203125,1.592660903930664,0.6868131868131868,0.006868131868131868,-0.5331990122795105,-1.3939872980117798,1.4228556156158447,1.3909265995025635,1.589751958847046,-0.0009919553995132446,-30.550050735473633,-0.5331989719853302,-67.42857360839844,-1.1768506193899064,81.52362060546875,1.4228555977121229,79.69422149658203,1.3909265599289993,91.08607482910156,1.5897519084857537,0.0,0.0,True,False,0.09919553995132446,0.0,0.0,0.0,0.0,12.44101333618164,12.441009521484375,0.0,0.0,0.0,0.0,0.0,0.0,0.0,0.0,0.0
5,248,9.518947207019664,9.529689062037505,False,-31.16483497619629,-0.5439289808273315,-64.57142639160156,-1.1269840002059937,80.74725341796875,1.409305453300476,79.95604705810547,1.3954962491989136,91.25274658203125,1.592660903930664,0.6868131868131868,0.006868131868131868,-0.5309116840362549,-1.3760488033294678,1.4215447902679443,1.3943525552749634,1.5952614545822144,-0.000606834888458252,-30.418996810913086,-0.5309116495040883,-68.57142639160156,-1.1967971633223817,81.4485092163086,1.4215446566655314,79.89051055908203,1.3943524503552773,91.40174102783203,1.595261322990855,0.0,0.0,True,False,0.060683488845825195,0.0,0.0,0.0,0.0,10.270355224609375,10.270355224609375,0.0,0.0,0.0,0.0,0.0,0.0,0.0,0.0,0.0
5,249,9.552442542044446,9.562869117013179,False,-30.72527503967285,-0.5362572073936462,-65.45054626464844,-1.1423275470733643,81.010986328125,1.4139084815979004,79.95604705810547,1.3954962491989136,91.25274658203125,1.592660903930664,0.6868131868131868,0.006868131868131868,-0.5287657380104065,-1.4033403396606445,1.4304417371749878,1.3918941020965576,1.5869419574737549,0.000592544674873352,-30.296043395996094,-0.5287657075872161,-69.45054626464844,-1.2121406996267643,81.95826721191406,1.4304416120772137,79.7496566772461,1.3918940863530251,90.9250717163086,1.5869418740615564,0.059254467487335205,0.000592544674873352,False,False,0.0,0.0,0.0,0.0,0.0,10.954925537109375,10.954925537109375,0.0,0.0,0.0,0.0,0.0,0.0,0.0,0.0,0.0
5,250,9.586048744968139,9.59645360102877,False,-30.72527503967285,-0.5362572073936462,-66.5934066772461,-1.1622742414474487,81.27472686767578,1.4185116291046143,79.95604705810547,1.3954962491989136,91.25274658203125,1.592660903930664,0.6868131868131868,0.006868131868131868,-0.5318617820739746,-1.390002727508545,1.4264065027236938,1.3952735662460327,1.5980110168457031,-0.0001540854573249817,-30.473434448242188,-0.5318617655124878,-70.5934066772461,-1.2320873767172944,81.72706604003906,1.4264063903935256,79.94328308105469,1.3952735046182811,91.55928039550781,1.5980109036583072,0.0,0.0,True,False,0.015408545732498169,0.0,0.0,0.0,0.0,9.047882080078125,9.047882080078125,0.0,0.0,0.0,0.0,0.0,0.0,0.0,0.0,0.0
5,251,9.619195646955632,9.631417660042644,False,-30.989011764526367,-0.5408602952957153,-67.64835357666016,-1.1806864738464355,81.62637329101562,1.4246490001678467,79.86813354492188,1.3939619064331055,91.25274658203125,1.592660903930664,0.6868131868131868,0.006868131868131868,-0.5220492482185364,-1.4274046421051025,1.4405382871627808,1.3920857906341553,1.5808796882629395,0.0013174861669540405,-29.911216735839844,-0.5220492153180363,-71.64835357666016,-1.2504996735457752,82.53675842285156,1.440538188401922,79.76063537597656,1.3920857007934564,90.57772827148438,1.5808795873141546,0.13174861669540405,0.0013174861669540405,False,False,0.0,0.0,0.0,0.0,0.0,10.135902404785156,10.135902404785156,0.0,0.0,0.0,0.0,0.0,0.0,0.0,0.0,0.0
5,252,9.65300223894883,9.664112858939916,False,-31.076923370361328,-0.5423946380615234,-68.43955993652344,-1.194495677947998,81.80220031738281,1.427717685699463,79.86813354492188,1.3939619064331055,91.25274658203125,1.592660903930664,0.6868131868131868,0.006868131868131868,-0.5139259099960327,-1.4273138046264648,1.4454829692840576,1.3876115083694458,1.5855581760406494,-0.0001533403992652893,-29.445783615112305,-0.5139258749135084,-72.43955993652344,-1.2643088295881086,82.820068359375,1.445482879597872,79.50428009033203,1.3876114570040687,90.84578704833984,1.5855580955591513,0.0,0.0,True,False,0.01533403992652893,0.0,0.0,0.0,0.0,9.339492797851562,9.339492797851562,0.0,0.0,0.0,0.0,0.0,0.0,0.0,0.0,0.0
5,253,9.686436049989425,9.69744493602775,False,-30.72527503967285,-0.5362572073936462,-69.4945068359375,-1.2129079103469849,81.97801971435547,1.430786371231079,79.86813354492188,1.3939619064331055,91.25274658203125,1.592660903930664,0.6868131868131868,0.006868131868131868,-0.5137173533439636,-1.4218655824661255,1.4303760528564453,1.3905657529830933,1.5881142616271973,0.00013571977615356445,-29.433834075927734,-0.5137173161106416,-73.4945068359375,-1.2827211264165894,81.95450592041016,1.430375965156343,79.67354583740234,1.3905657016012936,90.99224090576172,1.5881141975734094,0.013571977615356445,0.00013571977615356445,False,False,0.0,0.0,0.0,0.0,0.0,7.972389221191406,7.972389221191406,0.0,0.0,0.0,0.0,0.0,0.0,0.0,0.0,0.0
5,254,9.720051257987507,9.731252908008173,False,-30.19780158996582,-0.5270510315895081,-70.63735961914062,-1.2328544855117798,82.5934066772461,1.4415268898010254,79.78022003173828,1.3924275636672974,91.25274658203125,1.592660903930664,0.6868131868131868,0.006868131868131868,-0.5291380882263184,-1.3971729278564453,1.4081058502197266,1.3984888792037964,1.5877411365509033,6.797909736633301e-05,-30.3173770904541,-0.5291380507971228,-74.63735961914062,-1.302667670349065,80.67852020263672,1.4081058131727735,80.12750244140625,1.398488739002334,90.97086334228516,1.5877410887046892,0.006797909736633301,6.797909736633301e-05,False,False,0.0,0.0,0.0,0.0,0.0,5.4147491455078125,5.4147491455078125,0.0,0.0,0.0,0.0,0.0,0.0,0.0,0.0,0.0
5,255,9.753446960938163,9.767229338991456,False,-29.758241653442383,-0.5193793177604675,-71.51648712158203,-1.24819815158844,82.68132019042969,1.4430612325668335,79.78022003173828,1.3924275636672974,91.25274658203125,1.592660903930664,0.6868131868131868,0.006868131868131868,-0.5277367234230042,-1.419900894165039,1.4166897535324097,1.3978134393692017,1.5920096635818481,0.0018441453576087952,-30.237085342407227,-0.5277366954315231,-75.51648712158203,-1.3180113398115019,81.17034149169922,1.416689713998317,80.08880615234375,1.3978133613498898,91.2154312133789,1.5920096032998683,0.18441453576087952,0.0018441453576087952,False,False,0.0,0.0,0.0,0.0,0.0,5.837837219238281,5.837837219238281,0.0,0.0,0.0,0.0,0.0,0.0,0.0,0.0,0.0
5,256,9.78702125500422,9.799080775002949,False,-29.58241844177246,-0.5163105726242065,-72.21977996826172,-1.2604728937149048,82.68132019042969,1.4430612325668335,79.86813354492188,1.3939619064331055,91.07691955566406,1.5895920991897583,0.6868131868131868,0.006868131868131868,-0.5253236889839172,-1.4234672784805298,1.388327956199646,1.4022061824798584,1.5871522426605225,-0.0005381181836128235,-30.09882926940918,-0.5253236717468296,-76.21977996826172,-1.330286115591786,79.54532623291016,1.3883278473373,80.34049224853516,1.402206112409921,90.93711853027344,1.5871521306296181,0.0,0.0,True,False,0.05381181836128235,0.0,0.0,0.0,0.0,5.3388824462890625,5.3388824462890625,0.0,0.0,0.0,0.0,0.0,0.0,0.0,0.0,0.0
5,257,9.820412922999822,9.831598812015727,False,-30.19780158996582,-0.5270510315895081,-73.0988998413086,-1.2758164405822754,82.68132019042969,1.4430612325668335,80.13186645507812,1.3985649347305298,90.9011001586914,1.5865235328674316,0.6868131868131868,0.006868131868131868,-0.5291374921798706,-1.4174638986587524,1.396409273147583,1.4019867181777954,1.5814586877822876,-0.0004832446575164795,-30.31734275817871,-0.5291374515858775,-77.0988998413086,-1.3456296518961686,80.00835418701172,1.3964092096651455,80.32791900634766,1.4019866679360984,90.61090087890625,1.5814585585351377,0.0,0.0,True,False,0.04832446575164795,0.0,0.0,0.0,0.0,4.115791320800781,4.115791320800781,0.0,0.0,0.0,0.0,0.0,0.0,0.0,0.0,0.0
5,258,9.85369024402462,9.866450328961946,False,-30.461538314819336,-0.5316541194915771,-74.24176025390625,-1.2957631349563599,82.68132019042969,1.4430612325668335,80.3956069946289,1.4031680822372437,91.25274658203125,1.592660903930664,0.6868131868131868,0.006868131868131868,-0.5440042018890381,-1.3876240253448486,1.3781712055206299,1.4043316841125488,1.5858193635940552,0.00038426369428634644,-31.169143676757812,-0.544004182186595,-78.24176025390625,-1.3655763289866987,78.96338653564453,1.3781710835719558,80.46227264404297,1.4043315812759132,90.86074829101562,1.5858192185040336,0.038426369428634644,0.00038426369428634644,False,False,0.0,0.0,0.0,0.0,0.0,1.2632369995117188,1.2632369995117188,0.0,0.0,0.0,0.0,0.0,0.0,0.0,0.0,0.0
5,259,9.887239229981788,9.89777045196388,False,-30.373626708984375,-0.530119776725769,-75.29669952392578,-1.3141753673553467,82.68132019042969,1.4430612325668335,80.48351287841797,1.4047023057937622,90.9011001586914,1.5865235328674316,0.6868131868131868,0.006868131868131868,-0.5221871733665466,-1.4121975898742676,1.3843119144439697,1.405890941619873,1.586210012435913,0.000885792076587677,-29.919118881225586,-0.5221871337729888,-79.29669952392578,-1.3839884926571249,79.31522369384766,1.3843118004134605,80.5516128540039,1.4058908620941546,90.88313293457031,1.586209904235948,0.0885792076587677,0.000885792076587677,False,False,0.0,0.0,0.0,0.0,0.0,1.6162567138671875,1.6162567138671875,0.0,0.0,0.0,0.0,0.0,0.0,0.0,0.0,0.0
5,260,9.920726816984825,9.93169111001771,False,-30.10988998413086,-0.5255166888237,-76.0,-1.326450228691101,82.68132019042969,1.4430612325668335,80.48351287841797,1.4047023057937622,90.9011001586914,1.5865235328674316,0.6868131868131868,0.006868131868131868,-0.5409702062606812,-1.3592212200164795,1.3262056112289429,1.4143688678741455,1.5899558067321777,-0.0007849261164665222,-30.99530792236328,-0.5409701759147222,-77.87763214111328,-1.359221094519388,78.68132019042969,1.3732480971388898,81.03736114501953,1.4143687691083129,91.0977554321289,1.5899557734671992,0.0,0.0,True,False,0.07849261164665222,0.0,0.0,0.0,0.0,0.0,0.0,0.0,2.695343017578125,2.695343017578125,0.0,0.0,0.0,0.0,0.0,0.0
5,261,9.954091513995081,9.964965904015116,False,-30.63736343383789,-0.5347228646278381,-77.05494689941406,-1.344862461090088,82.5934066772461,1.4415268898010254,80.57142639160156,1.4062366485595703,90.9011001586914,1.5865235328674316,0.6868131868131868,0.006868131868131868,-0.5295067429542542,-1.3813753128051758,1.3716847896575928,1.402443528175354,1.582297444343567,-0.00023280829191207886,-30.338499069213867,-0.529506698871017,-79.14697265625,-1.3813752658374847,78.5934066772461,1.3717137168768407,80.35408782958984,1.402443400063047,90.6589584350586,1.5822973211204583,0.0,0.0,True,False,0.023280829191207886,0.0,0.0,0.0,0.0,0.0,0.0,0.0,0.0016632080078125,0.0016632080078125,0.0,0.0,0.0,0.0,0.0,0.0
5,262,9.987435961025767,10.000037134042941,False,-30.63736343383789,-0.5347228646278381,-78.10989379882812,-1.3632748126983643,82.5054931640625,1.4399925470352173,80.57142639160156,1.4062366485595703,91.25274658203125,1.592660903930664,0.6868131868131868,0.006868131868131868,-0.5159322619438171,-1.4212522506713867,1.4177221059799194,1.3921098709106445,1.5800598859786987,0.0015851259231567383,-29.560739517211914,-0.5159322338997469,-81.43174743652344,-1.4212521084197862,81.2294921875,1.417722088394886,79.76201629638672,1.3921098024013216,90.53075408935547,1.5800597331725736,0.15851259231567383,0.0015851259231567383,False,False,0.0,0.0,0.0,0.0,0.0,0.0,0.0,0.0,0.0,0.0,0.0,0.0,0.0,0.0,0.0,0.0
5,263,10.020704273949377,10.031822256045416,False,-30.10988998413086,-0.5255166888237,-78.02198028564453,-1.3617404699325562,82.24176025390625,1.435389518737793,80.57142639160156,1.4062366485595703,90.72527313232422,1.5834547281265259,0.6868131868131868,0.006868131868131868,-0.5057522058486938,-1.4411239624023438,1.4215106964111328,1.3936793804168701,1.5787410736083984,0.0007873326539993286,-28.97746467590332,-0.5057521674748645,-82.02198028564453,-1.431553614990376,81.4465560913086,1.4215105682035782,79.85194396972656,1.3936793363897597,90.45519256591797,1.5787409358007665,0.07873326539993286,0.0007873326539993286,False,False,0.0,0.0,0.0,0.0,0.0,0.5483322143554688,0.5483322143554688,0.0,0.0,0.0,0.0,0.0,0.0,0.0,0.0,0.0
5,264,10.05415350093972,10.064972043968737,False,-29.934066772460938,-0.5224480032920837,-78.19779968261719,-1.3648090362548828,82.24176025390625,1.435389518737793,80.57142639160156,1.4062366485595703,90.72527313232422,1.5834547281265259,0.6868131868131868,0.006868131868131868,-0.5102885365486145,-1.4355077743530273,1.4336884021759033,1.3971786499023438,1.5807335376739502,0.0009381324052810669,-29.237377166748047,-0.5102884962071645,-82.19779968261719,-1.4346222423564199,82.144287109375,1.433688271762129,80.05243682861328,1.3971785969040693,90.5693588256836,1.5807335129283637,0.09381324052810669,0.0009381324052810669,False,False,0.0,0.0,0.0,0.0,0.0,0.0507354736328125,0.0507354736328125,0.0,0.0,0.0,0.0,0.0,0.0,0.0,0.0,0.0
5,265,10.087885088985786,10.10056450997945,False,-30.0219783782959,-0.5239823460578918,-79.86813354492188,-1.3939619064331055,82.5934066772461,1.4415268898010254,80.3956069946289,1.4031680822372437,90.72527313232422,1.5834547281265259,0.6868131868131868,0.006868131868131868,-0.5084612965583801,-1.4460391998291016,1.4136466979980469,1.4012583494186401,1.582553744316101,0.0016355141997337341,-29.1326847076416,-0.5084612680937476,-82.85193634033203,-1.446039080791535,80.99598693847656,1.413646652978738,80.28618621826172,1.4012582933779618,90.67364501953125,1.5825536503753783,0.1635514199733734,0.0016355141997337341,False,False,0.0,0.0,0.0,0.0,0.0,0.0,0.0,0.0,0.0,0.0,0.0,0.0,0.0,0.0,0.0,0.0
5,266,10.12148328195326,10.1329386360012,False,-29.934066772460938,-0.5224480032920837,-81.36264038085938,-1.4200459718704224,82.68132019042969,1.4430612325668335,80.3956069946289,1.4031680822372437,90.81318664550781,1.584989070892334,0.6868131868131868,0.006868131868131868,-0.49320876598358154,-1.4589853286743164,1.4112606048583984,1.4040944576263428,1.5797322988510132,0.0009390935301780701,-28.258779525756836,-0.49320874531961856,-83.59369659423828,-1.4589852394826284,80.8592758178711,1.4112605938000813,80.44868469238281,1.4040944267808417,90.5119857788086,1.579732164358494,0.093909353017807,0.0009390935301780701,False,False,0.0,0.0,0.0,0.0,0.0,0.0,0.0,0.0,0.0,0.0,0.0,0.0,0.0,0.0,0.0,0.0
5,267,10.155116370995529,10.166716643958353,False,-29.494504928588867,-0.5147762298583984,-81.80220031738281,-1.427717685699463,82.76923370361328,1.4445956945419312,80.3956069946289,1.4031680822372437,90.81318664550781,1.584989070892334,0.6868131868131868,0.006868131868131868,-0.5211027264595032,-1.3523869514465332,1.3043274879455566,1.4240670204162598,1.5856006145477295,0.00042360275983810425,-29.856985092163086,-0.5211026945771084,-77.80220031738281,-1.3579045608345073,78.76923370361328,1.374782477400939,81.59302520751953,1.4240669365339453,90.84822082519531,1.585600572978538,0.042360275983810425,0.00042360275983810425,False,False,0.0,0.0,0.0,0.0,0.0,0.31613922119140625,0.31613922119140625,0.0,4.036781311035156,4.036781311035156,0.0,0.0,0.0,0.0,0.0,0.0
5,268,10.188433540984988,10.200612643035129,False,-29.14285659790039,-0.5086387991905212,-81.89010620117188,-1.4292519092559814,82.76923370361328,1.4445956945419312,80.3956069946289,1.4031680822372437,90.81318664550781,1.584989070892334,0.6868131868131868,0.006868131868131868,-0.5145116448402405,-1.4137922525405884,1.377307653427124,1.4075959920883179,1.582927942276001,0.0015283897519111633,-29.47934341430664,-0.5145116039057578,-81.00432586669922,-1.4137921947323107,78.91390991210938,1.3773075535884975,80.64930725097656,1.407595950982078,90.69508361816406,1.5829278245085345,0.15283897519111633,0.0015283897519111633,False,False,0.0,0.0,0.0,0.0,0.0,0.0,0.0,0.0,0.0,0.0,0.0,0.0,0.0,0.0,0.0,0.0
5,269,10.221968163037673,10.233993942965753,False,-28.791208267211914,-0.502501368522644,-82.15384674072266,-1.4338550567626953,82.76923370361328,1.4445956945419312,80.57142639160156,1.4062366485595703,90.81318664550781,1.584989070892334,0.6868131868131868,0.006868131868131868,-0.5294181704521179,-1.3684407472610474,1.362522840499878,1.4004254341125488,1.5838958024978638,-0.0003923550248146057,-30.333425521850586,-0.5294181487647719,-78.40587615966797,-1.3684406918971332,78.76923370361328,1.374782477400939,80.23846435546875,1.4004253897470396,90.75054168701172,1.583895750406724,0.0,0.0,True,False,0.03923550248146057,0.0,0.0,0.0,0.0,0.0,0.0,0.0,0.7024307250976562,0.7024307250976562,0.0,0.0,0.0,0.0,0.0,0.0
5,270,10.255409272038378,10.419327036011964,False,-29.406593322753906,-0.5132418870925903,-82.15384674072266,-1.4338550567626953,82.4175796508789,1.4384580850601196,80.83516693115234,1.4108397960662842,90.81318664550781,1.584989070892334,0.6868131868131868,0.006868131868131868,-0.516914427280426,-1.505120873451233,1.4039355516433716,1.407339096069336,1.5829542875289917,-0.0009957477450370789,-29.617013931274414,-0.5169144077097682,-86.15384674072266,-1.503668288884196,80.4395751953125,1.403935436063764,80.63458251953125,1.4073389559368852,90.69659423828125,1.5829541898033264,0.0,0.0,True,False,0.09957477450370789,0.0,0.0,0.0,0.0,0.083221435546875,0.083221435546875,0.0,0.0,0.0,0.0,0.0,0.0,0.0,0.0,0.0
5,271,10.42069067293778,10.432270015007816,False,-30.373626708984375,-0.530119776725769,-79.07691955566406,-1.3801525831222534,82.24176025390625,1.435389518737793,80.57142639160156,1.4062366485595703,90.81318664550781,1.584989070892334,0.6868131868131868,0.006868131868131868,-0.5057758688926697,-1.359085202217102,1.235503911972046,1.4171091318130493,1.5907347202301025,-0.0013340339064598083,-28.97882080078125,-0.5057758363190525,-77.86984252929688,-1.3590851401457396,78.24176025390625,1.3655763289866987,81.19436645507812,1.4171090287119499,91.14237976074219,1.5907346149279928,0.0,0.0,True,False,0.13340339064598083,0.0,0.0,0.0,0.0,0.0,0.0,0.0,7.452606201171875,7.452606201171875,0.0,0.0,0.0,0.0,0.0,0.0
5,272,10.45439464400988,10.465461333980784,False,-30.373626708984375,-0.530119776725769,-79.42857360839844,-1.3862900733947754,82.24176025390625,1.435389518737793,80.57142639160156,1.4062366485595703,90.989013671875,1.5880578756332397,0.6868131868131868,0.006868131868131868,-0.5043511390686035,-1.3277736902236938,1.1866843700408936,1.4126510620117188,1.5846834182739258,-0.0009030923247337341,-28.89719009399414,-0.5043511117148874,-76.07582092285156,-1.3277735562613509,78.24176025390625,1.3655763289866987,80.9389419555664,1.4126510302052118,90.79566955566406,1.5846833802991147,0.0,0.0,True,False,0.09030923247337341,0.0,0.0,0.0,0.0,0.0,0.0,0.0,10.249755859375,10.249755859375,0.0,0.0,0.0,0.0,0.0,0.0
5,273,10.488607955980115,10.521155948983505,False,-29.934066772460938,-0.5224480032920837,-79.51648712158203,-1.387824535369873,82.24176025390625,1.435389518737793,80.74725341796875,1.409305453300476,90.81318664550781,1.584989070892334,0.6868131868131868,0.006868131868131868,-0.509887158870697,-1.4374898672103882,1.3223776817321777,1.4089769124984741,1.576306939125061,-0.0007791593670845032,-29.214380264282227,-0.509887124541376,-82.36209869384766,-1.4374898010601627,78.24176025390625,1.3655763289866987,80.72842407226562,1.408976800007284,90.31572723388672,1.5763068065644341,0.0,0.0,True,False,0.07791593670845032,0.0,0.0,0.0,0.0,0.0,0.0,0.0,2.4751052856445312,2.4751052856445312,0.0,0.0,0.0,0.0,0.0,0.0
5,274,10.522720634937286,10.534207370015793,False,-29.406593322753906,-0.5132418870925903,-78.72527313232422,-1.374015212059021,82.24176025390625,1.435389518737793,80.74725341796875,1.409305453300476,90.81318664550781,1.584989070892334,0.6868131868131868,0.006868131868131868,-0.5025162100791931,-1.5244652032852173,1.428270936012268,1.4056049585342407,1.5819249153137207,-0.00033020228147506714,-28.792057037353516,-0.5025161937238228,-82.72527313232422,-1.4438283907706604,81.83389282226562,1.42827086947269,80.53522491455078,1.4056048385930802,90.63761901855469,1.5819248780420108,0.0,0.0,True,False,0.033020228147506714,0.0,0.0,0.0,0.0,4.620147705078125,4.620147705078125,0.0,0.0,0.0,0.0,0.0,0.0,0.0,0.0,0.0
5,275,10.55611326196231,10.567036938969977,False,-29.05494499206543,-0.5071044564247131,-77.5824203491211,-1.354068636894226,82.15384674072266,1.4338550567626953,80.74725341796875,1.409305453300476,90.81318664550781,1.584989070892334,0.6868131868131868,0.006868131868131868,-0.4922354817390442,-1.573346495628357,1.4520723819732666,1.4032385349273682,1.579704761505127,-0.0004790648818016052,-28.203014373779297,-0.49223545980973543,-81.5824203491211,-1.4238818468381849,83.19761657714844,1.4520723390830552,80.39964294433594,1.4032384868064902,90.51041412353516,1.5797047337992662,0.0,0.0,True,False,0.04790648818016052,0.0,0.0,0.0,0.0,8.563690185546875,8.563690185546875,0.0,0.0,0.0,0.0,0.0,0.0,0.0,0.0,0.0
5,276,10.589557733037509,10.599920000997372,False,-28.96703338623047,-0.505570113658905,-77.4065933227539,-1.3509999513626099,82.24176025390625,1.435389518737793,80.74725341796875,1.409305453300476,90.81318664550781,1.584989070892334,0.6868131868131868,0.006868131868131868,-0.4919712543487549,-1.5859345197677612,1.4647972583770752,1.3969857692718506,1.5737769603729248,-0.0017892420291900635,-28.187875747680664,-0.491971240940086,-81.4065933227539,-1.4208130863140866,83.92669677734375,1.4647971890875628,80.0413818359375,1.3969856508830931,90.1707763671875,1.5737769366869132,0.0,0.0,True,False,0.17892420291900635,0.0,0.0,0.0,0.0,9.46075439453125,9.46075439453125,0.0,0.0,0.0,0.0,0.0,0.0,0.0,0.0,0.0
5,277,10.62304105097428,10.634255217039026,False,-29.05494499206543,-0.5071044564247131,-79.16483306884766,-1.3816869258880615,82.76923370361328,1.4445956945419312,80.74725341796875,1.409305453300476,90.81318664550781,1.584989070892334,0.6868131868131868,0.006868131868131868,-0.4846099615097046,-1.59428870677948,1.4738097190856934,1.399463176727295,1.5827662944793701,0.00020716339349746704,-27.766103744506836,-0.4846099307919707,-83.16483306884766,-1.4515001589228516,84.44306945800781,1.4738095925324999,80.1833267211914,1.3994630564871393,90.68582153320312,1.5827661706303668,0.020716339349746704,0.00020716339349746704,False,False,0.0,0.0,0.0,0.0,0.0,8.181175231933594,8.181175231933594,0.0,0.0,0.0,0.0,0.0,0.0,0.0,0.0,0.0
5,278,10.656596899032593,10.666962319985032,False,-29.05494499206543,-0.5071044564247131,-80.74725341796875,-1.409305453300476,83.73626708984375,1.4614735841751099,80.65933990478516,1.4077709913253784,90.81318664550781,1.584989070892334,0.6868131868131868,0.006868131868131868,-0.4887850284576416,-1.572926640510559,1.466492772102356,1.4007920026779175,1.57608962059021,0.0002679005265235901,-28.00531768798828,-0.4887850017224015,-84.74725341796875,-1.4791186041655728,84.02384185791016,1.4664926905955618,80.25946807861328,1.4007919738710888,90.30327606201172,1.5760894926194835,0.02679005265235901,0.0002679005265235901,False,False,0.0,0.0,0.0,0.0,0.0,5.3748016357421875,5.3748016357421875,0.0,0.0,0.0,0.0,0.0,0.0,0.0,0.0,0.0
5,279,10.689899708959274,10.700426514958963,False,-28.52747344970703,-0.4978983402252197,-80.83516693115234,-1.4108397960662842,84.52747344970703,1.4752826690673828,80.57142639160156,1.4062366485595703,90.81318664550781,1.584989070892334,0.6868131868131868,0.006868131868131868,-0.48848873376846313,-1.5852665901184082,1.4766143560409546,1.397094488143921,1.5797019004821777,-0.001289956271648407,-27.988340377807617,-0.4884886917616166,-84.83516693115234,-1.480652984427622,84.60376739501953,1.476614300634517,80.04761505126953,1.3970944410136228,90.51024627685547,1.579701804322067,0.0,0.0,True,False,0.1289956271648407,0.0,0.0,0.0,0.0,5.9939117431640625,5.9939117431640625,0.0,0.0,0.0,0.0,0.0,0.0,0.0,0.0,0.0
5,280,10.723396764951758,10.733989940956235,False,-28.08791160583496,-0.49022653698921204,-81.80220031738281,-1.427717685699463,84.70330047607422,1.4783514738082886,80.48351287841797,1.4047023057937622,91.16483306884766,1.5911264419555664,0.6868131868131868,0.006868131868131868,-0.5011574625968933,-1.56430184841156,1.4715747833251953,1.3981856107711792,1.574446439743042,-0.00022227317094802856,-28.71420669555664,-0.5011574489356644,-85.80220031738281,-1.4975309009940536,84.31501770019531,1.4715746677457053,80.1101303100586,1.3981855381122283,90.2091293334961,1.5744463222269047,0.0,0.0,True,False,0.022227317094802856,0.0,0.0,0.0,0.0,3.8256912231445312,3.8256912231445312,0.0,0.0,0.0,0.0,0.0,0.0,0.0,0.0,0.0
5,281,10.757137472974136,10.768040142953396,False,-27.91208839416504,-0.4871578514575958,-83.64835357666016,-1.4599391222000122,84.79120635986328,1.4798856973648071,80.57142639160156,1.4062366485595703,90.54945373535156,1.5803860425949097,0.6868131868131868,0.006868131868131868,-0.49411481618881226,-1.5733537673950195,1.47221839427948,1.3965173959732056,1.575050950050354,0.0009193196892738342,-28.310691833496094,-0.4941147860119771,-87.64835357666016,-1.5297523538648679,84.35189819335938,1.4722183537811775,80.0145492553711,1.3965173340054027,90.24376678466797,1.5750508597943527,0.09193196892738342,0.0009193196892738342,False,False,0.0,0.0,0.0,0.0,0.0,2.4981689453125,2.4981689453125,0.0,0.0,0.0,0.0,0.0,0.0,0.0,0.0,0.0
5,282,10.79042901599314,10.80192083294969,False,-28.08791160583496,-0.49022653698921204,-84.35164642333984,-1.4722139835357666,84.87911987304688,1.4814200401306152,80.57142639160156,1.4062366485595703,90.54945373535156,1.5803860425949097,0.6868131868131868,0.006868131868131868,-0.4981231689453125,-1.587705135345459,1.4809683561325073,1.3961306810379028,1.572611927986145,0.0006980001926422119,-28.540353775024414,-0.498123143058169,-88.35164642333984,-1.5420271296451522,84.85323333740234,1.4809683027006875,79.99239349365234,1.3961306430151232,90.10401916503906,1.5726118037100036,0.06980001926422119,0.0006980001926422119,False,False,0.0,0.0,0.0,0.0,0.0,2.6171493530273438,2.6171493530273438,0.0,0.0,0.0,0.0,0.0,0.0,0.0,0.0,0.0
5,283,10.823736652033404,10.858926972956397,False,-28.52747344970703,-0.4978983402252197,-84.61538696289062,-1.4768171310424805,84.96703338623047,1.482954502105713,80.57142639160156,1.4062366485595703,90.54945373535156,1.5803860425949097,0.6868131868131868,0.006868131868131868,-0.48834550380706787,-1.5779671669006348,1.473473072052002,1.396179437637329,1.5695030689239502,0.0009225904941558838,-27.980134963989258,-0.4883454802739976,-88.61538696289062,-1.5466302704312995,84.42378234863281,1.4734729689707138,79.99518585205078,1.3961793788630716,89.92589569091797,1.5695029626114996,0.09225904941558838,0.0009225904941558838,False,False,0.0,0.0,0.0,0.0,0.0,1.7954635620117188,1.7954635620117188,0.0,0.0,0.0,0.0,0.0,0.0,0.0,0.0,0.0
5,284,10.860698383999988,10.87757471902296,False,-28.703296661376953,-0.5009670257568359,-86.28571319580078,-1.505969762802124,85.23076629638672,1.4875575304031372,80.57142639160156,1.4062366485595703,90.54945373535156,1.5803860425949097,0.6868131868131868,0.006868131868131868,-0.48651331663131714,-1.5903985500335693,1.4818543195724487,1.392920732498169,1.576017141342163,0.0005716234445571899,-27.875158309936523,-0.4865132920230503,-90.28571319580078,-1.5757829627780156,84.90399169921875,1.4818542032373023,79.8084716796875,1.3929206017951963,90.29912567138672,1.5760170546378334,0.057162344455718994,0.0005716234445571899,False,False,0.0,0.0,0.0,0.0,0.0,0.8374099731445312,0.8374099731445312,0.0,0.0,0.0,0.0,0.0,0.0,0.0,0.0,0.0
5,285,10.893933295970783,10.906105443951674,False,-28.703296661376953,-0.5009670257568359,-87.69230651855469,-1.5305194854736328,85.31867980957031,1.4890918731689453,80.57142639160156,1.4062366485595703,90.54945373535156,1.5803860425949097,0.6868131868131868,0.006868131868131868,-0.4911540150642395,-1.597738265991211,1.4825904369354248,1.392813801765442,1.5745627880096436,0.0005965903401374817,-28.141050338745117,-0.49115398338056787,-91.54365539550781,-1.5977381959626833,84.9461669921875,1.4825903009626002,79.8023452758789,1.3928136758774294,90.2157974243164,1.5745627023665412,0.05965903401374817,0.0005965903401374817,False,False,0.0,0.0,0.0,0.0,0.0,0.0,0.0,0.0,0.0,0.0,0.0,0.0,0.0,0.0,0.0,0.0
5,286,10.927851674030535,10.939068553969264,False,-28.52747344970703,-0.4978983402252197,-87.86813354492188,-1.533588171005249,85.31867980957031,1.4890918731689453,80.57142639160156,1.4062366485595703,90.54945373535156,1.5803860425949097,0.6868131868131868,0.006868131868131868,-0.48498135805130005,-1.6108505725860596,1.4935228824615479,1.3929424285888672,1.5781676769256592,0.0006271526217460632,-27.787384033203125,-0.48498134189549585,-91.86813354492188,-1.6034014080207366,85.57255554199219,1.4935228435534844,79.8097152709961,1.3929423065580804,90.4223403930664,1.5781675572180724,0.06271526217460632,0.0006271526217460632,False,False,0.0,0.0,0.0,0.0,0.0,0.4268035888671875,0.4268035888671875,0.0,0.0,0.0,0.0,0.0,0.0,0.0,0.0,0.0
5,287,10.961199044948444,10.973212530952878,False,-28.263736724853516,-0.49329525232315063,-88.83516693115234,-1.5504661798477173,85.4065933227539,1.4906262159347534,80.57142639160156,1.4062366485595703,90.54945373535156,1.5803860425949097,0.6868131868131868,0.006868131868131868,-0.49080896377563477,-1.577696681022644,1.4753118753433228,1.391133427619934,1.5795243978500366,0.00036541372537612915,-28.121280670166016,-0.4908089375718345,-90.39535522460938,-1.577696577179292,84.52913665771484,1.475311748545359,79.70606994628906,1.391133354387644,90.50007629394531,1.5795243046354133,0.036541372537612915,0.00036541372537612915,False,False,0.0,0.0,0.0,0.0,0.0,0.0,0.0,0.0,0.0,0.0,0.0,0.0,0.0,0.0,0.0,0.0
5,288,10.994587671011686,11.007794233039021,False,-28.0,-0.48869219422340393,-90.24176025390625,-1.5750157833099365,85.75823974609375,1.4967635869979858,80.57142639160156,1.4062366485595703,90.54945373535156,1.5803860425949097,0.6868131868131868,0.006868131868131868,-0.49154025316238403,-1.5790791511535645,1.4529869556427002,1.39635169506073,1.5848324298858643,0.00016704946756362915,-28.16318130493164,-0.49154024160717025,-90.47456359863281,-1.579079024101152,83.25001525878906,1.4529868686013883,80.00505065917969,1.3963515522275454,90.80420684814453,1.5848323841621048,0.016704946756362915,0.00016704946756362915,False,False,0.0,0.0,0.0,0.0,0.0,0.0,0.0,0.0,0.0,0.0,0.0,0.0,0.0,0.0,0.0,0.0
5,289,11.028308656997979,11.042435004026629,False,-27.91208839416504,-0.4871578514575958,-91.03296661376953,-1.588824987411499,85.84615325927734,1.4982980489730835,80.57142639160156,1.4062366485595703,90.54945373535156,1.5803860425949097,0.6868131868131868,0.006868131868131868,-0.5074201822280884,-1.5555490255355835,1.4370243549346924,1.395545244216919,1.5778906345367432,7.184594869613647e-05,-29.07303237915039,-0.5074201385550947,-89.12638854980469,-1.5555489306058659,82.3354263305664,1.437024280501617,79.95884704589844,1.3955451470494693,90.4064712524414,1.577890588464704,0.0071845948696136475,7.184594869613647e-05,False,False,0.0,0.0,0.0,0.0,0.0,0.0,0.0,0.0,0.0,0.0,0.0,0.0,0.0,0.0,0.0,0.0
5,290,11.061533160042018,11.075540727935731,False,-28.0,-0.48869219422340393,-90.4175796508789,-1.5780844688415527,85.84615325927734,1.4982980489730835,80.57142639160156,1.4062366485595703,90.54945373535156,1.5803860425949097,0.6868131868131868,0.006868131868131868,-0.4968952536582947,-1.5625516176223755,1.4138176441192627,1.4014768600463867,1.5733190774917603,0.0010248422622680664,-28.469999313354492,-0.49689522605856074,-89.5276107788086,-1.5625515795341747,81.84615325927734,1.4284848544662778,80.2987060546875,1.4014768057454028,90.14453887939453,1.5733190061374742,0.10248422622680664,0.0010248422622680664,False,False,0.0,0.0,0.0,0.0,0.0,0.0,0.0,0.0,0.8403701782226562,0.8403701782226562,0.0,0.0,0.0,0.0,0.0,0.0
5,291,11.095001062029041,11.109625968965702,False,-28.175825119018555,-0.49176090955734253,-90.15384674072266,-1.5734814405441284,85.84615325927734,1.4982980489730835,80.57142639160156,1.4062366485595703,90.54945373535156,1.5803860425949097,0.6868131868131868,0.006868131868131868,-0.4853471517562866,-1.579917311668396,1.432004451751709,1.3989745378494263,1.577681303024292,0.0020339712500572205,-27.80834197998047,-0.48534712707121824,-90.52259063720703,-1.5799172540542545,82.04780578613281,1.432004355004872,80.15533447265625,1.3989744995851643,90.39447784423828,1.577681264003024,0.20339712500572205,0.0020339712500572205,False,False,0.0,0.0,0.0,0.0,0.0,0.0,0.0,0.0,0.0,0.0,0.0,0.0,0.0,0.0,0.0,0.0
5,292,11.128428424010053,11.142406680970453,False,-28.703296661376953,-0.5009670257568359,-90.15384674072266,-1.5734814405441284,85.67032623291016,1.4952292442321777,80.57142639160156,1.4062366485595703,90.54945373535156,1.5803860425949097,0.6868131868131868,0.006868131868131868,-0.48419463634490967,-1.5355979204177856,1.3859084844589233,1.3973441123962402,1.581047773361206,0.0007859990000724792,-27.742307662963867,-0.48419461081997284,-87.9832763671875,-1.5355978592995374,81.67032623291016,1.4254160939421796,80.0619125366211,1.3973439792077633,90.58735656738281,1.5810476327789387,0.07859990000724792,0.0007859990000724792,False,False,0.0,0.0,0.0,0.0,0.0,0.0,0.0,0.0,2.2636260986328125,2.2636260986328125,0.0,0.0,0.0,0.0,0.0,0.0
5,293,11.16178022895474,11.175573016982526,False,-28.703296661376953,-0.5009670257568359,-90.76923370361328,-1.5842219591140747,85.67032623291016,1.4952292442321777,80.57142639160156,1.4062366485595703,90.72527313232422,1.5834547281265259,0.6868131868131868,0.006868131868131868,-0.49401116371154785,-1.5261174440383911,1.4111393690109253,1.3955636024475098,1.572713851928711,0.0006629154086112976,-28.304752349853516,-0.49401112246654577,-87.4400863647461,-1.5261174052930186,81.67032623291016,1.4254160939421796,79.95989990234375,1.3955635228609908,90.10986328125,1.5727138027797536,0.06629154086112976,0.0006629154086112976,False,False,0.0,0.0,0.0,0.0,0.0,0.0,0.0,0.0,0.8180007934570312,0.8180007934570312,0.0,0.0,0.0,0.0,0.0,0.0
5,294,11.195144793950021,11.20626453193836,False,-27.824174880981445,-0.48562344908714294,-90.68132019042969,-1.5826876163482666,85.67032623291016,1.4952292442321777,80.57142639160156,1.4062366485595703,90.72527313232422,1.5834547281265259,0.6868131868131868,0.006868131868131868,-0.510426938533783,-1.3793692588806152,1.2004094123840332,1.4053148031234741,1.5885370969772339,0.0004641711711883545,-29.24530792236328,-0.5104269140048214,-86.68132019042969,-1.5128744372984362,81.67032623291016,1.4254160939421796,80.51860046386719,1.405314687192316,91.01646423339844,1.5885369743964595,0.04641711711883545,0.0004641711711883545,False,False,0.0,0.0,0.0,0.0,0.0,7.649284362792969,7.649284362792969,0.0,12.891937255859375,12.891937255859375,0.0,0.0,0.0,0.0,0.0,0.0
5,295,11.228563342010602,11.23942065401934,False,-27.824174880981445,-0.48562344908714294,-89.80220031738281,-1.567344069480896,85.67032623291016,1.4952292442321777,80.57142639160156,1.4062366485595703,90.54945373535156,1.5803860425949097,0.6868131868131868,0.006868131868131868,-0.5072731971740723,-1.388275384902954,1.2171046733856201,1.400927186012268,1.566508173942566,0.0010543838143348694,-29.064611434936523,-0.507273165352436,-85.80220031738281,-1.4975309009940536,81.67032623291016,1.4254160939421796,80.2672119140625,1.4009271292964105,89.75430297851562,1.566508104807651,0.10543838143348694,0.0010543838143348694,False,False,0.0,0.0,0.0,0.0,0.0,6.2598876953125,6.2598876953125,0.0,11.935371398925781,11.935371398925781,0.0,0.0,0.0,0.0,0.0,0.0
5,296,11.261831455980428,11.272431463003159,False,-28.96703338623047,-0.505570113658905,-88.48351287841797,-1.5443285703659058,85.67032623291016,1.4952292442321777,80.57142639160156,1.4062366485595703,90.54945373535156,1.5803860425949097,0.6868131868131868,0.006868131868131868,-0.5061649084091187,-1.2923227548599243,1.1258536577224731,1.4059793949127197,1.5764209032058716,0.0011168643832206726,-29.00111198425293,-0.5061648908647995,-84.48351287841797,-1.4745154633794253,81.67032623291016,1.4254160939421796,80.55667877197266,1.4059792790423453,90.32225799560547,1.5764207898590894,0.11168643832206726,0.0011168643832206726,False,False,0.0,0.0,0.0,0.0,0.0,10.438880920410156,10.438880920410156,0.0,17.163665771484375,17.163665771484375,0.0,0.0,0.0,0.0,0.0,0.0
5,297,11.295345147955231,11.306111915037036,False,-29.05494499206543,-0.5071044564247131,-87.51648712158203,-1.5274507999420166,85.67032623291016,1.4952292442321777,80.57142639160156,1.4062366485595703,90.989013671875,1.5880578756332397,0.6868131868131868,0.006868131868131868,-0.5180919170379639,-1.172553539276123,1.050214171409607,1.408700704574585,1.5785942077636719,0.0006981268525123596,-29.684478759765625,-0.518091891096233,-83.51648712158203,-1.4576376799710482,81.67032623291016,1.4254160939421796,80.71260070800781,1.4087006302022427,90.44677734375,1.5785940624666486,0.06981268525123596,0.0006981268525123596,False,False,0.0,0.0,0.0,0.0,0.0,16.334121704101562,16.334121704101562,0.0,21.49748992919922,21.49748992919922,0.0,0.0,0.0,0.0,0.0,0.0
5,298,11.328652709024027,11.342254391987808,False,-28.703296661376953,-0.5009670257568359,-87.16483306884766,-1.5213133096694946,85.67032623291016,1.4952292442321777,80.57142639160156,1.4062366485595703,90.19779968261719,1.5742485523223877,0.6868131868131868,0.006868131868131868,-0.5281686782836914,-1.096753478050232,1.0010489225387573,1.4099888801574707,1.5767922401428223,0.0008069053292274475,-30.2618350982666,-0.5281686601603339,-83.16483306884766,-1.4515001589228516,81.67032623291016,1.4254160939421796,80.78640747070312,1.409988801221514,90.34353637695312,1.576792167673101,0.08069053292274475,0.0008069053292274475,False,False,0.0,0.0,0.0,0.0,0.0,20.32549285888672,20.32549285888672,0.0,24.314449310302734,24.314449310302734,0.0,0.0,0.0,0.0,0.0,0.0
5,299,11.362266876036301,11.375360955949873,False,-28.791208267211914,-0.502501368522644,-86.37362670898438,-1.5075041055679321,85.67032623291016,1.4952292442321777,80.57142639160156,1.4062366485595703,90.28571319580078,1.5757828950881958,0.6868131868131868,0.006868131868131868,-0.5530994534492493,-1.0047069787979126,0.9168910980224609,1.4075106382369995,1.5729756355285645,-0.00038602203130722046,-31.690261840820312,-0.5530994099414336,-82.37362670898438,-1.4376910028805183,81.67032623291016,1.4254160939421796,80.64441680908203,1.4075105966691408,90.12486267089844,1.5729755915149084,0.0,0.0,True,False,0.038602203130722046,0.0,0.0,0.0,0.0,24.80815887451172,24.80815887451172,0.0,29.136337280273438,29.136337280273438,0.0,0.0,0.0,0.0,0.0,0.0
5,300,11.396001021959819,11.56236176402308,False,-29.934066772460938,-0.5224480032920837,-85.31867980957031,-1.4890918731689453,85.67032623291016,1.4952292442321777,80.57142639160156,1.4062366485595703,90.28571319580078,1.5757828950881958,0.6868131868131868,0.006868131868131868,-0.5254335403442383,-1.515396237373352,1.4065392017364502,1.3977487087249756,1.5789607763290405,-0.0006136000156402588,-30.10512351989746,-0.5254335271417954,-86.8258056640625,-1.5153961845346322,81.67032623291016,1.4254160939421796,80.08509826660156,1.3977486465354008,90.46778106689453,1.578960646590698,0.0,0.0,True,False,0.06136000156402588,0.0,0.0,0.0,0.0,0.0,0.0,0.0,1.081573486328125,1.081573486328125,0.0,0.0,0.0,0.0,0.0,0.0
5,301,11.563934767036699,11.576074028969742,False,-31.428571701049805,-0.5485320687294006,-83.56044006347656,-1.458404779434204,85.67032623291016,1.4952292442321777,80.57142639160156,1.4062366485595703,90.37362670898438,1.5773173570632935,0.6868131868131868,0.006868131868131868,-0.5185413360595703,-1.5902339220046997,1.4765325784683228,1.3974913358688354,1.5666475296020508,-0.0008718371391296387,-29.710227966308594,-0.5185412995301839,-87.56044006347656,-1.5282179736028187,84.59908294677734,1.4765325415890513,80.07035064697266,1.3974912520160447,89.76228332519531,1.5666473881326621,0.0,0.0,True,False,0.08718371391296387,0.0,0.0,0.0,0.0,3.5532455444335938,3.5532455444335938,0.0,0.0,0.0,0.0,0.0,0.0,0.0,0.0,0.0
5,302,11.597421088954434,11.611466697999276,False,-31.076923370361328,-0.5423946380615234,-83.38461303710938,-1.4553359746932983,85.67032623291016,1.4952292442321777,80.57142639160156,1.4062366485595703,90.28571319580078,1.5757828950881958,0.6868131868131868,0.006868131868131868,-0.5071211457252502,-1.6356937885284424,1.5124988555908203,1.394237756729126,1.5721344947814941,-0.001544661819934845,-29.05590057373047,-0.5071211321437061,-87.38461303710938,-1.5251492130787205,86.65979766845703,1.5124987984266804,79.8839340209961,1.3942376681122948,90.07666778564453,1.572134432084607,0.0,0.0,True,False,0.1544661819934845,0.0,0.0,0.0,0.0,6.333732604980469,6.333732604980469,0.0,0.0,0.0,0.0,0.0,0.0,0.0,0.0,0.0
5,303,11.631211936939508,11.644553845981136,False,-30.901098251342773,-0.5393258929252625,-83.56044006347656,-1.458404779434204,85.67032623291016,1.4952292442321777,80.57142639160156,1.4062366485595703,90.28571319580078,1.5757828950881958,0.6868131868131868,0.006868131868131868,-0.495780348777771,-1.6237868070602417,1.5071327686309814,1.3920683860778809,1.5655241012573242,-0.0013160407543182373,-28.40612030029297,-0.4957803269577127,-87.56044006347656,-1.5282179736028187,86.35234069824219,1.5071326619882255,79.75963592529297,1.3920682570883163,89.69792175292969,1.5655240667848667,0.0,0.0,True,False,0.13160407543182373,0.0,0.0,0.0,0.0,5.475685119628906,5.475685119628906,0.0,0.0,0.0,0.0,0.0,0.0,0.0,0.0,0.0
5,304,11.664377419045195,11.675990956951864,False,-30.461538314819336,-0.5316541194915771,-84.79120635986328,-1.4798856973648071,86.19779968261719,1.504435420036316,80.57142639160156,1.4062366485595703,90.28571319580078,1.5757828950881958,0.6868131868131868,0.006868131868131868,-0.5149205923080444,-1.6289024353027344,1.5001122951507568,1.3933905363082886,1.5606446266174316,-0.0010100677609443665,-29.502775192260742,-0.514920565580653,-88.79120635986328,-1.5496988977973434,85.9500961303711,1.500112169880613,79.83539581298828,1.3933905165695406,89.41834259033203,1.560644489877569,0.0,0.0,True,False,0.10100677609443665,0.0,0.0,0.0,0.0,4.53802490234375,4.53802490234375,0.0,0.0,0.0,0.0,0.0,0.0,0.0,0.0,0.0
5,305,11.697885073022917,11.710622797021642,False,-29.58241844177246,-0.5163105726242065,-86.63735961914062,-1.5121071338653564,87.07691955566406,1.5197789669036865,80.57142639160156,1.4062366485595703,90.28571319580078,1.5757828950881958,0.6868131868131868,0.006868131868131868,-0.49952107667922974,-1.627434492111206,1.5151749849319458,1.3916594982147217,1.5678519010543823,-0.0007776543498039246,-28.620447158813477,-0.4995210363143516,-90.63735961914062,-1.5819203506681576,86.81312561035156,1.5151748758480466,79.73621368408203,1.3916594618609892,89.83129119873047,1.5678518027356505,0.0,0.0,True,False,0.07776543498039246,0.0,0.0,0.0,0.0,2.6077651977539062,2.6077651977539062,0.0,0.0,0.0,0.0,0.0,0.0,0.0,0.0,0.0
5,306,11.73140163894277,11.745570020982996,False,-29.05494499206543,-0.5071044564247131,-86.54945373535156,-1.510572910308838,87.07691955566406,1.5197789669036865,80.57142639160156,1.4062366485595703,90.19779968261719,1.5742485523223877,0.6868131868131868,0.006868131868131868,-0.49911701679229736,-1.6409159898757935,1.5122499465942383,1.3902888298034668,1.5670067071914673,-0.001005701720714569,-28.59729766845703,-0.49911700148747296,-90.54945373535156,-1.5803861035641629,86.64553833007812,1.5122499260228126,79.65767669677734,1.3902887328479254,89.78286743164062,1.5670066485637137,0.0,0.0,True,False,0.10057017207145691,0.0,0.0,0.0,0.0,3.4681015014648438,3.4681015014648438,0.0,0.0,0.0,0.0,0.0,0.0,0.0,0.0,0.0
5,307,11.764733458985575,11.778783257002942,False,-29.846153259277344,-0.5209136605262756,-87.6043930053711,-1.5289851427078247,87.16483306884766,1.5213133096694946,80.57142639160156,1.4062366485595703,90.28571319580078,1.5757828950881958,0.6868131868131868,0.006868131868131868,-0.5041816830635071,-1.618959665298462,1.5039417743682861,1.3924775123596191,1.5678629875183105,-0.001187942922115326,-28.887481689453125,-0.5041816680905311,-91.6043930053711,-1.5987982672345893,86.16950988769531,1.5039416623700925,79.7830810546875,1.392477451789807,89.83192443847656,1.5678628548541742,0.0,0.0,True,False,0.11879429221153259,0.0,0.0,0.0,0.0,1.1551589965820312,1.1551589965820312,0.0,0.0,0.0,0.0,0.0,0.0,0.0,0.0,0.0
5,308,11.798480298020877,11.811508218990639,False,-29.230770111083984,-0.5101732015609741,-89.0988998413086,-1.5550692081451416,87.16483306884766,1.5213133096694946,80.57142639160156,1.4062366485595703,90.72527313232422,1.5834547281265259,0.6868131868131868,0.006868131868131868,-0.499505877494812,-1.632542610168457,1.5216630697250366,1.3885540962219238,1.5702531337738037,-0.0014398843050003052,-28.619577407836914,-0.49950585629613814,-93.0988998413086,-1.6248823322152612,87.18486785888672,1.5216630020537523,79.55828857421875,1.3885540828719023,89.9688720703125,1.5702530419325205,0.0,0.0,True,False,0.14398843050003052,0.0,0.0,0.0,0.0,0.43889617919921875,0.43889617919921875,0.0,0.0,0.0,0.0,0.0,0.0,0.0,0.0,0.0
5,309,11.831836148048751,11.845184270991012,False,-28.703296661376953,-0.5009670257568359,-90.24176025390625,-1.5750157833099365,87.16483306884766,1.5213133096694946,80.57142639160156,1.4062366485595703,90.19779968261719,1.5742485523223877,0.6868131868131868,0.006868131868131868,-0.5019580125808716,-1.6364446878433228,1.5266797542572021,1.3891652822494507,1.564184546470642,-0.0014148429036140442,-28.760074615478516,-0.5019579951593423,-93.76136779785156,-1.6364445792458948,87.47230529785156,1.526679731757189,79.59329986572266,1.389165145184021,89.62117004394531,1.5641844967565568,0.0,0.0,True,False,0.14148429036140442,0.0,0.0,0.0,0.0,0.0,0.0,0.0,0.0,0.0,0.0,0.0,0.0,0.0,0.0,0.0
5,310,11.865416485001333,11.878273608977906,False,-29.318681716918945,-0.5117075443267822,-90.5054931640625,-1.5796188116073608,87.34066009521484,1.5243821144104004,80.57142639160156,1.4062366485595703,90.28571319580078,1.5757828950881958,0.6868131868131868,0.006868131868131868,-0.5106481909751892,-1.6168429851531982,1.5149931907653809,1.3869524002075195,1.5688360929489136,-0.001440398395061493,-29.257984161376953,-0.5106481561123798,-92.63827514648438,-1.6168429146745846,86.8027114868164,1.5149931151036486,79.46651458740234,1.386952324634274,89.88768005371094,1.5688359739164892,0.0,0.0,True,False,0.1440398395061493,0.0,0.0,0.0,0.0,0.0,0.0,0.0,0.0,0.0,0.0,0.0,0.0,0.0,0.0,0.0
5,311,11.89889165700879,11.911302897031419,False,-29.318681716918945,-0.5117075443267822,-91.9120864868164,-1.6041685342788696,87.86813354492188,1.533588171005249,80.3956069946289,1.4031680822372437,90.63735961914062,1.5819203853607178,0.6868131868131868,0.006868131868131868,-0.5047628283500671,-1.627806544303894,1.5142837762832642,1.3891785144805908,1.5655966997146606,-0.0007634162902832031,-28.920778274536133,-0.5047628031299001,-93.26644134521484,-1.6278064830921684,86.7620620727539,1.5142836489892517,79.59406280517578,1.3891784609894713,89.70207977294922,1.5655966379245714,0.0,0.0,True,False,0.07634162902832031,0.0,0.0,0.0,0.0,0.0,0.0,0.0,0.0,0.0,0.0,0.0,0.0,0.0,0.0,0.0
5,312,11.93235780694522,11.943448837962933,False,-28.791208267211914,-0.502501368522644,-92.43955993652344,-1.6133747100830078,87.95604705810547,1.5351226329803467,80.3956069946289,1.4031680822372437,90.19779968261719,1.5742485523223877,0.6868131868131868,0.006868131868131868,-0.5048731565475464,-1.6215927600860596,1.5120576620101929,1.3856968879699707,1.5640724897384644,-0.0006445497274398804,-28.927099227905273,-0.5048731245780566,-92.91041564941406,-1.621592662478741,86.63451385498047,1.5120575126340543,79.39457702636719,1.3856967773383562,89.61474609375,1.5640723776746646,0.0,0.0,True,False,0.06445497274398804,0.0,0.0,0.0,0.0,0.0,0.0,0.0,0.0,0.0,0.0,0.0,0.0,0.0,0.0,0.0
5,313,11.96558258694131,11.976655723992735,False,-28.791208267211914,-0.502501368522644,-92.79120635986328,-1.6195120811462402,87.95604705810547,1.5351226329803467,80.3956069946289,1.4031680822372437,90.19779968261719,1.5742485523223877,0.6868131868131868,0.006868131868131868,-0.4946697950363159,-1.6417932510375977,1.5190708637237549,1.3856425285339355,1.5619032382965088,-0.0011486262083053589,-28.34248924255371,-0.494669755493636,-94.06781768798828,-1.6417931388211555,87.03634643554688,1.5190708142067235,79.39146423339844,1.3856424488521186,89.4904556274414,1.5619030998087404,0.0,0.0,True,False,0.11486262083053589,0.0,0.0,0.0,0.0,0.0,0.0,0.0,0.0,0.0,0.0,0.0,0.0,0.0,0.0,0.0
5,314,11.999517434975132,12.012633290956728,False,-29.14285659790039,-0.5086387991905212,-92.61538696289062,-1.616443395614624,87.95604705810547,1.5351226329803467,80.3956069946289,1.4031680822372437,90.19779968261719,1.5742485523223877,0.6868131868131868,0.006868131868131868,-0.5069060921669006,-1.608389139175415,1.5002079010009766,1.383811116218567,1.558736801147461,-0.0009540393948554993,-29.043577194213867,-0.5069060485961686,-92.1539077758789,-1.6083891092682916,85.95557403564453,1.5002077773637468,79.28652954101562,1.3838109929704712,89.30903625488281,1.5587367344306908,0.0,0.0,True,False,0.09540393948554993,0.0,0.0,0.0,0.0,0.0,0.0,0.0,0.0,0.0,0.0,0.0,0.0,0.0,0.0,0.0
5,315,12.033004301018082,12.043636800954118,False,-29.230770111083984,-0.5101732015609741,-92.52747344970703,-1.614909052848816,87.95604705810547,1.5351226329803467,80.3956069946289,1.4031680822372437,90.19779968261719,1.5742485523223877,0.6868131868131868,0.006868131868131868,-0.49807238578796387,-1.6362221240997314,1.5101613998413086,1.385986566543579,1.5581645965576172,-0.0009598731994628906,-28.537443161010742,-0.49807234326037575,-93.74861907958984,-1.6362220721368188,86.52587127685547,1.510161341937918,79.41117858886719,1.385986529264957,89.27625274658203,1.5581645542704872,0.0,0.0,True,False,0.09598731994628906,0.0,0.0,0.0,0.0,0.0,0.0,0.0,0.0,0.0,0.0,0.0,0.0,0.0,0.0,0.0
5,316,12.066472935024649,12.077041269978508,False,-28.791208267211914,-0.502501368522644,-93.05494689941406,-1.624115228652954,87.95604705810547,1.5351226329803467,80.3956069946289,1.4031680822372437,90.19779968261719,1.5742485523223877,0.6868131868131868,0.006868131868131868,-0.5088792443275452,-1.584946870803833,1.4505811929702759,1.3869497776031494,1.5655794143676758,-0.0010308697819709778,-29.156631469726562,-0.5088792179373219,-90.81076049804688,-1.5849467669309236,83.95604705810547,1.4653094481232396,79.46636199951172,1.386949661473184,89.70108795166016,1.5655793273774858,0.0,0.0,True,False,0.10308697819709778,0.0,0.0,0.0,0.0,0.0,0.0,0.0,0.8438720703125,0.8438720703125,0.0,0.0,0.0,0.0,0.0,0.0
5,317,12.099781036027707,12.11103828297928,False,-28.615385055541992,-0.49943268299102783,-93.05494689941406,-1.624115228652954,87.95604705810547,1.5351226329803467,80.3956069946289,1.4031680822372437,90.19779968261719,1.5742485523223877,0.6868131868131868,0.006868131868131868,-0.5191053152084351,-1.526543378829956,1.362301230430603,1.3945503234863281,1.5726286172866821,-0.000584915280342102,-29.742542266845703,-0.5191052904700354,-89.05494689941406,-1.554302038583491,83.95604705810547,1.4653094481232396,79.90184020996094,1.3945501900662156,90.10498046875,1.572628581624871,0.0,0.0,True,False,0.058491528034210205,0.0,0.0,0.0,0.0,1.5904617309570312,1.5904617309570312,0.0,5.901939392089844,5.901939392089844,0.0,0.0,0.0,0.0,0.0,0.0
5,318,12.133292853017338,12.14398433896713,False,-28.703296661376953,-0.5009670257568359,-92.96703338623047,-1.6225807666778564,87.95604705810547,1.5351226329803467,80.3956069946289,1.4031680822372437,90.19779968261719,1.5742485523223877,0.6868131868131868,0.006868131868131868,-0.5034111738204956,-1.4662349224090576,1.271941065788269,1.4015682935714722,1.5695475339889526,0.00040377676486968994,-28.843334197998047,-0.503411149008144,-88.96703338623047,-1.5527676583214416,83.95604705810547,1.4653094481232396,80.30393981933594,1.4015681521707926,89.9284439086914,1.569547437401704,0.040377676486968994,0.00040377676486968994,False,False,0.0,0.0,0.0,0.0,0.0,4.9579620361328125,4.9579620361328125,0.0,11.079193115234375,11.079193115234375,0.0,0.0,0.0,0.0,0.0,0.0
5,319,12.166592555004172,12.176824116962962,False,-29.14285659790039,-0.5086387991905212,-92.52747344970703,-1.614909052848816,87.69230651855469,1.5305194854736328,80.3956069946289,1.4031680822372437,90.19779968261719,1.5742485523223877,0.6868131868131868,0.006868131868131868,-0.49572426080703735,-1.4166667461395264,1.23711359500885,1.4045242071151733,1.5666688680648804,-0.0002969875931739807,-28.40290641784668,-0.49572423412725286,-88.52747344970703,-1.5450958901692504,83.69230651855469,1.460706307337092,80.47330474853516,1.4045241278227258,89.76351165771484,1.5666688265794373,0.0,0.0,True,False,0.02969875931739807,0.0,0.0,0.0,0.0,7.358451843261719,7.358451843261719,0.0,12.810920715332031,12.810920715332031,0.0,0.0,0.0,0.0,0.0,0.0
5,320,12.200055813998915,12.211746220942587,False,-29.494504928588867,-0.5147762298583984,-91.47252655029297,-1.5964967012405396,87.42857360839844,1.5259164571762085,80.3956069946289,1.4031680822372437,90.19779968261719,1.5742485523223877,0.6868131868131868,0.006868131868131868,-0.5032885074615479,-1.4508309364318848,1.2464133501052856,1.4001168012619019,1.5659986734390259,-0.0011491551995277405,-28.836305618286133,-0.5032884771504322,-87.47252655029297,-1.5266835933407696,83.42857360839844,1.456103299708999,80.22077941894531,1.4001167293766994,89.72511291503906,1.565998642091119,0.0,0.0,True,False,0.11491551995277405,0.0,0.0,0.0,0.0,4.346038818359375,4.346038818359375,0.0,12.014350891113281,12.014350891113281,0.0,0.0,0.0,0.0,0.0,0.0
5,321,12.23328343196772,12.244564951048233,False,-29.14285659790039,-0.5086387991905212,-90.5054931640625,-1.5796188116073608,87.42857360839844,1.5259164571762085,80.3956069946289,1.4031680822372437,90.37362670898438,1.5773173570632935,0.6868131868131868,0.006868131868131868,-0.5101755261421204,-1.3760673999786377,1.1929577589035034,1.3993895053863525,1.5686620473861694,-0.0015972480177879333,-29.23090362548828,-0.510175511597918,-86.5054931640625,-1.509805676774338,83.42857360839844,1.456103299708999,80.17910766601562,1.3993894200829986,89.8777084350586,1.5686619363392527,0.0,0.0,True,False,0.15972480177879333,0.0,0.0,0.0,0.0,7.6626434326171875,7.6626434326171875,0.0,15.077133178710938,15.077133178710938,0.0,0.0,0.0,0.0,0.0,0.0
5,322,12.26692558801733,12.277204848942347,False,-28.52747344970703,-0.4978983402252197,-89.18681335449219,-1.5566035509109497,87.42857360839844,1.5259164571762085,80.3956069946289,1.4031680822372437,90.19779968261719,1.5742485523223877,0.6868131868131868,0.006868131868131868,-0.4998062252998352,-1.2951323986053467,1.1019375324249268,1.4108397960662842,1.5645508766174316,0.0004519745707511902,-28.63678550720215,-0.4998061942880718,-85.18681335449219,-1.4867903723177642,83.42857360839844,1.456103299708999,80.83515930175781,1.4108396811897943,89.64215850830078,1.5645508145644973,0.04519745707511902,0.0004519745707511902,False,False,0.0,0.0,0.0,0.0,0.0,10.981193542480469,10.981193542480469,0.0,20.292205810546875,20.292205810546875,0.0,0.0,0.0,0.0,0.0,0.0
5,323,12.301014513941482,12.311482241959311,False,-29.14285659790039,-0.5086387991905212,-88.74725341796875,-1.5489317178726196,87.42857360839844,1.5259164571762085,80.3956069946289,1.4031680822372437,90.19779968261719,1.5742485523223877,0.6868131868131868,0.006868131868131868,-0.5038155317306519,-1.244888424873352,1.062652349472046,1.412418246269226,1.564418077468872,-0.00023664534091949463,-28.86650276184082,-0.5038155167301589,-84.74725341796875,-1.4791186041655728,83.42857360839844,1.456103299708999,80.92559814453125,1.4124181367678843,89.63455200195312,1.5644180559841567,0.0,0.0,True,False,0.023664534091949463,0.0,0.0,0.0,0.0,13.420402526855469,13.420402526855469,0.0,22.54308319091797,22.54308319091797,0.0,0.0,0.0,0.0,0.0,0.0
5,324,12.334155541029759,12.345105455024168,False,-29.406593322753906,-0.5132418870925903,-88.21977996826172,-1.539725661277771,87.42857360839844,1.5259164571762085,80.3956069946289,1.4031680822372437,90.63735961914062,1.5819203853607178,0.6868131868131868,0.006868131868131868,-0.5161874294281006,-1.176541805267334,1.0273401737213135,1.408261775970459,1.56251859664917,-0.0012270137667655945,-29.575359344482422,-0.5161873980216901,-84.21977996826172,-1.4699124557513326,83.42857360839844,1.456103299708999,80.68745422363281,1.4082617412545977,89.52571868896484,1.5625185563366577,0.0,0.0,True,False,0.12270137667655945,0.0,0.0,0.0,0.0,16.80890655517578,16.80890655517578,0.0,24.566322326660156,24.566322326660156,0.0,0.0,0.0,0.0,0.0,0.0
5,325,12.368384639034048,12.37961197795812,False,-28.703296661376953,-0.5009670257568359,-87.07691955566406,-1.5197789669036865,87.34066009521484,1.5243821144104004,80.57142639160156,1.4062366485595703,90.28571319580078,1.5757828950881958,0.6868131868131868,0.006868131868131868,-0.5309587121009827,-1.1063902378082275,0.9611841440200806,1.408022403717041,1.558361530303955,-0.0006463527679443359,-30.42169189453125,-0.5309586875868418,-83.07691955566406,-1.4499657786608025,83.34066009521484,1.45456891944695,80.67373657226562,1.4080223230725994,89.28753662109375,1.5583614950330986,0.0,0.0,True,False,0.0646352767944336,0.0,0.0,0.0,0.0,19.68543243408203,19.68543243408203,0.0,28.26886749267578,28.26886749267578,0.0,0.0,0.0,0.0,0.0,0.0
5,326,12.401362868957222,12.411567801027559,False,-28.879121780395508,-0.5040357708930969,-86.10989379882812,-1.5029011964797974,87.42857360839844,1.5259164571762085,80.57142639160156,1.4062366485595703,90.28571319580078,1.5757828950881958,0.6868131868131868,0.006868131868131868,-0.5551728010177612,-0.980195164680481,0.87343430519104,1.4047588109970093,1.5583316087722778,-0.0002915039658546448,-31.809057235717773,-0.5551727807186012,-82.10989379882812,-1.4330879952524254,83.42857360839844,1.456103299708999,80.48674774169922,1.404758752314762,89.28582000732422,1.5583315344708353,0.0,0.0,True,False,0.029150396585464478,0.0,0.0,0.0,0.0,25.9488525390625,25.9488525390625,0.0,33.38447570800781,33.38447570800781,0.0,0.0,0.0,0.0,0.0,0.0
5,327,12.434812435996719,12.445349253946915,False,-30.10988998413086,-0.5255166888237,-85.5824203491211,-1.4936950206756592,87.42857360839844,1.5259164571762085,80.48351287841797,1.4047023057937622,90.63735961914062,1.5819203853607178,0.6868131868131868,0.006868131868131868,-0.547724723815918,-0.9154970645904541,0.845726728439331,1.4058483839035034,1.5571378469467163,0.00019168853759765625,-31.382312774658203,-0.5477246848084629,-81.5824203491211,-1.4238818468381849,83.42857360839844,1.456103299708999,80.5491714477539,1.4058482515167132,89.21742248535156,1.5571377725122073,0.019168853759765625,0.00019168853759765625,False,False,0.0,0.0,0.0,0.0,0.0,29.12830352783203,29.12830352783203,0.0,34.97200393676758,34.97200393676758,0.0,0.0,0.0,0.0,0.0,0.0
5,328,12.468889171024784,12.479437501984648,False,-30.549449920654297,-0.5331884622573853,-84.79120635986328,-1.4798856973648071,87.34066009521484,1.5243821144104004,80.30769348144531,1.401633620262146,90.54945373535156,1.5803860425949097,0.6868131868131868,0.006868131868131868,-0.5662063956260681,-0.8181120157241821,0.7608621120452881,1.4060397148132324,1.5514719486236572,-0.00022413581609725952,-32.44123458862305,-0.5662063569833403,-80.79120635986328,-1.410072557637797,83.34066009521484,1.45456891944695,80.56013488769531,1.4060395996410355,88.89279174804688,1.5514718972930637,0.0,0.0,True,False,0.022413581609725952,0.0,0.0,0.0,0.0,33.91684341430664,33.91684341430664,0.0,39.74647521972656,39.74647521972656,0.0,0.0,0.0,0.0,0.0,0.0
5,329,12.503018319024704,12.51350918400567,False,-30.72527503967285,-0.5362572073936462,-83.9120864868164,-1.4645421504974365,87.34066009521484,1.5243821144104004,79.95604705810547,1.3954962491989136,90.37362670898438,1.5773173570632935,0.6868131868131868,0.006868131868131868,-0.5718671083450317,-0.7417565584182739,0.7244610786437988,1.400451421737671,1.5475581884384155,-0.00012899935245513916,-32.76557159423828,-0.5718671056173855,-79.9120864868164,-1.3947290213334145,83.34066009521484,1.45456891944695,80.23995208740234,1.4004513555676676,88.66854858398438,1.5475581157550833,0.0,0.0,True,False,0.012899935245513916,0.0,0.0,0.0,0.0,37.412567138671875,37.412567138671875,0.0,41.83209991455078,41.83209991455078,0.0,0.0,0.0,0.0,0.0,0.0
5,330,12.53584614302963,12.70055135898292,False,-30.989011764526367,-0.5408602952957153,-83.20879364013672,-1.4522674083709717,87.25274658203125,1.5228476524353027,79.86813354492188,1.3939619064331055,90.10989379882812,1.5727143287658691,0.6868131868131868,0.006868131868131868,-0.5459633469581604,-1.547871470451355,1.5052796602249146,1.3819230794906616,1.5669158697128296,-0.0016109570860862732,-31.28139305114746,-0.5459633033529981,-87.20879364013672,-1.5220805857126767,86.24617004394531,1.5052796345017483,79.17835235595703,1.3819229449156594,89.77766418457031,1.566915834770542,0.0,0.0,True,False,0.16109570860862732,0.0,0.0,0.0,0.0,1.4777069091796875,1.4777069091796875,0.0,0.0,0.0,0.0,0.0,0.0,0.0,0.0,0.0
5,331,12.702020218013786,12.712372611975297,False,-32.74725341796875,-0.5715473890304565,-81.45054626464844,-1.421580195426941,86.72527313232422,1.513641595840454,79.86813354492188,1.3939619064331055,89.75823974609375,1.5665768384933472,0.6868131868131868,0.006868131868131868,-0.5273626446723938,-1.5869165658950806,1.531028151512146,1.3869576454162598,1.557674527168274,-0.0009262710809707642,-30.215652465820312,-0.5273626211669078,-85.45054626464844,-1.4913933799458572,87.72144317626953,1.5310280080270158,79.46681213378906,1.3869575177983997,89.2481689453125,1.5576743994718583,0.0,0.0,True,False,0.09262710809707642,0.0,0.0,0.0,0.0,5.4730682373046875,5.4730682373046875,0.0,0.0,0.0,0.0,0.0,0.0,0.0,0.0,0.0
5,332,12.735383520950563,12.746105710975826,False,-32.92307662963867,-0.5746160745620728,-81.27472686767578,-1.4185116291046143,86.72527313232422,1.513641595840454,79.86813354492188,1.3939619064331055,89.75823974609375,1.5665768384933472,0.6868131868131868,0.006868131868131868,-0.5218263268470764,-1.6138213872909546,1.5525885820388794,1.3859007358551025,1.5650687217712402,-0.0011417269706726074,-29.89844512939453,-0.5218263087347966,-85.27472686767578,-1.4883247525798133,88.95677185058594,1.5525885607381338,79.40625762939453,1.3859006423198017,89.67182922363281,1.5650686662384632,0.0,0.0,True,False,0.11417269706726074,0.0,0.0,0.0,0.0,7.190422058105469,7.190422058105469,0.0,0.0,0.0,0.0,0.0,0.0,0.0,0.0,0.0
5,333,12.768713354016654,12.779393626959063,False,-32.21977996826172,-0.5623412132263184,-81.62637329101562,-1.4246490001678467,86.81318664550781,1.5151759386062622,79.78022003173828,1.3924275636672974,89.75823974609375,1.5665768384933472,0.6868131868131868,0.006868131868131868,-0.5229058861732483,-1.5922040939331055,1.5451991558074951,1.3805676698684692,1.563765287399292,-0.0021250396966934204,-29.960298538208008,-0.5229058543721739,-85.62637329101562,-1.4944621404699554,88.53338623046875,1.545199087661491,79.10069274902344,1.3805675290788637,89.5971450805664,1.563765182042924,0.0,0.0,True,False,0.21250396966934204,0.0,0.0,0.0,0.0,5.600196838378906,5.600196838378906,0.0,0.0,0.0,0.0,0.0,0.0,0.0,0.0,0.0
5,334,12.802133354940452,12.813027243944816,False,-30.901098251342773,-0.5393258929252625,-83.20879364013672,-1.4522674083709717,87.78022003173828,1.532053828239441,79.78022003173828,1.3924275636672974,89.75823974609375,1.5665768384933472,0.6868131868131868,0.006868131868131868,-0.5204042196273804,-1.6141071319580078,1.5469319820404053,1.382426381111145,1.5647178888320923,-0.0022051259875297546,-29.81696319580078,-0.5204041807126943,-87.20879364013672,-1.5220805857126767,88.6326675415039,1.546931873424751,79.20719146728516,1.3824262823616844,89.65172576904297,1.5647177947648452,0.0,0.0,True,False,0.22051259875297546,0.0,0.0,0.0,0.0,5.272727966308594,5.272727966308594,0.0,0.0,0.0,0.0,0.0,0.0,0.0,0.0,0.0
5,335,12.835547612048686,12.846211744938046,False,-30.461538314819336,-0.5316541194915771,-84.35164642333984,-1.4722139835357666,88.83516693115234,1.5504661798477173,79.6043930053711,1.3893587589263916,89.5824203491211,1.563508152961731,0.6868131868131868,0.006868131868131868,-0.5191142559051514,-1.6079193353652954,1.5505858659744263,1.378220796585083,1.5584852695465088,-0.0007503107190132141,-29.743053436279297,-0.5191142120596872,-88.35164642333984,-1.5420271296451522,88.8420181274414,1.5505857304403396,78.96623229980469,1.3782207515262859,89.29462432861328,1.558485198865733,0.0,0.0,True,False,0.07503107190132141,0.0,0.0,0.0,0.0,3.7753372192382812,3.7753372192382812,0.0,0.0,0.0,0.0,0.0,0.0,0.0,0.0,0.0
5,336,12.868999472935684,12.879721823032014,False,-30.901098251342773,-0.5393258929252625,-84.96703338623047,-1.482954502105713,88.92308044433594,1.5520005226135254,79.6043930053711,1.3893587589263916,89.75823974609375,1.5665768384933472,0.6868131868131868,0.006868131868131868,-0.5207536220550537,-1.6057015657424927,1.5570629835128784,1.3792178630828857,1.5601948499679565,-0.0012065619230270386,-29.83698272705078,-0.5207535874477127,-88.96703338623047,-1.5527676583214416,89.213134765625,1.557062937685576,79.02336120605469,1.3792178390384116,89.392578125,1.5601948151275091,0.0,0.0,True,False,0.12065619230270386,0.0,0.0,0.0,0.0,3.0328826904296875,3.0328826904296875,0.0,0.0,0.0,0.0,0.0,0.0,0.0,0.0,0.0
5,337,12.902272916981019,12.91324172297027,False,-30.461538314819336,-0.5316541194915771,-86.37362670898438,-1.5075041055679321,89.18681335449219,1.5566035509109497,79.86813354492188,1.3939619064331055,89.75823974609375,1.5665768384933472,0.6868131868131868,0.006868131868131868,-0.5268227458000183,-1.6073166131973267,1.5417739152908325,1.380191445350647,1.5592206716537476,-0.002019837498664856,-30.18471908569336,-0.5268227318349216,-90.37362670898438,-1.5773173430400647,88.3371353149414,1.5417738630254856,79.07913970947266,1.3801913575748899,89.33676147460938,1.5592206308007581,0.0,0.0,True,False,0.2019837498664856,0.0,0.0,0.0,0.0,1.7188262939453125,1.7188262939453125,0.0,0.0,0.0,0.0,0.0,0.0,0.0,0.0,0.0
5,338,12.935696018044837,12.947477884939872,False,-29.758241653442383,-0.5193793177604675,-87.34066009521484,-1.5243821144104004,89.53845977783203,1.5627409219741821,79.78022003173828,1.3924275636672974,89.31867980957031,1.558905005455017,0.6868131868131868,0.006868131868131868,-0.5191115140914917,-1.622160792350769,1.5278806686401367,1.3793373107910156,1.5501006841659546,-0.0011575296521186829,-29.742897033691406,-0.5191114823195698,-91.34066009521484,-1.5941952596064963,87.54110717773438,1.5278805510927056,79.03020477294922,1.3793372818133016,88.81422424316406,1.5501006356477818,0.0,0.0,True,False,0.11575296521186829,0.0,0.0,0.0,0.0,1.6023025512695312,1.6023025512695312,0.0,0.0,0.0,0.0,0.0,0.0,0.0,0.0,0.0
5,339,12.969501634943299,12.982151628937572,False,-29.934066772460938,-0.5224480032920837,-87.69230651855469,-1.5305194854736328,89.62637329101562,1.5642752647399902,79.78022003173828,1.3924275636672974,89.31867980957031,1.558905005455017,0.6868131868131868,0.006868131868131868,-0.5180510878562927,-1.612067699432373,1.5206831693649292,1.3837560415267944,1.5577621459960938,-0.0014946982264518738,-29.682138442993164,-0.5180510448630139,-91.69230651855469,-1.6003326474966384,87.12872314453125,1.5206830919306575,79.28337860107422,1.383755998693961,89.25318908691406,1.5577620174717217,0.0,0.0,True,False,0.14946982264518738,0.0,0.0,0.0,0.0,0.67236328125,0.67236328125,0.0,0.0,0.0,0.0,0.0,0.0,0.0,0.0,0.0
5,340,13.002701943041757,13.014127927017398,False,-30.285715103149414,-0.5285854339599609,-89.0988998413086,-1.5550692081451416,89.62637329101562,1.5642752647399902,79.69230651855469,1.3908931016921997,89.31867980957031,1.558905005455017,0.6868131868131868,0.006868131868131868,-0.51833176612854,-1.6166669130325317,1.524662733078003,1.383212924003601,1.5544333457946777,-0.0019154399633407593,-29.69822120666504,-0.5183317420419082,-92.62818908691406,-1.6166668797265304,87.35673522949219,1.524662653547563,79.25225830078125,1.3832128469896394,89.06246185302734,1.5544331992671772,0.0,0.0,True,False,0.19154399633407593,0.0,0.0,0.0,0.0,0.0,0.0,0.0,0.0,0.0,0.0,0.0,0.0,0.0,0.0,0.0
5,341,13.036208722973242,13.04769329004921,False,-29.846153259277344,-0.5209136605262756,-90.5934066772461,-1.5811532735824585,89.62637329101562,1.5642752647399902,79.69230651855469,1.3908931016921997,89.4065933227539,1.5604394674301147,0.6868131868131868,0.006868131868131868,-0.5200126767158508,-1.6101906299591064,1.5163553953170776,1.3840694427490234,1.5557223558425903,-0.0012309178709983826,-29.794530868530273,-0.520012662742939,-92.25712585449219,-1.6101906045876757,86.8807601928711,1.5163553220012242,79.30133056640625,1.3840693195962088,89.13632202148438,1.5557223023928302,0.0,0.0,True,False,0.12309178709983826,0.0,0.0,0.0,0.0,0.0,0.0,0.0,0.0,0.0,0.0,0.0,0.0,0.0,0.0,0.0
5,342,13.069439084036276,13.080356940045021,False,-29.58241844177246,-0.5163105726242065,-91.29669952392578,-1.5934280157089233,89.62637329101562,1.5642752647399902,79.69230651855469,1.3908931016921997,89.23076629638672,1.557370662689209,0.6868131868131868,0.006868131868131868,-0.5207103490829468,-1.593490481376648,1.4811986684799194,1.3862055540084839,1.5549994707107544,-0.002247735857963562,-29.834503173828125,-0.5207103110799989,-91.30027770996094,-1.593490454024007,85.62637329101562,1.4944621404699554,79.42372131347656,1.3862054411065614,89.09490203857422,1.5549993873149281,0.0,0.0,True,False,0.2247735857963562,0.0,0.0,0.0,0.0,0.0,0.0,0.0,0.75994873046875,0.75994873046875,0.0,0.0,0.0,0.0,0.0,0.0
5,343,13.102876744000241,13.113844175939448,False,-29.934066772460938,-0.5224480032920837,-91.47252655029297,-1.5964967012405396,89.62637329101562,1.5642752647399902,79.69230651855469,1.3908931016921997,89.23076629638672,1.557370662689209,0.6868131868131868,0.006868131868131868,-0.5181812644004822,-1.5899569988250732,1.5114272832870483,1.3811556100845337,1.5529799461364746,-0.0006676465272903442,-29.689598083496094,-0.5181812401508051,-91.09782409667969,-1.5899569718896898,86.59839630126953,1.5114271424040326,79.13438415527344,1.3811555550475532,88.97919464111328,1.552979912260321,0.0,0.0,True,False,0.06676465272903442,0.0,0.0,0.0,0.0,0.0,0.0,0.0,0.0,0.0,0.0,0.0,0.0,0.0,0.0,0.0
5,344,13.136400435003452,13.14704734494444,False,-30.19780158996582,-0.5270510315895081,-91.47252655029297,-1.5964967012405396,89.62637329101562,1.5642752647399902,79.69230651855469,1.3908931016921997,89.23076629638672,1.557370662689209,0.6868131868131868,0.006868131868131868,-0.510796070098877,-1.6138254404067993,1.5230447053909302,1.3826022148132324,1.5524723529815674,-0.0013082921504974365,-29.266456604003906,-0.5107960281319064,-92.46537780761719,-1.6138252868434158,87.26403045654297,1.5230446500272854,79.21726989746094,1.3826021841516842,88.95011138916016,1.552472313756552,0.0,0.0,True,False,0.13082921504974365,0.0,0.0,0.0,0.0,0.0,0.0,0.0,0.0,0.0,0.0,0.0,0.0,0.0,0.0,0.0
5,345,13.169674766948447,13.180338107980788,False,-30.10988998413086,-0.5255166888237,-91.38461303710938,-1.5949623584747314,89.62637329101562,1.5642752647399902,79.69230651855469,1.3908931016921997,89.23076629638672,1.557370662689209,0.6868131868131868,0.006868131868131868,-0.5144639611244202,-1.6144928932189941,1.5160077810287476,1.3830530643463135,1.5511914491653442,-0.0007774531841278076,-29.476612091064453,-0.5144639333222453,-92.50362396240234,-1.6144928081706442,86.86083984375,1.5160076463209144,79.24309539794922,1.38305292416618,88.87671661376953,1.5511913332722238,0.0,0.0,True,False,0.07774531841278076,0.0,0.0,0.0,0.0,0.0,0.0,0.0,0.0,0.0,0.0,0.0,0.0,0.0,0.0,0.0
5,346,13.203415674972348,13.21541135397274,False,-29.758241653442383,-0.5193793177604675,-91.38461303710938,-1.5949623584747314,89.62637329101562,1.5642752647399902,79.69230651855469,1.3908931016921997,89.23076629638672,1.557370662689209,0.6868131868131868,0.006868131868131868,-0.5162781476974487,-1.5882476568222046,1.4815495014190674,1.3899269104003906,1.5582711696624756,-0.0023335814476013184,-29.580556869506836,-0.5162781119463209,-90.99988555908203,-1.5882476219440222,85.62637329101562,1.4944621404699554,79.6369400024414,1.3899268092557837,89.28235626220703,1.5582710807140905,0.0,0.0,True,False,0.23335814476013184,0.0,0.0,0.0,0.0,0.0,0.0,0.0,0.7398452758789062,0.7398452758789062,0.0,0.0,0.0,0.0,0.0,0.0
5,347,13.236688570003025,13.248883961001411,False,-29.58241844177246,-0.5163105726242065,-91.64835357666016,-1.5995655059814453,89.62637329101562,1.5642752647399902,79.69230651855469,1.3908931016921997,89.23076629638672,1.557370662689209,0.6868131868131868,0.006868131868131868,-0.4965062737464905,-1.6157705783843994,1.4915745258331299,1.3909252882003784,1.548432469367981,-0.0014116838574409485,-28.447711944580078,-0.496506238091841,-92.57682800292969,-1.6157704597036098,85.62637329101562,1.4944621404699554,79.69414520263672,1.3909252283484543,88.71864318847656,1.5484324315409561,0.0,0.0,True,False,0.14116838574409485,0.0,0.0,0.0,0.0,0.0,0.0,0.0,0.1654510498046875,0.1654510498046875,0.0,0.0,0.0,0.0,0.0,0.0
5,348,13.27010710502509,13.281150122988038,False,-29.494504928588867,-0.5147762298583984,-91.9120864868164,-1.6041685342788696,89.62637329101562,1.5642752647399902,79.69230651855469,1.3908931016921997,89.23076629638672,1.557370662689209,0.6868131868131868,0.006868131868131868,-0.4953550100326538,-1.588939905166626,1.3932836055755615,1.4059737920761108,1.5557435750961304,-0.002182506024837494,-28.381750106811523,-0.4953549868421134,-91.03954315185547,-1.5889397775113339,85.62637329101562,1.4944621404699554,80.55635833740234,1.405973686404056,89.13753509521484,1.5557434745234962,0.0,0.0,True,False,0.2182506024837494,0.0,0.0,0.0,0.0,0.0,0.0,0.0,5.7971038818359375,5.7971038818359375,0.0,0.0,0.0,0.0,0.0,0.0
5,349,13.303318682941608,13.31521348003298,False,-29.494504928588867,-0.5147762298583984,-92.0,-1.6057028770446777,89.53845977783203,1.5627409219741821,79.69230651855469,1.3908931016921997,89.23076629638672,1.557370662689209,0.6868131868131868,0.006868131868131868,-0.4918822646141052,-1.5992449522018433,1.4318413734436035,1.3981449604034424,1.5489228963851929,0.0007944107055664062,-28.182775497436523,-0.4918822247806501,-91.6299819946289,-1.5992448793493956,85.53845977783203,1.4929277602079063,80.10780334472656,1.3981449249056046,88.74674224853516,1.5489228526556942,0.07944107055664062,0.0007944107055664062,False,False,0.0,0.0,0.0,0.0,0.0,0.0,0.0,0.0,3.5,3.5,0.0,0.0,0.0,0.0,0.0,0.0
5,350,13.336883181938902,13.347434728988446,False,-29.406593322753906,-0.5132418870925903,-92.0,-1.6057028770446777,89.53845977783203,1.5627409219741821,79.86813354492188,1.3939619064331055,89.23076629638672,1.557370662689209,0.6868131868131868,0.006868131868131868,-0.5025653839111328,-1.4910486936569214,1.3075886964797974,1.4175665378570557,1.5578711032867432,-0.001626715064048767,-28.79487419128418,-0.5025653623354485,-88.0,-1.53588974175501,85.53845977783203,1.4929277602079063,81.22057342529297,1.417566426629171,89.25943756103516,1.5578710739183605,0.0,0.0,True,False,0.1626715064048767,0.0,0.0,0.0,0.0,2.5692062377929688,2.5692062377929688,0.0,10.619148254394531,10.619148254394531,0.0,0.0,0.0,0.0,0.0,0.0
5,351,13.370420802966692,13.38095138897188,False,-28.791208267211914,-0.502501368522644,-92.0,-1.6057028770446777,89.53845977783203,1.5627409219741821,79.95604705810547,1.3954962491989136,89.23076629638672,1.557370662689209,0.6868131868131868,0.006868131868131868,-0.49137794971466064,-1.3769147396087646,1.226143479347229,1.421862244606018,1.5504592657089233,-0.0023888498544692993,-28.153881072998047,-0.4913779219387299,-88.0,-1.53588974175501,85.53845977783203,1.4929277602079063,81.4666976928711,1.4218621054674687,88.83477020263672,1.550459230288561,0.0,0.0,True,False,0.23888498544692993,0.0,0.0,0.0,0.0,9.108604431152344,9.108604431152344,0.0,15.285614013671875,15.285614013671875,0.0,0.0,0.0,0.0,0.0,0.0
5,352,13.403646897990257,13.414105080999434,False,-28.439559936523438,-0.49636396765708923,-92.0,-1.6057028770446777,89.53845977783203,1.5627409219741821,80.30769348144531,1.401633620262146,89.23076629638672,1.557370662689209,0.6868131868131868,0.006868131868131868,-0.48455387353897095,-1.3469778299331665,1.1916248798370361,1.4232604503631592,1.5426819324493408,-0.0007311031222343445,-27.762889862060547,-0.4845538379615109,-88.0,-1.53588974175501,85.53845977783203,1.4929277602079063,81.54681396484375,1.423260398197815,88.38916015625,1.542681867799148,0.0,0.0,True,False,0.07311031222343445,0.0,0.0,0.0,0.0,10.823860168457031,10.823860168457031,0.0,17.263389587402344,17.263389587402344,0.0,0.0,0.0,0.0,0.0,0.0
5,353,13.437131101032719,13.44858117599506,False,-28.879121780395508,-0.5040357708930969,-91.29669952392578,-1.5934280157089233,89.53845977783203,1.5627409219741821,80.83516693115234,1.4108397960662842,89.23076629638672,1.557370662689209,0.6868131868131868,0.006868131868131868,-0.49139946699142456,-1.2953145503997803,1.1791043281555176,1.416398048400879,1.5460137128829956,-0.0018892213702201843,-28.155113220214844,-0.4913994269645323,-87.29669952392578,-1.5236148328166712,85.53845977783203,1.4929277602079063,81.15362548828125,1.4163979647008986,88.5800552368164,1.5460136154808917,0.0,0.0,True,False,0.18892213702201843,0.0,0.0,0.0,0.0,13.080650329589844,13.080650329589844,0.0,17.980758666992188,17.980758666992188,0.0,0.0,0.0,0.0,0.0,0.0
5,354,13.47051080793608,13.481007723021321,False,-28.791208267211914,-0.502501368522644,-89.97801971435547,-1.5704126358032227,89.53845977783203,1.5627409219741821,81.010986328125,1.4139084815979004,89.67032623291016,1.5650423765182495,0.6868131868131868,0.006868131868131868,-0.4965229630470276,-1.3703893423080444,1.1743017435073853,1.4052070379257202,1.5389248132705688,-0.0023947209119796753,-28.44866943359375,-0.49652294942768127,-85.97801971435547,-1.5005995283600975,85.53845977783203,1.4929277602079063,80.5124282836914,1.4052069623262222,88.17388916015625,1.5389246801332643,0.0,0.0,True,False,0.23947209119796753,0.0,0.0,0.0,0.0,7.4604949951171875,7.4604949951171875,0.0,18.25592803955078,18.25592803955078,0.0,0.0,0.0,0.0,0.0,0.0
5,355,13.504234559950419,13.515762284048833,False,-28.08791160583496,-0.49022653698921204,-89.18681335449219,-1.5566035509109497,89.53845977783203,1.5627409219741821,80.74725341796875,1.409305453300476,89.67032623291016,1.5650423765182495,0.6868131868131868,0.006868131868131868,-0.506102442741394,-1.4162025451660156,1.2757949829101562,1.4027401208877563,1.5347925424575806,-0.0005869120359420776,-28.99753189086914,-0.5061024064477235,-85.18681335449219,-1.4867903723177642,85.53845977783203,1.4929277602079063,80.37108612060547,1.4027400762084818,87.9371337890625,1.5347925193858973,0.0,0.0,True,False,0.058691203594207764,0.0,0.0,0.0,0.0,4.0443878173828125,4.0443878173828125,0.0,12.4407958984375,12.4407958984375,0.0,0.0,0.0,0.0,0.0,0.0
5,356,13.537772123934701,13.548317144974135,False,-28.263736724853516,-0.49329525232315063,-88.65933990478516,-1.5473973751068115,89.53845977783203,1.5627409219741821,80.57142639160156,1.4062366485595703,89.14286041259766,1.5558364391326904,0.6868131868131868,0.006868131868131868,-0.509905219078064,-1.478751540184021,1.3188804388046265,1.3976924419403076,1.5321308374404907,0.0004054605960845947,-29.215415954589844,-0.509905200747275,-84.7262191772461,-1.4787514874093055,85.53845977783203,1.4929277602079063,80.08187103271484,1.3976923206783456,87.78462219238281,1.5321306898763631,0.04054605960845947,0.0004054605960845947,False,False,0.0,0.0,0.0,0.0,0.0,0.0,0.0,0.0,9.972183227539062,9.972183227539062,0.0,0.0,0.0,0.0,0.0,0.0
5,357,13.572125767939724,13.602810301003046,False,-29.05494499206543,-0.5071044564247131,-87.69230651855469,-1.5305194854736328,89.53845977783203,1.5627409219741821,80.3956069946289,1.4031680822372437,89.31867980957031,1.558905005455017,0.6868131868131868,0.006868131868131868,-0.5078344345092773,-1.4200899600982666,1.2691895961761475,1.40084969997406,1.5419888496398926,0.00064878910779953,-29.09676742553711,-0.5078343932626566,-83.69230651855469,-1.460706307337092,85.53845977783203,1.4929277602079063,80.26277160644531,1.4008496313086891,88.34944915771484,1.541988780125455,0.064878910779953,0.00064878910779953,False,False,0.0,0.0,0.0,0.0,0.0,2.3271484375,2.3271484375,0.0,12.819259643554688,12.819259643554688,0.0,0.0,0.0,0.0,0.0,0.0
5,358,13.605290491017513,13.616113441996276,False,-29.14285659790039,-0.5086387991905212,-87.07691955566406,-1.5197789669036865,89.53845977783203,1.5627409219741821,80.30769348144531,1.401633620262146,89.05494689941406,1.5543019771575928,0.6868131868131868,0.006868131868131868,-0.4989173412322998,-1.4076652526855469,1.2369924783706665,1.3971405029296875,1.5327612161636353,-0.00034843385219573975,-28.58585548400879,-0.49891729769523063,-83.07691955566406,-1.4499657786608025,85.53845977783203,1.4929277602079063,80.05024719238281,1.3971403805424267,87.82074737548828,1.5327611932644394,0.0,0.0,True,False,0.034843385219573975,0.0,0.0,0.0,0.0,2.42364501953125,2.42364501953125,0.0,14.664016723632812,14.664016723632812,0.0,0.0,0.0,0.0,0.0,0.0
5,359,13.638467674027197,13.649616364040412,False,-28.791208267211914,-0.502501368522644,-86.72527313232422,-1.513641595840454,89.53845977783203,1.5627409219741821,80.30769348144531,1.401633620262146,88.96703338623047,1.5527676343917847,0.6868131868131868,0.006868131868131868,-0.5128800868988037,-1.303000569343567,1.164139747619629,1.39984929561615,1.5319082736968994,-0.002091839909553528,-29.385862350463867,-0.5128800515534343,-82.72527313232422,-1.4438283907706604,85.53845977783203,1.4929277602079063,80.20545196533203,1.3998492148452009,87.7718734741211,1.5319081827672871,0.0,0.0,True,False,0.20918399095535278,0.0,0.0,0.0,0.0,8.06884765625,8.06884765625,0.0,18.838172912597656,18.838172912597656,0.0,0.0,0.0,0.0,0.0,0.0
5,360,13.67208845296409,13.83507140504662,False,-28.52747344970703,-0.4978983402252197,-85.93406677246094,-1.4998323917388916,89.45054626464844,1.561206579208374,80.13186645507812,1.3985649347305298,88.87911987304688,1.5512332916259766,0.6868131868131868,0.006868131868131868,-0.4847491979598999,-1.6339510679244995,1.563878059387207,1.389624834060669,1.5462161302566528,-0.0003595203161239624,-27.77408218383789,-0.4847491808274682,-89.93406677246094,-1.5696455748878733,89.60360717773438,1.5638779669150888,79.61963653564453,1.3896248067881687,88.5916519165039,1.5462160157237377,0.0,0.0,True,False,0.03595203161239624,0.0,0.0,0.0,0.0,3.6844253540039062,3.6844253540039062,0.0,0.0,0.0,0.0,0.0,0.0,0.0,0.0,0.0
5,361,13.836526022991166,13.848552056937478,False,-29.406593322753906,-0.5132418870925903,-84.43955993652344,-1.4737483263015747,88.83516693115234,1.5504661798477173,80.13186645507812,1.3985649347305298,88.79120635986328,1.549698829650879,0.6868131868131868,0.006868131868131868,-0.481617271900177,-1.629184603691101,1.5720959901809692,1.3888306617736816,1.546162486076355,-0.002151697874069214,-27.594635009765625,-0.48161723680650775,-88.43955993652344,-1.5435615099072013,90.074462890625,1.5720959494068552,79.57412719726562,1.3888305189930525,88.58857727050781,1.5461623530277726,0.0,0.0,True,False,0.2151697874069214,0.0,0.0,0.0,0.0,4.9058380126953125,4.9058380126953125,0.0,0.0,0.0,0.0,0.0,0.0,0.0,0.0,0.0
5,362,13.869813384022564,13.881443080957979,False,-29.230770111083984,-0.5101732015609741,-84.35164642333984,-1.4722139835357666,88.74725341796875,1.5489317178726196,80.13186645507812,1.3985649347305298,88.79120635986328,1.549698829650879,0.6868131868131868,0.006868131868131868,-0.4748358130455017,-1.6411772966384888,1.5668972730636597,1.3863904476165771,1.5444469451904297,-0.0016778409481048584,-27.206087112426758,-0.47483579669624365,-88.35164642333984,-1.5420271296451522,89.77659606933594,1.5668971926429116,79.43431854248047,1.3863903976442673,88.49028778076172,1.544446877811598,0.0,0.0,True,False,0.16778409481048584,0.0,0.0,0.0,0.0,5.680877685546875,5.680877685546875,0.0,0.0,0.0,0.0,0.0,0.0,0.0,0.0,0.0
5,363,13.903378318995237,13.916850151028484,False,-28.96703338623047,-0.505570113658905,-84.61538696289062,-1.4768171310424805,88.92308044433594,1.5520005226135254,79.86813354492188,1.3939619064331055,88.79120635986328,1.549698829650879,0.6868131868131868,0.006868131868131868,-0.4836021661758423,-1.6358484029769897,1.5631335973739624,1.3884775638580322,1.5486499071121216,-0.001689620316028595,-27.70836067199707,-0.48360212405645747,-88.61538696289062,-1.5466302704312995,89.56095123291016,1.563133480232357,79.55390167236328,1.3884775169905625,88.7311019897461,1.548649878643961,0.0,0.0,True,False,0.1689620316028595,0.0,0.0,0.0,0.0,5.11181640625,5.11181640625,0.0,0.0,0.0,0.0,0.0,0.0,0.0,0.0,0.0
5,364,13.936846893979236,13.948537649936043,False,-28.263736724853516,-0.49329525232315063,-86.10989379882812,-1.5029011964797974,89.71428680419922,1.565809726715088,79.86813354492188,1.3939619064331055,88.79120635986328,1.549698829650879,0.6868131868131868,0.006868131868131868,-0.483040988445282,-1.6548736095428467,1.565159797668457,1.3858691453933716,1.5459413528442383,-0.0017585009336471558,-27.67620849609375,-0.48304096272526414,-90.10989379882812,-1.5727143354119717,89.67704772949219,1.5651597463477438,79.40444946289062,1.3858690838608845,88.57591247558594,1.5459413106572961,0.0,0.0,True,False,0.17585009336471558,0.0,0.0,0.0,0.0,4.707374572753906,4.707374572753906,0.0,0.0,0.0,0.0,0.0,0.0,0.0,0.0,0.0
5,365,13.97058389999438,13.983815424959175,False,-27.560440063476562,-0.48102042078971863,-87.25274658203125,-1.5228476524353027,90.24176025390625,1.5750157833099365,79.95604705810547,1.3954962491989136,88.70330047607422,1.5481646060943604,0.6868131868131868,0.006868131868131868,-0.4779053330421448,-1.6407891511917114,1.5505785942077637,1.38295316696167,1.544634222984314,-0.0002654045820236206,-27.3819580078125,-0.4779053228791553,-91.25274658203125,-1.5926608793444472,88.84160614013672,1.5505785399053966,79.23737335205078,1.382953055625302,88.50101470947266,1.5446340980362308,0.0,0.0,True,False,0.02654045820236206,0.0,0.0,0.0,0.0,2.7575454711914062,2.7575454711914062,0.0,0.0,0.0,0.0,0.0,0.0,0.0,0.0,0.0
5,366,14.003915869048797,14.01792428502813,False,-27.91208839416504,-0.4871578514575958,-88.04395294189453,-1.5366568565368652,90.24176025390625,1.5750157833099365,80.21977996826172,1.400099277496338,88.35164642333984,1.5420271158218384,0.6868131868131868,0.006868131868131868,-0.4706607460975647,-1.6743117570877075,1.570225715637207,1.3829983472824097,1.5432140827178955,-0.0003314763307571411,-26.966873168945312,-0.47066072576581275,-92.04395294189453,-1.6064700353867805,89.96730041503906,1.5702256113732926,79.2399673461914,1.3829983293638335,88.41964721679688,1.5432139673849459,0.0,0.0,True,False,0.03314763307571411,0.0,0.0,0.0,0.0,3.8870391845703125,3.8870391845703125,0.0,0.0,0.0,0.0,0.0,0.0,0.0,0.0,0.0
5,367,14.03721181396395,14.048173415008932,False,-28.263736724853516,-0.49329525232315063,-89.0988998413086,-1.5550692081451416,90.24176025390625,1.5750157833099365,80.13186645507812,1.3985649347305298,88.52747344970703,1.5450959205627441,0.6868131868131868,0.006868131868131868,-0.46938788890838623,-1.6723209619522095,1.579687237739563,1.382985234260559,1.5398517847061157,-0.0007586777210235596,-26.893943786621094,-0.4693878679228094,-93.0988998413086,-1.6248823322152612,90.50940704345703,1.5796871569360715,79.23921203613281,1.3829851467164376,88.22700500488281,1.5398517265087208,0.0,0.0,True,False,0.07586777210235596,0.0,0.0,0.0,0.0,2.7180252075195312,2.7180252075195312,0.0,0.0,0.0,0.0,0.0,0.0,0.0,0.0,0.0
5,368,14.070571215939708,14.081728326971643,False,-27.560440063476562,-0.48102042078971863,-89.62637329101562,-1.5642752647399902,90.24176025390625,1.5750157833099365,80.04395294189453,1.3970304727554321,88.61538696289062,1.5466302633285522,0.6868131868131868,0.006868131868131868,-0.4797443151473999,-1.6620346307754517,1.5681850910186768,1.383633017539978,1.5439916849136353,-0.0015025511384010315,-27.487323760986328,-0.47974430219088227,-93.62637329101562,-1.6340884806295017,89.85037994384766,1.5681849641880194,79.27632904052734,1.3836329606515994,88.46420288085938,1.543991610423249,0.0,0.0,True,False,0.15025511384010315,0.0,0.0,0.0,0.0,1.6011886596679688,1.6011886596679688,0.0,0.0,0.0,0.0,0.0,0.0,0.0,0.0,0.0
5,369,14.104527125949971,14.115213079960085,False,-27.03296661376953,-0.47181427478790283,-90.94505310058594,-1.587290644645691,90.68132019042969,1.5826876163482666,79.95604705810547,1.3954962491989136,88.26373291015625,1.5404927730560303,0.6868131868131868,0.006868131868131868,-0.48114895820617676,-1.6544235944747925,1.5735108852386475,1.382693886756897,1.5421792268753052,-0.002869047224521637,-27.56780242919922,-0.4811489199288173,-94.7914810180664,-1.6544234466069654,90.15552520751953,1.5735107537359598,79.22251892089844,1.382693796893183,88.36035919189453,1.5421791961433957,0.0,0.0,True,False,0.2869047224521637,0.0,0.0,0.0,0.0,0.0,0.0,0.0,0.0,0.0,0.0,0.0,0.0,0.0,0.0,0.0
5,370,14.137340803048573,14.147989974939264,False,-27.296703338623047,-0.47641733288764954,-91.73626708984375,-1.6010998487472534,90.85713958740234,1.5857561826705933,79.95604705810547,1.3954962491989136,88.26373291015625,1.5404927730560303,0.6868131868131868,0.006868131868131868,-0.47860997915267944,-1.6495245695114136,1.5720492601394653,1.3864754438400269,1.5426609516143799,-0.0018894299864768982,-27.422330856323242,-0.4786099620140767,-94.51078796386719,-1.64952442862371,90.07178497314453,1.5720492109297244,79.4391860961914,1.3864753524830409,88.38795471191406,1.5426608288265364,0.0,0.0,True,False,0.18894299864768982,0.0,0.0,0.0,0.0,0.0,0.0,0.0,0.0,0.0,0.0,0.0,0.0,0.0,0.0,0.0
5,371,14.171231313957833,14.181540966965258,False,-27.91208839416504,-0.4871578514575958,-92.70330047607422,-1.6179778575897217,90.85713958740234,1.5857561826705933,79.86813354492188,1.3939619064331055,88.26373291015625,1.5404927730560303,0.6868131868131868,0.006868131868131868,-0.4807637333869934,-1.6479240655899048,1.5748817920684814,1.3848096132278442,1.5531284809112549,-0.001874573528766632,-27.545730590820312,-0.4807636936771374,-94.4190902709961,-1.6479240019666268,90.23407745361328,1.5748817490651326,79.34374237060547,1.3848095452211964,88.98770141601562,1.553128383491093,0.0,0.0,True,False,0.1874573528766632,0.0,0.0,0.0,0.0,0.0,0.0,0.0,0.0,0.0,0.0,0.0,0.0,0.0,0.0,0.0
5,372,14.204284055973403,14.214669108972885,False,-27.824174880981445,-0.48562344908714294,-93.23076629638672,-1.6271837949752808,90.85713958740234,1.5857561826705933,79.78022003173828,1.3924275636672974,88.43955993652344,1.5435614585876465,0.6868131868131868,0.006868131868131868,-0.4872758388519287,-1.6307462453842163,1.5557881593704224,1.3873707056045532,1.5478055477142334,-0.002611704170703888,-27.918848037719727,-0.48727582162216726,-93.43487548828125,-1.6307462134614523,89.14009094238281,1.5557880824717552,79.490478515625,1.387370574083471,88.68272399902344,1.5478055234203516,0.0,0.0,True,False,0.2611704170703888,0.0,0.0,0.0,0.0,0.0,0.0,0.0,0.0,0.0,0.0,0.0,0.0,0.0,0.0,0.0
5,373,14.237703218008392,14.248600639984943,False,-27.384614944458008,-0.47795170545578003,-93.4065933227539,-1.6302525997161865,90.85713958740234,1.5857561826705933,79.78022003173828,1.3924275636672974,88.26373291015625,1.5404927730560303,0.6868131868131868,0.006868131868131868,-0.4837263822555542,-1.636905550956726,1.5519073009490967,1.3882956504821777,1.540789008140564,-0.0019394457340240479,-27.715478897094727,-0.48372636052130963,-93.78777313232422,-1.636905439272533,88.91773223876953,1.5519071909732371,79.5434799194336,1.38829562308811,88.28070068359375,1.5407888928963198,0.0,0.0,True,False,0.19394457340240479,0.0,0.0,0.0,0.0,0.0,0.0,0.0,0.0,0.0,0.0,0.0,0.0,0.0,0.0,0.0
5,374,14.271515388041735,14.282518388004974,False,-27.296703338623047,-0.47641733288764954,-93.4065933227539,-1.6302525997161865,90.85713958740234,1.5857561826705933,79.78022003173828,1.3924275636672974,88.26373291015625,1.5404927730560303,0.6868131868131868,0.006868131868131868,-0.49418163299560547,-1.5782480239868164,1.5126118659973145,1.3868234157562256,1.5505722761154175,-0.002485707402229309,-28.31451988220215,-0.49418159806582446,-90.42694854736328,-1.5782479846829929,86.85713958740234,1.51594306466448,79.45912170410156,1.3868232944794598,88.84123992919922,1.5505721483187804,0.0,0.0,True,False,0.2485707402229309,0.0,0.0,0.0,0.0,0.0,0.0,0.0,0.1908721923828125,0.1908721923828125,0.0,0.0,0.0,0.0,0.0,0.0
5,375,14.304827239946462,14.316902649006806,False,-27.560440063476562,-0.48102042078971863,-93.4065933227539,-1.6302525997161865,90.85713958740234,1.5857561826705933,79.78022003173828,1.3924275636672974,88.26373291015625,1.5404927730560303,0.6868131868131868,0.006868131868131868,-0.49830329418182373,-1.5442157983779907,1.4708926677703857,1.3872159719467163,1.5493828058242798,-0.002375572919845581,-28.550674438476562,-0.49830327261639923,-89.4065933227539,-1.560439426473633,86.85713958740234,1.51594306466448,79.48161315917969,1.3872158444241374,88.7730941772461,1.549382780575951,0.0,0.0,True,False,0.2375572919845581,0.0,0.0,0.0,0.0,0.9295501708984375,0.9295501708984375,0.0,2.5811996459960938,2.5811996459960938,0.0,0.0,0.0,0.0,0.0,0.0
5,376,14.338479419937357,14.352182950940914,False,-27.736263275146484,-0.48408910632133484,-93.4065933227539,-1.6302525997161865,90.76923370361328,1.5842219591140747,79.78022003173828,1.3924275636672974,88.26373291015625,1.5404927730560303,0.6868131868131868,0.006868131868131868,-0.5298813581466675,-1.3117287158966064,1.2378357648849487,1.3907212018966675,1.5547537803649902,-0.003846883773803711,-30.35996437072754,-0.5298813390573639,-89.4065933227539,-1.560439426473633,86.76923370361328,1.5144088175604853,79.68244934082031,1.3907210970508996,89.08082580566406,1.5547537107043683,0.0,0.0,True,False,0.3846883773803711,0.0,0.0,0.0,0.0,14.250076293945312,14.250076293945312,0.0,15.846473693847656,15.846473693847656,0.0,0.0,0.0,0.0,0.0,0.0
5,377,14.37155644793529,14.381949128000997,False,-27.91208839416504,-0.4871578514575958,-92.61538696289062,-1.616443395614624,90.4175796508789,1.5780844688415527,79.86813354492188,1.3939619064331055,88.26373291015625,1.5404927730560303,0.6868131868131868,0.006868131868131868,-0.525333821773529,-1.2786997556686401,1.2112106084823608,1.3891360759735107,1.552547812461853,-0.0021811872720718384,-30.099409103393555,-0.5253337917589719,-88.61538696289062,-1.5466302704312995,86.4175796508789,1.5082712965122889,79.59162902832031,1.3891359835700845,88.95442962646484,1.552547681215401,0.0,0.0,True,False,0.21811872720718384,0.0,0.0,0.0,0.0,15.351295471191406,15.351295471191406,0.0,17.02032470703125,17.02032470703125,0.0,0.0,0.0,0.0,0.0,0.0
5,378,14.404849348939024,14.415875228005461,False,-28.439559936523438,-0.49636396765708923,-91.73626708984375,-1.6010998487472534,90.4175796508789,1.5780844688415527,79.86813354492188,1.3939619064331055,88.26373291015625,1.5404927730560303,0.6868131868131868,0.006868131868131868,-0.5211588144302368,-1.2688283920288086,1.1858159303665161,1.3912773132324219,1.5470964908599854,-0.0010467544198036194,-29.860198974609375,-0.5211587874075683,-87.73626708984375,-1.531286734126917,86.4175796508789,1.5082712965122889,79.71431732177734,1.3912772982445627,88.64209747314453,1.547096456780118,0.0,0.0,True,False,0.10467544198036194,0.0,0.0,0.0,0.0,15.037757873535156,15.037757873535156,0.0,18.47533416748047,18.47533416748047,0.0,0.0,0.0,0.0,0.0,0.0
5,379,14.43853487900924,14.450233079027385,False,-29.494504928588867,-0.5147762298583984,-90.4175796508789,-1.5780844688415527,90.4175796508789,1.5780844688415527,79.86813354492188,1.3939619064331055,88.26373291015625,1.5404927730560303,0.6868131868131868,0.006868131868131868,-0.5324903726577759,-1.1610087156295776,1.1082038879394531,1.3907406330108643,1.5463515520095825,-0.0036823078989982605,-30.509449005126953,-0.5324903381087737,-86.4175796508789,-1.5082712965122889,86.4175796508789,1.5082712965122889,79.68356323242188,1.3907405381268574,88.59941101074219,1.5463514374651683,0.0,0.0,True,False,0.36823078989982605,0.0,0.0,0.0,0.0,19.896682739257812,19.896682739257812,0.0,22.922176361083984,22.922176361083984,0.0,0.0,0.0,0.0,0.0,0.0
5,380,14.472212965018116,14.484541952959262,False,-29.846153259277344,-0.5209136605262756,-89.62637329101562,-1.5642752647399902,90.32967376708984,1.5765502452850342,79.86813354492188,1.3939619064331055,88.52747344970703,1.5450959205627441,0.6868131868131868,0.006868131868131868,-0.5237997770309448,-1.184365153312683,1.115334153175354,1.391867756843567,1.5503016710281372,-0.001657150685787201,-30.01151466369629,-0.523799744392059,-85.62637329101562,-1.4944621404699554,86.32967376708984,1.5067370494082941,79.7481460571289,1.3918677210582333,88.82573699951172,1.5503015711520283,0.0,0.0,True,False,0.1657150685787201,0.0,0.0,0.0,0.0,17.767250061035156,17.767250061035156,0.0,22.425739288330078,22.425739288330078,0.0,0.0,0.0,0.0,0.0,0.0
5,381,14.505447717034258,14.51589806098491,False,-29.58241844177246,-0.5163105726242065,-89.53845977783203,-1.5627409219741821,90.32967376708984,1.5765502452850342,79.86813354492188,1.3939619064331055,88.35164642333984,1.5420271158218384,0.6868131868131868,0.006868131868131868,-0.526328980922699,-1.1726189851760864,1.1080925464630127,1.3906821012496948,1.5443652868270874,-0.0024506673216819763,-30.15642738342285,-0.5263289484793072,-85.53845977783203,-1.4929277602079063,86.32967376708984,1.5067370494082941,79.68021392822266,1.39068208174093,88.48561096191406,1.5443652519241873,0.0,0.0,True,False,0.24506673216819763,0.0,0.0,0.0,0.0,18.35234832763672,18.35234832763672,0.0,22.840652465820312,22.840652465820312,0.0,0.0,0.0,0.0,0.0,0.0
5,382,14.538980626966804,14.549443552037701,False,-29.58241844177246,-0.5163105726242065,-88.30769348144531,-1.541260004043579,90.24176025390625,1.5750157833099365,79.86813354492188,1.3939619064331055,88.26373291015625,1.5404927730560303,0.6868131868131868,0.006868131868131868,-0.5333771705627441,-1.1841740608215332,1.1270943880081177,1.3884031772613525,1.5325089693069458,-0.004377149045467377,-30.560258865356445,-0.5333771374622565,-84.30769348144531,-1.4714468360133817,86.24176025390625,1.505202669146245,79.54963684082031,1.3884030816380948,87.80628967285156,1.5325088587511544,0.0,0.0,True,False,0.43771490454673767,0.0,0.0,0.0,0.0,16.459518432617188,16.459518432617188,0.0,21.66400909423828,21.66400909423828,0.0,0.0,0.0,0.0,0.0,0.0
5,383,14.572269362979569,14.587240520049818,False,-30.19780158996582,-0.5270510315895081,-87.42857360839844,-1.5259164571762085,90.24176025390625,1.5750157833099365,79.51648712158203,1.387824535369873,88.70330047607422,1.5481646060943604,0.6868131868131868,0.006868131868131868,-0.5343974232673645,-1.195394515991211,1.1271090507507324,1.387603521347046,1.5449988842010498,-0.002227000892162323,-30.618715286254883,-0.5343973944758658,-83.42857360839844,-1.456103299708999,86.24176025390625,1.505202669146245,79.50382232666016,1.3876034675207984,88.52191162109375,1.544998817947517,0.0,0.0,True,False,0.2227000892162323,0.0,0.0,0.0,0.0,14.937515258789062,14.937515258789062,0.0,21.663169860839844,21.663169860839844,0.0,0.0,0.0,0.0,0.0,0.0
5,384,14.605556629947387,14.61787555704359,False,-30.373626708984375,-0.530119776725769,-86.9011001586914,-1.5167102813720703,90.24176025390625,1.5750157833099365,79.34066009521484,1.3847557306289673,88.70330047607422,1.5481646060943604,0.6868131868131868,0.006868131868131868,-0.5217642784118652,-1.314462423324585,1.1759365797042847,1.3934426307678223,1.536008596420288,-0.0014654844999313354,-29.89488983154297,-0.5217642570813977,-82.9011001586914,-1.4468971512947586,86.24176025390625,1.505202669146245,79.83837890625,1.3934425813688518,88.00680541992188,1.5360085187396275,0.0,0.0,True,False,0.14654844999313354,0.0,0.0,0.0,0.0,7.58795166015625,7.58795166015625,0.0,18.865562438964844,18.865562438964844,0.0,0.0,0.0,0.0,0.0,0.0
5,385,14.638898995006457,14.651706428965554,False,-30.373626708984375,-0.530119776725769,-86.02198028564453,-1.5013667345046997,90.24176025390625,1.5750157833099365,79.16483306884766,1.3816869258880615,88.70330047607422,1.5481646060943604,0.6868131868131868,0.006868131868131868,-0.5090659856796265,-1.3120653629302979,1.185569405555725,1.3934108018875122,1.5328760147094727,-0.00044242292642593384,-29.16733169555664,-0.5090659721087637,-82.02198028564453,-1.431553614990376,86.24176025390625,1.505202669146245,79.83655548095703,1.3934107565938252,87.82732391357422,1.532875975507422,0.0,0.0,True,False,0.044242292642593384,0.0,0.0,0.0,0.0,6.8461761474609375,6.8461761474609375,0.0,18.313644409179688,18.313644409179688,0.0,0.0,0.0,0.0,0.0,0.0
5,386,14.672554760007188,14.683721242006868,False,-30.10988998413086,-0.5255166888237,-85.31867980957031,-1.4890918731689453,89.97801971435547,1.5704126358032227,79.16483306884766,1.3816869258880615,88.70330047607422,1.5481646060943604,0.6868131868131868,0.006868131868131868,-0.4923882484436035,-1.3843623399734497,1.2474669218063354,1.3947638273239136,1.5305043458938599,-0.002058751881122589,-28.211767196655273,-0.4923882253877651,-81.31867980957031,-1.4192787060520373,85.97801971435547,1.5005995283600975,79.91407775878906,1.39476377558564,87.69143676757812,1.5305042973986518,0.0,0.0,True,False,0.2058751881122589,0.0,0.0,0.0,0.0,2.0005645751953125,2.0005645751953125,0.0,14.503433227539062,14.503433227539062,0.0,0.0,0.0,0.0,0.0,0.0
5,387,14.706317409989424,14.718019263003953,False,-29.934066772460938,-0.5224480032920837,-84.70330047607422,-1.4783514738082886,89.80220031738281,1.567344069480896,79.16483306884766,1.3816869258880615,88.70330047607422,1.5481646060943604,0.6868131868131868,0.006868131868131868,-0.4957970380783081,-1.3547449111938477,1.187597393989563,1.3995001316070557,1.531913161277771,-0.002578720450401306,-28.407075881958008,-0.4957970050040393,-80.70330047607422,-1.4085383105338023,85.80220031738281,1.4975309009940536,80.1854476928711,1.3995000744262915,87.77215576171875,1.5319131096153036,0.0,0.0,True,False,0.2578720450401306,0.0,0.0,0.0,0.0,3.0821380615234375,3.0821380615234375,0.0,17.757888793945312,17.757888793945312,0.0,0.0,0.0,0.0,0.0,0.0
5,388,14.739976073033176,14.752166601945646,False,-29.58241844177246,-0.5163105726242065,-83.9120864868164,-1.4645421504974365,89.62637329101562,1.5642752647399902,79.07691955566406,1.3801525831222534,88.70330047607422,1.5481646060943604,0.6868131868131868,0.006868131868131868,-0.48995232582092285,-1.236419677734375,1.0950249433517456,1.4006462097167969,1.5357767343521118,-0.002160191535949707,-28.07219886779785,-0.4899522985176969,-79.9120864868164,-1.3947290213334145,85.62637329101562,1.4944621404699554,80.25111389160156,1.400646165801407,87.99352264404297,1.535776690566736,0.0,0.0,True,False,0.2160191535949707,0.0,0.0,0.0,0.0,9.070457458496094,9.070457458496094,0.0,22.886070251464844,22.886070251464844,0.0,0.0,0.0,0.0,0.0,0.0
5,389,14.773236932000145,14.785579505958594,False,-28.879121780395508,-0.5040357708930969,-83.29669952392578,-1.4538016319274902,89.36264038085938,1.559672236442566,79.07691955566406,1.3801525831222534,88.70330047607422,1.5481646060943604,0.6868131868131868,0.006868131868131868,-0.4788421392440796,-1.2858338356018066,1.1294050216674805,1.3978850841522217,1.5231457948684692,-0.0028101205825805664,-27.435632705688477,-0.47884212308210433,-79.29669952392578,-1.3839884926571249,85.36264038085938,1.4898591328418624,80.09291076660156,1.3978850003832128,87.26982116699219,1.523145716990654,0.0,0.0,True,False,0.28101205825805664,0.0,0.0,0.0,0.0,5.623847961425781,5.623847961425781,0.0,20.652503967285156,20.652503967285156,0.0,0.0,0.0,0.0,0.0,0.0
5,390,14.807146998937242,14.972074207966216,False,-28.351648330688477,-0.49482959508895874,-82.68132019042969,-1.4430612325668335,89.010986328125,1.553534746170044,79.07691955566406,1.3801525831222534,88.70330047607422,1.5481646060943604,0.6868131868131868,0.006868131868131868,-0.4880363345146179,-1.6202993392944336,1.578600287437439,1.3708672523498535,1.538217306137085,-0.0007805526256561279,-27.962421417236328,-0.48803632056095303,-86.68132019042969,-1.5128744372984362,90.44712829589844,1.5786001877371558,78.54490661621094,1.370867231124359,88.13335418701172,1.5382172113896848,0.0,0.0,True,False,0.07805526256561279,0.0,0.0,0.0,0.0,6.154991149902344,6.154991149902344,0.0,0.0,0.0,0.0,0.0,0.0,0.0,0.0,0.0
5,391,14.973520218976773,14.984699419001117,False,-27.824174880981445,-0.48562344908714294,-81.18681335449219,-1.4169771671295166,88.3956069946289,1.5427943468093872,79.07691955566406,1.3801525831222534,88.17582702636719,1.5389585494995117,0.6868131868131868,0.006868131868131868,-0.47637200355529785,-1.6209343671798706,1.578184723854065,1.3680760860443115,1.5359328985214233,-0.0021080151200294495,-27.294103622436523,-0.47637197459202857,-85.18681335449219,-1.4867903723177642,90.4233169555664,1.5781846014490488,78.38497924804688,1.368075971985847,88.0024642944336,1.5359327518066148,0.0,0.0,True,False,0.21080151200294495,0.0,0.0,0.0,0.0,7.685882568359375,7.685882568359375,0.0,0.0,0.0,0.0,0.0,0.0,0.0,0.0,0.0
5,392,15.00693220901303,15.018270074971952,False,-28.08791160583496,-0.49022653698921204,-81.18681335449219,-1.4169771671295166,88.3956069946289,1.5427943468093872,79.07691955566406,1.3801525831222534,88.17582702636719,1.5389585494995117,0.6868131868131868,0.006868131868131868,-0.4754924774169922,-1.640750527381897,1.5897778272628784,1.3705992698669434,1.535362958908081,-0.0011926591396331787,-27.243711471557617,-0.4754924656420299,-85.18681335449219,-1.4867903723177642,91.08755493164062,1.5897777411483274,78.52954864501953,1.3705991839606426,87.96981048583984,1.5353628353333377,0.0,0.0,True,False,0.11926591396331787,0.0,0.0,0.0,0.0,8.821258544921875,8.821258544921875,0.0,0.0,0.0,0.0,0.0,0.0,0.0,0.0,0.0
5,393,15.040294448030181,15.051415854948573,False,-28.08791160583496,-0.49022653698921204,-81.45054626464844,-1.421580195426941,88.48351287841797,1.5443285703659058,78.81318664550781,1.375549554824829,88.26373291015625,1.5404927730560303,0.6868131868131868,0.006868131868131868,-0.471285343170166,-1.6280694007873535,1.5744973421096802,1.372071623802185,1.5410109758377075,-0.003295809030532837,-27.00265884399414,-0.4712853036204636,-85.45054626464844,-1.4913933799458572,90.21205139160156,1.5744973217617797,78.61390686035156,1.3720715125692928,88.29341888427734,1.541010867373178,0.0,0.0,True,False,0.3295809030532837,0.0,0.0,0.0,0.0,7.830955505371094,7.830955505371094,0.0,0.0,0.0,0.0,0.0,0.0,0.0,0.0,0.0
5,394,15.074388092965819,15.085580550017767,False,-27.736263275146484,-0.48408910632133484,-82.85713958740234,-1.4461299180984497,89.62637329101562,1.5642752647399902,78.63735961914062,1.372480869293213,88.26373291015625,1.5404927730560303,0.6868131868131868,0.006868131868131868,-0.48665082454681396,-1.6134586334228516,1.5671271085739136,1.3667633533477783,1.5353401899337769,-0.0020236819982528687,-27.883037567138672,-0.4866508110038393,-86.85713958740234,-1.51594306466448,89.78976440429688,1.5671270234449854,78.30976867675781,1.366763299884547,87.968505859375,1.5353400653060176,0.0,0.0,True,False,0.20236819982528687,0.0,0.0,0.0,0.0,5.587226867675781,5.587226867675781,0.0,0.0,0.0,0.0,0.0,0.0,0.0,0.0,0.0
5,395,15.107577426941134,15.118367857998237,False,-27.296703338623047,-0.47641733288764954,-84.17582702636719,-1.4691452980041504,90.5934066772461,1.5811532735824585,78.54945373535156,1.3709465265274048,88.26373291015625,1.5404927730560303,0.6868131868131868,0.006868131868131868,-0.4698837399482727,-1.629457712173462,1.5810861587524414,1.369202733039856,1.5324305295944214,-0.0017518997192382812,-26.922353744506836,-0.46988371522826855,-88.17582702636719,-1.5389585022791084,90.58956146240234,1.5810861154566902,78.44953155517578,1.3692026222850049,87.80179595947266,1.5324304286570516,0.0,0.0,True,False,0.17518997192382812,0.0,0.0,0.0,0.0,5.185218811035156,5.185218811035156,0.0,0.0,0.0,0.0,0.0,0.0,0.0,0.0,0.0
5,396,15.141264314996079,15.152924533002079,False,-27.208791732788086,-0.47488299012184143,-84.96703338623047,-1.482954502105713,90.5934066772461,1.5811532735824585,78.63735961914062,1.372480869293213,88.0,1.535889744758606,0.6868131868131868,0.006868131868131868,-0.4773710370063782,-1.6126408576965332,1.5778645277023315,1.3702970743179321,1.532168984413147,-0.0015704035758972168,-27.35134506225586,-0.4773710261854582,-88.96703338623047,-1.5527676583214416,90.40497589111328,1.5778644894860214,78.51223754882812,1.370297048334973,87.78681182861328,1.5321689062380057,0.0,0.0,True,False,0.15704035758972168,0.0,0.0,0.0,0.0,3.4304733276367188,3.4304733276367188,0.0,0.0,0.0,0.0,0.0,0.0,0.0,0.0,0.0
5,397,15.1746974500129,15.185151163954288,False,-27.648351669311523,-0.48255476355552673,-86.19779968261719,-1.504435420036316,90.68132019042969,1.5826876163482666,79.16483306884766,1.3816869258880615,87.9120864868164,1.5343554019927979,0.6868131868131868,0.006868131868131868,-0.47265470027923584,-1.638153314590454,1.5761661529541016,1.3725636005401611,1.529708981513977,-0.0023184865713119507,-27.081117630004883,-0.4726546677634687,-90.19779968261719,-1.5742485825159662,90.30766296386719,1.5761660585008233,78.64209747314453,1.372563531580685,87.64586639404297,1.5297089443390997,0.0,0.0,True,False,0.23184865713119507,0.0,0.0,0.0,0.0,3.661468505859375,3.661468505859375,0.0,0.0,0.0,0.0,0.0,0.0,0.0,0.0,0.0
5,398,15.208456053049304,15.2190403919667,False,-27.736263275146484,-0.48408910632133484,-87.07691955566406,-1.5197789669036865,90.76923370361328,1.5842219591140747,79.25274658203125,1.3832213878631592,88.17582702636719,1.5389585494995117,0.6868131868131868,0.006868131868131868,-0.48349815607070923,-1.614454746246338,1.5641531944274902,1.3690084218978882,1.5282447338104248,-0.0018475130200386047,-27.702402114868164,-0.48349812761588984,-91.07691955566406,-1.5895921188203488,89.61936950683594,1.564153071455694,78.43840026855469,1.3690083446834838,87.56196594238281,1.5282446052137195,0.0,0.0,True,False,0.18475130200386047,0.0,0.0,0.0,0.0,1.4245147705078125,1.4245147705078125,0.0,0.0,0.0,0.0,0.0,0.0,0.0,0.0,0.0
5,399,15.241744030965492,15.253451433032751,False,-27.384614944458008,-0.47795170545578003,-87.51648712158203,-1.5274507999420166,90.76923370361328,1.5842219591140747,79.25274658203125,1.3832213878631592,87.82417297363281,1.5328209400177002,0.6868131868131868,0.006868131868131868,-0.48368167877197266,-1.6148658990859985,1.5777496099472046,1.3735851049423218,1.5319373607635498,-0.001667901873588562,-27.71291732788086,-0.48368165270450997,-91.51648712158203,-1.5972640201305945,90.39839172363281,1.5777495740849845,78.70062255859375,1.3735849870167849,87.7735366821289,1.5319372112231688,0.0,0.0,True,False,0.1667901873588562,0.0,0.0,0.0,0.0,1.0085067749023438,1.0085067749023438,0.0,0.0,0.0,0.0,0.0,0.0,0.0,0.0,0.0
5,400,15.275326545001008,15.28602843999397,False,-27.120878219604492,-0.47334861755371094,-88.83516693115234,-1.5504661798477173,90.76923370361328,1.5842219591140747,79.25274658203125,1.3832213878631592,87.73626708984375,1.5312867164611816,0.6868131868131868,0.006868131868131868,-0.46930795907974243,-1.6427183151245117,1.5828412771224976,1.3734900951385498,1.5299431085586548,-0.0004715248942375183,-26.88936424255371,-0.4693079398005934,-92.83516693115234,-1.6202793245871683,90.69011688232422,1.5828411386150525,78.69518280029297,1.3734900453239236,87.6592788696289,1.5299430361989175,0.0,0.0,True,False,0.04715248942375183,0.0,0.0,0.0,0.0,1.2856521606445312,1.2856521606445312,0.0,0.0,0.0,0.0,0.0,0.0,0.0,0.0,0.0
5,401,15.308664556010626,15.31934554502368,False,-27.648351669311523,-0.48255476355552673,-89.89010620117188,-1.5688782930374146,90.76923370361328,1.5842219591140747,79.25274658203125,1.3832213878631592,87.73626708984375,1.5312867164611816,0.6868131868131868,0.006868131868131868,-0.47213059663772583,-1.6432983875274658,1.5734561681747437,1.3774663209915161,1.5406930446624756,-0.001555033028125763,-27.051088333129883,-0.47213055766094114,-93.89010620117188,-1.6386914882575947,90.15238952636719,1.5734560257755588,78.92300415039062,1.3774662779894664,88.27520751953125,1.540693019097077,0.0,0.0,True,False,0.1555033028125763,0.0,0.0,0.0,0.0,0.26395416259765625,0.26395416259765625,0.0,0.0,0.0,0.0,0.0,0.0,0.0,0.0,0.0
5,402,15.342928615049459,15.353233551955782,False,-27.736263275146484,-0.48408910632133484,-91.29669952392578,-1.5934280157089233,91.12088012695312,1.5903593301773071,79.25274658203125,1.3832213878631592,87.9120864868164,1.5343554019927979,0.6868131868131868,0.006868131868131868,-0.4687767028808594,-1.6535829305648804,1.5757460594177246,1.3755929470062256,1.5277847051620483,-0.000550977885723114,-26.858924865722656,-0.4687766724526362,-94.74331665039062,-1.6535828198088818,90.2835922241211,1.5757459448388633,78.81566619873047,1.37559287732065,87.53561401367188,1.527784677293463,0.0,0.0,True,False,0.0550977885723114,0.0,0.0,0.0,0.0,0.0,0.0,0.0,0.0,0.0,0.0,0.0,0.0,0.0,0.0,0.0
5,403,15.376544374972582,15.38723952404689,False,-27.120878219604492,-0.47334861755371094,-91.56044006347656,-1.5980311632156372,91.20879364013672,1.5918937921524048,79.25274658203125,1.3832213878631592,87.82417297363281,1.5328209400177002,0.6868131868131868,0.006868131868131868,-0.476371169090271,-1.6371561288833618,1.5614527463912964,1.375949501991272,1.5314173698425293,-0.001529783010482788,-27.294055938720703,-0.4763711423541879,-93.80213165283203,-1.6371560427311096,89.46464538574219,1.5614526261103536,78.83609771728516,1.3759494745906118,87.74374389648438,1.531417229020331,0.0,0.0,True,False,0.1529783010482788,0.0,0.0,0.0,0.0,0.0,0.0,0.0,0.0,0.0,0.0,0.0,0.0,0.0,0.0,0.0
5,404,15.409772782004438,15.421976935002021,False,-26.85714340209961,-0.4687455892562866,-92.52747344970703,-1.614909052848816,91.20879364013672,1.5918937921524048,79.25274658203125,1.3832213878631592,87.73626708984375,1.5312867164611816,0.6868131868131868,0.006868131868131868,-0.4657459259033203,-1.6578733921051025,1.5752365589141846,1.3781074285507202,1.531186580657959,-0.0012105479836463928,-26.685274124145508,-0.4657458952635852,-94.98914337158203,-1.657873305483054,90.25440216064453,1.5752364821223312,78.95973205566406,1.3781073008638485,87.73052215576172,1.5311864661118755,0.0,0.0,True,False,0.12105479836463928,0.0,0.0,0.0,0.0,0.0,0.0,0.0,0.0,0.0,0.0,0.0,0.0,0.0,0.0,0.0
5,405,15.443077486008406,15.45449006499257,False,-27.296703338623047,-0.47641733288764954,-93.23076629638672,-1.6271837949752808,91.20879364013672,1.5918937921524048,79.25274658203125,1.3832213878631592,87.82417297363281,1.5328209400177002,0.6868131868131868,0.006868131868131868,-0.46846938133239746,-1.6455529928207397,1.5703808069229126,1.3736923933029175,1.5292826890945435,-0.0019037872552871704,-26.84131622314453,-0.4684693436628411,-94.28323364257812,-1.6455528564900748,89.97618865966797,1.5703807405067898,78.70677185058594,1.373692312408715,87.6214370727539,1.5292825722485779,0.0,0.0,True,False,0.19037872552871704,0.0,0.0,0.0,0.0,0.0,0.0,0.0,0.0,0.0,0.0,0.0,0.0,0.0,0.0,0.0
5,406,15.476455227006227,15.487176478025503,False,-27.384614944458008,-0.47795170545578003,-93.31867980957031,-1.6287182569503784,91.20879364013672,1.5918937921524048,79.25274658203125,1.3832213878631592,87.82417297363281,1.5328209400177002,0.6868131868131868,0.006868131868131868,-0.46476006507873535,-1.632057785987854,1.5731621980667114,1.3732037544250488,1.5261366367340088,-0.0008862018585205078,-26.628787994384766,-0.4647600263175515,-93.51001739501953,-1.632057687140262,90.13555145263672,1.5731621459492684,78.67877197265625,1.3732036223486854,87.4411849975586,1.5261365800528672,0.0,0.0,True,False,0.08862018585205078,0.0,0.0,0.0,0.0,0.0,0.0,0.0,0.0,0.0,0.0,0.0,0.0,0.0,0.0,0.0
5,407,15.509842436993495,15.520379650988616,False,-26.94505500793457,-0.4702799320220947,-93.67032623291016,-1.6348556280136108,91.20879364013672,1.5918937921524048,79.25274658203125,1.3832213878631592,87.73626708984375,1.5312867164611816,0.6868131868131868,0.006868131868131868,-0.4749637842178345,-1.6242479085922241,1.5593827962875366,1.3754370212554932,1.537050485610962,-0.0021967440843582153,-27.21341896057129,-0.47496376158662196,-93.06254577636719,-1.62424783408555,89.3460464477539,1.5593826841530896,78.80673217773438,1.375436949238826,88.06649780273438,1.5370503473580666,0.0,0.0,True,False,0.21967440843582153,0.0,0.0,0.0,0.0,0.0,0.0,0.0,0.0,0.0,0.0,0.0,0.0,0.0,0.0,0.0
5,408,15.54364737693686,15.554784559994005,False,-26.681318283081055,-0.46567684412002563,-93.67032623291016,-1.6348556280136108,91.20879364013672,1.5918937921524048,79.25274658203125,1.3832213878631592,87.73626708984375,1.5312867164611816,0.6868131868131868,0.006868131868131868,-0.4715297818183899,-1.607088565826416,1.559500813484192,1.3767457008361816,1.5271254777908325,-0.0024131834506988525,-27.016664505004883,-0.47152974851901924,-92.07938385009766,-1.607088421391897,89.3528060913086,1.55950066218938,78.8817138671875,1.376745626598491,87.49784088134766,1.5271254117656137,0.0,0.0,True,False,0.24131834506988525,0.0,0.0,0.0,0.0,0.0,0.0,0.0,0.0,0.0,0.0,0.0,0.0,0.0,0.0,0.0
5,409,15.57706074800808,15.588582135969773,False,-26.681318283081055,-0.46567684412002563,-93.5824203491211,-1.6333212852478027,91.20879364013672,1.5918937921524048,79.25274658203125,1.3832213878631592,87.73626708984375,1.5312867164611816,0.6868131868131868,0.006868131868131868,-0.4656713604927063,-1.6408292055130005,1.5595674514770508,1.3771452903747559,1.5282495021820068,-0.0007195025682449341,-26.681001663208008,-0.46567132675306294,-94.01258087158203,-1.6408290745065468,89.35662841796875,1.5595673743746865,78.90460968017578,1.3771452339200574,87.56224060058594,1.5282493989036816,0.0,0.0,True,False,0.07195025682449341,0.0,0.0,0.0,0.0,0.0,0.0,0.0,0.0,0.0,0.0,0.0,0.0,0.0,0.0,0.0
5,410,15.610532218008302,15.621529093012214,False,-26.94505500793457,-0.4702799320220947,-93.4945068359375,-1.6317869424819946,91.20879364013672,1.5918937921524048,79.25274658203125,1.3832213878631592,87.73626708984375,1.5312867164611816,0.6868131868131868,0.006868131868131868,-0.48097217082977295,-1.6210598945617676,1.5307198762893677,1.37906014919281,1.530119776725769,-0.0015318021178245544,-27.557674407958984,-0.4809721526114633,-92.8798828125,-1.621059763944616,87.70378112792969,1.5307197471308391,79.01432037353516,1.3790600467438243,87.66940307617188,1.5301197369372443,0.0,0.0,True,False,0.15318021178245544,0.0,0.0,0.0,0.0,0.0,0.0,0.0,0.0,0.0,0.0,0.0,0.0,0.0,0.0,0.0
5,411,15.643944013980217,15.654694936005399,False,-27.120878219604492,-0.47334861755371094,-93.4945068359375,-1.6317869424819946,91.20879364013672,1.5918937921524048,79.25274658203125,1.3832213878631592,87.73626708984375,1.5312867164611816,0.6868131868131868,0.006868131868131868,-0.47090429067611694,-1.6215041875839233,1.535640835762024,1.3753279447555542,1.5299547910690308,-0.0002806633710861206,-26.98082733154297,-0.4709042718475005,-92.90534210205078,-1.6215041123724958,87.98573303222656,1.5356407361930875,78.80048370361328,1.3753278927921873,87.65995025634766,1.5299547541077139,0.0,0.0,True,False,0.02806633710861206,0.0,0.0,0.0,0.0,0.0,0.0,0.0,0.0,0.0,0.0,0.0,0.0,0.0,0.0,0.0
5,412,15.677180681959726,15.688061523949727,False,-27.120878219604492,-0.47334861755371094,-93.14286041259766,-1.6256495714187622,91.20879364013672,1.5918937921524048,79.25274658203125,1.3832213878631592,87.73626708984375,1.5312867164611816,0.6868131868131868,0.006868131868131868,-0.48120594024658203,-1.5990406274795532,1.5031768083572388,1.3758668899536133,1.5295168161392212,-0.0009844973683357239,-27.571067810058594,-0.481205911576145,-91.61827087402344,-1.599040481735732,87.20879364013672,1.5220805857126767,78.83135986328125,1.3758667834387648,87.63485717773438,1.5295167972664503,0.0,0.0,True,False,0.09844973683357239,0.0,0.0,0.0,0.0,0.0,0.0,0.0,1.0831146240234375,1.0831146240234375,0.0,0.0,0.0,0.0,0.0,0.0
5,413,15.710576783982106,15.72147267893888,False,-27.03296661376953,-0.47181427478790283,-93.14286041259766,-1.6256495714187622,91.12088012695312,1.5903593301773071,79.25274658203125,1.3832213878631592,87.73626708984375,1.5312867164611816,0.6868131868131868,0.006868131868131868,-0.47721022367477417,-1.621989130973816,1.5375672578811646,1.3729908466339111,1.5281833410263062,-5.463510751724243e-05,-27.342130661010742,-0.477210204545131,-92.9331283569336,-1.6219890740069993,88.09610748291016,1.5375671337675965,78.66658020019531,1.3729908357775882,87.5584487915039,1.5281832193505933,0.0,0.0,True,False,0.005463510751724243,0.0,0.0,0.0,0.0,0.0,0.0,0.0,0.0,0.0,0.0,0.0,0.0,0.0,0.0,0.0
5,414,15.744221157045104,15.755963495001197,False,-26.94505500793457,-0.4702799320220947,-93.14286041259766,-1.6256495714187622,91.03296661376953,1.588824987411499,79.25274658203125,1.3832213878631592,87.73626708984375,1.5312867164611816,0.6868131868131868,0.006868131868131868,-0.4674856662750244,-1.6204895973205566,1.5423245429992676,1.3735467195510864,1.5258007049560547,-0.0016524791717529297,-26.784954071044922,-0.46748563853519304,-92.84720611572266,-1.6204894479971756,88.36868286132812,1.5423244715808595,78.69842529296875,1.3735466374970877,87.42193603515625,1.5258006222813538,0.0,0.0,True,False,0.16524791717529297,0.0,0.0,0.0,0.0,0.0,0.0,0.0,0.0,0.0,0.0,0.0,0.0,0.0,0.0,0.0
5,415,15.77742669195868,15.788964002975263,False,-27.208791732788086,-0.47488299012184143,-92.96703338623047,-1.6225807666778564,90.94505310058594,1.587290644645691,79.16483306884766,1.3816869258880615,87.73626708984375,1.5312867164611816,0.6868131868131868,0.006868131868131868,-0.4737750291824341,-1.6141886711120605,1.54134202003479,1.3749958276748657,1.5258489847183228,-0.0015147402882575989,-27.145307540893555,-0.4737749930550378,-92.48619079589844,-1.6141885420161026,88.31238555908203,1.5413418982966747,78.78145599365234,1.3749957966042543,87.4247055053711,1.5258489586551387,0.0,0.0,True,False,0.1514740288257599,0.0,0.0,0.0,0.0,0.0,0.0,0.0,0.0,0.0,0.0,0.0,0.0,0.0,0.0,0.0
5,416,15.810893525951542,15.821994586964138,False,-27.560440063476562,-0.48102042078971863,-92.96703338623047,-1.6225807666778564,90.94505310058594,1.587290644645691,79.16483306884766,1.3816869258880615,87.73626708984375,1.5312867164611816,0.6868131868131868,0.006868131868131868,-0.4711281657218933,-1.6303099393844604,1.5382286310195923,1.3778564929962158,1.5160924196243286,-0.0002387911081314087,-26.993654251098633,-0.4711281438266353,-93.40987396240234,-1.6303098545168428,88.13400268554688,1.5382285298243177,78.94535827636719,1.377856431089163,86.86569213867188,1.5160923348435789,0.0,0.0,True,False,0.02387911081314087,0.0,0.0,0.0,0.0,0.0,0.0,0.0,0.0,0.0,0.0,0.0,0.0,0.0,0.0,0.0
5,417,15.844338805996813,15.856301623978652,False,-27.47252655029297,-0.47948604822158813,-92.87911987304688,-1.6210464239120483,90.94505310058594,1.587290644645691,79.16483306884766,1.3816869258880615,87.73626708984375,1.5312867164611816,0.6868131868131868,0.006868131868131868,-0.4751547574996948,-1.5752414464950562,1.4419496059417725,1.3835487365722656,1.5322309732437134,-0.001326240599155426,-27.224361419677734,-0.4751547435262942,-90.25468444824219,-1.575241408970348,86.94505310058594,1.5174774449265291,79.27149963378906,1.3835486716030982,87.79035949707031,1.53223082473335,0.0,0.0,True,False,0.1326240599155426,0.0,0.0,0.0,0.0,0.0,0.0,0.0,4.327430725097656,4.327430725097656,0.0,0.0,0.0,0.0,0.0,0.0
5,418,15.87768920394592,15.890529465978034,False,-27.120878219604492,-0.47334861755371094,-92.87911987304688,-1.6210464239120483,90.94505310058594,1.587290644645691,79.16483306884766,1.3816869258880615,87.73626708984375,1.5312867164611816,0.6868131868131868,0.006868131868131868,-0.47610002756118774,-1.5250377655029297,1.3932427167892456,1.3819042444229126,1.5324394702911377,-0.0027222037315368652,-27.278520584106445,-0.47609999926570423,-88.87911987304688,-1.5512332780593925,86.94505310058594,1.5174774449265291,79.17727661132812,1.3819041696299743,87.80230712890625,1.5324393502467033,0.0,0.0,True,False,0.2722203731536865,0.0,0.0,0.0,0.0,1.5009002685546875,1.5009002685546875,0.0,7.118133544921875,7.118133544921875,0.0,0.0,0.0,0.0,0.0,0.0
5,419,15.911264437949285,15.924868084024638,False,-26.94505500793457,-0.4702799320220947,-92.79120635986328,-1.6195120811462402,90.94505310058594,1.587290644645691,79.16483306884766,1.3816869258880615,87.64835357666016,1.5297523736953735,0.6868131868131868,0.006868131868131868,-0.4863024353981018,-1.3433560132980347,1.2220643758773804,1.3893882036209106,1.529786467552185,-0.0018886104226112366,-27.863075256347656,-0.48630240295422966,-88.79120635986328,-1.5496988977973434,86.94505310058594,1.5174774449265291,79.6060791015625,1.3893881849253151,87.65030670166016,1.5297864423268208,0.0,0.0,True,False,0.18886104226112366,0.0,0.0,0.0,0.0,11.822578430175781,11.822578430175781,0.0,16.925926208496094,16.925926208496094,0.0,0.0,0.0,0.0,0.0,0.0
5,420,15.944446278968826,16.106789516983554,False,-26.94505500793457,-0.4702799320220947,-92.52747344970703,-1.614909052848816,90.85713958740234,1.5857561826705933,79.16483306884766,1.3816869258880615,87.73626708984375,1.5312867164611816,0.6868131868131868,0.006868131868131868,-0.4563531279563904,-1.7130213975906372,1.5988073348999023,1.379416823387146,1.521485447883606,0.0009032338857650757,-26.147106170654297,-0.45635309254644385,-96.52747344970703,-1.6847222303287968,91.60490417480469,1.598807188824241,79.03475952148438,1.3794167771718404,87.17469024658203,1.521485369209044,0.09032338857650757,0.0009032338857650757,False,False,0.0,0.0,0.0,0.0,0.0,1.6214141845703125,1.6214141845703125,0.0,0.0,0.0,0.0,0.0,0.0,0.0,0.0,0.0
5,421,16.108315067947842,16.12169449799694,False,-27.824174880981445,-0.48562344908714294,-89.62637329101562,-1.5642752647399902,90.5934066772461,1.5811532735824585,79.16483306884766,1.3816869258880615,87.73626708984375,1.5312867164611816,0.6868131868131868,0.006868131868131868,-0.4590400457382202,-1.6983202695846558,1.5868891477584839,1.37705659866333,1.5254456996917725,-0.0006269216537475586,-26.301055908203125,-0.459040022349252,-93.62637329101562,-1.6340884806295017,90.92204284667969,1.5868890103139184,78.89952850341797,1.3770565506557577,87.40159606933594,1.5254456229080462,0.0,0.0,True,False,0.06269216537475586,0.0,0.0,0.0,0.0,3.680206298828125,3.680206298828125,0.0,0.0,0.0,0.0,0.0,0.0,0.0,0.0,0.0
5,422,16.141836527967826,16.15556636697147,False,-27.648351669311523,-0.48255476355552673,-89.80220031738281,-1.567344069480896,90.5934066772461,1.5811532735824585,79.16483306884766,1.3816869258880615,87.73626708984375,1.5312867164611816,0.6868131868131868,0.006868131868131868,-0.452401340007782,-1.7015955448150635,1.5882446765899658,1.377829909324646,1.5255084037780762,-0.0013042986392974854,-25.920686721801758,-0.4524013276734161,-93.80220031738281,-1.6371572411536,90.99971008300781,1.5882445593087688,78.94383239746094,1.3778297994782622,87.40518951416016,1.5255083403517176,0.0,0.0,True,False,0.13042986392974854,0.0,0.0,0.0,0.0,3.6920394897460938,3.6920394897460938,0.0,0.0,0.0,0.0,0.0,0.0,0.0,0.0,0.0
5,423,16.175110389012843,16.1861123299459,False,-27.47252655029297,-0.47948604822158813,-89.97801971435547,-1.5704126358032227,90.68132019042969,1.5826876163482666,79.16483306884766,1.3816869258880615,87.73626708984375,1.5312867164611816,0.6868131868131868,0.006868131868131868,-0.4547838568687439,-1.6944342851638794,1.5918099880218506,1.3773761987686157,1.516148328781128,-0.002220951020717621,-26.057193756103516,-0.4547838248741146,-93.97801971435547,-1.6402258685196438,91.20398712158203,1.5918098662181124,78.91783905029297,1.3773761299865672,86.868896484375,1.5161482612264707,0.0,0.0,True,False,0.22209510207176208,0.0,0.0,0.0,0.0,3.1059112548828125,3.1059112548828125,0.0,0.0,0.0,0.0,0.0,0.0,0.0,0.0,0.0
5,424,16.208636143011972,16.219421633984894,False,-27.03296661376953,-0.47181427478790283,-91.12088012695312,-1.5903593301773071,91.29669952392578,1.5934280157089233,79.16483306884766,1.3816869258880615,87.73626708984375,1.5312867164611816,0.6868131868131868,0.006868131868131868,-0.45649582147598267,-1.699054479598999,1.5856523513793945,1.3746849298477173,1.5238031148910522,-0.002247147262096405,-26.155282974243164,-0.4564958046913584,-95.12088012695312,-1.660172545610174,90.85118103027344,1.5856522383036855,78.76364135742188,1.3746848725469876,87.30747985839844,1.5238029851476853,0.0,0.0,True,False,0.2247147262096405,0.0,0.0,0.0,0.0,2.2277679443359375,2.2277679443359375,0.0,0.0,0.0,0.0,0.0,0.0,0.0,0.0,0.0
5,425,16.241958110011183,16.25323028699495,False,-26.329669952392578,-0.45953941345214844,-92.35164642333984,-1.6118402481079102,91.47252655029297,1.5964967012405396,79.16483306884766,1.3816869258880615,87.56044006347656,1.5282179117202759,0.6868131868131868,0.006868131868131868,-0.4570218324661255,-1.6819864511489868,1.574932336807251,1.3786680698394775,1.5187468528747559,-0.0015222430229187012,-26.185420989990234,-0.45702181229616273,-96.35164642333984,-1.6816534698046985,90.23696899414062,1.5749322159677897,78.99185943603516,1.3786680294313647,87.01777648925781,1.5187467075020609,0.0,0.0,True,False,0.15222430229187012,0.0,0.0,0.0,0.0,0.019073486328125,0.019073486328125,0.0,0.0,0.0,0.0,0.0,0.0,0.0,0.0,0.0
5,426,16.276716824970208,16.28769112494774,False,-26.153846740722656,-0.4564707279205322,-93.4945068359375,-1.6317869424819946,91.47252655029297,1.5964967012405396,79.16483306884766,1.3816869258880615,87.47252655029297,1.5266835689544678,0.6868131868131868,0.006868131868131868,-0.45721936225891113,-1.6984986066818237,1.583398699760437,1.3789137601852417,1.5177748203277588,-0.001126699149608612,-26.196739196777344,-0.45721935227001936,-97.3167953491211,-1.6984984963316676,90.72206115722656,1.5833986713892605,79.00593566894531,1.3789137060419243,86.96208953857422,1.5177747868622364,0.0,0.0,True,False,0.1126699149608612,0.0,0.0,0.0,0.0,0.0,0.0,0.0,0.0,0.0,0.0,0.0,0.0,0.0,0.0,0.0
5,427,16.30962761095725,16.320135187008418,False,-26.593406677246094,-0.46414250135421753,-93.84615325927734,-1.637924313545227,91.47252655029297,1.5964967012405396,79.16483306884766,1.3816869258880615,87.47252655029297,1.5266835689544678,0.6868131868131868,0.006868131868131868,-0.4551539421081543,-1.703790545463562,1.5826455354690552,1.3765301704406738,1.5246206521987915,-0.0016895383596420288,-26.078397750854492,-0.45515390439709474,-97.62000274658203,-1.7037904637337642,90.67890167236328,1.5826453962749316,78.8693618774414,1.376530043708249,87.35432434082031,1.5246205756023397,0.0,0.0,True,False,0.16895383596420288,0.0,0.0,0.0,0.0,0.0,0.0,0.0,0.0,0.0,0.0,0.0,0.0,0.0,0.0,0.0
5,428,16.344076153007336,16.37544826301746,False,-26.681318283081055,-0.46567684412002563,-94.9011001586914,-1.6563366651535034,91.47252655029297,1.5964967012405396,79.16483306884766,1.3816869258880615,87.47252655029297,1.5266835689544678,0.6868131868131868,0.006868131868131868,-0.45336824655532837,-1.6974481344223022,1.5787602663040161,1.379982352256775,1.5242093801498413,-0.000650651752948761,-25.976085662841797,-0.453368221596683,-97.25660705566406,-1.697448012439686,90.456298828125,1.5787602437186696,79.0671615600586,1.3799822994293187,87.33075714111328,1.524209250371977,0.0,0.0,True,False,0.0650651752948761,0.0,0.0,0.0,0.0,0.0,0.0,0.0,0.0,0.0,0.0,0.0,0.0,0.0,0.0,0.0
5,429,16.37751894700341,16.388355434988625,False,-26.769229888916016,-0.46721118688583374,-95.6043930053711,-1.6686114072799683,91.47252655029297,1.5964967012405396,79.16483306884766,1.3816869258880615,87.47252655029297,1.5266835689544678,0.6868131868131868,0.006868131868131868,-0.45273786783218384,-1.7032238245010376,1.5769639015197754,1.3781658411026,1.5221235752105713,-0.0008241459727287292,-25.93996810913086,-0.4527378513666613,-97.58753204345703,-1.7032237430537953,90.3533706665039,1.5769638084053565,78.96308135986328,1.3781657572497756,87.21125030517578,1.522123462606227,0.0,0.0,True,False,0.08241459727287292,0.0,0.0,0.0,0.0,0.0,0.0,0.0,0.0,0.0,0.0,0.0,0.0,0.0,0.0,0.0
5,430,16.410970626980998,16.421614113030955,False,-26.769229888916016,-0.46721118688583374,-95.86813354492188,-1.6732145547866821,91.47252655029297,1.5964967012405396,79.16483306884766,1.3816869258880615,87.47252655029297,1.5266835689544678,0.6868131868131868,0.006868131868131868,-0.452688992023468,-1.6958884000778198,1.5694078207015991,1.3755747079849243,1.5232282876968384,-0.0017208904027938843,-25.93716812133789,-0.4526889823606583,-97.16724395751953,-1.695888332147281,89.92044067382812,1.5694077546025293,78.81462097167969,1.375574634667183,87.27454376220703,1.5232281418263918,0.0,0.0,True,False,0.17208904027938843,0.0,0.0,0.0,0.0,0.0,0.0,0.0,0.0,0.0,0.0,0.0,0.0,0.0,0.0,0.0
5,431,16.444513930939138,16.456096302950755,False,-26.681318283081055,-0.46567684412002563,-95.95604705810547,-1.6747488975524902,91.47252655029297,1.5964967012405396,79.16483306884766,1.3816869258880615,87.47252655029297,1.5266835689544678,0.6868131868131868,0.006868131868131868,-0.4490392208099365,-1.7071963548660278,1.5799356698989868,1.3765257596969604,1.5259780883789062,0.0005875751376152039,-25.728050231933594,-0.44903918666573195,-97.81513977050781,-1.707196247293812,90.52364349365234,1.579935629865776,78.86911010742188,1.3765256494924503,87.43209838867188,1.5259779888099532,0.058757513761520386,0.0005875751376152039,False,False,0.0,0.0,0.0,0.0,0.0,0.0,0.0,0.0,0.0,0.0,0.0,0.0,0.0,0.0,0.0,0.0
5,432,16.477840643026866,16.488412925973535,False,-26.505495071411133,-0.4626081585884094,-96.04395294189453,-1.6762832403182983,91.47252655029297,1.5964967012405396,79.16483306884766,1.3816869258880615,87.47252655029297,1.5266835689544678,0.6868131868131868,0.006868131868131868,-0.4489220380783081,-1.6911811828613281,1.5744576454162598,1.377806305885315,1.5221432447433472,0.0003592297434806824,-25.721336364746094,-0.44892200757776846,-96.89753723144531,-1.6911810617625114,90.20977020263672,1.574457507503483,78.9424819946289,1.377806230502615,87.2123794555664,1.5221431699982935,0.03592297434806824,0.0003592297434806824,False,False,0.0,0.0,0.0,0.0,0.0,0.0,0.0,0.0,0.0,0.0,0.0,0.0,0.0,0.0,0.0,0.0
5,433,16.511263267020695,16.522197406971827,False,-26.329669952392578,-0.45953941345214844,-96.21977996826172,-1.6793519258499146,91.47252655029297,1.5964967012405396,79.16483306884766,1.3816869258880615,87.47252655029297,1.5266835689544678,0.6868131868131868,0.006868131868131868,-0.4569769501686096,-1.6887900829315186,1.5738193988800049,1.3752115964889526,1.5186105966567993,-0.0014034807682037354,-26.182849884033203,-0.4569769380317949,-96.76053619384766,-1.6887899425777837,90.17320251464844,1.5738192809482456,78.79381561279297,1.3752115126525508,87.00997161865234,1.5186104868123034,0.0,0.0,True,False,0.14034807682037354,0.0,0.0,0.0,0.0,0.0,0.0,0.0,0.0,0.0,0.0,0.0,0.0,0.0,0.0,0.0
5,434,16.54506836202927,16.55571628897451,False,-26.241758346557617,-0.45800507068634033,-96.30769348144531,-1.6808863878250122,91.47252655029297,1.5964967012405396,79.07691955566406,1.3801525831222534,87.47252655029297,1.5266835689544678,0.6868131868131868,0.006868131868131868,-0.45030564069747925,-1.7198339700698853,1.5826983451843262,1.3750730752944946,1.521085262298584,0.00047963857650756836,-25.80061149597168,-0.4503056196326055,-98.53922271728516,-1.7198338787726195,90.68193054199219,1.5826982600225696,78.78588104248047,1.3750730282758667,87.15176391601562,1.5210852292552595,0.047963857650756836,0.00047963857650756836,False,False,0.0,0.0,0.0,0.0,0.0,0.0,0.0,0.0,0.0,0.0,0.0,0.0,0.0,0.0,0.0,0.0
5,435,16.578289858996868,16.588861710974015,False,-26.241758346557617,-0.45800507068634033,-96.30769348144531,-1.6808863878250122,91.47252655029297,1.5964967012405396,79.07691955566406,1.3801525831222534,87.47252655029297,1.5266835689544678,0.6868131868131868,0.006868131868131868,-0.45072877407073975,-1.6795960664749146,1.5739165544509888,1.3753865957260132,1.5229735374450684,-0.0002558380365371704,-25.82485580444336,-0.4507287626403055,-96.23375701904297,-1.6795959115465033,90.17877197265625,1.5739164863280335,78.80384063720703,1.375386482336169,87.25994873046875,1.5229734104681256,0.0,0.0,True,False,0.02558380365371704,0.0,0.0,0.0,0.0,0.0,0.0,0.0,0.0,0.0,0.0,0.0,0.0,0.0,0.0,0.0
5,436,16.611738629988395,16.622409255011007,False,-26.241758346557617,-0.45800507068634033,-96.48351287841797,-1.6839549541473389,91.47252655029297,1.5964967012405396,79.07691955566406,1.3801525831222534,87.47252655029297,1.5266835689544678,0.6868131868131868,0.006868131868131868,-0.4568321704864502,-1.6782504320144653,1.5697839260101318,1.374433159828186,1.5224316120147705,-0.0005060359835624695,-26.1745548248291,-0.45683216193703546,-96.15666198730469,-1.6782503494057408,89.94198608398438,1.5697837929484484,78.74921417236328,1.3744330706659207,87.2289047241211,1.522431590344349,0.0,0.0,True,False,0.05060359835624695,0.0,0.0,0.0,0.0,0.0,0.0,0.0,0.0,0.0,0.0,0.0,0.0,0.0,0.0,0.0
5,437,16.64500630600378,16.6558845420368,False,-26.241758346557617,-0.45800507068634033,-96.92308044433594,-1.6916269063949585,91.47252655029297,1.5964967012405396,79.07691955566406,1.3801525831222534,87.47252655029297,1.5266835689544678,0.6868131868131868,0.006868131868131868,-0.4536151885986328,-1.6753802299499512,1.5626975297927856,1.3735966682434082,1.522316336631775,-0.0012831315398216248,-25.990234375,-0.4536151632087606,-95.9922103881836,-1.675380127540908,89.53596496582031,1.5626973876038566,78.70128631591797,1.3735965717675267,87.22229766845703,1.5223162754691486,0.0,0.0,True,False,0.12831315398216248,0.0,0.0,0.0,0.0,0.0,0.0,0.0,0.0,0.0,0.0,0.0,0.0,0.0,0.0,0.0
5,438,16.678480459959246,16.68906550994143,False,-26.241758346557617,-0.45800507068634033,-96.92308044433594,-1.6916269063949585,91.47252655029297,1.5964967012405396,79.07691955566406,1.3801525831222534,87.47252655029297,1.5266835689544678,0.6868131868131868,0.006868131868131868,-0.45629847049713135,-1.6163833141326904,1.420884132385254,1.3841710090637207,1.5294709205627441,2.372264862060547e-05,-26.14397430419922,-0.45629843116506996,-92.92308044433594,-1.6218137048492176,87.47252655029297,1.5266835933407696,79.3071517944336,1.3841709191917952,87.6322250366211,1.5294708577376466,0.002372264862060547,2.372264862060547e-05,False,False,0.0,0.0,0.0,0.0,0.0,0.3111419677734375,0.3111419677734375,0.0,6.061866760253906,6.061866760253906,0.0,0.0,0.0,0.0,0.0,0.0
5,439,16.71197457704693,16.722470424021594,False,-26.241758346557617,-0.45800507068634033,-96.57142639160156,-1.685489296913147,91.47252655029297,1.5964967012405396,79.07691955566406,1.3801525831222534,87.47252655029297,1.5266835689544678,0.6868131868131868,0.006868131868131868,-0.46885794401168823,-1.5430048704147339,1.2794382572174072,1.3852373361587524,1.539281964302063,-0.0006976574659347534,-26.86358070373535,-0.4688579321553973,-92.57142639160156,-1.615676183801021,87.47252655029297,1.5266835933407696,79.36824798583984,1.385237248892263,88.1943588256836,1.5392819431934985,0.0,0.0,True,False,0.06976574659347534,0.0,0.0,0.0,0.0,4.163764953613281,4.163764953613281,0.0,14.166114807128906,14.166114807128906,0.0,0.0,0.0,0.0,0.0,0.0
5,440,16.74575739703141,16.756156055955216,False,-26.241758346557617,-0.45800507068634033,-96.21977996826172,-1.6793519258499146,91.29669952392578,1.5934280157089233,79.07691955566406,1.3801525831222534,87.47252655029297,1.5266835689544678,0.6868131868131868,0.006868131868131868,-0.4710350036621094,-1.4452605247497559,1.1726161241531372,1.3860846757888794,1.5302315950393677,-0.00148831307888031,-26.98831558227539,-0.47103496647799614,-92.21977996826172,-1.609538795910879,87.29669952392578,1.5236148328166712,79.41679382324219,1.3860845335930718,87.6758041381836,1.530231456544973,0.0,0.0,True,False,0.148831307888031,0.0,0.0,0.0,0.0,9.412452697753906,9.412452697753906,0.0,20.110748291015625,20.110748291015625,0.0,0.0,0.0,0.0,0.0,0.0
5,441,16.77898797101807,16.789421036024578,False,-26.241758346557617,-0.45800507068634033,-95.16483306884766,-1.6609396934509277,90.94505310058594,1.587290644645691,79.16483306884766,1.3816869258880615,87.47252655029297,1.5266835689544678,0.6868131868131868,0.006868131868131868,-0.4792183041572571,-1.3338873386383057,1.1112205982208252,1.3896607160568237,1.5336027145385742,-0.0013972818851470947,-27.457183837890625,-0.4792182612965644,-91.16483306884766,-1.591126499082398,86.94505310058594,1.5174774449265291,79.62168884277344,1.3896606263048301,87.86895751953125,1.53360261901085,0.0,0.0,True,False,0.13972818851470947,0.0,0.0,0.0,0.0,14.738723754882812,14.738723754882812,0.0,23.276805877685547,23.276805877685547,0.0,0.0,0.0,0.0,0.0,0.0
5,442,16.81235772196669,16.822912964969873,False,-26.241758346557617,-0.45800507068634033,-94.37362670898438,-1.6471304893493652,90.85713958740234,1.5857561826705933,79.16483306884766,1.3816869258880615,87.47252655029297,1.5266835689544678,0.6868131868131868,0.006868131868131868,-0.48962390422821045,-1.26144278049469,1.0364742279052734,1.3885186910629272,1.5244003534317017,-0.0009647458791732788,-28.053380966186523,-0.48962386417626286,-90.37362670898438,-1.5773173430400647,86.85713958740234,1.51594306466448,79.55625915527344,1.3885186628294042,87.34170532226562,1.5244003321801902,0.0,0.0,True,False,0.09647458791732788,0.0,0.0,0.0,0.0,18.098281860351562,18.098281860351562,0.0,27.471542358398438,27.471542358398438,0.0,0.0,0.0,0.0,0.0,0.0
5,443,16.845693049952388,16.85643256898038,False,-26.593406677246094,-0.46414250135421753,-93.5824203491211,-1.6333212852478027,90.85713958740234,1.5857561826705933,79.16483306884766,1.3816869258880615,87.47252655029297,1.5266835689544678,0.6868131868131868,0.006868131868131868,-0.49184709787368774,-1.2009025812149048,0.9925097227096558,1.3910562992095947,1.5251184701919556,-0.0013340413570404053,-28.180761337280273,-0.491847071054261,-89.5824203491211,-1.5635081869977312,86.85713958740234,1.51594306466448,79.70165252685547,1.3910562558740862,87.38284301757812,1.5251183204100756,0.0,0.0,True,False,0.13340413570404053,0.0,0.0,0.0,0.0,20.775772094726562,20.775772094726562,0.0,29.990524291992188,29.990524291992188,0.0,0.0,0.0,0.0,0.0,0.0
5,444,16.879450873006135,16.890119154937565,False,-27.384614944458008,-0.47795170545578003,-92.61538696289062,-1.616443395614624,90.68132019042969,1.5826876163482666,79.16483306884766,1.3816869258880615,87.47252655029297,1.5266835689544678,0.6868131868131868,0.006868131868131868,-0.48820292949676514,-1.0946362018585205,0.9298034906387329,1.3910237550735474,1.5261791944503784,-0.00031329691410064697,-27.971965789794922,-0.48820290128713745,-88.61538696289062,-1.5466302704312995,86.68132019042969,1.5128744372984362,79.69978332519531,1.3910236321507328,87.44361877441406,1.526179057472254,0.0,0.0,True,False,0.0313296914100647,0.0,0.0,0.0,0.0,25.897354125976562,25.897354125976562,0.0,33.407508850097656,33.407508850097656,0.0,0.0,0.0,0.0,0.0,0.0
5,445,16.912588416947983,16.923225724021904,False,-27.91208839416504,-0.4871578514575958,-91.82417297363281,-1.6026341915130615,90.5934066772461,1.5811532735824585,79.16483306884766,1.3816869258880615,87.47252655029297,1.5266835689544678,0.6868131868131868,0.006868131868131868,-0.49052029848098755,-1.0580178499221802,0.9071602821350098,1.3859180212020874,1.5266002416610718,-0.0010999590158462524,-28.1047420501709,-0.49052028419918353,-87.82417297363281,-1.5328209812309117,86.5934066772461,1.511340057036387,79.4072494506836,1.3859179528668872,87.46774291992188,1.5266001032405956,0.0,0.0,True,False,0.10999590158462524,0.0,0.0,0.0,0.0,27.204219818115234,27.204219818115234,0.0,34.6169548034668,34.6169548034668,0.0,0.0,0.0,0.0,0.0,0.0
5,446,16.946264456026256,16.95892195100896,False,-28.0,-0.48869219422340393,-91.03296661376953,-1.588824987411499,90.5934066772461,1.5811532735824585,79.16483306884766,1.3816869258880615,87.56044006347656,1.5282179117202759,0.6868131868131868,0.006868131868131868,-0.4979148507118225,-0.9619919061660767,0.8380810618400574,1.3874975442886353,1.516827940940857,-0.00151737779378891,-28.528417587280273,-0.49791481728189757,-87.03296661376953,-1.5190118251885782,86.5934066772461,1.511340057036387,79.49774932861328,1.3874974737094132,86.9078369140625,1.516827899936659,0.0,0.0,True,False,0.151737779378891,0.0,0.0,0.0,0.0,31.914894104003906,31.914894104003906,0.0,38.57490158081055,38.57490158081055,0.0,0.0,0.0,0.0,0.0,0.0
5,447,16.979698532959446,16.992270817048848,False,-27.560440063476562,-0.48102042078971863,-90.06593322753906,-1.5719470977783203,90.5934066772461,1.5811532735824585,79.16483306884766,1.3816869258880615,87.56044006347656,1.5282179117202759,0.6868131868131868,0.006868131868131868,-0.5068153142929077,-0.8636049032211304,0.772179126739502,1.3895140886306763,1.5183466672897339,-0.0017293915152549744,-29.03837776184082,-0.5068153013820241,-86.06593322753906,-1.5021339086221466,86.5934066772461,1.511340057036387,79.61328887939453,1.3895140192868214,86.9948501586914,1.5183465675482766,0.0,0.0,True,False,0.17293915152549744,0.0,0.0,0.0,0.0,36.585018157958984,36.585018157958984,0.0,42.35080337524414,42.35080337524414,0.0,0.0,0.0,0.0,0.0,0.0
5,448,17.013077297946438,17.02716730395332,False,-27.736263275146484,-0.48408910632133484,-89.27472686767578,-1.5581378936767578,90.5934066772461,1.5811532735824585,79.16483306884766,1.3816869258880615,87.47252655029297,1.5266835689544678,0.6868131868131868,0.006868131868131868,-0.5075474977493286,-0.8029622435569763,0.7255759239196777,1.3892172574996948,1.5080218315124512,-0.0018296018242835999,-29.0803279876709,-0.5075474709447142,-85.27472686767578,-1.4883247525798133,86.5934066772461,1.511340057036387,79.59628295898438,1.389217209983332,86.40328216552734,1.5080217583181483,0.0,0.0,True,False,0.18296018242835999,0.0,0.0,0.0,0.0,39.26838302612305,39.26838302612305,0.0,45.02096939086914,45.02096939086914,0.0,0.0,0.0,0.0,0.0,0.0
5,449,17.046572039020248,17.063189818989486,False,-28.615385055541992,-0.49943268299102783,-88.57142639160156,-1.5458630323410034,90.5934066772461,1.5811532735824585,79.16483306884766,1.3816869258880615,87.73626708984375,1.5312867164611816,0.6868131868131868,0.006868131868131868,-0.5236785411834717,-0.7226232290267944,0.6483396887779236,1.3872456550598145,1.512914776802063,-0.0012525171041488647,-30.004568099975586,-0.5236785039834331,-84.57142639160156,-1.4760498436414746,86.5934066772461,1.511340057036387,79.48331451416016,1.3872455386702918,86.68362426757812,1.5129146510308964,0.0,0.0,True,False,0.12525171041488647,0.0,0.0,0.0,0.0,43.16816711425781,43.16816711425781,0.0,49.44628143310547,49.44628143310547,0.0,0.0,0.0,0.0,0.0,0.0
5,450,17.07975291495677,17.24767154699657,False,-28.96703338623047,-0.505570113658905,-87.69230651855469,-1.5305194854736328,90.5934066772461,1.5811532735824585,78.81318664550781,1.375549554824829,87.73626708984375,1.5312867164611816,0.6868131868131868,0.006868131868131868,-0.4921244978904724,-1.6560040712356567,1.5852590799331665,1.376233696937561,1.5283433198928833,-0.0009496286511421204,-28.1966552734375,-0.49212447257130637,-91.69230651855469,-1.6003326474966384,90.82865142822266,1.5852590225687353,78.85237884521484,1.3762336338789232,87.56761932373047,1.528343275332107,0.0,0.0,True,False,0.09496286511421204,0.0,0.0,0.0,0.0,3.1897354125976562,3.1897354125976562,0.0,0.0,0.0,0.0,0.0,0.0,0.0,0.0,0.0
5,451,17.249140301020816,17.263223352027126,False,-29.318681716918945,-0.5117075443267822,-86.10989379882812,-1.5029011964797974,90.5934066772461,1.5811532735824585,78.54945373535156,1.3709465265274048,87.47252655029297,1.5266835689544678,0.6868131868131868,0.006868131868131868,-0.4794105291366577,-1.6670985221862793,1.581679344177246,1.3718401193618774,1.5263499021530151,-0.001261591911315918,-27.468198776245117,-0.4794105082377545,-90.10989379882812,-1.5727143354119717,90.62354278564453,1.581679201431451,78.60064697265625,1.3718400838705649,87.45339965820312,1.5263497660981282,0.0,0.0,True,False,0.1261591911315918,0.0,0.0,0.0,0.0,5.407814025878906,5.407814025878906,0.0,0.0,0.0,0.0,0.0,0.0,0.0,0.0,0.0
5,452,17.28270139801316,17.29401351197157,False,-29.758241653442383,-0.5193793177604675,-86.02198028564453,-1.5013667345046997,90.5934066772461,1.5811532735824585,78.54945373535156,1.3709465265274048,87.47252655029297,1.5266835689544678,0.6868131868131868,0.006868131868131868,-0.48489564657211304,-1.6744847297668457,1.5749982595443726,1.378269910812378,1.5223051309585571,-0.0012830868363380432,-27.782472610473633,-0.4848956213979089,-90.02198028564453,-1.5711799551499226,90.2407455444336,1.574998129204769,78.96904754638672,1.3782698868483978,87.2216567993164,1.5223050901925703,0.0,0.0,True,False,0.12830868363380432,0.0,0.0,0.0,0.0,5.918922424316406,5.918922424316406,0.0,0.0,0.0,0.0,0.0,0.0,0.0,0.0,0.0
5,453,17.31593407795299,17.326750083011575,False,-29.406593322753906,-0.5132418870925903,-86.37362670898438,-1.5075041055679321,90.5934066772461,1.5811532735824585,78.54945373535156,1.3709465265274048,87.56044006347656,1.5282179117202759,0.6868131868131868,0.006868131868131868,-0.49761295318603516,-1.6414183378219604,1.5526708364486694,1.3764963150024414,1.5263203382492065,-0.0026213452219963074,-28.511119842529297,-0.4976129146828234,-90.37362670898438,-1.5773173430400647,88.96147918701172,1.552670719257763,78.86742401123047,1.376496221562405,87.45170593261719,1.5263202050100282,0.0,0.0,True,False,0.26213452219963074,0.0,0.0,0.0,0.0,3.6727142333984375,3.6727142333984375,0.0,0.0,0.0,0.0,0.0,0.0,0.0,0.0,0.0
5,454,17.349233919987455,17.360143595025875,False,-28.0,-0.48869219422340393,-87.86813354492188,-1.533588171005249,91.20879364013672,1.5918937921524048,78.9011001586914,1.3770840167999268,87.56044006347656,1.5282179117202759,0.6868131868131868,0.006868131868131868,-0.4940226078033447,-1.6421235799789429,1.554254412651062,1.3749808073043823,1.5209382772445679,-0.001307465136051178,-28.305408477783203,-0.4940225740592331,-91.86813354492188,-1.6034014080207366,89.05221557617188,1.5542543679999785,78.78059387207031,1.3749807497440953,87.14334106445312,1.5209382227630872,0.0,0.0,True,False,0.1307465136051178,0.0,0.0,0.0,0.0,2.2186126708984375,2.2186126708984375,0.0,0.0,0.0,0.0,0.0,0.0,0.0,0.0,0.0
5,455,17.382857308955863,17.394521496957168,False,-28.351648330688477,-0.49482959508895874,-88.92308044433594,-1.5520005226135254,91.29669952392578,1.5934280157089233,79.16483306884766,1.3816869258880615,87.03296661376953,1.5190118551254272,0.6868131868131868,0.006868131868131868,-0.49323761463165283,-1.6516551971435547,1.5600905418395996,1.3755704164505005,1.5287903547286987,-0.002112478017807007,-28.26043128967285,-0.4932375740384186,-92.92308044433594,-1.6218137048492176,89.3865966796875,1.560090419212778,78.81437683105469,1.375570373609439,87.59323120117188,1.5287902869210768,0.0,0.0,True,False,0.21124780178070068,0.0,0.0,0.0,0.0,1.7097854614257812,1.7097854614257812,0.0,0.0,0.0,0.0,0.0,0.0,0.0,0.0,0.0
5,456,17.416281188023277,17.42783519893419,False,-28.96703338623047,-0.505570113658905,-89.53845977783203,-1.5627409219741821,91.29669952392578,1.5934280157089233,79.25274658203125,1.3832213878631592,87.56044006347656,1.5282179117202759,0.6868131868131868,0.006868131868131868,-0.4914151430130005,-1.6456060409545898,1.5518978834152222,1.3739807605743408,1.5251832008361816,-0.002691894769668579,-28.1560115814209,-0.49141510632545016,-93.53845977783203,-1.6325541003674526,88.91719055175781,1.5518977367513673,78.72329711914062,1.3739807327547706,87.38655853271484,1.525183168382619,0.0,0.0,True,False,0.2691894769668579,0.0,0.0,0.0,0.0,0.7478179931640625,0.7478179931640625,0.0,0.0,0.0,0.0,0.0,0.0,0.0,0.0,0.0
5,457,17.449454155983403,17.462391088018194,False,-28.08791160583496,-0.49022653698921204,-90.76923370361328,-1.5842219591140747,91.29669952392578,1.5934280157089233,79.25274658203125,1.3832213878631592,87.38461303710938,1.5251492261886597,0.6868131868131868,0.006868131868131868,-0.5044379234313965,-1.6218873262405396,1.5151607990264893,1.3789621591567993,1.520424246788025,-0.002654723823070526,-28.902162551879883,-0.5044378974769104,-92.92729187011719,-1.6218872080953037,87.29669952392578,1.5236148328166712,79.00870513916016,1.3789620424157094,87.11388397216797,1.5204240995146474,0.0,0.0,True,False,0.2654723823070526,0.0,0.0,0.0,0.0,0.0,0.0,0.0,0.48438262939453125,0.48438262939453125,0.0,0.0,0.0,0.0,0.0,0.0
5,458,17.482917019049637,17.493870713049546,False,-28.0,-0.48869219422340393,-91.38461303710938,-1.5949623584747314,91.29669952392578,1.5934280157089233,79.34066009521484,1.3847557306289673,87.03296661376953,1.5190118551254272,0.6868131868131868,0.006868131868131868,-0.5027946829795837,-1.6150246858596802,1.5173633098602295,1.3769577741622925,1.5185174942016602,-0.0018032193183898926,-28.808012008666992,-0.5027946605053042,-92.53409576416016,-1.615024641440333,87.29669952392578,1.5236148328166712,78.89386749267578,1.3769577473793158,87.004638671875,1.5185174093322051,0.0,0.0,True,False,0.18032193183898926,0.0,0.0,0.0,0.0,0.0,0.0,0.0,0.35819244384765625,0.35819244384765625,0.0,0.0,0.0,0.0,0.0,0.0
5,459,17.516366478987038,17.527372556971386,False,-28.879121780395508,-0.5040357708930969,-92.17582702636719,-1.6087716817855835,91.29669952392578,1.5934280157089233,79.34066009521484,1.3847557306289673,87.29669952392578,1.523614764213562,0.6868131868131868,0.006868131868131868,-0.49822479486465454,-1.596158742904663,1.4975477457046509,1.3756214380264282,1.5294253826141357,-0.0014917925000190735,-28.54617691040039,-0.49822477594326914,-91.45315551757812,-1.5961586751201573,87.29669952392578,1.5236148328166712,78.81729888916016,1.3756213731443139,87.6296157836914,1.5294253176830062,0.0,0.0,True,False,0.14917925000190735,0.0,0.0,0.0,0.0,0.0,0.0,0.0,1.4935379028320312,1.4935379028320312,0.0,0.0,0.0,0.0,0.0,0.0
5,460,17.550403948989697,17.56123279593885,False,-28.879121780395508,-0.5040357708930969,-92.43955993652344,-1.6133747100830078,91.03296661376953,1.588824987411499,79.34066009521484,1.3847557306289673,87.38461303710938,1.5251492261886597,0.6868131868131868,0.006868131868131868,-0.49171900749206543,-1.638809323310852,1.5446456670761108,1.3716264963150024,1.5189018249511719,-0.002594180405139923,-28.17342185974121,-0.49171897300582823,-93.8968505859375,-1.6388091999777763,88.50167083740234,1.544645549628918,78.5884017944336,1.371626365193086,87.02665710449219,1.5189017034775036,0.0,0.0,True,False,0.2594180405139923,0.0,0.0,0.0,0.0,0.0,0.0,0.0,0.0,0.0,0.0,0.0,0.0,0.0,0.0,0.0
5,461,17.58408335899003,17.5952124169562,False,-28.351648330688477,-0.49482959508895874,-92.52747344970703,-1.614909052848816,90.94505310058594,1.587290644645691,79.34066009521484,1.3847557306289673,87.03296661376953,1.5190118551254272,0.6868131868131868,0.006868131868131868,-0.49478042125701904,-1.6343283653259277,1.5478451251983643,1.3722137212753296,1.5150954723358154,-0.0035434216260910034,-28.34882926940918,-0.4947804098369288,-93.6401138305664,-1.6343282982856633,88.68498992919922,1.5478450713625391,78.6220474243164,1.3722135922134486,86.8085708618164,1.5150953804895078,0.0,0.0,True,False,0.35434216260910034,0.0,0.0,0.0,0.0,0.0,0.0,0.0,0.0,0.0,0.0,0.0,0.0,0.0,0.0,0.0
5,462,17.617073670960963,17.62802445597481,False,-28.263736724853516,-0.49329525232315063,-92.35164642333984,-1.6118402481079102,90.94505310058594,1.587290644645691,79.34066009521484,1.3847557306289673,87.03296661376953,1.5190118551254272,0.6868131868131868,0.006868131868131868,-0.48572003841400146,-1.6393182277679443,1.5419204235076904,1.3704330921173096,1.5235514640808105,-0.001453109085559845,-27.8297061920166,-0.48572000291334294,-93.92601013183594,-1.6393181300620903,88.34552764892578,1.54192033688544,78.52002716064453,1.3704330027086216,87.29306030273438,1.5235513164246728,0.0,0.0,True,False,0.1453109085559845,0.0,0.0,0.0,0.0,0.0,0.0,0.0,0.0,0.0,0.0,0.0,0.0,0.0,0.0,0.0
5,463,17.650609795935452,17.661554327001795,False,-28.351648330688477,-0.49482959508895874,-92.35164642333984,-1.6118402481079102,90.94505310058594,1.587290644645691,79.34066009521484,1.3847557306289673,87.03296661376953,1.5190118551254272,0.6868131868131868,0.006868131868131868,-0.48993372917175293,-1.6366084814071655,1.5542192459106445,1.3699926137924194,1.5181312561035156,-0.0017494633793830872,-28.07113265991211,-0.48993368967957995,-93.770751953125,-1.6366083636529347,89.05020141601562,1.5542192142735893,78.49478912353516,1.3699925158643225,86.98250579833984,1.5181311178160892,0.0,0.0,True,False,0.17494633793830872,0.0,0.0,0.0,0.0,0.0,0.0,0.0,0.0,0.0,0.0,0.0,0.0,0.0,0.0,0.0
5,464,17.684249059995636,17.694919278030284,False,-28.439559936523438,-0.49636396765708923,-93.05494689941406,-1.624115228652954,90.94505310058594,1.587290644645691,79.34066009521484,1.3847557306289673,87.03296661376953,1.5190118551254272,0.6868131868131868,0.006868131868131868,-0.48453885316848755,-1.664918065071106,1.544912338256836,1.37517511844635,1.5205953121185303,-0.0014463141560554504,-27.76202964782715,-0.4845388243908656,-95.39277648925781,-1.664918032356586,88.51695251464844,1.5449122652120895,78.7917251586914,1.3751750273456167,87.12368774414062,1.520595207614685,0.0,0.0,True,False,0.14463141560554504,0.0,0.0,0.0,0.0,0.0,0.0,0.0,0.0,0.0,0.0,0.0,0.0,0.0,0.0,0.0
5,465,17.717701487010345,17.72827239194885,False,-28.52747344970703,-0.4978983402252197,-93.75823974609375,-1.636389970779419,90.94505310058594,1.587290644645691,79.34066009521484,1.3847557306289673,87.03296661376953,1.5190118551254272,0.6868131868131868,0.006868131868131868,-0.4864845871925354,-1.6629546880722046,1.5412439107894897,1.3729329109191895,1.5148626565933228,-0.0021309703588485718,-27.873512268066406,-0.4864845631727911,-95.28028106689453,-1.6629546168429252,88.3067626953125,1.5412437608105054,78.66325378417969,1.3729327788658245,86.79523468017578,1.5148626202102349,0.0,0.0,True,False,0.21309703588485718,0.0,0.0,0.0,0.0,0.0,0.0,0.0,0.0,0.0,0.0,0.0,0.0,0.0,0.0,0.0
5,466,17.751394712016918,17.762082983041182,False,-28.439559936523438,-0.49636396765708923,-93.75823974609375,-1.636389970779419,90.94505310058594,1.587290644645691,79.34066009521484,1.3847557306289673,87.03296661376953,1.5190118551254272,0.6868131868131868,0.006868131868131868,-0.473842978477478,-1.6623175144195557,1.5203272104263306,1.3799160718917847,1.5137825012207031,-0.002328142523765564,-27.149200439453125,-0.47384293695234847,-95.2437744140625,-1.6623174555521236,87.10832977294922,1.5203271604509685,79.06336212158203,1.3799159867181758,86.73334503173828,1.5137824420720987,0.0,0.0,True,False,0.2328142523765564,0.0,0.0,0.0,0.0,0.0,0.0,0.0,0.0,0.0,0.0,0.0,0.0,0.0,0.0,0.0
5,467,17.78510146494955,17.795559859019704,False,-28.175825119018555,-0.49176090955734253,-93.84615325927734,-1.637924313545227,90.94505310058594,1.587290644645691,79.34066009521484,1.3847557306289673,87.03296661376953,1.5190118551254272,0.6868131868131868,0.006868131868131868,-0.4706111550331116,-1.6498702764511108,1.5409036874771118,1.3733396530151367,1.5152513980865479,-0.0015213415026664734,-26.964031219482422,-0.47061112439051006,-94.53060150146484,-1.6498702400912568,88.28726959228516,1.5409035419812476,78.68656158447266,1.373339576722334,86.8175048828125,1.515251308571332,0.0,0.0,True,False,0.15213415026664734,0.0,0.0,0.0,0.0,0.0,0.0,0.0,0.0,0.0,0.0,0.0,0.0,0.0,0.0,0.0
5,468,17.818407353013754,17.830249098013155,False,-28.0,-0.48869219422340393,-94.19779968261719,-1.6440616846084595,90.94505310058594,1.587290644645691,79.34066009521484,1.3847557306289673,87.03296661376953,1.5190118551254272,0.6868131868131868,0.006868131868131868,-0.4891014099121094,-1.6022940874099731,1.486584186553955,1.3782294988632202,1.5240328311920166,-0.0010595768690109253,-28.02344512939453,-0.48910138525990293,-91.8046875,-1.6022940656394817,86.94505310058594,1.5174774449265291,78.96672821044922,1.3782294067998286,87.32064056396484,1.5240326827917048,0.0,0.0,True,False,0.10595768690109253,0.0,0.0,0.0,0.0,0.0,0.0,0.0,1.7700576782226562,1.7700576782226562,0.0,0.0,0.0,0.0,0.0,0.0
5,469,17.851952060940675,17.86592956399545,False,-27.824174880981445,-0.48562344908714294,-94.28571319580078,-1.6455961465835571,90.94505310058594,1.587290644645691,79.34066009521484,1.3847557306289673,87.03296661376953,1.5190118551254272,0.6868131868131868,0.006868131868131868,-0.477191686630249,-1.6582257747650146,1.5221409797668457,1.376438021659851,1.5105669498443604,-0.0016206130385398865,-27.341068267822266,-0.4771916622860413,-95.00933074951172,-1.6582256416952714,87.21224975585938,1.522140906311367,78.86408233642578,1.3764378983345322,86.54910278320312,1.5105668082138826,0.0,0.0,True,False,0.16206130385398865,0.0,0.0,0.0,0.0,0.0,0.0,0.0,0.0,0.0,0.0,0.0,0.0,0.0,0.0,0.0
5,470,17.885979844955727,17.897461715037934,False,-27.560440063476562,-0.48102042078971863,-94.19779968261719,-1.6440616846084595,90.94505310058594,1.587290644645691,79.34066009521484,1.3847557306289673,87.03296661376953,1.5190118551254272,0.6868131868131868,0.006868131868131868,-0.4935755729675293,-1.6140409708023071,1.503851294517517,1.377454161643982,1.5170644521713257,-0.002203017473220825,-28.279796600341797,-0.4935755624702633,-92.47772979736328,-1.6140408697336577,86.94505310058594,1.5174774449265291,78.92230224609375,1.377454027448452,86.92138671875,1.5170643886414579,0.0,0.0,True,False,0.22030174732208252,0.0,0.0,0.0,0.0,0.0,0.0,0.0,0.7807235717773438,0.7807235717773438,0.0,0.0,0.0,0.0,0.0,0.0
5,471,17.919371098047122,17.932428770000115,False,-27.47252655029297,-0.47948604822158813,-93.93406677246094,-1.6394587755203247,90.94505310058594,1.587290644645691,79.34066009521484,1.3847557306289673,87.03296661376953,1.5190118551254272,0.6868131868131868,0.006868131868131868,-0.47210848331451416,-1.6676483154296875,1.5347260236740112,1.3781887292861938,1.5143072605133057,0.00015479326248168945,-27.049821853637695,-0.47210845342389346,-95.54920196533203,-1.6676481719480807,87.93331909179688,1.5347259403586453,78.96439361572266,1.3781886604351503,86.76341247558594,1.5143072179648989,0.015479326248168945,0.00015479326248168945,False,False,0.0,0.0,0.0,0.0,0.0,0.0,0.0,0.0,0.0,0.0,0.0,0.0,0.0,0.0,0.0,0.0
5,472,17.952562605030835,17.96557986899279,False,-27.560440063476562,-0.48102042078971863,-93.5824203491211,-1.6333212852478027,90.94505310058594,1.587290644645691,79.34066009521484,1.3847557306289673,87.03296661376953,1.5190118551254272,0.6868131868131868,0.006868131868131868,-0.48221689462661743,-1.6449164152145386,1.5403376817703247,1.3742080926895142,1.5099455118179321,-0.0008073672652244568,-27.628992080688477,-0.4822168808154527,-94.24676513671875,-1.6449163609895459,88.25484466552734,1.5403376202496057,78.73632049560547,1.374208033553809,86.51350402832031,1.509945492731567,0.0,0.0,True,False,0.08073672652244568,0.0,0.0,0.0,0.0,0.0,0.0,0.0,0.0,0.0,0.0,0.0,0.0,0.0,0.0,0.0
5,473,17.98651809396688,17.99986647500191,False,-27.736263275146484,-0.48408910632133484,-93.14286041259766,-1.6256495714187622,90.94505310058594,1.587290644645691,79.34066009521484,1.3847557306289673,87.03296661376953,1.5190118551254272,0.6868131868131868,0.006868131868131868,-0.47648805379867554,-1.651216983795166,1.5477360486984253,1.3716554641723633,1.5127952098846436,-0.0016219839453697205,-27.300752639770508,-0.4764880218365288,-94.60775756835938,-1.6512168674964554,88.67874145507812,1.5477360149159005,78.5900650024414,1.371655393648968,86.67677307128906,1.5127950750979517,0.0,0.0,True,False,0.16219839453697205,0.0,0.0,0.0,0.0,0.0,0.0,0.0,0.0,0.0,0.0,0.0,0.0,0.0,0.0,0.0
5,474,18.019640714977868,18.031250483938493,False,-27.91208839416504,-0.4871578514575958,-93.84615325927734,-1.637924313545227,90.94505310058594,1.587290644645691,79.34066009521484,1.3847557306289673,87.03296661376953,1.5190118551254272,0.6868131868131868,0.006868131868131868,-0.48394131660461426,-1.6387574672698975,1.5371215343475342,1.371990442276001,1.5118074417114258,-0.001940205693244934,-27.727792739868164,-0.48394127762127903,-93.89388275146484,-1.6387574014945743,88.07057189941406,1.5371214537591718,78.60926055908203,1.3719904193141,86.62017822265625,1.5118073086496415,0.0,0.0,True,False,0.1940205693244934,0.0,0.0,0.0,0.0,0.0,0.0,0.0,0.0,0.0,0.0,0.0,0.0,0.0,0.0,0.0
5,475,18.05334037798457,18.06403719994705,False,-27.91208839416504,-0.4871578514575958,-94.19779968261719,-1.6440616846084595,90.94505310058594,1.587290644645691,79.34066009521484,1.3847557306289673,87.03296661376953,1.5190118551254272,0.6868131868131868,0.006868131868131868,-0.4818461537361145,-1.6305615901947021,1.5359896421432495,1.3729676008224487,1.5054419040679932,-0.0011848807334899902,-27.607749938964844,-0.48184613550220007,-93.4242935180664,-1.6305615232398554,88.00572204589844,1.5359896102958879,78.66524505615234,1.37296753311805,86.25546264648438,1.505441821012134,0.0,0.0,True,False,0.11848807334899902,0.0,0.0,0.0,0.0,0.0,0.0,0.0,0.0,0.0,0.0,0.0,0.0,0.0,0.0,0.0
5,476,18.086801394005306,18.097823888994753,False,-27.91208839416504,-0.4871578514575958,-94.37362670898438,-1.6471304893493652,90.94505310058594,1.587290644645691,79.34066009521484,1.3847557306289673,87.03296661376953,1.5190118551254272,0.6868131868131868,0.006868131868131868,-0.483969509601593,-1.6383259296417236,1.5178523063659668,1.3736498355865479,1.512463092803955,-0.0007960274815559387,-27.729408264160156,-0.48396947383932026,-93.86915588378906,-1.638325836239927,86.9665298461914,1.5178522848499578,78.70433044433594,1.3736497018312739,86.65774536132812,1.512462978910019,0.0,0.0,True,False,0.07960274815559387,0.0,0.0,0.0,0.0,0.0,0.0,0.0,0.0,0.0,0.0,0.0,0.0,0.0,0.0,0.0
5,477,18.12014138395898,18.13105887302663,False,-27.824174880981445,-0.48562344908714294,-93.93406677246094,-1.6394587755203247,90.94505310058594,1.587290644645691,79.34066009521484,1.3847557306289673,87.03296661376953,1.5190118551254272,0.6868131868131868,0.006868131868131868,-0.4937970042228699,-1.6115434169769287,1.517950415611267,1.3753219842910767,1.5028233528137207,-0.002093896269798279,-28.292482376098633,-0.4937969710253898,-92.33463287353516,-1.6115433572633815,86.9721450805664,1.5179502891780727,78.80014038085938,1.3753219006797346,86.10543060302734,1.5028232678703137,0.0,0.0,True,False,0.20938962697982788,0.0,0.0,0.0,0.0,0.0,0.0,0.0,0.0,0.0,0.0,0.0,0.0,0.0,0.0,0.0
5,478,18.153654303983785,18.1649670379702,False,-27.736263275146484,-0.48408910632133484,-93.93406677246094,-1.6394587755203247,90.85713958740234,1.5857561826705933,79.34066009521484,1.3847557306289673,87.03296661376953,1.5190118551254272,0.6868131868131868,0.006868131868131868,-0.5073968172073364,-1.5582610368728638,1.4456663131713867,1.3762340545654297,1.5186753273010254,-0.0015428289771080017,-29.07169532775879,-0.5073968026060429,-89.93406677246094,-1.5696455748878733,86.85713958740234,1.51594306466448,78.85240173339844,1.3762340333530867,87.01367950439453,1.5186752016267924,0.0,0.0,True,False,0.15428289771080017,0.0,0.0,0.0,0.0,0.6522903442382812,0.6522903442382812,0.0,4.0265655517578125,4.0265655517578125,0.0,0.0,0.0,0.0,0.0,0.0
5,479,18.18758245394565,18.200360346934758,False,-27.648351669311523,-0.48255476355552673,-93.93406677246094,-1.6394587755203247,90.68132019042969,1.5826876163482666,79.34066009521484,1.3847557306289673,87.03296661376953,1.5190118551254272,0.6868131868131868,0.006868131868131868,-0.5077789425849915,-1.5449614524841309,1.4011952877044678,1.3777754306793213,1.511681318283081,-0.0012245029211044312,-29.09358787536621,-0.507778899643442,-89.93406677246094,-1.5696455748878733,86.68132019042969,1.5128744372984362,78.94071197509766,1.37777533783397,86.61295318603516,1.5116812079720263,0.0,0.0,True,False,0.12245029211044312,0.0,0.0,0.0,0.0,1.4142990112304688,1.4142990112304688,0.0,6.398750305175781,6.398750305175781,0.0,0.0,0.0,0.0,0.0,0.0
5,480,18.221772762015462,18.387130814022385,False,-28.08791160583496,-0.49022653698921204,-93.4065933227539,-1.6302525997161865,90.5934066772461,1.5811532735824585,79.34066009521484,1.3847557306289673,86.94505310058594,1.5174773931503296,0.6868131868131868,0.006868131868131868,-0.4842669367790222,-1.7070640325546265,1.5732173919677734,1.3791093826293945,1.5105514526367188,0.0009092986583709717,-27.746450424194336,-0.4842669156435685,-97.4065933227539,-1.7000657666331793,90.13871002197266,1.5732172733838332,79.01714324951172,1.3791093152239908,86.5482177734375,1.51055136187956,0.09092986583709717,0.0009092986583709717,False,False,0.0,0.0,0.0,0.0,0.0,0.40096282958984375,0.40096282958984375,0.0,0.0,0.0,0.0,0.0,0.0,0.0,0.0,0.0
5,481,18.388674921938218,18.40036497800611,False,-29.05494499206543,-0.5071044564247131,-91.12088012695312,-1.5903593301773071,90.5934066772461,1.5811532735824585,79.34066009521484,1.3847557306289673,87.03296661376953,1.5190118551254272,0.6868131868131868,0.006868131868131868,-0.47283345460891724,-1.7093607187271118,1.5928125381469727,1.377817153930664,1.50835120677948,-0.0008066818118095398,-27.091360092163086,-0.4728334324516403,-95.12088012695312,-1.660172545610174,91.26142883300781,1.5928124132104726,78.94309997558594,1.3778170163050298,86.42214965820312,1.5083510581869366,0.0,0.0,True,False,0.08066818118095398,0.0,0.0,0.0,0.0,2.818267822265625,2.818267822265625,0.0,0.0,0.0,0.0,0.0,0.0,0.0,0.0,0.0
5,482,18.42212106497027,18.4345622130204,False,-29.318681716918945,-0.5117075443267822,-90.94505310058594,-1.587290644645691,90.5934066772461,1.5811532735824585,79.34066009521484,1.3847557306289673,87.03296661376953,1.5190118551254272,0.6868131868131868,0.006868131868131868,-0.4704369902610779,-1.7049100399017334,1.5824029445648193,1.3786269426345825,1.5072636604309082,-0.0009660571813583374,-26.954051971435547,-0.47043695365521887,-94.94505310058594,-1.6571037850860755,90.66500854492188,1.58240291545768,78.989501953125,1.3786268835925228,86.3598403930664,1.5072635563558028,0.0,0.0,True,False,0.09660571813583374,0.0,0.0,0.0,0.0,2.7390899658203125,2.7390899658203125,0.0,0.0,0.0,0.0,0.0,0.0,0.0,0.0,0.0
5,483,18.455711176036857,18.46952374104876,False,-28.615385055541992,-0.49943268299102783,-90.94505310058594,-1.587290644645691,90.68132019042969,1.5826876163482666,79.34066009521484,1.3847557306289673,87.20879364013672,1.5220805406570435,0.6868131868131868,0.006868131868131868,-0.46686553955078125,-1.697326898574829,1.582113265991211,1.3744502067565918,1.508858561515808,-0.0009451732039451599,-26.74942398071289,-0.4668655214753681,-94.94505310058594,-1.6571037850860755,90.64840698242188,1.5821131635310792,78.75019073486328,1.374450114896897,86.45122528076172,1.5088585235326513,0.0,0.0,True,False,0.09451732039451599,0.0,0.0,0.0,0.0,2.3046112060546875,2.3046112060546875,0.0,0.0,0.0,0.0,0.0,0.0,0.0,0.0,0.0
5,484,18.48901969799772,18.499599072965793,False,-27.47252655029297,-0.47948604822158813,-92.43955993652344,-1.6133747100830078,91.29669952392578,1.5934280157089233,79.34066009521484,1.3847557306289673,86.94505310058594,1.5174773931503296,0.6868131868131868,0.006868131868131868,-0.47071516513824463,-1.6797369718551636,1.5679234266281128,1.3809008598327637,1.510217547416687,-0.0004760175943374634,-26.96999168395996,-0.4707151541205913,-96.24183654785156,-1.679736925926223,89.83538818359375,1.5679233086109192,79.11978912353516,1.380900823689287,86.52908325195312,1.510217401478864,0.0,0.0,True,False,0.04760175943374634,0.0,0.0,0.0,0.0,0.0,0.0,0.0,0.0,0.0,0.0,0.0,0.0,0.0,0.0,0.0
5,485,18.52232983498834,18.5330685779918,False,-27.296703338623047,-0.47641733288764954,-93.5824203491211,-1.6333212852478027,91.47252655029297,1.5964967012405396,79.34066009521484,1.3847557306289673,86.94505310058594,1.5174773931503296,0.6868131868131868,0.006868131868131868,-0.48035383224487305,-1.6866246461868286,1.5721616744995117,1.379224181175232,1.509993314743042,-0.0008421167731285095,-27.522245407104492,-0.4803537998958606,-96.63646697998047,-1.6866245262954405,90.0782241821289,1.5721615963277258,79.02371978759766,1.3792240974669732,86.51624298095703,1.509993296473134,0.0,0.0,True,False,0.08421167731285095,0.0,0.0,0.0,0.0,0.0,0.0,0.0,0.0,0.0,0.0,0.0,0.0,0.0,0.0,0.0
5,486,18.555736170965247,18.567192774964496,False,-27.91208839416504,-0.4871578514575958,-94.28571319580078,-1.6455961465835571,91.47252655029297,1.5964967012405396,79.34066009521484,1.3847557306289673,87.03296661376953,1.5190118551254272,0.6868131868131868,0.006868131868131868,-0.4778953194618225,-1.6668223142623901,1.560797929763794,1.3807806968688965,1.5120785236358643,-0.0006841570138931274,-27.381383895874023,-0.4778953027355539,-95.50187683105469,-1.6668221925359927,89.42713165283203,1.5607978879563575,79.11289978027344,1.38078058196607,86.63571166992188,1.5120784184486116,0.0,0.0,True,False,0.06841570138931274,0.0,0.0,0.0,0.0,0.0,0.0,0.0,0.0,0.0,0.0,0.0,0.0,0.0,0.0,0.0
5,487,18.589253808022477,18.600437458022498,False,-27.824174880981445,-0.48562344908714294,-94.63735961914062,-1.6517335176467896,91.47252655029297,1.5964967012405396,79.34066009521484,1.3847557306289673,87.20879364013672,1.5220805406570435,0.6868131868131868,0.006868131868131868,-0.4788493514060974,-1.6743444204330444,1.553514838218689,1.3807551860809326,1.507453441619873,-0.0014631226658821106,-27.436044692993164,-0.4788493136170475,-95.932861328125,-1.6743442910349216,89.00984191894531,1.5535148081652634,79.11144256591797,1.3807551487776597,86.37071228027344,1.507453306583471,0.0,0.0,True,False,0.14631226658821106,0.0,0.0,0.0,0.0,0.0,0.0,0.0,0.0,0.0,0.0,0.0,0.0,0.0,0.0,0.0
5,488,18.62256125395652,18.633280436042696,False,-27.47252655029297,-0.47948604822158813,-94.9011001586914,-1.6563366651535034,91.47252655029297,1.5964967012405396,79.34066009521484,1.3847557306289673,86.94505310058594,1.5174773931503296,0.6868131868131868,0.006868131868131868,-0.48388534784317017,-1.6535536050796509,1.5343660116195679,1.3815852403640747,1.509521722793579,-0.00022262334823608398,-27.724586486816406,-0.48388531794887374,-94.74163818359375,-1.653553525036891,87.91268920898438,1.5343658809792666,79.15899658203125,1.381585122931383,86.48921966552734,1.509521650644081,0.0,0.0,True,False,0.0222623348236084,0.0,0.0,0.0,0.0,0.0,0.0,0.0,0.0,0.0,0.0,0.0,0.0,0.0,0.0,0.0
5,489,18.6561492360197,18.666794162942097,False,-27.296703338623047,-0.47641733288764954,-94.9011001586914,-1.6563366651535034,91.38461303710938,1.5949623584747314,79.34066009521484,1.3847557306289673,86.94505310058594,1.5174773931503296,0.6868131868131868,0.006868131868131868,-0.4745941758155823,-1.669942021369934,1.5371229648590088,1.3780797719955444,1.5062801837921143,-0.001050315797328949,-27.192241668701172,-0.47459414811683254,-95.68062591552734,-1.669941952594966,88.0706558227539,1.5371229184977713,78.9581527709961,1.378079737146566,86.3034896850586,1.5062800509652365,0.0,0.0,True,False,0.1050315797328949,0.0,0.0,0.0,0.0,0.0,0.0,0.0,0.0,0.0,0.0,0.0,0.0,0.0,0.0,0.0
5,490,18.689742553047836,18.701019636006095,False,-27.296703338623047,-0.47641733288764954,-94.9011001586914,-1.6563366651535034,91.20879364013672,1.5918937921524048,79.34066009521484,1.3847557306289673,86.94505310058594,1.5174773931503296,0.6868131868131868,0.006868131868131868,-0.47370946407318115,-1.701298713684082,1.5611350536346436,1.3795472383499146,1.5077855587005615,-0.0006947889924049377,-27.141551971435547,-0.47370944600270826,-97.47723388671875,-1.7012986770598315,89.44644165039062,1.5611349109923072,79.04222869873047,1.3795471389071998,86.3897476196289,1.5077855359294583,0.0,0.0,True,False,0.06947889924049377,0.0,0.0,0.0,0.0,0.0,0.0,0.0,0.0,0.0,0.0,0.0,0.0,0.0,0.0,0.0
5,491,18.723215003032237,18.733561094966717,False,-27.296703338623047,-0.47641733288764954,-94.9011001586914,-1.6563366651535034,91.12088012695312,1.5903593301773071,79.34066009521484,1.3847557306289673,86.94505310058594,1.5174773931503296,0.6868131868131868,0.006868131868131868,-0.4712139368057251,-1.6952269077301025,1.5617640018463135,1.378434419631958,1.50143301486969,-0.00019761919975280762,-26.998567581176758,-0.47121389761373583,-97.12934112548828,-1.6952268029325053,89.48248291015625,1.5617639496417839,78.97846984863281,1.3784343370457102,86.02577209472656,1.5014329646232378,0.0,0.0,True,False,0.01976191997528076,0.0,0.0,0.0,0.0,0.0,0.0,0.0,0.0,0.0,0.0,0.0,0.0,0.0,0.0,0.0
5,492,18.75664037000388,18.767472796025686,False,-27.296703338623047,-0.47641733288764954,-95.51648712158203,-1.6670771837234497,91.12088012695312,1.5903593301773071,79.34066009521484,1.3847557306289673,86.94505310058594,1.5174773931503296,0.6868131868131868,0.006868131868131868,-0.47018909454345703,-1.6989034414291382,1.5450286865234375,1.3839988708496094,1.5027755498886108,-0.0009685605764389038,-26.939849853515625,-0.47018907993675974,-97.3399887084961,-1.6989032968173596,88.52362060546875,1.545028645351726,79.29728698730469,1.3839987458273217,86.10269165039062,1.5027754641287467,0.0,0.0,True,False,0.09685605764389038,0.0,0.0,0.0,0.0,0.0,0.0,0.0,0.0,0.0,0.0,0.0,0.0,0.0,0.0,0.0
5,493,18.790188665967435,18.800383663037792,False,-27.560440063476562,-0.48102042078971863,-95.95604705810547,-1.6747488975524902,91.12088012695312,1.5903593301773071,79.16483306884766,1.3816869258880615,86.94505310058594,1.5174773931503296,0.6868131868131868,0.006868131868131868,-0.4689306616783142,-1.7062824964523315,1.5573071241378784,1.3775005340576172,1.5064418315887451,7.234513759613037e-06,-26.867746353149414,-0.4689306364531564,-97.76277923583984,-1.7062823835657512,89.22711944580078,1.5573070163994818,78.92496490478516,1.377500499609474,86.31275177001953,1.5064417048434042,0.0007234513759613037,7.234513759613037e-06,False,False,0.0,0.0,0.0,0.0,0.0,0.0,0.0,0.0,0.0,0.0,0.0,0.0,0.0,0.0,0.0,0.0
5,494,18.82348769204691,18.833857581950724,False,-27.648351669311523,-0.48255476355552673,-96.04395294189453,-1.6762832403182983,91.12088012695312,1.5903593301773071,79.16483306884766,1.3816869258880615,86.85713958740234,1.5159430503845215,0.6868131868131868,0.006868131868131868,-0.46684688329696655,-1.692463755607605,1.566542387008667,1.37764310836792,1.5069453716278076,-7.231533527374268e-05,-26.748353958129883,-0.4668468460582239,-96.97102355957031,-1.6924636401434936,89.75626373291016,1.5665423264276586,78.9331283569336,1.377642978727793,86.34160614013672,1.5069453086055382,0.0,0.0,True,False,0.007231533527374268,0.0,0.0,0.0,0.0,0.0,0.0,0.0,0.0,0.0,0.0,0.0,0.0,0.0,0.0,0.0
5,495,18.856946861953475,18.868142592022195,False,-27.47252655029297,-0.47948604822158813,-96.3956069946289,-1.6824207305908203,91.12088012695312,1.5903593301773071,79.16483306884766,1.3816869258880615,86.85713958740234,1.5159430503845215,0.6868131868131868,0.006868131868131868,-0.4708280563354492,-1.6856021881103516,1.561462640762329,1.3766186237335205,1.5023398399353027,-0.0005642473697662354,-26.976459503173828,-0.470828038861297,-96.57788848876953,-1.685602138752959,89.46521759033203,1.5614626129644413,78.87443542480469,1.3766185938144941,86.07772827148438,1.5023397709744097,0.0,0.0,True,False,0.056424736976623535,0.0,0.0,0.0,0.0,0.0,0.0,0.0,0.0,0.0,0.0,0.0,0.0,0.0,0.0,0.0
5,496,18.890472083934583,18.902231632964686,False,-27.296703338623047,-0.47641733288764954,-96.3956069946289,-1.6824207305908203,91.12088012695312,1.5903593301773071,79.16483306884766,1.3816869258880615,86.85713958740234,1.5159430503845215,0.6868131868131868,0.006868131868131868,-0.4677633047103882,-1.688267707824707,1.5629770755767822,1.377514362335205,1.5053061246871948,3.2261013984680176e-06,-26.800861358642578,-0.4677632730788338,-96.73060607910156,-1.6882675635299649,89.55198669433594,1.562977019518315,78.9257583618164,1.3775143480471423,86.2476806640625,1.5053059997965401,0.00032261013984680176,3.2261013984680176e-06,False,False,0.0,0.0,0.0,0.0,0.0,0.0,0.0,0.0,0.0,0.0,0.0,0.0,0.0,0.0,0.0,0.0
5,497,18.923682346008718,18.936242219991982,False,-27.296703338623047,-0.47641733288764954,-96.3956069946289,-1.6824207305908203,91.12088012695312,1.5903593301773071,79.16483306884766,1.3816869258880615,86.76923370361328,1.514408826828003,0.6868131868131868,0.006868131868131868,-0.4696255922317505,-1.6786948442459106,1.5448532104492188,1.378036379814148,1.5129492282867432,-0.0007170289754867554,-26.907562255859375,-0.46962555505009895,-96.18212127685547,-1.6786946978336204,88.51356506347656,1.5448531430358896,78.9556655883789,1.3780363276207979,86.68560028076172,1.5129491389670129,0.0,0.0,True,False,0.07170289754867554,0.0,0.0,0.0,0.0,0.0,0.0,0.0,0.0,0.0,0.0,0.0,0.0,0.0,0.0,0.0
5,498,18.957481920020655,18.9709150029812,False,-27.296703338623047,-0.47641733288764954,-96.3956069946289,-1.6824207305908203,91.12088012695312,1.5903593301773071,79.16483306884766,1.3816869258880615,86.76923370361328,1.514408826828003,0.6868131868131868,0.006868131868131868,-0.4725688099861145,-1.6778271198272705,1.530293345451355,1.379379391670227,1.5077736377716064,-0.0008120983839035034,-27.076196670532227,-0.47256878081831366,-96.13240814208984,-1.6778270399504727,87.6793441772461,1.530293241882263,79.0326156616211,1.3793793597585249,86.3890609741211,1.507773551704553,0.0,0.0,True,False,0.08120983839035034,0.0,0.0,0.0,0.0,0.0,0.0,0.0,0.0,0.0,0.0,0.0,0.0,0.0,0.0,0.0
5,499,18.992444116040133,19.006265001022257,False,-27.296703338623047,-0.47641733288764954,-96.3956069946289,-1.6824207305908203,91.12088012695312,1.5903593301773071,79.16483306884766,1.3816869258880615,86.68132019042969,1.5128744840621948,0.6868131868131868,0.006868131868131868,-0.4616251587867737,-1.6644079685211182,1.4884008169174194,1.3843681812286377,1.5159717798233032,-4.4696033000946045e-05,-26.44917106628418,-0.46162511952987834,-95.3635482788086,-1.6644079038497814,87.12088012695312,1.5205462054506276,79.31845092773438,1.3843681262705156,86.85877990722656,1.5159716936461984,0.0,0.0,True,False,0.0044696033000946045,0.0,0.0,0.0,0.0,0.0,0.0,0.0,1.841796875,1.841796875,0.0,0.0,0.0,0.0,0.0,0.0
5,500,19.024863583035767,19.036786952987313,False,-27.296703338623047,-0.47641733288764954,-96.3956069946289,-1.6824207305908203,91.12088012695312,1.5903593301773071,79.16483306884766,1.3816869258880615,86.68132019042969,1.5128744840621948,0.6868131868131868,0.006868131868131868,-0.4621259570121765,-1.6830042600631714,1.5349992513656616,1.38034188747406,1.5052226781845093,0.0018579885363578796,-26.47786521911621,-0.4621259269728677,-96.42903900146484,-1.6830042251095867,87.948974609375,1.5349991806864876,79.08776092529297,1.3803418261764795,86.24290466308594,1.5052226428544206,0.18579885363578796,0.0018579885363578796,False,False,0.0,0.0,0.0,0.0,0.0,0.0,0.0,0.0,0.0,0.0,0.0,0.0,0.0,0.0,0.0,0.0
5,501,19.058518007048406,19.069453574949875,False,-27.296703338623047,-0.47641733288764954,-96.3956069946289,-1.6824207305908203,91.12088012695312,1.5903593301773071,79.16483306884766,1.3816869258880615,86.68132019042969,1.5128744840621948,0.6868131868131868,0.006868131868131868,-0.4758390188217163,-1.6679964065551758,1.5209789276123047,1.3788106441497803,1.5083659887313843,0.0005122646689414978,-27.263565063476562,-0.47583897618936283,-95.56915283203125,-1.6679963802606086,87.14566802978516,1.520978835969711,79.0000228881836,1.3788105085496838,86.42300415039062,1.508365971889041,0.05122646689414978,0.0005122646689414978,False,False,0.0,0.0,0.0,0.0,0.0,0.0,0.0,0.0,0.0,0.0,0.0,0.0,0.0,0.0,0.0,0.0
5,502,19.092192076030187,19.10546541796066,False,-26.94505500793457,-0.4702799320220947,-96.30769348144531,-1.6808863878250122,91.12088012695312,1.5903593301773071,79.16483306884766,1.3816869258880615,86.68132019042969,1.5128744840621948,0.6868131868131868,0.006868131868131868,-0.4707685112953186,-1.68032705783844,1.532963514328003,1.3800048828125,1.5040866136550903,0.0009850934147834778,-26.973047256469727,-0.4707684839214201,-96.27564239501953,-1.68032694926573,87.83233642578125,1.532963460349231,79.06845092773438,1.3800048031405299,86.17781066894531,1.5040865383333928,0.09850934147834778,0.0009850934147834778,False,False,0.0,0.0,0.0,0.0,0.0,0.0,0.0,0.0,0.0,0.0,0.0,0.0,0.0,0.0,0.0,0.0
5,503,19.125458615948446,19.13933995203115,False,-26.85714340209961,-0.4687455892562866,-96.30769348144531,-1.6808863878250122,91.03296661376953,1.588824987411499,79.16483306884766,1.3816869258880615,86.68132019042969,1.5128744840621948,0.6868131868131868,0.006868131868131868,-0.4652850031852722,-1.6746412515640259,1.5369561910629272,1.3789840936660767,1.5008553266525269,0.002295553684234619,-26.658864974975586,-0.4652849686579197,-95.94986724853516,-1.6746411003384107,88.06109619140625,1.5369560714554777,79.00996398925781,1.3789840134947025,85.99266815185547,1.500855191824745,0.22955536842346191,0.002295553684234619,False,False,0.0,0.0,0.0,0.0,0.0,0.0,0.0,0.0,0.0,0.0,0.0,0.0,0.0,0.0,0.0,0.0
5,504,19.158584526972845,19.169333138968796,False,-26.85714340209961,-0.4687455892562866,-96.30769348144531,-1.6808863878250122,90.94505310058594,1.587290644645691,79.16483306884766,1.3816869258880615,86.68132019042969,1.5128744840621948,0.6868131868131868,0.006868131868131868,-0.4646773338317871,-1.6693724393844604,1.5359936952590942,1.375964879989624,1.5050479173660278,0.0007513910531997681,-26.624048233032227,-0.4646773018761909,-95.64798736572266,-1.669372302437798,88.00595092773438,1.5359936050375231,78.83697509765625,1.3759647877668797,86.2328872680664,1.5050478063288568,0.0751391053199768,0.0007513910531997681,False,False,0.0,0.0,0.0,0.0,0.0,0.0,0.0,0.0,0.0,0.0,0.0,0.0,0.0,0.0,0.0,0.0
5,505,19.192386304028332,19.20555598696228,False,-26.94505500793457,-0.4702799320220947,-96.30769348144531,-1.6808863878250122,90.94505310058594,1.587290644645691,79.16483306884766,1.3816869258880615,86.68132019042969,1.5128744840621948,0.6868131868131868,0.006868131868131868,-0.4669652581214905,-1.6889543533325195,1.533488154411316,1.3791766166687012,1.5108283758163452,0.0017301812767982483,-26.755136489868164,-0.4669652235686779,-96.76995086669922,-1.6889542596170417,87.86239624023438,1.5334881030839767,79.02099609375,1.3791765600415153,86.5640869140625,1.5108283306329284,0.17301812767982483,0.0017301812767982483,False,False,0.0,0.0,0.0,0.0,0.0,0.0,0.0,0.0,0.0,0.0,0.0,0.0,0.0,0.0,0.0,0.0
5,506,19.22572103200946,19.237187110935338,False,-26.94505500793457,-0.4702799320220947,-96.13186645507812,-1.6778175830841064,90.94505310058594,1.587290644645691,79.25274658203125,1.3832213878631592,86.68132019042969,1.5128744840621948,0.6868131868131868,0.006868131868131868,-0.4553760886192322,-1.6150360107421875,1.3994085788726807,1.3838237524032593,1.5154109001159668,0.0002636760473251343,-26.091127395629883,-0.45537607861103463,-92.53474426269531,-1.615035959874966,86.94505310058594,1.5174774449265291,79.2872543334961,1.383823642985649,86.82664489746094,1.5154108319206276,0.026367604732513428,0.0002636760473251343,False,False,0.0,0.0,0.0,0.0,0.0,0.0,0.0,0.0,6.764854431152344,6.764854431152344,0.0,0.0,0.0,0.0,0.0,0.0
5,507,19.259514673962258,19.271485692006536,False,-26.85714340209961,-0.4687455892562866,-96.21977996826172,-1.6793519258499146,90.94505310058594,1.587290644645691,79.25274658203125,1.3832213878631592,86.68132019042969,1.5128744840621948,0.6868131868131868,0.006868131868131868,-0.45369333028793335,-1.5876957178115845,1.3521472215652466,1.3934446573257446,1.5083245038986206,0.00026600807905197144,-25.99471092224121,-0.4536932936972408,-92.21977996826172,-1.609538795910879,86.94505310058594,1.5174774449265291,79.83849334716797,1.3934445787396692,86.42062377929688,1.5083244265760358,0.026600807905197144,0.00026600807905197144,False,False,0.0,0.0,0.0,0.0,0.0,1.2515182495117188,1.2515182495117188,0.0,9.472724914550781,9.472724914550781,0.0,0.0,0.0,0.0,0.0,0.0
5,508,19.293191381031647,19.304193733027205,False,-26.94505500793457,-0.4702799320220947,-96.21977996826172,-1.6793519258499146,90.94505310058594,1.587290644645691,79.25274658203125,1.3832213878631592,86.68132019042969,1.5128744840621948,0.6868131868131868,0.006868131868131868,-0.471510112285614,-1.4874653816223145,1.3069920539855957,1.3870079517364502,1.508760690689087,-0.0012285634875297546,-27.01553726196289,-0.4715100744164663,-92.21977996826172,-1.609538795910879,86.94505310058594,1.5174774449265291,79.46969604492188,1.3870078515430022,86.44561767578125,1.5087606523625907,0.0,0.0,True,False,0.12285634875297546,0.0,0.0,0.0,0.0,6.994293212890625,6.994293212890625,0.0,12.059928894042969,12.059928894042969,0.0,0.0,0.0,0.0,0.0,0.0
5,509,19.32632602599915,19.337001570034772,False,-26.681318283081055,-0.46567684412002563,-95.6043930053711,-1.6686114072799683,90.76923370361328,1.5842219591140747,79.34066009521484,1.3847557306289673,86.68132019042969,1.5128744840621948,0.6868131868131868,0.006868131868131868,-0.48031771183013916,-1.4061692953109741,1.2540435791015625,1.3858429193496704,1.5009523630142212,-0.0004934966564178467,-27.52017593383789,-0.48031768077357634,-91.6043930053711,-1.5987982672345893,86.76923370361328,1.5144088175604853,79.40294647216797,1.385842851724147,85.99822998046875,1.5009522640464785,0.0,0.0,True,False,0.04934966564178467,0.0,0.0,0.0,0.0,11.036834716796875,11.036834716796875,0.0,14.917831420898438,14.917831420898438,0.0,0.0,0.0,0.0,0.0,0.0
5,510,19.359934077016078,19.524563990999013,False,-26.241758346557617,-0.45800507068634033,-94.81318664550781,-1.6548023223876953,90.68132019042969,1.5826876163482666,79.34066009521484,1.3847557306289673,86.68132019042969,1.5128744840621948,0.6868131868131868,0.006868131868131868,-0.4544141888618469,-1.7282298803329468,1.5999027490615845,1.377959966659546,1.5109597444534302,7.475167512893677e-05,-26.036014556884766,-0.45441417811481166,-98.81318664550781,-1.7246154513518022,91.66767120361328,1.5999026801386451,78.95128631591797,1.3779598948975125,86.57160949707031,1.5109596244746692,0.007475167512893677,7.475167512893677e-05,False,False,0.0,0.0,0.0,0.0,0.0,0.20708465576171875,0.20708465576171875,0.0,0.0,0.0,0.0,0.0,0.0,0.0,0.0,0.0
5,511,19.525964963948354,19.53916930698324,False,-27.47252655029297,-0.47948604822158813,-92.43955993652344,-1.6133747100830078,90.68132019042969,1.5826876163482666,79.34066009521484,1.3847557306289673,86.5054931640625,1.509805679321289,0.6868131868131868,0.006868131868131868,-0.4554669260978699,-1.7102137804031372,1.5822192430496216,1.3773479461669922,1.4967975616455078,-0.001356951892375946,-26.096330642700195,-0.45546689240420635,-96.43955993652344,-1.6831878500667476,90.65447998046875,1.5822191573424644,78.91622161865234,1.3773479004790123,85.76017761230469,1.4967974664298458,0.0,0.0,True,False,0.1356951892375946,0.0,0.0,0.0,0.0,1.5484695434570312,1.5484695434570312,0.0,0.0,0.0,0.0,0.0,0.0,0.0,0.0,0.0
5,512,19.559441566001624,19.570265152025968,False,-27.824174880981445,-0.48562344908714294,-92.61538696289062,-1.616443395614624,90.68132019042969,1.5826876163482666,79.34066009521484,1.3847557306289673,86.5934066772461,1.5113400220870972,0.6868131868131868,0.006868131868131868,-0.45610111951828003,-1.7089087963104248,1.5869442224502563,1.380029559135437,1.4932864904403687,-0.0020656585693359375,-26.132667541503906,-0.4561010909282951,-96.61538696289062,-1.6862566105908459,90.92520141601562,1.586944137748483,79.06986236572266,1.380029437380613,85.55900573730469,1.4932863548486854,0.0,0.0,True,False,0.20656585693359375,0.0,0.0,0.0,0.0,1.2978668212890625,1.2978668212890625,0.0,0.0,0.0,0.0,0.0,0.0,0.0,0.0,0.0
5,513,19.593222209019586,19.603902798960917,False,-27.120878219604492,-0.47334861755371094,-92.79120635986328,-1.6195120811462402,90.68132019042969,1.5826876163482666,79.34066009521484,1.3847557306289673,86.85713958740234,1.5159430503845215,0.6868131868131868,0.006868131868131868,-0.45213043689727783,-1.7057249546051025,1.5865809917449951,1.379165768623352,1.4942152500152588,-0.001179419457912445,-25.90516471862793,-0.45213041761152784,-96.79120635986328,-1.6893252379568897,90.90438842773438,1.5865808825757963,79.02037048339844,1.379165641081046,85.61222076416016,1.4942151322788506,0.0,0.0,True,False,0.1179419457912445,0.0,0.0,0.0,0.0,0.9396286010742188,0.9396286010742188,0.0,0.0,0.0,0.0,0.0,0.0,0.0,0.0,0.0
5,514,19.626380427042022,19.637542870943435,False,-26.329669952392578,-0.45953941345214844,-94.10989379882812,-1.642527461051941,91.20879364013672,1.5918937921524048,79.34066009521484,1.3847557306289673,86.15384674072266,1.5036683082580566,0.6868131868131868,0.006868131868131868,-0.4517970085144043,-1.7063709497451782,1.5810956954956055,1.3814016580581665,1.5035066604614258,-0.0021945908665657043,-25.88606071472168,-0.4517969898430499,-97.7678451538086,-1.706370800513942,90.59010314941406,1.58109556967856,79.14848327636719,1.3814016311322765,86.14458465576172,1.503506635006028,0.0,0.0,True,False,0.21945908665657043,0.0,0.0,0.0,0.0,0.0,0.0,0.0,0.0,0.0,0.0,0.0,0.0,0.0,0.0,0.0
5,515,19.66030939796474,19.673138835001737,False,-26.153846740722656,-0.4564707279205322,-95.07691955566406,-1.65940523147583,91.29669952392578,1.5934280157089233,79.34066009521484,1.3847557306289673,86.06593322753906,1.502133846282959,0.6868131868131868,0.006868131868131868,-0.43554145097732544,-1.685966968536377,1.5646494626998901,1.3816039562225342,1.5000118017196655,-0.00080137699842453,-24.95468521118164,-0.4355414207338561,-96.59878540039062,-1.6859668586642453,89.6478042602539,1.56464935152483,79.16007232666016,1.381603898217068,85.94434356689453,1.500011768707517,0.0,0.0,True,False,0.080137699842453,0.0,0.0,0.0,0.0,0.0,0.0,0.0,0.0,0.0,0.0,0.0,0.0,0.0,0.0,0.0
5,516,19.69336979999207,19.70532612397801,False,-26.681318283081055,-0.46567684412002563,-95.69230651855469,-1.6701457500457764,91.29669952392578,1.5934280157089233,79.25274658203125,1.3832213878631592,86.15384674072266,1.5036683082580566,0.6868131868131868,0.006868131868131868,-0.44428813457489014,-1.7171247005462646,1.5871965885162354,1.376070499420166,1.5034141540527344,-0.0009612366557121277,-25.455833435058594,-0.4442881072810306,-98.38399505615234,-1.7171246449956818,90.93965911865234,1.587196472261768,78.84302520751953,1.3760703821041014,86.1392822265625,1.5034140901581476,0.0,0.0,True,False,0.09612366557121277,0.0,0.0,0.0,0.0,0.0,0.0,0.0,0.0,0.0,0.0,0.0,0.0,0.0,0.0,0.0
5,517,19.72683172801044,19.74019564804621,False,-26.329669952392578,-0.45953941345214844,-96.04395294189453,-1.6762832403182983,91.29669952392578,1.5934280157089233,79.16483306884766,1.3816869258880615,86.4175796508789,1.508271336555481,0.6868131868131868,0.006868131868131868,-0.44561493396759033,-1.7094968557357788,1.5787525177001953,1.3769755363464355,1.5022310018539429,-0.001713097095489502,-25.53185272216797,-0.44561489413610805,-97.94695281982422,-1.709496819001477,90.45584869384766,1.578752387393454,78.89488220214844,1.3769754574005648,86.07149505615234,1.50223098084388,0.0,0.0,True,False,0.1713097095489502,0.0,0.0,0.0,0.0,0.0,0.0,0.0,0.0,0.0,0.0,0.0,0.0,0.0,0.0,0.0
5,518,19.76153142703697,19.772756221005693,False,-25.538461685180664,-0.4457302391529083,-96.04395294189453,-1.6762832403182983,91.29669952392578,1.5934280157089233,79.16483306884766,1.3816869258880615,86.15384674072266,1.5036683082580566,0.6868131868131868,0.006868131868131868,-0.43875205516815186,-1.699461579322815,1.5694972276687622,1.3743590116500854,1.5004429817199707,-0.0024461746215820312,-25.138639450073242,-0.43875202787551476,-97.3719711303711,-1.6994614953818403,89.9255599975586,1.5694971036571015,78.74496459960938,1.3743589016295619,85.96904754638672,1.5004429344880008,0.0,0.0,True,False,0.24461746215820312,0.0,0.0,0.0,0.0,0.0,0.0,0.0,0.0,0.0,0.0,0.0,0.0,0.0,0.0,0.0
5,519,19.793712518992834,19.804267982020974,False,-25.626373291015625,-0.44726458191871643,-96.3956069946289,-1.6824207305908203,91.29669952392578,1.5934280157089233,79.16483306884766,1.3816869258880615,86.15384674072266,1.5036683082580566,0.6868131868131868,0.006868131868131868,-0.4494662880897522,-1.6914770603179932,1.5488498210906982,1.3788118362426758,1.4945932626724243,-0.002072952687740326,-25.752519607543945,-0.4494662578360398,-96.91448974609375,-1.6914769389596191,88.7425537109375,1.5488497488837716,79.00009155273438,1.3788117069721744,85.63388061523438,1.4945931679955873,0.0,0.0,True,False,0.2072952687740326,0.0,0.0,0.0,0.0,0.0,0.0,0.0,0.0,0.0,0.0,0.0,0.0,0.0,0.0,0.0
5,520,19.827729695942253,19.83816298795864,False,-25.9780216217041,-0.45340201258659363,-96.48351287841797,-1.6839549541473389,91.29669952392578,1.5934280157089233,79.07691955566406,1.3801525831222534,86.15384674072266,1.5036683082580566,0.6868131868131868,0.006868131868131868,-0.45014941692352295,-1.688847303390503,1.5385922193527222,1.3802125453948975,1.5007457733154297,-0.0017507970333099365,-25.79166030883789,-0.45014939194515874,-96.7638168334961,-1.6888472005412205,88.15483856201172,1.5385921844711679,79.08035278320312,1.380212529705556,85.98639678955078,1.500745735903943,0.0,0.0,True,False,0.17507970333099365,0.0,0.0,0.0,0.0,0.0,0.0,0.0,0.0,0.0,0.0,0.0,0.0,0.0,0.0,0.0
5,521,19.860928999027237,19.87174596497789,False,-25.80219841003418,-0.4503333270549774,-96.48351287841797,-1.6839549541473389,91.29669952392578,1.5934280157089233,79.07691955566406,1.3801525831222534,86.15384674072266,1.5036683082580566,0.6868131868131868,0.006868131868131868,-0.44255775213241577,-1.7183693647384644,1.5406038761138916,1.3790794610977173,1.5000969171524048,-0.0015118122100830078,-25.356689453125,-0.4425577183627516,-98.45530700683594,-1.7183692733311304,88.27009582519531,1.5406038032005593,79.01542663574219,1.3790793546617273,85.94921875,1.5000968567043451,0.0,0.0,True,False,0.15118122100830078,0.0,0.0,0.0,0.0,0.0,0.0,0.0,0.0,0.0,0.0,0.0,0.0,0.0,0.0,0.0
5,522,19.89503207395319,19.905723299016245,False,-25.80219841003418,-0.4503333270549774,-96.48351287841797,-1.6839549541473389,91.12088012695312,1.5903593301773071,79.07691955566406,1.3801525831222534,86.15384674072266,1.5036683082580566,0.6868131868131868,0.006868131868131868,-0.4448275566101074,-1.6971547603607178,1.5569623708724976,1.3793046474456787,1.5005837678909302,-0.001486465334892273,-25.486740112304688,-0.44482753055982616,-97.23979949951172,-1.6971546652456138,89.20736694335938,1.556962270196371,79.02832794189453,1.3793045249318936,85.97711181640625,1.5005836825516115,0.0,0.0,True,False,0.1486465334892273,0.0,0.0,0.0,0.0,0.0,0.0,0.0,0.0,0.0,0.0,0.0,0.0,0.0,0.0,0.0
5,523,19.928468634025194,19.939397917944007,False,-25.80219841003418,-0.4503333270549774,-96.57142639160156,-1.685489296913147,91.12088012695312,1.5903593301773071,79.07691955566406,1.3801525831222534,86.15384674072266,1.5036683082580566,0.6868131868131868,0.006868131868131868,-0.4533436894416809,-1.654280424118042,1.502846360206604,1.3849014043807983,1.5041100978851318,-0.002275422215461731,-25.97467803955078,-0.45334365393562703,-94.78327941894531,-1.6542803016983736,87.12088012695312,1.5205462054506276,79.3489990234375,1.3849012911207497,86.17915344238281,1.5041099741509854,0.0,0.0,True,False,0.2275422215461731,0.0,0.0,0.0,0.0,0.0,0.0,0.0,1.014129638671875,1.014129638671875,0.0,0.0,0.0,0.0,0.0,0.0
5,524,19.96187422797084,19.973809454008006,False,-25.80219841003418,-0.4503333270549774,-97.010986328125,-1.693161129951477,91.12088012695312,1.5903593301773071,79.07691955566406,1.3801525831222534,86.15384674072266,1.5036683082580566,0.6868131868131868,0.006868131868131868,-0.4387492537498474,-1.6566293239593506,1.483491063117981,1.384193778038025,1.5044349431991577,-0.0012358427047729492,-25.138479232788086,-0.4387492315563702,-94.91786193847656,-1.6566292097798234,87.12088012695312,1.5205462054506276,79.30845642089844,1.3841936892191156,86.19776916503906,1.504434879803975,0.0,0.0,True,False,0.12358427047729492,0.0,0.0,0.0,0.0,0.0,0.0,0.0,2.12310791015625,2.12310791015625,0.0,0.0,0.0,0.0,0.0,0.0
5,525,19.995513387955725,20.00624414300546,False,-25.80219841003418,-0.4503333270549774,-96.83516693115234,-1.6900924444198608,91.03296661376953,1.588824987411499,79.07691955566406,1.3801525831222534,86.15384674072266,1.5036683082580566,0.6868131868131868,0.006868131868131868,-0.43737441301345825,-1.6709403991699219,1.5275110006332397,1.3824584484100342,1.5007456541061401,-0.001031920313835144,-25.05970573425293,-0.4373743746436168,-95.73783111572266,-1.6709403716876368,87.51992797851562,1.5275109043334028,79.20903015136719,1.38245837345282,85.98638916015625,1.5007456027458883,0.0,0.0,True,False,0.1031920313835144,0.0,0.0,0.0,0.0,0.0,0.0,0.0,0.0,0.0,0.0,0.0,0.0,0.0,0.0,0.0
5,526,20.028607042972,20.039069894934073,False,-25.714284896850586,-0.44879892468452454,-95.95604705810547,-1.6747488975524902,90.68132019042969,1.5826876163482666,79.34066009521484,1.3847557306289673,86.15384674072266,1.5036683082580566,0.6868131868131868,0.006868131868131868,-0.4350743293762207,-1.6852636337280273,1.5366504192352295,1.383105993270874,1.4946420192718506,-0.0005462095141410828,-24.927921295166016,-0.43507430227865623,-96.55848693847656,-1.6852635178203554,88.0435791015625,1.5366503405623366,79.24613189697266,1.3831059210718726,85.63667297363281,1.4946419038435357,0.0,0.0,True,False,0.054620951414108276,0.0,0.0,0.0,0.0,0.0,0.0,0.0,0.0,0.0,0.0,0.0,0.0,0.0,0.0,0.0
5,527,20.062260020989925,20.073031994048506,False,-25.450550079345703,-0.4441958963871002,-95.86813354492188,-1.6732145547866821,90.68132019042969,1.5826876163482666,79.34066009521484,1.3847557306289673,86.15384674072266,1.5036683082580566,0.6868131868131868,0.006868131868131868,-0.4381822347640991,-1.6953822374343872,1.5546523332595825,1.378862738609314,1.4960343837738037,-0.0007525011897087097,-25.10599136352539,-0.43818221127077867,-97.13824462890625,-1.6953821983821113,89.07501220703125,1.5546522442668362,79.00301361083984,1.3788627065070493,85.7164535522461,1.4960343376194836,0.0,0.0,True,False,0.07525011897087097,0.0,0.0,0.0,0.0,0.0,0.0,0.0,0.0,0.0,0.0,0.0,0.0,0.0,0.0,0.0
5,528,20.095678195008077,20.10761971003376,False,-25.36263656616211,-0.4426615238189697,-96.04395294189453,-1.6762832403182983,90.68132019042969,1.5826876163482666,79.34066009521484,1.3847557306289673,86.15384674072266,1.5036683082580566,0.6868131868131868,0.006868131868131868,-0.4422052502632141,-1.6964757442474365,1.5498522520065308,1.3817907571792603,1.5054388046264648,-0.00012439489364624023,-25.33649253845215,-0.442205215702966,-97.20089721679688,-1.696475692325698,88.79998779296875,1.5498521627180775,79.1707763671875,1.3817907189675371,86.25528717041016,1.5054387583768805,0.0,0.0,True,False,0.012439489364624023,0.0,0.0,0.0,0.0,0.0,0.0,0.0,0.0,0.0,0.0,0.0,0.0,0.0,0.0,0.0
5,529,20.129140696953982,20.139622424962,False,-25.36263656616211,-0.4426615238189697,-96.21977996826172,-1.6793519258499146,90.68132019042969,1.5826876163482666,79.34066009521484,1.3847557306289673,86.15384674072266,1.5036683082580566,0.6868131868131868,0.006868131868131868,-0.44117873907089233,-1.7023166418075562,1.5420119762420654,1.3821637630462646,1.5011951923370361,-0.000417858362197876,-25.277677536010742,-0.441178700260795,-97.53555297851562,-1.7023165372284599,88.35077667236328,1.5420119496269387,79.19214630126953,1.3821636946782025,86.01214599609375,1.5011951443378937,0.0,0.0,True,False,0.0417858362197876,0.0,0.0,0.0,0.0,0.0,0.0,0.0,0.0,0.0,0.0,0.0,0.0,0.0,0.0,0.0
5,530,20.162750398973003,20.17325724696275,False,-25.450550079345703,-0.4441958963871002,-96.3956069946289,-1.6824207305908203,90.68132019042969,1.5826876163482666,79.34066009521484,1.3847557306289673,86.15384674072266,1.5036683082580566,0.6868131868131868,0.006868131868131868,-0.43701303005218506,-1.699013113975525,1.544419527053833,1.3776334524154663,1.497638463973999,0.0007197335362434387,-25.03900146484375,-0.43701301697320666,-97.34627532958984,-1.699013019054271,88.48871612548828,1.5444194472523702,78.93257904052734,1.3776333913478689,85.80835723876953,1.4976383595440383,0.07197335362434387,0.0007197335362434387,False,False,0.0,0.0,0.0,0.0,0.0,0.0,0.0,0.0,0.0,0.0,0.0,0.0,0.0,0.0,0.0,0.0
5,531,20.19639828801155,20.208122050971724,False,-25.450550079345703,-0.4441958963871002,-96.48351287841797,-1.6839549541473389,90.68132019042969,1.5826876163482666,79.34066009521484,1.3847557306289673,86.15384674072266,1.5036683082580566,0.6868131868131868,0.006868131868131868,-0.4388282895088196,-1.7086365222930908,1.5436475276947021,1.3822314739227295,1.5028939247131348,-0.0012772828340530396,-25.143007278442383,-0.4388282608617183,-97.89765930175781,-1.708636484811327,88.4444808959961,1.5436473968523563,79.1960220336914,1.3822313389698906,86.1094741821289,1.5028938416392008,0.0,0.0,True,False,0.12772828340530396,0.0,0.0,0.0,0.0,0.0,0.0,0.0,0.0,0.0,0.0,0.0,0.0,0.0,0.0,0.0
5,532,20.22962633194402,20.240140149951912,False,-25.450550079345703,-0.4441958963871002,-96.48351287841797,-1.6839549541473389,90.68132019042969,1.5826876163482666,79.34066009521484,1.3847557306289673,86.15384674072266,1.5036683082580566,0.6868131868131868,0.006868131868131868,-0.44043630361557007,-1.6976075172424316,1.5495407581329346,1.3792372941970825,1.4944649934768677,-0.0011384934186935425,-25.235139846801758,-0.4404362775279081,-97.26573944091797,-1.6976074026309271,88.78214263916016,1.5495407060285926,79.02447509765625,1.379237280114369,85.62653350830078,1.4944649367890999,0.0,0.0,True,False,0.11384934186935425,0.0,0.0,0.0,0.0,0.0,0.0,0.0,0.0,0.0,0.0,0.0,0.0,0.0,0.0,0.0
5,533,20.262976925005205,20.27460191596765,False,-25.450550079345703,-0.4441958963871002,-96.57142639160156,-1.685489296913147,90.68132019042969,1.5826876163482666,79.34066009521484,1.3847557306289673,86.15384674072266,1.5036683082580566,0.6868131868131868,0.006868131868131868,-0.441481351852417,-1.6872204542160034,1.530954122543335,1.3816218376159668,1.4928703308105469,-0.00010004639625549316,-25.29501724243164,-0.4414813352291688,-96.67060852050781,-1.6872204085893456,87.71720123291016,1.5309539721487115,79.16109466552734,1.3816217413963714,85.53516387939453,1.4928702359283605,0.0,0.0,True,False,0.010004639625549316,0.0,0.0,0.0,0.0,0.0,0.0,0.0,0.0,0.0,0.0,0.0,0.0,0.0,0.0,0.0
5,534,20.29634041094687,20.307123100035824,False,-25.450550079345703,-0.4441958963871002,-96.65933990478516,-1.6870237588882446,90.68132019042969,1.5826876163482666,79.34066009521484,1.3847557306289673,86.15384674072266,1.5036683082580566,0.6868131868131868,0.006868131868131868,-0.44220447540283203,-1.6855359077453613,1.5047211647033691,1.3851720094680786,1.4986659288406372,-0.0002978518605232239,-25.336448669433594,-0.4422044500441526,-96.57408905029297,-1.685535826041816,86.68132019042969,1.5128744372984362,79.364501953125,1.3851718682875016,85.86722564697266,1.498665807092591,0.0,0.0,True,False,0.029785186052322388,0.0,0.0,0.0,0.0,0.0,0.0,0.0,0.46715545654296875,0.46715545654296875,0.0,0.0,0.0,0.0,0.0,0.0
5,535,20.33001857995987,20.340881612035446,False,-25.450550079345703,-0.4441958963871002,-96.65933990478516,-1.6870237588882446,90.68132019042969,1.5826876163482666,79.34066009521484,1.3847557306289673,86.15384674072266,1.5036683082580566,0.6868131868131868,0.006868131868131868,-0.4394410252571106,-1.6774842739105225,1.4540284872055054,1.3939920663833618,1.5002940893173218,-0.0002989843487739563,-25.17811393737793,-0.4394409876495183,-96.11276245117188,-1.677484157960125,86.68132019042969,1.5128744372984362,79.86985778808594,1.3939919915017351,85.96051788330078,1.5002940637830655,0.0,0.0,True,False,0.02989843487739563,0.0,0.0,0.0,0.0,0.0,0.0,0.0,3.3716278076171875,3.3716278076171875,0.0,0.0,0.0,0.0,0.0,0.0
5,536,20.363648875034414,20.374127855990082,False,-25.450550079345703,-0.4441958963871002,-96.65933990478516,-1.6870237588882446,90.68132019042969,1.5826876163482666,79.34066009521484,1.3847557306289673,86.15384674072266,1.5036683082580566,0.6868131868131868,0.006868131868131868,-0.43474817276000977,-1.6663962602615356,1.4698166847229004,1.3911069631576538,1.4968844652175903,0.00015997141599655151,-24.90923500061035,-0.43474816491366236,-95.47747039794922,-1.6663962199196345,86.68132019042969,1.5128744372984362,79.70455169677734,1.3911068559347977,85.7651596069336,1.496884418639437,0.01599714159965515,0.00015997141599655151,False,False,0.0,0.0,0.0,0.0,0.0,0.0,0.0,0.0,2.4670333862304688,2.4670333862304688,0.0,0.0,0.0,0.0,0.0,0.0
5,537,20.397353295003995,20.408956350991502,False,-25.450550079345703,-0.4441958963871002,-96.65933990478516,-1.6870237588882446,90.68132019042969,1.5826876163482666,79.42857360839844,1.3862900733947754,86.15384674072266,1.5036683082580566,0.6868131868131868,0.006868131868131868,-0.4443991184234619,-1.6609083414077759,1.4779776334762573,1.3920100927352905,1.4998931884765625,-0.0013766884803771973,-25.46219253540039,-0.44439909451945964,-95.16303253173828,-1.6609082438613083,86.68132019042969,1.5128744372984362,79.75630187988281,1.392010067018498,85.93754577636719,1.499893124880954,0.0,0.0,True,False,0.13766884803771973,0.0,0.0,0.0,0.0,0.0,0.0,0.0,1.9994430541992188,1.9994430541992188,0.0,0.0,0.0,0.0,0.0,0.0
5,538,20.430642765946686,20.442142179002985,False,-25.36263656616211,-0.4426615238189697,-96.48351287841797,-1.6839549541473389,90.68132019042969,1.5826876163482666,79.42857360839844,1.3862900733947754,86.15384674072266,1.5036683082580566,0.6868131868131868,0.006868131868131868,-0.4460340142250061,-1.6086021661758423,1.441099762916565,1.3926514387130737,1.497925043106079,-0.0005700439214706421,-25.555864334106445,-0.4460339758231457,-92.48351287841797,-1.6141418035389719,86.68132019042969,1.5128744372984362,79.79304504394531,1.3926513562089893,85.82477569580078,1.4979249156773309,0.0,0.0,True,False,0.05700439214706421,0.0,0.0,0.0,0.0,0.31740570068359375,0.31740570068359375,0.0,4.112388610839844,4.112388610839844,0.0,0.0,0.0,0.0,0.0,0.0
5,539,20.463861212017946,20.474972174037248,False,-25.27472496032715,-0.44112715125083923,-96.13186645507812,-1.6778175830841064,90.68132019042969,1.5826876163482666,79.51648712158203,1.387824535369873,86.15384674072266,1.5036683082580566,0.6868131868131868,0.006868131868131868,-0.4537036418914795,-1.6310328245162964,1.454842448234558,1.3830888271331787,1.4989638328552246,7.0914626121521e-05,-25.995302200317383,-0.45370361344646487,-93.4512939453125,-1.6310327695947449,86.68132019042969,1.5128744372984362,79.24514770507812,1.3830887436828416,85.8843002319336,1.4989638148185709,0.0070914626121521,7.0914626121521e-05,False,False,0.0,0.0,0.0,0.0,0.0,0.0,0.0,0.0,3.3249893188476562,3.3249893188476562,0.0,0.0,0.0,0.0,0.0,0.0
5,540,20.49744955904316,20.663907042937353,False,-25.27472496032715,-0.44112715125083923,-95.86813354492188,-1.6732145547866821,90.68132019042969,1.5826876163482666,79.51648712158203,1.387824535369873,86.15384674072266,1.5036683082580566,0.6868131868131868,0.006868131868131868,-0.4404538869857788,-1.74357008934021,1.5910083055496216,1.3817996978759766,1.497434377670288,-0.0018132403492927551,-25.236146926879883,-0.44045385439110263,-99.86813354492188,-1.7430277481802832,91.1580581665039,1.5910082547299984,79.1712875366211,1.3817996405571888,85.79666900634766,1.4974343614045382,0.0,0.0,True,False,0.1813240349292755,0.0,0.0,0.0,0.0,0.03106689453125,0.03106689453125,0.0,0.0,0.0,0.0,0.0,0.0,0.0,0.0,0.0
5,541,20.665448297047988,20.67583660897799,False,-25.80219841003418,-0.4503333270549774,-94.37362670898438,-1.6471304893493652,90.68132019042969,1.5826876163482666,79.51648712158203,1.387824535369873,86.15384674072266,1.5036683082580566,0.6868131868131868,0.006868131868131868,-0.4288700222969055,-1.7458575963974,1.5989891290664673,1.3822118043899536,1.5049811601638794,-4.501640796661377e-05,-24.57244110107422,-0.42887000246612583,-98.37362670898438,-1.716943683199611,91.61532592773438,1.5989890827266935,79.19490051269531,1.3822117647358785,86.22906494140625,1.5049810941435504,0.0,0.0,True,False,0.004501640796661377,0.0,0.0,0.0,0.03022003173828125,1.6264190673828125,1.6566390991210938,0.0,0.0,0.0,0.0,0.0,0.0,0.0,0.0,0.0
5,542,20.69900352798868,20.7098410660401,False,-25.80219841003418,-0.4503333270549774,-94.37362670898438,-1.6471304893493652,90.68132019042969,1.5826876163482666,79.51648712158203,1.387824535369873,86.15384674072266,1.5036683082580566,0.6868131868131868,0.006868131868131868,-0.43601375818252563,-1.736217975616455,1.5971171855926514,1.3827368021011353,1.5041168928146362,-0.0021186619997024536,-24.981746673583984,-0.43601373235318164,-98.37362670898438,-1.716943683199611,91.50807189941406,1.5971171467964766,79.2249755859375,1.3827366737867333,86.1795425415039,1.504116765211765,0.0,0.0,True,False,0.21186619997024536,0.0,0.0,0.0,0.0,1.1043319702148438,1.1043319702148438,0.0,0.0,0.0,0.0,0.0,0.0,0.0,0.0,0.0
5,543,20.732419571024366,20.744229828938842,False,-25.714284896850586,-0.44879892468452454,-94.37362670898438,-1.6471304893493652,90.68132019042969,1.5826876163482666,79.51648712158203,1.387824535369873,86.15384674072266,1.5036683082580566,0.6868131868131868,0.006868131868131868,-0.4305577874183655,-1.7354756593704224,1.5877430438995361,1.381905436515808,1.4997676610946655,-0.001599639654159546,-24.66914176940918,-0.43055774751744996,-98.37362670898438,-1.716943683199611,90.9709701538086,1.5877429529174523,79.1773452758789,1.3819053680524649,85.93035125732422,1.4997675568355568,0.0,0.0,True,False,0.1599639654159546,0.0,0.0,0.0,0.0,1.061798095703125,1.061798095703125,0.0,0.0,0.0,0.0,0.0,0.0,0.0,0.0,0.0
5,544,20.76567083003465,20.77573063701857,False,-25.538461685180664,-0.4457302391529083,-95.69230651855469,-1.6701457500457764,91.29669952392578,1.5934280157089233,79.25274658203125,1.3832213878631592,86.15384674072266,1.5036683082580566,0.6868131868131868,0.006868131868131868,-0.4266422986984253,-1.7492892742156982,1.596516728401184,1.380053162574768,1.500491738319397,-0.0010189637541770935,-24.444801330566406,-0.4266422682142746,-99.69230651855469,-1.7399589876561847,91.47366333007812,1.5965166039706638,79.07122039794922,1.3800531395143147,85.97183990478516,1.5004916703359492,0.0,0.0,True,False,0.10189637541770935,0.0,0.0,0.0,0.22684478759765625,0.3077392578125,0.5345840454101562,0.0,0.0,0.0,0.0,0.0,0.0,0.0,0.0,0.0
5,545,20.799412930966355,20.81008613004815,False,-25.450550079345703,-0.4441958963871002,-96.65933990478516,-1.6870237588882446,91.47252655029297,1.5964967012405396,79.07691955566406,1.3801525831222534,86.15384674072266,1.5036683082580566,0.6868131868131868,0.006868131868131868,-0.42566776275634766,-1.7314791679382324,1.5851752758026123,1.380636215209961,1.5038810968399048,-0.0009052157402038574,-24.388965606689453,-0.42566775099238735,-99.2064437866211,-1.731479083271209,90.82384490966797,1.585175132994398,79.10462188720703,1.3806361054769332,86.1660385131836,1.5038810754552931,0.0,0.0,True,False,0.09052157402038574,0.0,0.0,0.0,0.0,0.0,0.0,0.0,0.0,0.0,0.0,0.0,0.0,0.0,0.0,0.0
5,546,20.833159966976382,20.843809852027334,False,-25.098901748657227,-0.438058465719223,-97.18681335449219,-1.6962298154830933,91.47252655029297,1.5964967012405396,79.07691955566406,1.3801525831222534,86.15384674072266,1.5036683082580566,0.6868131868131868,0.006868131868131868,-0.42600005865097046,-1.7212474346160889,1.5897040367126465,1.3821288347244263,1.5045698881149292,0.00024580955505371094,-24.408004760742188,-0.42600004691740195,-98.62020874023438,-1.721247351521179,91.08332824707031,1.589703971586132,79.19014739990234,1.3821288072679225,86.20549774169922,1.5045697689131876,0.024580955505371094,0.00024580955505371094,False,False,0.0,0.0,0.0,0.0,0.0,0.0,0.0,0.0,0.0,0.0,0.0,0.0,0.0,0.0,0.0,0.0
5,547,20.866488141939044,20.877125930041075,False,-25.010988235473633,-0.43652409315109253,-97.62637329101562,-1.7039016485214233,91.47252655029297,1.5964967012405396,78.989013671875,1.3786183595657349,86.15384674072266,1.5036683082580566,0.6868131868131868,0.006868131868131868,-0.4348788857460022,-1.7055045366287231,1.5480278730392456,1.384055733680725,1.5065337419509888,-0.0010677948594093323,-24.916723251342773,-0.434878859544158,-97.71820831298828,-1.7055044742113392,88.6954574584961,1.5480277642133187,79.30054473876953,1.384055604316595,86.31802368164062,1.5065337170590665,0.0,0.0,True,False,0.10677948594093323,0.0,0.0,0.0,0.0,0.0,0.0,0.0,0.0,0.0,0.0,0.0,0.0,0.0,0.0,0.0
5,548,20.90004165098071,20.910369231016375,False,-24.923076629638672,-0.4349897503852844,-97.62637329101562,-1.7039016485214233,91.47252655029297,1.5964967012405396,78.989013671875,1.3786183595657349,86.15384674072266,1.5036683082580566,0.6868131868131868,0.006868131868131868,-0.42883288860321045,-1.714496374130249,1.5709869861602783,1.3814011812210083,1.5074578523635864,-0.0002944543957710266,-24.5703125,-0.42883285136891924,-98.2333984375,-1.7144962381578281,90.01091766357422,1.5709868759708918,79.14845275878906,1.3814010985000584,86.3709716796875,1.5074578339573241,0.0,0.0,True,False,0.02944543957710266,0.0,0.0,0.0,0.0,0.0,0.0,0.0,0.0,0.0,0.0,0.0,0.0,0.0,0.0,0.0
5,549,20.93348489201162,20.943999912939034,False,-24.923076629638672,-0.4349897503852844,-97.62637329101562,-1.7039016485214233,91.38461303710938,1.5949623584747314,78.989013671875,1.3786183595657349,86.15384674072266,1.5036683082580566,0.6868131868131868,0.006868131868131868,-0.4297826886177063,-1.7020574808120728,1.5306388139724731,1.389186978340149,1.5054854154586792,-0.0015671998262405396,-24.624732971191406,-0.429782667771696,-97.52070617675781,-1.7020574116543952,87.69914245605469,1.5306387870337008,79.59454345703125,1.3891868499469051,86.2579574584961,1.5054853636959569,0.0,0.0,True,False,0.15671998262405396,0.0,0.0,0.0,0.0,0.0,0.0,0.0,0.0,0.0,0.0,0.0,0.0,0.0,0.0,0.0
5,550,20.966700469958596,20.9784019140061,False,-24.923076629638672,-0.4349897503852844,-97.62637329101562,-1.7039016485214233,91.12088012695312,1.5903593301773071,78.989013671875,1.3786183595657349,86.15384674072266,1.5036683082580566,0.6868131868131868,0.006868131868131868,-0.43176329135894775,-1.6931445598602295,1.5030062198638916,1.3924936056137085,1.5065312385559082,-0.0014256760478019714,-24.73821258544922,-0.4317632606743879,-97.0100326538086,-1.6931444772761723,87.12088012695312,1.5205462054506276,79.78400421142578,1.392493563914402,86.31787872314453,1.506531187056031,0.0,0.0,True,False,0.14256760478019714,0.0,0.0,0.0,0.0,0.0,0.0,0.0,1.004974365234375,1.004974365234375,0.0,0.0,0.0,0.0,0.0,0.0
5,551,21.000145770958625,21.011883244966157,False,-24.923076629638672,-0.4349897503852844,-97.62637329101562,-1.7039016485214233,91.03296661376953,1.588824987411499,78.989013671875,1.3786183595657349,86.15384674072266,1.5036683082580566,0.6868131868131868,0.006868131868131868,-0.4313773512840271,-1.717082142829895,1.5434976816177368,1.3886797428131104,1.5100611448287964,-0.0006830990314483643,-24.716100692749023,-0.43137733534292183,-98.38155364990234,-1.7170820344182407,88.43589782714844,1.5434975940410394,79.56548309326172,1.3886796509172994,86.52012634277344,1.5100610739228766,0.0,0.0,True,False,0.06830990314483643,0.0,0.0,0.0,0.0,0.0,0.0,0.0,0.0,0.0,0.0,0.0,0.0,0.0,0.0,0.0
5,552,21.033520268043503,21.04510186193511,False,-24.923076629638672,-0.4349897503852844,-97.53845977783203,-1.7023673057556152,90.85713958740234,1.5857561826705933,79.25274658203125,1.3832213878631592,86.15384674072266,1.5036683082580566,0.6868131868131868,0.006868131868131868,-0.43540942668914795,-1.6909892559051514,1.5469571352005005,1.3889724016189575,1.5085164308547974,-1.354515552520752e-05,-24.947120666503906,-0.4354093945228154,-96.88654327392578,-1.6909891810059712,88.63410949707031,1.5469570402970523,79.5822525024414,1.3889723323210992,86.4316177368164,1.508516307332576,0.0,0.0,True,False,0.001354515552520752,0.0,0.0,0.0,0.0,0.0,0.0,0.0,0.0,0.0,0.0,0.0,0.0,0.0,0.0,0.0
5,553,21.066954171983525,21.078763696947135,False,-24.923076629638672,-0.4349897503852844,-97.53845977783203,-1.7023673057556152,90.76923370361328,1.5842219591140747,79.42857360839844,1.3862900733947754,86.15384674072266,1.5036683082580566,0.6868131868131868,0.006868131868131868,-0.43183594942092896,-1.6862354278564453,1.5427830219268799,1.3857225179672241,1.4995299577713013,-0.0007422491908073425,-24.74237632751465,-0.43183593168263346,-96.61416625976562,-1.6862353053021253,88.39495086669922,1.5427829347625166,79.39604949951172,1.3857224768428755,85.91673278808594,1.499529869708267,0.0,0.0,True,False,0.07422491908073425,0.0,0.0,0.0,0.0,0.0,0.0,0.0,0.0,0.0,0.0,0.0,0.0,0.0,0.0,0.0
5,554,21.100355447968468,21.110837870044634,False,-24.923076629638672,-0.4349897503852844,-97.62637329101562,-1.7039016485214233,90.76923370361328,1.5842219591140747,79.42857360839844,1.3862900733947754,86.15384674072266,1.5036683082580566,0.6868131868131868,0.006868131868131868,-0.4349977374076843,-1.6477795839309692,1.456120491027832,1.396358609199524,1.5057975053787231,-0.0009739920496940613,-24.923532485961914,-0.4349977031078028,-94.41081237792969,-1.64777952547749,86.76923370361328,1.5144088175604853,80.00544738769531,1.3963584764463794,86.27584075927734,1.5057974861757142,0.0,0.0,True,False,0.09739920496940613,0.0,0.0,0.0,0.0,0.0,0.0,0.0,3.3396759033203125,3.3396759033203125,0.0,0.0,0.0,0.0,0.0,0.0
5,555,21.133679274003953,21.14551655901596,False,-24.923076629638672,-0.4349897503852844,-97.45054626464844,-1.7008328437805176,90.76923370361328,1.5842219591140747,79.51648712158203,1.387824535369873,86.15384674072266,1.5036683082580566,0.6868131868131868,0.006868131868131868,-0.43770962953567505,-1.667649745941162,1.4429420232772827,1.397898554801941,1.4954917430877686,-0.0003690570592880249,-25.07891273498535,-0.4377096000458305,-95.54928588867188,-1.6676496366866802,86.76923370361328,1.5144088175604853,80.09368133544922,1.3978984493467177,85.68536376953125,1.49549171854738,0.0,0.0,True,False,0.03690570592880249,0.0,0.0,0.0,0.0,0.0,0.0,0.0,4.094749450683594,4.094749450683594,0.0,0.0,0.0,0.0,0.0,0.0
5,556,21.167400358011946,21.179630364989862,False,-24.923076629638672,-0.4349897503852844,-96.92308044433594,-1.6916269063949585,90.5054931640625,1.5796188116073608,79.69230651855469,1.3908931016921997,86.15384674072266,1.5036683082580566,0.6868131868131868,0.006868131868131868,-0.4302749037742615,-1.5971413850784302,1.3334969282150269,1.405751347541809,1.5091415643692017,-0.001125730574131012,-24.652935028076172,-0.43027488652016993,-92.92308044433594,-1.6218137048492176,86.5054931640625,1.509805676774338,80.54361724853516,1.4057513124530345,86.46743774414062,1.509141484398472,0.0,0.0,True,False,0.1125730574131012,0.0,0.0,0.0,0.0,1.4136276245117188,1.4136276245117188,0.0,10.101753234863281,10.101753234863281,0.0,0.0,0.0,0.0,0.0,0.0
5,557,21.201168191968463,21.215049232938327,False,-24.923076629638672,-0.4349897503852844,-96.21977996826172,-1.6793519258499146,90.32967376708984,1.5765502452850342,79.69230651855469,1.3908931016921997,86.15384674072266,1.5036683082580566,0.6868131868131868,0.006868131868131868,-0.43544483184814453,-1.5406264066696167,1.260278582572937,1.3944669961929321,1.5046701431274414,-0.001213572919368744,-24.94915008544922,-0.4354448145653135,-92.21977996826172,-1.609538795910879,86.32967376708984,1.5067370494082941,79.8970718383789,1.3944669662821507,86.21124267578125,1.504670036928229,0.0,0.0,True,False,0.12135729193687439,0.0,0.0,0.0,0.0,3.948394775390625,3.948394775390625,0.0,14.12103271484375,14.12103271484375,0.0,0.0,0.0,0.0,0.0,0.0
5,558,21.234158474951982,21.24602096597664,False,-24.923076629638672,-0.4349897503852844,-95.78022003173828,-1.671680212020874,90.32967376708984,1.5765502452850342,79.95604705810547,1.3954962491989136,86.15384674072266,1.5036683082580566,0.6868131868131868,0.006868131868131868,-0.43398934602737427,-1.5131797790527344,1.2678368091583252,1.394360065460205,1.508651614189148,-3.412365913391113e-05,-24.86575698852539,-0.43398933045055793,-91.78022003173828,-1.6018670277586875,86.32967376708984,1.5067370494082941,79.89094543457031,1.394360040364384,86.43936920166016,1.508651595915952,0.0,0.0,True,False,0.0034123659133911133,0.0,0.0,0.0,0.0,5.081413269042969,5.081413269042969,0.0,13.687980651855469,13.687980651855469,0.0,0.0,0.0,0.0,0.0,0.0
5,559,21.26764005597215,21.27904461103026,False,-24.923076629638672,-0.4349897503852844,-95.07691955566406,-1.65940523147583,90.32967376708984,1.5765502452850342,79.95604705810547,1.3954962491989136,86.15384674072266,1.5036683082580566,0.6868131868131868,0.006868131868131868,-0.4372078776359558,-1.4466801881790161,1.1995890140533447,1.3985412120819092,1.5126572847366333,-0.0010025650262832642,-25.0501651763916,-0.43720786049645954,-91.07691955566406,-1.5895921188203488,86.32967376708984,1.5067370494082941,80.13050079345703,1.3985410701177539,86.66887664794922,1.5126572565115401,0.0,0.0,True,False,0.10025650262832642,0.0,0.0,0.0,0.0,8.188255310058594,8.188255310058594,0.0,17.598289489746094,17.598289489746094,0.0,0.0,0.0,0.0,0.0,0.0
5,560,21.301155540975742,21.311883777030744,False,-24.923076629638672,-0.4349897503852844,-94.02198028564453,-1.6409931182861328,90.32967376708984,1.5765502452850342,80.04395294189453,1.3970304727554321,86.15384674072266,1.5036683082580566,0.6868131868131868,0.006868131868131868,-0.44299769401550293,-1.4331339597702026,1.2164413928985596,1.3961845636367798,1.5057319402694702,-0.0018931850790977478,-25.38189697265625,-0.4429976725748327,-90.02198028564453,-1.5711799551499226,86.32967376708984,1.5067370494082941,79.99547576904297,1.396184438869143,86.27207946777344,1.5057318392548438,0.0,0.0,True,False,0.18931850790977478,0.0,0.0,0.0,0.0,7.909454345703125,7.909454345703125,0.0,16.632720947265625,16.632720947265625,0.0,0.0,0.0,0.0,0.0,0.0
5,561,21.3344556390075,21.346375111024827,False,-24.923076629638672,-0.4349897503852844,-92.87911987304688,-1.6210464239120483,90.32967376708984,1.5765502452850342,80.04395294189453,1.3970304727554321,86.15384674072266,1.5036683082580566,0.6868131868131868,0.006868131868131868,-0.43569403886795044,-1.5852667093276978,1.364184021949768,1.3939772844314575,1.4964473247528076,-0.000411011278629303,-24.963428497314453,-0.43569401986431766,-90.82908630371094,-1.585266612577842,86.32967376708984,1.5067370494082941,79.86901092529297,1.3939772109576851,85.7401123046875,1.4964472607465005,0.0,0.0,True,False,0.0411011278629303,0.0,0.0,0.0,0.0,0.0,0.0,0.0,8.167694091796875,8.167694091796875,0.0,0.0,0.0,0.0,0.0,0.0
5,562,21.367908852989785,21.399876081035472,False,-24.923076629638672,-0.4349897503852844,-92.26373291015625,-1.610305905342102,90.32967376708984,1.5765502452850342,80.04395294189453,1.3970304727554321,86.15384674072266,1.5036683082580566,0.6868131868131868,0.006868131868131868,-0.4298684597015381,-1.6624006032943726,1.4717656373977661,1.3891806602478027,1.5021238327026367,0.0012426301836967468,-24.62964630126953,-0.42986842155879657,-95.24853515625,-1.6624005461781342,86.32967376708984,1.5067370494082941,79.59418487548828,1.3891805915183435,86.06535339355469,1.5021237886100043,0.12426301836967468,0.0012426301836967468,False,False,0.0,0.0,0.0,0.0,0.0,0.0,0.0,0.0,2.0037155151367188,2.0037155151367188,0.0,0.0,0.0,0.0,0.0,0.0
5,563,21.401306999963708,21.414733376936056,False,-24.923076629638672,-0.4349897503852844,-91.82417297363281,-1.6026341915130615,90.32967376708984,1.5765502452850342,80.04395294189453,1.3970304727554321,86.15384674072266,1.5036683082580566,0.6868131868131868,0.006868131868131868,-0.42688560485839844,-1.6982909440994263,1.5343866348266602,1.3863694667816162,1.5001260042190552,-0.0002077147364616394,-24.458742141723633,-0.42688558126936693,-95.82417297363281,-1.672447321390458,87.91387176513672,1.5343865204777147,79.43311309814453,1.3863693586716557,85.95088195800781,1.5001258851602268,0.0,0.0,True,False,0.02077147364616394,0.0,0.0,0.0,0.0,1.4807281494140625,1.4807281494140625,0.0,0.0,0.0,0.0,0.0,0.0,0.0,0.0,0.0
5,564,21.434716442017816,21.447925476008095,False,-24.923076629638672,-0.4349897503852844,-91.73626708984375,-1.6010998487472534,90.32967376708984,1.5765502452850342,80.04395294189453,1.3970304727554321,86.15384674072266,1.5036683082580566,0.6868131868131868,0.006868131868131868,-0.44161123037338257,-1.6595901250839233,1.5173178911209106,1.3880573511123657,1.5021424293518066,-0.0009558945894241333,-25.302457809448242,-0.4416111976218238,-95.0875015258789,-1.659589979121719,86.93590545654297,1.5173177884191789,79.52982330322266,1.388057270170548,86.06641387939453,1.5021422975795804,0.0,0.0,True,False,0.09558945894241333,0.0,0.0,0.0,0.0,0.0,0.0,0.0,0.0,0.0,0.0,0.0,0.0,0.0,0.0,0.0
5,565,21.46821355202701,21.479936223942786,False,-24.923076629638672,-0.4349897503852844,-91.82417297363281,-1.6026341915130615,90.32967376708984,1.5765502452850342,80.04395294189453,1.3970304727554321,86.15384674072266,1.5036683082580566,0.6868131868131868,0.006868131868131868,-0.4365866184234619,-1.6390156745910645,1.4863446950912476,1.388486623764038,1.503953456878662,-0.0009628757834434509,-25.014568328857422,-0.4365865783036577,-93.90867614746094,-1.6390155949622573,86.32967376708984,1.5067370494082941,79.5544204711914,1.3884865717382688,86.17018127441406,1.5039533802788887,0.0,0.0,True,False,0.09628757834434509,0.0,0.0,0.0,0.0,0.0,0.0,0.0,1.1684036254882812,1.1684036254882812,0.0,0.0,0.0,0.0,0.0,0.0
5,566,21.50164940196555,21.513457854045555,False,-24.923076629638672,-0.4349897503852844,-93.31867980957031,-1.6287182569503784,90.32967376708984,1.5765502452850342,80.04395294189453,1.3970304727554321,86.15384674072266,1.5036683082580566,0.6868131868131868,0.006868131868131868,-0.43792563676834106,-1.534480094909668,1.3267396688461304,1.3968313932418823,1.4999486207962036,-0.0012294650077819824,-25.091289520263672,-0.4379256156997495,-89.31867980957031,-1.5589050462115839,86.32967376708984,1.5067370494082941,80.03253936767578,1.396831320697923,85.94071960449219,1.4999485186316277,0.0,0.0,True,False,0.12294650077819824,0.0,0.0,0.0,0.0,1.3994522094726562,1.3994522094726562,0.0,10.313095092773438,10.313095092773438,0.0,0.0,0.0,0.0,0.0,0.0
5,567,21.53512559493538,21.54827159503475,False,-24.923076629638672,-0.4349897503852844,-94.72527313232422,-1.6532678604125977,90.06593322753906,1.5719470977783203,80.04395294189453,1.3970304727554321,86.15384674072266,1.5036683082580566,0.6868131868131868,0.006868131868131868,-0.437719464302063,-1.5064927339553833,1.3000904321670532,1.3982703685760498,1.501736044883728,-0.0006102919578552246,-25.079477310180664,-0.4377194537418638,-90.72527313232422,-1.5834547309302067,86.06593322753906,1.5021339086221466,80.11498260498047,1.3982702266348928,86.04312896728516,1.5017358991972343,0.0,0.0,True,False,0.06102919578552246,0.0,0.0,0.0,0.0,4.409599304199219,4.409599304199219,0.0,11.576240539550781,11.576240539550781,0.0,0.0,0.0,0.0,0.0,0.0
5,568,21.56862778204959,21.58119409403298,False,-24.923076629638672,-0.4349897503852844,-94.28571319580078,-1.6455961465835571,89.80220031738281,1.567344069480896,80.04395294189453,1.3970304727554321,86.15384674072266,1.5036683082580566,0.6868131868131868,0.006868131868131868,-0.4493224024772644,-1.4111002683639526,1.205445408821106,1.4016963243484497,1.502191185951233,-0.0010543391108512878,-25.74427604675293,-0.44932238055814827,-90.28571319580078,-1.5757829627780156,85.80220031738281,1.4975309009940536,80.311279296875,1.4016962502192254,86.0692138671875,1.5021911665855834,0.0,0.0,True,False,0.10543391108512878,0.0,0.0,0.0,0.0,9.435630798339844,9.435630798339844,0.0,16.735267639160156,16.735267639160156,0.0,0.0,0.0,0.0,0.0,0.0
5,569,21.60256909497548,21.613682474009693,False,-24.923076629638672,-0.4349897503852844,-92.43955993652344,-1.6133747100830078,89.62637329101562,1.5642752647399902,80.04395294189453,1.3970304727554321,86.15384674072266,1.5036683082580566,0.6868131868131868,0.006868131868131868,-0.44761258363723755,-1.3580825328826904,1.179100751876831,1.3984438180923462,1.5016297101974487,-0.0004905238747596741,-25.646310806274414,-0.44761256455929016,-88.43955993652344,-1.5435615099072013,85.62637329101562,1.4944621404699554,80.12492370605469,1.3984437315799114,86.03704071044922,1.5016296390697401,0.0,0.0,True,False,0.04905238747596741,0.0,0.0,0.0,0.0,10.627166748046875,10.627166748046875,0.0,18.068878173828125,18.068878173828125,0.0,0.0,0.0,0.0,0.0,0.0
5,570,21.63569192995783,21.80719024396967,False,-24.923076629638672,-0.4349897503852844,-90.5934066772461,-1.5811532735824585,89.62637329101562,1.5642752647399902,80.04395294189453,1.3970304727554321,86.15384674072266,1.5036683082580566,0.6868131868131868,0.006868131868131868,-0.43828117847442627,-1.6902170181274414,1.582907795906067,1.39120352268219,1.5106438398361206,-0.002155616879463196,-25.11166000366211,-0.4382811477052751,-94.5934066772461,-1.6509663971959334,90.69393157958984,1.5829077176423045,79.7100830078125,1.391203395524313,86.55351257324219,1.5106437735693858,0.0,0.0,True,False,0.21556168794631958,0.0,0.0,0.0,0.0,2.2488861083984375,2.2488861083984375,0.0,0.0,0.0,0.0,0.0,0.0,0.0,0.0,0.0
5,571,21.808681883034296,21.820937357959338,False,-25.626373291015625,-0.44726458191871643,-89.62637329101562,-1.5642752647399902,89.53845977783203,1.5627409219741821,80.04395294189453,1.3970304727554321,86.32967376708984,1.5067369937896729,0.6868131868131868,0.006868131868131868,-0.4360504150390625,-1.6879613399505615,1.580100178718567,1.3871564865112305,1.5015580654144287,-0.0017986595630645752,-24.98384666442871,-0.4360503841076839,-93.62637329101562,-1.6340884806295017,90.53306579589844,1.5801000800630884,79.47821044921875,1.3871564559318286,86.0329360961914,1.501558000036417,0.0,0.0,True,False,0.17986595630645752,0.0,0.0,0.0,0.0,3.0866851806640625,3.0866851806640625,0.0,0.0,0.0,0.0,0.0,0.0,0.0,0.0,0.0
5,572,21.8420107109705,21.85533371195197,False,-25.538461685180664,-0.4457302391529083,-89.45054626464844,-1.561206579208374,89.53845977783203,1.5627409219741821,80.04395294189453,1.3970304727554321,86.24176025390625,1.5052026510238647,0.6868131868131868,0.006868131868131868,-0.4379125237464905,-1.6616637706756592,1.5392611026763916,1.3920061588287354,1.4970813989639282,-0.003914885222911835,-25.090538024902344,-0.4379124996313809,-93.45054626464844,-1.6310197201054035,88.19316101074219,1.5392610373789413,79.75607299804688,1.392006072276863,85.77644348144531,1.4970813594020482,0.0,0.0,True,False,0.39148852229118347,0.0,0.0,0.0,0.0,1.755767822265625,1.755767822265625,0.0,0.0,0.0,0.0,0.0,0.0,0.0,0.0,0.0
5,573,21.875614968012087,21.88718100602273,False,-25.450550079345703,-0.4441958963871002,-89.53845977783203,-1.5627409219741821,89.62637329101562,1.5642752647399902,80.04395294189453,1.3970304727554321,86.15384674072266,1.5036683082580566,0.6868131868131868,0.006868131868131868,-0.43708348274230957,-1.6812855005264282,1.5518205165863037,1.3906540870666504,1.494675636291504,-0.0024139806628227234,-25.04303741455078,-0.4370834575840392,-93.53845977783203,-1.6325541003674526,88.91275787353516,1.5518203719217005,79.67860412597656,1.3906539853914297,85.63860321044922,1.4946755928313253,0.0,0.0,True,False,0.24139806628227234,0.0,0.0,0.0,0.0,2.7920989990234375,2.7920989990234375,0.0,0.0,0.0,0.0,0.0,0.0,0.0,0.0,0.0
5,574,21.90896207501646,21.922196679050103,False,-25.36263656616211,-0.4426615238189697,-90.94505310058594,-1.587290644645691,90.32967376708984,1.5765502452850342,80.04395294189453,1.3970304727554321,86.15384674072266,1.5036683082580566,0.6868131868131868,0.006868131868131868,-0.4349166750907898,-1.6655173301696777,1.5407811403274536,1.3907009363174438,1.4997620582580566,-0.0018836185336112976,-24.918888092041016,-0.4349166431421235,-94.94505310058594,-1.6571037850860755,88.2802505493164,1.540781036571104,79.68128967285156,1.390700857026615,85.9300308227539,1.4997619641972675,0.0,0.0,True,False,0.18836185336112976,0.0,0.0,0.0,0.0,0.4820556640625,0.4820556640625,0.0,0.0,0.0,0.0,0.0,0.0,0.0,0.0,0.0
5,575,21.94236926501617,21.956266702967696,False,-25.36263656616211,-0.4426615238189697,-92.0879135131836,-1.6072373390197754,90.76923370361328,1.5842219591140747,79.95604705810547,1.3954962491989136,86.15384674072266,1.5036683082580566,0.6868131868131868,0.006868131868131868,-0.4389394521713257,-1.6670321226119995,1.542434811592102,1.3915163278579712,1.4882487058639526,-0.0024722442030906677,-25.149375915527344,-0.43893941454771546,-95.51390075683594,-1.667032049629891,88.375,1.5424347264499887,79.72801208496094,1.3915163169523974,85.2703628540039,1.4882485861726371,0.0,0.0,True,False,0.24722442030906677,0.0,0.0,0.0,0.0,0.0,0.0,0.0,0.0,0.0,0.0,0.0,0.0,0.0,0.0,0.0
5,576,21.976246249047108,21.98788675002288,False,-25.36263656616211,-0.4426615238189697,-92.79120635986328,-1.6195120811462402,90.76923370361328,1.5842219591140747,79.78022003173828,1.3924275636672974,86.15384674072266,1.5036683082580566,0.6868131868131868,0.006868131868131868,-0.4353184700012207,-1.6648377180099487,1.5485137701034546,1.3877981901168823,1.487565040588379,-4.5612454414367676e-05,-24.941909790039062,-0.4353184475715892,-95.38816833496094,-1.6648376048916655,88.72329711914062,1.5485136579542036,79.51497650146484,1.3877981445964833,85.23119354248047,1.4875649527208137,0.0,0.0,True,False,0.004561245441436768,0.0,0.0,0.0,0.0,0.0,0.0,0.0,0.0,0.0,0.0,0.0,0.0,0.0,0.0,0.0
5,577,22.009606073028408,22.021324455039576,False,-25.450550079345703,-0.4441958963871002,-93.75823974609375,-1.636389970779419,90.76923370361328,1.5842219591140747,79.69230651855469,1.3908931016921997,86.15384674072266,1.5036683082580566,0.6868131868131868,0.006868131868131868,-0.4331904649734497,-1.690386414527893,1.5613774061203003,1.39007568359375,1.4884365797042847,-0.0032168924808502197,-24.819984436035156,-0.4331904487025614,-96.85200500488281,-1.6903863744932317,89.4603271484375,1.5613772586515045,79.64546203613281,1.3900755468026644,85.2811279296875,1.488436472187542,0.0,0.0,True,False,0.321689248085022,0.0,0.0,0.0,0.0,0.0,0.0,0.0,0.0,0.0,0.0,0.0,0.0,0.0,0.0,0.0
5,578,22.042939314967953,22.054922782001086,False,-25.450550079345703,-0.4441958963871002,-94.19779968261719,-1.6440616846084595,90.76923370361328,1.5842219591140747,79.6043930053711,1.3893587589263916,86.15384674072266,1.5036683082580566,0.6868131868131868,0.006868131868131868,-0.4290594458580017,-1.6586827039718628,1.5233886241912842,1.3916163444519043,1.4967893362045288,-0.0023375600576400757,-24.583293914794922,-0.42905941979865775,-95.03551483154297,-1.658682640138329,87.28373718261719,1.523388597282069,79.7337417602539,1.39161631865133,85.75970458984375,1.4967892106304665,0.0,0.0,True,False,0.23375600576400757,0.0,0.0,0.0,0.0,0.0,0.0,0.0,0.0,0.0,0.0,0.0,0.0,0.0,0.0,0.0
5,579,22.076284701004624,22.091016005026177,False,-25.450550079345703,-0.4441958963871002,-94.72527313232422,-1.6532678604125977,90.76923370361328,1.5842219591140747,79.6043930053711,1.3893587589263916,86.15384674072266,1.5036683082580566,0.6868131868131868,0.006868131868131868,-0.42828845977783203,-1.6661814451217651,1.5457130670547485,1.3893120288848877,1.4919729232788086,-0.001036420464515686,-24.539119720458984,-0.4282884346630798,-95.46515655517578,-1.666181302819665,88.56282806396484,1.5457129445938218,79.60171508789062,1.389312018518139,85.48374938964844,1.4919728837990582,0.0,0.0,True,False,0.1036420464515686,0.0,0.0,0.0,0.0,0.0,0.0,0.0,0.0,0.0,0.0,0.0,0.0,0.0,0.0,0.0
5,580,22.10952867893502,22.121339682023972,False,-25.27472496032715,-0.44112715125083923,-95.34066009521484,-1.664008378982544,90.76923370361328,1.5842219591140747,79.51648712158203,1.387824535369873,86.15384674072266,1.5036683082580566,0.6868131868131868,0.006868131868131868,-0.42082542181015015,-1.7054948806762695,1.5555291175842285,1.3913726806640625,1.4959766864776611,-0.0010450184345245361,-24.11151885986328,-0.4208253917613235,-97.7176513671875,-1.7054947536733602,89.12525177001953,1.5555290900557448,79.71977996826172,1.3913726394115877,85.71314239501953,1.4959765470238289,0.0,0.0,True,False,0.10450184345245361,0.0,0.0,0.0,0.0,0.0,0.0,0.0,0.0,0.0,0.0,0.0,0.0,0.0,0.0,0.0
5,581,22.14295842300635,22.154644708964042,False,-25.010988235473633,-0.43652409315109253,-95.34066009521484,-1.664008378982544,90.5054931640625,1.5796188116073608,79.86813354492188,1.3939619064331055,86.15384674072266,1.5036683082580566,0.6868131868131868,0.006868131868131868,-0.41909390687942505,-1.6930562257766724,1.5573132038116455,1.3899301290512085,1.4951766729354858,-0.000392131507396698,-24.012310028076172,-0.41909387099958123,-97.00497436523438,-1.6930561934860362,89.22747039794922,1.557313141669989,79.63712310791016,1.3899300050490917,85.66730499267578,1.4951765334323692,0.0,0.0,True,False,0.0392131507396698,0.0,0.0,0.0,0.0,0.0,0.0,0.0,0.0,0.0,0.0,0.0,0.0,0.0,0.0,0.0
5,582,22.176338732941076,22.188072583987378,False,-24.83516502380371,-0.4334554076194763,-95.6043930053711,-1.6686114072799683,90.5054931640625,1.5796188116073608,79.86813354492188,1.3939619064331055,86.15384674072266,1.5036683082580566,0.6868131868131868,0.006868131868131868,-0.41798239946365356,-1.6983739137649536,1.5676120519638062,1.3873155117034912,1.494565725326538,-0.00036060065031051636,-23.948625564575195,-0.41798236742912304,-97.30965423583984,-1.698373860392652,89.81755065917969,1.567611985079489,79.48731994628906,1.3873154466489064,85.6323013305664,1.4945656042783049,0.0,0.0,True,False,0.036060065031051636,0.0,0.0,0.0,0.0,0.0,0.0,0.0,0.0,0.0,0.0,0.0,0.0,0.0,0.0,0.0
5,583,22.209840134950355,22.2224751629401,False,-24.571428298950195,-0.4288523197174072,-96.30769348144531,-1.6808863878250122,90.5054931640625,1.5796188116073608,79.78022003173828,1.3924275636672974,86.15384674072266,1.5036683082580566,0.6868131868131868,0.006868131868131868,-0.41913658380508423,-1.6949788331985474,1.5609118938446045,1.3890904188156128,1.5011979341506958,-3.970414400100708e-05,-24.014755249023438,-0.4191365481560497,-97.11512756347656,-1.6949787294769645,89.43366241455078,1.560911871251013,79.5890121459961,1.3890903103573897,86.01229858398438,1.5011978074989838,0.0,0.0,True,False,0.003970414400100708,0.0,0.0,0.0,0.0,0.0,0.0,0.0,0.0,0.0,0.0,0.0,0.0,0.0,0.0,0.0
5,584,22.243379813968204,22.255928794038482,False,-24.483516693115234,-0.4273179769515991,-96.48351287841797,-1.6839549541473389,90.4175796508789,1.5780844688415527,79.86813354492188,1.3939619064331055,86.15384674072266,1.5036683082580566,0.6868131868131868,0.006868131868131868,-0.42294830083847046,-1.6806020736694336,1.5536627769470215,1.3871803283691406,1.498735785484314,-0.0013009384274482727,-24.233150482177734,-0.42294826404525293,-96.29139709472656,-1.6806019206482807,89.01831817626953,1.5536627467638173,79.47957611083984,1.3871802912235849,85.87123107910156,1.4987357150712055,0.0,0.0,True,False,0.13009384274482727,0.0,0.0,0.0,0.0,0.0,0.0,0.0,0.0,0.0,0.0,0.0,0.0,0.0,0.0,0.0
5,585,22.27682038093917,22.290463928948157,False,-24.395605087280273,-0.425783634185791,-96.48351287841797,-1.6839549541473389,90.4175796508789,1.5780844688415527,79.86813354492188,1.3939619064331055,86.15384674072266,1.5036683082580566,0.6868131868131868,0.006868131868131868,-0.4237558841705322,-1.6976622343063354,1.564501404762268,1.3885903358459473,1.491801381111145,-0.0015383213758468628,-24.279422760009766,-0.42375586764581946,-97.26887512207031,-1.6976621305913282,89.63932037353516,1.5645012797682218,79.56036376953125,1.3885903018627272,85.47391510009766,1.4918012430668026,0.0,0.0,True,False,0.15383213758468628,0.0,0.0,0.0,0.0,0.0,0.0,0.0,0.0,0.0,0.0,0.0,0.0,0.0,0.0,0.0
5,586,22.310616116039455,22.324106576037593,False,-24.395605087280273,-0.425783634185791,-96.48351287841797,-1.6839549541473389,90.4175796508789,1.5780844688415527,79.86813354492188,1.3939619064331055,86.15384674072266,1.5036683082580566,0.6868131868131868,0.006868131868131868,-0.4257758855819702,-1.6795023679733276,1.5394400358200073,1.3896808624267578,1.49759840965271,0.00018812716007232666,-24.395160675048828,-0.42577587533264455,-96.2283935546875,-1.679502301434187,88.20341491699219,1.5394400018041947,79.62284088134766,1.3896807331710603,85.80606079101562,1.4975982789696327,0.018812716007232666,0.00018812716007232666,False,False,0.0,0.0,0.0,0.0,0.0,0.0,0.0,0.0,0.0,0.0,0.0,0.0,0.0,0.0,0.0,0.0
5,587,22.34395659400616,22.35607776104007,False,-24.395605087280273,-0.425783634185791,-96.48351287841797,-1.6839549541473389,90.4175796508789,1.5780844688415527,79.86813354492188,1.3939619064331055,86.15384674072266,1.5036683082580566,0.6868131868131868,0.006868131868131868,-0.42787253856658936,-1.6818572282791138,1.543455958366394,1.389160394668579,1.489125370979309,-0.0003304779529571533,-24.515289306640625,-0.4278725154798367,-96.36331939697266,-1.6818572016280895,88.43350982666016,1.5434559155699796,79.59302520751953,1.3891603514940587,85.32059478759766,1.489125298803491,0.0,0.0,True,False,0.03304779529571533,0.0,0.0,0.0,0.0,0.0,0.0,0.0,0.0,0.0,0.0,0.0,0.0,0.0,0.0,0.0
5,588,22.377150299958885,22.38962283800356,False,-24.395605087280273,-0.425783634185791,-96.48351287841797,-1.6839549541473389,90.4175796508789,1.5780844688415527,79.86813354492188,1.3939619064331055,86.15384674072266,1.5036683082580566,0.6868131868131868,0.006868131868131868,-0.4275425672531128,-1.6860917806625366,1.5456547737121582,1.3899343013763428,1.4936797618865967,-0.0003086104989051819,-24.496383666992188,-0.4275425498207759,-96.6059341430664,-1.6860916277613156,88.55949401855469,1.5456547545240036,79.63736724853516,1.389934266106836,85.58154296875,1.49367970374169,0.0,0.0,True,False,0.03086104989051819,0.0,0.0,0.0,0.0,0.0,0.0,0.0,0.0,0.0,0.0,0.0,0.0,0.0,0.0,0.0
5,589,22.410606269957498,22.42153056396637,False,-24.30769157409668,-0.4242492616176605,-96.3956069946289,-1.6824207305908203,90.4175796508789,1.5780844688415527,79.86813354492188,1.3939619064331055,86.15384674072266,1.5036683082580566,0.6868131868131868,0.006868131868131868,-0.42832469940185547,-1.6774204969406128,1.5286318063735962,1.3903392553329468,1.4908872842788696,-1.430511474609375e-05,-24.541196823120117,-0.4283246869434185,-96.1091079711914,-1.6774203752520176,87.58414459228516,1.5286316956781625,79.66056823730469,1.3903391997505823,85.42154693603516,1.4908872461806875,0.0,0.0,True,False,0.001430511474609375,0.0,0.0,0.0,0.0,0.0,0.0,0.0,0.0,0.0,0.0,0.0,0.0,0.0,0.0,0.0
5,590,22.44387422502041,22.454692248022184,False,-24.30769157409668,-0.4242492616176605,-96.3956069946289,-1.6824207305908203,90.4175796508789,1.5780844688415527,79.95604705810547,1.3954962491989136,86.15384674072266,1.5036683082580566,0.6868131868131868,0.006868131868131868,-0.43603020906448364,-1.631176471710205,1.4918416738510132,1.3950735330581665,1.4929680824279785,-0.0009776651859283447,-24.982688903808594,-0.4360301773729129,-93.45952606201172,-1.6311764471355545,86.4175796508789,1.5082712965122889,79.93182373046875,1.3950735012204163,85.54076385498047,1.4929679739403665,0.0,0.0,True,False,0.09776651859283447,0.0,0.0,0.0,0.0,0.0,0.0,0.0,0.9413528442382812,0.9413528442382812,0.0,0.0,0.0,0.0,0.0,0.0
5,591,22.47731861297507,22.491014107945375,False,-24.30769157409668,-0.4242492616176605,-96.30769348144531,-1.6808863878250122,90.4175796508789,1.5780844688415527,79.95604705810547,1.3954962491989136,86.15384674072266,1.5036683082580566,0.6868131868131868,0.006868131868131868,-0.43560540676116943,-1.6341147422790527,1.4670621156692505,1.393522024154663,1.4903947114944458,-0.0008858591318130493,-24.958349227905273,-0.43560536988953164,-93.62787628173828,-1.634114712766239,86.4175796508789,1.5082712965122889,79.84292602539062,1.393521943569336,85.39332580566406,1.4903946945370774,0.0,0.0,True,False,0.08858591318130493,0.0,0.0,0.0,0.0,0.0,0.0,0.0,2.361114501953125,2.361114501953125,0.0,0.0,0.0,0.0,0.0,0.0
5,592,22.510935041005723,22.52482508297544,False,-24.30769157409668,-0.4242492616176605,-95.86813354492188,-1.6732145547866821,90.24176025390625,1.5750157833099365,80.04395294189453,1.3970304727554321,86.15384674072266,1.5036683082580566,0.6868131868131868,0.006868131868131868,-0.43553704023361206,-1.5682473182678223,1.3829622268676758,1.3963496685028076,1.4871628284454346,-0.0003287568688392639,-24.95443344116211,-0.4355370265180575,-91.86813354492188,-1.6034014080207366,86.24176025390625,1.505202669146245,80.00493621826172,1.3963495548567277,85.20814514160156,1.4871626822381572,0.0,0.0,True,False,0.03287568688392639,0.0,0.0,0.0,0.0,2.0141830444335938,2.0141830444335938,0.0,7.003868103027344,7.003868103027344,0.0,0.0,0.0,0.0,0.0,0.0
5,593,22.544495887937956,22.558224890963174,False,-24.30769157409668,-0.4242492616176605,-94.9011001586914,-1.6563366651535034,89.97801971435547,1.5704126358032227,80.04395294189453,1.3970304727554321,86.15384674072266,1.5036683082580566,0.6868131868131868,0.006868131868131868,-0.4256601929664612,-1.4860609769821167,1.2744282484054565,1.4112930297851562,1.4960211515426636,-0.0014872103929519653,-24.388530731201172,-0.4256601609832806,-90.9011001586914,-1.586523491454305,85.97801971435547,1.5005995283600975,80.86112976074219,1.4112929512073258,85.71569061279297,1.4960210218140333,0.0,0.0,True,False,0.14872103929519653,0.0,0.0,0.0,0.0,5.756080627441406,5.756080627441406,0.0,12.958663940429688,12.958663940429688,0.0,0.0,0.0,0.0,0.0,0.0
5,594,22.577994373976253,22.591502967989072,False,-24.483516693115234,-0.4273179769515991,-94.10989379882812,-1.642527461051941,89.89010620117188,1.5688782930374146,80.04395294189453,1.3970304727554321,85.97801971435547,1.5005995035171509,0.6868131868131868,0.006868131868131868,-0.4237712025642395,-1.4434120655059814,1.2081246376037598,1.4133331775665283,1.498488426208496,-0.00102195143699646,-24.28030014038086,-0.4237711808220874,-90.10989379882812,-1.5727143354119717,85.89010620117188,1.4990651480980484,80.97801971435547,1.413333065760381,85.8570556640625,1.4984883074059372,0.0,0.0,True,False,0.102195143699646,0.0,0.0,0.0,0.0,7.408477783203125,7.408477783203125,0.0,16.66967010498047,16.66967010498047,0.0,0.0,0.0,0.0,0.0,0.0
5,595,22.611335171037354,22.625091510009952,False,-24.571428298950195,-0.4288523197174072,-92.96703338623047,-1.6225807666778564,89.80220031738281,1.567344069480896,80.13186645507812,1.3985649347305298,85.97801971435547,1.5005995035171509,0.6868131868131868,0.006868131868131868,-0.42698174715042114,-1.4178718328475952,1.1837103366851807,1.4093936681747437,1.4852428436279297,-7.738173007965088e-05,-24.464250564575195,-0.4269817213847188,-88.96703338623047,-1.5527676583214416,85.80220031738281,1.4975309009940536,80.75230407714844,1.4093935847178813,85.09814453125,1.485242809408319,0.0,0.0,True,False,0.007738173007965088,0.0,0.0,0.0,0.0,7.728965759277344,7.728965759277344,0.0,17.98059844970703,17.98059844970703,0.0,0.0,0.0,0.0,0.0,0.0
5,596,22.645333359017968,22.656104032997973,False,-24.395605087280273,-0.425783634185791,-92.0,-1.6057028770446777,89.71428680419922,1.565809726715088,80.48351287841797,1.4047023057937622,85.97801971435547,1.5005995035171509,0.6868131868131868,0.006868131868131868,-0.42057716846466064,-1.359207034111023,1.1465107202529907,1.4092624187469482,1.488888144493103,-0.00043676793575286865,-24.0972957611084,-0.4205771518582145,-88.0,-1.53588974175501,85.71428680419922,1.4959965207320045,80.74478149414062,1.4092622908761403,85.30699920654297,1.488888011150365,0.0,0.0,True,False,0.043676793575286865,0.0,0.0,0.0,0.0,10.123176574707031,10.123176574707031,0.0,20.024063110351562,20.024063110351562,0.0,0.0,0.0,0.0,0.0,0.0
5,597,22.67904014198575,22.69043006503489,False,-24.30769157409668,-0.4242492616176605,-91.12088012695312,-1.5903593301773071,89.62637329101562,1.5642752647399902,80.48351287841797,1.4047023057937622,85.97801971435547,1.5005995035171509,0.6868131868131868,0.006868131868131868,-0.421996533870697,-1.3831623792648315,1.1777714490890503,1.4063142538070679,1.4836856126785278,0.0018410608172416687,-24.178619384765625,-0.42199651685068584,-87.12088012695312,-1.5205462054506276,85.62637329101562,1.4944621404699554,80.57586669921875,1.4063141715494227,85.00891876220703,1.4836855259608952,0.18410608172416687,0.0018410608172416687,False,False,0.0,0.0,0.0,0.0,0.0,7.87152099609375,7.87152099609375,0.0,18.145042419433594,18.145042419433594,0.0,0.0,0.0,0.0,0.0,0.0
5,598,22.712508072028868,22.72533492895309,False,-24.30769157409668,-0.4242492616176605,-90.06593322753906,-1.5719470977783203,89.62637329101562,1.5642752647399902,80.21977996826172,1.400099277496338,86.15384674072266,1.5036683082580566,0.6868131868131868,0.006868131868131868,-0.4167632460594177,-1.3710517883300781,1.1747325658798218,1.40726900100708,1.4831091165542603,0.0004941225051879883,-23.878774642944336,-0.416763238861112,-86.06593322753906,-1.5021339086221466,85.62637329101562,1.4944621404699554,80.63056945800781,1.407268914800216,84.97589111328125,1.4831090847429476,0.04941225051879883,0.0004941225051879883,False,False,0.0,0.0,0.0,0.0,0.0,7.510459899902344,7.510459899902344,0.0,18.31916046142578,18.31916046142578,0.0,0.0,0.0,0.0,0.0,0.0
5,599,22.74569369002711,22.756561668007635,False,-24.30769157409668,-0.4242492616176605,-89.27472686767578,-1.5581378936767578,89.62637329101562,1.5642752647399902,79.95604705810547,1.3954962491989136,86.06593322753906,1.502133846282959,0.6868131868131868,0.006868131868131868,-0.4151713252067566,-1.4951921701431274,1.3198598623275757,1.4007505178451538,1.4739630222320557,0.0004480034112930298,-23.78756332397461,-0.41517130103000355,-85.66819763183594,-1.495192112924746,85.62637329101562,1.4944621404699554,80.25708770751953,1.4007504285580836,84.45185852050781,1.4739629906112885,0.04480034112930298,0.0004480034112930298,False,False,0.0,0.0,0.0,0.0,0.0,0.0,0.0,0.0,10.003974914550781,10.003974914550781,0.0,0.0,0.0,0.0,0.0,0.0
5,600,22.77914724103175,22.941230350988917,False,-24.30769157409668,-0.4242492616176605,-88.92308044433594,-1.5520005226135254,89.53845977783203,1.5627409219741821,79.95604705810547,1.3954962491989136,85.97801971435547,1.5005995035171509,0.6868131868131868,0.006868131868131868,-0.4055944085121155,-1.6854643821716309,1.589652419090271,1.388837218284607,1.4986355304718018,-0.0009951591491699219,-23.238845825195312,-0.4055943740129968,-92.92308044433594,-1.6218137048492176,91.08036804199219,1.5896523062609846,79.57450866699219,1.3888371768957777,85.86548614501953,1.498635447056164,0.0,0.0,True,False,0.09951591491699219,0.0,0.0,0.0,0.0,3.64691162109375,3.64691162109375,0.0,0.0,0.0,0.0,0.0,0.0,0.0,0.0,0.0
5,601,22.942685161018744,22.953856457956135,False,-24.131868362426758,-0.4211805462837219,-87.07691955566406,-1.5197789669036865,89.36264038085938,1.559672236442566,79.78022003173828,1.3924275636672974,85.27472686767578,1.488324761390686,0.6868131868131868,0.006868131868131868,-0.40653467178344727,-1.6910135746002197,1.5786365270614624,1.3878591060638428,1.4996299743652344,-0.0007824599742889404,-23.2927188873291,-0.4065346363253629,-91.07691955566406,-1.5895921188203488,90.44920349121094,1.5786364067279808,79.51846313476562,1.3878589978273916,85.9224624633789,1.4996298714071996,0.0,0.0,True,False,0.07824599742889404,0.0,0.0,0.0,0.0,5.811012268066406,5.811012268066406,0.0,0.0,0.0,0.0,0.0,0.0,0.0,0.0,0.0
5,602,22.97596304595936,22.988305779988877,False,-24.131868362426758,-0.4211805462837219,-87.07691955566406,-1.5197789669036865,89.27472686767578,1.5581378936767578,79.78022003173828,1.3924275636672974,85.27472686767578,1.488324761390686,0.6868131868131868,0.006868131868131868,-0.4037954807281494,-1.6607054471969604,1.567859411239624,1.388830542564392,1.4991751909255981,-0.0021623745560646057,-23.135774612426758,-0.4037954419861619,-91.07691955566406,-1.5895921188203488,89.83171844482422,1.5678592595867027,79.57412719726562,1.3888305189930525,85.89640808105469,1.4991751366510686,0.0,0.0,True,False,0.21623745560646057,0.0,0.0,0.0,0.0,4.074485778808594,4.074485778808594,0.0,0.0,0.0,0.0,0.0,0.0,0.0,0.0,0.0
5,603,23.00994376000017,23.022097427980043,False,-24.131868362426758,-0.4211805462837219,-87.42857360839844,-1.5259164571762085,89.36264038085938,1.559672236442566,79.78022003173828,1.3924275636672974,85.36264038085938,1.4898591041564941,0.6868131868131868,0.006868131868131868,-0.40602755546569824,-1.6880981922149658,1.5562160015106201,1.3876844644546509,1.5024373531341553,-0.0015557631850242615,-23.26366424560547,-0.40602753716429824,-91.42857360839844,-1.5957296398685454,89.16460418701172,1.5562159193008762,79.50846099853516,1.387684427617937,86.08331298828125,1.5024372426703068,0.0,0.0,True,False,0.15557631850242615,0.0,0.0,0.0,0.0,5.292320251464844,5.292320251464844,0.0,0.0,0.0,0.0,0.0,0.0,0.0,0.0,0.0
5,604,23.04317651304882,23.056417934945785,False,-24.043956756591797,-0.4196462035179138,-88.83516693115234,-1.5504661798477173,90.15384674072266,1.5734814405441284,79.86813354492188,1.3939619064331055,85.45054626464844,1.4913933277130127,0.6868131868131868,0.006868131868131868,-0.4022234082221985,-1.6723685264587402,1.560080885887146,1.3905566930770874,1.498153567314148,-0.0013161823153495789,-23.04570198059082,-0.40222337799468816,-92.83516693115234,-1.6202793245871683,89.38604736328125,1.5600808318328538,79.67302703857422,1.3905566468535873,85.83787536621094,1.4981535480569141,0.0,0.0,True,False,0.13161823153495789,0.0,0.0,0.0,0.0,2.9844894409179688,2.9844894409179688,0.0,0.0,0.0,0.0,0.0,0.0,0.0,0.0,0.0
5,605,23.077185731963255,23.09043798397761,False,-23.78022003173828,-0.4150431454181671,-89.97801971435547,-1.5704126358032227,90.68132019042969,1.5826876163482666,80.04395294189453,1.3970304727554321,85.53845977783203,1.4929277896881104,0.6868131868131868,0.006868131868131868,-0.39994657039642334,-1.6812520027160645,1.5626517534255981,1.3917032480239868,1.4966785907745361,-0.001225784420967102,-22.91524887084961,-0.3999465417102385,-93.97801971435547,-1.6402258685196438,89.5333480834961,1.5626517143911618,79.73871612548828,1.3917031377028664,85.75336456298828,1.4966785562871738,0.0,0.0,True,False,0.1225784420967102,0.0,0.0,0.0,0.0,2.350616455078125,2.350616455078125,0.0,0.0,0.0,0.0,0.0,0.0,0.0,0.0,0.0
5,606,23.11018710094504,23.12083040503785,False,-23.516483306884766,-0.410440057516098,-90.5934066772461,-1.5811532735824585,90.68132019042969,1.5826876163482666,80.30769348144531,1.401633620262146,85.53845977783203,1.4929277896881104,0.6868131868131868,0.006868131868131868,-0.40211617946624756,-1.6731762886047363,1.548187017440796,1.3939528465270996,1.4955871105194092,-0.0012832283973693848,-23.03955841064453,-0.40211615247129884,-94.5934066772461,-1.6509663971959334,88.70457458496094,1.5481868880884508,79.86760711669922,1.3939527098756563,85.69082641601562,1.4955870597144048,0.0,0.0,True,False,0.12832283973693848,0.0,0.0,0.0,0.0,1.2725296020507812,1.2725296020507812,0.0,0.0,0.0,0.0,0.0,0.0,0.0,0.0,0.0
5,607,23.143647660966963,23.155389077030122,False,-23.428571701049805,-0.4089057147502899,-91.73626708984375,-1.6010998487472534,90.68132019042969,1.5826876163482666,80.30769348144531,1.401633620262146,85.0988998413086,1.4852559566497803,0.6868131868131868,0.006868131868131868,-0.40629661083221436,-1.6686240434646606,1.5555585622787476,1.3944942951202393,1.4943885803222656,-0.001574687659740448,-23.27907943725586,-0.4062965830134235,-95.60511016845703,-1.6686239541714858,89.12693786621094,1.5555585179857903,79.89863586425781,1.394494263683324,85.62215423583984,1.4943885040658147,0.0,0.0,True,False,0.1574687659740448,0.0,0.0,0.0,0.0,0.0,0.0,0.0,0.0,0.0,0.0,0.0,0.0,0.0,0.0,0.0
5,608,23.177096507977694,23.18951721803751,False,-23.340660095214844,-0.4073713719844818,-92.35164642333984,-1.6118402481079102,90.68132019042969,1.5826876163482666,80.30769348144531,1.401633620262146,85.0988998413086,1.4852559566497803,0.6868131868131868,0.006868131868131868,-0.40432310104370117,-1.655647873878479,1.5020142793655396,1.4009404182434082,1.5036776065826416,-0.0007008463144302368,-23.166006088256836,-0.40432308077713386,-94.86163330078125,-1.6556478349181292,86.68132019042969,1.5128744372984362,80.2679672241211,1.4009403119438062,86.15437316894531,1.5036774767899566,0.0,0.0,True,False,0.07008463144302368,0.0,0.0,0.0,0.0,0.0,0.0,0.0,0.6222457885742188,0.6222457885742188,0.0,0.0,0.0,0.0,0.0,0.0
5,609,23.211234499001876,23.22542227397207,False,-23.25274658203125,-0.4058369994163513,-93.31867980957031,-1.6287182569503784,90.68132019042969,1.5826876163482666,80.13186645507812,1.3985649347305298,85.0988998413086,1.4852559566497803,0.6868131868131868,0.006868131868131868,-0.40337127447128296,-1.6284781694412231,1.4313818216323853,1.406555414199829,1.4985524415969849,-0.002131946384906769,-23.11147117614746,-0.40337126700353954,-93.30492401123047,-1.6284781323190862,86.68132019042969,1.5128744372984362,80.58968353271484,1.4065553207861294,85.86072540283203,1.4985523564301535,0.0,0.0,True,False,0.21319463849067688,0.0,0.0,0.0,0.0,0.0,0.0,0.0,4.669189453125,4.669189453125,0.0,0.0,0.0,0.0,0.0,0.0
5,610,23.244490270968527,23.255841213045642,False,-23.25274658203125,-0.4058369994163513,-93.84615325927734,-1.637924313545227,90.5934066772461,1.5811532735824585,80.13186645507812,1.3985649347305298,85.27472686767578,1.488324761390686,0.6868131868131868,0.006868131868131868,-0.40496790409088135,-1.5480678081512451,1.306745171546936,1.4169114828109741,1.493519902229309,-0.001144416630268097,-23.20294952392578,-0.4049678653665557,-89.84615325927734,-1.5681111946258242,86.5934066772461,1.511340057036387,81.18304443359375,1.416911422159066,85.57238006591797,1.4935197809182308,0.0,0.0,True,False,0.11444166302680969,0.0,0.0,0.0,0.0,1.148406982421875,1.148406982421875,0.0,11.722427368164062,11.722427368164062,0.0,0.0,0.0,0.0,0.0,0.0
5,611,23.27782939595636,23.290726111037657,False,-23.25274658203125,-0.4058369994163513,-93.84615325927734,-1.637924313545227,90.24176025390625,1.5750157833099365,80.3956069946289,1.4031680822372437,85.36264038085938,1.4898591041564941,0.6868131868131868,0.006868131868131868,-0.4037935733795166,-1.6166812181472778,1.4480136632919312,1.4008152484893799,1.4963853359222412,-0.001445665955543518,-23.135665893554688,-0.40379354448388527,-92.6290054321289,-1.6166811276383624,86.24176025390625,1.505202669146245,80.26079559326172,1.4008151433725726,85.73655700683594,1.4963852090931016,0.0,0.0,True,False,0.1445665955543518,0.0,0.0,0.0,0.0,0.0,0.0,0.0,3.2766952514648438,3.2766952514648438,0.0,0.0,0.0,0.0,0.0,0.0
5,612,23.31209843698889,23.32410391396843,False,-23.25274658203125,-0.4058369994163513,-93.67032623291016,-1.6348556280136108,90.06593322753906,1.5719470977783203,80.57142639160156,1.4062366485595703,85.36264038085938,1.4898591041564941,0.6868131868131868,0.006868131868131868,-0.3969365358352661,-1.5528744459152222,1.3231730461120605,1.4110591411590576,1.4967881441116333,-0.001857072114944458,-22.742786407470703,-0.3969365038881765,-89.67032623291016,-1.565042434101726,86.06593322753906,1.5021339086221466,80.84773254394531,1.411059125663617,85.75963592529297,1.4967880122079762,0.0,0.0,True,False,0.1857072114944458,0.0,0.0,0.0,0.0,0.6971817016601562,0.6971817016601562,0.0,10.253707885742188,10.253707885742188,0.0,0.0,0.0,0.0,0.0,0.0
5,613,23.345166184939444,23.35600876295939,False,-23.25274658203125,-0.4058369994163513,-92.26373291015625,-1.610305905342102,89.80220031738281,1.567344069480896,80.57142639160156,1.4062366485595703,85.36264038085938,1.4898591041564941,0.6868131868131868,0.006868131868131868,-0.3932223916053772,-1.5534886121749878,1.2972246408462524,1.4169212579727173,1.500382423400879,-0.0010880157351493835,-22.52998161315918,-0.3932223595634111,-89.00833892822266,-1.5534885760285262,85.80220031738281,1.4975309009940536,81.18360137939453,1.4169211426970447,85.965576171875,1.5003823475732014,0.0,0.0,True,False,0.10880157351493835,0.0,0.0,0.0,0.0,0.0,0.0,0.0,11.476707458496094,11.476707458496094,0.0,0.0,0.0,0.0,0.0,0.0
5,614,23.379143091035075,23.39052624895703,False,-23.25274658203125,-0.4058369994163513,-90.94505310058594,-1.587290644645691,89.71428680419922,1.565809726715088,80.57142639160156,1.4062366485595703,85.36264038085938,1.4898591041564941,0.6868131868131868,0.006868131868131868,-0.40768963098526,-1.6078442335128784,1.389626383781433,1.4054032564163208,1.4938853979110718,-0.0031047463417053223,-23.35889434814453,-0.40768961600061665,-92.1226806640625,-1.6078440933512068,85.71428680419922,1.4959965207320045,80.52367401123047,1.405403237298561,85.59332275390625,1.4938852997778442,0.0,0.0,True,False,0.3104746341705322,0.0,0.0,0.0,0.0,0.0,0.0,0.0,6.094566345214844,6.094566345214844,0.0,0.0,0.0,0.0,0.0,0.0
5,615,23.412401312962174,23.423848403966986,False,-23.076923370361328,-0.4027682840824127,-90.32967376708984,-1.5765502452850342,89.62637329101562,1.5642752647399902,80.57142639160156,1.4062366485595703,85.80220031738281,1.4975309371948242,0.6868131868131868,0.006868131868131868,-0.4026947021484375,-1.666688323020935,1.5113056898117065,1.3989605903625488,1.4853919744491577,-0.0020566731691360474,-23.07270622253418,-0.40269469092860494,-94.32967376708984,-1.6463633895678405,86.5914306640625,1.5113055691002706,80.15453338623047,1.3989605179894413,85.106689453125,1.4853919464293635,0.0,0.0,True,False,0.20566731691360474,0.0,0.0,0.0,0.0,1.1645278930664062,1.1645278930664062,0.0,0.0,0.0,0.0,0.0,0.0,0.0,0.0,0.0
5,616,23.445990878972225,23.45831223903224,False,-22.989011764526367,-0.4012339413166046,-90.94505310058594,-1.587290644645691,89.62637329101562,1.5642752647399902,80.65933990478516,1.4077709913253784,85.62637329101562,1.4944621324539185,0.6868131868131868,0.006868131868131868,-0.3963974118232727,-1.6638226509094238,1.522044062614441,1.3947410583496094,1.4887752532958984,-0.0014612674713134766,-22.711896896362305,-0.39639738021500354,-94.94505310058594,-1.6571037850860755,87.20669555664062,1.522043967247688,79.91277313232422,1.3947410055583198,85.300537109375,1.4887752262782001,0.0,0.0,True,False,0.14612674713134766,0.0,0.0,0.0,0.0,0.38495635986328125,0.38495635986328125,0.0,0.0,0.0,0.0,0.0,0.0,0.0,0.0,0.0
5,617,23.479412429966033,23.49088264699094,False,-22.989011764526367,-0.4012339413166046,-91.20879364013672,-1.5918937921524048,89.62637329101562,1.5642752647399902,80.65933990478516,1.4077709913253784,85.36264038085938,1.4898591041564941,0.6868131868131868,0.006868131868131868,-0.3972189426422119,-1.6696131229400635,1.5369621515274048,1.394200325012207,1.4924285411834717,-0.0016859620809555054,-22.758968353271484,-0.3972189321217794,-95.20879364013672,-1.661706925872223,88.06143951416016,1.5369620635679304,79.88179016113281,1.3942002506989792,85.50984954833984,1.4924284175035163,0.0,0.0,True,False,0.16859620809555054,0.0,0.0,0.0,0.0,0.4529876708984375,0.4529876708984375,0.0,0.0,0.0,0.0,0.0,0.0,0.0,0.0,0.0
5,618,23.512534882989712,23.523164856946096,False,-22.901098251342773,-0.3996995687484741,-92.61538696289062,-1.616443395614624,89.62637329101562,1.5642752647399902,80.65933990478516,1.4077709913253784,85.36264038085938,1.4898591041564941,0.6868131868131868,0.006868131868131868,-0.39458829164505005,-1.6715317964553833,1.5216362476348877,1.3939872980117798,1.4928336143493652,-0.001391589641571045,-22.60824203491211,-0.3945882615969991,-95.77171325683594,-1.6715317266076888,87.1833267211914,1.5216361041267423,79.86958312988281,1.3939871978117728,85.5330581665039,1.4928334843053175,0.0,0.0,True,False,0.1391589641571045,0.0,0.0,0.0,0.0,0.0,0.0,0.0,0.0,0.0,0.0,0.0,0.0,0.0,0.0,0.0
5,619,23.546036098967306,23.559418780962005,False,-22.989011764526367,-0.4012339413166046,-93.67032623291016,-1.6348556280136108,89.62637329101562,1.5642752647399902,80.65933990478516,1.4077709913253784,85.36264038085938,1.4898591041564941,0.6868131868131868,0.006868131868131868,-0.3971221446990967,-1.6602232456207275,1.5273752212524414,1.3927714824676514,1.488376498222351,-0.0010336339473724365,-22.753421783447266,-0.397122126216155,-95.123779296875,-1.6602231456708854,87.51214599609375,1.5273750831178086,79.7999267578125,1.3927714647741518,85.2776870727539,1.4883764179049608,0.0,0.0,True,False,0.10336339473724365,0.0,0.0,0.0,0.0,0.0,0.0,0.0,0.0,0.0,0.0,0.0,0.0,0.0,0.0,0.0
5,620,23.579487971030176,23.589889346039854,False,-23.076923370361328,-0.4027682840824127,-94.19779968261719,-1.6440616846084595,89.53845977783203,1.5627409219741821,80.65933990478516,1.4077709913253784,85.36264038085938,1.4898591041564941,0.6868131868131868,0.006868131868131868,-0.39630126953125,-1.677476167678833,1.5331306457519531,1.3923972845077515,1.4904401302337646,-0.0015957057476043701,-22.706388473510742,-0.3963012400996517,-96.11229705810547,-1.6774760353188,87.84191131591797,1.5331305737076335,79.77848052978516,1.392397157482941,85.39592742919922,1.4904401014336632,0.0,0.0,True,False,0.159570574760437,0.0,0.0,0.0,0.0,0.0,0.0,0.0,0.0,0.0,0.0,0.0,0.0,0.0,0.0,0.0
5,621,23.61287159495987,23.623572043026797,False,-23.16483497619629,-0.4043026268482208,-94.28571319580078,-1.6455961465835571,89.53845977783203,1.5627409219741821,80.57142639160156,1.4062366485595703,85.36264038085938,1.4898591041564941,0.6868131868131868,0.006868131868131868,-0.39885950088500977,-1.6753419637680054,1.5300687551498413,1.3930249214172363,1.491301417350769,-0.000692710280418396,-22.852964401245117,-0.3988594726427818,-95.99002075195312,-1.6753419111792651,87.6664810180664,1.5300687374023694,79.81444549560547,1.3930248645518728,85.44527435302734,1.491301367730195,0.0,0.0,True,False,0.0692710280418396,0.0,0.0,0.0,0.0,0.0,0.0,0.0,0.0,0.0,0.0,0.0,0.0,0.0,0.0,0.0
5,622,23.646293984958902,23.657200518995523,False,-23.16483497619629,-0.4043026268482208,-94.63735961914062,-1.6517335176467896,89.53845977783203,1.5627409219741821,80.57142639160156,1.4062366485595703,85.36264038085938,1.4898591041564941,0.6868131868131868,0.006868131868131868,-0.3975449800491333,-1.6764310598373413,1.5399980545043945,1.3919181823730469,1.487509846687317,-0.0018033236265182495,-22.77764892578125,-0.3975449696182323,-96.05242156982422,-1.676431010907053,88.23538208007812,1.5399979340525662,79.75102996826172,1.3919180548028358,85.22803497314453,1.487509825286249,0.0,0.0,True,False,0.18033236265182495,0.0,0.0,0.0,0.0,0.0,0.0,0.0,0.0,0.0,0.0,0.0,0.0,0.0,0.0,0.0
5,623,23.679635148029774,23.69135470094625,False,-23.16483497619629,-0.4043026268482208,-94.9011001586914,-1.6563366651535034,89.53845977783203,1.5627409219741821,80.57142639160156,1.4062366485595703,85.36264038085938,1.4898591041564941,0.6868131868131868,0.006868131868131868,-0.3965965509414673,-1.6750551462173462,1.5407779216766357,1.392577886581421,1.4885531663894653,-0.0007964596152305603,-22.72330665588379,-0.3965965180855142,-95.97358703613281,-1.6750550887298636,88.28006744384766,1.540777840777796,79.78883361816406,1.392577852962903,85.28781127929688,1.4885531186432877,0.0,0.0,True,False,0.07964596152305603,0.0,0.0,0.0,0.0,0.0,0.0,0.0,0.0,0.0,0.0,0.0,0.0,0.0,0.0,0.0
5,624,23.713100365013815,23.724161701044068,False,-23.16483497619629,-0.4043026268482208,-94.989013671875,-1.6578710079193115,89.53845977783203,1.5627409219741821,80.57142639160156,1.4062366485595703,85.36264038085938,1.4898591041564941,0.6868131868131868,0.006868131868131868,-0.3987836241722107,-1.6795623302459717,1.5386019945144653,1.3912779092788696,1.4895347356796265,-0.0014553070068359375,-22.848617553710938,-0.3987836058412282,-96.23182678222656,-1.6795622225587137,88.1553955078125,1.5386019050091466,79.71434783935547,1.3912778308767808,85.34404754638672,1.4895346266630363,0.0,0.0,True,False,0.14553070068359375,0.0,0.0,0.0,0.0,0.0,0.0,0.0,0.0,0.0,0.0,0.0,0.0,0.0,0.0,0.0
5,625,23.746640051016584,23.75905538594816,False,-23.16483497619629,-0.4043026268482208,-95.07691955566406,-1.65940523147583,89.53845977783203,1.5627409219741821,80.57142639160156,1.4062366485595703,85.36264038085938,1.4898591041564941,0.6868131868131868,0.006868131868131868,-0.4012514352798462,-1.6672208309173584,1.5252927541732788,1.3910807371139526,1.4912667274475098,-0.0009175911545753479,-22.990013122558594,-0.40125142406535014,-95.52471160888672,-1.6672207345931231,87.39282989501953,1.5252926243034213,79.70304870605469,1.3910806237980604,85.44328308105469,1.4912666134779693,0.0,0.0,True,False,0.09175911545753479,0.0,0.0,0.0,0.0,0.0,0.0,0.0,0.0,0.0,0.0,0.0,0.0,0.0,0.0,0.0
5,626,23.78021981904749,23.792183857993223,False,-23.16483497619629,-0.4043026268482208,-95.07691955566406,-1.65940523147583,89.53845977783203,1.5627409219741821,80.57142639160156,1.4062366485595703,85.36264038085938,1.4898591041564941,0.6868131868131868,0.006868131868131868,-0.4018445611000061,-1.6712262630462646,1.532059669494629,1.3931667804718018,1.4959708452224731,-0.0008146092295646667,-23.023996353149414,-0.4018445433296244,-95.75420379638672,-1.6712261288726022,87.78054809570312,1.532059583475258,79.82257080078125,1.3931666778799194,85.71281433105469,1.4959708212274854,0.0,0.0,True,False,0.08146092295646667,0.0,0.0,0.0,0.0,0.0,0.0,0.0,0.0,0.0,0.0,0.0,0.0,0.0,0.0,0.0
5,627,23.813506684964523,23.823994642938487,False,-23.16483497619629,-0.4043026268482208,-95.07691955566406,-1.65940523147583,89.53845977783203,1.5627409219741821,80.57142639160156,1.4062366485595703,85.36264038085938,1.4898591041564941,0.6868131868131868,0.006868131868131868,-0.39979225397109985,-1.6699844598770142,1.535252332687378,1.394956111907959,1.490403413772583,-0.0006026551127433777,-22.906408309936523,-0.3997922448145821,-95.68305969238281,-1.6699844300143527,87.9634780883789,1.5352523141480996,79.92509460449219,1.3949560558163436,85.3938217163086,1.4904033498106202,0.0,0.0,True,False,0.06026551127433777,0.0,0.0,0.0,0.0,0.0,0.0,0.0,0.0,0.0,0.0,0.0,0.0,0.0,0.0,0.0
5,628,23.84694469801616,23.857528471038677,False,-23.16483497619629,-0.4043026268482208,-95.07691955566406,-1.65940523147583,89.53845977783203,1.5627409219741821,80.57142639160156,1.4062366485595703,85.36264038085938,1.4898591041564941,0.6868131868131868,0.006868131868131868,-0.40017229318618774,-1.6838544607162476,1.539272665977478,1.3933312892913818,1.485756754875183,-0.00015744566917419434,-22.92818260192871,-0.4001722779021364,-96.47774505615234,-1.68385430612954,88.1938247680664,1.539272622129683,79.83200073242188,1.3933312612352864,85.1275863647461,1.4857566663406498,0.0,0.0,True,False,0.015744566917419434,0.0,0.0,0.0,0.0,0.0,0.0,0.0,0.0,0.0,0.0,0.0,0.0,0.0,0.0,0.0
5,629,23.880242942017503,23.890649204025976,False,-23.16483497619629,-0.4043026268482208,-95.07691955566406,-1.65940523147583,89.53845977783203,1.5627409219741821,80.57142639160156,1.4062366485595703,85.36264038085938,1.4898591041564941,0.6868131868131868,0.006868131868131868,-0.40116608142852783,-1.685907244682312,1.5423333644866943,1.3940025568008423,1.48497474193573,7.737427949905396e-05,-22.985122680664062,-0.4011660697524131,-96.59536743164062,-1.6859072038558276,88.36918640136719,1.5423332600124566,79.8704605102539,1.394002510988041,85.08277893066406,1.4849746290865482,0.0077374279499053955,7.737427949905396e-05,False,False,0.0,0.0,0.0,0.0,0.0,0.0,0.0,0.0,0.0,0.0,0.0,0.0,0.0,0.0,0.0,0.0
5,630,23.913816679036245,24.0795349170221,False,-23.16483497619629,-0.4043026268482208,-95.25274658203125,-1.6624740362167358,89.53845977783203,1.5627409219741821,80.57142639160156,1.4062366485595703,85.36264038085938,1.4898591041564941,0.6868131868131868,0.006868131868131868,-0.416138231754303,-1.683905005455017,1.5118483304977417,1.403288722038269,1.4933335781097412,0.0003043338656425476,-23.84296226501465,-0.4161381949532704,-96.48064422607422,-1.6839049061902516,86.62252044677734,1.5118481881723742,80.40251922607422,1.4032886873930381,85.56170654296875,1.4933334927999797,0.03043338656425476,0.0003043338656425476,False,False,0.0,0.0,0.0,0.0,0.0,0.0,0.0,0.0,0.0,0.0,0.0,0.0,0.0,0.0,0.0,0.0
5,631,24.081044496037066,24.094240786973387,False,-23.25274658203125,-0.4058369994163513,-95.6043930053711,-1.6686114072799683,89.53845977783203,1.5627409219741821,80.57142639160156,1.4062366485595703,85.36264038085938,1.4898591041564941,0.6868131868131868,0.006868131868131868,-0.4102460741996765,-1.676102876663208,1.5251516103744507,1.400335431098938,1.485358476638794,-0.0015884935855865479,-23.505367279052734,-0.410246050910011,-96.03361511230469,-1.6761027763027008,87.3847427368164,1.525151476765647,80.23330688476562,1.4003353749021947,85.10476684570312,1.4853583905996286,0.0,0.0,True,False,0.15884935855865479,0.0,0.0,0.0,0.0,0.0,0.0,0.0,0.0,0.0,0.0,0.0,0.0,0.0,0.0,0.0
5,632,24.114453096990474,24.126663296017796,False,-23.25274658203125,-0.4058369994163513,-95.6043930053711,-1.6686114072799683,89.53845977783203,1.5627409219741821,80.57142639160156,1.4062366485595703,85.36264038085938,1.4898591041564941,0.6868131868131868,0.006868131868131868,-0.4130764603614807,-1.6834625005722046,1.5309582948684692,1.39974844455719,1.484562635421753,-0.001153208315372467,-23.66753578186035,-0.4130764252270336,-96.45529174804688,-1.6834624219751348,87.71744537353516,1.5309582332064557,80.19967651367188,1.3997484141979413,85.05916595458984,1.4845625049078583,0.0,0.0,True,False,0.1153208315372467,0.0,0.0,0.0,0.0,0.0,0.0,0.0,0.0,0.0,0.0,0.0,0.0,0.0,0.0,0.0
5,633,24.148052921984345,24.15896138001699,False,-23.25274658203125,-0.4058369994163513,-95.6043930053711,-1.6686114072799683,89.53845977783203,1.5627409219741821,80.57142639160156,1.4062366485595703,85.36264038085938,1.4898591041564941,0.6868131868131868,0.006868131868131868,-0.40921467542648315,-1.6825069189071655,1.5332965850830078,1.400011658668518,1.4819433689117432,0.00047985464334487915,-23.446271896362305,-0.40921464190933693,-96.40054321289062,-1.6825068797760143,87.8514175415039,1.5332964886435454,80.21475219726562,1.4000115345136412,84.90909576416016,1.4819432859757653,0.047985464334487915,0.00047985464334487915,False,False,0.0,0.0,0.0,0.0,0.0,0.0,0.0,0.0,0.0,0.0,0.0,0.0,0.0,0.0,0.0,0.0
5,634,24.181415949948132,24.192262704949826,False,-23.25274658203125,-0.4058369994163513,-95.6043930053711,-1.6686114072799683,89.53845977783203,1.5627409219741821,80.57142639160156,1.4062366485595703,85.36264038085938,1.4898591041564941,0.6868131868131868,0.006868131868131868,-0.4082902669906616,-1.6938660144805908,1.5478577613830566,1.400295376777649,1.4785346984863281,-0.001157917082309723,-23.393308639526367,-0.40829025869497043,-97.0513687133789,-1.6938659276154748,88.68571472167969,1.5478577213777172,80.23101043701172,1.400295294327789,84.71379089355469,1.4785345729385184,0.0,0.0,True,False,0.11579170823097229,0.0,0.0,0.0,0.0,0.0,0.0,0.0,0.0,0.0,0.0,0.0,0.0,0.0,0.0,0.0
5,635,24.21528720203787,24.225902496953495,False,-23.25274658203125,-0.4058369994163513,-95.6043930053711,-1.6686114072799683,89.53845977783203,1.5627409219741821,80.57142639160156,1.4062366485595703,85.36264038085938,1.4898591041564941,0.6868131868131868,0.006868131868131868,-0.40093594789505005,-1.6861294507980347,1.536942958831787,1.3987725973129272,1.4832110404968262,-0.0008106082677841187,-22.97193717956543,-0.4009359393447166,-96.60809326171875,-1.68612931149074,88.06034088134766,1.5369428888080818,80.14376068115234,1.3987724988164818,84.98172760009766,1.4832109506546431,0.0,0.0,True,False,0.08106082677841187,0.0,0.0,0.0,0.0,0.0,0.0,0.0,0.0,0.0,0.0,0.0,0.0,0.0,0.0,0.0
5,636,24.249119346030056,24.26090751902666,False,-23.25274658203125,-0.4058369994163513,-95.78022003173828,-1.671680212020874,89.53845977783203,1.5627409219741821,80.57142639160156,1.4062366485595703,85.36264038085938,1.4898591041564941,0.6868131868131868,0.006868131868131868,-0.41089576482772827,-1.6334527730941772,1.4243950843811035,1.406287431716919,1.4885426759719849,-0.0012983307242393494,-23.542591094970703,-0.4108957290579358,-93.5899429321289,-1.6334526509192453,85.53845977783203,1.4929277602079063,80.57433319091797,1.4062874067804674,85.2872085571289,1.4885425991569818,0.0,0.0,True,False,0.12983307242393494,0.0,0.0,0.0,0.0,0.0,0.0,0.0,3.9266357421875,3.9266357421875,0.0,0.0,0.0,0.0,0.0,0.0
5,637,24.28195555100683,24.29491707298439,False,-23.25274658203125,-0.4058369994163513,-95.78022003173828,-1.671680212020874,89.53845977783203,1.5627409219741821,80.57142639160156,1.4062366485595703,85.36264038085938,1.4898591041564941,0.6868131868131868,0.006868131868131868,-0.4020000696182251,-1.5907660722732544,1.3715674877166748,1.4055722951889038,1.4904125928878784,-0.0002846568822860718,-23.03290557861328,-0.4020000386477714,-91.78022003173828,-1.6018670277586875,85.53845977783203,1.4929277602079063,80.53335571289062,1.4055722148697265,85.39434814453125,1.4904125377163808,0.0,0.0,True,False,0.028465688228607178,0.0,0.0,0.0,0.0,0.6360397338867188,0.6360397338867188,0.0,6.953437805175781,6.953437805175781,0.0,0.0,0.0,0.0,0.0,0.0
5,638,24.31611413799692,24.328498382936232,False,-23.25274658203125,-0.4058369994163513,-95.78022003173828,-1.671680212020874,89.53845977783203,1.5627409219741821,80.57142639160156,1.4062366485595703,85.36264038085938,1.4898591041564941,0.6868131868131868,0.006868131868131868,-0.40822815895080566,-1.5361509323120117,1.2888044118881226,1.408380150794983,1.494855523109436,-0.0008516982197761536,-23.38974952697754,-0.4082281404625443,-91.78022003173828,-1.6018670277586875,85.53845977783203,1.4929277602079063,80.6942367553711,1.4083801187650518,85.64891052246094,1.4948554893629602,0.0,0.0,True,False,0.08516982197761536,0.0,0.0,0.0,0.0,3.7652587890625,3.7652587890625,0.0,11.695411682128906,11.695411682128906,0.0,0.0,0.0,0.0,0.0,0.0
5,639,24.349200446042232,24.359932909952477,False,-23.25274658203125,-0.4058369994163513,-95.07691955566406,-1.65940523147583,89.45054626464844,1.561206579208374,80.57142639160156,1.4062366485595703,85.36264038085938,1.4898591041564941,0.6868131868131868,0.006868131868131868,-0.4070296287536621,-1.5720058679580688,1.3302050828933716,1.410648226737976,1.484435796737671,0.0009271055459976196,-23.32107925415039,-0.40702961810346777,-91.07691955566406,-1.5895921188203488,85.45054626464844,1.4913933799458572,80.82418823242188,1.4106481999074176,85.0519027709961,1.4844357384399707,0.09271055459976196,0.0009271055459976196,False,False,0.0,0.0,0.0,0.0,0.0,1.0076217651367188,1.0076217651367188,0.0,9.23541259765625,9.23541259765625,0.0,0.0,0.0,0.0,0.0,0.0
5,640,24.382520435960032,24.393550373031758,False,-23.16483497619629,-0.4043026268482208,-94.10989379882812,-1.642527461051941,89.45054626464844,1.561206579208374,80.57142639160156,1.4062366485595703,85.36264038085938,1.4898591041564941,0.6868131868131868,0.006868131868131868,-0.4042016863822937,-1.526021122932434,1.2891850471496582,1.4115028381347656,1.4844059944152832,-0.0005197301506996155,-23.15904998779297,-0.40420167392093986,-90.10989379882812,-1.5727143354119717,85.45054626464844,1.4913933799458572,80.87315368652344,1.411502808301224,85.0501937866211,1.4844059110357617,0.0,0.0,True,False,0.05197301506996155,0.0,0.0,0.0,0.0,2.6753311157226562,2.6753311157226562,0.0,11.585685729980469,11.585685729980469,0.0,0.0,0.0,0.0,0.0,0.0
5,641,24.41611691797152,24.450874562026,False,-23.076923370361328,-0.4027682840824127,-93.05494689941406,-1.624115228652954,89.45054626464844,1.561206579208374,80.57142639160156,1.4062366485595703,85.36264038085938,1.4898591041564941,0.6868131868131868,0.006868131868131868,-0.4172303080558777,-1.5573244094848633,1.3568931818008423,1.4096006155014038,1.481001853942871,4.826486110687256e-05,-23.905534744262695,-0.4172302907372847,-89.22811126708984,-1.5573243269465673,85.45054626464844,1.4913933799458572,80.76416015625,1.4096005123345805,84.85514831542969,1.481001725372368,0.004826486110687256,4.826486110687256e-05,False,False,0.0,0.0,0.0,0.0,0.0,0.0,0.0,0.0,7.706298828125,7.706298828125,0.0,0.0,0.0,0.0,0.0,0.0
5,642,24.452489612041973,24.463683863985352,False,-23.076923370361328,-0.4027682840824127,-91.82417297363281,-1.6026341915130615,89.45054626464844,1.561206579208374,80.57142639160156,1.4062366485595703,85.36264038085938,1.4898591041564941,0.6868131868131868,0.006868131868131868,-0.40590864419937134,-1.613513708114624,1.4142972230911255,1.4056004285812378,1.4835717678070068,0.0014629662036895752,-23.256851196289062,-0.40590862702162617,-92.44751739501953,-1.6135135638378222,85.45054626464844,1.4913933799458572,80.53496551513672,1.405600311219227,85.00239562988281,1.4835716758242943,0.14629662036895752,0.0014629662036895752,False,False,0.0,0.0,0.0,0.0,0.0,0.0,0.0,0.0,4.417289733886719,4.417289733886719,0.0,0.0,0.0,0.0,0.0,0.0
5,643,24.48585517599713,24.49681167397648,False,-23.076923370361328,-0.4027682840824127,-91.38461303710938,-1.5949623584747314,89.45054626464844,1.561206579208374,80.57142639160156,1.4062366485595703,85.36264038085938,1.4898591041564941,0.6868131868131868,0.006868131868131868,-0.40314316749572754,-1.632803201675415,1.4480741024017334,1.4041727781295776,1.483275055885315,0.00035008788108825684,-23.098400115966797,-0.4031431339666606,-93.55272674560547,-1.632803105929375,85.45054626464844,1.4913933799458572,80.45317077636719,1.40417272371689,84.98539733886719,1.4832749996788595,0.035008788108825684,0.00035008788108825684,False,False,0.0,0.0,0.0,0.0,0.0,0.0,0.0,0.0,2.4820175170898438,2.4820175170898438,0.0,0.0,0.0,0.0,0.0,0.0
5,644,24.51953282696195,24.530512028955854,False,-23.16483497619629,-0.4043026268482208,-91.03296661376953,-1.588824987411499,89.45054626464844,1.561206579208374,80.57142639160156,1.4062366485595703,85.36264038085938,1.4898591041564941,0.6868131868131868,0.006868131868131868,-0.40243518352508545,-1.538532018661499,1.28861665725708,1.4069697856903076,1.4890269041061401,0.0003933534026145935,-23.057836532592773,-0.4024351658803767,-88.1513900756836,-1.5385319970305322,85.45054626464844,1.4913933799458572,80.6134262084961,1.4069697086517456,85.31494903564453,1.489026761843158,0.03933534026145935,0.0003933534026145935,False,False,0.0,0.0,0.0,0.0,0.0,0.0,0.0,0.0,11.618255615234375,11.618255615234375,0.0,0.0,0.0,0.0,0.0,0.0
5,645,24.55314663099125,24.564174755010754,False,-23.16483497619629,-0.4043026268482208,-91.38461303710938,-1.5949623584747314,89.45054626464844,1.561206579208374,80.57142639160156,1.4062366485595703,85.36264038085938,1.4898591041564941,0.6868131868131868,0.006868131868131868,-0.4029475450515747,-1.556439995765686,1.3044633865356445,1.4072843790054321,1.4865914583206177,0.0001832619309425354,-23.08719253540039,-0.40294752478459434,-89.17743682861328,-1.556439891148552,85.45054626464844,1.4913933799458572,80.63145446777344,1.4072843611345385,85.1754150390625,1.4865914341843351,0.01832619309425354,0.0001832619309425354,False,False,0.0,0.0,0.0,0.0,0.0,0.0,0.0,0.0,10.710304260253906,10.710304260253906,0.0,0.0,0.0,0.0,0.0,0.0
5,646,24.586300823953934,24.596438633976504,False,-23.16483497619629,-0.4043026268482208,-92.43955993652344,-1.6133747100830078,89.45054626464844,1.561206579208374,80.57142639160156,1.4062366485595703,85.36264038085938,1.4898591041564941,0.6868131868131868,0.006868131868131868,-0.4009574055671692,-1.4282506704330444,1.1541564464569092,1.408085584640503,1.48269522190094,0.0002539977431297302,-22.97316551208496,-0.4009573777914917,-88.43955993652344,-1.5435615099072013,85.45054626464844,1.4913933799458572,80.67736053466797,1.408085573148489,84.9521713256836,1.4826950963514949,0.025399774312973022,0.0002539977431297302,False,False,0.0,0.0,0.0,0.0,0.0,6.6068267822265625,6.6068267822265625,0.0,19.32225799560547,19.32225799560547,0.0,0.0,0.0,0.0,0.0,0.0
5,647,24.619786364026368,24.63004420895595,False,-23.16483497619629,-0.4043026268482208,-92.87911987304688,-1.6210464239120483,89.45054626464844,1.561206579208374,80.57142639160156,1.4062366485595703,85.36264038085938,1.4898591041564941,0.6868131868131868,0.006868131868131868,-0.40483731031417847,-1.5043569803237915,1.2674719095230103,1.4065895080566406,1.4795756340026855,0.0009359493851661682,-23.19546890258789,-0.40483730389411454,-88.87911987304688,-1.5512332780593925,85.45054626464844,1.4913933799458572,80.59163665771484,1.4065894092480824,84.7734375,1.4795756026086304,0.09359493851661682,0.0009359493851661682,False,False,0.0,0.0,0.0,0.0,0.0,2.685821533203125,2.685821533203125,0.0,12.829757690429688,12.829757690429688,0.0,0.0,0.0,0.0,0.0,0.0
5,648,24.653734378982335,24.664489723043516,False,-23.076923370361328,-0.4027682840824127,-91.29669952392578,-1.5934280157089233,89.36264038085938,1.559672236442566,80.57142639160156,1.4062366485595703,85.36264038085938,1.4898591041564941,0.6868131868131868,0.006868131868131868,-0.4109981060028076,-1.472274661064148,1.261247158050537,1.4066267013549805,1.4821083545684814,0.0014130473136901855,-23.5484561920166,-0.41099809431233575,-87.29669952392578,-1.5236148328166712,85.36264038085938,1.4898591328418624,80.59376525878906,1.406626560345289,84.91854858398438,1.4821082688052958,0.14130473136901855,0.0014130473136901855,False,False,0.0,0.0,0.0,0.0,0.0,2.9415817260742188,2.9415817260742188,0.0,13.098503112792969,13.098503112792969,0.0,0.0,0.0,0.0,0.0,0.0
5,649,24.687151863938197,24.69801955600269,False,-23.076923370361328,-0.4027682840824127,-89.71428680419922,-1.565809726715088,89.36264038085938,1.559672236442566,80.3956069946289,1.4031680822372437,85.53845977783203,1.4929277896881104,0.6868131868131868,0.006868131868131868,-0.41184180974960327,-1.4177987575531006,1.1932146549224854,1.403045892715454,1.4850353002548218,0.0010950863361358643,-23.5967960357666,-0.4118417837456728,-85.71428680419922,-1.4959965207320045,85.36264038085938,1.4898591328418624,80.38860321044922,1.403045807101623,85.08625030517578,1.4850352160013474,0.10950863361358643,0.0010950863361358643,False,False,0.0,0.0,0.0,0.0,0.0,4.48040771484375,4.48040771484375,0.0,16.996482849121094,16.996482849121094,0.0,0.0,0.0,0.0,0.0,0.0
5,650,24.72088908101432,24.731510789017193,False,-22.989011764526367,-0.4012339413166046,-89.71428680419922,-1.565809726715088,89.36264038085938,1.559672236442566,80.3956069946289,1.4031680822372437,85.71428680419922,1.4959964752197266,0.6868131868131868,0.006868131868131868,-0.4179787039756775,-1.315017819404602,1.1091376543045044,1.4036012887954712,1.479189157485962,-0.00017323344945907593,-23.948413848876953,-0.41797867229311053,-85.71428680419922,-1.4959965207320045,85.36264038085938,1.4898591328418624,80.42042541503906,1.403601209346959,84.75128936767578,1.4791890447764056,0.0,0.0,True,False,0.017323344945907593,0.0,0.0,0.0,0.0,10.369316101074219,10.369316101074219,0.0,21.813735961914062,21.813735961914062,0.0,0.0,0.0,0.0,0.0,0.0
5,651,24.754125604988076,24.764810550026596,False,-23.076923370361328,-0.4027682840824127,-89.0988998413086,-1.5550692081451416,89.36264038085938,1.559672236442566,80.3956069946289,1.4031680822372437,85.71428680419922,1.4959964752197266,0.6868131868131868,0.006868131868131868,-0.42172133922576904,-1.2399698495864868,1.036917805671692,1.4018893241882324,1.4835025072097778,2.7492642402648926e-06,-24.162851333618164,-0.42172131244153976,-85.0988998413086,-1.485255992055715,85.36264038085938,1.4898591328418624,80.32233428955078,1.4018891962402016,84.99842834472656,1.4835024336359524,0.00027492642402648926,2.7492642402648926e-06,False,False,0.0,0.0,0.0,0.0,0.0,14.053863525390625,14.053863525390625,0.0,25.951629638671875,25.951629638671875,0.0,0.0,0.0,0.0,0.0,0.0
5,652,24.787967244978063,24.80003541300539,False,-23.25274658203125,-0.4058369994163513,-87.86813354492188,-1.533588171005249,89.27472686767578,1.5581378936767578,79.95604705810547,1.3954962491989136,85.62637329101562,1.4944621324539185,0.6868131868131868,0.006868131868131868,-0.42910534143447876,-1.1316581964492798,0.9405040740966797,1.401528239250183,1.4793957471847534,0.0005502179265022278,-24.58592414855957,-0.429105326037948,-83.86813354492188,-1.4637750678611903,85.27472686767578,1.4883247525798133,80.30165100097656,1.4015282047544413,84.76313018798828,1.4793957060769956,0.05502179265022278,0.0005502179265022278,False,False,0.0,0.0,0.0,0.0,0.0,19.028900146484375,19.028900146484375,0.0,31.3878173828125,31.3878173828125,0.0,0.0,0.0,0.0,0.0,0.0
5,653,24.821102424990386,24.83175026194658,False,-23.604394912719727,-0.41197440028190613,-87.16483306884766,-1.5213133096694946,89.18681335449219,1.5566035509109497,79.86813354492188,1.3939619064331055,85.62637329101562,1.4944621324539185,0.6868131868131868,0.006868131868131868,-0.4322640895843506,-1.02330482006073,0.8734316825866699,1.402783989906311,1.4761711359024048,0.0005282759666442871,-24.76690673828125,-0.43226406811737733,-83.16483306884766,-1.4515001589228516,85.18681335449219,1.4867903723177642,80.37359619140625,1.4027838852084136,84.578369140625,1.4761710174710732,0.05282759666442871,0.0005282759666442871,False,False,0.0,0.0,0.0,0.0,0.0,24.533790588378906,24.533790588378906,0.0,35.14286804199219,35.14286804199219,0.0,0.0,0.0,0.0,0.0,0.0
5,654,24.854535848018713,24.86504259996582,False,-23.956043243408203,-0.4181118309497833,-86.54945373535156,-1.510572910308838,89.010986328125,1.553534746170044,79.86813354492188,1.3939619064331055,85.62637329101562,1.4944621324539185,0.6868131868131868,0.006868131868131868,-0.43789035081863403,-0.931188702583313,0.7773994207382202,1.4023149013519287,1.4655696153640747,0.0003452375531196594,-25.08926773071289,-0.437890328815306,-82.54945373535156,-1.4407597634046165,85.010986328125,1.4837216117936658,80.34671783447266,1.4023147693823963,83.970947265625,1.4655695058036857,0.03452375531196594,0.0003452375531196594,False,False,0.0,0.0,0.0,0.0,0.0,29.196273803710938,29.196273803710938,0.0,40.46928405761719,40.46928405761719,0.0,0.0,0.0,0.0,0.0,0.0
5,655,24.887889011995867,24.89915062894579,False,-24.30769157409668,-0.4242492616176605,-85.67032623291016,-1.4952292442321777,88.74725341796875,1.5489317178726196,79.86813354492188,1.3939619064331055,85.62637329101562,1.4944621324539185,0.6868131868131868,0.006868131868131868,-0.43308985233306885,-0.8578267097473145,0.7339664697647095,1.4030426740646362,1.4720765352249146,0.0005902424454689026,-24.814218521118164,-0.43308981450287004,-81.67032623291016,-1.4254160939421796,84.74725341796875,1.4791186041655728,80.38842010498047,1.4030426113083148,84.34376525878906,1.4720764072950763,0.05902424454689026,0.0005902424454689026,False,False,0.0,0.0,0.0,0.0,0.0,32.520477294921875,32.520477294921875,0.0,42.69407653808594,42.69407653808594,0.0,0.0,0.0,0.0,0.0,0.0
5,656,24.92141664098017,24.932141288998537,False,-24.571428298950195,-0.4288523197174072,-84.96703338623047,-1.482954502105713,88.48351287841797,1.5443285703659058,79.78022003173828,1.3924275636672974,85.36264038085938,1.4898591041564941,0.6868131868131868,0.006868131868131868,-0.44117623567581177,-0.779199481010437,0.6716444492340088,1.4035909175872803,1.4709346294403076,0.00026506930589675903,-25.27753448486328,-0.441176203547273,-80.96703338623047,-1.4131413181618953,84.48351287841797,1.4745154633794253,80.41983032226562,1.4035908230187077,84.2783432006836,1.470934576977705,0.026506930589675903,0.00026506930589675903,False,False,0.0,0.0,0.0,0.0,0.0,36.32219314575195,36.32219314575195,0.0,46.001121520996094,46.001121520996094,0.0,0.0,0.0,0.0,0.0,0.0
5,657,24.954740421962924,24.965910444036126,False,-24.659339904785156,-0.43038666248321533,-84.35164642333984,-1.4722139835357666,88.21977996826172,1.539725661277771,79.78022003173828,1.3924275636672974,85.18681335449219,1.486790418624878,0.6868131868131868,0.006868131868131868,-0.44055062532424927,-0.6814917325973511,0.58423912525177,1.405525803565979,1.459002137184143,0.0010081902146339417,-25.241689682006836,-0.4405505937176998,-80.35164642333984,-1.4024007894856056,84.21977996826172,1.4699124557513326,80.53069305419922,1.4055257427087047,83.59465789794922,1.4590020173974958,0.10081902146339417,0.0010081902146339417,False,False,0.0,0.0,0.0,0.0,0.0,41.305049896240234,41.305049896240234,0.0,50.74534606933594,50.74534606933594,0.0,0.0,0.0,0.0,0.0,0.0
5,658,24.988065626006573,24.99887506198138,False,-24.74725341796875,-0.4319210350513458,-83.56044006347656,-1.458404779434204,87.86813354492188,1.533588171005249,79.78022003173828,1.3924275636672974,85.0988998413086,1.4852559566497803,0.6868131868131868,0.006868131868131868,-0.4465460181236267,-0.596760630607605,0.5324298143386841,1.4058769941329956,1.47026526927948,0.0010973215103149414,-25.585201263427734,-0.44654600183222704,-79.56044006347656,-1.3885916334432724,83.86813354492188,1.4637750678611903,80.55081176757812,1.4058768804984316,84.239990234375,1.4702651914377134,0.10973215103149414,0.0010973215103149414,False,False,0.0,0.0,0.0,0.0,0.0,45.36857604980469,45.36857604980469,0.0,53.362152099609375,53.362152099609375,0.0,0.0,0.0,0.0,0.0,0.0
5,659,25.021613604039885,25.032620382960886,False,-24.923076629638672,-0.4349897503852844,-82.85713958740234,-1.4461299180984497,87.51648712158203,1.5274507999420166,79.78022003173828,1.3924275636672974,84.92308044433594,1.4821873903274536,0.6868131868131868,0.006868131868131868,-0.4523175358772278,-0.5219849944114685,0.4779743552207947,1.4078813791275024,1.450773000717163,-0.00013983994722366333,-25.915884017944336,-0.4523175046781059,-78.85713958740234,-1.3763167245049337,83.51648712158203,1.4576376799710482,80.66565704345703,1.4078813086928799,83.1231689453125,1.4507729827872056,0.0,0.0,True,False,0.013983994722366333,0.0,0.0,0.0,0.0,48.94960403442383,48.94960403442383,0.0,56.130577087402344,56.130577087402344,0.0,0.0,0.0,0.0,0.0,0.0
5,660,25.055057198973373,25.222477018018253,False,-25.098901748657227,-0.438058465719223,-82.24176025390625,-1.435389518737793,87.16483306884766,1.5213133096694946,79.78022003173828,1.3924275636672974,84.83516693115234,1.480652928352356,0.6868131868131868,0.006868131868131868,-0.4247775077819824,-1.6311709880828857,1.5585051774978638,1.3836971521377563,1.4843499660491943,-0.0014864429831504822,-24.33795738220215,-0.42477748952948746,-86.24176025390625,-1.505202669146245,89.29576110839844,1.558505039415854,79.27999877929688,1.3836970096758157,85.04698181152344,1.4843498514948155,0.0,0.0,True,False,0.14864429831504822,0.0,0.0,0.0,0.0,7.217445373535156,7.217445373535156,0.0,0.0,0.0,0.0,0.0,0.0,0.0,0.0,0.0
5,661,25.224028915981762,25.235552772996016,False,-25.89011001586914,-0.4518676698207855,-80.48351287841797,-1.4047023057937622,86.28571319580078,1.505969762802124,79.78022003173828,1.3924275636672974,84.13186645507812,1.4683780670166016,0.6868131868131868,0.006868131868131868,-0.42070889472961426,-1.6439193487167358,1.5618234872817993,1.3888887166976929,1.4746720790863037,-0.0019448474049568176,-24.104843139648438,-0.42070887846363253,-84.48351287841797,-1.4745154633794253,89.48588562011719,1.5618233381340927,79.57745361328125,1.3888885759048162,84.49248504638672,1.4746720572515222,0.0,0.0,True,False,0.19448474049568176,0.0,0.0,0.0,0.0,9.706123352050781,9.706123352050781,0.0,0.0,0.0,0.0,0.0,0.0,0.0,0.0,0.0
5,662,25.257489177049138,25.269046077970415,False,-25.714284896850586,-0.44879892468452454,-80.48351287841797,-1.4047023057937622,86.28571319580078,1.505969762802124,79.78022003173828,1.3924275636672974,84.13186645507812,1.4683780670166016,0.6868131868131868,0.006868131868131868,-0.42318177223205566,-1.6422998905181885,1.5444625616073608,1.3919199705123901,1.4802495241165161,-0.0005042999982833862,-24.24652862548828,-0.42318175669382563,-84.48351287841797,-1.4745154633794253,88.49118041992188,1.5444624573039751,79.75113677978516,1.3919199190155989,84.81204223632812,1.4802493823644205,0.0,0.0,True,False,0.05042999982833862,0.0,0.0,0.0,0.0,9.613334655761719,9.613334655761719,0.0,0.0,0.0,0.0,0.0,0.0,0.0,0.0,0.0
5,663,25.290985521976836,25.302884244942106,False,-25.626373291015625,-0.44726458191871643,-80.83516693115234,-1.4108397960662842,86.46154022216797,1.5090385675430298,79.6043930053711,1.3893587589263916,84.13186645507812,1.4683780670166016,0.6868131868131868,0.006868131868131868,-0.4291808009147644,-1.5567480325698853,1.4552947282791138,1.3991997241973877,1.48244047164917,-0.0013586878776550293,-24.590248107910156,-0.4291807933653381,-84.83516693115234,-1.480652984427622,83.38224029541016,1.4552946308439965,80.1682357788086,1.3991996698553304,84.93757629394531,1.4824403649932287,0.0,0.0,True,False,0.13586878776550293,0.0,0.0,0.0,0.0,4.359916687011719,4.359916687011719,0.0,0.0,0.0,0.0,0.0,0.0,0.0,0.0,0.0
5,664,25.324374970048666,25.336516147013754,False,-25.010988235473633,-0.43652409315109253,-82.24176025390625,-1.435389518737793,87.34066009521484,1.5243821144104004,79.6043930053711,1.3893587589263916,84.21977996826172,1.4699124097824097,0.6868131868131868,0.006868131868131868,-0.42885667085647583,-1.5974451303482056,1.5213911533355713,1.3910270929336548,1.4726120233535767,-0.0007772743701934814,-24.57167625427246,-0.42885665337116186,-86.24176025390625,-1.505202669146245,87.1692886352539,1.5213910933064552,79.6999740600586,1.3910269611020953,84.37445068359375,1.4726119689902912,0.0,0.0,True,False,0.07772743701934814,0.0,0.0,0.0,0.0,5.28509521484375,5.28509521484375,0.0,0.0,0.0,0.0,0.0,0.0,0.0,0.0,0.0
5,665,25.35753062099684,25.371231016004458,False,-24.571428298950195,-0.4288523197174072,-83.56044006347656,-1.458404779434204,88.13186645507812,1.5381911993026733,79.6043930053711,1.3893587589263916,84.21977996826172,1.4699124097824097,0.6868131868131868,0.006868131868131868,-0.42529886960983276,-1.6166871786117554,1.528924822807312,1.3879754543304443,1.477392554283142,-0.0012400373816490173,-24.367828369140625,-0.4252988366023841,-87.56044006347656,-1.5282179736028187,87.60093688964844,1.5289247765561258,79.52513122558594,1.387975377967028,84.64835357666016,1.4773924763050381,0.0,0.0,True,False,0.12400373816490173,0.0,0.0,0.0,0.0,5.06890869140625,5.06890869140625,0.0,0.0,0.0,0.0,0.0,0.0,0.0,0.0,0.0
5,666,25.391110497992486,25.40473887103144,False,-24.74725341796875,-0.4319210350513458,-84.43955993652344,-1.4737483263015747,88.13186645507812,1.5381911993026733,79.69230651855469,1.3908931016921997,84.21977996826172,1.4699124097824097,0.6868131868131868,0.006868131868131868,-0.4217405915260315,-1.6217074394226074,1.5340996980667114,1.3873783349990845,1.4730318784713745,-0.0007690936326980591,-24.16395378112793,-0.4217405537804156,-88.43955993652344,-1.5435615099072013,87.89743041992188,1.5340995648702587,79.49092102050781,1.3873782972506323,84.39850616455078,1.4730318163361422,0.0,0.0,True,False,0.07690936326980591,0.0,0.0,0.0,0.0,4.477424621582031,4.477424621582031,0.0,0.0,0.0,0.0,0.0,0.0,0.0,0.0,0.0
5,667,25.42472629097756,25.436443116050214,False,-25.010988235473633,-0.43652409315109253,-85.4945068359375,-1.492160677909851,88.13186645507812,1.5381911993026733,80.04395294189453,1.3970304727554321,84.21977996826172,1.4699124097824097,0.6868131868131868,0.006868131868131868,-0.4213626980781555,-1.640610694885254,1.5416926145553589,1.3893564939498901,1.4777578115463257,-0.001215234398841858,-24.142303466796875,-0.421362684511247,-89.4945068359375,-1.561973806735682,88.33247375488281,1.5416925034541837,79.60425567626953,1.3893563601502887,84.66928100585938,1.4777577288485424,0.0,0.0,True,False,0.12152343988418579,0.0,0.0,0.0,0.0,4.50555419921875,4.50555419921875,0.0,0.0,0.0,0.0,0.0,0.0,0.0,0.0,0.0
5,668,25.458351133042015,25.46901328698732,False,-24.83516502380371,-0.4334554076194763,-86.46154022216797,-1.5090385675430298,88.13186645507812,1.5381911993026733,80.30769348144531,1.401633620262146,84.21977996826172,1.4699124097824097,0.6868131868131868,0.006868131868131868,-0.4254484176635742,-1.629400610923767,1.5475744009017944,1.3871699571609497,1.4750216007232666,0.0001629367470741272,-24.37639808654785,-0.4254484063871057,-90.46154022216797,-1.5788517233021138,88.66947937011719,1.5475743610377326,79.4789810180664,1.3871699048953336,84.51250457763672,1.4750214639865404,0.01629367470741272,0.0001629367470741272,False,False,0.0,0.0,0.0,0.0,0.0,2.8962326049804688,2.8962326049804688,0.0,0.0,0.0,0.0,0.0,0.0,0.0,0.0,0.0
5,669,25.49151221802458,25.505174560006708,False,-24.21977996826172,-0.42271488904953003,-87.51648712158203,-1.5274507999420166,88.48351287841797,1.5443285703659058,80.30769348144531,1.401633620262146,83.86813354492188,1.4637750387191772,0.6868131868131868,0.006868131868131868,-0.4277108311653137,-1.6245719194412231,1.5268869400024414,1.3868272304534912,1.4795513153076172,-0.0018983781337738037,-24.506023406982422,-0.42771079502264164,-91.51648712158203,-1.5972640201305945,87.48416900634766,1.5268867925319427,79.45934295654297,1.3868271560630403,84.77204132080078,1.4795512346846562,0.0,0.0,True,False,0.18983781337738037,0.0,0.0,0.0,0.0,1.5646209716796875,1.5646209716796875,0.0,0.0,0.0,0.0,0.0,0.0,0.0,0.0,0.0
5,670,25.52492657804396,25.536891252035275,False,-24.131868362426758,-0.4211805462837219,-88.48351287841797,-1.5443285703659058,89.010986328125,1.553534746170044,80.21977996826172,1.400099277496338,83.86813354492188,1.4637750387191772,0.6868131868131868,0.006868131868131868,-0.43030595779418945,-1.6032272577285767,1.517664909362793,1.3870424032211304,1.4774073362350464,-0.0005131661891937256,-24.654714584350586,-0.43030594563638297,-91.85814666748047,-1.6032271041273911,86.9557876586914,1.5176647983092162,79.47167205810547,1.3870423394791187,84.64920043945312,1.477407256849088,0.0,0.0,True,False,0.05131661891937256,0.0,0.0,0.0,0.0,0.0,0.0,0.0,0.0,0.0,0.0,0.0,0.0,0.0,0.0,0.0
5,671,25.55834120803047,25.571608835016377,False,-24.571428298950195,-0.4288523197174072,-88.83516693115234,-1.5504661798477173,89.0988998413086,1.5550692081451416,80.21977996826172,1.400099277496338,83.86813354492188,1.4637750387191772,0.6868131868131868,0.006868131868131868,-0.42947816848754883,-1.6157933473587036,1.4887837171554565,1.39175546169281,1.4779539108276367,-0.0013794153928756714,-24.607284545898438,-0.42947813530104545,-92.57813262939453,-1.6157932297309299,85.30101776123047,1.488783615235634,79.74170684814453,1.391755335660232,84.6805191040039,1.4779538706628268,0.0,0.0,True,False,0.13794153928756714,0.0,0.0,0.0,0.0,0.0,0.0,0.0,0.0,0.0,0.0,0.0,0.0,0.0,0.0,0.0
5,672,25.59191194595769,25.6036264449358,False,-24.74725341796875,-0.4319210350513458,-89.97801971435547,-1.5704126358032227,89.0988998413086,1.5550692081451416,80.21977996826172,1.400099277496338,83.95604705810547,1.4653093814849854,0.6868131868131868,0.006868131868131868,-0.4391668438911438,-1.6112427711486816,1.450628399848938,1.3952020406723022,1.4779480695724487,0.0003602132201194763,-25.162405014038086,-0.4391668152152946,-92.3174057006836,-1.6112426863763114,85.0988998413086,1.485255992055715,79.9391860961914,1.3952019987430127,84.68018341064453,1.4779480117084285,0.03602132201194763,0.0003602132201194763,False,False,0.0,0.0,0.0,0.0,0.0,0.0,0.0,0.0,1.9840164184570312,1.9840164184570312,0.0,0.0,0.0,0.0,0.0,0.0
5,673,25.625097212032415,25.636221108958125,False,-24.659339904785156,-0.43038666248321533,-91.20879364013672,-1.5918937921524048,89.010986328125,1.553534746170044,80.21977996826172,1.400099277496338,83.86813354492188,1.4637750387191772,0.6868131868131868,0.006868131868131868,-0.42873215675354004,-1.6143853664398193,1.4813681840896606,1.393445372581482,1.476404070854187,-0.00021542608737945557,-24.56454086303711,-0.428732117300687,-92.4974594116211,-1.614385216462605,85.010986328125,1.4837216117936658,79.83853149414062,1.393445244529942,84.59172058105469,1.4764040440664552,0.0,0.0,True,False,0.021542608737945557,0.0,0.0,0.0,0.0,0.0,0.0,0.0,0.13484954833984375,0.13484954833984375,0.0,0.0,0.0,0.0,0.0,0.0
5,674,25.65855063998606,25.669606784940697,False,-24.395605087280273,-0.425783634185791,-91.64835357666016,-1.5995655059814453,88.74725341796875,1.5489317178726196,80.21977996826172,1.400099277496338,83.86813354492188,1.4637750387191772,0.6868131868131868,0.006868131868131868,-0.43900442123413086,-1.581968069076538,1.4516255855560303,1.3977746963500977,1.4718222618103027,-0.0012611672282218933,-25.153099060058594,-0.4390043956783134,-90.64009094238281,-1.58196802125167,84.74725341796875,1.4791186041655728,80.08658599853516,1.397774612356029,84.3292007446289,1.4718222085690282,0.0,0.0,True,False,0.12611672282218933,0.0,0.0,0.0,0.0,0.0,0.0,0.0,1.5752410888671875,1.5752410888671875,0.0,0.0,0.0,0.0,0.0,0.0
5,675,25.69217233301606,25.70366198499687,False,-24.395605087280273,-0.425783634185791,-91.82417297363281,-1.6026341915130615,88.65933990478516,1.5473973751068115,80.21977996826172,1.400099277496338,83.86813354492188,1.4637750387191772,0.6868131868131868,0.006868131868131868,-0.4378049373626709,-1.611140489578247,1.4795809984207153,1.3948057889938354,1.471825361251831,-0.000795610249042511,-25.084373474121094,-0.4378049079233417,-92.3115463256836,-1.6111404209904525,84.77374267578125,1.4795809289308106,79.9164810180664,1.3948057203728088,84.32937622070312,1.4718252712042819,0.0,0.0,True,False,0.0795610249042511,0.0,0.0,0.0,0.0,0.0,0.0,0.0,0.0,0.0,0.0,0.0,0.0,0.0,0.0,0.0
5,676,25.72516454802826,25.736221891944297,False,-24.483516693115234,-0.4273179769515991,-91.56044006347656,-1.5980311632156372,88.48351287841797,1.5443285703659058,80.21977996826172,1.400099277496338,83.86813354492188,1.4637750387191772,0.6868131868131868,0.006868131868131868,-0.4443281292915344,-1.5880705118179321,1.4656215906143188,1.3942755460739136,1.472429633140564,-0.0015050172805786133,-25.458126068115234,-0.444328121276409,-90.98973083496094,-1.5880703885734775,84.48351287841797,1.4745154633794253,79.88610076904297,1.394275484999774,84.36399841308594,1.4724295424556209,0.0,0.0,True,False,0.15050172805786133,0.0,0.0,0.0,0.0,0.0,0.0,0.0,0.50958251953125,0.50958251953125,0.0,0.0,0.0,0.0,0.0,0.0
5,677,25.75881568796467,25.771325191948563,False,-24.74725341796875,-0.4319210350513458,-91.38461303710938,-1.5949623584747314,88.48351287841797,1.5443285703659058,80.21977996826172,1.400099277496338,83.86813354492188,1.4637750387191772,0.6868131868131868,0.006868131868131868,-0.4385649561882019,-1.560246467590332,1.4428105354309082,1.3904004096984863,1.462550163269043,-0.0012528970837593079,-25.127920150756836,-0.4385649408089367,-89.3955307006836,-1.5602463472946022,84.48351287841797,1.4745154633794253,79.66407012939453,1.3904003192975998,83.7979507446289,1.4625501469178084,0.0,0.0,True,False,0.1252897083759308,0.0,0.0,0.0,0.0,0.0,0.0,0.0,1.8165664672851562,1.8165664672851562,0.0,0.0,0.0,0.0,0.0,0.0
5,678,25.792849701014347,25.803451523999684,False,-25.010988235473633,-0.43652409315109253,-91.12088012695312,-1.5903593301773071,88.48351287841797,1.5443285703659058,80.21977996826172,1.400099277496338,83.86813354492188,1.4637750387191772,0.6868131868131868,0.006868131868131868,-0.4382171034812927,-1.567677617073059,1.4644089937210083,1.3933712244033813,1.4716572761535645,-0.0014734789729118347,-25.107988357543945,-0.4382170653915451,-89.82130432128906,-1.5676774988423048,84.48351287841797,1.4745154633794253,79.83428955078125,1.3933712086516377,84.31974792480469,1.4716572257394978,0.0,0.0,True,False,0.14734789729118347,0.0,0.0,0.0,0.0,0.0,0.0,0.0,0.5790634155273438,0.5790634155273438,0.0,0.0,0.0,0.0,0.0,0.0
5,679,25.82602094602771,25.836480409954675,False,-25.098901748657227,-0.438058465719223,-91.12088012695312,-1.5903593301773071,88.48351287841797,1.5443285703659058,80.21977996826172,1.400099277496338,83.86813354492188,1.4637750387191772,0.6868131868131868,0.006868131868131868,-0.4413721561431885,-1.5648550987243652,1.4380712509155273,1.396008014678955,1.4682294130325317,7.0035457611083984e-06,-25.288761138916016,-0.4413721456244756,-89.65958404541016,-1.5648549475609843,84.48351287841797,1.4745154633794253,79.98536682128906,1.396008004446925,84.12334442138672,1.4682293379424023,0.0007003545761108398,7.0035457611083984e-06,False,False,0.0,0.0,0.0,0.0,0.0,0.0,0.0,0.0,2.088104248046875,2.088104248046875,0.0,0.0,0.0,0.0,0.0,0.0
5,680,25.859488749993034,25.871053121984005,False,-25.098901748657227,-0.438058465719223,-90.76923370361328,-1.5842219591140747,88.48351287841797,1.5443285703659058,80.21977996826172,1.400099277496338,83.86813354492188,1.4637750387191772,0.6868131868131868,0.006868131868131868,-0.4506586194038391,-1.4413467645645142,1.3184223175048828,1.402318000793457,1.4685903787612915,-0.0006018057465553284,-25.82083511352539,-0.45065858834558187,-86.76923370361328,-1.5144088175604853,84.48351287841797,1.4745154633794253,80.3469009399414,1.4023179651757043,84.14402770996094,1.4685903294281626,0.0,0.0,True,False,0.06018057465553284,0.0,0.0,0.0,0.0,4.186149597167969,4.186149597167969,0.0,8.9434814453125,8.9434814453125,0.0,0.0,0.0,0.0,0.0,0.0
5,681,25.892984692938626,25.903771784971468,False,-25.098901748657227,-0.438058465719223,-90.5934066772461,-1.5811532735824585,88.48351287841797,1.5443285703659058,80.21977996826172,1.400099277496338,83.86813354492188,1.4637750387191772,0.6868131868131868,0.006868131868131868,-0.4534515142440796,-1.3546769618988037,1.1944583654403687,1.408138632774353,1.467671513557434,-0.0017066672444343567,-25.98085594177246,-0.45345147867026164,-86.5934066772461,-1.511340057036387,84.48351287841797,1.4745154633794253,80.6803970336914,1.4081385700541815,84.09137725830078,1.4676714056940308,0.0,0.0,True,False,0.17066672444343567,0.0,0.0,0.0,0.0,8.97613525390625,8.97613525390625,0.0,16.046096801757812,16.046096801757812,0.0,0.0,0.0,0.0,0.0,0.0
5,682,25.92619038396515,25.937085835961625,False,-25.010988235473633,-0.43652409315109253,-90.15384674072266,-1.5734814405441284,88.48351287841797,1.5443285703659058,80.21977996826172,1.400099277496338,83.78022003173828,1.4622406959533691,0.6868131868131868,0.006868131868131868,-0.4397052526473999,-1.4552627801895142,1.2962995767593384,1.4028170108795166,1.459618330001831,-0.00020875781774520874,-25.193254470825195,-0.43970523980868137,-86.15384674072266,-1.503668288884196,84.48351287841797,1.4745154633794253,80.37548828125,1.4028169084059305,83.62996673583984,1.4596182728737401,0.0,0.0,True,False,0.020875781774520874,0.0,0.0,0.0,0.0,2.7734375,2.7734375,0.0,10.211021423339844,10.211021423339844,0.0,0.0,0.0,0.0,0.0,0.0
5,683,25.95962253899779,25.9703761220444,False,-25.626373291015625,-0.44726458191871643,-89.010986328125,-1.553534746170044,88.48351287841797,1.5443285703659058,80.21977996826172,1.400099277496338,83.78022003173828,1.4622406959533691,0.6868131868131868,0.006868131868131868,-0.43211573362350464,-1.5423767566680908,1.384668231010437,1.3961827754974365,1.4669724702835083,-0.0006010085344314575,-24.758405685424805,-0.43211569675514633,-88.37167358398438,-1.542376669538225,84.48351287841797,1.4745154633794253,79.99537658691406,1.3961827078144342,84.05132293701172,1.466972325907885,0.0,0.0,True,False,0.06010085344314575,0.0,0.0,0.0,0.0,0.0,0.0,0.0,5.1478729248046875,5.1478729248046875,0.0,0.0,0.0,0.0,0.0,0.0
5,684,25.993121367995627,26.003670210018754,False,-25.9780216217041,-0.45340201258659363,-87.95604705810547,-1.5351226329803467,88.48351287841797,1.5443285703659058,80.21977996826172,1.400099277496338,84.13186645507812,1.4683780670166016,0.6868131868131868,0.006868131868131868,-0.4287707805633545,-1.5521360635757446,1.4060158729553223,1.4010913372039795,1.4639970064163208,-0.0007804855704307556,-24.566755294799805,-0.42877076642600676,-88.93083953857422,-1.552135956510875,84.48351287841797,1.4745154633794253,80.27661895751953,1.4010913131776137,83.88084411621094,1.463996909179994,0.0,0.0,True,False,0.07804855704307556,0.0,0.0,0.0,0.0,0.0,0.0,0.0,3.92474365234375,3.92474365234375,0.0,0.0,0.0,0.0,0.0,0.0
5,685,26.026460509980097,26.038220103015192,False,-25.36263656616211,-0.4426615238189697,-87.42857360839844,-1.5259164571762085,88.48351287841797,1.5443285703659058,80.04395294189453,1.3970304727554321,84.21977996826172,1.4699124097824097,0.6868131868131868,0.006868131868131868,-0.4197129011154175,-1.5857223272323608,1.422617793083191,1.3997083902359009,1.46946382522583,-0.0006307438015937805,-24.04777717590332,-0.41971288950545654,-90.85519409179688,-1.5857222794403547,84.48351287841797,1.4745154633794253,80.19738006591797,1.3997083336235356,84.1940689086914,1.469463713107654,0.0,0.0,True,False,0.06307438015937805,0.0,0.0,0.0,0.0,0.0,0.0,0.0,2.9735183715820312,2.9735183715820312,0.0,0.0,0.0,0.0,0.0,0.0
5,686,26.060324662947096,26.071924651041627,False,-24.659339904785156,-0.43038666248321533,-88.3956069946289,-1.5427943468093872,88.48351287841797,1.5443285703659058,80.21977996826172,1.400099277496338,83.95604705810547,1.4653093814849854,0.6868131868131868,0.006868131868131868,-0.4195411801338196,-1.5936273336410522,1.4218467473983765,1.39951491355896,1.4650042057037354,-0.0006458982825279236,-24.03793716430664,-0.41954114890466004,-91.30811309814453,-1.5936272073459823,84.48351287841797,1.4745154633794253,80.18629455566406,1.3995148549703413,83.93855285644531,1.465004116704262,0.0,0.0,True,False,0.06458982825279236,0.0,0.0,0.0,0.0,0.0,0.0,0.0,3.0177001953125,3.0177001953125,0.0,0.0,0.0,0.0,0.0,0.0
5,687,26.09382306993939,26.104566158959642,False,-24.659339904785156,-0.43038666248321533,-89.0988998413086,-1.5550692081451416,88.48351287841797,1.5443285703659058,80.21977996826172,1.400099277496338,83.78022003173828,1.4622406959533691,0.6868131868131868,0.006868131868131868,-0.4205453395843506,-1.5990239381790161,1.4648960828781128,1.3948085308074951,1.465749979019165,0.0026765242218971252,-24.09547233581543,-0.42054532708318804,-91.61731719970703,-1.599023836978919,84.48351287841797,1.4745154633794253,79.91664123535156,1.3948085166919533,83.98128509521484,1.4657499349675387,0.2676524221897125,0.0026765242218971252,False,False,0.0,0.0,0.0,0.0,0.0,0.0,0.0,0.0,0.5511550903320312,0.5511550903320312,0.0,0.0,0.0,0.0,0.0,0.0
5,688,26.127190478960983,26.139139247010462,False,-24.923076629638672,-0.4349897503852844,-89.97801971435547,-1.5704126358032227,88.48351287841797,1.5443285703659058,80.21977996826172,1.400099277496338,83.78022003173828,1.4622406959533691,0.6868131868131868,0.006868131868131868,-0.4239991307258606,-1.6033191680908203,1.479023814201355,1.3961107730865479,1.4635964632034302,0.00046309083700180054,-24.293359756469727,-0.42399911412188457,-91.86341857910156,-1.6033191163430534,84.7418212890625,1.4790237956307661,79.99124908447266,1.3961106693069476,83.85789489746094,1.463596369752046,0.046309083700180054,0.00046309083700180054,False,False,0.0,0.0,0.0,0.0,0.0,0.0,0.0,0.0,0.0,0.0,0.0,0.0,0.0,0.0,0.0,0.0
5,689,26.160587513935752,26.17435210896656,False,-24.83516502380371,-0.4334554076194763,-90.5934066772461,-1.5811532735824585,88.48351287841797,1.5443285703659058,80.21977996826172,1.400099277496338,83.86813354492188,1.4637750387191772,0.6868131868131868,0.006868131868131868,-0.4238108992576599,-1.579693078994751,1.4191899299621582,1.3992657661437988,1.4727294445037842,-0.0009304285049438477,-24.282573699951172,-0.4238108619223296,-90.5097427368164,-1.5796930158904698,84.48351287841797,1.4745154633794253,80.1720199584961,1.3992657162503646,84.38117980957031,1.4727294143943637,0.0,0.0,True,False,0.09304285049438477,0.0,0.0,0.0,0.0,0.0,0.0,0.0,3.169921875,3.169921875,0.0,0.0,0.0,0.0,0.0,0.0
5,690,26.19405479496345,26.358420550008304,False,-24.30769157409668,-0.4242492616176605,-91.03296661376953,-1.588824987411499,88.48351287841797,1.5443285703659058,80.21977996826172,1.400099277496338,83.78022003173828,1.4622406959533691,0.6868131868131868,0.006868131868131868,-0.4187045097351074,-1.691385269165039,1.5747076272964478,1.3912851810455322,1.459480881690979,-0.001766197383403778,-23.989999771118164,-0.41870448355869805,-95.03296661376953,-1.6586381653481246,90.2240982055664,1.5747075783298414,79.71476745605469,1.3912851545697784,83.6220932006836,1.459480853761492,0.0,0.0,True,False,0.1766197383403778,0.0,0.0,0.0,0.0,1.8762664794921875,1.8762664794921875,0.0,0.0,0.0,0.0,0.0,0.0,0.0,0.0,0.0
5,691,26.359884414006956,26.37063046498224,False,-24.571428298950195,-0.4288523197174072,-90.68132019042969,-1.5826876163482666,88.48351287841797,1.5443285703659058,80.21977996826172,1.400099277496338,83.78022003173828,1.4622406959533691,0.6868131868131868,0.006868131868131868,-0.41632384061813354,-1.6852898597717285,1.5658661127090454,1.3909211158752441,1.458453893661499,-0.0013697817921638489,-23.85359764099121,-0.41632381728124895,-94.68132019042969,-1.6525007774579825,89.71751403808594,1.565866016668833,79.69390869140625,1.3909211004487647,83.56324768066406,1.458453805687103,0.0,0.0,True,False,0.1369781792163849,0.0,0.0,0.0,0.0,1.8786697387695312,1.8786697387695312,0.0,0.0,0.0,0.0,0.0,0.0,0.0,0.0,0.0
5,692,26.393292465945706,26.404041051049717,False,-24.483516693115234,-0.4273179769515991,-90.76923370361328,-1.5842219591140747,88.48351287841797,1.5443285703659058,80.21977996826172,1.400099277496338,83.78022003173828,1.4622406959533691,0.6868131868131868,0.006868131868131868,-0.41114556789398193,-1.693856120109558,1.5692647695541382,1.3870697021484375,1.46230947971344,-0.002232193946838379,-23.556903839111328,-0.41114553356818523,-94.76923370361328,-1.6540351577200316,89.91224670410156,1.5692647428519921,79.47323608398438,1.3870696368802922,83.7841567993164,1.4623093971552652,0.0,0.0,True,False,0.2232193946838379,0.0,0.0,0.0,0.0,2.2815704345703125,2.2815704345703125,0.0,0.0,0.0,0.0,0.0,0.0,0.0,0.0,0.0
5,693,26.426602707942948,26.437067096005194,False,-24.30769157409668,-0.4242492616176605,-90.94505310058594,-1.587290644645691,88.57142639160156,1.5458630323410034,80.21977996826172,1.400099277496338,83.78022003173828,1.4622406959533691,0.6868131868131868,0.006868131868131868,-0.41232359409332275,-1.6892448663711548,1.5518391132354736,1.3887594938278198,1.459812879562378,-0.0016166791319847107,-23.624401092529297,-0.4123235828763818,-94.94505310058594,-1.6571037850860755,88.91382598876953,1.551839014049331,79.57005310058594,1.3887594125919474,83.64111328125,1.4598128167913704,0.0,0.0,True,False,0.16166791319847107,0.0,0.0,0.0,0.0,1.8415451049804688,1.8415451049804688,0.0,0.0,0.0,0.0,0.0,0.0,0.0,0.0,0.0
5,694,26.460215606959537,26.47057741403114,False,-24.21977996826172,-0.42271488904953003,-92.96703338623047,-1.6225807666778564,89.45054626464844,1.561206579208374,80.21977996826172,1.400099277496338,83.78022003173828,1.4622406959533691,0.6868131868131868,0.006868131868131868,-0.4145094156265259,-1.6564182043075562,1.542324423789978,1.390002965927124,1.4596136808395386,-0.002216920256614685,-23.7496395111084,-0.414509405630578,-94.90576934814453,-1.6564181542634346,88.3686752319336,1.542324338422805,79.64129638671875,1.3900028425049054,83.62969970703125,1.4596136123418326,0.0,0.0,True,False,0.2216920256614685,0.0,0.0,0.0,0.0,0.0,0.0,0.0,0.0,0.0,0.0,0.0,0.0,0.0,0.0,0.0
5,695,26.493428249959834,26.505073889973573,False,-24.21977996826172,-0.42271488904953003,-93.93406677246094,-1.6394587755203247,90.15384674072266,1.5734814405441284,80.21977996826172,1.400099277496338,83.78022003173828,1.4622406959533691,0.6868131868131868,0.006868131868131868,-0.4175577163696289,-1.6745551824569702,1.5514719486236572,1.389196753501892,1.4533050060272217,-0.0011013224720954895,-23.924293518066406,-0.41755769310379626,-95.94493865966797,-1.6745550802352012,88.89279174804688,1.5514718972930637,79.59510803222656,1.3891967036429385,83.26824188232422,1.4533049831935982,0.0,0.0,True,False,0.11013224720954895,0.0,0.0,0.0,0.0,0.0,0.0,0.0,0.0,0.0,0.0,0.0,0.0,0.0,0.0,0.0
5,696,26.526833561016247,26.538978421944194,False,-24.21977996826172,-0.42271488904953003,-93.4945068359375,-1.6317869424819946,90.15384674072266,1.5734814405441284,80.21977996826172,1.400099277496338,83.78022003173828,1.4622406959533691,0.6868131868131868,0.006868131868131868,-0.4180651903152466,-1.6994057893753052,1.559997320175171,1.38888418674469,1.4576056003570557,-0.001512974500656128,-23.953369140625,-0.41806515844951087,-97.3687744140625,-1.6994057021570033,89.38125610351562,1.5599972085746252,79.57719421386719,1.388884048530963,83.51464080810547,1.4576054557218583,0.0,0.0,True,False,0.1512974500656128,0.0,0.0,0.0,0.0,0.0,0.0,0.0,0.0,0.0,0.0,0.0,0.0,0.0,0.0,0.0
5,697,26.56027996703051,26.571158954990096,False,-24.21977996826172,-0.42271488904953003,-94.19779968261719,-1.6440616846084595,90.15384674072266,1.5734814405441284,80.21977996826172,1.400099277496338,83.78022003173828,1.4622406959533691,0.6868131868131868,0.006868131868131868,-0.41724687814712524,-1.6964272260665894,1.5556379556655884,1.390713095664978,1.452917456626892,-0.0009002536535263062,-23.906484603881836,-0.4172468689150704,-97.19811248779297,-1.696427089635804,89.13148498535156,1.5556378801862745,79.6819839477539,1.390712974409575,83.24603271484375,1.4529173600969374,0.0,0.0,True,False,0.09002536535263062,0.0,0.0,0.0,0.0,0.0,0.0,0.0,0.0,0.0,0.0,0.0,0.0,0.0,0.0,0.0
5,698,26.59369967598468,26.60378101503011,False,-24.21977996826172,-0.42271488904953003,-95.07691955566406,-1.65940523147583,90.15384674072266,1.5734814405441284,80.21977996826172,1.400099277496338,83.78022003173828,1.4622406959533691,0.6868131868131868,0.006868131868131868,-0.4193628430366516,-1.685889482498169,1.5349446535110474,1.3933018445968628,1.4641293287277222,-0.00012654811143875122,-24.027719497680664,-0.4193628169801656,-96.59434509277344,-1.685889360676524,87.94584655761719,1.5349445858841408,79.83031463623047,1.393301833305241,83.888427734375,1.4641292682861708,0.0,0.0,True,False,0.012654811143875122,0.0,0.0,0.0,0.0,0.0,0.0,0.0,0.0,0.0,0.0,0.0,0.0,0.0,0.0,0.0
5,699,26.62707812397275,26.638445012038574,False,-24.21977996826172,-0.42271488904953003,-95.78022003173828,-1.671680212020874,90.15384674072266,1.5734814405441284,80.21977996826172,1.400099277496338,83.78022003173828,1.4622406959533691,0.6868131868131868,0.006868131868131868,-0.4305541515350342,-1.660889983177185,1.4710729122161865,1.399910569190979,1.4579451084136963,-0.00056496262550354,-24.668933868408203,-0.4305541189604647,-95.16197967529297,-1.6608898680497868,86.15384674072266,1.503668288884196,80.2089614868164,1.3999104675502727,83.53409576416016,1.4579450087608434,0.0,0.0,True,False,0.056496262550354004,0.0,0.0,0.0,0.0,0.0,0.0,0.0,1.867584228515625,1.867584228515625,0.0,0.0,0.0,0.0,0.0,0.0
5,700,26.66079506999813,26.67257888801396,False,-24.21977996826172,-0.42271488904953003,-95.86813354492188,-1.6732145547866821,90.15384674072266,1.5734814405441284,80.21977996826172,1.400099277496338,83.78022003173828,1.4622406959533691,0.6868131868131868,0.006868131868131868,-0.41974204778671265,-1.6715956926345825,1.4772703647613525,1.3980644941329956,1.462084174156189,-0.0003420785069465637,-24.04944610595703,-0.41974201782987924,-95.77537536621094,-1.6715956424738507,86.15384674072266,1.503668288884196,80.10318756103516,1.3980643642826298,83.77124786376953,1.4620840937270445,0.0,0.0,True,False,0.03420785069465637,0.0,0.0,0.0,0.0,0.0,0.0,0.0,1.5124969482421875,1.5124969482421875,0.0,0.0,0.0,0.0,0.0,0.0
5,701,26.69402082194574,26.70461184193846,False,-24.21977996826172,-0.42271488904953003,-95.78022003173828,-1.671680212020874,89.97801971435547,1.5704126358032227,80.21977996826172,1.400099277496338,83.78022003173828,1.4622406959533691,0.6868131868131868,0.006868131868131868,-0.4247945547103882,-1.675589919090271,1.4980305433273315,1.3963052034378052,1.4532265663146973,0.0009314417839050293,-24.33893394470215,-0.424794533760464,-96.00422668457031,-1.6755898514767515,85.97801971435547,1.5005995283600975,80.00238800048828,1.3963050800665233,83.26374816894531,1.4532265530994954,0.09314417839050293,0.0009314417839050293,False,False,0.0,0.0,0.0,0.0,0.0,0.0,0.0,0.0,0.14719390869140625,0.14719390869140625,0.0,0.0,0.0,0.0,0.0,0.0
5,702,26.72741466097068,26.740052841953002,False,-24.21977996826172,-0.42271488904953003,-95.69230651855469,-1.6701457500457764,89.80220031738281,1.567344069480896,80.21977996826172,1.400099277496338,83.78022003173828,1.4622406959533691,0.6868131868131868,0.006868131868131868,-0.41678178310394287,-1.678411602973938,1.5225820541381836,1.3945363759994507,1.4524261951446533,0.001319974660873413,-23.87983512878418,-0.41678174783068805,-96.1658935546875,-1.6784114706516906,87.23751831054688,1.522581925787884,79.90104675292969,1.3945363416285472,83.21788787841797,1.4524261400338723,0.1319974660873413,0.001319974660873413,False,False,0.0,0.0,0.0,0.0,0.0,0.0,0.0,0.0,0.0,0.0,0.0,0.0,0.0,0.0,0.0,0.0
5,703,26.760985967935994,26.771603225031868,False,-24.21977996826172,-0.42271488904953003,-95.69230651855469,-1.6701457500457764,89.80220031738281,1.567344069480896,80.21977996826172,1.400099277496338,83.78022003173828,1.4622406959533691,0.6868131868131868,0.006868131868131868,-0.4223185181617737,-1.6730114221572876,1.5277544260025024,1.395151972770691,1.4510332345962524,-0.0004056394100189209,-24.197067260742188,-0.42231849302647645,-95.85649108886719,-1.6730113789093368,87.53387451171875,1.527754317257036,79.93631744384766,1.395151931314519,83.13807678222656,1.4510331736257063,0.0,0.0,True,False,0.04056394100189209,0.0,0.0,0.0,0.0,0.0,0.0,0.0,0.0,0.0,0.0,0.0,0.0,0.0,0.0,0.0
5,704,26.794289303012192,26.80551736499183,False,-24.21977996826172,-0.42271488904953003,-95.69230651855469,-1.6701457500457764,89.71428680419922,1.565809726715088,80.21977996826172,1.400099277496338,83.78022003173828,1.4622406959533691,0.6868131868131868,0.006868131868131868,-0.4256240129470825,-1.5242377519607544,1.3223795890808105,1.4054244756698608,1.4543509483337402,-0.0008182600140571594,-24.386457443237305,-0.42562397528196916,-91.69230651855469,-1.6003326474966384,85.71428680419922,1.4959965207320045,80.52488708496094,1.4054244094292272,83.32816314697266,1.4543508065536725,0.0,0.0,True,False,0.08182600140571594,0.0,0.0,0.0,0.0,4.35992431640625,4.35992431640625,0.0,9.947525024414062,9.947525024414062,0.0,0.0,0.0,0.0,0.0,0.0
5,705,26.82751929096412,26.837930444045924,False,-24.21977996826172,-0.42271488904953003,-95.69230651855469,-1.6701457500457764,89.71428680419922,1.565809726715088,80.21977996826172,1.400099277496338,83.78022003173828,1.4622406959533691,0.6868131868131868,0.006868131868131868,-0.42715704441070557,-1.5591228008270264,1.3257660865783691,1.4019341468811035,1.4548149108886719,-0.000296078622341156,-24.474294662475586,-0.42715702396347327,-91.69230651855469,-1.6003326474966384,85.71428680419922,1.4959965207320045,80.32490539550781,1.4019340705045693,83.35475158691406,1.4548148623736188,0.0,0.0,True,False,0.0296078622341156,0.0,0.0,0.0,0.0,2.3611526489257812,2.3611526489257812,0.0,9.753486633300781,9.753486633300781,0.0,0.0,0.0,0.0,0.0,0.0
5,706,26.861180754029192,26.871389187988825,False,-24.21977996826172,-0.42271488904953003,-95.51648712158203,-1.6670771837234497,89.71428680419922,1.565809726715088,80.21977996826172,1.400099277496338,83.78022003173828,1.4622406959533691,0.6868131868131868,0.006868131868131868,-0.42310768365859985,-1.399638295173645,1.1678779125213623,1.4060542583465576,1.4539496898651123,-0.0014234110713005066,-24.24228286743164,-0.42310765423649416,-91.51648712158203,-1.5972640201305945,85.71428680419922,1.4959965207320045,80.56097412109375,1.406054247027031,83.30517578125,1.453949601335452,0.0,0.0,True,False,0.14234110713005066,0.0,0.0,0.0,0.0,11.323127746582031,11.323127746582031,0.0,18.79981231689453,18.79981231689453,0.0,0.0,0.0,0.0,0.0,0.0
5,707,26.894293888937682,26.906063164002262,False,-24.21977996826172,-0.42271488904953003,-94.81318664550781,-1.6548023223876953,89.45054626464844,1.561206579208374,80.21977996826172,1.400099277496338,83.78022003173828,1.4622406959533691,0.6868131868131868,0.006868131868131868,-0.4291079640388489,-1.3476979732513428,1.135740041732788,1.4012154340744019,1.4557087421417236,0.00038051605224609375,-24.586074829101562,-0.42910795590952444,-90.81318664550781,-1.5849891111922558,85.45054626464844,1.4913933799458572,80.28372955322266,1.4012154164844115,83.40596008300781,1.4557086192354494,0.038051605224609375,0.00038051605224609375,False,False,0.0,0.0,0.0,0.0,0.0,13.595787048339844,13.595787048339844,0.0,20.37744140625,20.37744140625,0.0,0.0,0.0,0.0,0.0,0.0
5,708,26.927938021020964,26.939835977042094,False,-24.131868362426758,-0.4211805462837219,-93.84615325927734,-1.637924313545227,89.36264038085938,1.559672236442566,80.21977996826172,1.400099277496338,83.78022003173828,1.4622406959533691,0.6868131868131868,0.006868131868131868,-0.41700243949890137,-1.2544609308242798,1.056474208831787,1.403821587562561,1.455634355545044,-0.0006469413638114929,-23.892478942871094,-0.41700242401651477,-89.84615325927734,-1.5681111946258242,85.36264038085938,1.4898591328418624,80.43304443359375,1.4038214527691084,83.40170288085938,1.4556343170410362,0.0,0.0,True,False,0.06469413638114929,0.0,0.0,0.0,0.0,17.970840454101562,17.970840454101562,0.0,24.831130981445312,24.831130981445312,0.0,0.0,0.0,0.0,0.0,0.0
5,709,26.961204009945504,26.97284631303046,False,-24.131868362426758,-0.4211805462837219,-92.61538696289062,-1.616443395614624,89.36264038085938,1.559672236442566,80.21977996826172,1.400099277496338,83.78022003173828,1.4622406959533691,0.6868131868131868,0.006868131868131868,-0.4223017692565918,-1.250261902809143,1.0694453716278076,1.4030874967575073,1.4529858827590942,-0.0010681450366973877,-24.196107864379883,-0.42230174840112256,-88.61538696289062,-1.5466302704312995,85.36264038085938,1.4898591328418624,80.3909912109375,1.4030874855726827,83.24995422363281,1.4529858033369523,0.0,0.0,True,False,0.10681450366973877,0.0,0.0,0.0,0.0,16.98065948486328,16.98065948486328,0.0,24.087936401367188,24.087936401367188,0.0,0.0,0.0,0.0,0.0,0.0
5,710,26.994676394038834,27.006332832970656,False,-24.131868362426758,-0.4211805462837219,-91.73626708984375,-1.6010998487472534,89.36264038085938,1.559672236442566,80.21977996826172,1.400099277496338,83.78022003173828,1.4622406959533691,0.6868131868131868,0.006868131868131868,-0.41609883308410645,-1.1687804460525513,0.9972995519638062,1.4057947397232056,1.4508373737335205,-0.0014705583453178406,-23.84070587158203,-0.41609881345865085,-87.73626708984375,-1.531286734126917,85.36264038085938,1.4898591328418624,80.54610443115234,1.4057947219788027,83.1268539428711,1.4508372981275308,0.0,0.0,True,False,0.14705583453178406,0.0,0.0,0.0,0.0,20.77008056640625,20.77008056640625,0.0,28.221588134765625,28.221588134765625,0.0,0.0,0.0,0.0,0.0,0.0
5,711,27.028131294995546,27.040257401997223,False,-24.21977996826172,-0.42271488904953003,-91.47252655029297,-1.5964967012405396,89.36264038085938,1.559672236442566,80.21977996826172,1.400099277496338,83.78022003173828,1.4622406959533691,0.6868131868131868,0.006868131868131868,-0.42774897813796997,-1.1132234334945679,0.938754677772522,1.4067296981811523,1.4528294801712036,-0.0005063340067863464,-24.508209228515625,-0.427748944805257,-87.47252655029297,-1.5266835933407696,85.36264038085938,1.4898591328418624,80.59967041015625,1.4067296246794752,83.2409896850586,1.4528293426229102,0.0,0.0,True,False,0.050633400678634644,0.0,0.0,0.0,0.0,23.689525604248047,23.689525604248047,0.0,31.57596206665039,31.57596206665039,0.0,0.0,0.0,0.0,0.0,0.0
5,712,27.061746826046146,27.09521219995804,False,-24.21977996826172,-0.42271488904953003,-90.32967376708984,-1.5765502452850342,89.36264038085938,1.559672236442566,80.21977996826172,1.400099277496338,83.78022003173828,1.4622406959533691,0.6868131868131868,0.006868131868131868,-0.43127548694610596,-1.0782558917999268,0.9144139289855957,1.403387427330017,1.4556101560592651,0.00037354975938796997,-24.710264205932617,-0.4312754694312263,-86.32967376708984,-1.5067370494082941,85.36264038085938,1.4898591328418624,80.40817260742188,1.4033873575114255,83.40031433105469,1.4556100822751163,0.037354975938797,0.00037354975938796997,False,False,0.0,0.0,0.0,0.0,0.0,24.550167083740234,24.550167083740234,0.0,32.970584869384766,32.970584869384766,0.0,0.0,0.0,0.0,0.0,0.0
5,713,27.096528541995212,27.107640524976887,False,-24.21977996826172,-0.42271488904953003,-89.36264038085938,-1.559672236442566,89.36264038085938,1.559672236442566,80.21977996826172,1.400099277496338,83.86813354492188,1.4637750387191772,0.6868131868131868,0.006868131868131868,-0.4365478754043579,-1.043964147567749,0.882349967956543,1.403171420097351,1.4520463943481445,-0.00033693015575408936,-25.01235008239746,-0.43654786259931067,-85.36264038085938,-1.4898591328418624,85.36264038085938,1.4898591328418624,80.39579772949219,1.4031713751470203,83.19612884521484,1.452046373262427,0.0,0.0,True,False,0.033693015575408936,0.0,0.0,0.0,0.0,25.54790496826172,25.54790496826172,0.0,34.80771255493164,34.80771255493164,0.0,0.0,0.0,0.0,0.0,0.0
5,714,27.129956963006407,27.141316886991262,False,-24.21977996826172,-0.42271488904953003,-88.92308044433594,-1.5520005226135254,89.36264038085938,1.559672236442566,80.13186645507812,1.3985649347305298,84.04395294189453,1.4668437242507935,0.6868131868131868,0.006868131868131868,-0.4198722839355469,-1.069742202758789,0.9071577787399292,1.4032838344573975,1.4467705488204956,2.5317072868347168e-05,-24.056907653808594,-0.4198722464071841,-84.92308044433594,-1.4821873646896713,85.36264038085938,1.4898591328418624,80.40223693847656,1.4032837605450215,82.89384460449219,1.4467705179849255,0.002531707286834717,2.5317072868347168e-05,False,False,0.0,0.0,0.0,0.0,0.0,23.631370544433594,23.631370544433594,0.0,33.386329650878906,33.386329650878906,0.0,0.0,0.0,0.0,0.0,0.0
5,715,27.163711081026122,27.17462419194635,False,-24.571428298950195,-0.4288523197174072,-88.13186645507812,-1.5381911993026733,89.36264038085938,1.559672236442566,79.86813354492188,1.3939619064331055,84.04395294189453,1.4668437242507935,0.6868131868131868,0.006868131868131868,-0.43582189083099365,-0.959041953086853,0.8397589325904846,1.4022839069366455,1.440699815750122,-0.0010784491896629333,-24.970752716064453,-0.43582185159664144,-84.13186645507812,-1.4683780754892832,85.36264038085938,1.4898591328418624,80.3449478149414,1.4022838767137513,82.54601287841797,1.4406997091220353,0.0,0.0,True,False,0.10784491896629333,0.0,0.0,0.0,0.0,29.182811737060547,29.182811737060547,0.0,37.24800109863281,37.24800109863281,0.0,0.0,0.0,0.0,0.0,0.0
5,716,27.197317305020988,27.20814026694279,False,-24.923076629638672,-0.4349897503852844,-87.16483306884766,-1.5213133096694946,89.36264038085938,1.559672236442566,79.6043930053711,1.3893587589263916,84.04395294189453,1.4668437242507935,0.6868131868131868,0.006868131868131868,-0.4263765811920166,-1.012107253074646,0.8596382141113281,1.406036615371704,1.4433597326278687,1.2867152690887451e-05,-24.429576873779297,-0.4263765513165119,-83.16483306884766,-1.4515001589228516,85.36264038085938,1.4898591328418624,80.5599594116211,1.406036537005782,82.69841766357422,1.4433596744188064,0.0012867152690887451,1.2867152690887451e-05,False,False,0.0,0.0,0.0,0.0,0.0,25.17536163330078,25.17536163330078,0.0,36.10900115966797,36.10900115966797,0.0,0.0,0.0,0.0,0.0,0.0
5,717,27.230401625973172,27.242076409049332,False,-24.659339904785156,-0.43038666248321533,-86.54945373535156,-1.510572910308838,89.36264038085938,1.559672236442566,79.51648712158203,1.387824535369873,83.69230651855469,1.460706353187561,0.6868131868131868,0.006868131868131868,-0.43897545337677,-0.9949009418487549,0.8576009273529053,1.4052459001541138,1.441338300704956,-4.951655864715576e-05,-25.151439666748047,-0.43897543380145876,-82.54945373535156,-1.4407597634046165,85.36264038085938,1.4898591328418624,80.51465606689453,1.4052458444781375,82.58259582519531,1.4413382019933818,0.0,0.0,True,False,0.004951655864715576,0.0,0.0,0.0,0.0,25.545833587646484,25.545833587646484,0.0,36.225730895996094,36.225730895996094,0.0,0.0,0.0,0.0,0.0,0.0
5,718,27.26374169695191,27.277288274955936,False,-24.21977996826172,-0.42271488904953003,-85.84615325927734,-1.4982980489730835,89.36264038085938,1.559672236442566,79.51648712158203,1.387824535369873,83.6043930053711,1.4591718912124634,0.6868131868131868,0.006868131868131868,-0.43087536096572876,-0.9905223846435547,0.8436479568481445,1.4042692184448242,1.4396332502365112,-0.0004686117172241211,-24.68733787536621,-0.4308753294774419,-81.84615325927734,-1.4284848544662778,85.36264038085938,1.4898591328418624,80.45869445800781,1.4042691301483508,82.48490142822266,1.4396331131054585,0.0,0.0,True,False,0.04686117172241211,0.0,0.0,0.0,0.0,25.093402862548828,25.093402862548828,0.0,37.025177001953125,37.025177001953125,0.0,0.0,0.0,0.0,0.0,0.0
5,719,27.29750722798053,27.310276919044554,False,-24.395605087280273,-0.425783634185791,-85.14286041259766,-1.486023187637329,89.27472686767578,1.5581378936767578,79.51648712158203,1.387824535369873,83.6043930053711,1.4591718912124634,0.6868131868131868,0.006868131868131868,-0.42304128408432007,-1.0085872411727905,0.8757612705230713,1.4044476747512817,1.4346539974212646,-5.241483449935913e-05,-24.238479614257812,-0.42304127494632393,-81.14286041259766,-1.4162100786859937,85.27472686767578,1.4883247525798133,80.46891784667969,1.404447561941386,82.19961547851562,1.434653933973392,0.0,0.0,True,False,0.005241483449935913,0.0,0.0,0.0,0.0,23.355072021484375,23.355072021484375,0.0,35.09730529785156,35.09730529785156,0.0,0.0,0.0,0.0,0.0,0.0
5,720,27.33073114603758,27.49492295703385,False,-24.923076629638672,-0.4349897503852844,-84.61538696289062,-1.4768171310424805,89.0988998413086,1.5550692081451416,79.42857360839844,1.3862900733947754,83.51648712158203,1.4576376676559448,0.6868131868131868,0.006868131868131868,-0.42629653215408325,-1.6353402137756348,1.5715233087539673,1.3796864748001099,1.4503308534622192,-0.0030541643500328064,-24.424991607666016,-0.426296523325755,-88.61538696289062,-1.5466302704312995,90.0416488647461,1.5715232366144338,79.05020904541016,1.379686422232211,83.09783172607422,1.4503307648881978,0.0,0.0,True,False,0.30541643500328064,0.0,0.0,0.0,0.0,5.08270263671875,5.08270263671875,0.0,0.0,0.0,0.0,0.0,0.0,0.0,0.0,0.0
5,721,27.49646497599315,27.50779270194471,False,-24.659339904785156,-0.43038666248321533,-83.03296661376953,-1.449198603630066,88.3956069946289,1.5427943468093872,79.42857360839844,1.3862900733947754,83.07691955566406,1.4499657154083252,0.6868131868131868,0.006868131868131868,-0.43082475662231445,-1.6357996463775635,1.5786340236663818,1.376062035560608,1.449684739112854,-0.0038701295852661133,-24.684438705444336,-0.4308247294167304,-87.03296661376953,-1.5190118251885782,90.44905853271484,1.5786338767249453,78.84254455566406,1.3760619931466676,83.0608139038086,1.4496846820077447,0.0,0.0,True,False,0.38701295852661133,0.0,0.0,0.0,0.0,6.691444396972656,6.691444396972656,0.0,0.0,0.0,0.0,0.0,0.0,0.0,0.0,0.0
5,722,27.529878595029004,27.540872385026887,False,-24.74725341796875,-0.4319210350513458,-83.03296661376953,-1.449198603630066,88.3956069946289,1.5427943468093872,79.42857360839844,1.3862900733947754,83.07691955566406,1.4499657154083252,0.6868131868131868,0.006868131868131868,-0.43298619985580444,-1.6533194780349731,1.59219229221344,1.3770910501480103,1.4442381858825684,-0.0009777471423149109,-24.80828094482422,-0.43298618424695234,-87.03296661376953,-1.5190118251885782,91.22589111328125,1.5921921629925933,78.90150451660156,1.3770910385918742,82.74874877929688,1.444238118104369,0.0,0.0,True,False,0.09777471423149109,0.0,0.0,0.0,0.0,7.695259094238281,7.695259094238281,0.0,0.0,0.0,0.0,0.0,0.0,0.0,0.0,0.0
5,723,27.564860607031733,27.576033039949834,False,-24.659339904785156,-0.43038666248321533,-83.20879364013672,-1.4522674083709717,88.48351287841797,1.5443285703659058,79.07691955566406,1.3801525831222534,83.07691955566406,1.4499657154083252,0.6868131868131868,0.006868131868131868,-0.429625928401947,-1.6441740989685059,1.5610558986663818,1.3780137300491333,1.4574744701385498,-0.00167807936668396,-24.615751266479492,-0.4296259074520312,-87.20879364013672,-1.5220805857126767,89.44190979003906,1.5610558151079317,78.9543685913086,1.3780136907515321,83.50713348388672,1.4574744281962264,0.0,0.0,True,False,0.167807936668396,0.0,0.0,0.0,0.0,6.9954376220703125,6.9954376220703125,0.0,0.0,0.0,0.0,0.0,0.0,0.0,0.0,0.0
5,724,27.598085436038673,27.611499925958924,False,-24.483516693115234,-0.4273179769515991,-84.70330047607422,-1.4783514738082886,89.62637329101562,1.5642752647399902,78.989013671875,1.3786183595657349,83.07691955566406,1.4499657154083252,0.6868131868131868,0.006868131868131868,-0.43661361932754517,-1.6185728311538696,1.5435190200805664,1.3792028427124023,1.4551559686660767,-0.0019242316484451294,-25.016117095947266,-0.436613609388722,-88.70330047607422,-1.5481646506933486,88.43711853027344,1.54351889932976,79.02249908447266,1.3792027921782526,83.3742904663086,1.4551558801512035,0.0,0.0,True,False,0.19242316484451294,0.0,0.0,0.0,0.0,4.034088134765625,4.034088134765625,0.0,0.0,0.0,0.0,0.0,0.0,0.0,0.0,0.0
5,725,27.630845090956427,27.64146523398813,False,-24.395605087280273,-0.425783634185791,-85.93406677246094,-1.4998323917388916,90.68132019042969,1.5826876163482666,78.989013671875,1.3786183595657349,83.07691955566406,1.4499657154083252,0.6868131868131868,0.006868131868131868,-0.43570202589035034,-1.6197476387023926,1.542886734008789,1.381405234336853,1.4454079866409302,-0.001636601984500885,-24.963886260986328,-0.4357020093475879,-89.93406677246094,-1.5696455748878733,88.40089416503906,1.5428866648869752,79.148681640625,1.3814050932416935,82.8157730102539,1.4454079116131864,0.0,0.0,True,False,0.1636601984500885,0.0,0.0,0.0,0.0,2.8706283569335938,2.8706283569335938,0.0,0.0,0.0,0.0,0.0,0.0,0.0,0.0,0.0
5,726,27.66443106997758,27.67814470594749,False,-24.395605087280273,-0.425783634185791,-86.72527313232422,-1.513641595840454,90.76923370361328,1.5842219591140747,78.989013671875,1.3786183595657349,83.07691955566406,1.4499657154083252,0.6868131868131868,0.006868131868131868,-0.43009889125823975,-1.64682936668396,1.5554481744766235,1.3778784275054932,1.4532806873321533,-0.00044924765825271606,-24.64284896850586,-0.4300988515721157,-90.72527313232422,-1.5834547309302067,89.12061309814453,1.5554481299586065,78.94661712646484,1.377878402168156,83.266845703125,1.453280615269624,0.0,0.0,True,False,0.044924765825271606,0.0,0.0,0.0,0.0,3.6310958862304688,3.6310958862304688,0.0,0.0,0.0,0.0,0.0,0.0,0.0,0.0,0.0
5,727,27.697932609007694,27.71144804393407,False,-24.483516693115234,-0.4273179769515991,-87.95604705810547,-1.5351226329803467,90.68132019042969,1.5826876163482666,79.6043930053711,1.3893587589263916,83.07691955566406,1.4499657154083252,0.6868131868131868,0.006868131868131868,-0.43412983417510986,-1.6266810894012451,1.5383412837982178,1.3817739486694336,1.4487603902816772,-0.00023351609706878662,-24.87380599975586,-0.43412981219805963,-91.95604705810547,-1.604935788282786,88.14045715332031,1.538341181538428,79.16980743408203,1.3817738078946151,83.00785064697266,1.448760298793378,0.0,0.0,True,False,0.023351609706878662,0.0,0.0,0.0,0.0,1.24591064453125,1.24591064453125,0.0,0.0,0.0,0.0,0.0,0.0,0.0,0.0,0.0
5,728,27.731283584958874,27.74165391398128,False,-24.659339904785156,-0.43038666248321533,-88.83516693115234,-1.5504661798477173,90.68132019042969,1.5826876163482666,79.6043930053711,1.3893587589263916,82.72527313232422,1.4438283443450928,0.6868131868131868,0.006868131868131868,-0.4309438467025757,-1.637581706047058,1.552755355834961,1.3819478750228882,1.4472872018814087,-0.0009412243962287903,-24.69126319885254,-0.43094383929648417,-92.83516693115234,-1.6202793245871683,88.96632385253906,1.5527552746223727,79.17977905273438,1.3819478454718517,82.92344665527344,1.4472871712364008,0.0,0.0,True,False,0.09412243962287903,0.0,0.0,0.0,0.0,0.9913482666015625,0.9913482666015625,0.0,0.0,0.0,0.0,0.0,0.0,0.0,0.0,0.0
5,729,27.764856760040857,27.77628955198452,False,-24.74725341796875,-0.4319210350513458,-89.36264038085938,-1.559672236442566,90.68132019042969,1.5826876163482666,79.51648712158203,1.387824535369873,82.63735961914062,1.4422940015792847,0.6868131868131868,0.006868131868131868,-0.4275766611099243,-1.6422048807144165,1.5504430532455444,1.38283371925354,1.4429922103881836,-0.0008262768387794495,-24.498336791992188,-0.42757663828272885,-93.36264038085938,-1.6294854730014088,88.8338394165039,1.5504429850059116,79.23052978515625,1.382833612850412,82.67736053466797,1.4429921581883756,0.0,0.0,True,False,0.08262768387794495,0.0,0.0,0.0,0.0,0.728759765625,0.728759765625,0.0,0.0,0.0,0.0,0.0,0.0,0.0,0.0,0.0
5,730,27.79809729300905,27.80888064194005,False,-24.74725341796875,-0.4319210350513458,-90.5054931640625,-1.5796188116073608,90.68132019042969,1.5826876163482666,79.51648712158203,1.387824535369873,82.63735961914062,1.4422940015792847,0.6868131868131868,0.006868131868131868,-0.42149990797042847,-1.5865960121154785,1.4063717126846313,1.3942949771881104,1.4521666765213013,-0.002597630023956299,-24.150163650512695,-0.4214998705968997,-90.9052505493164,-1.5865959294359553,86.68132019042969,1.5128744372984362,79.88721466064453,1.3942949260757316,83.20301818847656,1.452166614985644,0.0,0.0,True,False,0.2597630023956299,0.0,0.0,0.0,0.0,0.0,0.0,0.0,6.1021575927734375,6.1021575927734375,0.0,0.0,0.0,0.0,0.0,0.0
5,731,27.83133039297536,27.844105898984708,False,-24.74725341796875,-0.4319210350513458,-91.56044006347656,-1.5980311632156372,90.68132019042969,1.5826876163482666,79.51648712158203,1.387824535369873,82.63735961914062,1.4422940015792847,0.6868131868131868,0.006868131868131868,-0.4270867705345154,-1.6132184267044067,1.4515438079833984,1.3863410949707031,1.4476252794265747,-0.0017063766717910767,-24.47026824951172,-0.4270867498002088,-92.43060302734375,-1.6132183524309869,86.68132019042969,1.5128744372984362,79.43148803710938,1.3863409960060464,82.94281768798828,1.4476252595367862,0.0,0.0,True,False,0.17063766717910767,0.0,0.0,0.0,0.0,0.0,0.0,0.0,3.5139923095703125,3.5139923095703125,0.0,0.0,0.0,0.0,0.0,0.0
5,732,27.865007358021103,27.87610144901555,False,-24.571428298950195,-0.4288523197174072,-92.43955993652344,-1.6133747100830078,90.68132019042969,1.5826876163482666,79.51648712158203,1.387824535369873,82.63735961914062,1.4422940015792847,0.6868131868131868,0.006868131868131868,-0.4316707253456116,-1.5787936449050903,1.3888063430786133,1.3857206106185913,1.447580099105835,-0.001537129282951355,-24.73291015625,-0.4316707158265077,-90.45820617675781,-1.5787935332322955,86.68132019042969,1.5128744372984362,79.39593505859375,1.385720479472058,82.94022369384766,1.447579985798255,0.0,0.0,True,False,0.1537129282951355,0.0,0.0,0.0,0.0,0.0,0.0,0.0,7.10858154296875,7.10858154296875,0.0,0.0,0.0,0.0,0.0,0.0
5,733,27.898331598029472,27.910385475028306,False,-24.571428298950195,-0.4288523197174072,-91.73626708984375,-1.6010998487472534,90.5054931640625,1.5796188116073608,79.51648712158203,1.387824535369873,82.63735961914062,1.4422940015792847,0.6868131868131868,0.006868131868131868,-0.43715739250183105,-1.538201093673706,1.320340871810913,1.3882842063903809,1.4406739473342896,-0.0011687874794006348,-25.047271728515625,-0.4371573603042889,-88.1324234008789,-1.5382009661070353,86.5054931640625,1.509805676774338,79.5428237915039,1.3882841714954228,82.5445327758789,1.4406738764594615,0.0,0.0,True,False,0.11687874794006348,0.0,0.0,0.0,0.0,0.0,0.0,0.0,10.855537414550781,10.855537414550781,0.0,0.0,0.0,0.0,0.0,0.0
5,734,27.93190033303108,27.943435215973295,False,-24.659339904785156,-0.43038666248321533,-91.12088012695312,-1.5903593301773071,90.5054931640625,1.5796188116073608,79.51648712158203,1.387824535369873,82.63735961914062,1.4422940015792847,0.6868131868131868,0.006868131868131868,-0.4253164529800415,-1.5459542274475098,1.3310787677764893,1.3870718479156494,1.4428973197937012,-0.0013890862464904785,-24.36883544921875,-0.42531641346557864,-88.57664489746094,-1.5459540938305285,86.5054931640625,1.509805676774338,79.47335815429688,1.3870717674091642,82.67192077636719,1.442897216495514,0.0,0.0,True,False,0.13890862464904785,0.0,0.0,0.0,0.0,0.0,0.0,0.0,10.240303039550781,10.240303039550781,0.0,0.0,0.0,0.0,0.0,0.0
5,735,27.965414321050048,27.976321858004667,False,-24.74725341796875,-0.4319210350513458,-90.5934066772461,-1.5811532735824585,90.32967376708984,1.5765502452850342,79.51648712158203,1.387824535369873,82.63735961914062,1.4422940015792847,0.6868131868131868,0.006868131868131868,-0.4185519814491272,-1.6108713150024414,1.4172961711883545,1.387141466140747,1.4365406036376953,-0.0009048804640769958,-23.981260299682617,-0.4185519510072637,-92.2961196899414,-1.6108711754042455,86.32967376708984,1.5067370494082941,79.47734832763672,1.3871414090716698,82.30770874023438,1.436540517289604,0.0,0.0,True,False,0.09048804640769958,0.0,0.0,0.0,0.0,0.0,0.0,0.0,5.1245880126953125,5.1245880126953125,0.0,0.0,0.0,0.0,0.0,0.0
5,736,27.998747525038198,28.01185504393652,False,-24.74725341796875,-0.4319210350513458,-90.32967376708984,-1.5765502452850342,90.32967376708984,1.5765502452850342,79.51648712158203,1.387824535369873,82.63735961914062,1.4422940015792847,0.6868131868131868,0.006868131868131868,-0.426816463470459,-1.6080900430679321,1.4222559928894043,1.3890682458877563,1.4347045421600342,-0.0007833912968635559,-24.45478057861328,-0.4268164389495658,-92.13676452636719,-1.6080899031198213,86.32967376708984,1.5067370494082941,79.5877456665039,1.389068206120342,82.20250701904297,1.4347044008760488,0.0,0.0,True,False,0.07833912968635559,0.0,0.0,0.0,0.0,0.0,0.0,0.0,4.840415954589844,4.840415954589844,0.0,0.0,0.0,0.0,0.0,0.0
5,737,28.03232808294706,28.043986388947815,False,-24.659339904785156,-0.43038666248321533,-89.80220031738281,-1.567344069480896,90.32967376708984,1.5765502452850342,79.51648712158203,1.387824535369873,82.63735961914062,1.4422940015792847,0.6868131868131868,0.006868131868131868,-0.42344141006469727,-1.6386816501617432,1.4906790256500244,1.3835941553115845,1.439342737197876,-0.0003283172845840454,-24.261404037475586,-0.4234413816105947,-93.80220031738281,-1.6371572411536,86.32967376708984,1.5067370494082941,79.27410125732422,1.383594078499684,82.46826171875,1.4393426953885855,0.0,0.0,True,False,0.03283172845840454,0.0,0.0,0.0,0.0,0.08733367919921875,0.08733367919921875,0.0,0.9200592041015625,0.9200592041015625,0.0,0.0,0.0,0.0,0.0,0.0
5,738,28.06553606002126,28.076072613941506,False,-24.483516693115234,-0.4273179769515991,-90.24176025390625,-1.5750157833099365,90.32967376708984,1.5765502452850342,79.51648712158203,1.387824535369873,82.63735961914062,1.4422940015792847,0.6868131868131868,0.006868131868131868,-0.4211573600769043,-1.6348210573196411,1.5106579065322876,1.3822507858276367,1.4386759996414185,0.0004336535930633545,-24.130537033081055,-0.4211573215016883,-93.66834259033203,-1.6348209830873282,86.5543212890625,1.5106578883231632,79.19712829589844,1.3822506468877938,82.43006134033203,1.438675973009684,0.04336535930633545,0.0004336535930633545,False,False,0.0,0.0,0.0,0.0,0.0,0.0,0.0,0.0,0.0,0.0,0.0,0.0,0.0,0.0,0.0,0.0
5,739,28.099213797948323,28.110402871039696,False,-24.395605087280273,-0.425783634185791,-91.56044006347656,-1.5980311632156372,90.24176025390625,1.5750157833099365,79.51648712158203,1.387824535369873,82.63735961914062,1.4422940015792847,0.6868131868131868,0.006868131868131868,-0.4251071810722351,-1.6236546039581299,1.4970283508300781,1.3832428455352783,1.441385269165039,-0.0014074966311454773,-24.35684585571289,-0.42510715558292567,-93.02854919433594,-1.6236544817946803,86.24176025390625,1.505202669146245,79.25397491455078,1.3832428075519028,82.58528900146484,1.4413852067866217,0.0,0.0,True,False,0.14074966311454773,0.0,0.0,0.0,0.0,0.0,0.0,0.0,0.46836090087890625,0.46836090087890625,0.0,0.0,0.0,0.0,0.0,0.0
5,740,28.13246752601117,28.14401089400053,False,-24.395605087280273,-0.425783634185791,-93.05494689941406,-1.624115228652954,90.24176025390625,1.5750157833099365,79.51648712158203,1.387824535369873,82.63735961914062,1.4422940015792847,0.6868131868131868,0.006868131868131868,-0.4308319091796875,-1.5988483428955078,1.4494807720184326,1.3854730129241943,1.4371341466903687,-0.0014570057392120361,-24.68484878540039,-0.43083188666216,-91.60725402832031,-1.5988482015050283,86.24176025390625,1.505202669146245,79.38175201416016,1.385472938648735,82.34171295166016,1.4371340027385282,0.0,0.0,True,False,0.1457005739212036,0.0,0.0,0.0,0.0,0.0,0.0,0.0,3.1926345825195312,3.1926345825195312,0.0,0.0,0.0,0.0,0.0,0.0
5,741,28.165939730009995,28.178967067971826,False,-24.395605087280273,-0.425783634185791,-92.87911987304688,-1.6210464239120483,90.15384674072266,1.5734814405441284,79.51648712158203,1.387824535369873,82.63735961914062,1.4422940015792847,0.6868131868131868,0.006868131868131868,-0.4206538200378418,-1.634235143661499,1.4753812551498413,1.382437825202942,1.4471267461776733,0.0003801211714744568,-24.101686477661133,-0.4206537843185815,-93.63477325439453,-1.6342350876475107,86.15384674072266,1.503668288884196,79.20784759521484,1.3824377339543719,82.91425323486328,1.4471267157807235,0.03801211714744568,0.0003801211714744568,False,False,0.0,0.0,0.0,0.0,0.0,0.0,0.0,0.0,1.6207351684570312,1.6207351684570312,0.0,0.0,0.0,0.0,0.0,0.0
5,742,28.199427949031815,28.211404051980935,False,-24.395605087280273,-0.425783634185791,-92.52747344970703,-1.614909052848816,90.06593322753906,1.5719470977783203,79.51648712158203,1.387824535369873,82.63735961914062,1.4422940015792847,0.6868131868131868,0.006868131868131868,-0.4228314161300659,-1.6212114095687866,1.491111397743225,1.3811311721801758,1.4351036548614502,-0.0001505240797996521,-24.22645378112793,-0.4228313845629121,-92.88856506347656,-1.6212112978106417,86.06593322753906,1.5021339086221466,79.13298034667969,1.3811310539655244,82.22537994384766,1.4351036087234517,0.0,0.0,True,False,0.01505240797996521,0.0,0.0,0.0,0.0,0.0,0.0,0.0,0.6315460205078125,0.6315460205078125,0.0,0.0,0.0,0.0,0.0,0.0
5,743,28.232607961981557,28.243883033981547,False,-24.395605087280273,-0.425783634185791,-92.17582702636719,-1.6087716817855835,89.89010620117188,1.5688782930374146,79.51648712158203,1.387824535369873,82.63735961914062,1.4422940015792847,0.6868131868131868,0.006868131868131868,-0.4288373589515686,-1.6207482814788818,1.4918997287750244,1.3844707012176514,1.4369637966156006,-0.0017457976937294006,-24.57056999206543,-0.42883734545325874,-92.86203002929688,-1.6207481740970768,85.89010620117188,1.4990651480980484,79.32432556152344,1.3844706579724837,82.33195495605469,1.4369636935868175,0.0,0.0,True,False,0.17457976937294006,0.0,0.0,0.0,0.0,0.0,0.0,0.0,0.410552978515625,0.410552978515625,0.0,0.0,0.0,0.0,0.0,0.0
5,744,28.267164631048217,28.27990837302059,False,-24.395605087280273,-0.425783634185791,-92.35164642333984,-1.6118402481079102,89.89010620117188,1.5688782930374146,79.51648712158203,1.387824535369873,82.63735961914062,1.4422940015792847,0.6868131868131868,0.006868131868131868,-0.4258480668067932,-1.6100494861602783,1.4742900133132935,1.385718822479248,1.4387049674987793,-0.0010551810264587402,-24.399295806884766,-0.4258480469981857,-92.24903869628906,-1.6100494570499015,85.89010620117188,1.4990651480980484,79.39583587646484,1.3857187484173494,82.43171691894531,1.4387048683075114,0.0,0.0,True,False,0.10551810264587402,0.0,0.0,0.0,0.0,0.0,0.0,0.0,1.4195175170898438,1.4195175170898438,0.0,0.0,0.0,0.0,0.0,0.0
5,745,28.30059573194012,28.31446516700089,False,-24.395605087280273,-0.425783634185791,-92.61538696289062,-1.616443395614624,89.89010620117188,1.5688782930374146,79.51648712158203,1.387824535369873,82.63735961914062,1.4422940015792847,0.6868131868131868,0.006868131868131868,-0.42753487825393677,-1.6180557012557983,1.48048734664917,1.3859730958938599,1.4319143295288086,-0.0007383972406387329,-24.495943069458008,-0.42753485994312823,-92.70775604248047,-1.6180555850769522,85.89010620117188,1.4990651480980484,79.41040802001953,1.385973080301452,82.04264068603516,1.4319142070019728,0.0,0.0,True,False,0.07383972406387329,0.0,0.0,0.0,0.0,0.0,0.0,0.0,1.0644378662109375,1.0644378662109375,0.0,0.0,0.0,0.0,0.0,0.0
5,746,28.333885002997704,28.345663961954415,False,-24.395605087280273,-0.425783634185791,-92.96703338623047,-1.6225807666778564,89.89010620117188,1.5688782930374146,79.51648712158203,1.387824535369873,82.63735961914062,1.4422940015792847,0.6868131868131868,0.006868131868131868,-0.42451173067092896,-1.6417139768600464,1.493011474609375,1.3835079669952393,1.4354808330535889,-0.0008619576692581177,-24.322729110717773,-0.42451170605269756,-94.06327819824219,-1.6417139097787257,85.89010620117188,1.4990651480980484,79.2691650390625,1.3835079252384201,82.24698638916016,1.435480712333807,0.0,0.0,True,False,0.08619576692581177,0.0,0.0,0.0,0.0,0.0,0.0,0.0,0.34685516357421875,0.34685516357421875,0.0,0.0,0.0,0.0,0.0,0.0
5,747,28.367271373979747,28.378499189042486,False,-24.395605087280273,-0.425783634185791,-92.96703338623047,-1.6225807666778564,89.89010620117188,1.5688782930374146,79.51648712158203,1.387824535369873,82.63735961914062,1.4422940015792847,0.6868131868131868,0.006868131868131868,-0.42751365900039673,-1.6362617015838623,1.4888097047805786,1.3842313289642334,1.434990406036377,-0.0020584091544151306,-24.494726181030273,-0.4275136212334349,-93.75088500976562,-1.6362616200790063,85.89010620117188,1.4990651480980484,79.31060791015625,1.3842312397904857,82.21888732910156,1.4349902912190688,0.0,0.0,True,False,0.20584091544151306,0.0,0.0,0.0,0.0,0.0,0.0,0.0,0.5876007080078125,0.5876007080078125,0.0,0.0,0.0,0.0,0.0,0.0
5,748,28.400742638041265,28.41120948304888,False,-24.395605087280273,-0.425783634185791,-92.96703338623047,-1.6225807666778564,89.89010620117188,1.5688782930374146,79.51648712158203,1.387824535369873,82.63735961914062,1.4422940015792847,0.6868131868131868,0.006868131868131868,-0.4298829436302185,-1.6410531997680664,1.4775251150131226,1.3835852146148682,1.4426000118255615,-0.0009885504841804504,-24.630477905273438,-0.4298829357867375,-94.0254135131836,-1.6410530463542226,85.89010620117188,1.4990651480980484,79.27359008789062,1.3835851569100324,82.6548843383789,1.4425998745598068,0.0,0.0,True,False,0.09885504841804504,0.0,0.0,0.0,0.0,0.0,0.0,0.0,1.234161376953125,1.234161376953125,0.0,0.0,0.0,0.0,0.0,0.0
5,749,28.434439743985422,28.446137650986202,False,-24.395605087280273,-0.425783634185791,-93.05494689941406,-1.624115228652954,89.89010620117188,1.5688782930374146,79.51648712158203,1.387824535369873,82.63735961914062,1.4422940015792847,0.6868131868131868,0.006868131868131868,-0.42811787128448486,-1.6094615459442139,1.3987685441970825,1.388208270072937,1.4373035430908203,-0.002537854015827179,-24.529346466064453,-0.42811785919526024,-92.21534729003906,-1.609461431081212,85.89010620117188,1.4990651480980484,79.53846740722656,1.388208138246301,82.35142517089844,1.4373035129419118,0.0,0.0,True,False,0.2537854015827179,0.0,0.0,0.0,0.0,0.0,0.0,0.0,5.746574401855469,5.746574401855469,0.0,0.0,0.0,0.0,0.0,0.0
5,750,28.467918409965932,28.631887619034387,False,-24.395605087280273,-0.425783634185791,-93.23076629638672,-1.6271837949752808,89.89010620117188,1.5688782930374146,79.51648712158203,1.387824535369873,82.63735961914062,1.4422940015792847,0.6868131868131868,0.006868131868131868,-0.42916643619537354,-1.706907868385315,1.5634287595748901,1.3881199359893799,1.4332164525985718,-0.001235872507095337,-24.58942413330078,-0.42916641229545166,-97.23076629638672,-1.696997006109081,89.57786560058594,1.5634286916391924,79.53340911865234,1.3881198544561648,82.11724853515625,1.4332163596169671,0.0,0.0,True,False,0.12358725070953369,0.0,0.0,0.0,0.0,0.5678482055664062,0.5678482055664062,0.0,0.0,0.0,0.0,0.0,0.0,0.0,0.0,0.0
5,751,28.633435150026344,28.645960381953046,False,-24.395605087280273,-0.425783634185791,-93.05494689941406,-1.624115228652954,89.89010620117188,1.5688782930374146,79.51648712158203,1.387824535369873,82.63735961914062,1.4422940015792847,0.6868131868131868,0.006868131868131868,-0.43123680353164673,-1.699349045753479,1.552464246749878,1.3888007402420044,1.4330904483795166,-0.0023860037326812744,-24.70804786682129,-0.4312367870163929,-97.05494689941406,-1.6939283787430373,88.94964599609375,1.552464191115227,79.57241821289062,1.3888006915888436,82.11003112792969,1.4330903920974063,0.0,0.0,True,False,0.23860037326812744,0.0,0.0,0.0,0.0,0.310577392578125,0.310577392578125,0.0,0.0,0.0,0.0,0.0,0.0,0.0,0.0,0.0
5,752,28.666875264956616,28.677817218005657,False,-24.395605087280273,-0.425783634185791,-93.05494689941406,-1.624115228652954,89.89010620117188,1.5688782930374146,79.51648712158203,1.387824535369873,82.63735961914062,1.4422940015792847,0.6868131868131868,0.006868131868131868,-0.4242401719093323,-1.7050626277923584,1.5716878175735474,1.3865007162094116,1.4339234828948975,-0.0011926889419555664,-24.307170867919922,-0.42424016349005034,-97.05494689941406,-1.6939283787430373,90.05107116699219,1.5716876868117462,79.44063568115234,1.3865006525133967,82.15776062011719,1.4339234288863831,0.0,0.0,True,False,0.11926889419555664,0.0,0.0,0.0,0.0,0.637939453125,0.637939453125,0.0,0.0,0.0,0.0,0.0,0.0,0.0,0.0,0.0
5,753,28.700461196014658,28.71338134794496,False,-24.395605087280273,-0.425783634185791,-93.05494689941406,-1.624115228652954,89.89010620117188,1.5688782930374146,79.51648712158203,1.387824535369873,82.63735961914062,1.4422940015792847,0.6868131868131868,0.006868131868131868,-0.42708760499954224,-1.7053070068359375,1.5662208795547485,1.3837965726852417,1.440981149673462,-0.0018405318260192871,-24.47031593322754,-0.4270875820380495,-97.05494689941406,-1.6939283787430373,89.73783874511719,1.5662207497260314,79.28569793701172,1.3837964787425303,82.5621337890625,1.4409810720912022,0.0,0.0,True,False,0.1840531826019287,0.0,0.0,0.0,0.0,0.6519393920898438,0.6519393920898438,0.0,0.0,0.0,0.0,0.0,0.0,0.0,0.0,0.0
5,754,28.733854132937267,28.744202584028244,False,-24.483516693115234,-0.4273179769515991,-94.63735961914062,-1.6517335176467896,90.5934066772461,1.5811532735824585,79.51648712158203,1.387824535369873,82.63735961914062,1.4422940015792847,0.6868131868131868,0.006868131868131868,-0.42598456144332886,-1.6919888257980347,1.5580025911331177,1.382407546043396,1.437666893005371,-0.0017429888248443604,-24.407115936279297,-0.42598453400405223,-96.94381713867188,-1.6919887985211324,89.2669677734375,1.558002500918156,79.20611572265625,1.3824075070759994,82.37223815917969,1.4376667681145985,0.0,0.0,True,False,0.17429888248443604,0.0,0.0,0.0,0.0,0.0,0.0,0.0,0.0,0.0,0.0,0.0,0.0,0.0,0.0,0.0
5,755,28.76713725295849,28.77791367098689,False,-24.571428298950195,-0.4288523197174072,-95.42857360839844,-1.6655428409576416,90.76923370361328,1.5842219591140747,79.51648712158203,1.387824535369873,82.63735961914062,1.4422940015792847,0.6868131868131868,0.006868131868131868,-0.41681134700775146,-1.7121772766113281,1.5569874048233032,1.3830654621124268,1.4338709115982056,-0.002013556659221649,-23.881528854370117,-0.4168113089187879,-98.10052490234375,-1.712177157480587,89.20880126953125,1.5569873039106177,79.24381256103516,1.3830654410233034,82.15474700927734,1.433870831454854,0.0,0.0,True,False,0.20135566592216492,0.0,0.0,0.0,0.0,0.0,0.0,0.0,0.0,0.0,0.0,0.0,0.0,0.0,0.0,0.0
5,756,28.80054200498853,28.81118663493544,False,-24.74725341796875,-0.4319210350513458,-95.69230651855469,-1.6701457500457764,90.76923370361328,1.5842219591140747,79.51648712158203,1.387824535369873,82.63735961914062,1.4422940015792847,0.6868131868131868,0.006868131868131868,-0.4187634587287903,-1.6931818723678589,1.5449854135513306,1.3837008476257324,1.438965916633606,-0.0028843954205513,-23.993377685546875,-0.4187634392873297,-97.01216888427734,-1.6931817615314335,88.5211410522461,1.544985368984012,79.28021240234375,1.3837007381013418,82.44667053222656,1.4389658580943392,0.0,0.0,True,False,0.28843954205513,0.0,0.0,0.0,0.0,0.0,0.0,0.0,0.0,0.0,0.0,0.0,0.0,0.0,0.0,0.0
5,757,28.83388800895773,28.84468676499091,False,-24.659339904785156,-0.43038666248321533,-96.21977996826172,-1.6793519258499146,90.76923370361328,1.5842219591140747,79.51648712158203,1.387824535369873,82.63735961914062,1.4422940015792847,0.6868131868131868,0.006868131868131868,-0.4251154661178589,-1.6897729635238647,1.547226905822754,1.384514331817627,1.437562108039856,-0.0021995380520820618,-24.35732078552246,-0.4251154446718185,-96.81685638427734,-1.689772915336132,88.64956665039062,1.5472268185154774,79.32682037353516,1.3845142006563065,82.3662338256836,1.4375619727257039,0.0,0.0,True,False,0.21995380520820618,0.0,0.0,0.0,0.0,0.0,0.0,0.0,0.0,0.0,0.0,0.0,0.0,0.0,0.0,0.0
5,758,28.86774949193932,28.878127055009827,False,-24.483516693115234,-0.4273179769515991,-96.48351287841797,-1.6839549541473389,90.76923370361328,1.5842219591140747,79.51648712158203,1.387824535369873,82.63735961914062,1.4422940015792847,0.6868131868131868,0.006868131868131868,-0.42055070400238037,-1.7059321403503418,1.539427638053894,1.387550711631775,1.4407269954681396,-0.0015062391757965088,-24.095779418945312,-0.4205506866948818,-97.74270629882812,-1.7059320447243513,88.20270538330078,1.5394276181051259,79.50079345703125,1.3875506037731604,82.54756927490234,1.4407268733651541,0.0,0.0,True,False,0.15062391757965088,0.0,0.0,0.0,0.0,0.0,0.0,0.0,0.0,0.0,0.0,0.0,0.0,0.0,0.0,0.0
5,759,28.901393117033876,28.914915981004015,False,-24.483516693115234,-0.4273179769515991,-96.48351287841797,-1.6839549541473389,90.76923370361328,1.5842219591140747,79.51648712158203,1.387824535369873,82.63735961914062,1.4422940015792847,0.6868131868131868,0.006868131868131868,-0.42159104347229004,-1.6958949565887451,1.5335655212402344,1.385469913482666,1.447524070739746,0.000494047999382019,-24.155385971069336,-0.42159101728520765,-97.16761779785156,-1.6958948568919516,87.86682891845703,1.5335654679136435,79.38157653808594,1.3854698760134816,82.93701171875,1.4475239262573087,0.049404799938201904,0.000494047999382019,False,False,0.0,0.0,0.0,0.0,0.0,0.0,0.0,0.0,0.0,0.0,0.0,0.0,0.0,0.0,0.0,0.0
5,760,28.934572812984698,28.948013189947233,False,-24.483516693115234,-0.4273179769515991,-96.57142639160156,-1.685489296913147,90.76923370361328,1.5842219591140747,79.51648712158203,1.387824535369873,82.63735961914062,1.4422940015792847,0.6868131868131868,0.006868131868131868,-0.42096078395843506,-1.6636991500854492,1.4565701484680176,1.3955233097076416,1.437679648399353,-0.0008229836821556091,-24.119274139404297,-0.42096074692372676,-95.32293701171875,-1.6636991035256568,86.76923370361328,1.5144088175604853,79.95758819580078,1.395523175970476,82.37297058105469,1.4376795512878309,0.0,0.0,True,False,0.08229836821556091,0.0,0.0,0.0,0.0,0.0,0.0,0.0,3.3139190673828125,3.3139190673828125,0.0,0.0,0.0,0.0,0.0,0.0
5,761,28.968063754029572,28.982305550016463,False,-24.483516693115234,-0.4273179769515991,-96.65933990478516,-1.6870237588882446,90.68132019042969,1.5826876163482666,79.51648712158203,1.387824535369873,82.63735961914062,1.4422940015792847,0.6868131868131868,0.006868131868131868,-0.42405450344085693,-1.6839995384216309,1.4643261432647705,1.3904473781585693,1.4419174194335938,-0.0007201880216598511,-24.296531677246094,-0.42405447458304457,-96.4860610961914,-1.6839994484089493,86.68132019042969,1.5128744372984362,79.66676330566406,1.3904473240908395,82.61577606201172,1.4419173063724195,0.0,0.0,True,False,0.07201880216598511,0.0,0.0,0.0,0.0,0.0,0.0,0.0,2.7816162109375,2.7816162109375,0.0,0.0,0.0,0.0,0.0,0.0
5,762,29.001518381992355,29.014099642983638,False,-24.395605087280273,-0.425783634185791,-96.65933990478516,-1.6870237588882446,90.68132019042969,1.5826876163482666,79.51648712158203,1.387824535369873,82.54945373535156,1.4407597780227661,0.6868131868131868,0.006868131868131868,-0.42331671714782715,-1.679870367050171,1.495441198348999,1.389096975326538,1.429940104484558,-0.0009518042206764221,-24.25425910949707,-0.4233166790925518,-96.24947357177734,-1.6798702171387814,86.68132019042969,1.5128744372984362,79.58938598632812,1.3890968351020605,81.92952728271484,1.429940005685897,0.0,0.0,True,False,0.09518042206764221,0.0,0.0,0.0,0.0,0.0,0.0,0.0,0.9988555908203125,0.9988555908203125,0.0,0.0,0.0,0.0,0.0,0.0
5,763,29.0347319629509,29.04633402999025,False,-24.395605087280273,-0.425783634185791,-96.30769348144531,-1.6808863878250122,90.5934066772461,1.5811532735824585,79.51648712158203,1.387824535369873,82.54945373535156,1.4407597780227661,0.6868131868131868,0.006868131868131868,-0.42335253953933716,-1.6777949333190918,1.4997550249099731,1.3837958574295044,1.4372421503067017,-0.0007529258728027344,-24.25631332397461,-0.42335253189872696,-96.13056182861328,-1.6777948157012827,86.5934066772461,1.511340057036387,79.28565979003906,1.3837958129522576,82.34790802001953,1.4372421270787854,0.0,0.0,True,False,0.07529258728027344,0.0,0.0,0.0,0.0,0.0,0.0,0.0,0.6637802124023438,0.6637802124023438,0.0,0.0,0.0,0.0,0.0,0.0
5,764,29.068296156008728,29.07999355602078,False,-24.395605087280273,-0.425783634185791,-96.21977996826172,-1.6793519258499146,90.5934066772461,1.5811532735824585,79.51648712158203,1.387824535369873,82.54945373535156,1.4407597780227661,0.6868131868131868,0.006868131868131868,-0.43042469024658203,-1.6210142374038696,1.3217413425445557,1.3986808061599731,1.4397435188293457,-0.0007959529757499695,-24.661516189575195,-0.4304246560419732,-92.87726593017578,-1.6210140907319213,86.5934066772461,1.511340057036387,80.13850402832031,1.3986807529169285,82.49122619628906,1.4397435011326423,0.0,0.0,True,False,0.07959529757499695,0.0,0.0,0.0,0.0,0.0,0.0,0.0,10.863212585449219,10.863212585449219,0.0,0.0,0.0,0.0,0.0,0.0
5,765,29.101968695991673,29.11375214101281,False,-24.395605087280273,-0.425783634185791,-96.21977996826172,-1.6793519258499146,90.5934066772461,1.5811532735824585,79.51648712158203,1.387824535369873,82.54945373535156,1.4407597780227661,0.6868131868131868,0.006868131868131868,-0.43643003702163696,-1.5071803331375122,1.2148947715759277,1.4082770347595215,1.438647985458374,-0.00015267729759216309,-25.005598068237305,-0.43643001772107465,-92.21977996826172,-1.609538795910879,86.5934066772461,1.511340057036387,80.68832397460938,1.408276921272811,82.42845153808594,1.4386478766601838,0.0,0.0,True,False,0.015267729759216309,0.0,0.0,0.0,0.0,5.864715576171875,5.864715576171875,0.0,16.985069274902344,16.985069274902344,0.0,0.0,0.0,0.0,0.0,0.0
5,766,29.135447681997903,29.148616145015694,False,-24.395605087280273,-0.425783634185791,-96.04395294189453,-1.6762832403182983,90.5934066772461,1.5811532735824585,79.6043930053711,1.3893587589263916,82.54945373535156,1.4407597780227661,0.6868131868131868,0.006868131868131868,-0.439883291721344,-1.4023714065551758,1.1531789302825928,1.4020978212356567,1.4418584108352661,0.0006657689809799194,-25.203454971313477,-0.4398832721275532,-92.04395294189453,-1.6064700353867805,86.5934066772461,1.511340057036387,80.33428192138672,1.4020977217535546,82.61239624023438,1.4418583173542743,0.06657689809799194,0.0006657689809799194,False,False,0.0,0.0,0.0,0.0,0.0,11.693992614746094,11.693992614746094,0.0,20.52112579345703,20.52112579345703,0.0,0.0,0.0,0.0,0.0,0.0
5,767,29.168962944997475,29.182755484012887,False,-24.395605087280273,-0.425783634185791,-95.42857360839844,-1.6655428409576416,90.5934066772461,1.5811532735824585,79.78022003173828,1.3924275636672974,82.54945373535156,1.4407597780227661,0.6868131868131868,0.006868131868131868,-0.4353497624397278,-1.360363483428955,1.1040587425231934,1.399236798286438,1.439268946647644,-0.0009512528777122498,-24.943702697753906,-0.43534973971439767,-91.42857360839844,-1.5957296398685454,86.5934066772461,1.511340057036387,80.17035675048828,1.3992366877944826,82.46403503417969,1.4392689258263902,0.0,0.0,True,False,0.09512528777122498,0.0,0.0,0.0,0.0,13.485488891601562,13.485488891601562,0.0,23.33550262451172,23.33550262451172,0.0,0.0,0.0,0.0,0.0,0.0
5,768,29.202171582961455,29.212836763006635,False,-24.395605087280273,-0.425783634185791,-94.10989379882812,-1.642527461051941,90.5934066772461,1.5811532735824585,79.95604705810547,1.3954962491989136,82.54945373535156,1.4407597780227661,0.6868131868131868,0.006868131868131868,-0.4395707845687866,-1.3035708665847778,1.0711677074432373,1.3986988067626953,1.4330071210861206,-0.00036869198083877563,-25.185548782348633,-0.43957075017363234,-90.10989379882812,-1.5727143354119717,86.5934066772461,1.511340057036387,80.13953399658203,1.3986987292542865,82.10525512695312,1.4330070351552868,0.0,0.0,True,False,0.036869198083877563,0.0,0.0,0.0,0.0,15.420791625976562,15.420791625976562,0.0,25.220020294189453,25.220020294189453,0.0,0.0,0.0,0.0,0.0,0.0
5,769,29.235525298980065,29.24733353697229,False,-24.659339904785156,-0.43038666248321533,-92.87911987304688,-1.6210464239120483,90.5054931640625,1.5796188116073608,79.95604705810547,1.3954962491989136,82.54945373535156,1.4407597780227661,0.6868131868131868,0.006868131868131868,-0.4418668746948242,-1.2266172170639038,0.9831255674362183,1.4014419317245483,1.4301763772964478,-0.0008124932646751404,-25.317106246948242,-0.44186686108647144,-88.87911987304688,-1.5512332780593925,86.5054931640625,1.509805676774338,80.29670715332031,1.4014419183351228,81.94306945800781,1.4301763612326417,0.0,0.0,True,False,0.08124932646751404,0.0,0.0,0.0,0.0,18.599136352539062,18.599136352539062,0.0,30.176551818847656,30.176551818847656,0.0,0.0,0.0,0.0,0.0,0.0
5,770,29.26915445702616,29.280175096937455,False,-24.83516502380371,-0.4334554076194763,-92.26373291015625,-1.610305905342102,90.5054931640625,1.5796188116073608,80.04395294189453,1.3970304727554321,82.54945373535156,1.4407597780227661,0.6868131868131868,0.006868131868131868,-0.4393092393875122,-1.1411411762237549,0.9245815277099609,1.4030497074127197,1.4213511943817139,-0.0005842000246047974,-25.170564651489258,-0.4393092277545866,-88.26373291015625,-1.5404927493831029,86.5054931640625,1.509805676774338,80.38882446289062,1.4030496686852036,81.43742370605469,1.4213511780123371,0.0,0.0,True,False,0.058420002460479736,0.0,0.0,0.0,0.0,22.88116455078125,22.88116455078125,0.0,33.53087615966797,33.53087615966797,0.0,0.0,0.0,0.0,0.0,0.0
5,771,29.302348013967276,29.31559771904722,False,-24.923076629638672,-0.4349897503852844,-91.82417297363281,-1.6026341915130615,90.5054931640625,1.5796188116073608,80.04395294189453,1.3970304727554321,82.54945373535156,1.4407597780227661,0.6868131868131868,0.006868131868131868,-0.4498671889305115,-1.0109819173812866,0.8279852867126465,1.398838758468628,1.4176838397979736,-0.00030515342950820923,-25.775489807128906,-0.4498671634486376,-87.82417297363281,-1.5328209812309117,86.5054931640625,1.509805676774338,80.14755249023438,1.3988386783695703,81.227294921875,1.417683738875189,0.0,0.0,True,False,0.030515342950820923,0.0,0.0,0.0,0.0,29.89917755126953,29.89917755126953,0.0,39.065433502197266,39.065433502197266,0.0,0.0,0.0,0.0,0.0,0.0
5,772,29.335821185959503,29.34792298602406,False,-24.923076629638672,-0.4349897503852844,-90.68132019042969,-1.5826876163482666,90.4175796508789,1.5780844688415527,80.04395294189453,1.3970304727554321,82.46154022216797,1.4392253160476685,0.6868131868131868,0.006868131868131868,-0.4414554238319397,-0.9370685815811157,0.7832850813865662,1.398093819618225,1.4128386974334717,-0.0012560710310935974,-25.29353141784668,-0.44145540269805417,-86.68132019042969,-1.5128744372984362,86.4175796508789,1.5082712965122889,80.10487365722656,1.398093792212675,80.94969177246094,1.4128386499040078,0.0,0.0,True,False,0.12560710310935974,0.0,0.0,0.0,0.0,32.991249084472656,32.991249084472656,0.0,41.53865432739258,41.53865432739258,0.0,0.0,0.0,0.0,0.0,0.0
5,773,29.36927588097751,29.380625842954032,False,-24.923076629638672,-0.4349897503852844,-89.89010620117188,-1.5688782930374146,90.4175796508789,1.5780844688415527,79.69230651855469,1.3908931016921997,82.54945373535156,1.4407597780227661,0.6868131868131868,0.006868131868131868,-0.44585204124450684,-0.8700590133666992,0.7266727089881897,1.3961387872695923,1.411194920539856,-0.0009532421827316284,-25.545438766479492,-0.445852015341666,-85.89010620117188,-1.4990651480980484,86.4175796508789,1.5082712965122889,79.99285888671875,1.396138765656448,80.85550689697266,1.4111948137211563,0.0,0.0,True,False,0.09532421827316284,0.0,0.0,0.0,0.0,36.039398193359375,36.039398193359375,0.0,44.78230285644531,44.78230285644531,0.0,0.0,0.0,0.0,0.0,0.0
5,774,29.40249450004194,29.41566116095055,False,-25.186813354492188,-0.43959280848503113,-89.27472686767578,-1.5581378936767578,90.4175796508789,1.5780844688415527,79.51648712158203,1.387824535369873,82.28571319580078,1.4361566305160522,0.6868131868131868,0.006868131868131868,-0.44921135902404785,-0.7792909145355225,0.6599886417388916,1.3946467638015747,1.4137368202209473,-0.0010826066136360168,-25.737913131713867,-0.449211326740692,-85.27472686767578,-1.4883247525798133,86.4175796508789,1.5082712965122889,79.9073715209961,1.394646729655731,81.00115203857422,1.4137368009816371,0.0,0.0,True,False,0.10826066136360168,0.0,0.0,0.0,0.0,40.62464904785156,40.62464904785156,0.0,48.60301971435547,48.60301971435547,0.0,0.0,0.0,0.0,0.0,0.0
5,775,29.435860406025313,29.446288009989075,False,-25.538461685180664,-0.4457302391529083,-88.3956069946289,-1.5427943468093872,90.4175796508789,1.5780844688415527,79.34066009521484,1.3847557306289673,82.02198028564453,1.431553602218628,0.6868131868131868,0.006868131868131868,-0.446752667427063,-0.6884384155273438,0.6016055345535278,1.3971761465072632,1.4121724367141724,0.0002933219075202942,-25.5970401763916,-0.44675262984330355,-84.3956069946289,-1.4729812162754308,86.4175796508789,1.5082712965122889,80.05229187011719,1.3971760669010338,80.91151428222656,1.41217232699927,0.02933219075202942,0.0002933219075202942,False,False,0.0,0.0,0.0,0.0,0.0,44.950992584228516,44.950992584228516,0.0,51.948123931884766,51.948123931884766,0.0,0.0,0.0,0.0,0.0,0.0
5,776,29.46947733894922,29.480665041017346,False,-25.626373291015625,-0.44726458191871643,-87.78022003173828,-1.532053828239441,90.15384674072266,1.5734814405441284,79.34066009521484,1.3847557306289673,81.93406677246094,1.4300192594528198,0.6868131868131868,0.006868131868131868,-0.44634658098220825,-0.5988829135894775,0.5291388034820557,1.4015514850616455,1.4027851819992065,-0.0007980763912200928,-25.573774337768555,-0.4463465643560937,-83.78022003173828,-1.4622406875991412,86.15384674072266,1.503668288884196,80.302978515625,1.401551374255925,80.37366485595703,1.4027850836309042,0.0,0.0,True,False,0.07980763912200928,0.0,0.0,0.0,0.0,49.466758728027344,49.466758728027344,0.0,55.83642578125,55.83642578125,0.0,0.0,0.0,0.0,0.0,0.0
5,777,29.50274935597554,29.513344764942303,False,-25.626373291015625,-0.44726458191871643,-87.07691955566406,-1.5197789669036865,89.89010620117188,1.5688782930374146,79.34066009521484,1.3847557306289673,81.84615325927734,1.4284847974777222,0.6868131868131868,0.006868131868131868,-0.4340794086456299,-0.5391130447387695,0.5177124738693237,1.4007527828216553,1.409956693649292,0.0005077645182609558,-24.87091636657715,-0.43407937858491624,-83.07691955566406,-1.4499657786608025,85.89010620117188,1.4990651480980484,80.25721740722656,1.4007526922450102,80.78456115722656,1.4099565769723241,0.05077645182609558,0.0005077645182609558,False,False,0.0,0.0,0.0,0.0,0.0,52.188018798828125,52.188018798828125,0.0,56.22736740112305,56.22736740112305,0.0,0.0,0.0,0.0,0.0,0.0
5,778,29.53614648000803,29.546514339046553,False,-25.626373291015625,-0.44726458191871643,-86.37362670898438,-1.5075041055679321,89.71428680419922,1.565809726715088,79.25274658203125,1.3832213878631592,81.5824203491211,1.4238818883895874,0.6868131868131868,0.006868131868131868,-0.4423629641532898,-0.5044735074043274,0.4789234399795532,1.4028291702270508,1.3992425203323364,-0.0011521056294441223,-25.345529556274414,-0.44236294141852595,-82.37362670898438,-1.4376910028805183,85.71428680419922,1.4959965207320045,80.37619018554688,1.402829158946945,80.17068481445312,1.3992424135908264,0.0,0.0,True,False,0.11521056294441223,0.0,0.0,0.0,0.0,53.469425201416016,53.469425201416016,0.0,58.27399444580078,58.27399444580078,0.0,0.0,0.0,0.0,0.0,0.0
5,779,29.56954749894794,29.580330963945016,False,-25.450550079345703,-0.4441958963871002,-85.75823974609375,-1.4967635869979858,89.45054626464844,1.561206579208374,79.25274658203125,1.3832213878631592,81.4945068359375,1.4223474264144897,0.6868131868131868,0.006868131868131868,-0.4547085762023926,-0.4623126983642578,0.45000743865966797,1.4018712043762207,1.405714988708496,-0.000764891505241394,-26.052881240844727,-0.45470855728380627,-81.75823974609375,-1.4269504742042287,85.45054626464844,1.4913933799458572,80.32129669189453,1.401871086744789,80.54153442382812,1.4057149603041548,0.0,0.0,True,False,0.0764891505241394,0.0,0.0,0.0,0.0,55.269676208496094,55.269676208496094,0.0,59.667022705078125,59.667022705078125,0.0,0.0,0.0,0.0,0.0,0.0
5,780,29.603058525943197,29.771560869994573,False,-25.27472496032715,-0.44112715125083923,-85.14286041259766,-1.486023187637329,89.27472686767578,1.5581378936767578,79.25274658203125,1.3832213878631592,81.4065933227539,1.4208130836486816,0.6868131868131868,0.006868131868131868,-0.4453732967376709,-1.6381760835647583,1.592331886291504,1.3756144046783447,1.4038971662521362,-0.0007222965359687805,-25.518009185791016,-0.44537327884621064,-89.14286041259766,-1.55583641884554,91.23389434814453,1.592331845791768,78.81689453125,1.3756143157674252,80.4373779296875,1.4038970865440668,0.0,0.0,True,False,0.07222965359687805,0.0,0.0,0.0,0.0,4.71771240234375,4.71771240234375,0.0,0.0,0.0,0.0,0.0,0.0,0.0,0.0,0.0
5,781,29.77292200003285,29.785707792034373,False,-25.9780216217041,-0.45340201258659363,-83.64835357666016,-1.4599391222000122,88.48351287841797,1.5443285703659058,79.25274658203125,1.3832213878631592,81.31867980957031,1.4192787408828735,0.6868131868131868,0.006868131868131868,-0.42874038219451904,-1.647371768951416,1.5706573724746704,1.3748466968536377,1.4145225286483765,-0.0030655711889266968,-24.565013885498047,-0.42874037310006624,-87.64835357666016,-1.5297523538648679,89.99203491210938,1.5706573097859944,78.77291107177734,1.3748466595832098,81.0461654663086,1.4145224335032105,0.0,0.0,True,False,0.3065571188926697,0.0,0.0,0.0,0.0,6.7390899658203125,6.7390899658203125,0.0,0.0,0.0,0.0,0.0,0.0,0.0,0.0,0.0
5,782,29.80662298994139,29.82043846102897,False,-25.80219841003418,-0.4503333270549774,-83.47252655029297,-1.456870436668396,88.48351287841797,1.5443285703659058,79.25274658203125,1.3832213878631592,81.31867980957031,1.4192787408828735,0.6868131868131868,0.006868131868131868,-0.4375661015510559,-1.6138073205947876,1.5643796920776367,1.375478982925415,1.417210578918457,-0.0025975853204727173,-25.070690155029297,-0.43756608895258886,-87.47252655029297,-1.5266835933407696,89.6323471069336,1.5643795733064052,78.80913543701172,1.3754788940259948,81.20018005371094,1.417210495149482,0.0,0.0,True,False,0.25975853204727173,0.0,0.0,0.0,0.0,4.991813659667969,4.991813659667969,0.0,0.0,0.0,0.0,0.0,0.0,0.0,0.0,0.0
5,783,29.839939736993983,29.868607872049324,False,-25.80219841003418,-0.4503333270549774,-83.73626708984375,-1.4614735841751099,88.48351287841797,1.5443285703659058,78.989013671875,1.3786183595657349,81.31867980957031,1.4192787408828735,0.6868131868131868,0.006868131868131868,-0.4376010298728943,-1.635583519935608,1.5601171255111694,1.3752493858337402,1.4168082475662231,-0.0027641654014587402,-25.072690963745117,-0.4376010096523825,-87.73626708984375,-1.531286734126917,89.38812255859375,1.5601170508236788,78.79598236083984,1.3752493295400299,81.17713165283203,1.4168082246668254,0.0,0.0,True,False,0.276416540145874,0.0,0.0,0.0,0.0,5.975761413574219,5.975761413574219,0.0,0.0,0.0,0.0,0.0,0.0,0.0,0.0,0.0
5,784,29.87344844301697,29.887397223035805,False,-25.626373291015625,-0.44726458191871643,-85.23076629638672,-1.4875575304031372,89.45054626464844,1.561206579208374,78.989013671875,1.3786183595657349,81.31867980957031,1.4192787408828735,0.6868131868131868,0.006868131868131868,-0.4354467988014221,-1.6320186853408813,1.556183099746704,1.37485933303833,1.4169700145721436,-0.003051087260246277,-24.949262619018555,-0.4354467786466174,-89.23076629638672,-1.5573706659495345,89.1627197265625,1.5561830292614138,78.77363586425781,1.3748593095983879,81.18639373779297,1.4169698785449931,0.0,0.0,True,False,0.3051087260246277,0.0,0.0,0.0,0.0,4.277008056640625,4.277008056640625,0.0,0.0,0.0,0.0,0.0,0.0,0.0,0.0,0.0
5,785,29.906795218004845,29.918367494945414,False,-25.36263656616211,-0.4426615238189697,-86.28571319580078,-1.505969762802124,89.97801971435547,1.5704126358032227,78.989013671875,1.3786183595657349,81.31867980957031,1.4192787408828735,0.6868131868131868,0.006868131868131868,-0.44559240341186523,-1.606601595878601,1.4941191673278809,1.3813461065292358,1.4215387105941772,-0.002605542540550232,-25.530563354492188,-0.4455923904248969,-90.28571319580078,-1.5757829627780156,85.97801971435547,1.5005995283600975,79.14529418945312,1.3813459710654938,81.44816589355469,1.4215386645530788,0.0,0.0,True,False,0.2605542540550232,0.0,0.0,0.0,0.0,1.7657699584960938,1.7657699584960938,0.0,0.37129974365234375,0.37129974365234375,0.0,0.0,0.0,0.0,0.0,0.0
5,786,29.94003130600322,29.953579726046883,False,-25.186813354492188,-0.43959280848503113,-87.07691955566406,-1.5197789669036865,89.97801971435547,1.5704126358032227,79.42857360839844,1.3862900733947754,81.31867980957031,1.4192787408828735,0.6868131868131868,0.006868131868131868,-0.4446580410003662,-1.6242291927337646,1.5107150077819824,1.379461646080017,1.4222619533538818,-0.0013864561915397644,-25.477027893066406,-0.4446580203564426,-91.07691955566406,-1.5895921188203488,86.55758666992188,1.510714879970491,79.03732299804688,1.3794615182781538,81.4896011352539,1.4222618459470897,0.0,0.0,True,False,0.13864561915397644,0.0,0.0,0.0,0.0,1.9845504760742188,1.9845504760742188,0.0,0.0,0.0,0.0,0.0,0.0,0.0,0.0,0.0
5,787,29.973554539959878,29.98620453698095,False,-25.186813354492188,-0.43959280848503113,-88.30769348144531,-1.541260004043579,89.97801971435547,1.5704126358032227,79.51648712158203,1.387824535369873,80.96703338623047,1.4131412506103516,0.6868131868131868,0.006868131868131868,-0.4470832943916321,-1.6159580945968628,1.5318602323532104,1.3776353597640991,1.415168046951294,-0.001981109380722046,-25.615983963012695,-0.44708326129263687,-92.30769348144531,-1.611073176172928,87.76911926269531,1.5318601127096112,78.93268585205078,1.377635255560632,81.0831527709961,1.4151679837514457,0.0,0.0,True,False,0.1981109380722046,0.0,0.0,0.0,0.0,0.279876708984375,0.279876708984375,0.0,0.0,0.0,0.0,0.0,0.0,0.0,0.0,0.0
