trial,cycle,observation_time_s,command_time_s,success_marker,measured_shoulder_pan_deg,measured_shoulder_pan_rad,measured_shoulder_lift_deg,measured_shoulder_lift_rad,measured_elbow_flex_deg,measured_elbow_flex_rad,measured_wrist_flex_deg,measured_wrist_flex_rad,measured_wrist_roll_deg,measured_wrist_roll_rad,measured_gripper_hw,measured_gripper_norm,policy_shoulder_pan_rad,policy_shoulder_lift_rad,policy_elbow_flex_rad,policy_wrist_flex_rad,policy_wrist_roll_rad,policy_gripper_norm,sent_shoulder_pan_deg,sent_shoulder_pan_rad,sent_shoulder_lift_deg,sent_shoulder_lift_rad,sent_elbow_flex_deg,sent_elbow_flex_rad,sent_wrist_flex_deg,sent_wrist_flex_rad,sent_wrist_roll_deg,sent_wrist_roll_rad,sent_gripper_hw,sent_gripper_norm,gripper_hard_clamped,gripper_step_clamped,gripper_correction_hw,urdf_violation_shoulder_pan_deg,step_violation_shoulder_pan_deg,safety_correction_shoulder_pan_deg,urdf_violation_shoulder_lift_deg,step_violation_shoulder_lift_deg,safety_correction_shoulder_lift_deg,urdf_violation_elbow_flex_deg,step_violation_elbow_flex_deg,safety_correction_elbow_flex_deg,urdf_violation_wrist_flex_deg,step_violation_wrist_flex_deg,safety_correction_wrist_flex_deg,urdf_violation_wrist_roll_deg,step_violation_wrist_roll_deg,safety_correction_wrist_roll_deg
3,0,0.001342938980087638,0.18506907299160957,False,-8.219779968261719,-0.14346222579479218,-95.6043930053711,-1.6686114072799683,91.64835357666016,1.5995655059814453,79.42857360839844,1.3862900733947754,95.29669952392578,1.6632411479949951,1.7170329670329672,0.017170329670329672,-0.144486665725708,-1.701815128326416,1.5932785272598267,1.3837329149246216,1.6733778715133667,0.004144787788391113,-8.278475761413574,-0.1444866590832114,-97.50682067871094,-1.7018150639951979,91.28813171386719,1.5932784664012365,79.28205108642578,1.3837328291924773,95.87748718261719,1.6733778298753317,0.41447877883911133,0.004144787788391113,False,False,0.0,0.0,0.0,0.0,0.0,0.0,0.0,0.0,0.0,0.0,0.0,0.0,0.0,0.0,0.0,0.0
3,1,0.1864551299950108,0.19954459299333394,False,-8.219779968261719,-0.14346222579479218,-95.6043930053711,-1.6686114072799683,91.64835357666016,1.5995655059814453,79.42857360839844,1.3862900733947754,95.29669952392578,1.6632411479949951,1.7170329670329672,0.017170329670329672,-0.14058691263198853,-1.7270478010177612,1.5989189147949219,1.3822084665298462,1.6712799072265625,0.006868559867143631,-8.055036544799805,-0.1405869090752243,-98.95254516601562,-1.7270477163753717,91.61129760742188,1.5989187752739153,79.19470977783203,1.382208435784516,95.75727844238281,1.6712797915685673,0.6868559867143631,0.006868559867143631,False,False,0.0,0.0,0.0,0.0,0.0,0.0,0.0,0.0,0.0,0.0,0.0,0.0,0.0,0.0,0.0,0.0
3,2,0.21983269799966365,0.23213898402173072,False,-8.219779968261719,-0.14346222579479218,-95.6043930053711,-1.6686114072799683,91.64835357666016,1.5995655059814453,79.42857360839844,1.3862900733947754,95.29669952392578,1.6632411479949951,1.7170329670329672,0.017170329670329672,-0.14674514532089233,-1.7221814393997192,1.605708360671997,1.3832566738128662,1.6718745231628418,0.006418883800506592,-8.407876968383789,-0.1467451362008963,-98.67372131347656,-1.7221813221154698,92.00030517578125,1.6057082381569634,79.25476837158203,1.3832566559895711,95.79135131835938,1.671874475439982,0.6418883800506592,0.006418883800506592,False,False,0.0,0.0,0.0,0.0,0.0,0.0,0.0,0.0,0.0,0.0,0.0,0.0,0.0,0.0,0.0,0.0
3,3,0.25383103999774903,0.2663944340310991,False,-8.219779968261719,-0.14346222579479218,-96.21977996826172,-1.6793519258499146,91.64835357666016,1.5995655059814453,79.42857360839844,1.3862900733947754,95.29669952392578,1.6632411479949951,1.4423076923076923,0.014423076923076922,-0.14678730070590973,-1.7053929567337036,1.584611177444458,1.381982445716858,1.678256630897522,0.004816971719264984,-8.410292625427246,-0.14678729736990362,-97.7118148803711,-1.7053928877616649,90.7915267944336,1.5846110754755192,79.18175506591797,1.3819823334079682,96.15701293945312,1.6782564746762478,0.4816971719264984,0.004816971719264984,False,False,0.0,0.0,0.0,0.0,0.0,0.0,0.0,0.0,0.0,0.0,0.0,0.0,0.0,0.0,0.0,0.0
3,4,0.28669454203918576,0.2996365319704637,False,-8.395604133605957,-0.14653094112873077,-96.83516693115234,-1.6900924444198608,91.56044006347656,1.5980311632156372,79.34066009521484,1.3847557306289673,95.29669952392578,1.6632411479949951,1.2362637362637363,0.012362637362637364,-0.15012212097644806,-1.71622896194458,1.5793168544769287,1.3834871053695679,1.6790311336517334,0.0059328749775886536,-8.601363182067871,-0.15012210768690085,-98.33267211914062,-1.7162288907630336,90.4881820678711,1.5793167112284416,79.2679672241211,1.383487019423863,96.2013931274414,1.6790310550792975,0.5932874977588654,0.0059328749775886536,False,False,0.0,0.0,0.0,0.0,0.0,0.0,0.0,0.0,0.0,0.0,0.0,0.0,0.0,0.0,0.0,0.0
3,5,0.32049783901311457,0.3319111199816689,False,-8.395604133605957,-0.14653094112873077,-96.92308044433594,-1.6916269063949585,91.56044006347656,1.5980311632156372,79.34066009521484,1.3847557306289673,95.38461303710938,1.6647754907608032,1.098901098901099,0.01098901098901099,-0.1501409113407135,-1.7152262926101685,1.5884538888931274,1.383069634437561,1.6773416996002197,0.006263397634029388,-8.602439880371094,-0.1501408996173427,-98.27522277832031,-1.7152262106126188,91.0116958618164,1.5884537506123944,79.24404907226562,1.383069568922993,96.1045913696289,1.6773415456837513,0.6263397634029388,0.006263397634029388,False,False,0.0,0.0,0.0,0.0,0.0,0.0,0.0,0.0,0.0,0.0,0.0,0.0,0.0,0.0,0.0,0.0
3,6,0.3535803520353511,0.36625197099056095,False,-8.483516693115234,-0.14806529879570007,-96.92308044433594,-1.6916269063949585,91.47252655029297,1.5964967012405396,79.34066009521484,1.3847557306289673,95.56044006347656,1.667844295501709,1.0302197802197801,0.0103021978021978,-0.15016408264636993,-1.724220871925354,1.5976800918579102,1.381848931312561,1.6741089820861816,0.00700659304857254,-8.603767395019531,-0.1501640691188264,-98.79057312011719,-1.7242207708782524,91.54032135009766,1.597680005892865,79.17411041259766,1.3818489090373554,95.91937255859375,1.6741088675945586,0.700659304857254,0.00700659304857254,False,False,0.0,0.0,0.0,0.0,0.0,0.0,0.0,0.0,0.0,0.0,0.0,0.0,0.0,0.0,0.0,0.0
3,7,0.3869871849892661,0.3988520299317315,False,-8.483516693115234,-0.14806529879570007,-97.010986328125,-1.693161129951477,91.47252655029297,1.5964967012405396,79.34066009521484,1.3847557306289673,95.56044006347656,1.667844295501709,1.0302197802197801,0.0103021978021978,-0.14602293074131012,-1.7247580289840698,1.6136215925216675,1.382428765296936,1.6725525856018066,0.006155863404273987,-8.366497039794922,-0.14602292020278043,-98.82135009765625,-1.7247579304701215,92.45370483398438,1.6136215550200248,79.20732879638672,1.3824286792066656,95.8302001953125,1.6725525162535162,0.6155863404273987,0.006155863404273987,False,False,0.0,0.0,0.0,0.0,0.0,0.0,0.0,0.0,0.0,0.0,0.0,0.0,0.0,0.0,0.0,0.0
3,8,0.42058202798943967,0.43482639093417674,False,-8.483516693115234,-0.14806529879570007,-97.18681335449219,-1.6962298154830933,91.47252655029297,1.5964967012405396,79.34066009521484,1.3847557306289673,95.56044006347656,1.667844295501709,1.0302197802197801,0.0103021978021978,-0.1419266164302826,-1.7266525030136108,1.6092278957366943,1.3819351196289062,1.67544424533844,0.007079795002937317,-8.131795883178711,-0.14192661226158867,-98.92989349365234,-1.7266523701115493,92.20196533203125,1.6092278718536122,79.17904663085938,1.3819350622986193,95.99588012695312,1.6754441765651242,0.7079795002937317,0.007079795002937317,False,False,0.0,0.0,0.0,0.0,0.0,0.0,0.0,0.0,0.0,0.0,0.0,0.0,0.0,0.0,0.0,0.0
3,9,0.4540300079388544,0.4651021769968793,False,-8.483516693115234,-0.14806529879570007,-97.27472686767578,-1.697764277458191,91.47252655029297,1.5964967012405396,79.34066009521484,1.3847557306289673,95.56044006347656,1.667844295501709,1.0302197802197801,0.0103021978021978,-0.14213642477989197,-1.7154204845428467,1.6103779077529907,1.3816161155700684,1.6731221675872803,0.0071296244859695435,-8.143816947937012,-0.1421364194212165,-98.28634643554688,-1.7154203550560856,92.26785278320312,1.6103778248123082,79.1607666015625,1.381616015600028,95.86283111572266,1.6731220332526295,0.7129624485969543,0.0071296244859695435,False,False,0.0,0.0,0.0,0.0,0.0,0.0,0.0,0.0,0.0,0.0,0.0,0.0,0.0,0.0,0.0,0.0
3,10,0.4874428230104968,0.5004360589664429,False,-8.483516693115234,-0.14806529879570007,-97.45054626464844,-1.7008328437805176,91.47252655029297,1.5964967012405396,79.34066009521484,1.3847557306289673,95.56044006347656,1.667844295501709,1.0302197802197801,0.0103021978021978,-0.1446549892425537,-1.7314563989639282,1.617347002029419,1.3819023370742798,1.6761187314987183,0.0065130069851875305,-8.28812026977539,-0.14465498750886124,-99.20513916015625,-1.7314563132438887,92.66715240478516,1.6173469179108821,79.17716979980469,1.3819023054172113,96.0345230102539,1.6761186221111868,0.651300698518753,0.0065130069851875305,False,False,0.0,0.0,0.0,0.0,0.0,0.0,0.0,0.0,0.0,0.0,0.0,0.0,0.0,0.0,0.0,0.0
3,11,0.5207916549406946,0.5349814399378374,False,-8.483516693115234,-0.14806529879570007,-97.45054626464844,-1.7008328437805176,91.56044006347656,1.5980311632156372,79.34066009521484,1.3847557306289673,95.56044006347656,1.667844295501709,1.0302197802197801,0.0103021978021978,-0.14291736483573914,-1.7366596460342407,1.6109862327575684,1.3820821046829224,1.6732208728790283,0.006974741816520691,-8.18856143951416,-0.1429173581213686,-99.50326538085938,-1.7366595973816856,92.30270385742188,1.6109860908052824,79.18746948242188,1.3820820687907918,95.86849212646484,1.6732208365290715,0.6974741816520691,0.006974741816520691,False,False,0.0,0.0,0.0,0.0,0.0,0.0,0.0,0.0,0.0,0.0,0.0,0.0,0.0,0.0,0.0,0.0
3,12,0.5543467330280691,0.5659366690088063,False,-8.483516693115234,-0.14806529879570007,-97.45054626464844,-1.7008328437805176,91.56044006347656,1.5980311632156372,79.34066009521484,1.3847557306289673,95.56044006347656,1.667844295501709,1.0302197802197801,0.0103021978021978,-0.1418842375278473,-1.7325619459152222,1.6125215291976929,1.382789134979248,1.6793763637542725,0.006663631647825241,-8.12936782836914,-0.1418842347107428,-99.26847839355469,-1.7325617914123808,92.39067077636719,1.612521403173713,79.22797393798828,1.3827890049021532,96.22117614746094,1.6793763339146262,0.6663631647825241,0.006663631647825241,False,False,0.0,0.0,0.0,0.0,0.0,0.0,0.0,0.0,0.0,0.0,0.0,0.0,0.0,0.0,0.0,0.0
3,13,0.5880740049760789,0.5989764289697632,False,-8.483516693115234,-0.14806529879570007,-97.62637329101562,-1.7039016485214233,91.56044006347656,1.5980311632156372,79.34066009521484,1.3847557306289673,95.56044006347656,1.667844295501709,1.0302197802197801,0.0103021978021978,-0.14488960802555084,-1.710952877998352,1.6043936014175415,1.384213924407959,1.6778488159179688,0.005232632160186768,-8.301562309265137,-0.1448895953561404,-98.0303726196289,-1.7109527691694233,91.92498016357422,1.6043935686848456,79.30960845947266,1.3842137960853456,96.13365173339844,1.6778487447133568,0.5232632160186768,0.005232632160186768,False,False,0.0,0.0,0.0,0.0,0.0,0.0,0.0,0.0,0.0,0.0,0.0,0.0,0.0,0.0,0.0,0.0
3,14,0.6213530269451439,0.6329529639333487,False,-8.483516693115234,-0.14806529879570007,-97.71428680419922,-1.7054359912872314,91.56044006347656,1.5980311632156372,79.34066009521484,1.3847557306289673,95.64835357666016,1.669378638267517,1.0302197802197801,0.0103021978021978,-0.14542776346206665,-1.717254638671875,1.601611852645874,1.3843239545822144,1.6757233142852783,0.0052585601806640625,-8.332396507263184,-0.14542775363341817,-98.39144134521484,-1.7172546072568777,91.76559448242188,1.6016117637682035,79.31591796875,1.3843239177964204,96.01187133789062,1.6757232758473646,0.5258560180664062,0.0052585601806640625,False,False,0.0,0.0,0.0,0.0,0.0,0.0,0.0,0.0,0.0,0.0,0.0,0.0,0.0,0.0,0.0,0.0
3,15,0.6547547299414873,0.665789425955154,False,-8.483516693115234,-0.14806529879570007,-97.71428680419922,-1.7054359912872314,91.56044006347656,1.5980311632156372,79.34066009521484,1.3847557306289673,95.73626708984375,1.6709131002426147,1.0302197802197801,0.0103021978021978,-0.14369802176952362,-1.7224011421203613,1.6065289974212646,1.3837114572525024,1.669334888458252,0.005860060453414917,-8.23328971862793,-0.1436980138606549,-98.68630981445312,-1.7224010329054014,92.04732513427734,1.6065288912468711,79.28082275390625,1.3837113907457022,95.64583587646484,1.6693347518664279,0.5860060453414917,0.005860060453414917,False,False,0.0,0.0,0.0,0.0,0.0,0.0,0.0,0.0,0.0,0.0,0.0,0.0,0.0,0.0,0.0,0.0
3,16,0.689124119002372,0.7013023130130023,False,-8.483516693115234,-0.14806529879570007,-97.71428680419922,-1.7054359912872314,91.56044006347656,1.5980311632156372,79.34066009521484,1.3847557306289673,95.73626708984375,1.6709131002426147,1.0302197802197801,0.0103021978021978,-0.14700821042060852,-1.732211709022522,1.6062616109848022,1.3846135139465332,1.680593729019165,0.005608543753623962,-8.42294979095459,-0.1470082065823257,-99.2484130859375,-1.7322115857290352,92.0320053100586,1.6062615098734272,79.33250427246094,1.384613403406912,96.29092407226562,1.6805936648489015,0.5608543753623962,0.005608543753623962,False,False,0.0,0.0,0.0,0.0,0.0,0.0,0.0,0.0,0.0,0.0,0.0,0.0,0.0,0.0,0.0,0.0
3,17,0.7220572070218623,0.735795857035555,False,-8.483516693115234,-0.14806529879570007,-97.71428680419922,-1.7054359912872314,91.56044006347656,1.5980311632156372,79.34066009521484,1.3847557306289673,95.73626708984375,1.6709131002426147,1.0302197802197801,0.0103021978021978,-0.14528881013393402,-1.730270266532898,1.607848882675171,1.3846807479858398,1.6828951835632324,0.0055861324071884155,-8.324435234069824,-0.1452888032035433,-99.13717651367188,-1.7302701412943675,92.1229476928711,1.6078487538831145,79.33635711669922,1.3846806482244365,96.42278289794922,1.6828950355048935,0.5586132407188416,0.0055861324071884155,False,False,0.0,0.0,0.0,0.0,0.0,0.0,0.0,0.0,0.0,0.0,0.0,0.0,0.0,0.0,0.0,0.0
3,18,0.755548864020966,0.7684312739875168,False,-8.483516693115234,-0.14806529879570007,-97.71428680419922,-1.7054359912872314,91.56044006347656,1.5980311632156372,79.34066009521484,1.3847557306289673,95.82417297363281,1.6724473237991333,1.0302197802197801,0.0103021978021978,-0.14628168940544128,-1.7217931747436523,1.5933434963226318,1.3854517936706543,1.6761672496795654,0.005528479814529419,-8.381322860717773,-0.14628167959219526,-98.65147399902344,-1.7217930332285363,91.29185485839844,1.5933434475318344,79.38053894042969,1.385451766518069,96.03730010986328,1.6761670916430262,0.5528479814529419,0.005528479814529419,False,False,0.0,0.0,0.0,0.0,0.0,0.0,0.0,0.0,0.0,0.0,0.0,0.0,0.0,0.0,0.0,0.0
3,19,0.7897423970280215,0.8011700509814546,False,-8.483516693115234,-0.14806529879570007,-97.71428680419922,-1.7054359912872314,91.56044006347656,1.5980311632156372,79.34066009521484,1.3847557306289673,95.9120864868164,1.6739816665649414,1.0302197802197801,0.0103021978021978,-0.14234508574008942,-1.7228498458862305,1.6015949249267578,1.384792685508728,1.6789820194244385,0.00587974488735199,-8.15577220916748,-0.1423450780926242,-98.71202087402344,-1.7228497755490797,91.7646255493164,1.6015948526952815,79.3427734375,1.3847926341482744,96.19857788085938,1.6789819197571856,0.587974488735199,0.00587974488735199,False,False,0.0,0.0,0.0,0.0,0.0,0.0,0.0,0.0,0.0,0.0,0.0,0.0,0.0,0.0,0.0,0.0
3,20,0.8232874310342595,0.83438842499163,False,-8.483516693115234,-0.14806529879570007,-97.71428680419922,-1.7054359912872314,91.56044006347656,1.5980311632156372,79.34066009521484,1.3847557306289673,96.0,1.675516128540039,1.0302197802197801,0.0103021978021978,-0.14663615822792053,-1.7394347190856934,1.601394772529602,1.3871269226074219,1.6778416633605957,0.005874305963516235,-8.401632308959961,-0.1466361463332848,-99.66226196289062,-1.739434611237548,91.75315856933594,1.601394716139362,79.47651672363281,1.3871268948437288,96.13323974609375,1.6778415541784135,0.5874305963516235,0.005874305963516235,False,False,0.0,0.0,0.0,0.0,0.0,0.0,0.0,0.0,0.0,0.0,0.0,0.0,0.0,0.0,0.0,0.0
3,21,0.8564908789703622,0.867717963992618,False,-8.483516693115234,-0.14806529879570007,-97.71428680419922,-1.7054359912872314,91.56044006347656,1.5980311632156372,79.34066009521484,1.3847557306289673,96.0,1.675516128540039,1.0302197802197801,0.0103021978021978,-0.14385125041007996,-1.7311104536056519,1.564249038696289,1.3909499645233154,1.6792442798614502,0.0059807151556015015,-8.242069244384766,-0.1438512454918753,-99.18531799316406,-1.7311103686182874,89.62486267089844,1.5642489452549369,79.695556640625,1.3909498625885375,96.21360778808594,1.6792442411245583,0.5980715155601501,0.0059807151556015015,False,False,0.0,0.0,0.0,0.0,0.0,0.0,0.0,0.0,0.0,0.0,0.0,0.0,0.0,0.0,0.0,0.0
3,22,0.8900226629339159,0.9008579489309341,False,-8.483516693115234,-0.14806529879570007,-97.71428680419922,-1.7054359912872314,91.56044006347656,1.5980311632156372,79.34066009521484,1.3847557306289673,96.0,1.675516128540039,1.0302197802197801,0.0103021978021978,-0.14880892634391785,-1.7411150932312012,1.6089874505996704,1.386993169784546,1.6806771755218506,0.006995804607868195,-8.526123046875,-0.14880891959813958,-99.75853729248047,-1.7411149327273336,92.18818664550781,1.608987388407178,79.4688491821289,1.3869930709989524,96.29570007324219,1.680677021791021,0.6995804607868195,0.006995804607868195,False,False,0.0,0.0,0.0,0.0,0.0,0.0,0.0,0.0,0.0,0.0,0.0,0.0,0.0,0.0,0.0,0.0
3,23,0.924337505013682,0.9354352559894323,False,-8.483516693115234,-0.14806529879570007,-97.71428680419922,-1.7054359912872314,91.56044006347656,1.5980311632156372,79.34066009521484,1.3847557306289673,96.0,1.675516128540039,1.0302197802197801,0.0103021978021978,-0.14819645881652832,-1.7238439321517944,1.573607087135315,1.391176462173462,1.6822134256362915,0.006966162472963333,-8.4910306930542,-0.14819644248169178,-98.76897430419922,-1.7238438004259518,90.16104125976562,1.5736070270093663,79.70853424072266,1.3911763644392487,96.38372802734375,1.6822133994238877,0.6966162472963333,0.006966162472963333,False,False,0.0,0.0,0.0,0.0,0.0,0.0,0.0,0.0,0.0,0.0,0.0,0.0,0.0,0.0,0.0,0.0
3,24,0.9567566360346973,0.9687693029409274,False,-8.483516693115234,-0.14806529879570007,-97.80220031738281,-1.706970453262329,91.38461303710938,1.5949623584747314,79.34066009521484,1.3847557306289673,96.0,1.675516128540039,1.0302197802197801,0.0103021978021978,-0.14656755328178406,-1.724316954612732,1.5728704929351807,1.390432596206665,1.6814390420913696,0.006539896130561829,-8.39770221710205,-0.14656755329045845,-98.79608154296875,-1.7243169109936043,90.11883544921875,1.5728703966518502,79.6659164428711,1.3904325435467897,96.33935546875,1.6814389521788926,0.6539896130561829,0.006539896130561829,False,False,0.0,0.0,0.0,0.0,0.0,0.0,0.0,0.0,0.0,0.0,0.0,0.0,0.0,0.0,0.0,0.0
3,25,0.9901321809738874,1.0013666179729626,False,-8.483516693115234,-0.14806529879570007,-97.80220031738281,-1.706970453262329,91.29669952392578,1.5934280157089233,79.34066009521484,1.3847557306289673,96.0,1.675516128540039,1.0302197802197801,0.0103021978021978,-0.1526617556810379,-1.739171028137207,1.599089503288269,1.3882983922958374,1.6801645755767822,0.0076795294880867004,-8.74687385559082,-0.15266174803667085,-99.64715576171875,-1.7391709582896304,91.6210708618164,1.599089350741735,79.54363250732422,1.3882982862492002,96.2663345336914,1.6801644964392353,0.76795294880867,0.0076795294880867004,False,False,0.0,0.0,0.0,0.0,0.0,0.0,0.0,0.0,0.0,0.0,0.0,0.0,0.0,0.0,0.0,0.0
3,26,1.02334748103749,1.0346833410440013,False,-8.483516693115234,-0.14806529879570007,-97.80220031738281,-1.706970453262329,91.29669952392578,1.5934280157089233,79.34066009521484,1.3847557306289673,96.0,1.675516128540039,1.0302197802197801,0.0103021978021978,-0.156299889087677,-1.7254559993743896,1.588688611984253,1.388534665107727,1.6842844486236572,0.007311724126338959,-8.955323219299316,-0.15629987575707127,-98.86134338378906,-1.7254559449918312,91.025146484375,1.5886885082624849,79.55717468261719,1.3885346417959448,96.50238800048828,1.6842844066455878,0.7311724126338959,0.007311724126338959,False,False,0.0,0.0,0.0,0.0,0.0,0.0,0.0,0.0,0.0,0.0,0.0,0.0,0.0,0.0,0.0,0.0
3,27,1.0567514559952542,1.0693737260298803,False,-8.483516693115234,-0.14806529879570007,-97.89010620117188,-1.7085046768188477,91.29669952392578,1.5934280157089233,79.34066009521484,1.3847557306289673,96.0,1.675516128540039,1.0302197802197801,0.0103021978021978,-0.15738137066364288,-1.7164483070373535,1.5784385204315186,1.389201283454895,1.6827915906906128,0.007937386631965637,-9.017288208007812,-0.15738136883099563,-98.3452377319336,-1.7164482020788017,90.43785858154297,1.5784384007009336,79.59536743164062,1.3892012310167916,96.4168472290039,1.6827914385384892,0.7937386631965637,0.007937386631965637,False,False,0.0,0.0,0.0,0.0,0.0,0.0,0.0,0.0,0.0,0.0,0.0,0.0,0.0,0.0,0.0,0.0
3,28,1.090480217942968,1.104775176034309,False,-8.483516693115234,-0.14806529879570007,-97.89010620117188,-1.7085046768188477,91.38461303710938,1.5949623584747314,79.34066009521484,1.3847557306289673,96.0,1.675516128540039,1.0302197802197801,0.0103021978021978,-0.15409332513809204,-1.7074296474456787,1.5657590627670288,1.3892452716827393,1.68549382686615,0.007141027599573135,-8.828896522521973,-0.15409331363588613,-97.82850646972656,-1.7074295402053028,89.71138000488281,1.5657589575930118,79.59788513183594,1.389245173174778,96.5716781616211,1.6854937480965928,0.7141027599573135,0.007141027599573135,False,False,0.0,0.0,0.0,0.0,0.0,0.0,0.0,0.0,0.0,0.0,0.0,0.0,0.0,0.0,0.0,0.0
3,29,1.123644907027483,1.1351023119641468,False,-8.483516693115234,-0.14806529879570007,-97.89010620117188,-1.7085046768188477,91.38461303710938,1.5949623584747314,79.34066009521484,1.3847557306289673,96.0,1.675516128540039,1.0302197802197801,0.0103021978021978,-0.15505924820899963,-1.6946009397506714,1.5595037937164307,1.3882192373275757,1.6865789890289307,0.004920214414596558,-8.88424015045166,-0.15505924216325787,-97.09347534179688,-1.6946008269182822,89.35298156738281,1.5595037248246335,79.53910064697266,1.3882191903648249,96.63385009765625,1.6865788530827455,0.49202144145965576,0.004920214414596558,False,False,0.0,0.0,0.0,0.0,0.0,0.0,0.0,0.0,0.0,0.0,0.0,0.0,0.0,0.0,0.0,0.0
3,30,1.1571411109762266,1.322918795980513,False,-8.571428298950195,-0.14959964156150818,-97.89010620117188,-1.7085046768188477,91.38461303710938,1.5949623584747314,79.34066009521484,1.3847557306289673,96.0,1.675516128540039,1.0302197802197801,0.0103021978021978,-0.15340958535671234,-1.706768274307251,1.5742636919021606,1.3857300281524658,1.6887404918670654,0.004420153796672821,-8.789721488952637,-0.1534095803155219,-97.79061126708984,-1.7067681441485818,90.19866180419922,1.5742636293761252,79.39647674560547,1.3857299336939277,96.75769805908203,1.6887404077815082,0.4420153796672821,0.004420153796672821,False,False,0.0,0.0,0.0,0.0,0.0,0.0,0.0,0.0,0.0,0.0,0.0,0.0,0.0,0.0,0.0,0.0
3,31,1.3243805300444365,1.3379819529363886,False,-8.571428298950195,-0.14959964156150818,-97.53845977783203,-1.7023673057556152,91.38461303710938,1.5949623584747314,79.34066009521484,1.3847557306289673,96.0879135131836,1.6770504713058472,1.0302197802197801,0.0103021978021978,-0.1489415466785431,-1.7340364456176758,1.6109710931777954,1.3823752403259277,1.6854280233383179,0.0016029328107833862,-8.533721923828125,-0.14894154502042553,-99.35296630859375,-1.7340363837079575,92.30184173583984,1.6109710439451235,79.20426177978516,1.3823751496687549,96.56790924072266,1.6854279680176678,0.16029328107833862,0.0016029328107833862,False,False,0.0,0.0,0.0,0.0,0.0,0.0,0.0,0.0,0.0,0.0,0.0,0.0,0.0,0.0,0.0,0.0
3,32,1.357679703971371,1.3710194090381265,False,-8.571428298950195,-0.14959964156150818,-97.53845977783203,-1.7023673057556152,91.38461303710938,1.5949623584747314,79.34066009521484,1.3847557306289673,96.0879135131836,1.6770504713058472,1.0302197802197801,0.0103021978021978,-0.14570267498493195,-1.7328022718429565,1.6162348985671997,1.3813027143478394,1.6893587112426758,0.002538330852985382,-8.348148345947266,-0.1457026750816984,-99.2822494506836,-1.7328021417007604,92.60343170166016,1.616234781839665,79.14281463623047,1.38130269469778,96.79312133789062,1.6893586606285702,0.2538330852985382,0.002538330852985382,False,False,0.0,0.0,0.0,0.0,0.0,0.0,0.0,0.0,0.0,0.0,0.0,0.0,0.0,0.0,0.0,0.0
3,33,1.3916965150274336,1.4048687709728256,False,-8.571428298950195,-0.14959964156150818,-97.62637329101562,-1.7039016485214233,91.38461303710938,1.5949623584747314,79.34066009521484,1.3847557306289673,96.0879135131836,1.6770504713058472,0.9615384615384616,0.009615384615384616,-0.1491844803094864,-1.7385923862457275,1.6094378232955933,1.382541537284851,1.6846466064453125,0.003973796963691711,-8.547640800476074,-0.1491844752461112,-99.61399841308594,-1.7385922533847562,92.2139892578125,1.6094377289475104,79.21379089355469,1.3825414640788303,96.52313232421875,1.684646463395784,0.39737969636917114,0.003973796963691711,False,False,0.0,0.0,0.0,0.0,0.0,0.0,0.0,0.0,0.0,0.0,0.0,0.0,0.0,0.0,0.0,0.0
3,34,1.425171529990621,1.4365852050250396,False,-8.571428298950195,-0.14959964156150818,-97.89010620117188,-1.7085046768188477,91.47252655029297,1.5964967012405396,79.34066009521484,1.3847557306289673,96.0879135131836,1.6770504713058472,0.8928571428571428,0.008928571428571428,-0.14966319501399994,-1.7189146280288696,1.5946589708328247,1.3874448537826538,1.6885432004928589,0.003855489194393158,-8.575069427490234,-0.14966319509680975,-98.4865493774414,-1.7189145555643242,91.36722564697266,1.594658915952279,79.4947280883789,1.3874447431198298,96.74639129638672,1.6885430675447335,0.3855489194393158,0.003855489194393158,False,False,0.0,0.0,0.0,0.0,0.0,0.0,0.0,0.0,0.0,0.0,0.0,0.0,0.0,0.0,0.0,0.0
3,35,1.4586289059370756,1.47040825500153,False,-8.571428298950195,-0.14959964156150818,-97.89010620117188,-1.7085046768188477,91.47252655029297,1.5964967012405396,79.34066009521484,1.3847557306289673,96.0879135131836,1.6770504713058472,0.8928571428571428,0.008928571428571428,-0.15241128206253052,-1.7288222312927246,1.5904897451400757,1.388698935508728,1.6922287940979004,0.0034222453832626343,-8.732522964477539,-0.15241127773614888,-99.05421447753906,-1.7288221806096915,91.12834167480469,1.5904896041077055,79.56658172607422,1.388698825677148,96.95756530761719,1.6922287493353487,0.3422245383262634,0.0034222453832626343,False,False,0.0,0.0,0.0,0.0,0.0,0.0,0.0,0.0,0.0,0.0,0.0,0.0,0.0,0.0,0.0,0.0
3,36,1.4920069390209392,1.5038039030041546,False,-8.571428298950195,-0.14959964156150818,-97.89010620117188,-1.7085046768188477,91.47252655029297,1.5964967012405396,79.34066009521484,1.3847557306289673,96.0879135131836,1.6770504713058472,0.8928571428571428,0.008928571428571428,-0.14979203045368195,-1.7209035158157349,1.5833255052566528,1.3871349096298218,1.6942903995513916,0.0037654712796211243,-8.582450866699219,-0.14979202551454232,-98.60050201416016,-1.7209034042663953,90.71786499023438,1.5833254344592833,79.47697448730469,1.387134884326999,97.07568359375,1.694290302335179,0.3765471279621124,0.0037654712796211243,False,False,0.0,0.0,0.0,0.0,0.0,0.0,0.0,0.0,0.0,0.0,0.0,0.0,0.0,0.0,0.0,0.0
3,37,1.5254181119380519,1.5392955070128664,False,-8.571428298950195,-0.14959964156150818,-97.89010620117188,-1.7085046768188477,91.47252655029297,1.5964967012405396,79.34066009521484,1.3847557306289673,96.17582702636719,1.6785848140716553,0.8928571428571428,0.008928571428571428,-0.1514318436384201,-1.7234103679656982,1.5995386838912964,1.3846238851547241,1.6895029544830322,0.0021557584404945374,-8.67640495300293,-0.151431833666245,-98.74413299560547,-1.723410237800487,91.64681243896484,1.5995386260176312,79.33309936523438,1.3846237897351634,96.80138397216797,1.689502870801598,0.21557584404945374,0.0021557584404945374,False,False,0.0,0.0,0.0,0.0,0.0,0.0,0.0,0.0,0.0,0.0,0.0,0.0,0.0,0.0,0.0,0.0
3,38,1.559036216000095,1.5703981990227476,False,-8.571428298950195,-0.14959964156150818,-97.89010620117188,-1.7085046768188477,91.56044006347656,1.5980311632156372,79.34066009521484,1.3847557306289673,96.43955993652344,1.6831878423690796,0.8928571428571428,0.008928571428571428,-0.15141870081424713,-1.7201682329177856,1.5919897556304932,1.3860188722610474,1.6942648887634277,0.002802714705467224,-8.675651550292969,-0.15141868430836272,-98.5583724975586,-1.7201681054894244,91.21428680419922,1.5919896295916927,79.41302490234375,1.3860187535141468,97.07421875,1.6942647359887142,0.2802714705467224,0.002802714705467224,False,False,0.0,0.0,0.0,0.0,0.0,0.0,0.0,0.0,0.0,0.0,0.0,0.0,0.0,0.0,0.0,0.0
3,39,1.59269638301339,1.6035107999341562,False,-8.571428298950195,-0.14959964156150818,-97.89010620117188,-1.7085046768188477,91.56044006347656,1.5980311632156372,79.34066009521484,1.3847557306289673,96.43955993652344,1.6831878423690796,0.8928571428571428,0.008928571428571428,-0.14980097115039825,-1.7227355241775513,1.5850694179534912,1.3890286684036255,1.6894232034683228,0.00223492830991745,-8.582962989807129,-0.1498009637489509,-98.7054672241211,-1.7227353927802609,90.81777954101562,1.5850692723410673,79.58547973632812,1.3890286581781544,96.79681396484375,1.68942310912695,0.223492830991745,0.00223492830991745,False,False,0.0,0.0,0.0,0.0,0.0,0.0,0.0,0.0,0.0,0.0,0.0,0.0,0.0,0.0,0.0,0.0
3,40,1.625869389041327,1.6368588019395247,False,-8.571428298950195,-0.14959964156150818,-97.89010620117188,-1.7085046768188477,91.56044006347656,1.5980311632156372,79.34066009521484,1.3847557306289673,96.43955993652344,1.6831878423690796,0.8928571428571428,0.008928571428571428,-0.1527252495288849,-1.7155959606170654,1.552640676498413,1.3911082744598389,1.6942493915557861,0.002673402428627014,-8.75051212310791,-0.15272524778391242,-98.29640197753906,-1.7155958573719219,88.95975494384766,1.552640625537445,79.70462799072266,1.3911081875153428,97.07333374023438,1.6942492896543917,0.2673402428627014,0.002673402428627014,False,False,0.0,0.0,0.0,0.0,0.0,0.0,0.0,0.0,0.0,0.0,0.0,0.0,0.0,0.0,0.0,0.0
3,41,1.6593333759810776,1.6706476679537445,False,-8.571428298950195,-0.14959964156150818,-97.89010620117188,-1.7085046768188477,91.56044006347656,1.5980311632156372,79.34066009521484,1.3847557306289673,96.43955993652344,1.6831878423690796,0.8928571428571428,0.008928571428571428,-0.15020033717155457,-1.7217063903808594,1.5606718063354492,1.3887815475463867,1.6908628940582275,0.004927538335323334,-8.605844497680664,-0.1502003213991651,-98.6465072631836,-1.7217063473350542,89.4198989868164,1.5606716541206878,79.57131958007812,1.388781516828995,96.87930297851562,1.690862814012247,0.4927538335323334,0.004927538335323334,False,False,0.0,0.0,0.0,0.0,0.0,0.0,0.0,0.0,0.0,0.0,0.0,0.0,0.0,0.0,0.0,0.0
3,42,1.6929968759650365,1.7043191120028496,False,-8.571428298950195,-0.14959964156150818,-97.89010620117188,-1.7085046768188477,91.47252655029297,1.5964967012405396,79.34066009521484,1.3847557306289673,96.61538696289062,1.6862566471099854,0.8928571428571428,0.008928571428571428,-0.1496078073978424,-1.6707448959350586,1.4126096963882446,1.4247897863388062,1.7062091827392578,0.003738030791282654,-8.571895599365234,-0.1496078013461361,-95.72662353515625,-1.6707447625055705,87.47252655029297,1.5266835933407696,81.63443756103516,1.424789718453793,97.75858306884766,1.706209146635774,0.3738030791282654,0.003738030791282654,False,False,0.0,0.0,0.0,0.0,0.0,0.0,0.0,0.0,6.535957336425781,6.535957336425781,0.0,0.0,0.0,0.0,0.0,0.0
3,43,1.726596707943827,1.7396513039711863,False,-8.571428298950195,-0.14959964156150818,-97.89010620117188,-1.7085046768188477,91.20879364013672,1.5918937921524048,79.34066009521484,1.3847557306289673,96.61538696289062,1.6862566471099854,0.8928571428571428,0.008928571428571428,-0.1452338695526123,-1.6582549810409546,1.413595199584961,1.42042875289917,1.698448896408081,0.00347716361284256,-8.321287155151367,-0.14523385886130358,-95.0110092163086,-1.6582549364672623,87.20879364013672,1.5220805857126767,81.38456726074219,1.4204286590107336,97.31394958496094,1.6984488283773378,0.347716361284256,0.00347716361284256,False,False,0.0,0.0,0.0,0.0,0.0,0.0,0.0,0.0,6.21575927734375,6.21575927734375,0.0,0.0,0.0,0.0,0.0,0.0
3,44,1.7604523990303278,1.7741972870426252,False,-8.571428298950195,-0.14959964156150818,-97.89010620117188,-1.7085046768188477,91.12088012695312,1.5903593301773071,79.51648712158203,1.387824535369873,96.79120635986328,1.689325213432312,0.8928571428571428,0.008928571428571428,-0.14739426970481873,-1.7150306701660156,1.5136895179748535,1.4025148153305054,1.6974477767944336,0.00410054624080658,-8.445069313049316,-0.1473942650718463,-98.2640151977539,-1.7150306014305525,87.12088012695312,1.5205462054506276,80.3581771850586,1.4025147727802612,97.256591796875,1.6974477461235769,0.41005462408065796,0.00410054624080658,False,False,0.0,0.0,0.0,0.0,0.0,0.0,0.0,0.0,0.39286041259765625,0.39286041259765625,0.0,0.0,0.0,0.0,0.0,0.0
3,45,1.7935585649684072,1.8061217979993671,False,-8.571428298950195,-0.14959964156150818,-96.92308044433594,-1.6916269063949585,90.5934066772461,1.5811532735824585,80.21977996826172,1.400099277496338,96.87911987304688,1.6908595561981201,0.8928571428571428,0.008928571428571428,-0.14656981825828552,-1.6961085796356201,1.5171679258346558,1.398667573928833,1.699837327003479,0.004510499536991119,-8.397831916809082,-0.14656981697738503,-97.17985534667969,-1.6961084424113761,86.92731475830078,1.5171678524498076,80.13774108886719,1.3986674371114782,97.39350128173828,1.6998372674116504,0.45104995369911194,0.004510499536991119,False,False,0.0,0.0,0.0,0.0,0.0,0.0,0.0,0.0,0.0,0.0,0.0,0.0,0.0,0.0,0.0,0.0
3,46,1.8269135529408231,1.8379144000355154,False,-8.571428298950195,-0.14959964156150818,-96.57142639160156,-1.685489296913147,90.24176025390625,1.5750157833099365,80.65933990478516,1.4077709913253784,96.87911987304688,1.6908595561981201,0.8928571428571428,0.008928571428571428,-0.1503855288028717,-1.7350225448608398,1.5733641386032104,1.3940263986587524,1.701911449432373,0.0037872567772865295,-8.616456031799316,-0.1503855276082233,-99.40946197509766,-1.7350224191015593,90.1471176147461,1.5733640135598965,79.871826171875,1.394026346279797,97.51233673095703,1.701911337268604,0.37872567772865295,0.0037872567772865295,False,False,0.0,0.0,0.0,0.0,0.0,0.0,0.0,0.0,0.0,0.0,0.0,0.0,0.0,0.0,0.0,0.0
3,47,1.8605469659669325,1.8713991339318454,False,-8.571428298950195,-0.14959964156150818,-96.83516693115234,-1.6900924444198608,90.15384674072266,1.5734814405441284,80.48351287841797,1.4047023057937622,96.96703338623047,1.6923940181732178,0.8928571428571428,0.008928571428571428,-0.148130401968956,-1.7300525903701782,1.5784862041473389,1.392897367477417,1.6984667778015137,0.0038075968623161316,-8.4872465133667,-0.14813039608665782,-99.12471008300781,-1.730052561033308,90.44058990478516,1.578486071284446,79.80713653564453,1.392897299135658,97.31497192382812,1.6984666715566412,0.38075968623161316,0.0038075968623161316,False,False,0.0,0.0,0.0,0.0,0.0,0.0,0.0,0.0,0.0,0.0,0.0,0.0,0.0,0.0,0.0,0.0
3,48,1.893798689940013,1.9048947140108794,False,-8.571428298950195,-0.14959964156150818,-97.27472686767578,-1.697764277458191,90.06593322753906,1.5719470977783203,80.48351287841797,1.4047023057937622,97.05494689941406,1.6939283609390259,0.8928571428571428,0.008928571428571428,-0.14499951899051666,-1.7290585041046143,1.5797556638717651,1.3917615413665771,1.707216501235962,0.003625132143497467,-8.307860374450684,-0.14499951733013342,-99.0677490234375,-1.7290584029983815,90.5133285522461,1.5797556001760866,79.74205780029297,1.3917614609307392,97.81629180908203,1.707216354160042,0.3625132143497467,0.003625132143497467,False,False,0.0,0.0,0.0,0.0,0.0,0.0,0.0,0.0,0.0,0.0,0.0,0.0,0.0,0.0,0.0,0.0
3,49,1.9271663420367986,1.938002591021359,False,-8.571428298950195,-0.14959964156150818,-97.80220031738281,-1.706970453262329,90.4175796508789,1.5780844688415527,80.30769348144531,1.401633620262146,97.05494689941406,1.6939283609390259,0.8928571428571428,0.008928571428571428,-0.1497424989938736,-1.7382360696792603,1.5840834379196167,1.390760064125061,1.6976889371871948,0.0033293142914772034,-8.579612731933594,-0.14974249071826684,-99.59358215332031,-1.7382359224309034,90.76129150390625,1.58408337010552,79.68467712402344,1.390759979202815,97.2704086303711,1.6976888953602836,0.33293142914772034,0.0033293142914772034,False,False,0.0,0.0,0.0,0.0,0.0,0.0,0.0,0.0,0.0,0.0,0.0,0.0,0.0,0.0,0.0,0.0
3,50,1.9607261120108888,1.9716984119731933,False,-8.571428298950195,-0.14959964156150818,-97.97801971435547,-1.7100390195846558,90.76923370361328,1.5842219591140747,79.86813354492188,1.3939619064331055,97.14286041259766,1.695462703704834,0.8928571428571428,0.008928571428571428,-0.14479121565818787,-1.732096791267395,1.5857921838760376,1.38875412940979,1.695624589920044,0.0031670182943344116,-8.29592514038086,-0.1447912081986188,-99.24182891845703,-1.7320966703279983,90.85919189453125,1.5857920542609147,79.56974792480469,1.3887540862697672,97.15213012695312,1.6956245460413086,0.31670182943344116,0.0031670182943344116,False,False,0.0,0.0,0.0,0.0,0.0,0.0,0.0,0.0,0.0,0.0,0.0,0.0,0.0,0.0,0.0,0.0
3,51,1.9938810949679464,2.0071304599987343,False,-8.571428298950195,-0.14959964156150818,-98.06593322753906,-1.7115733623504639,90.76923370361328,1.5842219591140747,79.86813354492188,1.3939619064331055,97.14286041259766,1.695462703704834,0.8928571428571428,0.008928571428571428,-0.1493423879146576,-1.700747013092041,1.5001474618911743,1.3939459323883057,1.696179986000061,0.0035821273922920227,-8.55668830871582,-0.14934238405399608,-97.44561767578125,-1.700746870081967,86.76923370361328,1.5144088175604853,79.86721801757812,1.3939459188148766,97.18395233154297,1.6961799482866446,0.35821273922920227,0.0035821273922920227,False,False,0.0,0.0,0.0,0.0,0.0,0.0,0.0,0.0,0.8171234130859375,0.8171234130859375,0.0,0.0,0.0,0.0,0.0,0.0
3,52,2.0276883780024946,2.042815548949875,False,-8.571428298950195,-0.14959964156150818,-98.15384674072266,-1.7131078243255615,90.76923370361328,1.5842219591140747,79.86813354492188,1.3939619064331055,97.14286041259766,1.695462703704834,0.8928571428571428,0.008928571428571428,-0.1485666185617447,-1.7317695617675781,1.5772554874420166,1.3874908685684204,1.6993322372436523,0.003202006220817566,-8.512239456176758,-0.148566605228456,-99.22308349609375,-1.731769500988082,90.37007904052734,1.5772554245447203,79.49736785888672,1.387490815806688,97.36456298828125,1.699332198910917,0.3202006220817566,0.003202006220817566,False,False,0.0,0.0,0.0,0.0,0.0,0.0,0.0,0.0,0.0,0.0,0.0,0.0,0.0,0.0,0.0,0.0
3,53,2.0607848579529673,2.0719685739604756,False,-8.571428298950195,-0.14959964156150818,-98.06593322753906,-1.7115733623504639,90.76923370361328,1.5842219591140747,79.86813354492188,1.3939619064331055,97.14286041259766,1.695462703704834,0.8928571428571428,0.008928571428571428,-0.14726726710796356,-1.7332370281219482,1.5845587253570557,1.3892513513565063,1.6940964460372925,0.003774970769882202,-8.437792778015137,-0.14726726557736314,-99.30715942382812,-1.7332369027487158,90.78852081298828,1.5845586112020447,79.59823608398438,1.389251298445285,97.06456756591797,1.6940962910497668,0.3774970769882202,0.003774970769882202,False,False,0.0,0.0,0.0,0.0,0.0,0.0,0.0,0.0,0.0,0.0,0.0,0.0,0.0,0.0,0.0,0.0
3,54,2.094185014953837,2.1056236299918965,False,-8.571428298950195,-0.14959964156150818,-97.89010620117188,-1.7085046768188477,90.5054931640625,1.5796188116073608,79.95604705810547,1.3954962491989136,97.14286041259766,1.695462703704834,0.8928571428571428,0.008928571428571428,-0.14625224471092224,-1.7309918403625488,1.5716590881347656,1.3908913135528564,1.6981933116912842,0.004393860697746277,-8.37963581085205,-0.14625223501739307,-99.17852020263672,-1.7309917247917244,90.04943084716797,1.5716590578300278,79.69219970703125,1.3908912730445557,97.29930114746094,1.69819316491269,0.4393860697746277,0.004393860697746277,False,False,0.0,0.0,0.0,0.0,0.0,0.0,0.0,0.0,0.0,0.0,0.0,0.0,0.0,0.0,0.0,0.0
3,55,2.1281703839777038,2.1392529809381813,False,-8.571428298950195,-0.14959964156150818,-98.06593322753906,-1.7115733623504639,90.4175796508789,1.5780844688415527,80.30769348144531,1.401633620262146,97.14286041259766,1.695462703704834,0.8928571428571428,0.008928571428571428,-0.14476840198040009,-1.732889175415039,1.594901442527771,1.3898475170135498,1.6941325664520264,0.004265405237674713,-8.294617652893066,-0.14476838823702817,-99.2872314453125,-1.7328890939103514,91.38111877441406,1.594901396769531,79.63239288330078,1.3898474470552993,97.06664276123047,1.6941325100405917,0.4265405237674713,0.004265405237674713,False,False,0.0,0.0,0.0,0.0,0.0,0.0,0.0,0.0,0.0,0.0,0.0,0.0,0.0,0.0,0.0,0.0
3,56,2.161702907993458,2.172832423937507,False,-8.571428298950195,-0.14959964156150818,-98.15384674072266,-1.7131078243255615,90.5934066772461,1.5811532735824585,80.04395294189453,1.3970304727554321,97.14286041259766,1.695462703704834,0.8928571428571428,0.008928571428571428,-0.1495409607887268,-1.702953577041626,1.5287095308303833,1.3978242874145508,1.7013680934906006,0.0033877938985824585,-8.568065643310547,-0.14954095600277512,-97.5720443725586,-1.7029534322031523,87.5886001586914,1.5287094599819928,80.08942413330078,1.3978241471523045,97.48120880126953,1.701368052406228,0.33877938985824585,0.0033877938985824585,False,False,0.0,0.0,0.0,0.0,0.0,0.0,0.0,0.0,0.0,0.0,0.0,0.0,0.0,0.0,0.0,0.0
3,57,2.1946340820286423,2.2061980549478903,False,-8.571428298950195,-0.14959964156150818,-98.15384674072266,-1.7131078243255615,90.85713958740234,1.5857561826705933,79.86813354492188,1.3939619064331055,97.14286041259766,1.695462703704834,0.8928571428571428,0.008928571428571428,-0.15152312815189362,-1.6503474712371826,1.4291399717330933,1.4135171175003052,1.702608585357666,0.004650309681892395,-8.681634902954102,-0.15152311351260747,-94.55793762207031,-1.6503473454005446,86.85713958740234,1.51594306466448,80.98856353759766,1.4135170901917056,97.55228424072266,1.702608552841987,0.4650309681892395,0.004650309681892395,False,False,0.0,0.0,0.0,0.0,0.0,0.0,0.0,0.0,4.973457336425781,4.973457336425781,0.0,0.0,0.0,0.0,0.0,0.0
3,58,2.2282337319338694,2.2394769999664277,False,-8.571428298950195,-0.14959964156150818,-98.15384674072266,-1.7131078243255615,90.94505310058594,1.587290644645691,79.86813354492188,1.3939619064331055,97.14286041259766,1.695462703704834,0.8928571428571428,0.008928571428571428,-0.15497973561286926,-1.6474173069000244,1.417331576347351,1.407788634300232,1.7048957347869873,0.0039431750774383545,-8.879684448242188,-0.1549797301599622,-94.39005279541016,-1.6474172024111848,86.94505310058594,1.5174774449265291,80.66033935546875,1.4077884975288906,97.6833267211914,1.704895675586147,0.39431750774383545,0.0039431750774383545,False,False,0.0,0.0,0.0,0.0,0.0,0.0,0.0,0.0,5.737937927246094,5.737937927246094,0.0,0.0,0.0,0.0,0.0,0.0
3,59,2.2620258580427617,2.2732789969304577,False,-8.571428298950195,-0.14959964156150818,-97.36264038085938,-1.699298620223999,90.5934066772461,1.5811532735824585,79.95604705810547,1.3954962491989136,97.14286041259766,1.695462703704834,0.8928571428571428,0.008928571428571428,-0.15584197640419006,-1.7298318147659302,1.5629642009735107,1.3933087587356567,1.6974321603775024,0.002507820725440979,-8.929086685180664,-0.15584196185238897,-99.112060546875,-1.7298317849789404,89.5512466430664,1.562964103187028,79.83070373535156,1.3933086243660207,97.25569152832031,1.6974320334731454,0.2507820725440979,0.002507820725440979,False,False,0.0,0.0,0.0,0.0,0.0,0.0,0.0,0.0,0.0,0.0,0.0,0.0,0.0,0.0,0.0,0.0
3,60,2.2952907900325954,2.46555763494689,False,-8.571428298950195,-0.14959964156150818,-96.21977996826172,-1.6793519258499146,89.97801971435547,1.5704126358032227,80.65933990478516,1.4077709913253784,97.14286041259766,1.695462703704834,0.8928571428571428,0.008928571428571428,-0.14921140670776367,-1.7364877462387085,1.592798113822937,1.4005464315414429,1.6980364322662354,0.002027861773967743,-8.54918384552002,-0.14921140646263462,-99.49341583251953,-1.736487690333321,91.26060485839844,1.5927980321405861,80.24539184570312,1.4005462972605291,97.29031372070312,1.6980363047244844,0.2027861773967743,0.002027861773967743,False,False,0.0,0.0,0.0,0.0,0.0,0.0,0.0,0.0,0.0,0.0,0.0,0.0,0.0,0.0,0.0,0.0
3,61,2.4669558949535713,2.479050653986633,False,-8.571428298950195,-0.14959964156150818,-97.97801971435547,-1.7100390195846558,90.32967376708984,1.5765502452850342,80.13186645507812,1.3985649347305298,97.14286041259766,1.695462703704834,0.8928571428571428,0.008928571428571428,-0.14980626106262207,-1.713156819343567,1.5876034498214722,1.4021300077438354,1.701167106628418,0.003541037440299988,-8.583266258239746,-0.14980625678161744,-98.15664672851562,-1.7131566681295183,90.96297454833984,1.5876034032763322,80.33612823486328,1.4021299460027448,97.46968841552734,1.7011669837439272,0.3541037440299988,0.003541037440299988,False,False,0.0,0.0,0.0,0.0,0.0,0.0,0.0,0.0,0.0,0.0,0.0,0.0,0.0,0.0,0.0,0.0
3,62,2.500594299985096,2.5118948370218277,False,-8.571428298950195,-0.14959964156150818,-98.06593322753906,-1.7115733623504639,90.32967376708984,1.5765502452850342,80.13186645507812,1.3985649347305298,97.14286041259766,1.695462703704834,0.8928571428571428,0.008928571428571428,-0.14948129653930664,-1.7472350597381592,1.589686393737793,1.4042009115219116,1.7069311141967773,0.0025644153356552124,-8.56464672088623,-0.14948128454960052,-100.00004577636719,-1.7453300509426566,91.08231353759766,1.5896862615648832,80.45478057861328,1.4042008200663902,97.79994201660156,1.70693099644924,0.25644153356552124,0.0025644153356552124,False,False,0.0,0.0,0.0,0.0,0.1091461181640625,0.0,0.1091461181640625,0.0,0.0,0.0,0.0,0.0,0.0,0.0,0.0,0.0
3,63,2.5348240699386224,2.546095337951556,False,-8.571428298950195,-0.14959964156150818,-98.15384674072266,-1.7131078243255615,90.5934066772461,1.5811532735824585,79.86813354492188,1.3939619064331055,97.14286041259766,1.695462703704834,0.8928571428571428,0.008928571428571428,-0.14916130900382996,-1.7406891584396362,1.579874873161316,1.4087833166122437,1.7045388221740723,0.0028769448399543762,-8.546313285827637,-0.1491613057446275,-99.73413848876953,-1.74068909326903,90.52015686035156,1.5798747766348678,80.71733093261719,1.408783188196035,97.66287231445312,1.7045386788420218,0.2876944839954376,0.0028769448399543762,False,False,0.0,0.0,0.0,0.0,0.0,0.0,0.0,0.0,0.0,0.0,0.0,0.0,0.0,0.0,0.0,0.0
3,64,2.5680850259959698,2.5797124679666013,False,-8.571428298950195,-0.14959964156150818,-98.15384674072266,-1.7131078243255615,90.76923370361328,1.5842219591140747,79.78022003173828,1.3924275636672974,97.14286041259766,1.695462703704834,0.8928571428571428,0.008928571428571428,-0.14978161454200745,-1.730391263961792,1.5823661088943481,1.4060548543930054,1.7067947387695312,0.002330668270587921,-8.581853866577148,-0.1497816058967774,-99.14411163330078,-1.7303911819659117,90.66289520263672,1.5823660306765823,80.56100463867188,1.4060547796592489,97.79212951660156,1.706794642601428,0.23306682705879211,0.002330668270587921,False,False,0.0,0.0,0.0,0.0,0.0,0.0,0.0,0.0,0.0,0.0,0.0,0.0,0.0,0.0,0.0,0.0
3,65,2.6014961899491027,2.6135367730166763,False,-8.571428298950195,-0.14959964156150818,-98.32967376708984,-1.7161765098571777,90.76923370361328,1.5842219591140747,79.78022003173828,1.3924275636672974,97.14286041259766,1.695462703704834,0.8928571428571428,0.008928571428571428,-0.15009132027626038,-1.7089145183563232,1.5553369522094727,1.4082149267196655,1.714175820350647,0.002097688615322113,-8.59959888458252,-0.1500913148867968,-97.91358184814453,-1.7089143856710767,89.1142349243164,1.555336809825041,80.68476867675781,1.4082148696194123,98.21503448486328,1.7141757267206372,0.2097688615322113,0.002097688615322113,False,False,0.0,0.0,0.0,0.0,0.0,0.0,0.0,0.0,0.0,0.0,0.0,0.0,0.0,0.0,0.0,0.0
3,66,2.6350421690149233,2.6462365679908544,False,-8.571428298950195,-0.14959964156150818,-98.32967376708984,-1.7161765098571777,90.76923370361328,1.5842219591140747,79.78022003173828,1.3924275636672974,97.14286041259766,1.695462703704834,0.8928571428571428,0.008928571428571428,-0.1504235863685608,-1.7141737937927246,1.5599356889724731,1.4061501026153564,1.7129848003387451,0.0015523061156272888,-8.618636131286621,-0.15042357752229782,-98.21492004394531,-1.7141737293498196,89.37772369384766,1.55993555639539,80.56645965576172,1.4061499876682193,98.14679718017578,1.7129847610811537,0.15523061156272888,0.0015523061156272888,False,False,0.0,0.0,0.0,0.0,0.0,0.0,0.0,0.0,0.0,0.0,0.0,0.0,0.0,0.0,0.0,0.0
3,67,2.6685175410239026,2.679682694026269,False,-8.571428298950195,-0.14959964156150818,-98.32967376708984,-1.7161765098571777,90.76923370361328,1.5842219591140747,79.78022003173828,1.3924275636672974,97.31867980957031,1.6985313892364502,0.8928571428571428,0.008928571428571428,-0.1487199366092682,-1.7174837589263916,1.5526119470596313,1.4083459377288818,1.7016912698745728,0.0028623491525650024,-8.521024703979492,-0.14871993672821732,-98.4045639038086,-1.7174836391106245,88.9581069946289,1.552611863397672,80.69227600097656,1.4083458971450442,97.49972534179688,1.7016912270045093,0.28623491525650024,0.0028623491525650024,False,False,0.0,0.0,0.0,0.0,0.0,0.0,0.0,0.0,0.0,0.0,0.0,0.0,0.0,0.0,0.0,0.0
3,68,2.7018124440219253,2.712832779972814,False,-8.571428298950195,-0.14959964156150818,-98.32967376708984,-1.7161765098571777,90.76923370361328,1.5842219591140747,79.78022003173828,1.3924275636672974,97.4945068359375,1.7016000747680664,0.8928571428571428,0.008928571428571428,-0.15000417828559875,-1.720363736152649,1.574302315711975,1.408901333808899,1.702954649925232,0.004197567701339722,-8.594605445861816,-0.15000416294012395,-98.56957244873047,-1.7203635815134362,90.20087432861328,1.5743022452119313,80.7240982055664,1.4089012993903802,97.57210540771484,1.7029544974675883,0.41975677013397217,0.004197567701339722,False,False,0.0,0.0,0.0,0.0,0.0,0.0,0.0,0.0,0.0,0.0,0.0,0.0,0.0,0.0,0.0,0.0
3,69,2.735385271953419,2.7463939159642905,False,-8.571428298950195,-0.14959964156150818,-98.32967376708984,-1.7161765098571777,90.76923370361328,1.5842219591140747,79.86813354492188,1.3939619064331055,97.4945068359375,1.7016000747680664,0.8928571428571428,0.008928571428571428,-0.1536000370979309,-1.7001177072525024,1.4837790727615356,1.4130651950836182,1.7132221460342407,0.0029019638895988464,-8.800633430480957,-0.1536000296229762,-97.40956115722656,-1.7001175651163813,86.76923370361328,1.5144088175604853,80.9626693725586,1.413065151754719,98.16039276123047,1.7132220487342797,0.29019638895988464,0.0029019638895988464,False,False,0.0,0.0,0.0,0.0,0.0,0.0,0.0,0.0,1.7549591064453125,1.7549591064453125,0.0,0.0,0.0,0.0,0.0,0.0
3,70,2.768622850999236,2.780048005981371,False,-8.571428298950195,-0.14959964156150818,-98.32967376708984,-1.7161765098571777,90.76923370361328,1.5842219591140747,79.86813354492188,1.3939619064331055,97.4945068359375,1.7016000747680664,0.8928571428571428,0.008928571428571428,-0.15404924750328064,-1.703782558441162,1.5112699270248413,1.413092017173767,1.7153595685958862,0.0025006383657455444,-8.826371192932129,-0.1540492383198453,-97.61954498291016,-1.703782474250494,86.76923370361328,1.5144088175604853,80.96420288085938,1.4130919165236744,98.2828598022461,1.7153595018251773,0.25006383657455444,0.0025006383657455444,False,False,0.0,0.0,0.0,0.0,0.0,0.0,0.0,0.0,0.17984771728515625,0.17984771728515625,0.0,0.0,0.0,0.0,0.0,0.0
3,71,2.8020945319440216,2.8136362680234015,False,-8.571428298950195,-0.14959964156150818,-98.15384674072266,-1.7131078243255615,90.76923370361328,1.5842219591140747,79.86813354492188,1.3939619064331055,97.5824203491211,1.703134536743164,0.8928571428571428,0.008928571428571428,-0.1506451815366745,-1.7360122203826904,1.5770102739334106,1.40823233127594,1.7072664499282837,0.0025905072689056396,-8.631332397460938,-0.1506451691697492,-99.46617126464844,-1.7360121829206874,90.35602569580078,1.577010147408324,80.6857681274414,1.4082323133245522,97.81916046142578,1.7072664215885356,0.25905072689056396,0.0025905072689056396,False,False,0.0,0.0,0.0,0.0,0.0,0.0,0.0,0.0,0.0,0.0,0.0,0.0,0.0,0.0,0.0,0.0
3,72,2.8354043459985405,2.8466554370243102,False,-8.571428298950195,-0.14959964156150818,-97.97801971435547,-1.7100390195846558,90.4175796508789,1.5780844688415527,80.13186645507812,1.3985649347305298,97.67032623291016,1.7046687602996826,0.8928571428571428,0.008928571428571428,-0.14928790926933289,-1.7331963777542114,1.5728427171707153,1.4080792665481567,1.7127310037612915,0.0027578920125961304,-8.553566932678223,-0.14928790576494713,-99.3048324584961,-1.733196289542092,90.11724090576172,1.572842566618459,80.67699432373047,1.4080791815618727,98.13225555419922,1.7127309618292692,0.27578920125961304,0.0027578920125961304,False,False,0.0,0.0,0.0,0.0,0.0,0.0,0.0,0.0,0.0,0.0,0.0,0.0,0.0,0.0,0.0,0.0
3,73,2.868781753932126,2.879889201023616,False,-8.571428298950195,-0.14959964156150818,-98.06593322753906,-1.7115733623504639,89.89010620117188,1.5688782930374146,80.65933990478516,1.4077709913253784,97.67032623291016,1.7046687602996826,0.8928571428571428,0.008928571428571428,-0.14822131395339966,-1.7326878309249878,1.576939344406128,1.4060579538345337,1.7088786363601685,0.003838375210762024,-8.49245548248291,-0.14822130974837042,-99.27569580078125,-1.7326877589319414,90.35196685791016,1.5769393073233278,80.5611801147461,1.4060578422945025,97.91152954101562,1.708878566154415,0.3838375210762024,0.003838375210762024,False,False,0.0,0.0,0.0,0.0,0.0,0.0,0.0,0.0,0.0,0.0,0.0,0.0,0.0,0.0,0.0,0.0
3,74,2.902168393949978,2.9175034520449117,False,-8.571428298950195,-0.14959964156150818,-98.4175796508789,-1.7177108526229858,89.97801971435547,1.5704126358032227,80.65933990478516,1.4077709913253784,97.67032623291016,1.7046687602996826,0.8928571428571428,0.008928571428571428,-0.1519174724817276,-1.7110549211502075,1.521454930305481,1.4096221923828125,1.7166290283203125,0.003410235047340393,-8.704229354858398,-0.15191746109102094,-98.03621673583984,-1.7110547682391732,87.17294311523438,1.5214548760145625,80.76539611816406,1.40962208393941,98.3555908203125,1.7166288975587636,0.3410235047340393,0.003410235047340393,False,False,0.0,0.0,0.0,0.0,0.0,0.0,0.0,0.0,0.0,0.0,0.0,0.0,0.0,0.0,0.0,0.0
3,75,2.9360738520044833,2.947698210948147,False,-8.571428298950195,-0.14959964156150818,-98.4175796508789,-1.7177108526229858,90.4175796508789,1.5780844688415527,80.13186645507812,1.3985649347305298,97.67032623291016,1.7046687602996826,0.8928571428571428,0.008928571428571428,-0.15427961945533752,-1.7234294414520264,1.5509637594223022,1.4079254865646362,1.7138615846633911,0.0035076215863227844,-8.839570999145508,-0.15427961839889398,-98.74523162841797,-1.7234294125603355,88.8636703491211,1.550963632999022,80.66818237304688,1.4079253840089205,98.19702911376953,1.7138614737120077,0.35076215863227844,0.0035076215863227844,False,False,0.0,0.0,0.0,0.0,0.0,0.0,0.0,0.0,0.0,0.0,0.0,0.0,0.0,0.0,0.0,0.0
3,76,2.9692593419458717,2.9807128380052745,False,-8.571428298950195,-0.14959964156150818,-98.4175796508789,-1.7177108526229858,90.5054931640625,1.5796188116073608,80.13186645507812,1.3985649347305298,97.75823974609375,1.7062031030654907,0.8928571428571428,0.008928571428571428,-0.1523125022649765,-1.6874198913574219,1.4718471765518188,1.4125919342041016,1.7139058113098145,0.0030736103653907776,-8.726862907409668,-0.15231249110446377,-96.6820297241211,-1.687419746196938,86.5054931640625,1.509805676774338,80.93555450439453,1.412591908029012,98.1995620727539,1.7139056821861032,0.30736103653907776,0.0030736103653907776,False,False,0.0,0.0,0.0,0.0,0.0,0.0,0.0,0.0,2.17486572265625,2.17486572265625,0.0,0.0,0.0,0.0,0.0,0.0
3,77,3.0026602109428495,3.0140848209848627,False,-8.571428298950195,-0.14959964156150818,-98.4175796508789,-1.7177108526229858,90.32967376708984,1.5765502452850342,80.30769348144531,1.401633620262146,97.75823974609375,1.7062031030654907,0.8928571428571428,0.008928571428571428,-0.16100554168224335,-1.5793176889419556,1.3366281986236572,1.4175339937210083,1.7160547971725464,0.002011634409427643,-9.224937438964844,-0.16100553160042996,-94.4175796508789,-1.6478976366718352,86.32967376708984,1.5067370494082941,81.21871185302734,1.417533936063872,98.32269287109375,1.7160547200277425,0.20116344094276428,0.002011634409427643,False,False,0.0,0.0,0.0,0.0,0.0,3.9293441772460938,3.9293441772460938,0.0,9.74652099609375,9.74652099609375,0.0,0.0,0.0,0.0,0.0,0.0
3,78,3.0361957609420642,3.048654115991667,False,-8.571428298950195,-0.14959964156150818,-98.4175796508789,-1.7177108526229858,90.15384674072266,1.5734814405441284,80.3956069946289,1.4031680822372437,97.75823974609375,1.7062031030654907,0.8928571428571428,0.008928571428571428,-0.16462144255638123,-1.582912802696228,1.3495579957962036,1.4192488193511963,1.7132933139801025,0.002672627568244934,-9.432113647460938,-0.16462143857048506,-94.4175796508789,-1.6478976366718352,86.15384674072266,1.503668288884196,81.31696319580078,1.419248745489774,98.16446685791016,1.713293155135385,0.2672627568244934,0.002672627568244934,False,False,0.0,0.0,0.0,0.0,0.0,3.723358154296875,3.723358154296875,0.0,8.829872131347656,8.829872131347656,0.0,0.0,0.0,0.0,0.0,0.0
3,79,3.069853194989264,3.0838128350442275,False,-8.571428298950195,-0.14959964156150818,-97.89010620117188,-1.7085046768188477,89.62637329101562,1.5642752647399902,81.0988998413086,1.4154428243637085,97.84615325927734,1.7077375650405884,0.8928571428571428,0.008928571428571428,-0.1548442244529724,-1.6043411493301392,1.3886038064956665,1.4176385402679443,1.7163060903549194,0.0015670880675315857,-8.871919631958008,-0.15484420854999079,-93.89010620117188,-1.6386914882575947,85.62637329101562,1.4944621404699554,81.22470092773438,1.4176384651366576,98.33708953857422,1.7163059892765915,0.15670880675315857,0.0015670880675315857,False,False,0.0,0.0,0.0,0.0,0.0,1.9681320190429688,1.9681320190429688,0.0,6.065238952636719,6.065238952636719,0.0,0.0,0.0,0.0,0.0,0.0
3,80,3.10280039801728,3.116093351971358,False,-8.571428298950195,-0.14959964156150818,-97.18681335449219,-1.6962298154830933,89.36264038085938,1.559672236442566,81.0988998413086,1.4154428243637085,97.84615325927734,1.7077375650405884,0.8928571428571428,0.008928571428571428,-0.15242767333984375,-1.6859400272369385,1.4834636449813843,1.4162421226501465,1.7136268615722656,0.001768849790096283,-8.7334623336792,-0.15242767282160968,-96.59724426269531,-1.6859399607372356,85.36264038085938,1.4898591328418624,81.14469146728516,1.4162420366190747,98.18357849121094,1.7136267160619172,0.1768849790096283,0.001768849790096283,False,False,0.0,0.0,0.0,0.0,0.0,0.0,0.0,0.0,0.3664398193359375,0.3664398193359375,0.0,0.0,0.0,0.0,0.0,0.0
3,81,3.1363954090047628,3.150058961007744,False,-8.747252464294434,-0.15266835689544678,-95.95604705810547,-1.6747488975524902,89.27472686767578,1.5581378936767578,81.0988998413086,1.4154428243637085,97.84615325927734,1.7077375650405884,0.8928571428571428,0.008928571428571428,-0.15174464881420135,-1.7187998294830322,1.5300108194351196,1.411903977394104,1.7174153327941895,0.0027575939893722534,-8.694327354431152,-0.1517446385810316,-98.47997283935547,-1.7187997733213416,87.66315460205078,1.5300106804906055,80.89613342285156,1.41190388036139,98.40064239501953,1.7174151958706094,0.27575939893722534,0.0027575939893722534,False,False,0.0,0.0,0.0,0.0,0.0,0.0,0.0,0.0,0.0,0.0,0.0,0.0,0.0,0.0,0.0,0.0
3,82,3.1698011700063944,3.1837978470139205,False,-8.923076629638672,-0.15573707222938538,-95.07691955566406,-1.65940523147583,89.010986328125,1.553534746170044,81.0988998413086,1.4154428243637085,97.84615325927734,1.7077375650405884,0.8928571428571428,0.008928571428571428,-0.14756298065185547,-1.7453147172927856,1.5604729652404785,1.4108530282974243,1.710207462310791,0.0029210373759269714,-8.45473575592041,-0.14756297632690282,-99.07691955566406,-1.7292184589798951,89.40850830078125,1.5604728491453135,80.83592224121094,1.4108529969952448,97.98766326904297,1.7102073503803101,0.29210373759269714,0.0029210373759269714,False,False,0.0,0.0,0.0,0.0,0.0,0.9222412109375,0.9222412109375,0.0,0.0,0.0,0.0,0.0,0.0,0.0,0.0,0.0
3,83,3.2029818979790434,3.213960238965228,False,-8.923076629638672,-0.15573707222938538,-96.21977996826172,-1.6793519258499146,89.010986328125,1.553534746170044,81.0988998413086,1.4154428243637085,97.84615325927734,1.7077375650405884,0.8928571428571428,0.008928571428571428,-0.1469910889863968,-1.7435963153839111,1.5647393465042114,1.4084422588348389,1.715028166770935,0.002456463873386383,-8.421968460083008,-0.14699107912756512,-99.90070343017578,-1.7435961999149605,89.6529541015625,1.5647392332116203,80.69779205322266,1.4084421704184504,98.26387023925781,1.715028071427517,0.2456463873386383,0.002456463873386383,False,False,0.0,0.0,0.0,0.0,0.0,0.0,0.0,0.0,0.0,0.0,0.0,0.0,0.0,0.0,0.0,0.0
3,84,3.2363939969800413,3.2494462110335007,False,-8.923076629638672,-0.15573707222938538,-97.53845977783203,-1.7023673057556152,89.36264038085938,1.559672236442566,81.0988998413086,1.4154428243637085,97.84615325927734,1.7077375650405884,0.8928571428571428,0.008928571428571428,-0.14283470809459686,-1.743177890777588,1.5741918087005615,1.4078878164291382,1.7088751792907715,0.0023017600178718567,-8.183825492858887,-0.14283470025903527,-99.8767318725586,-1.743177817307709,90.19454193115234,1.5741917240266932,80.66602325439453,1.407887700279496,97.91133117675781,1.7088751040449979,0.23017600178718567,0.0023017600178718567,False,False,0.0,0.0,0.0,0.0,0.0,0.0,0.0,0.0,0.0,0.0,0.0,0.0,0.0,0.0,0.0,0.0
3,85,3.2708922589663416,3.2820796750020236,False,-9.01098918914795,-0.15727142989635468,-97.97801971435547,-1.7100390195846558,89.89010620117188,1.5688782930374146,80.83516693115234,1.4108397960662842,97.84615325927734,1.7077375650405884,0.8928571428571428,0.008928571428571428,-0.13998208940029144,-1.7187846899032593,1.5482553243637085,1.4113482236862183,1.7133572101593018,0.0037715211510658264,-8.02038288116455,-0.13998208854691052,-98.4791030883789,-1.7187845933031283,88.70848846435547,1.5482551981704114,80.86429595947266,1.411348211799945,98.16812896728516,1.7133570710015467,0.37715211510658264,0.0037715211510658264,False,False,0.0,0.0,0.0,0.0,0.0,0.0,0.0,0.0,0.0,0.0,0.0,0.0,0.0,0.0,0.0,0.0
3,86,3.303777865949087,3.3177037780405954,False,-8.835165023803711,-0.15420271456241608,-98.24176025390625,-1.7146421670913696,90.15384674072266,1.5734814405441284,80.48351287841797,1.4047023057937622,97.84615325927734,1.7077375650405884,0.8928571428571428,0.008928571428571428,-0.15999536216259003,-1.632174015045166,1.3757364749908447,1.4207284450531006,1.7180430889129639,0.0038093402981758118,-9.167058944702148,-0.15999536130944927,-94.24176025390625,-1.6448290093057913,86.15384674072266,1.503668288884196,81.40174102783203,1.420728397791422,98.43661499023438,1.7180430360975958,0.3809340298175812,0.0038093402981758118,False,False,0.0,0.0,0.0,0.0,0.0,0.7250823974609375,0.7250823974609375,0.0,7.3299560546875,7.3299560546875,0.0,0.0,0.0,0.0,0.0,0.0
3,87,3.3373850339557976,3.350802181987092,False,-8.571428298950195,-0.14959964156150818,-98.24176025390625,-1.7146421670913696,90.15384674072266,1.5734814405441284,80.48351287841797,1.4047023057937622,97.84615325927734,1.7077375650405884,0.8928571428571428,0.008928571428571428,-0.16293317079544067,-1.5732027292251587,1.2922999858856201,1.435591459274292,1.715062141418457,0.004536494612693787,-9.335382461547852,-0.16293316088694296,-94.24176025390625,-1.6448290093057913,86.15384674072266,1.503668288884196,82.25332641601562,1.4355913666770999,98.26581573486328,1.7150620267314154,0.45364946126937866,0.004536494612693787,False,False,0.0,0.0,0.0,0.0,0.0,4.103889465332031,4.103889465332031,0.0,12.110519409179688,12.110519409179688,0.0,0.0,0.0,0.0,0.0,0.0
3,88,3.3709200229495764,3.384461052948609,False,-8.571428298950195,-0.14959964156150818,-97.97801971435547,-1.7100390195846558,89.80220031738281,1.567344069480896,80.92308044433594,1.4123741388320923,97.84615325927734,1.7077375650405884,0.8928571428571428,0.008928571428571428,-0.17380940914154053,-1.4883697032928467,1.2372205257415771,1.4298959970474243,1.7148491144180298,0.004441410303115845,-9.958544731140137,-0.17380939426552885,-93.97801971435547,-1.6402258685196438,85.80220031738281,1.4975309009940536,81.927001953125,1.4298959303698564,98.25360870361328,1.7148489738442092,0.4441410303115845,0.004441410303115845,False,False,0.0,0.0,0.0,0.0,0.0,8.700721740722656,8.700721740722656,0.0,14.914688110351562,14.914688110351562,0.0,0.0,0.0,0.0,0.0,0.0
3,89,3.4047373039647937,3.416409968980588,False,-8.571428298950195,-0.14959964156150818,-97.010986328125,-1.693161129951477,89.27472686767578,1.5581378936767578,81.53845977783203,1.423114538192749,97.84615325927734,1.7077375650405884,0.8928571428571428,0.008928571428571428,-0.17790019512176514,-1.4280325174331665,1.1680641174316406,1.43385910987854,1.714988112449646,0.004578061401844025,-10.192930221557617,-0.17790019279221553,-93.010986328125,-1.6233479519532121,85.27472686767578,1.4883247525798133,82.15406799316406,1.4338589803880033,98.2615737915039,1.7149879908531114,0.45780614018440247,0.004578061401844025,False,False,0.0,0.0,0.0,0.0,0.0,11.190757751464844,11.190757751464844,0.0,18.349586486816406,18.349586486816406,0.0,0.0,0.0,0.0,0.0,0.0
3,90,3.43762061803136,3.606308329035528,False,-9.09890079498291,-0.15880577266216278,-96.13186645507812,-1.6778175830841064,89.0988998413086,1.5550692081451416,81.62637329101562,1.4246490001678467,97.84615325927734,1.7077375650405884,0.8928571428571428,0.008928571428571428,-0.15711122751235962,-1.6106948852539062,1.3697638511657715,1.4681206941604614,1.7203996181488037,0.0027871057391166687,-9.001810073852539,-0.15711122442792072,-92.2860107421875,-1.6106947409820278,85.0988998413086,1.485255992055715,84.11711120605469,1.4681205478118726,98.5716323852539,1.7203995341881524,0.27871057391166687,0.0027871057391166687,False,False,0.0,0.0,0.0,0.0,0.0,0.0,0.0,0.0,6.617218017578125,6.617218017578125,0.0,0.0,0.0,0.0,0.0,0.0
3,91,3.607742898981087,3.620689503964968,False,-9.714285850524902,-0.16954627633094788,-94.10989379882812,-1.642527461051941,88.48351287841797,1.5443285703659058,81.97801971435547,1.430786371231079,97.93406677246094,1.7092719078063965,0.8928571428571428,0.008928571428571428,-0.15479615330696106,-1.5986162424087524,1.3540762662887573,1.4648972749710083,1.7182081937789917,0.002968832850456238,-8.869165420532227,-0.15479613849231486,-91.59395599365234,-1.5986161070160279,84.48351287841797,1.4745154633794253,83.93242645263672,1.4648971907864952,98.44607543945312,1.7182081520851806,0.2968832850456238,0.002968832850456238,False,False,0.0,0.0,0.0,0.0,0.0,0.0,0.0,0.0,6.900665283203125,6.900665283203125,0.0,0.0,0.0,0.0,0.0,0.0
3,92,3.6413644939893857,3.6521593659417704,False,-9.714285850524902,-0.16954627633094788,-93.84615325927734,-1.637924313545227,88.48351287841797,1.5443285703659058,81.97801971435547,1.430786371231079,97.93406677246094,1.7092719078063965,0.8928571428571428,0.008928571428571428,-0.16124726831912994,-1.5891634225845337,1.3475382328033447,1.4570289850234985,1.7129019498825073,0.003108181059360504,-9.238787651062012,-0.1612472634036251,-91.05235290527344,-1.589163349884846,84.48351287841797,1.4745154633794253,83.48160552978516,1.457028881345856,98.14204406738281,1.7129018036131978,0.3108181059360504,0.003108181059360504,False,False,0.0,0.0,0.0,0.0,0.0,0.0,0.0,0.0,7.275260925292969,7.275260925292969,0.0,0.0,0.0,0.0,0.0,0.0
3,93,3.674762101029046,3.68856198200956,False,-9.714285850524902,-0.16954627633094788,-93.31867980957031,-1.6287182569503784,88.21977996826172,1.539725661277771,82.5934066772461,1.4415268898010254,97.93406677246094,1.7092719078063965,0.8928571428571428,0.008928571428571428,-0.16747312247753143,-1.5009856224060059,1.2544653415679932,1.4641836881637573,1.7184160947799683,0.0029229745268821716,-9.595502853393555,-0.16747311817622829,-89.31867980957031,-1.5589050462115839,84.21977996826172,1.4699124557513326,83.89154052734375,1.4641835967724084,98.4579849243164,1.7184160118082612,0.29229745268821716,0.0029229745268821716,False,False,0.0,0.0,0.0,0.0,0.0,3.31854248046875,3.31854248046875,0.0,12.344215393066406,12.344215393066406,0.0,0.0,0.0,0.0,0.0,0.0
3,94,3.7081031400011852,3.7211459289537743,False,-9.714285850524902,-0.16954627633094788,-92.61538696289062,-1.616443395614624,87.86813354492188,1.533588171005249,83.03296661376953,1.449198603630066,97.93406677246094,1.7092719078063965,0.8928571428571428,0.008928571428571428,-0.1850452572107315,-1.4331285953521729,1.1871838569641113,1.4682860374450684,1.7187979221343994,0.001337587833404541,-10.602312088012695,-0.18504525425981636,-88.61538696289062,-1.5466302704312995,83.86813354492188,1.4637750678611903,84.1265869140625,1.4682859301155666,98.4798583984375,1.7187977759505242,0.1337587833404541,0.001337587833404541,False,False,0.0,0.0,0.0,0.0,0.0,6.503173828125,6.503173828125,0.0,15.847511291503906,15.847511291503906,0.0,0.0,0.0,0.0,0.0,0.0
3,95,3.7416618849383667,3.7528950329869986,False,-9.714285850524902,-0.16954627633094788,-92.0879135131836,-1.6072373390197754,87.69230651855469,1.5305194854736328,83.20879364013672,1.4522674083709717,97.93406677246094,1.7092719078063965,0.8928571428571428,0.008928571428571428,-0.18012353777885437,-1.3943660259246826,1.1374468803405762,1.4698301553726196,1.7153873443603516,0.0019906163215637207,-10.320318222045898,-0.18012353282826818,-88.0879135131836,-1.5374241220170592,83.69230651855469,1.460706307337092,84.21505737304688,1.4698300309155945,98.2844467163086,1.7153871987005143,0.19906163215637207,0.0019906163215637207,False,False,0.0,0.0,0.0,0.0,0.0,8.196632385253906,8.196632385253906,0.0,18.521408081054688,18.521408081054688,0.0,0.0,0.0,0.0,0.0,0.0
3,96,3.7756765310186893,3.7875605080043897,False,-9.714285850524902,-0.16954627633094788,-90.94505310058594,-1.587290644645691,87.25274658203125,1.5228476524353027,83.20879364013672,1.4522674083709717,97.93406677246094,1.7092719078063965,0.8928571428571428,0.008928571428571428,-0.18358652293682098,-1.3859199285507202,1.0909510850906372,1.4777987003326416,1.709132194519043,0.0012940391898155212,-10.518732070922852,-0.18358650777272545,-86.94505310058594,-1.5174774449265291,83.25274658203125,1.4530345391849007,84.67162322998047,1.477798608371275,97.92605590820312,1.7091320990901906,0.12940391898155212,0.0012940391898155212,False,False,0.0,0.0,0.0,0.0,0.0,7.537696838378906,7.537696838378906,0.0,20.74585723876953,20.74585723876953,0.0,0.0,0.0,0.0,0.0,0.0
3,97,3.808582672965713,3.8208052610279992,False,-9.802197456359863,-0.17108061909675598,-90.15384674072266,-1.5734814405441284,86.989013671875,1.518244743347168,83.20879364013672,1.4522674083709717,97.93406677246094,1.7092719078063965,0.8928571428571428,0.008928571428571428,-0.18608927726745605,-1.328872561454773,1.060175895690918,1.4658445119857788,1.7135237455368042,0.0012710168957710266,-10.662129402160645,-0.18608926334139786,-86.15384674072266,-1.503668288884196,82.989013671875,1.448431531556808,83.98670196533203,1.4658444771862364,98.17767333984375,1.7135236517277312,0.12710168957710266,0.0012710168957710266,False,False,0.0,0.0,0.0,0.0,0.0,10.015060424804688,10.015060424804688,0.0,22.245410919189453,22.245410919189453,0.0,0.0,0.0,0.0,0.0,0.0
3,98,3.841972335940227,3.853580057970248,False,-10.15384578704834,-0.17721803486347198,-89.53845977783203,-1.5627409219741821,86.54945373535156,1.510572910308838,83.47252655029297,1.456870436668396,97.93406677246094,1.7092719078063965,0.8928571428571428,0.008928571428571428,-0.18833118677139282,-1.2883429527282715,1.0190200805664062,1.4670487642288208,1.7153966426849365,0.0019198805093765259,-10.790581703186035,-0.1883311789260538,-85.53845977783203,-1.4929277602079063,82.54945373535156,1.4407597634046165,84.05569458007812,1.4670486254731157,98.28498077392578,1.7153965197643295,0.1919880509376526,0.0019198805093765259,False,False,0.0,0.0,0.0,0.0,0.0,11.721847534179688,11.721847534179688,0.0,24.16390609741211,24.16390609741211,0.0,0.0,0.0,0.0,0.0,0.0
3,99,3.8755110510392115,3.8897527010412887,False,-10.329669952392578,-0.18028675019741058,-88.65933990478516,-1.5473973751068115,86.10989379882812,1.5029011964797974,83.47252655029297,1.456870436668396,97.93406677246094,1.7092719078063965,0.8928571428571428,0.008928571428571428,-0.19995850324630737,-1.2531741857528687,0.9896821975708008,1.4588699340820312,1.7136014699935913,0.0014970451593399048,-11.456777572631836,-0.19995849031106933,-84.65933990478516,-1.4775842239035237,82.10989379882812,1.4330879952524254,83.58708190917969,1.4588697914493733,98.18212890625,1.7136014160315616,0.14970451593399048,0.0014970451593399048,False,False,0.0,0.0,0.0,0.0,0.0,12.857749938964844,12.857749938964844,0.0,25.405284881591797,25.405284881591797,0.0,0.0,0.0,0.0,0.0,0.0
3,100,3.908945775940083,3.9200008439365774,False,-10.505494117736816,-0.18335546553134918,-87.86813354492188,-1.533588171005249,85.75823974609375,1.4967635869979858,83.47252655029297,1.456870436668396,97.84615325927734,1.7077375650405884,0.8928571428571428,0.008928571428571428,-0.20352454483509064,-1.1951911449432373,0.9367034435272217,1.46510910987854,1.7205089330673218,0.0009980276226997375,-11.661096572875977,-0.20352452958971268,-83.86813354492188,-1.4637750678611903,81.75823974609375,1.4269504742042287,83.94456481933594,1.465109045251211,98.57789611816406,1.7205088569509,0.09980276226997375,0.0009980276226997375,False,False,0.0,0.0,0.0,0.0,0.0,15.388725280761719,15.388725280761719,0.0,28.089088439941406,28.089088439941406,0.0,0.0,0.0,0.0,0.0,0.0
3,101,3.9423763509839773,3.9533776650205255,False,-10.593406677246094,-0.18488982319831848,-87.16483306884766,-1.5213133096694946,85.31867980957031,1.4890918731689453,83.47252655029297,1.456870436668396,97.84615325927734,1.7077375650405884,0.8928571428571428,0.008928571428571428,-0.2021014392375946,-1.1765741109848022,0.9361559152603149,1.460195779800415,1.7105084657669067,0.002945125102996826,-11.579559326171875,-0.20210143617171522,-83.16483306884766,-1.4515001589228516,81.31867980957031,1.4192787060520373,83.66304779052734,1.4601956461980694,98.00491333007812,1.7105084207415435,0.2945125102996826,0.002945125102996826,False,False,0.0,0.0,0.0,0.0,0.0,15.752105712890625,15.752105712890625,0.0,27.68090057373047,27.68090057373047,0.0,0.0,0.0,0.0,0.0,0.0
3,102,3.975787997012958,3.986888975952752,False,-11.120879173278809,-0.19409595429897308,-86.28571319580078,-1.505969762802124,84.87911987304688,1.4814200401306152,83.47252655029297,1.456870436668396,97.84615325927734,1.7077375650405884,0.8928571428571428,0.008928571428571428,-0.19880759716033936,-1.1850967407226562,0.9700340032577515,1.4568452835083008,1.7133067846298218,0.002219274640083313,-11.390835762023926,-0.19880758860123476,-82.28571319580078,-1.436156622618469,80.87911987304688,1.4116069378998461,83.47108459472656,1.456845256388695,98.16524505615234,1.7133067372569442,0.2219274640083313,0.002219274640083313,False,False,0.0,0.0,0.0,0.0,0.0,14.384674072265625,14.384674072265625,0.0,25.300270080566406,25.300270080566406,0.0,0.0,0.0,0.0,0.0,0.0
3,103,4.009394004940987,4.023063246975653,False,-11.648351669311523,-0.20330208539962769,-85.5824203491211,-1.4936950206756592,84.52747344970703,1.4752826690673828,83.47252655029297,1.456870436668396,97.84615325927734,1.7077375650405884,0.8928571428571428,0.008928571428571428,-0.18814833462238312,-1.219368577003479,0.9977437257766724,1.4595285654067993,1.7081828117370605,0.0016672760248184204,-10.780104637145996,-0.18814831962770626,-81.5824203491211,-1.4238818468381849,80.52747344970703,1.405469550009704,83.62482452392578,1.4595285243450045,97.87165832519531,1.7081826821615773,0.16672760248184204,0.0016672760248184204,False,False,0.0,0.0,0.0,0.0,0.0,11.717750549316406,11.717750549316406,0.0,23.360973358154297,23.360973358154297,0.0,0.0,0.0,0.0,0.0,0.0
3,104,4.043667739024386,4.058278331998736,False,-11.560439109802246,-0.2017677277326584,-84.79120635986328,-1.4798856973648071,84.0879135131836,1.4676109552383423,83.47252655029297,1.456870436668396,97.84615325927734,1.7077375650405884,0.8928571428571428,0.008928571428571428,-0.18012797832489014,-1.2338615655899048,1.0040770769119263,1.4630959033966064,1.7163918018341064,0.0025631114840507507,-10.320571899414062,-0.18012796033358042,-80.79120635986328,-1.410072557637797,80.0879135131836,1.3977977818575127,83.82921600341797,1.4630958286251656,98.34200286865234,1.7163917430636921,0.2563111484050751,0.0025631114840507507,False,False,0.0,0.0,0.0,0.0,0.0,10.096153259277344,10.096153259277344,0.0,22.558536529541016,22.558536529541016,0.0,0.0,0.0,0.0,0.0,0.0
3,105,4.076909907045774,4.089098026044667,False,-11.20879077911377,-0.1956302970647812,-84.0,-1.4660766124725342,83.64835357666016,1.4599391222000122,83.47252655029297,1.456870436668396,97.84615325927734,1.7077375650405884,0.8928571428571428,0.008928571428571428,-0.1810019463300705,-1.273268699645996,1.0721549987792969,1.453489065170288,1.7180839776992798,0.002371072769165039,-10.370647430419922,-0.18100194322431717,-80.0,-1.3962634015954636,79.64835357666016,1.3901260137053215,83.2787857055664,1.4534890076249227,98.43895721435547,1.7180839156203285,0.2371072769165039,0.002371072769165039,False,False,0.0,0.0,0.0,0.0,0.0,7.047080993652344,7.047080993652344,0.0,18.218399047851562,18.218399047851562,0.0,0.0,0.0,0.0,0.0,0.0
3,106,4.110202576965094,4.120973423006944,False,-11.032966613769531,-0.19256159663200378,-83.29669952392578,-1.4538016319274902,83.29669952392578,1.4538016319274902,83.38461303710938,1.4553359746932983,97.84615325927734,1.7077375650405884,0.8928571428571428,0.008928571428571428,-0.18313628435134888,-1.3504136800765991,1.1292774677276611,1.4511774778366089,1.7155550718307495,0.00265580415725708,-10.492935180664062,-0.18313626710093395,-79.29669952392578,-1.3839884926571249,79.29669952392578,1.3839884926571249,83.1463394165039,1.451177383798734,98.29405975341797,1.7155549778491892,0.265580415725708,0.00265580415725708,False,False,0.0,0.0,0.0,0.0,0.0,1.9236984252929688,1.9236984252929688,0.0,14.5938720703125,14.5938720703125,0.0,0.0,0.0,0.0,0.0,0.0
3,107,4.1438361529726535,4.1551004679640755,False,-10.857142448425293,-0.18949288129806519,-82.4175796508789,-1.4384580850601196,82.85713958740234,1.4461299180984497,83.38461303710938,1.4553359746932983,97.84615325927734,1.7077375650405884,0.8928571428571428,0.008928571428571428,-0.17823220789432526,-1.3779816627502441,1.168398141860962,1.4464316368103027,1.7142192125320435,0.002620495855808258,-10.211953163146973,-0.17823220575636434,-78.95252990722656,-1.3779815996603968,78.85713958740234,1.3763167245049337,82.87442016601562,1.4464314975781583,98.21752166748047,1.7142191362464054,0.2620495855808258,0.002620495855808258,False,False,0.0,0.0,0.0,0.0,0.0,0.0,0.0,0.0,11.912864685058594,11.912864685058594,0.0,0.0,0.0,0.0,0.0,0.0
3,108,4.177425532019697,4.188605466042645,False,-10.769230842590332,-0.18795853853225708,-81.53845977783203,-1.423114538192749,82.4175796508789,1.4384580850601196,83.38461303710938,1.4553359746932983,97.84615325927734,1.7077375650405884,0.8928571428571428,0.008928571428571428,-0.16799788177013397,-1.3981051445007324,1.1619795560836792,1.4523240327835083,1.7183421850204468,0.002686530351638794,-9.625569343566895,-0.16799787742427158,-80.10552215576172,-1.398105110647308,78.4175796508789,1.3686449563527423,83.2120361328125,1.4523240078060677,98.45375061035156,1.7183421090880115,0.2686530351638794,0.002686530351638794,False,False,0.0,0.0,0.0,0.0,0.0,0.0,0.0,0.0,11.841056823730469,11.841056823730469,0.0,0.0,0.0,0.0,0.0,0.0
3,109,4.21086276602,4.221856044023298,False,-10.769230842590332,-0.18795853853225708,-80.92308044433594,-1.4123741388320923,82.06593322753906,1.4323207139968872,83.47252655029297,1.456870436668396,97.84615325927734,1.7077375650405884,0.8928571428571428,0.008928571428571428,-0.17025429010391235,-1.3493003845214844,1.1149266958236694,1.4598318338394165,1.7162665128707886,0.003055982291698456,-9.754851341247559,-0.17025427394735484,-77.30921173095703,-1.3493002868266248,78.06593322753906,1.3625075684626002,83.64219665527344,1.45983172523511,98.33482360839844,1.7162664413344038,0.3055982291698456,0.003055982291698456,False,False,0.0,0.0,0.0,0.0,0.0,0.0,0.0,0.0,14.185340881347656,14.185340881347656,0.0,0.0,0.0,0.0,0.0,0.0
3,110,4.244302861043252,4.257156874984503,False,-10.505494117736816,-0.18335546553134918,-80.65933990478516,-1.4077709913253784,81.71428680419922,1.4261833429336548,83.73626708984375,1.4614735841751099,97.84615325927734,1.7077375650405884,0.8928571428571428,0.008928571428571428,-0.17570997774600983,-1.272716760635376,1.0542268753051758,1.4626797437667847,1.7140891551971436,0.002465486526489258,-10.067440032958984,-0.17570997582222073,-76.65933990478516,-1.3379578837439774,77.71428680419922,1.3563701805724582,83.80537414550781,1.4626797097048407,98.21006774902344,1.714089040827155,0.24654865264892578,0.002465486526489258,False,False,0.0,0.0,0.0,0.0,0.0,3.7380447387695312,3.7380447387695312,0.0,17.311538696289062,17.311538696289062,0.0,0.0,0.0,0.0,0.0,0.0
3,111,4.277797422953881,4.289420856977813,False,-9.89011001586914,-0.17261497676372528,-80.57142639160156,-1.4062366485595703,81.36264038085938,1.4200459718704224,84.0879135131836,1.4676109552383423,97.84615325927734,1.7077375650405884,0.8928571428571428,0.008928571428571428,-0.19803473353385925,-1.170332431793213,0.9996999502182007,1.45601487159729,1.7064001560211182,0.0018003284931182861,-11.346553802490234,-0.19803472260813695,-76.57142639160156,-1.3364235034819283,77.36264038085938,1.350232792682316,83.42350006103516,1.456014749602754,97.76952362060547,1.7064000952859328,0.1800328493118286,0.0018003284931182861,False,False,0.0,0.0,0.0,0.0,0.0,9.516319274902344,9.516319274902344,0.0,20.084056854248047,20.084056854248047,0.0,0.0,0.0,0.0,0.0,0.0
3,112,4.3110534689622,4.325170002994128,False,-9.714285850524902,-0.16954627633094788,-79.51648712158203,-1.387824535369873,81.010986328125,1.4139084815979004,84.0879135131836,1.4676109552383423,97.84615325927734,1.7077375650405884,0.8928571428571428,0.008928571428571428,-0.19171351194381714,-1.1268960237503052,0.9607642889022827,1.456182837486267,1.7096439599990845,0.0032528266310691833,-10.984374046325684,-0.19171349337899532,-75.51648712158203,-1.3180113398115019,77.010986328125,1.3440952716341195,83.4331283569336,1.456182795067538,97.95537567138672,1.7096438254936492,0.32528266310691833,0.0032528266310691833,False,False,0.0,0.0,0.0,0.0,0.0,10.950103759765625,10.950103759765625,0.0,21.96324920654297,21.96324920654297,0.0,0.0,0.0,0.0,0.0,0.0
3,113,4.3446780380327255,4.357676847022958,False,-10.329669952392578,-0.18028675019741058,-78.28571319580078,-1.3663434982299805,80.65933990478516,1.4077709913253784,84.0879135131836,1.4676109552383423,97.84615325927734,1.7077375650405884,0.8928571428571428,0.008928571428571428,-0.2020604908466339,-1.056260108947754,0.9095292091369629,1.4572474956512451,1.712899923324585,0.003146849572658539,-11.5772123336792,-0.20206047342519842,-74.28571319580078,-1.2965302824589227,76.65933990478516,1.3379578837439774,83.49412536621094,1.457247393713297,98.14192962646484,1.7128998062423801,0.3146849572658539,0.003146849572658539,False,False,0.0,0.0,0.0,0.0,0.0,13.766471862792969,13.766471862792969,0.0,24.547157287597656,24.547157287597656,0.0,0.0,0.0,0.0,0.0,0.0
3,114,4.3780642580240965,4.391756076016463,False,-11.032966613769531,-0.19256159663200378,-77.67032623291016,-1.3556028604507446,80.30769348144531,1.401633620262146,84.0879135131836,1.4676109552383423,97.84615325927734,1.7077375650405884,0.8928571428571428,0.008928571428571428,-0.19637970626354218,-0.9965206384658813,0.8126341700553894,1.486090898513794,1.7101593017578125,0.002368837594985962,-11.251728057861328,-0.19637970114870723,-73.67032623291016,-1.2857897537826333,76.30769348144531,1.3318204958538353,85.146728515625,1.4860907598994002,97.98490142822266,1.7101591471645796,0.2368837594985962,0.002368837594985962,False,False,0.0,0.0,0.0,0.0,0.0,16.573902130126953,16.573902130126953,0.0,29.747188568115234,29.747188568115234,0.0,0.0,0.0,0.0,0.0,0.0
3,115,4.411504875984974,4.423080930951983,False,-11.384614944458008,-0.1986990123987198,-76.70330047607422,-1.3387250900268555,79.95604705810547,1.3954962491989136,84.0879135131836,1.4676109552383423,97.84615325927734,1.7077375650405884,0.8928571428571428,0.008928571428571428,-0.20653653144836426,-0.938199520111084,0.7454012632369995,1.5093637704849243,1.714974284172058,0.002884887158870697,-11.833670616149902,-0.20653651484832186,-72.70330047607422,-1.268911970374256,75.95604705810547,1.325683107963693,86.48017120361328,1.5093637251914394,98.26078033447266,1.7149741424154428,0.2884887158870697,0.002884887158870697,False,False,0.0,0.0,0.0,0.0,0.0,18.948429107666016,18.948429107666016,0.0,33.247703552246094,33.247703552246094,0.0,0.0,0.0,0.0,0.0,0.0
3,116,4.444715021993034,4.455517683993094,False,-11.296703338623047,-0.19716466963291168,-75.73626708984375,-1.3218472003936768,79.69230651855469,1.3908931016921997,84.26373291015625,1.470679521560669,97.84615325927734,1.7077375650405884,0.8928571428571428,0.008928571428571428,-0.21710404753684998,-0.867376446723938,0.6694674491882324,1.5245620012283325,1.7056734561920166,0.0034257397055625916,-12.4391450881958,-0.21710403792229716,-71.73626708984375,-1.2520340538078243,75.69230651855469,1.3210799671775457,87.35095977783203,1.5245618529003035,97.7278823852539,1.7056733186244502,0.34257397055625916,0.0034257397055625916,False,False,0.0,0.0,0.0,0.0,0.0,22.039260864257812,22.039260864257812,0.0,37.33464813232422,37.33464813232422,0.0,0.0,0.0,0.0,0.0,0.0
3,117,4.478105881949887,4.488888308987953,False,-11.032966613769531,-0.19256159663200378,-74.94505310058594,-1.3080378770828247,79.25274658203125,1.3832213878631592,84.61538696289062,1.4768171310424805,97.84615325927734,1.7077375650405884,0.8928571428571428,0.008928571428571428,-0.22632625699043274,-0.8312708735466003,0.6332512497901917,1.543875813484192,1.716172695159912,0.0034781768918037415,-12.967538833618164,-0.22632624852686212,-70.94505310058594,-1.2382247646074365,75.25274658203125,1.3134081990253543,88.45756530761719,1.5438757629158306,98.3294448852539,1.7161725649059785,0.34781768918037415,0.0034781768918037415,False,False,0.0,0.0,0.0,0.0,0.0,23.316741943359375,23.316741943359375,0.0,38.970123291015625,38.970123291015625,0.0,0.0,0.0,0.0,0.0,0.0
3,118,4.511676679016091,4.523714671027847,False,-11.472527503967285,-0.2002333700656891,-73.97801971435547,-1.291159987449646,78.72527313232422,1.374015212059021,85.4065933227539,1.4906262159347534,97.84615325927734,1.7077375650405884,0.8928571428571428,0.008928571428571428,-0.23251856863498688,-0.7388200163841248,0.5554503202438354,1.5481406450271606,1.7175793647766113,0.0038172155618667603,-13.322332382202148,-0.2325185641144871,-69.97801971435547,-1.2213468480410048,74.72527313232422,1.304202050611114,88.70191955566406,1.5481405490854836,98.41004180908203,1.7175792465937585,0.381721556186676,0.0038172155618667603,False,False,0.0,0.0,0.0,0.0,0.0,27.646751403808594,27.646751403808594,0.0,42.90031433105469,42.90031433105469,0.0,0.0,0.0,0.0,0.0,0.0
3,119,4.545527776936069,4.5563382640248165,False,-12.527472496032715,-0.21864564716815948,-73.18681335449219,-1.277350902557373,78.10989379882812,1.3632748126983643,86.10989379882812,1.5029011964797974,97.84615325927734,1.7077375650405884,0.8928571428571428,0.008928571428571428,-0.23253905773162842,-0.6831068992614746,0.5225954055786133,1.558048963546753,1.7254748344421387,0.003964155912399292,-13.323505401611328,-0.23253903716536709,-69.18681335449219,-1.2075376919986713,74.10989379882812,1.293461655092879,89.26962280273438,1.5580488399211234,98.86241912841797,1.7254747202775162,0.3964155912399292,0.003964155912399292,False,False,0.0,0.0,0.0,0.0,0.0,30.047672271728516,30.047672271728516,0.0,44.16738510131836,44.16738510131836,0.0,0.0,0.0,0.0,0.0,0.0
3,120,4.579467674950138,4.749044973985292,False,-12.967033386230469,-0.2263174206018448,-72.48351287841797,-1.265075922012329,77.4945068359375,1.352534294128418,86.72527313232422,1.513641595840454,97.84615325927734,1.7077375650405884,0.8928571428571428,0.008928571428571428,-0.26322799921035767,-1.0624996423721313,0.9441386461257935,1.5908503532409668,1.7085165977478027,0.004463307559490204,-15.081852912902832,-0.263227990631652,-68.48351287841797,-1.1952627830603326,73.4945068359375,1.2827211264165894,90.72527313232422,1.5834547309302067,97.89078521728516,1.7085165094042187,0.4463307559490204,0.004463307559490204,False,False,0.0,0.0,0.0,0.0,0.0,7.606769561767578,7.606769561767578,0.0,19.399349212646484,19.399349212646484,0.0,0.423736572265625,0.423736572265625,0.0,0.0,0.0
3,121,4.750531152938493,4.765258903964423,False,-13.406593322753906,-0.2339891940355301,-70.37362670898438,-1.2282514572143555,76.0879135131836,1.3279845714569092,87.69230651855469,1.5305194854736328,98.10989379882812,1.7123407125473022,0.8928571428571428,0.008928571428571428,-0.265646755695343,-0.9856104850769043,0.8501086235046387,1.6235377788543701,1.710267424583435,0.0036652162671089172,-15.220437049865723,-0.26564674011268924,-66.37362670898438,-1.1584383225614254,72.0879135131836,1.2581714416979664,91.69230651855469,1.6003326474966384,97.99109649658203,1.7102672715048368,0.3665216267108917,0.0036652162671089172,False,False,0.0,0.0,0.0,0.0,0.0,9.90230941772461,9.90230941772461,0.0,23.380279541015625,23.380279541015625,0.0,1.3295516967773438,1.3295516967773438,0.0,0.0,0.0
3,122,4.784118338022381,4.795679370989092,False,-13.230769157409668,-0.2309204787015915,-70.28571319580078,-1.2267171144485474,75.9120864868164,1.324915885925293,87.78022003173828,1.532053828239441,98.10989379882812,1.7123407125473022,0.8928571428571428,0.008928571428571428,-0.2710529565811157,-0.9065407514572144,0.753595232963562,1.6437801122665405,1.7104918956756592,0.0022426024079322815,-15.530189514160156,-0.27105294048079326,-66.28571319580078,-1.1569039422993763,71.9120864868164,1.2551026811738681,91.78022003173828,1.6018670277586875,98.00395965576172,1.7104917759847305,0.22426024079322815,0.0022426024079322815,False,False,0.0,0.0,0.0,0.0,0.0,14.344757080078125,14.344757080078125,0.0,28.734264373779297,28.734264373779297,0.0,2.4014358520507812,2.4014358520507812,0.0,0.0,0.0
3,123,4.817291246028617,4.827915292931721,False,-13.582417488098145,-0.2370579093694687,-69.4945068359375,-1.2129079103469849,75.12088012695312,1.3111066818237305,88.48351287841797,1.5443285703659058,98.10989379882812,1.7123407125473022,0.8928571428571428,0.008928571428571428,-0.2755098044872284,-0.81396484375,0.674095630645752,1.6573574542999268,1.7119276523590088,0.0015520304441452026,-15.785548210144043,-0.2755097904993113,-65.4945068359375,-1.143094786257043,71.12088012695312,1.2412935251315347,92.48351287841797,1.6141418035389719,98.08622741699219,1.7119276192864468,0.15520304441452026,0.0015520304441452026,False,False,0.0,0.0,0.0,0.0,0.0,18.857757568359375,18.857757568359375,0.0,32.498046875,32.498046875,0.0,2.4760665893554688,2.4760665893554688,0.0,0.0,0.0
3,124,4.851497302995995,4.862444465979934,False,-14.98901081085205,-0.2616075873374939,-68.43955993652344,-1.194495677947998,74.24176025390625,1.2957631349563599,89.36264038085938,1.559672236442566,98.10989379882812,1.7123407125473022,0.8928571428571428,0.008928571428571428,-0.28599846363067627,-0.7224702835083008,0.585019052028656,1.6721810102462769,1.7101187705993652,0.0002352893352508545,-16.386503219604492,-0.2859984340707498,-64.43955993652344,-1.124682489428562,70.24176025390625,1.2259499888271523,93.36264038085938,1.6294854730014088,97.98258209228516,1.7101186671160105,0.02352893352508545,0.0002352893352508545,False,False,0.0,0.0,0.0,0.0,0.0,23.045063018798828,23.045063018798828,0.0,36.72264099121094,36.72264099121094,0.8090667724609375,1.6371994018554688,2.4462661743164062,0.0,0.0,0.0
3,125,4.886252125957981,4.900091849034652,False,-15.340659141540527,-0.2677450180053711,-67.64835357666016,-1.1806864738464355,73.62637329101562,1.2850226163864136,89.97801971435547,1.5704126358032227,98.10989379882812,1.7123407125473022,0.8928571428571428,0.008928571428571428,-0.2998984158039093,-0.6395797729492188,0.5085782408714294,1.674635410308838,1.713457465171814,0.00021854788064956665,-17.182912826538086,-0.2998984039062549,-63.648353576660156,-1.1108733333862288,69.62637329101562,1.2152094601508627,93.97801971435547,1.6402258685196438,98.17387390136719,1.7134573390165881,0.021854788064956665,0.00021854788064956665,False,False,0.0,0.0,0.0,0.0,0.0,27.003135681152344,27.003135681152344,0.0,40.48698806762695,40.48698806762695,0.9496994018554688,1.021820068359375,1.9715194702148438,0.0,0.0,0.0
3,126,4.918520814971998,4.931442640954629,False,-14.98901081085205,-0.2616075873374939,-66.94505310058594,-1.1684116125106812,72.92308044433594,1.2727478742599487,90.5934066772461,1.5811532735824585,98.10989379882812,1.7123407125473022,0.8241758241758242,0.008241758241758242,-0.3108808994293213,-0.5973616242408752,0.47591567039489746,1.6737421751022339,1.705401062965393,0.0009097084403038025,-17.812162399291992,-0.31088088076757814,-62.94505310058594,-1.0985984244478901,68.92308044433594,1.2029346843705784,94.5934066772461,1.6509663971959334,97.7122802734375,1.7054010104029895,0.09097084403038025,0.0009097084403038025,False,False,0.0,0.0,0.0,0.0,0.0,28.718753814697266,28.718753814697266,0.0,41.655120849609375,41.655120849609375,0.8985137939453125,0.40643310546875,1.3049468994140625,0.0,0.0,0.0
3,127,4.952060819952749,4.964522055932321,False,-16.043956756591797,-0.2800198793411255,-66.06593322753906,-1.1530680656433105,72.21977996826172,1.2604728937149048,91.12088012695312,1.5903593301773071,98.10989379882812,1.7123407125473022,0.7554945054945055,0.007554945054945055,-0.3267461657524109,-0.5284152030944824,0.41891705989837646,1.678594946861267,1.7012158632278442,0.000620722770690918,-18.721176147460938,-0.3267461636190208,-62.06593322753906,-1.0832548881435076,68.21977996826172,1.1906597754322397,94.99983978271484,1.6580599930754685,97.47248077392578,1.7012157195918756,0.0620722770690918,0.000620722770690918,False,False,0.0,0.0,0.0,0.0,0.0,31.789974212646484,31.789974212646484,0.0,44.21760177612305,44.21760177612305,1.1765594482421875,0.0,1.1765594482421875,0.0,0.0,0.0
3,128,4.985125747043639,4.998195135034621,False,-17.186813354492188,-0.2999664843082428,-65.27472686767578,-1.139258861541748,71.42857360839844,1.2466638088226318,91.82417297363281,1.6026341915130615,98.10989379882812,1.7123407125473022,0.7554945054945055,0.007554945054945055,-0.34678101539611816,-0.45139801502227783,0.38976776599884033,1.67332923412323,1.7082099914550781,0.0008059293031692505,-19.86908721923828,-0.3467809913416324,-61.27472686767578,-1.069445732101174,67.42857360839844,1.1768506193899064,94.99983978271484,1.6580599930754685,97.87321472167969,1.7082098464046962,0.08059293031692505,0.0008059293031692505,False,False,0.0,0.0,0.0,0.0,0.0,35.411529541015625,35.411529541015625,0.0,45.096527099609375,45.096527099609375,0.8748550415039062,0.0,0.8748550415039062,0.0,0.0,0.0
3,129,5.018563393969089,5.032350035966374,False,-17.27472496032715,-0.3015008270740509,-64.48351287841797,-1.1254496574401855,70.72527313232422,1.234388828277588,92.35164642333984,1.6118402481079102,97.93406677246094,1.7092719078063965,0.7554945054945055,0.007554945054945055,-0.3750755190849304,-0.42535239458084106,0.32917627692222595,1.6709855794906616,1.7074766159057617,0.0007767528295516968,-21.27472496032715,-0.3713139980139287,-60.48351287841797,-1.0556364429007863,66.72527313232422,1.1645757104515677,94.99983978271484,1.6580599930754685,97.8311996459961,1.7074765449985427,0.07767528295516968,0.0007767528295516968,False,False,0.0,0.0,0.21551895141601562,0.21551895141601562,0.0,36.11261749267578,36.11261749267578,0.0,47.86486053466797,47.86486053466797,0.7405776977539062,0.0,0.7405776977539062,0.0,0.0,0.0
3,130,5.052049585967325,5.062930995947681,False,-17.9780216217041,-0.3137756586074829,-63.69230651855469,-1.111640453338623,70.02198028564453,1.222114086151123,92.70330047607422,1.6179778575897217,97.93406677246094,1.7092719078063965,0.7554945054945055,0.007554945054945055,-0.40240752696990967,-0.36785557866096497,0.28042134642601013,1.6726542711257935,1.7112969160079956,0.00044311583042144775,-21.9780216217041,-0.3835888403732402,-59.69230651855469,-1.041827286858453,66.02198028564453,1.1523009346712834,94.99983978271484,1.6580599930754685,98.05008697509766,1.7112968495822614,0.044311583042144775,0.00044311583042144775,False,False,0.0,0.0,1.0782299041748047,1.0782299041748047,0.0,38.61573791503906,38.61573791503906,0.0,49.955020904541016,49.955020904541016,0.836181640625,0.0,0.836181640625,0.0,0.0,0.0
3,131,5.086331853992306,5.097260039998218,False,-19.648351669311523,-0.3429284393787384,-62.81318664550781,-1.0962969064712524,69.31867980957031,1.2098392248153687,93.05494689941406,1.624115228652954,97.93406677246094,1.7092719078063965,0.7554945054945055,0.007554945054945055,-0.438839316368103,-0.2913217842578888,0.226736381649971,1.6714651584625244,1.7186466455459595,-0.00013639777898788452,-23.648351669311523,-0.41274159929898335,-58.81318664550781,-1.0264837505540705,65.31867980957031,1.1400260257329446,94.99983978271484,1.6580599930754685,98.47119140625,1.7186465084006077,0.0,0.0,True,False,0.013639777898788452,0.0,1.4952869415283203,1.4952869415283203,0.0,42.121681213378906,42.121681213378906,0.0,52.32764434814453,52.32764434814453,0.7680511474609375,0.0,0.7680511474609375,0.0,0.0,0.0
3,132,5.119067306979559,5.130475340993144,False,-20.703296661376953,-0.3613407015800476,-61.93406677246094,-1.0809533596038818,68.79120635986328,1.2006330490112305,93.4065933227539,1.6302525997161865,97.93406677246094,1.7092719078063965,0.7554945054945055,0.007554945054945055,-0.4694339632987976,-0.24513253569602966,0.21063485741615295,1.6730971336364746,1.7133283615112305,0.0006102398037910461,-24.703296661376953,-0.43115386283795054,-57.93406677246094,-1.011140214249688,64.79120635986328,1.1308198773187044,94.99983978271484,1.6580599930754685,98.1664810180664,1.713328308861774,0.061023980379104614,0.0006102398037910461,False,False,0.0,0.0,2.193286895751953,2.193286895751953,0.0,43.889007568359375,43.889007568359375,0.0,52.72271728515625,52.72271728515625,0.8615570068359375,0.0,0.8615570068359375,0.0,0.0,0.0
3,133,5.152450760942884,5.163772911997512,False,-21.05494499206543,-0.3674781024456024,-61.05494689941406,-1.0656098127365112,68.26373291015625,1.1914268732070923,93.75823974609375,1.636389970779419,97.93406677246094,1.7092719078063965,0.7554945054945055,0.007554945054945055,-0.4908124804496765,-0.19460529088974,0.1837511658668518,1.672123908996582,1.711714506149292,-3.579258918762207e-05,-25.05494499206543,-0.4372912840176063,-57.05494689941406,-0.9957966779453054,64.26373291015625,1.1216137289044639,94.99983978271484,1.6580599930754685,98.07401275634766,1.711714433241186,0.0,0.0,True,False,0.003579258918762207,0.0,3.066537857055664,3.066537857055664,0.0,45.904884338378906,45.904884338378906,0.0,53.735565185546875,53.735565185546875,0.8058013916015625,0.0,0.8058013916015625,0.0,0.0,0.0
3,134,5.18576252204366,5.199588587973267,False,-22.461538314819336,-0.3920277953147888,-60.17582321166992,-1.0502662658691406,67.73626708984375,1.1822208166122437,94.02198028564453,1.6409931182861328,97.93406677246094,1.7092719078063965,0.7554945054945055,0.007554945054945055,-0.5131128430366516,-0.1572738140821457,0.15420891344547272,1.6723167896270752,1.7133755683898926,0.0013505369424819946,-26.461538314819336,-0.4618409687362292,-56.17582321166992,-0.9804530750618956,63.73626708984375,1.112407713648278,94.99983978271484,1.6580599930754685,98.16918182373047,1.7133754468130684,0.13505369424819946,0.0013505369424819946,False,False,0.0,0.0,2.9376602172851562,2.9376602172851562,0.0,47.164695739746094,47.164695739746094,0.0,54.90074920654297,54.90074920654297,0.8168487548828125,0.0,0.8168487548828125,0.0,0.0,0.0
3,135,5.219027288025245,5.229934968985617,False,-24.043956756591797,-0.4196462035179138,-58.94505310058594,-1.028785228729248,67.29669952392578,1.1745489835739136,94.19779968261719,1.6440616846084595,98.02198028564453,1.7108062505722046,0.7554945054945055,0.007554945054945055,-0.5282335877418518,-0.10680447518825531,0.10179466009140015,1.6724200248718262,1.7092480659484863,-0.0003956928849220276,-28.043956756591797,-0.48945938068943684,-54.94505310058594,-0.9589720842883437,63.29669952392578,1.1047358123380322,94.99983978271484,1.6580599930754685,97.93269348144531,1.709247946597609,0.0,0.0,True,False,0.03956928849220276,0.0,2.221597671508789,2.221597671508789,0.0,48.82560729980469,48.82560729980469,0.0,57.46429443359375,57.46429443359375,0.8227615356445312,0.0,0.8227615356445312,0.0,0.0,0.0
3,136,5.252780869952403,5.264927473966964,False,-24.30769157409668,-0.4242492616176605,-58.06593322753906,-1.0134416818618774,66.85713958740234,1.1668771505355835,94.37362670898438,1.6471304893493652,98.02198028564453,1.7108062505722046,0.7554945054945055,0.007554945054945055,-0.5475824475288391,-0.03334444761276245,0.07030734419822693,1.6723275184631348,1.7080823183059692,0.00011871755123138428,-28.30769157409668,-0.49406242160704344,-54.06593322753906,-0.9436285479839612,62.857139587402344,1.097064044185841,94.99983978271484,1.6580599930754685,97.86590576171875,1.7080822809884812,0.011871755123138428,0.00011871755123138428,False,False,0.0,0.0,3.066469192504883,3.066469192504883,0.0,52.15543746948242,52.15543746948242,0.0,58.828826904296875,58.828826904296875,0.8174667358398438,0.0,0.8174667358398438,0.0,0.0,0.0
3,137,5.2860270839883015,5.298542093951255,False,-25.450550079345703,-0.4441958963871002,-57.010990142822266,-0.9950295090675354,66.5054931640625,1.160739779472351,94.46154022216797,1.6486648321151733,98.02198028564453,1.7108062505722046,0.7554945054945055,0.007554945054945055,-0.5573630928993225,0.015548765659332275,0.037777453660964966,1.670718789100647,1.7143429517745972,0.00018614530563354492,-29.450550079345703,-0.5140090654080598,-53.010990142822266,-0.9252163177345076,62.5054931640625,1.0909266562956987,94.99983978271484,1.6580599930754685,98.224609375,1.7143428400790397,0.018614530563354492,0.00018614530563354492,False,False,0.0,0.0,2.4840011596679688,2.4840011596679688,0.0,53.9018669128418,53.9018669128418,0.0,60.34100341796875,60.34100341796875,0.7252883911132812,0.0,0.7252883911132812,0.0,0.0,0.0
3,138,5.319542036973871,5.3306156389880925,False,-27.296703338623047,-0.47641733288764954,-55.9560432434082,-0.976617157459259,66.15384674072266,1.1546024084091187,94.46154022216797,1.6486648321151733,98.37362670898438,1.716943621635437,0.7554945054945055,0.007554945054945055,-0.5728816390037537,0.05689239501953125,0.029587626457214355,1.6689010858535767,1.719321846961975,-3.881007432937622e-05,-31.296703338623047,-0.546230518278874,-51.9560432434082,-0.9068040209060267,62.153846740722656,1.0847892684055567,94.99983978271484,1.6580599930754685,98.50988006591797,1.7193217528949973,0.0,0.0,True,False,0.003881007432937622,0.0,1.5269966125488281,1.5269966125488281,0.0,55.215736389160156,55.215736389160156,0.0,60.45860290527344,60.45859909057617,0.6211471557617188,0.0,0.6211471557617188,0.0,0.0,0.0
3,139,5.353016827953979,5.365656935959123,False,-27.560440063476562,-0.48102042078971863,-55.07692337036133,-0.9612736701965332,65.71428680419922,1.1469306945800781,94.81318664550781,1.6548023223876953,98.28571319580078,1.715409278869629,0.7554945054945055,0.007554945054945055,-0.5891458988189697,0.0736212432384491,0.0002605915069580078,1.6642229557037354,1.705042839050293,0.00032979249954223633,-31.560440063476562,-0.5508335924859942,-51.07692337036133,-0.8914604846016443,61.71428680419922,1.0771175002533655,94.99983978271484,1.6580599930754685,97.6917495727539,1.7050426820783193,0.03297924995422363,0.00032979249954223633,False,False,0.0,0.0,2.1951332092285156,2.1951332092285156,0.0,55.295108795166016,55.295108795166016,0.0,61.69935607910156,61.69935607910156,0.3531036376953125,0.0,0.3531036376953125,0.0,0.0,0.0
3,140,5.386407234007493,5.397390587022528,False,-28.439559936523438,-0.49636396765708923,-54.19780349731445,-0.9459301233291626,65.36264038085938,1.1407933235168457,94.81318664550781,1.6548023223876953,98.02198028564453,1.7108062505722046,0.7554945054945055,0.007554945054945055,-0.594273567199707,0.14701884984970093,-0.032580435276031494,1.6662336587905884,1.7077550888061523,0.0006573125720024109,-32.43955993652344,-0.5661771287903767,-50.19780349731445,-0.8761169482972617,61.362640380859375,1.0709801123632234,94.99983978271484,1.6580599930754685,97.84715270996094,1.7077549784905106,0.06573125720024109,0.0006573125720024109,False,False,0.0,0.0,1.6098060607910156,1.6098060607910156,0.0,58.621360778808594,58.621360778808594,0.0,63.22936248779297,63.22936248779297,0.4683074951171875,0.0,0.4683074951171875,0.0,0.0,0.0
3,141,5.419654399971478,5.430908984970301,False,-30.461538314819336,-0.5316541194915771,-52.96703338623047,-0.9244491457939148,65.010986328125,1.1346557140350342,94.72527313232422,1.6532678604125977,98.28571319580078,1.715409278869629,0.7554945054945055,0.007554945054945055,-0.6023542881011963,0.17447993159294128,-0.05748778581619263,1.666109561920166,1.703395128250122,-0.001072995364665985,-34.46154022216797,-0.6014673421852892,-48.96703338623047,-0.8546359575237099,61.010986328125,1.0648425913150268,94.99983978271484,1.6580599930754685,97.59734344482422,1.7033949843118874,0.0,0.0,True,False,0.10729953646659851,0.0,0.05081748962402344,0.050815582275390625,0.0,58.96399688720703,58.96399688720703,0.0,64.30479431152344,64.30479431152344,0.46120452880859375,0.0,0.46120452880859375,0.0,0.0,0.0
3,142,5.4531065409537405,5.463977389037609,False,-30.813186645507812,-0.5377915501594543,-52.087913513183594,-0.9091055989265442,64.57142639160156,1.1269840002059937,94.9011001586914,1.6563366651535034,98.19779968261719,1.7138749361038208,0.7554945054945055,0.007554945054945055,-0.6085216999053955,0.19646045565605164,-0.05562746524810791,1.6669459342956543,1.7083276510238647,0.0008241906762123108,-34.81318664550781,-0.6076047300754314,-48.087913513183594,-0.8392924212193273,60.57142639160156,1.0571708231628354,94.99983978271484,1.6580599930754685,97.87995910644531,1.7083275581248776,0.08241906762123108,0.0008241906762123108,False,False,0.0,0.0,0.0525360107421875,0.0525360107421875,0.0,59.344268798828125,59.344268798828125,0.0,63.758644104003906,63.758644104003906,0.509124755859375,0.0,0.509124755859375,0.0,0.0,0.0
3,143,5.486624215031043,5.498053777962923,False,-31.516483306884766,-0.5500664114952087,-51.29670333862305,-0.8952963352203369,64.21977996826172,1.1208466291427612,94.81318664550781,1.6548023223876953,98.02198028564453,1.7108062505722046,0.7554945054945055,0.007554945054945055,-0.6179019808769226,0.22420302033424377,-0.08186793327331543,1.6644154787063599,1.6973763704299927,0.0010923445224761963,-35.403175354003906,-0.6179019755882772,-47.29670333862305,-0.8254831985979667,60.21977996826172,1.0510334352726933,94.99983978271484,1.6580599930754685,97.25249481201172,1.6973762402483084,0.10923445224761963,0.0010923445224761963,False,False,0.0,0.0,0.0,0.0,0.0,60.14259338378906,60.1425895690918,0.0,64.91046905517578,64.91046905517578,0.3641357421875,0.0,0.3641357421875,0.0,0.0,0.0
3,144,5.519896378042176,5.531002509989776,False,-33.53845977783203,-0.5853565335273743,-49.978023529052734,-0.8722810745239258,63.78022003173828,1.1131747961044312,94.72527313232422,1.6532678604125977,98.02198028564453,1.7108062505722046,0.7554945054945055,0.007554945054945055,-0.6221398711204529,0.25357773900032043,-0.09338319301605225,1.6678345203399658,1.704998254776001,0.0005593597888946533,-35.64598846435547,-0.6221398638309203,-45.978023529052734,-0.802467894141393,59.78022003173828,1.0433616671205022,94.99983978271484,1.6580599930754685,97.68920135498047,1.7049982072881151,0.05593597888946533,0.0005593597888946533,False,False,0.0,0.0,0.0,0.0,0.0,60.5069580078125,60.5069580078125,0.0,65.13068389892578,65.13068389892578,0.5600357055664062,0.0,0.5600357055664062,0.0,0.0,0.0
3,145,5.553356125019491,5.564845070941374,False,-34.06593322753906,-0.5945627093315125,-49.098899841308594,-0.8569374680519104,63.42856979370117,1.1070374250411987,94.72527313232422,1.6532678604125977,98.28571319580078,1.715409278869629,0.7554945054945055,0.007554945054945055,-0.6382330060005188,0.27608564496040344,-0.10607033967971802,1.6635792255401611,1.697609305381775,0.0006936341524124146,-36.56805419921875,-0.6382329468241056,-45.098899841308594,-0.7871242912579831,59.42856979370117,1.0372242126513327,94.99983978271484,1.6580599930754685,97.2658462524414,1.6976092668436902,0.06936341524124146,0.0006936341524124146,False,False,0.0,0.0,0.0,0.0,0.0,60.917442321777344,60.917442321777344,0.0,65.50595092773438,65.50595092773438,0.31622314453125,0.0,0.31622314453125,0.0,0.0,0.0
3,146,5.58673967292998,5.597751821973361,False,-34.06593322753906,-0.5945627093315125,-48.21977996826172,-0.8415939211845398,62.989009857177734,1.0993655920028687,94.72527313232422,1.6532678604125977,97.84615325927734,1.7077375650405884,0.7554945054945055,0.007554945054945055,-0.6434124708175659,0.30279096961021423,-0.14276131987571716,1.6672570705413818,1.7015166282653809,-8.573383092880249e-05,-36.86481857299805,-0.6434124622491735,-44.21977996826172,-0.7717807549536007,58.989009857177734,1.0295524444991415,94.99983978271484,1.6580599930754685,97.48971557617188,1.701516523637,0.0,0.0,True,False,0.008573383092880249,0.0,0.0,0.0,0.0,61.56842041015625,61.568424224853516,0.0,67.16863250732422,67.16863250732422,0.526947021484375,0.0,0.526947021484375,0.0,0.0,0.0
3,147,5.620051047997549,5.6308976779691875,False,-35.20878982543945,-0.6145092844963074,-46.989009857177734,-0.820112943649292,62.63736343383789,1.0932282209396362,94.72527313232422,1.6532678604125977,97.84615325927734,1.7077375650405884,0.7554945054945055,0.007554945054945055,-0.6479492783546448,0.3109802305698395,-0.1399131715297699,1.6674082279205322,1.6911884546279907,0.0008073002099990845,-37.124755859375,-0.6479492237451507,-42.989009857177734,-0.7502997641800487,58.63736343383789,1.0234150566089995,94.99983978271484,1.6580599930754685,96.89795684814453,1.6911883854555092,0.08073002099990845,0.0008073002099990845,False,False,0.0,0.0,0.0,0.0,0.0,60.806861877441406,60.806861877441406,0.0,66.65379333496094,66.65379333496094,0.5356063842773438,0.0,0.5356063842773438,0.0,0.0,0.0
3,148,5.653782228007913,5.664864166988991,False,-36.263736724853516,-0.632921576499939,-46.021976470947266,-0.8032349944114685,62.19780349731445,1.0855565071105957,94.63735961914062,1.6517335176467896,97.93406677246094,1.7092719078063965,0.7554945054945055,0.007554945054945055,-0.6519173383712769,0.33908191323280334,-0.16356763243675232,1.6643075942993164,1.6919798851013184,0.00038541853427886963,-37.35211181640625,-0.6519173337693688,-42.021976470947266,-0.7334218476136171,58.19780349731445,1.015743288456808,94.99983978271484,1.6580599930754685,96.94329833984375,1.6919797437734263,0.03854185342788696,0.00038541853427886963,False,False,0.0,0.0,0.0,0.0,0.0,61.44993591308594,61.44993591308594,0.0,67.56953430175781,67.56953430175781,0.3579559326171875,0.0,0.3579559326171875,0.0,0.0,0.0
3,149,5.686919730971567,5.69786357996054,False,-36.35165023803711,-0.6344559788703918,-45.05494689941406,-0.7863571643829346,61.758243560791016,1.0778846740722656,94.54945373535156,1.650199294090271,98.02198028564453,1.7108062505722046,0.7554945054945055,0.007554945054945055,-0.6541146636009216,0.351882666349411,-0.17362788319587708,1.6654213666915894,1.695456624031067,4.089623689651489e-05,-37.47800827026367,-0.6541146414057659,-41.05494689941406,-0.7165439976262127,57.758243560791016,1.0080715203046169,94.99983978271484,1.6580599930754685,97.14250183105469,1.6954565005765247,0.004089623689651489,4.089623689651489e-05,False,False,0.0,0.0,0.0,0.0,0.0,61.216339111328125,61.216339111328125,0.0,67.70639038085938,67.70639038085938,0.4217681884765625,0.0,0.4217681884765625,0.0,0.0,0.0
3,150,5.720188027014956,5.8876664879499,False,-36.35165023803711,-0.6344559788703918,-44.0,-0.767944872379303,61.31867980957031,1.0702128410339355,94.54945373535156,1.650199294090271,97.4945068359375,1.7016000747680664,0.7554945054945055,0.007554945054945055,-0.6840194463729858,-0.809015154838562,0.8566823601722717,1.6143802404403687,1.6813164949417114,-0.0010180547833442688,-39.19142532348633,-0.6840194104443201,-46.353153228759766,-0.8090151425232982,57.31867980957031,1.0003996855733983,92.4971694946289,1.6143801564565339,96.33233642578125,1.681316446768749,0.0,0.0,True,False,0.10180547833442688,0.0,0.0,0.0,0.0,0.0,0.0,0.0,8.234397888183594,8.234397888183594,0.0,0.0,0.0,0.0,0.0,0.0
3,151,5.889132978045382,5.901585754007101,False,-36.96703338623047,-0.6451964378356934,-41.4505500793457,-0.7234485745429993,60.43955993652344,1.054869294166565,94.46154022216797,1.6486648321151733,97.4945068359375,1.7016000747680664,0.7554945054945055,0.007554945054945055,-0.6958065629005432,-0.7433887720108032,0.784031867980957,1.6189581155776978,1.6775624752044678,-0.0005600005388259888,-39.86677551269531,-0.6958064948499836,-42.59303665161133,-0.7433887279932386,56.43955993652344,0.9850561492690159,92.75946044921875,1.6189579972123256,96.11724090576172,1.6775623217381188,0.0,0.0,True,False,0.05600005388259888,0.0,0.0,0.0,0.0,0.0,0.0,0.0,11.517845153808594,11.517845153808594,0.0,0.0,0.0,0.0,0.0,0.0
3,152,5.922407242003828,5.934498697984964,False,-37.31867980957031,-0.6513338088989258,-41.4505500793457,-0.7234485745429993,60.35165023803711,1.0533349514007568,94.46154022216797,1.6486648321151733,97.4945068359375,1.7016000747680664,0.7554945054945055,0.007554945054945055,-0.6899607181549072,-0.7119522094726562,0.7326960563659668,1.6153327226638794,1.6865181922912598,-0.001465126872062683,-39.53183364868164,-0.6899606565201779,-40.79185485839844,-0.711952175274698,56.35165023803711,0.9835218355859939,92.55174255371094,1.6153326360204008,96.63037109375,1.6865181330098917,0.0,0.0,True,False,0.1465126872062683,0.0,0.0,0.0,0.0,0.0,0.0,0.0,14.371261596679688,14.371261596679688,0.0,0.0,0.0,0.0,0.0,0.0
3,153,5.955906349932775,5.96661210199818,False,-37.846153259277344,-0.660539984703064,-41.53845977783203,-0.7249828577041626,59.82417678833008,1.0441288948059082,94.54945373535156,1.650199294090271,97.23076629638672,1.696997046470642,0.7554945054945055,0.007554945054945055,-0.6750949621200562,-0.6815007925033569,0.7218573093414307,1.6099209785461426,1.6832774877548218,-0.001931406557559967,-38.680091857910156,-0.6750949578943829,-39.047115325927734,-0.6815007258433777,55.82417678833008,0.9743156871717535,92.24166870117188,1.6099208263692506,96.44468688964844,1.6832773322793744,0.0,0.0,True,False,0.1931406557559967,0.0,0.0,0.0,0.0,0.0,0.0,0.0,14.464801788330078,14.464801788330078,0.0,0.0,0.0,0.0,0.0,0.0
3,154,5.98927027604077,6.000163875985891,False,-38.989009857177734,-0.6804865598678589,-41.626373291015625,-0.7265172600746155,59.38461685180664,1.0364570617675781,93.84615325927734,1.637924313545227,97.14286041259766,1.695462703704834,0.7554945054945055,0.007554945054945055,-0.6869555115699768,-0.6085206866264343,0.6567059755325317,1.6152031421661377,1.6857917308807373,-0.0013001412153244019,-39.359649658203125,-0.6869554789671053,-37.626373291015625,-0.6567040995126772,55.38461685180664,0.9666439190195623,92.54431915283203,1.6152030732333684,96.5887451171875,1.6857916226645182,0.0,0.0,True,False,0.13001412153244019,0.0,0.0,0.0,0.0,2.7607078552246094,2.7607078552246094,0.0,17.758136749267578,17.758136749267578,0.0,0.0,0.0,0.0,0.0,0.0
3,155,6.0226279749767855,6.033323840936646,False,-39.16483688354492,-0.6835553646087646,-40.74725341796875,-0.7111737132072449,58.85714340209961,1.02725088596344,93.23076629638672,1.6271837949752808,97.4945068359375,1.7016000747680664,0.7554945054945055,0.007554945054945055,-0.6913309693336487,-0.5549410581588745,0.599988579750061,1.6103277206420898,1.684960961341858,-0.0008828341960906982,-39.61034393310547,-0.691330919480051,-36.74725341796875,-0.6413605632082947,54.85714340209961,0.9574377706053219,92.26497650146484,1.6103276242257603,96.54114532470703,1.684960849562468,0.0,0.0,True,False,0.08828341960906982,0.0,0.0,0.0,0.0,4.951475143432617,4.951475143432617,0.0,20.480331420898438,20.480331420898438,0.0,0.0,0.0,0.0,0.0,0.0
3,156,6.0566122740274295,6.067908474942669,False,-38.63736343383789,-0.6743491888046265,-39.516483306884766,-0.6896927356719971,58.41758346557617,1.0195791721343994,92.96703338623047,1.6225807666778564,96.96703338623047,1.6923940181732178,0.7554945054945055,0.007554945054945055,-0.6986101269721985,-0.49969953298568726,0.5407751798629761,1.6195815801620483,1.6792466640472412,-0.0001501813530921936,-40.027408599853516,-0.6986100711085373,-35.516483306884766,-0.6198795724347428,54.41758346557617,0.9497660024531306,92.79518127441406,1.6195814432235132,96.2137451171875,1.6792466379695394,0.0,0.0,True,False,0.01501813530921936,0.0,0.0,0.0,0.0,6.885810852050781,6.885810852050781,0.0,23.433448791503906,23.433448791503906,0.0,0.0,0.0,0.0,0.0,0.0
3,157,6.090088438941166,6.102297601988539,False,-38.901100158691406,-0.6789522767066956,-38.373626708984375,-0.6697461009025574,58.06593322753906,1.0134416818618774,92.87911987304688,1.6210464239120483,96.96703338623047,1.6923940181732178,0.7554945054945055,0.007554945054945055,-0.7125310301780701,-0.4589841365814209,0.5041796565055847,1.6283069849014282,1.669956088066101,-0.0011102333664894104,-40.82501983642578,-0.7125310133376267,-34.373626708984375,-0.5999329619232401,54.06593322753906,0.9436285479839612,93.29511260986328,1.6283068910609941,95.68142700195312,1.6699559341906889,0.0,0.0,True,False,0.11102333664894104,0.0,0.0,0.0,0.0,8.075775146484375,8.075775146484375,0.0,25.17856788635254,25.17856788635254,0.0,0.0,0.0,0.0,0.0,0.0
3,158,6.123401680029929,6.134246647008695,False,-39.868133544921875,-0.6958301663398743,-37.406593322753906,-0.6528682112693787,57.626373291015625,1.005769968032837,92.79120635986328,1.6195120811462402,96.87911987304688,1.6908595561981201,0.7554945054945055,0.007554945054945055,-0.7119917273521423,-0.41739532351493835,0.4693944752216339,1.6256070137023926,1.6615208387374878,-0.001624874770641327,-40.79411697387695,-0.7119916566378585,-33.406593322753906,-0.5830550453568084,53.626373291015625,0.93595677983177,93.14041900634766,1.625606978347872,95.19812774658203,1.6615207709120265,0.0,0.0,True,False,0.1624874770641327,0.0,0.0,0.0,0.0,9.49160385131836,9.49160385131836,0.0,26.732051849365234,26.732051849365234,0.0,0.0,0.0,0.0,0.0,0.0
3,159,6.157266585971229,6.167879909975454,False,-39.9560432434082,-0.6973645091056824,-36.35165023803711,-0.6344559788703918,57.18681335449219,0.9980981945991516,92.87911987304688,1.6210464239120483,96.87911987304688,1.6908595561981201,0.7554945054945055,0.007554945054945055,-0.711624264717102,-0.4212127923965454,0.4422144591808319,1.6263437271118164,1.6643766164779663,-0.0010638236999511719,-40.77306365966797,-0.7116242069864548,-32.35165023803711,-0.5646428151073548,53.18681335449219,0.9282850116795787,93.18262481689453,1.6263436087053877,95.36174774169922,1.6643764785489183,0.0,0.0,True,False,0.10638236999511719,0.0,0.0,0.0,0.0,8.217935562133789,8.217935562133789,0.0,27.84979248046875,27.84979248046875,0.0,0.0,0.0,0.0,0.0,0.0
3,160,6.190610407968052,6.2044384609907866,False,-39.78022003173828,-0.6942958235740662,-35.20878982543945,-0.6145092844963074,56.74725341796875,0.9904264211654663,92.79120635986328,1.6195120811462402,96.0879135131836,1.6770504713058472,0.7554945054945055,0.007554945054945055,-0.7212322354316711,-0.3498131334781647,0.4119250476360321,1.6190491914749146,1.6760920286178589,-0.0006924718618392944,-41.32356262207031,-0.7212322264091882,-31.208789825439453,-0.5446961380168248,52.74725341796875,0.9206132435273874,92.76467895507812,1.6190490773216062,96.03299713134766,1.676091990500286,0.0,0.0,True,False,0.06924718618392944,0.0,0.0,0.0,0.0,11.165975570678711,11.165975570678711,0.0,29.145687103271484,29.145687103271484,0.0,0.0,0.0,0.0,0.0,0.0
3,161,6.224302715039812,6.235336067038588,False,-40.21977996826172,-0.7019675970077515,-34.153846740722656,-0.5960970520973206,56.39560317993164,0.9842889308929443,92.70330047607422,1.6179778575897217,96.0,1.675516128540039,0.7554945054945055,0.007554945054945055,-0.7486370801925659,-0.29422813653945923,0.41016119718551636,1.6068936586380005,1.6578235626220703,0.00019825994968414307,-42.893741607666016,-0.7486370195534577,-30.153846740722656,-0.5262839077673712,52.39560317993164,0.914475789058218,92.06822204589844,1.6068936111581575,94.98628997802734,1.6578235043706695,0.019825994968414307,0.00019825994968414307,False,False,0.0,0.0,0.0,0.0,0.0,13.295816421508789,13.295816421508789,0.0,28.895099639892578,28.895099639892578,0.0,0.0,0.0,0.0,0.0,0.0
3,162,6.258051763987169,6.2702410579659045,False,-41.010990142822266,-0.715776801109314,-33.098899841308594,-0.577684760093689,55.9560432434082,0.976617157459259,92.70330047607422,1.6179778575897217,96.0,1.675516128540039,0.7554945054945055,0.007554945054945055,-0.7567025423049927,-0.25909730792045593,0.38267385959625244,1.593292236328125,1.6559967994689941,0.0004944205284118652,-43.355857849121094,-0.75670246949379,-29.098899841308594,-0.5078716109388904,51.9560432434082,0.9068040209060267,91.2889175415039,1.5932921816808505,94.88162231445312,1.6559967090209295,0.04944205284118652,0.0004944205284118652,False,False,0.0,0.0,0.0,0.0,0.0,14.253719329833984,14.253718376159668,0.0,30.03044891357422,30.030447006225586,0.0,0.0,0.0,0.0,0.0,0.0
3,163,6.291503926040605,6.3023765300167724,False,-41.4505500793457,-0.7234485745429993,-31.956043243408203,-0.557738184928894,55.516483306884766,0.9689454436302185,92.61538696289062,1.616443395614624,96.17582702636719,1.6785848140716553,0.7554945054945055,0.007554945054945055,-0.748831033706665,-0.23740553855895996,0.3603886067867279,1.5963326692581177,1.6690994501113892,-0.0007958710193634033,-42.90485382080078,-0.7488309642598427,-27.956043243408203,-0.4879250004273877,51.516483306884766,0.8991322527538356,91.46311950683594,1.5963325795393395,95.6323471069336,1.669099328426065,0.0,0.0,True,False,0.07958710193634033,0.0,0.0,0.0,0.0,14.353708267211914,14.353708267211914,0.0,30.86773681640625,30.867738723754883,0.0,0.0,0.0,0.0,0.0,0.0
3,164,6.324869951000437,6.336560460040346,False,-41.89011001586914,-0.7311203479766846,-30.813186645507812,-0.5377915501594543,55.07692337036133,0.9612736701965332,92.43955993652344,1.6133747100830078,95.47252655029297,1.6663099527359009,0.7554945054945055,0.007554945054945055,-0.7659907341003418,-0.20009003579616547,0.3231891095638275,1.60258150100708,1.6673235893249512,-0.0001997053623199463,-43.88803482055664,-0.7659907098486322,-26.813186645507812,-0.467978389915885,51.07692337036133,0.8914604846016443,91.82115173339844,1.6025814207211013,95.53060150146484,1.6673235326112001,0.0,0.0,True,False,0.01997053623199463,0.0,0.0,0.0,0.0,15.348873138427734,15.348873138427734,0.0,32.55955505371094,32.55955505371094,0.0,0.0,0.0,0.0,0.0,0.0
3,165,6.358604189939797,6.372196255950257,False,-42.41758346557617,-0.740326464176178,-29.758241653442383,-0.5193793177604675,54.72527313232422,0.9551361799240112,92.0,1.6057028770446777,95.47252655029297,1.6663099527359009,0.7554945054945055,0.007554945054945055,-0.7770397663116455,-0.18023627996444702,0.31340399384498596,1.6122688055038452,1.6539641618728638,-0.0006952211260795593,-44.521095275878906,-0.77703969915818,-25.758241653442383,-0.4495661263769178,50.72527313232422,0.8853230301324749,92.37619018554688,1.6122686691862644,94.7651596069336,1.6539640513189267,0.0,0.0,True,False,0.06952211260795593,0.0,0.0,0.0,0.0,15.431465148925781,15.431464195251465,0.0,32.76854705810547,32.76854705810547,0.0,0.0,0.0,0.0,0.0,0.0
3,166,6.392098292009905,6.40490470698569,False,-43.120880126953125,-0.7526013255119324,-28.615385055541992,-0.49943268299102783,54.19780349731445,0.9459301233291626,91.82417297363281,1.6026341915130615,95.47252655029297,1.6663099527359009,0.7554945054945055,0.007554945054945055,-0.7807284593582153,-0.1633356511592865,0.3235502541065216,1.602165699005127,1.649315595626831,-0.00027774274349212646,-44.732444763183594,-0.7807284435840488,-24.615385055541992,-0.429619515865415,50.19780349731445,0.8761169482972617,91.79732513427734,1.6021655681168854,94.49881744384766,1.6493155036361933,0.0,0.0,True,False,0.027774274349212646,0.0,0.0,0.0,0.0,15.256942749023438,15.256941795349121,0.0,31.659740447998047,31.659740447998047,0.0,0.0,0.0,0.0,0.0,0.0
3,167,6.425118095939979,6.437042371020652,False,-43.38461685180664,-0.7572044134140015,-27.47252655029297,-0.47948604822158813,53.846153259277344,0.9397926330566406,91.82417297363281,1.6026341915130615,95.73626708984375,1.6709131002426147,0.7554945054945055,0.007554945054945055,-0.7803863286972046,-0.14930105209350586,0.31844562292099,1.5928065776824951,1.6535457372665405,-0.0010640397667884827,-44.71284103393555,-0.780386293963001,-23.47252655029297,-0.4096728720643987,49.846153259277344,0.8699794938280924,91.26109313964844,1.5928065542560745,94.7411880493164,1.6535456687116752,0.0,0.0,True,False,0.10640397667884827,0.0,0.0,0.0,0.0,14.918207168579102,14.918207168579102,0.0,31.600563049316406,31.60056495666504,0.0,0.0,0.0,0.0,0.0,0.0
3,168,6.459047751035541,6.470726807950996,False,-43.736263275146484,-0.7633417844772339,-26.41758155822754,-0.46107378602027893,53.406593322753906,0.9321208596229553,91.9120864868164,1.6041685342788696,95.12088012695312,1.6601725816726685,0.7554945054945055,0.007554945054945055,-0.7922120094299316,-0.09599265456199646,0.28640544414520264,1.5946497917175293,1.6584612131118774,-0.0006799101829528809,-45.390403747558594,-0.7922119942044705,-22.41758155822754,-0.3912606085254315,49.406593322753906,0.8623077256759011,91.36669921875,1.5946497280465184,95.02281951904297,1.6584610651356344,0.0,0.0,True,False,0.06799101829528809,0.0,0.0,0.0,0.0,16.9176082611084,16.9176082611084,0.0,32.99677276611328,32.99677276611328,0.0,0.0,0.0,0.0,0.0,0.0
3,169,6.492044655024074,6.504444865044206,False,-44.087913513183594,-0.7694792747497559,-25.186813354492188,-0.43959280848503113,52.879119873046875,0.9229147434234619,91.64835357666016,1.5995655059814453,94.94505310058594,1.6571037769317627,0.7554945054945055,0.007554945054945055,-0.7985370755195618,-0.060386478900909424,0.2681976556777954,1.591257929801941,1.6511962413787842,-0.0005756020545959473,-45.75279998779297,-0.7985370017934087,-21.186813354492188,-0.3697796510413932,48.879119873046875,0.8531015772616607,91.17235565185547,1.591257792924139,94.6065673828125,1.6511960948399527,0.0,0.0,True,False,0.05756020545959473,0.0,0.0,0.0,0.0,17.7269229888916,17.7269229888916,0.0,33.51252746582031,33.51252746582031,0.0,0.0,0.0,0.0,0.0,0.0
3,170,6.525567541946657,6.561736808042042,False,-44.61538314819336,-0.7786853313446045,-24.131868362426758,-0.4211805462837219,52.43955993652344,0.9152429699897766,91.64835357666016,1.5995655059814453,94.94505310058594,1.6571037769317627,0.7554945054945055,0.007554945054945055,-0.8044567704200745,-0.018797993659973145,0.2891790568828583,1.5517022609710693,1.6494094133377075,-0.0008362829685211182,-46.091976165771484,-0.8044567428434641,-20.131868362426758,-0.351367387502426,48.43955993652344,0.8454298091094694,88.9059829711914,1.551702127569301,94.50419616699219,1.6494093800646186,0.0,0.0,True,False,0.08362829685211182,0.0,0.0,0.0,0.0,19.05482292175293,19.05482292175293,0.0,31.870819091796875,31.870820999145508,0.0,0.0,0.0,0.0,0.0,0.0
3,171,6.563561790040694,6.577774542965926,False,-45.05494689941406,-0.7863571643829346,-22.813186645507812,-0.398165225982666,51.912086486816406,0.9060367941856384,91.64835357666016,1.5995655059814453,94.94505310058594,1.6571037769317627,0.7554945054945055,0.007554945054945055,-0.8001944422721863,-0.025368928909301758,0.26152512431144714,1.5540571212768555,1.6425576210021973,-0.0010551884770393372,-45.84776306152344,-0.8001944200978195,-18.813186645507812,-0.3283520497563386,47.912086486816406,0.836223660695229,89.04090881347656,1.5540570277632035,94.11161041259766,1.6425574660540083,0.0,0.0,True,False,0.10551884770393372,0.0,0.0,0.0,0.0,17.35965347290039,17.35965347290039,0.0,32.92780303955078,32.92780303955078,0.0,0.0,0.0,0.0,0.0,0.0
3,172,6.597048269934021,6.610480251023546,False,-45.31867980957031,-0.7909601926803589,-21.846153259277344,-0.3812873065471649,51.64834976196289,0.9014337658882141,91.56044006347656,1.5980311632156372,94.94505310058594,1.6571037769317627,0.7554945054945055,0.007554945054945055,-0.8054235577583313,0.019713401794433594,0.24916797876358032,1.5444213151931763,1.652182698249817,-0.0006448328495025635,-46.147369384765625,-0.8054235368981901,-17.846153259277344,-0.3114741331899069,47.64834976196289,0.8316205864881088,88.48881530761719,1.544421178307079,94.66309356689453,1.6521826628657725,0.0,0.0,True,False,0.06448328495025635,0.0,0.0,0.0,0.0,18.97564697265625,18.97564697265625,0.0,33.37207794189453,33.37207794189453,0.0,0.0,0.0,0.0,0.0,0.0
3,173,6.630840418976732,6.643780492944643,False,-45.58241653442383,-0.7955632209777832,-20.791208267211914,-0.3628750443458557,51.120880126953125,0.8922276496887207,91.29669952392578,1.5934280157089233,94.94505310058594,1.6571037769317627,0.7554945054945055,0.007554945054945055,-0.8080551624298096,0.04798099398612976,0.21101202070713043,1.5550768375396729,1.6535578966140747,-0.00044349581003189087,-46.29814910888672,-0.8080551395293519,-16.791208267211914,-0.2930618696509397,47.120880126953125,0.8224145046528957,89.09933471679688,1.555076752144595,94.74188232421875,1.653557786094635,0.0,0.0,True,False,0.04434958100318909,0.0,0.0,0.0,0.0,19.54031753540039,19.54031753540039,0.0,35.030784606933594,35.030784606933594,0.0,0.0,0.0,0.0,0.0,0.0
3,174,6.664371466031298,6.676968129933812,False,-45.67033004760742,-0.7970976233482361,-19.560440063476562,-0.3413940668106079,50.68132019042969,0.8845558762550354,89.62637329101562,1.5642752647399902,94.94505310058594,1.6571037769317627,0.7554945054945055,0.007554945054945055,-0.811980128288269,0.06039917469024658,0.1861204206943512,1.5670632123947144,1.646934151649475,-0.0011186599731445312,-46.523033142089844,-0.8119801063439107,-15.560440063476562,-0.27158091216690144,46.68132019042969,0.8147427365007044,89.78610229492188,1.5670631075788235,94.36237335205078,1.6469341049894444,0.0,0.0,True,False,0.11186599731445312,0.0,0.0,0.0,0.0,19.02105712890625,19.02105712890625,0.0,36.01740646362305,36.01740646362305,0.0,0.0,0.0,0.0,0.0,0.0
3,175,6.6978863599943,6.711177321965806,False,-45.846153259277344,-0.8001663088798523,-18.329669952392578,-0.3199130892753601,50.06593322753906,0.8738153576850891,89.45054626464844,1.561206579208374,94.94505310058594,1.6571037769317627,0.7554945054945055,0.007554945054945055,-0.8059697151184082,0.051455944776535034,0.193923681974411,1.5671814680099487,1.647865891456604,-0.0011212602257728577,-46.17866134643555,-0.8059696846587381,-14.329669952392578,-0.2500999213933496,46.06593322753906,0.8040022078244148,89.79287719726562,1.567181351931223,94.41575622558594,1.6478658118968086,0.0,0.0,True,False,0.11212602257728577,0.0,0.0,0.0,0.0,17.277877807617188,17.277877807617188,0.0,34.954925537109375,34.954925537109375,0.0,0.0,0.0,0.0,0.0,0.0
3,176,6.731340519967489,6.7454782399581745,False,-46.021976470947266,-0.8032349944114685,-17.186813354492188,-0.2999664843082428,49.71428680419922,0.8676779866218567,89.53845977783203,1.5627409219741821,94.94505310058594,1.6571037769317627,0.7554945054945055,0.007554945054945055,-0.8123030066490173,0.04853999614715576,0.17839479446411133,1.5765568017959595,1.6421606540679932,-0.0013958737254142761,-46.54153060913086,-0.8123029480470556,-13.186813354492188,-0.23015331088184685,45.71428680419922,0.7978648199342727,90.33004760742188,1.576556744232738,94.0888671875,1.642160521893532,0.0,0.0,True,False,0.1395873725414276,0.0,0.0,0.0,0.0,15.967950820922852,15.967949867248535,0.0,35.493019104003906,35.493019104003906,0.0,0.0,0.0,0.0,0.0,0.0
3,177,6.765158353024162,6.779464563005604,False,-46.19780349731445,-0.8063037991523743,-16.043956756591797,-0.2800198793411255,49.27472686767578,0.8600062131881714,89.53845977783203,1.5627409219741821,94.94505310058594,1.6571037769317627,0.7554945054945055,0.007554945054945055,-0.8177411556243896,0.028025031089782715,0.18065181374549866,1.5770225524902344,1.6454880237579346,-0.0009979605674743652,-46.85311508178711,-0.8177411229929974,-12.043956756591797,-0.2102067003703441,45.27472686767578,0.7901930517820814,90.35673522949219,1.5770225311073929,94.27951049804688,1.6454878753594768,0.0,0.0,True,False,0.09979605674743652,0.0,0.0,0.0,0.0,13.649673461914062,13.649672508239746,0.0,34.92414093017578,34.92414093017578,0.0,0.0,0.0,0.0,0.0,0.0
3,178,6.798524669022299,6.811745718936436,False,-46.28571319580078,-0.8078380823135376,-14.813186645507812,-0.2585388720035553,48.74725341796875,0.8508000373840332,89.62637329101562,1.5642752647399902,94.94505310058594,1.6571037769317627,0.7554945054945055,0.007554945054945055,-0.8251625895500183,0.02162349224090576,0.19139739871025085,1.5794272422790527,1.654051423072815,-0.0006345734000205994,-47.2783317565918,-0.8251625540027212,-10.813186645507812,-0.18872570959679225,44.74725341796875,0.780986903367841,90.4945068359375,1.5794270992556254,94.77015686035156,1.6540512698446268,0.0,0.0,True,False,0.06345734000205994,0.0,0.0,0.0,0.0,12.052122116088867,12.05212116241455,0.0,33.78099060058594,33.78099060058594,0.0,0.0,0.0,0.0,0.0,0.0
3,179,6.8315816189860925,6.843996437964961,False,-46.28571319580078,-0.8078380823135376,-13.670330047607422,-0.238592267036438,48.30769348144531,0.8431283235549927,89.71428680419922,1.565809726715088,94.85713958740234,1.6555694341659546,0.7554945054945055,0.007554945054945055,-0.8260912299156189,0.055167943239212036,0.1497945636510849,1.5798689126968384,1.6438229084014893,-0.0007630586624145508,-47.331539154052734,-0.8260911982748318,-9.670330047607422,-0.1687790990852895,44.30769348144531,0.7733151352156498,90.51981353759766,1.579868784522415,94.18411254882812,1.6438228670459594,0.0,0.0,True,False,0.07630586624145508,0.0,0.0,0.0,0.0,12.831220626831055,12.831220626831055,0.0,35.72509765625,35.72509765625,0.0,0.0,0.0,0.0,0.0,0.0
3,180,6.865125464042649,7.03469151200261,False,-46.63736343383789,-0.8139755129814148,-12.439560890197754,-0.21711128950119019,47.868133544921875,0.8354565501213074,89.89010620117188,1.5688782930374146,94.85713958740234,1.6555694341659546,0.7554945054945055,0.007554945054945055,-0.8471129536628723,-0.3821125030517578,0.7552388906478882,1.5145950317382812,1.6614608764648438,-0.0041579753160476685,-48.53599548339844,-0.8471129269183996,-16.439559936523438,-0.286924448471284,43.868133544921875,0.7656433670634585,86.77989959716797,1.514594972520682,95.19469451904297,1.6614608497874996,0.0,0.0,True,False,0.41579753160476685,0.0,0.0,0.0,0.0,5.453871726989746,5.4538726806640625,0.0,0.5961341857910156,0.5961341857910156,0.0,0.0,0.0,0.0,0.0,0.0
3,181,7.0361443819710985,7.0488849190296605,False,-47.07692337036133,-0.8216472864151001,-9.978021621704102,-0.17414933443069458,46.901100158691406,0.8185786008834839,89.89010620117188,1.5688782930374146,94.5054931640625,1.6494320631027222,0.7554945054945055,0.007554945054945055,-0.8424772024154663,-0.3309502601623535,0.7345862984657288,1.4957084655761719,1.6744964122772217,-0.0029692798852920532,-48.2703857421875,-0.8424771624088986,-13.978021621704102,-0.24396250021369384,42.901100158691406,0.7487654504970268,85.89010620117188,1.4990651480980484,95.94157409667969,1.674496357533165,0.0,0.0,True,False,0.2969279885292053,0.0,0.0,0.0,0.0,4.984029769897461,4.984029769897461,0.0,0.812408447265625,0.812408447265625,0.0,0.19232940673828125,0.19232940673828125,0.0,0.0,0.0
3,182,7.070107084931806,7.084971635020338,False,-46.989009857177734,-0.820112943649292,-9.978021621704102,-0.17414933443069458,46.901100158691406,0.8185786008834839,89.89010620117188,1.5688782930374146,94.4175796508789,1.6478976011276245,0.7554945054945055,0.007554945054945055,-0.8437913656234741,-0.302833616733551,0.6988520622253418,1.5057154893875122,1.6685562133789062,-0.002285599708557129,-48.345680236816406,-0.8437912992487981,-13.978021621704102,-0.24396250021369384,42.901100158691406,0.7487654504970268,86.2711410522461,1.5057154608141397,95.60122680664062,1.6685561767217434,0.0,0.0,True,False,0.2285599708557129,0.0,0.0,0.0,0.0,3.373065948486328,3.373065948486328,0.0,2.8598289489746094,2.8598289489746094,0.0,0.0,0.0,0.0,0.0,0.0
3,183,7.103614276973531,7.117452990962192,False,-47.42856979370117,-0.8277847170829773,-10.065934181213379,-0.17568369209766388,46.373626708984375,0.8093724846839905,89.71428680419922,1.565809726715088,94.76923370361328,1.6540350914001465,0.7554945054945055,0.007554945054945055,-0.8609282970428467,-0.3150336742401123,0.6879339218139648,1.4924964904785156,1.6382765769958496,0.001728147268295288,-49.32755661010742,-0.8609282748102673,-14.065934181213379,-0.24549686383098618,42.373626708984375,0.7395593020827864,85.71428680419922,1.4959965207320045,93.86632537841797,1.6382764346017058,0.1728147268295288,0.001728147268295288,False,False,0.0,0.0,0.0,0.0,0.0,3.984164237976074,3.984164237976074,0.0,2.9579200744628906,2.9579200744628906,0.0,0.20053863525390625,0.20053863525390625,0.0,0.0,0.0
3,184,7.137234337045811,7.152168984990567,False,-48.0439567565918,-0.8385252356529236,-11.032966613769531,-0.19256159663200378,46.021976470947266,0.8032349944114685,87.6043930053711,1.5289851427078247,95.03296661376953,1.6586381196975708,0.7554945054945055,0.007554945054945055,-0.8447226881980896,-0.3124881088733673,0.6887474656105042,1.4809892177581787,1.6593749523162842,-0.0006265938282012939,-48.399044036865234,-0.8447226732610261,-15.032966613769531,-0.26237476375266106,42.021976470947266,0.7334218476136171,84.85442352294922,1.48098907535719,95.0751724243164,1.6593747957056406,0.0,0.0,True,False,0.0626593828201294,0.0,0.0,0.0,0.0,2.8712825775146484,2.8712825775146484,0.0,2.5596542358398438,2.5596542358398438,0.0,0.0,0.0,0.0,0.0,0.0
3,185,7.170947266975418,7.1851363820023835,False,-48.659339904785156,-0.8492656946182251,-11.560439109802246,-0.2017677277326584,45.406593322753906,0.792494535446167,86.81318664550781,1.5151759386062622,94.94505310058594,1.6571037769317627,0.7554945054945055,0.007554945054945055,-0.8483501076698303,-0.3018851578235626,0.6713458299636841,1.4801483154296875,1.6576792001724243,-0.002529248595237732,-48.606876373291016,-0.8483500318237686,-15.560439109802246,-0.27158089552214465,41.406593322753906,0.7226813855163547,84.80624389648438,1.4801481822429976,94.97801971435547,1.6576791610395871,0.0,0.0,True,False,0.2529248595237732,0.0,0.0,0.0,0.0,1.7363061904907227,1.7363061904907227,0.0,2.9413108825683594,2.9413108825683594,0.0,0.0,0.0,0.0,0.0,0.0
3,186,7.204499172978103,7.21793283696752,False,-48.74725341796875,-0.8508000373840332,-12.0,-0.20943951606750488,44.96703338623047,0.7848227620124817,86.37362670898438,1.5075041055679321,94.85713958740234,1.6555694341659546,0.7554945054945055,0.007554945054945055,-0.8414835929870605,-0.28868940472602844,0.6513752937316895,1.474286437034607,1.6521580219268799,-0.0022784993052482605,-48.21345520019531,-0.84148353700619,-16.0,-0.2792526803190927,40.96703338623047,0.7150096173641635,84.47038269042969,1.4742862983676241,94.66167449951172,1.6521578954676348,0.0,0.0,True,False,0.22784993052482605,0.0,0.0,0.0,0.0,0.5406837463378906,0.5406837463378906,0.0,3.6459808349609375,3.6459808349609375,0.0,0.0,0.0,0.0,0.0,0.0
3,187,7.2376118110259995,7.25026792101562,False,-48.483516693115234,-0.8461970090866089,-12.527472496032715,-0.21864564716815948,44.52747344970703,0.7771509885787964,85.84615325927734,1.4982980489730835,94.5934066772461,1.6509664058685303,0.7554945054945055,0.007554945054945055,-0.8488953709602356,-0.2599104344844818,0.617161750793457,1.4582504034042358,1.647709846496582,-0.004669845104217529,-48.638118743896484,-0.8488953140569623,-14.891770362854004,-0.25991042428271305,40.52747344970703,0.7073378492119722,83.55158996582031,1.458250340179821,94.40681457519531,1.64770975065693,0.0,0.0,True,False,0.46698451042175293,0.0,0.0,0.0,0.0,0.0,0.0,0.0,5.166709899902344,5.166709899902344,0.0,0.0,0.0,0.0,0.0,0.0
3,188,7.270953902043402,7.284687874023803,False,-48.131866455078125,-0.8400595188140869,-13.05494499206543,-0.2278517782688141,44.0,0.767944872379303,85.23076629638672,1.4875575304031372,94.5934066772461,1.6509664058685303,0.7554945054945055,0.007554945054945055,-0.843695342540741,-0.26257431507110596,0.6094139814376831,1.4694223403930664,1.6498818397521973,-0.0013514980673789978,-48.340179443359375,-0.8436952922915009,-15.04439926147461,-0.26257430109733526,40.0,0.6981317007977318,84.19169616699219,1.4694223009527034,94.53125762939453,1.649881691683944,0.0,0.0,True,False,0.13514980673789978,0.0,0.0,0.0,0.0,0.0,0.0,0.0,5.083152770996094,5.083152770996094,0.0,0.0,0.0,0.0,0.0,0.0
3,189,7.304448559996672,7.318510895012878,False,-48.21977996826172,-0.8415939211845398,-13.230769157409668,-0.2309204787015915,43.56044006347656,0.7602730989456177,84.87911987304688,1.4814200401306152,94.5934066772461,1.6509664058685303,0.7554945054945055,0.007554945054945055,-0.8468762040138245,-0.2713724672794342,0.6005772948265076,1.4817560911178589,1.6586295366287231,0.00020188838243484497,-48.522430419921875,-0.8468761718974914,-15.54849624633789,-0.27137245323257553,39.56044006347656,0.6904599326455405,84.89836883544922,1.4817560657511328,95.032470703125,1.658629510074582,0.020188838243484497,0.00020188838243484497,False,False,0.0,0.0,0.0,0.0,0.0,0.0,0.0,0.0,5.149898529052734,5.149898529052734,0.0,0.0,0.0,0.0,0.0,0.0
3,190,7.338151647010818,7.351690839976072,False,-48.57143020629883,-0.847731351852417,-13.230769157409668,-0.2309204787015915,43.120880126953125,0.7526013255119324,84.52747344970703,1.4752826690673828,94.5934066772461,1.6509664058685303,0.7554945054945055,0.007554945054945055,-0.8510420322418213,-0.2537710964679718,0.5731046199798584,1.4789353609085083,1.6474525928497314,-0.0012733563780784607,-48.761112213134766,-0.8510419550536207,-14.54001235961914,-0.2537710889560238,39.120880126953125,0.6827881644933493,84.73674774169922,1.4789352455245208,94.39207458496094,1.6474524892956284,0.0,0.0,True,False,0.12733563780784607,0.0,0.0,0.0,0.0,0.0,0.0,0.0,6.284404754638672,6.284404754638672,0.0,0.0,0.0,0.0,0.0,0.0
3,191,7.371252372977324,7.384158503962681,False,-48.659339904785156,-0.8492656946182251,-13.230769157409668,-0.2309204787015915,42.593406677246094,0.743395209312439,84.61538696289062,1.4768171310424805,94.68132019042969,1.6525007486343384,0.7554945054945055,0.007554945054945055,-0.838951051235199,-0.24324007332324982,0.5213520526885986,1.4989084005355835,1.6573245525360107,0.0001408904790878296,-48.06835174560547,-0.8389510039675792,-13.936629295349121,-0.24324006783373942,38.593406677246094,0.6735820160791088,85.88111877441406,1.4989082879098428,94.95769500732422,1.6573244279823887,0.014089047908782959,0.0001408904790878296,False,False,0.0,0.0,0.0,0.0,0.0,0.0,0.0,0.0,8.722135543823242,8.722135543823242,0.0,0.0,0.0,0.0,0.0,0.0
3,192,7.40499956801068,7.41572917602025,False,-48.57143020629883,-0.847731351852417,-13.230769157409668,-0.2309204787015915,42.241756439208984,0.737257719039917,84.70330047607422,1.4783514738082886,94.5934066772461,1.6509664058685303,0.7554945054945055,0.007554945054945055,-0.8511322736740112,-0.20081846415996552,0.515140175819397,1.493196725845337,1.650282859802246,-0.0014424324035644531,-48.76628494262695,-0.8511322362145743,-11.506050109863281,-0.20081845831656955,38.241756439208984,0.6674445616099395,85.55386352539062,1.4931966063199498,94.55423736572266,1.65028276374411,0.0,0.0,True,False,0.1442432403564453,0.0,0.0,0.0,0.0,0.0,0.0,0.0,8.726400375366211,8.726400375366211,0.0,0.0,0.0,0.0,0.0,0.0
3,193,7.438715489930473,7.451019364991225,False,-48.483516693115234,-0.8461970090866089,-13.230769157409668,-0.2309204787015915,41.71428680419922,0.7280516624450684,84.79120635986328,1.4798856973648071,94.5934066772461,1.6509664058685303,0.7554945054945055,0.007554945054945055,-0.8460530638694763,-0.18687409162521362,0.5018901228904724,1.4908944368362427,1.6434115171432495,-0.0005227625370025635,-48.47526550292969,-0.8460529888045479,-10.707096099853516,-0.1868740802698874,37.71428680419922,0.6582384797747264,85.42195129394531,1.4908943035575761,94.16053771972656,1.6434114086575422,0.0,0.0,True,False,0.05227625370025635,0.0,0.0,0.0,0.0,0.0,0.0,0.0,8.95810317993164,8.95810317993164,0.0,0.0,0.0,0.0,0.0,0.0
3,194,7.47242811799515,7.483675139956176,False,-48.30769348144531,-0.8431283235549927,-12.967033386230469,-0.2263174206018448,41.27472686767578,0.7203798890113831,85.05494689941406,1.484488844871521,94.5934066772461,1.6509664058685303,0.7554945054945055,0.007554945054945055,-0.8504642248153687,-0.18665815889835358,0.5108969807624817,1.485596776008606,1.6428816318511963,0.0002416074275970459,-48.72800827026367,-0.850464182255128,-10.694724082946777,-0.1866581478397524,37.27472686767578,0.6505667116225351,85.11842346191406,1.4855967435171906,94.13018035888672,1.642881572758671,0.02416074275970459,0.0002416074275970459,False,False,0.0,0.0,0.0,0.0,0.0,0.0,0.0,0.0,8.002487182617188,8.002487182617188,0.0,0.0,0.0,0.0,0.0,0.0
3,195,7.508693673997186,7.522573675960302,False,-48.30769348144531,-0.8431283235549927,-12.087912559509277,-0.21097387373447418,40.74725341796875,0.7111737132072449,85.23076629638672,1.4875575304031372,94.5934066772461,1.6509664058685303,0.7554945054945055,0.007554945054945055,-0.8494482040405273,-0.16442720592021942,0.5075432658195496,1.484441876411438,1.649301290512085,0.0007696077227592468,-48.669795989990234,-0.8494481862992628,-9.420984268188477,-0.1644271942584774,36.74725341796875,0.6413605632082947,85.05224609375,1.4844417305524233,94.49800109863281,1.6493012557243614,0.07696077227592468,0.0007696077227592468,False,False,0.0,0.0,0.0,0.0,0.0,0.0,0.0,0.0,7.667167663574219,7.667167663574219,0.0,0.0,0.0,0.0,0.0,0.0
3,196,7.539256168995053,7.552142950007692,False,-48.659339904785156,-0.8492656946182251,-11.20879077911377,-0.1956302970647812,40.30769348144531,0.7035019397735596,85.05494689941406,1.484488844871521,94.5934066772461,1.6509664058685303,0.7554945054945055,0.007554945054945055,-0.8522061109542847,-0.14759868383407593,0.47324058413505554,1.483726143836975,1.6525274515151978,0.00316823273897171,-48.82781219482422,-0.8522060893451215,-8.456781387329102,-0.14759867933026669,36.30769348144531,0.6336887950561034,85.01123809814453,1.4837260060094644,94.68284606933594,1.6525274090688833,0.316823273897171,0.00316823273897171,False,False,0.0,0.0,0.0,0.0,0.0,0.0,0.0,0.0,9.19300651550293,9.19300651550293,0.0,0.0,0.0,0.0,0.0,0.0
3,197,7.573393948958255,7.585437395027839,False,-48.74725341796875,-0.8508000373840332,-10.593406677246094,-0.18488982319831848,40.0439567565918,0.6988989114761353,85.14286041259766,1.486023187637329,94.5934066772461,1.6509664058685303,0.7554945054945055,0.007554945054945055,-0.8416129946708679,-0.11129085719585419,0.4616245627403259,1.4844439029693604,1.6427738666534424,0.0015987008810043335,-48.22087097167969,-0.8416129666351678,-6.593406677246094,-0.11507665544092342,36.0439567565918,0.6290857208489832,85.0523681640625,1.4844438610812953,94.1240005493164,1.6427737147345227,0.15987008810043335,0.0015987008810043335,False,False,0.0,0.0,0.0,0.0,0.0,0.21691083908081055,0.21691083908081055,0.0,9.594818115234375,9.594818115234375,0.0,0.0,0.0,0.0,0.0,0.0
3,198,7.60687015298754,7.619855177006684,False,-48.74725341796875,-0.8508000373840332,-9.714285850524902,-0.16954627633094788,39.516483306884766,0.6896927356719971,85.4065933227539,1.4906262159347534,94.5934066772461,1.6509664058685303,0.7554945054945055,0.007554945054945055,-0.8531820774078369,-0.10049034655094147,0.46324610710144043,1.4666872024536133,1.6462289094924927,0.00022246688604354858,-48.88372802734375,-0.8531820047265811,-5.757672309875488,-0.1004903390582345,35.516483306884766,0.6198795724347428,84.03498077392578,1.4666871013551375,94.32196044921875,1.646228766774737,0.02224668860435486,0.00022246688604354858,False,False,0.0,0.0,0.0,0.0,0.0,0.0,0.0,0.0,8.974437713623047,8.974437713623047,0.0,0.0,0.0,0.0,0.0,0.0
3,199,7.640199308982119,7.651898953015916,False,-48.74725341796875,-0.8508000373840332,-8.571428298950195,-0.14959964156150818,38.989009857177734,0.6804865598678589,85.05494689941406,1.484488844871521,94.5934066772461,1.6509664058685303,0.7554945054945055,0.007554945054945055,-0.8532030582427979,-0.03449240326881409,0.4323444664478302,1.4518346786499023,1.6445519924163818,0.0006905198097229004,-48.88493347167969,-0.8532030436991928,-4.571428298950195,-0.07978647533552455,34.989009857177734,0.6106734240205024,83.18399810791016,1.4518346519557657,94.22588348388672,1.6445519073943686,0.06905198097229004,0.0006905198097229004,False,False,0.0,0.0,0.0,0.0,0.0,2.5951595306396484,2.5951592922210693,0.0,10.217498779296875,10.217498779296875,0.0,0.0,0.0,0.0,0.0,0.0
3,200,7.673615281935781,7.685340767959133,False,-48.659339904785156,-0.8492656946182251,-7.252747058868408,-0.12658432126045227,38.63736343383789,0.6743491888046265,85.05494689941406,1.484488844871521,94.5934066772461,1.6509664058685303,0.7554945054945055,0.007554945054945055,-0.8480808734893799,-0.010246604681015015,0.4309532344341278,1.4334664344787598,1.639219880104065,0.0003143921494483948,-48.591453552246094,-0.8480808528165888,-3.252747058868408,-0.05677114591181554,34.63736343383789,0.6045360361303602,82.1315689086914,1.433466297285271,93.92037200927734,1.6392197262598118,0.03143921494483948,0.0003143921494483948,False,False,0.0,0.0,0.0,0.0,0.0,2.6656599044799805,2.6656599044799805,0.0,9.945562362670898,9.945562362670898,0.0,0.0,0.0,0.0,0.0,0.0
3,201,7.707197529962286,7.718964235973544,False,-48.57143020629883,-0.847731351852417,-5.934065818786621,-0.10356898605823517,38.19780349731445,0.6666774153709412,84.70330047607422,1.4783514738082886,94.5934066772461,1.6509664058685303,0.7554945054945055,0.007554945054945055,-0.8441914916038513,-0.026483595371246338,0.4044472277164459,1.446286916732788,1.6187593936920166,-0.0004573911428451538,-48.36860656738281,-0.8441914392025825,-1.934065818786621,-0.03375581648810654,34.19780349731445,0.596864267978169,82.86613464355469,1.446286887930967,92.74807739257812,1.6187593253950057,0.0,0.0,True,False,0.04573911428451538,0.0,0.0,0.0,0.0,0.4166679382324219,0.4166676998138428,0.0,11.02468490600586,11.02468490600586,0.0,0.0,0.0,0.0,0.0,0.0
3,202,7.740741397952661,7.752553786034696,False,-48.483516693115234,-0.8461970090866089,-4.527472496032715,-0.07901930063962936,37.758243560791016,0.6590056419372559,83.64835357666016,1.4599391222000122,94.4175796508789,1.6478976011276245,0.7554945054945055,0.007554945054945055,-0.8630613088607788,-0.0037153661251068115,0.38956910371780396,1.4568123817443848,1.6125907897949219,0.00046791136264801025,-49.44976806640625,-0.863061267106339,-0.5274724960327148,-0.009206131769483601,33.758243560791016,0.5891924998259778,83.46920013427734,1.4568123663492327,92.39463806152344,1.612590645362055,0.046791136264801025,0.00046791136264801025,False,False,0.0,0.0,0.0,0.0,0.0,0.31459760665893555,0.3145977258682251,0.0,11.437580108642578,11.437580108642578,0.0,0.0,0.0,0.0,0.0,0.0
3,203,7.774194216937758,7.7876448889728636,False,-48.483516693115234,-0.8461970090866089,-3.2087912559509277,-0.05600397288799286,37.230770111083984,0.6497995257377625,82.85713958740234,1.4461299180984497,94.32967376708984,1.646363377571106,0.7554945054945055,0.007554945054945055,-0.8574472665786743,0.0018169283866882324,0.3972800374031067,1.4457180500030518,1.6132802963256836,0.0010266900062561035,-49.12810516357422,-0.8574471903703975,0.10410232096910477,0.0018169282598788123,33.230770111083984,0.5799863514117374,82.83354187011719,1.445718036722126,92.43415069580078,1.6132802709263312,0.10266900062561035,0.0010266900062561035,False,False,0.0,0.0,0.0,0.0,0.0,0.0,0.0,0.0,10.468301773071289,10.468301773071289,0.0,0.0,0.0,0.0,0.0,0.0
3,204,7.80958288803231,7.8204366359859705,False,-48.57143020629883,-0.847731351852417,-1.890109896659851,-0.032988641411066055,36.79121017456055,0.6421277523040771,83.20879364013672,1.4522674083709717,93.80220031738281,1.6371572017669678,0.7554945054945055,0.007554945054945055,-0.8684979677200317,-0.00972127914428711,0.3782787024974823,1.461928367614746,1.6259287595748901,-0.0006130188703536987,-49.76126480102539,-0.8684979107346541,-0.5569882392883301,-0.009721278670467398,32.79121017456055,0.5723145832595461,83.76232147216797,1.461928298803275,93.15885162353516,1.6259286882075534,0.0,0.0,True,False,0.06130188703536987,0.0,0.0,0.0,0.0,0.0,0.0,0.0,11.117437362670898,11.117437362670898,0.0,0.0,0.0,0.0,0.0,0.0
3,205,7.841076393960975,7.8525849719299,False,-48.83516311645508,-0.8523343801498413,-0.6593406796455383,-0.011507665738463402,36.35165023803711,0.6344559788703918,83.47252655029297,1.456870436668396,93.27472686767578,1.6279510259628296,0.7554945054945055,0.007554945054945055,-0.8734450936317444,0.0004513263702392578,0.3894749879837036,1.46394681930542,1.6422325372695923,5.999952554702759e-05,-50.044715881347656,-0.8734450653546125,0.02585909515619278,0.00045132635206208136,32.35165023803711,0.5646428151073548,83.87796783447266,1.463946708593446,94.09298706054688,1.642232427242964,0.005999952554702759,5.999952554702759e-05,False,False,0.0,0.0,0.0,0.0,0.0,0.0,0.0,0.0,10.036378860473633,10.036378860473633,0.0,0.0,0.0,0.0,0.0,0.0
3,206,7.87456042598933,7.88613803894259,False,-49.098899841308594,-0.8569374680519104,-0.3076923191547394,-0.005370243918150663,35.912086486816406,0.6267841458320618,82.94505310058594,1.4476642608642578,93.36264038085938,1.6294854879379272,0.7554945054945055,0.007554945054945055,-0.8687518239021301,-0.011487990617752075,0.3940868377685547,1.4639090299606323,1.6282942295074463,0.0013679563999176025,-49.77581024169922,-0.8687517765655659,-0.6582133173942566,-0.01148798956900424,31.912086486816406,0.5569709803761363,83.87580108642578,1.4639088917059668,93.29438018798828,1.6282941078877617,0.13679563999176025,0.0013679563999176025,False,False,0.0,0.0,0.0,0.0,0.0,0.0,0.0,0.0,9.332574844360352,9.332574844360352,0.0,0.0,0.0,0.0,0.0,0.0
3,207,7.90809924993664,7.919199642026797,False,-49.36263656616211,-0.8615405559539795,-0.21978022158145905,-0.0038358885794878006,35.47252655029297,0.6191123723983765,83.38461303710938,1.4553359746932983,93.27472686767578,1.6279510259628296,0.7554945054945055,0.007554945054945055,-0.8648285865783691,-0.009226828813552856,0.391132116317749,1.4634044170379639,1.6333320140838623,0.0024371296167373657,-49.551025390625,-0.8648285408057156,-0.5286583304405212,-0.00922682848428326,31.47252655029297,0.5492992122239451,83.84689331054688,1.4634043558374512,93.58302307128906,1.6333318765638103,0.24371296167373657,0.0024371296167373657,False,False,0.0,0.0,0.0,0.0,0.0,0.0,0.0,0.0,9.062307357788086,9.062307357788086,0.0,0.0,0.0,0.0,0.0,0.0
3,208,7.941411011037417,7.953380401013419,False,-49.626373291015625,-0.8661435842514038,-0.21978022158145905,-0.0038358885794878006,34.94505310058594,0.6099062561988831,83.38461303710938,1.4553359746932983,93.27472686767578,1.6279510259628296,0.7554945054945055,0.007554945054945055,-0.8726533651351929,0.024484783411026,0.3567301332950592,1.463385820388794,1.6229764223098755,0.0015322864055633545,-49.999351501464844,-0.8726533075625319,1.4028747081756592,0.024484782650619867,30.945053100585938,0.5400930638097047,83.8458251953125,1.4633857137098207,92.98969268798828,1.6229763078230917,0.15322864055633545,0.0015322864055633545,False,False,0.0,0.0,0.0,0.0,0.0,0.0,0.0,0.0,10.505922317504883,10.505922317504883,0.0,0.0,0.0,0.0,0.0,0.0
3,209,7.975043638958596,7.986166076967493,False,-49.89011001586914,-0.8707466721534729,-0.21978022158145905,-0.0038358885794878006,34.41758346557617,0.6007001399993896,83.38461303710938,1.4553359746932983,93.45054626464844,1.6310197114944458,0.7554945054945055,0.007554945054945055,-0.8739177584648132,0.044691771268844604,0.35240280628204346,1.4663512706756592,1.627312421798706,0.0008376091718673706,-50.07179641723633,-0.8739177098690744,2.5606496334075928,0.04469176709294828,30.417583465576172,0.5308869819744915,84.01573181152344,1.466351143583624,93.23812866210938,1.6273123335519042,0.08376091718673706,0.0008376091718673706,False,False,0.0,0.0,0.0,0.0,0.0,0.0,0.0,0.0,10.226390838623047,10.226390838623047,0.0,0.0,0.0,0.0,0.0,0.0
3,210,8.010392911033705,8.181190875940956,False,-49.80219650268555,-0.86921226978302,0.04395604506134987,0.0007671777275390923,33.978023529052734,0.5930283665657043,83.38461303710938,1.4553359746932983,93.45054626464844,1.6310197114944458,0.7554945054945055,0.007554945054945055,-0.8870368599891663,-0.10929583013057709,0.5475921630859375,1.4313138723373413,1.6440588235855103,0.0011845380067825317,-50.82346725463867,-0.8870368408729682,-3.9560439586639404,-0.06904599243231621,31.374717712402344,0.5475921259652042,82.00823974609375,1.4313137973342145,94.19762420654297,1.6440586899604859,0.11845380067825317,0.0011845380067825317,False,False,0.0,0.0,0.0,0.0,0.0,2.306145668029785,2.306145429611206,0.0,0.0,0.0,0.0,0.0,0.0,0.0,0.0,0.0
3,211,8.182562728994526,8.194055606960319,False,-49.80219650268555,-0.86921226978302,2.681318759918213,0.04679784178733826,32.92307662963867,0.5746160745620728,83.47252655029297,1.456870436668396,93.36264038085938,1.6294854879379272,0.7554945054945055,0.007554945054945055,-0.8741076588630676,-0.0931749939918518,0.5158224105834961,1.4171932935714722,1.6300771236419678,0.0018419250845909119,-50.08267593383789,-0.8741075932547969,-1.318681240081787,-0.023015329423709003,29.554445266723633,0.5158223785047811,81.19918823242188,1.4171931846023964,93.39653778076172,1.63007709423757,0.1841925084590912,0.0018419250845909119,False,False,0.0,0.0,0.0,0.0,0.0,4.0198516845703125,4.019852161407471,0.0,0.0,0.0,0.0,0.0,0.0,0.0,0.0,0.0
3,212,8.216174833010882,8.226973630022258,False,-49.89011001586914,-0.8707466721534729,2.769230842590332,0.04833219572901726,32.92307662963867,0.5746160745620728,83.47252655029297,1.456870436668396,93.36264038085938,1.6294854879379272,0.7554945054945055,0.007554945054945055,-0.8649594783782959,-0.08795720338821411,0.5003139972686768,1.4146684408187866,1.642600178718567,-0.00027602165937423706,-49.55852508544922,-0.864959435173293,-1.230769157409668,-0.02148097412879507,28.923076629638672,0.5048029169938194,81.05452728271484,1.4146683747309468,94.11405181884766,1.6426000766314495,0.0,0.0,True,False,0.027602165937423706,0.0,0.0,0.0,0.0,3.808806896209717,3.808806896209717,0.0,0.2571983337402344,0.2571983337402344,0.0,0.0,0.0,0.0,0.0,0.0
3,213,8.249551440938376,8.260484647937119,False,-49.89011001586914,-0.8707466721534729,2.5934066772460938,0.04526348412036896,32.83516311645508,0.5730817317962646,83.20879364013672,1.4522674083709717,93.36264038085938,1.6294854879379272,0.7554945054945055,0.007554945054945055,-0.8712320327758789,-0.0875447690486908,0.5014351010322571,1.4273773431777954,1.638701319694519,0.0016987398266792297,-49.91791534423828,-0.8712319784887567,-1.4065933227539062,-0.024549684718622938,28.835163116455078,0.5032685367317702,81.7826919555664,1.4273772457689138,93.89066314697266,1.6387012087955735,0.16987398266792297,0.0016987398266792297,False,False,0.0,0.0,0.0,0.0,0.0,3.6093521118164062,3.6093521118164062,0.0,0.10504913330078125,0.10504913330078125,0.0,0.0,0.0,0.0,0.0,0.0
3,214,8.283072181977332,8.294088331982493,False,-49.89011001586914,-0.8707466721534729,1.890109896659851,0.032988641411066055,32.30769348144531,0.5638756155967712,82.5934066772461,1.4415268898010254,93.36264038085938,1.6294854879379272,0.7554945054945055,0.007554945054945055,-0.8751217722892761,-0.09512196481227875,0.49788397550582886,1.4268724918365479,1.6559206247329712,0.004885770380496979,-50.14078140258789,-0.8751217249978991,-2.1098899841308594,-0.036824527077934405,28.526649475097656,0.49788395790276624,81.75376892089844,1.4268724435842894,94.87725830078125,1.6559205426137533,0.4885770380496979,0.004885770380496979,False,False,0.0,0.0,0.0,0.0,0.0,3.3401966094970703,3.3401966094970703,0.0,0.0,0.0,0.0,0.0,0.0,0.0,0.0,0.0
3,215,8.316342242993414,8.328984905965626,False,-49.71428680419922,-0.8676779866218567,1.4505494832992554,0.025316864252090454,31.78022003173828,0.5546694993972778,81.71428680419922,1.4261833429336548,93.36264038085938,1.6294854879379272,0.7554945054945055,0.007554945054945055,-0.8763779401779175,-0.05643877387046814,0.4905339181423187,1.3919007778167725,1.646435022354126,0.0016808733344078064,-50.21275329589844,-0.8763778715050623,-2.549450397491455,-0.04449630355250407,28.10552215576172,0.49053389961025656,79.75003814697266,1.3919007442557503,94.33377075195312,1.6464348954431092,0.16808733344078064,0.0016808733344078064,False,False,0.0,0.0,0.0,0.0,0.0,0.6842527389526367,0.6842529773712158,0.0,0.0,0.0,0.0,0.0,0.0,0.0,0.0,0.0
3,216,8.350261688930914,8.36263396893628,False,-49.71428680419922,-0.8676779866218567,1.0109890699386597,0.017645087093114853,31.340660095214844,0.5469977259635925,81.89010620117188,1.4292519092559814,93.62637329101562,1.6340885162353516,0.7554945054945055,0.007554945054945055,-0.8730098009109497,-0.07462096214294434,0.4819048345088959,1.3995271921157837,1.6530970335006714,0.0025508031249046326,-50.019775390625,-0.873009771674439,-2.989010810852051,-0.052168080027073745,27.61111068725586,0.48190479162520905,80.18699645996094,1.3995271055113558,94.7154769897461,1.6530969260679969,0.25508031249046326,0.0025508031249046326,False,False,0.0,0.0,0.0,0.0,0.0,1.2864551544189453,1.2864551544189453,0.0,0.0,0.0,0.0,0.0,0.0,0.0,0.0,0.0
3,217,8.38365964696277,8.396751455031335,False,-49.80219650268555,-0.86921226978302,0.7472527623176575,0.013042020611464977,31.076923370361328,0.5423946380615234,81.89010620117188,1.4292519092559814,93.80220031738281,1.6371572017669678,0.7554945054945055,0.007554945054945055,-0.8699175715446472,-0.08198362588882446,0.47688308358192444,1.419423222541809,1.6491295099258423,0.0011897683143615723,-49.84260177612305,-0.8699175087537208,-3.2527472972869873,-0.05677115007300475,27.323387145996094,0.4768830684947284,81.32695770263672,1.4194231825411743,94.4881591796875,1.6491294818340512,0.11897683143615723,0.0011897683143615723,False,False,0.0,0.0,0.0,0.0,0.0,1.4445686340332031,1.444568395614624,0.0,0.0,0.0,0.0,0.0,0.0,0.0,0.0,0.0
3,218,8.417133250972256,8.431596491951495,False,-49.89011001586914,-0.8707466721534729,0.3076923191547394,0.005370243918150663,30.813186645507812,0.5377915501594543,80.92308044433594,1.4123741388320923,93.89010620117188,1.6386914253234863,0.7554945054945055,0.007554945054945055,-0.8772011995315552,-0.07856503129005432,0.45402976870536804,1.4323930740356445,1.6503417491912842,0.0025845617055892944,-50.25992202758789,-0.877201121177033,-3.692307710647583,-0.06444292654757441,26.813186645507812,0.467978389915885,82.07007598876953,1.432393043365969,94.55760955810547,1.650341619604201,0.25845617055892944,0.0025845617055892944,False,False,0.0,0.0,0.0,0.0,0.0,0.8091368675231934,0.8091366291046143,0.0,0.7991981506347656,0.7991981506347656,0.0,0.0,0.0,0.0,0.0,0.0
3,219,8.450692960992455,8.462976285023615,False,-49.978023529052734,-0.8722810745239258,-0.04395604506134987,-0.0007671777275390923,30.373626708984375,0.530119776725769,80.3956069946289,1.4031680822372437,93.89010620117188,1.6386914253234863,0.7554945054945055,0.007554945054945055,-0.8818785548210144,-0.06389907002449036,0.4613899886608124,1.4288413524627686,1.6520311832427979,0.002809859812259674,-50.527915954589844,-0.8818784975785664,-3.661146879196167,-0.0638990674410882,26.435697555541992,0.4613899624056243,81.8665771484375,1.428841318578185,94.65441131591797,1.6520311289997471,0.2809859812259674,0.002809859812259674,False,False,0.0,0.0,0.0,0.0,0.0,0.0,0.0,0.0,0.0,0.0,0.0,0.0,0.0,0.0,0.0,0.0
3,220,8.483953771996312,8.497299005044624,False,-49.978023529052734,-0.8722810745239258,-0.3956044018268585,-0.006904599256813526,29.934066772460938,0.5224480032920837,81.27472686767578,1.4185116291046143,94.06593322753906,1.641760230064392,0.7554945054945055,0.007554945054945055,-0.8858702182769775,-0.09616167843341827,0.4707370400428772,1.4332771301269531,1.6526217460632324,0.0058999210596084595,-50.756622314453125,-0.8858701765784317,-4.395604610443115,-0.07671777306807509,26.97124481201172,0.47073702533104356,82.1207275390625,1.4332770796898209,94.68824768066406,1.652621684971472,0.589992105960846,0.0058999210596084595,False,False,0.0,0.0,0.0,0.0,0.0,1.1140532493591309,1.1140532493591309,0.0,0.0,0.0,0.0,0.0,0.0,0.0,0.0,0.0
3,221,8.517519896966405,8.53017365699634,False,-50.06593322753906,-0.8738153576850891,-0.7472527623176575,-0.013042020611464977,29.58241844177246,0.5163105726242065,81.80220031738281,1.427717685699463,94.06593322753906,1.641760230064392,0.7554945054945055,0.007554945054945055,-0.8866821527481079,-0.07337820529937744,0.4778837263584137,1.4240764379501343,1.6315637826919556,0.003009192645549774,-50.80314254760742,-0.8866821078157696,-4.204261302947998,-0.07337820235062935,27.380718231201172,0.47788368469529846,81.59356689453125,1.4240763907558152,93.4817123413086,1.631563670758052,0.3009192645549774,0.003009192645549774,False,False,0.0,0.0,0.0,0.0,0.0,0.0,0.0,0.0,0.0,0.0,0.0,0.0,0.0,0.0,0.0,0.0
3,222,8.550871773040853,8.56349950900767,False,-50.153846740722656,-0.875349760055542,-1.186813235282898,-0.020713798701763153,29.494504928588867,0.5147762298583984,81.36264038085938,1.4200459718704224,94.06593322753906,1.641760230064392,0.7554945054945055,0.007554945054945055,-0.8786367177963257,-0.06267866492271423,0.4844837784767151,1.4251612424850464,1.6477453708648682,0.003157496452331543,-50.3421745300293,-0.8786366981626402,-3.5912227630615234,-0.06267866138799177,27.758874893188477,0.4844837635353282,81.65572357177734,1.4251612294258589,94.40885162353516,1.6477453038574825,0.3157496452331543,0.003157496452331543,False,False,0.0,0.0,0.0,0.0,0.0,0.0,0.0,0.0,0.0,0.0,0.0,0.0,0.0,0.0,0.0,0.0
3,223,8.584352581994608,8.59947034996003,False,-50.41758346557617,-0.8799528479576111,-1.3626374006271362,-0.023782508447766304,29.494504928588867,0.5147762298583984,81.36264038085938,1.4200459718704224,94.06593322753906,1.641760230064392,0.7554945054945055,0.007554945054945055,-0.878431499004364,-0.05934271216392517,0.4907383322715759,1.4169517755508423,1.650726079940796,0.001806594431400299,-50.330413818359375,-0.8784314350216224,-3.4000868797302246,-0.05934271090515287,28.117233276367188,0.49073829722392015,81.18534851074219,1.4169516358915262,94.57963562011719,1.6507260469075538,0.1806594431400299,0.001806594431400299,False,False,0.0,0.0,0.0,0.0,0.0,0.0,0.0,0.0,0.0,0.0,0.0,0.0,0.0,0.0,0.0,0.0
3,224,8.61754127102904,8.630315823014826,False,-50.68132019042969,-0.8845558762550354,-1.4505494832992554,-0.025316864252090454,29.494504928588867,0.5147762298583984,81.53845977783203,1.423114538192749,93.97801971435547,1.640225887298584,0.7554945054945055,0.007554945054945055,-0.8868395686149597,-0.05169329047203064,0.4719032049179077,1.4243183135986328,1.639819860458374,0.003618761897087097,-50.81216049194336,-0.8868395006361933,-2.9618072509765625,-0.051693288338983054,27.038061141967773,0.47190319028287564,81.607421875,1.4243182057827943,93.95475006103516,1.6398197364534068,0.3618761897087097,0.003618761897087097,False,False,0.0,0.0,0.0,0.0,0.0,0.0,0.0,0.0,0.0,0.0,0.0,0.0,0.0,0.0,0.0,0.0
3,225,8.650976627017371,8.662751507945359,False,-50.85714340209961,-0.8876246213912964,-1.4505494832992554,-0.025316864252090454,29.494504928588867,0.5147762298583984,81.53845977783203,1.423114538192749,94.06593322753906,1.641760230064392,0.7554945054945055,0.007554945054945055,-0.8870782256126404,-0.03685218095779419,0.45351627469062805,1.4301412105560303,1.6510757207870483,0.003969274461269379,-50.825836181640625,-0.8870781864488916,-2.1114742755889893,-0.036852178180189994,25.984567642211914,0.4535162600637778,81.94104766845703,1.4301410743481981,94.59966278076172,1.6510755868006266,0.39692744612693787,0.003969274461269379,False,False,0.0,0.0,0.0,0.0,0.0,0.0,0.0,0.0,0.0,0.0,0.0,0.0,0.0,0.0,0.0,0.0
3,226,8.68469638202805,8.695833457983099,False,-50.85714340209961,-0.8876246213912964,-1.4505494832992554,-0.025316864252090454,29.494504928588867,0.5147762298583984,81.53845977783203,1.423114538192749,94.06593322753906,1.641760230064392,0.7554945054945055,0.007554945054945055,-0.8846225142478943,0.006937474012374878,0.4331074655056,1.4265409708023071,1.6568596363067627,0.002604767680168152,-50.68513488769531,-0.8846224856077296,0.39748796820640564,0.006937473782264318,25.494504928588867,0.44496305216979753,81.73477172851562,1.4265408800285746,94.93106079101562,1.6568595732141154,0.2604767680168152,0.002604767680168152,False,False,0.0,0.0,0.0,0.0,0.0,0.0,0.0,0.0,0.6792755126953125,0.6792755126953125,0.0,0.0,0.0,0.0,0.0,0.0
3,227,8.718040477018803,8.72876563097816,False,-50.769229888916016,-0.8860902190208435,-1.3626374006271362,-0.023782508447766304,29.05494499206543,0.5071044564247131,81.89010620117188,1.4292519092559814,94.06593322753906,1.641760230064392,0.7554945054945055,0.007554945054945055,-0.8923687934875488,-0.014240115880966187,0.42060205340385437,1.4289982318878174,1.6582204103469849,0.00665297731757164,-51.128963470458984,-0.8923687556914158,-0.8158984780311584,-0.014240114803654337,25.05494499206543,0.4372912840176063,81.87556457519531,1.4289981787663906,95.00902557373047,1.6582203153730912,0.665297731757164,0.00665297731757164,False,False,0.0,0.0,0.0,0.0,0.0,0.0,0.0,0.0,0.9562244415283203,0.9562244415283203,0.0,0.0,0.0,0.0,0.0,0.0
3,228,8.751583809964359,8.76290422200691,False,-50.68132019042969,-0.8845558762550354,-0.9230769276618958,-0.016110731288790703,28.52747344970703,0.4978983402252197,81.71428680419922,1.4261833429336548,94.15384674072266,1.6432945728302002,0.7554945054945055,0.007554945054945055,-0.8947245478630066,0.044130146503448486,0.3838585317134857,1.4249264001846313,1.6542587280273438,0.004298187792301178,-51.263938903808594,-0.8947245214126727,2.528470993041992,0.0441301438697534,24.52747344970703,0.4280851688928795,81.64226531982422,1.424926338617714,94.78203582763672,1.6542585969354895,0.4298187792301178,0.004298187792301178,False,False,0.0,0.0,0.0,0.0,0.0,0.0,0.0,0.0,2.5340003967285156,2.5340003967285156,0.0,0.0,0.0,0.0,0.0,0.0
3,229,8.785078482003883,8.795980978989974,False,-50.593406677246094,-0.8830215334892273,-0.04395604506134987,-0.0007671777275390923,28.0,0.48869219422340393,81.53845977783203,1.423114538192749,94.32967376708984,1.646363377571106,0.7554945054945055,0.007554945054945055,-0.9008833765983582,0.04151993989944458,0.36710554361343384,1.42671799659729,1.6578779220581055,0.005143843591213226,-51.61681365966797,-0.9008833477495899,2.3789172172546387,0.041519938073474705,24.0,0.4188790204786391,81.74491882324219,1.4267179802410648,94.9894027709961,1.657877832856907,0.5143843591213226,0.005143843591213226,False,False,0.0,0.0,0.0,0.0,0.0,0.0,0.0,0.0,2.966402053833008,2.966402053833008,0.0,0.0,0.0,0.0,0.0,0.0
3,230,8.81846866197884,8.829465399030596,False,-50.769229888916016,-0.8860902190208435,0.8351648449897766,0.014576376415789127,27.648351669311523,0.48255476355552673,81.53845977783203,1.423114538192749,94.4175796508789,1.6478976011276245,0.7554945054945055,0.007554945054945055,-0.9057909846305847,0.034088969230651855,0.34876132011413574,1.4327625036239624,1.6701138019561768,0.011342927813529968,-51.89799880981445,-0.9057909544273607,1.9531539678573608,0.03408896753750244,23.648351669311523,0.41274159929898335,82.09123992919922,1.4327624238091632,95.69046783447266,1.6701137264852761,1.1342927813529968,0.011342927813529968,False,False,0.0,0.0,0.0,0.0,0.0,0.0,0.0,0.0,3.665802001953125,3.665802001953125,0.0,0.0,0.0,0.0,0.0,0.0
3,231,8.851887397933751,8.863691085018218,False,-51.03296661376953,-0.8906933069229126,1.890109896659851,0.032988641411066055,27.208791732788086,0.47488299012184143,81.71428680419922,1.4261833429336548,94.4175796508789,1.6478976011276245,0.7554945054945055,0.007554945054945055,-0.9007428288459778,0.03571641445159912,0.36407968401908875,1.4300445318222046,1.657246470451355,0.046538423746824265,-51.608760833740234,-0.9007427994230609,2.0463995933532715,0.03571641071548765,23.208791732788086,0.40506983114679207,81.93550872802734,1.4300444016006282,94.9532241821289,1.6572463973624494,4.6538423746824265,0.046538423746824265,False,False,0.0,0.0,0.0,0.0,0.0,0.0,0.0,0.0,2.3485641479492188,2.3485641479492188,0.0,0.0,0.0,0.0,0.0,0.0
3,232,8.885292100021616,8.895929927937686,False,-51.38461685180664,-0.8968307375907898,2.241758346557617,0.039126064628362656,26.85714340209961,0.4687455892562866,81.71428680419922,1.4261833429336548,94.5934066772461,1.6509664058685303,0.7554945054945055,0.007554945054945055,-0.9120851755142212,0.033110201358795166,0.35390564799308777,1.4282721281051636,1.6476151943206787,0.0937683954834938,-52.258628845214844,-0.9120851359266812,1.8970746994018555,0.03311019966084408,22.85714340209961,0.39893240996713636,81.8339614868164,1.4282720678951806,94.4013900756836,1.6476150752801777,5.7554945054945055,0.05755494505494505,False,True,3.621345042854875,0.0,0.0,0.0,0.0,0.0,0.0,0.0,2.579845428466797,2.579845428466797,0.0,0.0,0.0,0.0,0.0,0.0
3,233,8.918805483961478,8.93251476099249,False,-51.64834976196289,-0.9014337658882141,2.241758346557617,0.039126064628362656,26.593406677246094,0.46414250135421753,81.53845977783203,1.423114538192749,94.68132019042969,1.6525007486343384,1.098901098901099,0.01098901098901099,-0.9050095677375793,0.04629570245742798,0.3393997251987457,1.4236613512039185,1.644377589225769,0.12833967804908752,-51.85322570800781,-0.9050095163845041,2.652548313140869,0.04629570163252974,22.593406677246094,0.39432933576001616,81.56978607177734,1.4236613370999263,94.21588897705078,1.6443774703429683,6.0989010989010985,0.06098901098901099,False,True,6.735066706007654,0.0,0.0,0.0,0.0,0.0,0.0,0.0,3.147235870361328,3.147235870361328,0.0,0.0,0.0,0.0,0.0,0.0
3,234,8.952255574986339,8.964445336023346,False,-51.736263275146484,-0.9029681086540222,2.241758346557617,0.039126064628362656,26.153846740722656,0.4564707279205322,81.71428680419922,1.4261833429336548,94.68132019042969,1.6525007486343384,2.3351648351648353,0.023351648351648352,-0.9044753313064575,0.058186858892440796,0.34890103340148926,1.4235533475875854,1.6421698331832886,0.1487458348274231,-51.82261657714844,-0.9044752862698342,3.3338613510131836,0.05818685738016645,22.153846740722656,0.3866575676078249,81.56359100341797,1.423553212759669,94.08939361572266,1.6421697097992927,7.335164835164836,0.07335164835164835,False,True,7.539418647577474,0.0,0.0,0.0,0.0,0.0,0.0,0.0,2.1632919311523438,2.1632919311523438,0.0,0.0,0.0,0.0,0.0,0.0
3,235,8.985744197038002,8.998772523016669,False,-51.82417678833008,-0.9045025110244751,2.3296704292297363,0.040660418570041656,25.626373291015625,0.44726458191871643,81.71428680419922,1.4261833429336548,94.68132019042969,1.6525007486343384,3.4340659340659343,0.034340659340659344,-0.9060463309288025,0.0596311092376709,0.32527339458465576,1.4211084842681885,1.6504617929458618,0.16197529435157776,-51.912628173828125,-0.906046284996872,3.4166107177734375,0.05963110628407323,21.626373291015625,0.3774514191935845,81.42351531982422,1.4211084308789763,94.56449127197266,1.6504617281693634,8.434065934065934,0.08434065934065935,False,True,7.763463501091842,0.0,0.0,0.0,0.0,0.0,0.0,0.0,2.989582061767578,2.989582061767578,0.0,0.0,0.0,0.0,0.0,0.0
3,236,9.019225899945013,9.030275456025265,False,-51.82417678833008,-0.9045025110244751,2.9450550079345703,0.05140090733766556,25.27472496032715,0.44112715125083923,81.53845977783203,1.423114538192749,94.68132019042969,1.6525007486343384,4.739010989010989,0.04739010989010989,-0.9125332832336426,0.06658723950386047,0.32835853099823,1.422192096710205,1.6411443948745728,0.16109426319599152,-52.2843017578125,-0.912533212780087,3.8151676654815674,0.06658723727827896,21.27472496032715,0.3713139980139287,81.48560333251953,1.4221920711265297,94.0306396484375,1.6411442596215577,9.739010989010989,0.09739010989010989,False,True,6.370415330588163,0.0,0.0,0.0,0.0,0.0,0.0,0.0,2.4611682891845703,2.4611682891845703,0.0,0.0,0.0,0.0,0.0,0.0
3,237,9.052370119025,9.063153533963487,False,-51.736263275146484,-0.9029681086540222,3.472527503967285,0.06060703843832016,24.83516502380371,0.4334554076194763,81.53845977783203,1.423114538192749,94.68132019042969,1.6525007486343384,6.043956043956044,0.06043956043956044,-0.9101254343986511,0.08164849877357483,0.3198578655719757,1.424179196357727,1.6504513025283813,0.15982882678508759,-52.14634323120117,-0.9101253822595191,4.67811393737793,0.0816484909906807,20.83516502380371,0.3636422298617375,81.59944915771484,1.4241790556158378,94.56388854980469,1.6504512086830576,11.043956043956044,0.11043956043956044,False,True,4.938926634552715,0.0,0.0,0.0,0.0,0.0,0.0,0.0,2.5086593627929688,2.5086593627929688,0.0,0.0,0.0,0.0,0.0,0.0
3,238,9.086385744973086,9.097514866967686,False,-51.736263275146484,-0.9029681086540222,3.912087917327881,0.06827881187200546,24.483516693115234,0.4273179769515991,81.53845977783203,1.423114538192749,94.68132019042969,1.6525007486343384,7.348901098901099,0.07348901098901099,-0.9108251333236694,0.07565882802009583,0.30931392312049866,1.4243168830871582,1.6535534858703613,0.1654028296470642,-52.186431884765625,-0.9108250612569102,4.334931373596191,0.07565882531725392,20.483516693115234,0.35750480868208173,81.60733795166016,1.4243167410441948,94.74163055419922,1.6535533918788363,12.348901098901099,0.12348901098901098,False,True,4.191381865805322,0.0,0.0,0.0,0.0,0.0,0.0,0.0,2.7611351013183594,2.7611351013183594,0.0,0.0,0.0,0.0,0.0,0.0
3,239,9.119675901019946,9.132965572993271,False,-51.736263275146484,-0.9029681086540222,4.351648330688477,0.07595059275627136,24.043956756591797,0.4196462035179138,81.71428680419922,1.4261833429336548,94.68132019042969,1.6525007486343384,8.653846153846153,0.08653846153846154,-0.9185163974761963,0.08653512597084045,0.33132293820381165,1.4240469932556152,1.6414481401443481,0.15419140458106995,-52.62710952758789,-0.9185163370640863,4.958097457885742,0.08653512527486709,20.043956756591797,0.3498330405298905,81.59188079833984,1.4240469628257697,94.04804229736328,1.6414479931438812,13.653846153846153,0.13653846153846153,False,True,1.7652943042608413,0.0,0.0,0.0,0.0,0.0,0.0,0.0,1.0605525970458984,1.0605525970458984,0.0,0.0,0.0,0.0,0.0,0.0
3,240,9.153215789003298,9.325008478015661,False,-51.82417678833008,-0.9045025110244751,4.615384578704834,0.08055365830659866,23.69230842590332,0.4135087728500366,81.62637329101562,1.4246490001678467,94.68132019042969,1.6525007486343384,9.89010989010989,0.09890109890109891,-0.9116412401199341,-0.03720736503601074,0.3891265392303467,1.4225770235061646,1.662941813468933,0.16572588682174683,-52.233192443847656,-0.9116411869729649,0.615384578704834,0.010740487064397536,22.295307159423828,0.3891265176754101,81.50765228271484,1.422576897904046,95.279541015625,1.6629417005116383,14.89010989010989,0.1489010989010989,False,True,1.6824787920647921,0.0,0.0,0.0,0.0,2.7472095489501953,2.7472095489501953,0.0,0.0,0.0,0.0,0.0,0.0,0.0,0.0,0.0
3,241,9.326415120973252,9.337485671043396,False,-52.35165023803711,-0.9137086868286133,5.318681240081787,0.09282849729061127,22.901098251342773,0.3996995687484741,81.53845977783203,1.423114538192749,94.4175796508789,1.6478976011276245,13.049450549450551,0.1304945054945055,-0.9207113981246948,-0.01392829418182373,0.34787988662719727,1.4230903387069702,1.6667834520339966,0.17442616820335388,-52.752872467041016,-0.9207113144345296,1.318681240081787,0.023015329423709003,19.932048797607422,0.34787987818642635,81.53706359863281,1.4230902222041588,95.49964904785156,1.6667833103840775,17.442616820335388,0.17442616820335388,False,False,0.0,0.0,0.0,0.0,0.0,2.116713523864746,2.116713523864746,0.0,0.0,0.0,0.0,0.0,0.0,0.0,0.0,0.0
3,242,9.359904416953214,9.372563462005928,False,-52.35165023803711,-0.9137086868286133,5.318681240081787,0.09282849729061127,22.813186645507812,0.398165225982666,81.53845977783203,1.423114538192749,94.4175796508789,1.6478976011276245,13.186813186813188,0.13186813186813187,-0.9121865034103394,-0.0525897741317749,0.3448365330696106,1.4168604612350464,1.6659653186798096,0.1805344820022583,-52.264434814453125,-0.9121864692061586,1.318681240081787,0.023015329423709003,19.75767707824707,0.3448365175612247,81.18012237548828,1.416860422624191,95.45277404785156,1.6659651872972052,18.05344820022583,0.1805344820022583,False,False,0.0,0.0,0.0,0.0,0.0,4.331852912902832,4.331852912902832,0.0,0.0,0.0,0.0,0.0,0.0,0.0,0.0,0.0
3,243,9.393372048041783,9.405447011929937,False,-52.35165023803711,-0.9137086868286133,5.142857074737549,0.08975978940725327,22.813186645507812,0.398165225982666,81.53845977783203,1.423114538192749,94.5934066772461,1.6509664058685303,14.010989010989011,0.1401098901098901,-0.9137804508209229,-0.0330980122089386,0.34071803092956543,1.4236416816711426,1.6655769348144531,0.17412169277668,-52.35575866699219,-0.9137803711185711,1.1428570747375488,0.019946618833881137,19.521703720092773,0.3407180055144444,81.56865692138672,1.4236416297078598,95.43052673339844,1.6655768984102717,17.412169277668,0.17412169277668,False,False,0.0,0.0,0.0,0.0,0.0,3.0392332077026367,3.0392332077026367,0.0,0.0,0.0,0.0,0.0,0.0,0.0,0.0,0.0
3,244,9.426577745936811,9.439292651950382,False,-52.263736724853516,-0.9121742844581604,4.615384578704834,0.08055365830659866,22.813186645507812,0.398165225982666,81.53845977783203,1.423114538192749,94.85713958740234,1.6555694341659546,15.590659340659341,0.1559065934065934,-0.9230238795280457,-0.014449924230575562,0.3483273684978485,1.4293144941329956,1.658752202987671,0.16922001540660858,-52.88536834716797,-0.9230238037880726,0.615384578704834,0.010740487064397536,19.957687377929688,0.3483273558285869,81.89368438720703,1.4293144291458375,95.03949737548828,1.65875214864278,16.922001540660858,0.16922001540660858,False,False,0.0,0.0,0.0,0.0,0.0,1.4433040618896484,1.443304181098938,0.0,0.0,0.0,0.0,0.0,0.0,0.0,0.0,0.0
3,245,9.460097379982471,9.470907484996133,False,-52.263736724853516,-0.9121742844581604,4.175824165344238,0.07288187742233276,22.72527503967285,0.3966308832168579,81.53845977783203,1.423114538192749,94.94505310058594,1.6571037769317627,16.414835164835164,0.16414835164835165,-0.9041318893432617,-0.013096153736114502,0.3171856999397278,1.4345415830612183,1.6745208501815796,0.17352721095085144,-51.802940368652344,-0.9041318716472685,0.17582416534423828,0.003068710589827867,18.72527503967285,0.32681770278380307,82.19317626953125,1.4345415485753905,95.9429702758789,1.6745207254571393,17.352721095085144,0.17352721095085144,False,False,0.0,0.0,0.0,0.0,0.0,0.9261784553527832,0.9261784553527832,0.0,0.5518741607666016,0.5518741607666016,0.0,0.0,0.0,0.0,0.0,0.0
3,246,9.49365898501128,9.504543686984107,False,-52.35165023803711,-0.9137086868286133,3.8241758346557617,0.06674446165561676,22.72527503967285,0.3966308832168579,81.53845977783203,1.423114538192749,94.94505310058594,1.6571037769317627,16.414835164835164,0.16414835164835165,-0.9107259511947632,-0.007919996976852417,0.31712183356285095,1.4325964450836182,1.661673903465271,0.16843965649604797,-52.18075180053711,-0.910725925085332,-0.17582416534423828,-0.003068710589827867,18.72527503967285,0.32681770278380307,82.08172607421875,1.4325963757151967,95.20689392089844,1.6616737695166515,16.843965649604797,0.16843965649604797,False,False,0.0,0.0,0.0,0.0,0.0,0.27795839309692383,0.2779582142829895,0.0,0.5555324554443359,0.5555324554443359,0.0,0.0,0.0,0.0,0.0,0.0
3,247,9.52687464794144,9.537982053007,False,-52.43955993652344,-0.9152429699897766,3.6483516693115234,0.06367574632167816,22.549449920654297,0.3935621380805969,81.80220031738281,1.427717685699463,95.03296661376953,1.6586381196975708,16.62087912087912,0.1662087912087912,-0.90023273229599,-0.012088775634765625,0.3200487196445465,1.435416579246521,1.6658132076263428,0.17227578163146973,-51.579532623291016,-0.9002326709162563,-0.35164833068847656,-0.006137421179655734,18.549449920654297,0.3237489755492184,82.2433090209961,1.435416530151536,95.44406127929688,1.6658131207989617,17.227578163146973,0.17227578163146973,False,False,0.0,0.0,0.0,0.0,0.0,0.3409872055053711,0.3409874439239502,0.0,0.21200942993164062,0.21200942993164062,0.0,0.0,0.0,0.0,0.0,0.0
3,248,9.560331142973155,9.571677627973258,False,-52.43955993652344,-0.9152429699897766,3.296703338623047,0.05753832682967186,22.10988998413086,0.3858903646469116,81.89010620117188,1.4292519092559814,95.12088012695312,1.6601725816726685,16.689560439560438,0.16689560439560439,-0.8906135559082031,-0.017405033111572266,0.3102891445159912,1.4398330450057983,1.671220302581787,0.17117995023727417,-51.02839660644531,-0.8906135327959718,-0.7032966613769531,-0.012274842359311469,18.10988998413086,0.31607720739702716,82.49635314941406,1.439832983345269,95.75386810302734,1.6712202699182042,17.117995023727417,0.17117995023727417,False,False,0.0,0.0,0.0,0.0,0.0,0.29393815994262695,0.29393821954727173,0.0,0.3316326141357422,0.3316326141357422,0.0,0.0,0.0,0.0,0.0,0.0
3,249,9.593804721953347,9.605966476956382,False,-52.263736724853516,-0.9121742844581604,2.9450550079345703,0.05140090733766556,21.758241653442383,0.3797529637813568,81.80220031738281,1.427717685699463,95.20879364013672,1.6617069244384766,16.758241758241756,0.16758241758241754,-0.8960301280021667,-0.038069725036621094,0.31229642033576965,1.4361008405685425,1.6509144306182861,0.16733583807945251,-51.338741302490234,-0.8960300695580568,-1.0549449920654297,-0.018412263538967202,17.893266677856445,0.3122964174659825,82.28250885009766,1.4361006962355773,94.59042358398438,1.6509143323966224,16.73358380794525,0.16733583807945251,False,False,0.0,0.0,0.0,0.0,0.0,1.1262893676757812,1.1262893676757812,0.0,0.0,0.0,0.0,0.0,0.0,0.0,0.0,0.0
3,250,9.627291384036653,9.638273913995363,False,-52.0,-0.9075711965560913,2.5934066772460938,0.04526348412036896,21.318681716918945,0.3720811903476715,81.89010620117188,1.4292519092559814,95.29669952392578,1.6632411479949951,16.826923076923077,0.16826923076923075,-0.9001660346984863,-0.01336011290550232,0.2988530695438385,1.4349102973937988,1.6616759300231934,0.1689753383398056,-51.57571029663086,-0.9001659587309497,-0.7654780149459839,-0.013360111712437783,17.318681716918945,0.3022680180651801,82.21430206298828,1.434910263228312,95.20701599121094,1.6616759000455237,16.89753383398056,0.1689753383398056,False,False,0.0,0.0,0.0,0.0,0.0,0.0,0.0,0.0,0.1956634521484375,0.1956634521484375,0.0,0.0,0.0,0.0,0.0,0.0
3,251,9.660805566003546,9.671546736964956,False,-51.56044006347656,-0.899899423122406,2.3296704292297363,0.040660418570041656,21.05494499206543,0.3674781024456024,81.89010620117188,1.4292519092559814,95.29669952392578,1.6632411479949951,16.826923076923077,0.16826923076923075,-0.8901320099830627,0.022146761417388916,0.2559051513671875,1.4330263137817383,1.666683554649353,0.1696731299161911,-51.00080490112305,-0.8901319666918582,1.2689158916473389,0.022146760240125678,17.05494499206543,0.2976649438580599,82.10635375976562,1.4330262099151354,95.49392700195312,1.6666834418431995,16.96731299161911,0.1696731299161911,False,False,0.0,0.0,0.0,0.0,0.0,0.0,0.0,0.0,2.3926610946655273,2.3926610946655273,0.0,0.0,0.0,0.0,0.0,0.0
3,252,9.69416535901837,9.70644887094386,False,-51.29670333862305,-0.8952963352203369,2.241758346557617,0.039126064628362656,20.615385055541992,0.3598063290119171,81.89010620117188,1.4292519092559814,95.12088012695312,1.6601725816726685,16.826923076923077,0.16826923076923075,-0.8880414366722107,0.04457971453666687,0.25676631927490234,1.4311033487319946,1.6613788604736328,0.16682001948356628,-50.88102340698242,-0.8880413852361461,2.554229259490967,0.04457971042889399,16.615385055541992,0.2899931757058687,81.99617767333984,1.4311032744500438,95.18999481201172,1.6613788244259253,16.68200194835663,0.16682001948356628,False,False,0.0,0.0,0.0,0.0,0.0,0.0,0.0,0.0,1.9037590026855469,1.9037590026855469,0.0,0.0,0.0,0.0,0.0,0.0
3,253,9.727517873980105,9.737450374988839,False,-51.29670333862305,-0.8952963352203369,2.241758346557617,0.039126064628362656,20.263736724853516,0.3536689281463623,81.80220031738281,1.427717685699463,95.12088012695312,1.6601725816726685,16.826923076923077,0.16826923076923075,-0.903268039226532,0.027939409017562866,0.26172006130218506,1.4334793090820312,1.654636263847351,0.16518184542655945,-51.75344467163086,-0.9032680087686741,1.600810170173645,0.027939408168940832,16.263736724853516,0.2838557545262129,82.13230895996094,1.433479213616558,94.80367279052734,1.6546362331780626,16.518184542655945,0.16518184542655945,False,False,0.0,0.0,0.0,0.0,0.0,0.0,0.0,0.0,1.2682828903198242,1.2682828903198242,0.0,0.0,0.0,0.0,0.0,0.0
3,254,9.76094614493195,9.772033307002857,False,-51.38461685180664,-0.8968307375907898,2.681318759918213,0.04679784178733826,19.824174880981445,0.3459971249103546,81.89010620117188,1.4292519092559814,95.12088012695312,1.6601725816726685,16.826923076923077,0.16826923076923075,-0.9108458161354065,0.07096317410469055,0.22815322875976562,1.434238314628601,1.6631858348846436,0.16680866479873657,-52.187618255615234,-0.9108457673343855,4.065890312194824,0.07096317297273984,15.824174880981445,0.27618395308450805,82.17579650878906,1.4342382145272305,95.29352569580078,1.663185779225544,16.680866479873657,0.16680866479873657,False,False,0.0,0.0,0.0,0.0,0.0,0.0,0.0,0.0,2.7519588470458984,2.7519588470458984,0.0,0.0,0.0,0.0,0.0,0.0
3,255,9.79446513694711,9.805214812979102,False,-51.64834976196289,-0.9014337658882141,3.0329670906066895,0.05293526127934456,19.47252655029297,0.3398596942424774,81.89010620117188,1.4292519092559814,95.12088012695312,1.6601725816726685,16.826923076923077,0.16826923076923075,-0.9000352621078491,0.07912513613700867,0.23108352720737457,1.4310566186904907,1.669761061668396,0.1642160713672638,-51.56821823120117,-0.9000351975214269,4.533535957336426,0.07912512921307381,15.472526550292969,0.27004653190485234,81.99349975585938,1.4310565359729128,95.67025756835938,1.669760990798895,16.42160713672638,0.1642160713672638,False,False,0.0,0.0,0.0,0.0,0.0,0.0,0.0,0.0,2.2324161529541016,2.2324161529541016,0.0,0.0,0.0,0.0,0.0,0.0
3,256,9.828024180955254,9.838922568946145,False,-51.82417678833008,-0.9045025110244751,3.0329670906066895,0.05293526127934456,19.208791732788086,0.3352566659450531,81.89010620117188,1.4292519092559814,95.12088012695312,1.6601725816726685,16.826923076923077,0.16826923076923075,-0.9117905497550964,0.07958737015724182,0.2402302473783493,1.4359742403030396,1.661598801612854,0.1656932830810547,-52.24174880981445,-0.9117905237310912,4.5600199699401855,0.07958736243214909,15.208791732788086,0.26544349098724573,82.27526092529297,1.4359741960837986,95.20259094238281,1.6615986683739112,16.56932830810547,0.1656932830810547,False,False,0.0,0.0,0.0,0.0,0.0,0.0,0.0,0.0,1.4446134567260742,1.4446134567260742,0.0,0.0,0.0,0.0,0.0,0.0
3,257,9.861149033997208,9.873959008022211,False,-51.736263275146484,-0.9029681086540222,3.384615421295166,0.05907268077135086,18.769229888916016,0.3275848627090454,81.89010620117188,1.4292519092559814,95.12088012695312,1.6601725816726685,16.826923076923077,0.16826923076923075,-0.8955844640731812,0.0942467749118805,0.21356678009033203,1.4374867677688599,1.6685442924499512,0.16595515608787537,-51.31320571899414,-0.8955843895496319,5.399941921234131,0.09424676594200389,14.769229888916016,0.25777168954554086,82.36192321777344,1.4374867384249093,95.60054016113281,1.6685441924968378,16.595515608787537,0.16595515608787537,False,False,0.0,0.0,0.0,0.0,0.0,0.0,0.0,0.0,2.5327558517456055,2.5327558517456055,0.0,0.0,0.0,0.0,0.0,0.0
3,258,9.895192406955175,9.90781144797802,False,-51.64834976196289,-0.9014337658882141,4.175824165344238,0.07288187742233276,18.241758346557617,0.318378746509552,81.71428680419922,1.4261833429336548,95.12088012695312,1.6601725816726685,16.826923076923077,0.16826923076923075,-0.8928821682929993,0.06745797395706177,0.22068090736865997,1.4374873638153076,1.6621973514556885,0.16623426973819733,-51.15837860107422,-0.8928821465705559,3.8650569915771484,0.06745797028024798,14.241758346557617,0.24856557442081406,82.36195373535156,1.4374872710571271,95.23688507080078,1.6621972138289065,16.623426973819733,0.16623426973819733,False,False,0.0,0.0,0.0,0.0,0.0,0.0,0.0,0.0,1.5976743698120117,1.5976743698120117,0.0,0.0,0.0,0.0,0.0,0.0
3,259,9.928419379983097,9.941866814973764,False,-51.736263275146484,-0.9029681086540222,5.05494499206543,0.08822543174028397,17.89011001586914,0.3122413158416748,81.80220031738281,1.427717685699463,95.12088012695312,1.6601725816726685,16.826923076923077,0.16826923076923075,-0.8964930176734924,0.0647079348564148,0.2051544040441513,1.4346232414245605,1.6634914875030518,0.16677728295326233,-51.365264892578125,-0.8964929935345397,3.707491397857666,0.06470793188198332,13.89011001586914,0.24242815324115832,82.1978530883789,1.4346231744628015,95.31103515625,1.6634913769606305,16.677728295326233,0.16677728295326233,False,False,0.0,0.0,0.0,0.0,0.0,0.0,0.0,0.0,2.1356287002563477,2.1356287002563477,0.0,0.0,0.0,0.0,0.0,0.0
3,260,9.962127121980302,9.974369675968774,False,-51.82417678833008,-0.9045025110244751,5.406593322753906,0.09436285495758057,17.626373291015625,0.3076382577419281,81.89010620117188,1.4292519092559814,95.12088012695312,1.6601725816726685,16.826923076923077,0.16826923076923075,-0.8989485502243042,0.10023751854896545,0.22175490856170654,1.434067964553833,1.6567620038986206,0.16346800327301025,-51.50595474243164,-0.89894849463862,5.7431864738464355,0.1002375135246235,13.626373291015625,0.2378250790340381,82.1660385131836,1.4340679053755199,94.92546844482422,1.6567619683601638,16.346800327301025,0.16346800327301025,False,False,0.0,0.0,0.0,0.0,0.0,0.0,0.0,0.0,0.9207534790039062,0.9207534790039062,0.0,0.0,0.0,0.0,0.0,0.0
3,261,9.99539240298327,10.007192531018518,False,-51.64834976196289,-0.9014337658882141,5.318681240081787,0.09282849729061127,17.538461685180664,0.3061038851737976,81.89010620117188,1.4292519092559814,95.12088012695312,1.6601725816726685,16.826923076923077,0.16826923076923075,-0.9094619154930115,0.09967753291130066,0.2362089455127716,1.4381020069122314,1.656548261642456,0.16543960571289062,-52.10832595825195,-0.9094618556739259,5.711101531982422,0.0996775256487855,13.538461685180664,0.23629073206150258,82.39717102050781,1.4381019286367174,94.91321563720703,1.6565481165246305,16.543960571289062,0.16543960571289062,False,False,0.0,0.0,0.0,0.0,0.0,0.0,0.0,0.0,0.0046863555908203125,0.0046863555908203125,0.0,0.0,0.0,0.0,0.0,0.0
3,262,10.029097819002345,10.0419036350213,False,-51.47252655029297,-0.8983650803565979,5.230769157409668,0.09129414707422256,17.010988235473633,0.2968977391719818,81.89010620117188,1.4292519092559814,95.12088012695312,1.6601725816726685,16.826923076923077,0.16826923076923075,-0.9110215902328491,0.09537500143051147,0.2362612634897232,1.4316415786743164,1.6579617261886597,0.1643534004688263,-52.197689056396484,-0.9110215359663307,5.464584827423096,0.09537499749305914,13.536772727966309,0.23626125419718677,82.02701568603516,1.4316414993063487,94.99420166015625,1.65796158927319,16.43534004688263,0.1643534004688263,False,False,0.0,0.0,0.0,0.0,0.0,0.0,0.0,0.0,0.0,0.0,0.0,0.0,0.0,0.0,0.0,0.0
3,263,10.062594515969977,10.076454340014607,False,-51.38461685180664,-0.8968307375907898,5.758241653442383,0.10050027817487717,16.571428298950195,0.2892259955406189,81.71428680419922,1.4261833429336548,95.12088012695312,1.6601725816726685,16.826923076923077,0.16826923076923075,-0.9063043594360352,0.14222916960716248,0.21947501599788666,1.419694423675537,1.659299612045288,0.16344165802001953,-51.92741012573242,-0.9063042787274734,8.149130821228027,0.1422291640061785,12.574991226196289,0.21947500030652425,81.34249114990234,1.4196942923401443,95.07086181640625,1.6592995614048458,16.344165802001953,0.16344165802001953,False,False,0.0,0.0,0.0,0.0,0.0,0.0,0.0,0.0,0.0,0.0,0.0,0.0,0.0,0.0,0.0,0.0
3,264,10.095827352954075,10.109724125009961,False,-51.56044006347656,-0.899899423122406,6.02197790145874,0.10510334372520447,16.395605087280273,0.2861572802066803,81.71428680419922,1.4261833429336548,95.12088012695312,1.6601725816726685,16.826923076923077,0.16826923076923075,-0.9122916460037231,0.16826394200325012,0.2301274687051773,1.418271780014038,1.6595513820648193,0.16235265135765076,-52.27045822143555,-0.9122915974901895,9.640812873840332,0.16826392721717048,13.185332298278809,0.23012746157451627,81.260986328125,1.4182717648438785,95.08528137207031,1.6595512301278583,16.235265135765076,0.16235265135765076,False,False,0.0,0.0,0.0,0.0,0.0,0.0,0.0,0.0,0.0,0.0,0.0,0.0,0.0,0.0,0.0,0.0
3,265,10.129228014033288,10.141562681994401,False,-51.736263275146484,-0.9029681086540222,6.373626232147217,0.11124075949192047,16.395605087280273,0.2861572802066803,81.80220031738281,1.427717685699463,95.12088012695312,1.6601725816726685,16.826923076923077,0.16826923076923075,-0.9251124262809753,0.16259834170341492,0.22042903304100037,1.419143795967102,1.6621918678283691,0.1625978648662567,-53.005035400390625,-0.9251123878729672,9.316198348999023,0.16259833495889273,12.629652976989746,0.2204290278327747,81.31094360351562,1.4191436837847704,95.236572265625,1.662191754348672,16.25978648662567,0.1625978648662567,False,False,0.0,0.0,0.0,0.0,0.0,0.0,0.0,0.0,0.0,0.0,0.0,0.0,0.0,0.0,0.0,0.0
3,266,10.162686998955905,10.175037518027239,False,-51.82417678833008,-0.9045025110244751,7.4285712242126465,0.12965302169322968,15.868131637573242,0.2769511342048645,81.71428680419922,1.4261833429336548,95.12088012695312,1.6601725816726685,16.826923076923077,0.16826923076923075,-0.9184855818748474,0.1401195526123047,0.2383289337158203,1.4175639152526855,1.6615804433822632,0.1619458794593811,-52.625343322753906,-0.9184855109744686,8.028258323669434,0.14011954094867224,13.655241012573242,0.23832891582276747,81.22042846679688,1.4175638966261355,95.2015380859375,1.6615802925623897,16.19458794593811,0.1619458794593811,False,False,0.0,0.0,0.0,0.0,0.0,0.0,0.0,0.0,0.0,0.0,0.0,0.0,0.0,0.0,0.0,0.0
3,267,10.196232339018025,10.209395862999372,False,-52.17582321166992,-0.9106398820877075,8.747252464294434,0.15266835689544678,15.516483306884766,0.2708137333393097,81.36264038085938,1.4200459718704224,95.12088012695312,1.6601725816726685,16.689560439560438,0.16689560439560439,-0.904943585395813,0.17390593886375427,0.2635577917098999,1.3672205209732056,1.6627675294876099,0.16075122356414795,-51.84944534301758,-0.9049435365684975,9.964076042175293,0.17390593385504424,15.100748062133789,0.26355777319838786,78.3359603881836,1.367220431485659,95.2695541381836,1.6627673966182925,16.075122356414795,0.16075122356414795,False,False,0.0,0.0,0.0,0.0,0.0,0.0,0.0,0.0,0.0,0.0,0.0,0.0,0.0,0.0,0.0,0.0
3,268,10.23008695000317,10.242228177958168,False,-52.52747344970703,-0.9167773723602295,9.09890079498291,0.15880577266216278,15.516483306884766,0.2708137333393097,81.36264038085938,1.4200459718704224,95.12088012695312,1.6601725816726685,16.483516483516482,0.1648351648351648,-0.9060520529747009,0.18478938937187195,0.26314398646354675,1.3800488710403442,1.6581382751464844,0.16133654117584229,-51.91295623779297,-0.9060520107932156,10.587651252746582,0.18478937441333018,15.077038764953613,0.26314396789926,79.07096862792969,1.3800487452985162,95.00431823730469,1.6581381568534623,16.13365411758423,0.16133654117584229,False,False,0.0,0.0,0.0,0.0,0.0,0.0,0.0,0.0,0.0,0.0,0.0,0.0,0.0,0.0,0.0,0.0
3,269,10.263893536990508,10.276292145019397,False,-52.52747344970703,-0.9167773723602295,9.362637519836426,0.16340884566307068,15.604395866394043,0.2723480761051178,81.62637329101562,1.4246490001678467,95.12088012695312,1.6601725816726685,16.414835164835164,0.16414835164835165,-0.9041184186935425,0.17212221026420593,0.2554866075515747,1.3944402933120728,1.6582763195037842,0.16072553396224976,-51.80216598510742,-0.9041183561047363,9.861875534057617,0.1721221984911796,14.638303756713867,0.255486597461712,79.89553833007812,1.3944402015131954,95.0122299194336,1.6582762417559829,16.072553396224976,0.16072553396224976,False,False,0.0,0.0,0.0,0.0,0.0,0.0,0.0,0.0,0.0,0.0,0.0,0.0,0.0,0.0,0.0,0.0
3,270,10.29699805402197,10.467170116025954,False,-52.35165023803711,-0.9137086868286133,10.065934181213379,0.17568369209766388,15.604395866394043,0.2723480761051178,80.3956069946289,1.4031680822372437,95.12088012695312,1.6601725816726685,16.414835164835164,0.16414835164835165,-0.9127765893936157,0.12133875489234924,0.22837813198566437,1.4118742942810059,1.666776180267334,0.1806849241256714,-52.29824447631836,-0.912776559124693,6.952198028564453,0.12133874584910849,13.085102081298828,0.2283781142782273,80.8944320678711,1.4118741861152355,95.49923706054688,1.6667761198491344,18.06849241256714,0.1806849241256714,False,False,0.0,0.0,0.0,0.0,0.0,0.0,0.0,0.0,0.0,0.0,0.0,0.0,0.0,0.0,0.0,0.0
3,271,10.468614593963139,10.482903318013996,False,-51.736263275146484,-0.9029681086540222,10.505494117736816,0.18335546553134918,15.780220031738281,0.2754167914390564,79.86813354492188,1.3939619064331055,95.12088012695312,1.6601725816726685,16.414835164835164,0.16414835164835165,-0.9138838052749634,0.10410770773887634,0.20100204646587372,1.4170349836349487,1.6707446575164795,0.1843797117471695,-52.3616828918457,-0.9138837683478934,6.505494117736816,0.11354229182363108,11.780220031738281,0.20560362616322392,81.19011688232422,1.417034859675591,95.72661590576172,1.6707446293475159,18.43797117471695,0.1843797117471695,False,False,0.0,0.0,0.0,0.0,0.0,0.5405621528625488,0.5405621528625488,0.0,0.26365184783935547,0.26365184783935547,0.0,0.0,0.0,0.0,0.0,0.0
3,272,10.502228613942862,10.515605841996148,False,-52.17582321166992,-0.9106398820877075,10.593406677246094,0.18488982319831848,15.780220031738281,0.2754167914390564,80.30769348144531,1.401633620262146,95.12088012695312,1.6601725816726685,16.414835164835164,0.16414835164835165,-0.9154981374740601,0.08968472480773926,0.1931043565273285,1.4149665832519531,1.6640888452529907,0.18398544192314148,-52.45417785644531,-0.9154981100216723,6.593406677246094,0.11507665544092342,11.780220031738281,0.20560362616322392,81.07160949707031,1.414966515614981,95.34526062011719,1.6640887239931355,18.398544192314148,0.18398544192314148,False,False,0.0,0.0,0.0,0.0,0.0,1.454850673675537,1.454850673675537,0.0,0.716156005859375,0.716156005859375,0.0,0.0,0.0,0.0,0.0,0.0
3,273,10.536503943032585,10.54817203793209,False,-52.263736724853516,-0.9121742844581604,10.593406677246094,0.18488982319831848,15.604395866394043,0.2723480761051178,80.57142639160156,1.4062366485595703,95.12088012695312,1.6601725816726685,16.414835164835164,0.16414835164835165,-0.906421959400177,0.07971855998039246,0.19056928157806396,1.418015718460083,1.669098973274231,0.18387776613235474,-51.93415069580078,-0.9064219238686276,6.593406677246094,0.11507665544092342,11.604395866394043,0.20253491557339603,81.2463150024414,1.4180157019050674,95.63232421875,1.6690989289519014,18.387776613235474,0.18387776613235474,False,False,0.0,0.0,0.0,0.0,0.0,2.025869846343994,2.025869846343994,0.0,0.6855812072753906,0.6855812072753906,0.0,0.0,0.0,0.0,0.0,0.0
3,274,10.569845193997025,10.580961051979102,False,-52.17582321166992,-0.9106398820877075,10.065934181213379,0.17568369209766388,15.076923370361328,0.2631419599056244,80.57142639160156,1.4062366485595703,95.12088012695312,1.6601725816726685,17.17032967032967,0.1717032967032967,-0.9082202315330505,0.10581809282302856,0.1984858214855194,1.41756010055542,1.6704292297363281,0.1833268254995346,-52.03718185424805,-0.9082201568156765,6.065934181213379,0.10587052367143983,11.37239933013916,0.19848581216252595,81.22020721435547,1.4175600350425548,95.70854187011719,1.670429177916396,18.33268254995346,0.1833268254995346,False,False,0.0,0.0,0.0,0.0,0.0,0.0030045509338378906,0.0030045509338378906,0.0,0.0,0.0,0.0,0.0,0.0,0.0,0.0,0.0
3,275,10.60300187394023,10.61424291098956,False,-51.82417678833008,-0.9045025110244751,9.714285850524902,0.16954627633094788,14.637362480163574,0.2554701566696167,80.3956069946289,1.4031680822372437,95.12088012695312,1.6601725816726685,17.582417582417584,0.17582417582417584,-0.9004138708114624,0.10745558142662048,0.1931169629096985,1.4208887815475464,1.6672457456588745,0.18083077669143677,-51.58991241455078,-0.9004138324494089,6.1567511558532715,0.10745557889560614,11.064785957336426,0.19311694598395346,81.41092681884766,1.4208887200890448,95.52613830566406,1.6672456351493152,18.083077669143677,0.18083077669143677,False,False,0.0,0.0,0.0,0.0,0.0,0.0,0.0,0.0,0.0,0.0,0.0,0.0,0.0,0.0,0.0,0.0
3,276,10.63648855802603,10.647833499941044,False,-51.82417678833008,-0.9045025110244751,9.450549125671387,0.16494320333003998,14.285714149475098,0.2493327409029007,80.57142639160156,1.4062366485595703,95.12088012695312,1.6601725816726685,17.71978021978022,0.17719780219780218,-0.9059125781059265,0.13466104865074158,0.19691777229309082,1.4205976724624634,1.6732165813446045,0.1805938184261322,-51.904964447021484,-0.9059125277311227,7.715509414672852,0.13466104275466176,11.282556533813477,0.19691775955744412,81.39424896240234,1.420597636581899,95.86824035644531,1.673216442313273,18.05938184261322,0.1805938184261322,False,False,0.0,0.0,0.0,0.0,0.0,0.0,0.0,0.0,0.0,0.0,0.0,0.0,0.0,0.0,0.0,0.0
3,277,10.669752778951079,10.682192333973944,False,-51.736263275146484,-0.9029681086540222,9.362637519836426,0.16340884566307068,14.197802543640137,0.2477983981370926,80.74725341796875,1.409305453300476,95.12088012695312,1.6601725816726685,17.71978021978022,0.17719780219780218,-0.9149388670921326,0.12870848178863525,0.17700600624084473,1.423987627029419,1.6641426086425781,0.1807146817445755,-52.42213439941406,-0.9149388461927556,7.374452590942383,0.12870847824417114,10.197802543640137,0.1779852308547731,81.5884780883789,1.4239875743334611,95.34834289550781,1.6641425198471549,18.07146817445755,0.1807146817445755,False,False,0.0,0.0,0.0,0.0,0.0,0.0,0.0,0.0,0.056105613708496094,0.056105613708496094,0.0,0.0,0.0,0.0,0.0,0.0
3,278,10.703179436037317,10.716922477004118,False,-51.736263275146484,-0.9029681086540222,9.362637519836426,0.16340884566307068,14.197802543640137,0.2477983981370926,81.010986328125,1.4139084815979004,95.12088012695312,1.6601725816726685,17.71978021978022,0.17719780219780218,-0.9121478796005249,0.10160830616950989,0.17158342897891998,1.4296976327896118,1.6635979413986206,0.17932166159152985,-52.26222229003906,-0.9121478533703525,5.8217267990112305,0.10160830079433614,10.197802543640137,0.1779852308547731,81.91563415527344,1.4296975248686454,95.317138671875,1.6635979034042339,17.932166159152985,0.17932166159152985,False,False,0.0,0.0,0.0,0.0,0.0,0.0,0.0,0.0,0.36679649353027344,0.36679649353027344,0.0,0.0,0.0,0.0,0.0,0.0
3,279,10.73692532198038,10.749914797954261,False,-51.912086486816406,-0.9060367941856384,9.362637519836426,0.16340884566307068,13.934065818786621,0.2431953251361847,81.45054626464844,1.421580195426941,95.12088012695312,1.6601725816726685,17.71978021978022,0.17719780219780218,-0.9127293229103088,0.14250975847244263,0.16785502433776855,1.433418869972229,1.6723192930221558,0.17902925610542297,-52.295536041259766,-0.912729288015344,8.165206909179688,0.14250974467177516,9.934065818786621,0.1733821566476529,82.12884521484375,1.4334187598598132,95.81683349609375,1.6723192233420252,17.902925610542297,0.17902925610542297,False,False,0.0,0.0,0.0,0.0,0.0,0.0,0.0,0.0,0.3166818618774414,0.3166818618774414,0.0,0.0,0.0,0.0,0.0,0.0
3,280,10.770094297011383,10.782380643999204,False,-52.0,-0.9075711965560913,9.362637519836426,0.16340884566307068,13.582417488098145,0.2370579093694687,81.53845977783203,1.423114538192749,95.12088012695312,1.6601725816726685,17.71978021978022,0.17719780219780218,-0.9067903757095337,0.15260472893714905,0.14575961232185364,1.4403562545776367,1.665306568145752,0.17939741909503937,-51.955257415771484,-0.9067903056264128,8.743606567382812,0.1526047230998295,9.582417488098145,0.16724473546799717,82.52632904052734,1.440356161341415,95.41503143310547,1.665306454401574,17.939741909503937,0.17939741909503937,False,False,0.0,0.0,0.0,0.0,0.0,0.0,0.0,0.0,1.2310075759887695,1.2310075759887695,0.0,0.0,0.0,0.0,0.0,0.0
3,281,10.8033534969436,10.815925315022469,False,-52.0,-0.9075711965560913,9.186813354492188,0.16034014523029327,13.230769157409668,0.2309204787015915,81.53845977783203,1.423114538192749,95.12088012695312,1.6601725816726685,17.71978021978022,0.17719780219780218,-0.9126335978507996,0.16372951865196228,0.11951553821563721,1.4391558170318604,1.6674909591674805,0.1792675107717514,-52.2900505065918,-0.9126335473741557,9.381010055541992,0.16372951263190388,9.230769157409668,0.16110731428834144,82.45755004882812,1.4391557414800618,95.54019165039062,1.6674909122857116,17.92675107717514,0.1792675107717514,False,False,0.0,0.0,0.0,0.0,0.0,0.0,0.0,0.0,2.3830337524414062,2.3830337524414062,0.0,0.0,0.0,0.0,0.0,0.0
3,282,10.83758906996809,10.850027326028794,False,-52.0,-0.9075711965560913,9.274724960327148,0.16187448799610138,12.79120922088623,0.22324872016906738,81.62637329101562,1.4246490001678467,95.12088012695312,1.6601725816726685,17.71978021978022,0.17719780219780218,-0.908355176448822,0.13603529334068298,0.11589506268501282,1.4461669921875,1.668524980545044,0.17968203127384186,-52.04491424560547,-0.9083551125039162,7.794247627258301,0.13603528381141308,8.79120922088623,0.15343554613615018,82.85926055908203,1.446166912523859,95.59943389892578,1.6685248845789349,17.968203127384186,0.17968203127384186,False,False,0.0,0.0,0.0,0.0,0.0,0.0,0.0,0.0,2.150911808013916,2.150911808013916,0.0,0.0,0.0,0.0,0.0,0.0
3,283,10.870607662014663,10.882836685981601,False,-52.0,-0.9075711965560913,9.802197456359863,0.17108061909675598,12.351648330688477,0.2155769318342209,81.62637329101562,1.4246490001678467,95.12088012695312,1.6601725816726685,17.71978021978022,0.17719780219780218,-0.9045658707618713,0.15505924820899963,0.09904554486274719,1.4498039484024048,1.661403775215149,0.17924867570400238,-51.82780456542969,-0.9045658337468969,8.88424015045166,0.15505924216325787,8.351648330688477,0.1457637613392021,83.06764221191406,1.4498038584665256,95.19142150878906,1.6614037249821174,17.924867570400238,0.17924867570400238,False,False,0.0,0.0,0.0,0.0,0.0,0.0,0.0,0.0,2.6767568588256836,2.6767568588256836,0.0,0.0,0.0,0.0,0.0,0.0
3,284,10.903939004987478,10.91764612600673,False,-52.0,-0.9075711965560913,9.89011001586914,0.17261497676372528,12.087912559509277,0.21097387373447418,81.80220031738281,1.427717685699463,95.12088012695312,1.6601725816726685,17.71978021978022,0.17719780219780218,-0.899275004863739,0.2384052574634552,0.09892836213111877,1.4395633935928345,1.6645288467407227,0.17828461527824402,-51.524658203125,-0.8992749316092365,13.659614562988281,0.23840524867751187,8.087912559509277,0.1411607037768387,82.48090362548828,1.4395633382848985,95.37047576904297,1.664528811363271,17.828461527824402,0.17828461527824402,False,False,0.0,0.0,0.0,0.0,0.0,0.0,0.0,0.0,2.4197354316711426,2.4197354316711426,0.0,0.0,0.0,0.0,0.0,0.0
3,285,10.937897281022742,10.949928132002242,False,-52.0,-0.9075711965560913,9.89011001586914,0.17261497676372528,11.912087440490723,0.2079051434993744,82.68132019042969,1.4430612325668335,95.12088012695312,1.6601725816726685,17.71978021978022,0.17719780219780218,-0.9023842215538025,0.2625672519207001,0.1199503242969513,1.4262088537216187,1.666139006614685,0.17604336142539978,-51.70280456542969,-0.902384172181904,13.89011001586914,0.24242815324115832,7.912087440490723,0.13809197654225402,81.71574401855469,1.4262087838406416,95.46273040771484,1.6661389585583328,17.604336142539978,0.17604336142539978,False,False,0.0,0.0,0.0,0.0,0.0,1.1538848876953125,1.1538848876953125,0.0,1.039440631866455,1.039440631866455,0.0,0.0,0.0,0.0,0.0,0.0
3,286,10.97110642795451,10.98425361700356,False,-51.82417678833008,-0.9045025110244751,10.15384578704834,0.17721803486347198,11.384614944458008,0.1986990123987198,82.68132019042969,1.4430612325668335,95.12088012695312,1.6601725816726685,17.71978021978022,0.17719780219780218,-0.894956111907959,0.26202258467674255,0.11495804786682129,1.4148445129394531,1.6573660373687744,0.175584077835083,-51.27720642089844,-0.894956083269455,14.15384578704834,0.24703121080352172,7.384614944458008,0.12888584477277043,81.06461334228516,1.414844409679001,94.96007537841797,1.6573659732953938,17.5584077835083,0.175584077835083,False,False,0.0,0.0,0.0,0.0,0.0,0.8589420318603516,0.8589420318603516,0.0,0.798004150390625,0.798004150390625,0.0,0.0,0.0,0.0,0.0,0.0
3,287,11.004581884015352,11.01863891701214,False,-51.82417678833008,-0.9045025110244751,11.560439109802246,0.2017677277326584,10.769230842590332,0.18795853853225708,82.24176025390625,1.435389518737793,95.12088012695312,1.6601725816726685,17.71978021978022,0.17719780219780218,-0.9122658967971802,0.26571860909461975,0.10380280017852783,1.4166662693023682,1.655096173286438,0.17704856395721436,-52.26898193359375,-0.9122658314066431,15.224554061889648,0.26571859552785093,6.769230842590332,0.11814536603075129,81.16899108886719,1.4166661450226696,94.83001708984375,1.655096027940265,17.704856395721436,0.17704856395721436,False,False,0.0,0.0,0.0,0.0,0.0,0.0,0.0,0.0,0.8217687606811523,0.8217687606811523,0.0,0.0,0.0,0.0,0.0,0.0
3,288,11.038149841944687,11.050041883951053,False,-52.0,-0.9075711965560913,13.230769157409668,0.2309204787015915,10.329669952392578,0.18028675019741058,82.06593322753906,1.4323207139968872,95.12088012695312,1.6601725816726685,17.71978021978022,0.17719780219780218,-0.9177571535110474,0.3113591969013214,0.1117616593837738,1.4140223264694214,1.6573352813720703,0.17506293952465057,-52.5836067199707,-0.9177570698373047,17.230770111083984,0.3007336710926446,6.403470993041992,0.11176165238453367,81.01750946044922,1.4140222918504934,94.95831298828125,1.6573352137848034,17.506293952465057,0.17506293952465057,False,False,0.0,0.0,0.0,0.0,0.0,0.6087980270385742,0.6087970733642578,0.0,0.0,0.0,0.0,0.0,0.0,0.0,0.0,0.0
3,289,11.071427477989346,11.083613252965733,False,-52.087913513183594,-0.9091055989265442,14.725275039672852,0.2570045292377472,10.15384578704834,0.17721803486347198,81.80220031738281,1.427717685699463,95.12088012695312,1.6601725816726685,17.71978021978022,0.17719780219780218,-0.9061781167984009,0.28133895993232727,0.10612368583679199,1.4091849327087402,1.658494472503662,0.17428964376449585,-51.9201774597168,-0.9061780448918036,16.11953353881836,0.28133893413803357,6.15384578704834,0.10740487064397536,80.74034118652344,1.4091847928884191,95.02472686767578,1.6584943546492603,17.428964376449585,0.17428964376449585,False,False,0.0,0.0,0.0,0.0,0.0,0.0,0.0,0.0,0.07340669631958008,0.07340669631958008,0.0,0.0,0.0,0.0,0.0,0.0
3,290,11.10500142397359,11.117940708994865,False,-52.087913513183594,-0.9091055989265442,16.21977996826172,0.2830885648727417,9.89011001586914,0.17261497676372528,81.62637329101562,1.4246490001678467,95.12088012695312,1.6601725816726685,17.71978021978022,0.17719780219780218,-0.9136452674865723,0.3002948462963104,0.12127181887626648,1.396321177482605,1.6507819890975952,0.17388606071472168,-52.34801483154297,-0.9136452156932496,17.205625534057617,0.3002948154345132,6.948362827301025,0.12127180895958503,80.00330352783203,1.396321059033064,94.58283233642578,1.650781840132391,17.388606071472168,0.17388606071472168,False,False,0.0,0.0,0.0,0.0,0.0,0.0,0.0,0.0,0.0,0.0,0.0,0.0,0.0,0.0,0.0,0.0
3,291,11.138405104982667,11.150227895006537,False,-52.0,-0.9075711965560913,17.098901748657227,0.2984321415424347,9.450549125671387,0.16494320333003998,81.36264038085938,1.4200459718704224,95.12088012695312,1.6601725816726685,17.71978021978022,0.17719780219780218,-0.9118327498435974,0.29092124104499817,0.12771889567375183,1.3980045318603516,1.648621678352356,0.17288841307163239,-52.244163513183594,-0.9118326682553417,16.66855812072754,0.29092122076673405,7.317753314971924,0.12771888919498972,80.0997543334961,1.398004443158103,94.45906066894531,1.6486216170141732,17.28884130716324,0.17288841307163239,False,False,0.0,0.0,0.0,0.0,0.0,0.0,0.0,0.0,0.0,0.0,0.0,0.0,0.0,0.0,0.0,0.0
3,292,11.17206857597921,11.18290245893877,False,-52.087913513183594,-0.9091055989265442,17.36263656616211,0.303035169839859,9.362637519836426,0.16340884566307068,80.65933990478516,1.4077709913253784,95.12088012695312,1.6601725816726685,17.71978021978022,0.17719780219780218,-0.9060601592063904,0.2840753495693207,0.12073937058448792,1.4049218893051147,1.646031379699707,0.17312096059322357,-51.913421630859375,-0.9060601334345404,16.276317596435547,0.28407533215808994,6.917855739593506,0.12073935983389412,80.49609375,1.4049218709315292,94.3106460571289,1.6460312933799075,17.312096059322357,0.17312096059322357,False,False,0.0,0.0,0.0,0.0,0.0,0.0,0.0,0.0,0.0,0.0,0.0,0.0,0.0,0.0,0.0,0.0
3,293,11.205097377998754,11.217722213943489,False,-52.087913513183594,-0.9091055989265442,17.626373291015625,0.3076382577419281,9.362637519836426,0.16340884566307068,80.74725341796875,1.409305453300476,94.94505310058594,1.6571037769317627,17.71978021978022,0.17719780219780218,-0.909261167049408,0.3195982277393341,0.13903898000717163,1.3785583972930908,1.6526609659194946,0.17198777198791504,-52.096824645996094,-0.9092611199067612,18.311628341674805,0.3195982059637345,7.966346263885498,0.13903897165875098,78.9855728149414,1.3785583071944534,94.69049072265625,1.6526608334394963,17.198777198791504,0.17198777198791504,False,False,0.0,0.0,0.0,0.0,0.0,0.0,0.0,0.0,0.0,0.0,0.0,0.0,0.0,0.0,0.0,0.0
3,294,11.238529986003414,11.24965783697553,False,-52.087913513183594,-0.9091055989265442,17.626373291015625,0.3076382577419281,9.274724960327148,0.16187448799610138,80.83516693115234,1.4108397960662842,94.94505310058594,1.6571037769317627,17.71978021978022,0.17719780219780218,-0.9123315811157227,0.33550921082496643,0.14975877106189728,1.3468338251113892,1.6582281589508057,0.17057347297668457,-52.27274703979492,-0.9123315449065408,19.2232608795166,0.33550919531738566,8.580545425415039,0.14975876929042997,77.16789245605469,1.346833800183048,95.00946807861328,1.6582280385402526,17.057347297668457,0.17057347297668457,False,False,0.0,0.0,0.0,0.0,0.0,0.0,0.0,0.0,0.0,0.0,0.0,0.0,0.0,0.0,0.0,0.0
3,295,11.271868629031815,11.28441656602081,False,-52.087913513183594,-0.9091055989265442,17.80219841003418,0.3107069730758667,9.274724960327148,0.16187448799610138,80.48351287841797,1.4047023057937622,94.94505310058594,1.6571037769317627,17.71978021978022,0.17719780219780218,-0.9147973656654358,0.3591855466365814,0.15443463623523712,1.3329012393951416,1.6528284549713135,0.17013505101203918,-52.414024353027344,-0.9147972991808179,20.579814910888672,0.35918552964603073,8.8484525680542,0.1544346310190934,76.48351287841797,1.334889123219879,94.70008850097656,1.6528283462720623,17.01350510120392,0.17013505101203918,False,False,0.0,0.0,0.0,0.0,0.0,0.0,0.0,0.0,0.0,0.0,0.0,0.11389923095703125,0.11389923095703125,0.0,0.0,0.0
3,296,11.305352077935822,11.317653915961273,False,-52.087913513183594,-0.9091055989265442,18.769229888916016,0.3275848627090454,9.274724960327148,0.16187448799610138,79.25274658203125,1.3832213878631592,94.94505310058594,1.6571037769317627,17.6510989010989,0.17651098901098902,-0.9115008115768433,0.35091057419776917,0.15804238617420197,1.321739673614502,1.6599297523498535,0.1696508526802063,-52.22514724731445,-0.9115007718044905,20.105693817138672,0.35091055550693656,9.055161476135254,0.15804238205831012,75.7301025390625,1.3217396321795583,95.10696411132812,1.6599296653187585,16.96508526802063,0.1696508526802063,False,False,0.0,0.0,0.0,0.0,0.0,0.0,0.0,0.0,0.0,0.0,0.0,0.0,0.0,0.0,0.0,0.0
3,297,11.338878773967735,11.350694178021513,False,-52.17582321166992,-0.9106398820877075,19.91208839416504,0.3475314974784851,9.274724960327148,0.16187448799610138,77.84615325927734,1.3586716651916504,94.94505310058594,1.6571037769317627,17.445054945054945,0.17445054945054944,-0.9070868492126465,0.3663191497325897,0.1653006672859192,1.3189500570297241,1.655409336090088,0.1687563955783844,-51.97224426269531,-0.907086782034766,20.988540649414062,0.36631913952094425,9.471030235290527,0.16530066116175296,75.57026672363281,1.3189499709377004,94.84796142578125,1.6554092156844582,16.87563955783844,0.1687563955783844,False,False,0.0,0.0,0.0,0.0,0.0,0.0,0.0,0.0,0.0,0.0,0.0,0.0,0.0,0.0,0.0,0.0
3,298,11.37253058096394,11.383639349020086,False,-52.263736724853516,-0.9121742844581604,20.791208267211914,0.3628750443458557,9.362637519836426,0.16340884566307068,77.31867980957031,1.3494654893875122,94.94505310058594,1.6571037769317627,17.23901098901099,0.1723901098901099,-0.9047158360481262,0.40084317326545715,0.15181539952754974,1.3078242540359497,1.6505695581436157,0.16720826923847198,-51.836395263671875,-0.9047157697162684,22.96662139892578,0.40084316147024096,8.698381423950195,0.15181539544224365,74.93280792236328,1.3078242160097309,94.57066345214844,1.650569453035457,16.7208269238472,0.16720826923847198,False,False,0.0,0.0,0.0,0.0,0.0,0.0,0.0,0.0,0.0,0.0,0.0,0.0,0.0,0.0,0.0,0.0
3,299,11.407417131937109,11.418226112960838,False,-52.263736724853516,-0.9121742844581604,21.318681716918945,0.3720811903476715,9.626373291015625,0.16801190376281738,76.79120635986328,1.3402594327926636,94.94505310058594,1.6571037769317627,17.17032967032967,0.1717032967032967,-0.9131949543952942,0.3929454982280731,0.16537411510944366,1.2981821298599243,1.653953194618225,0.1681755781173706,-52.32221221923828,-0.9131948751529172,22.514118194580078,0.39294549067858375,9.475237846374512,0.16537409782881188,74.38035583496094,1.2981821081250444,94.76453399658203,1.6539531323584573,16.81755781173706,0.1681755781173706,False,False,0.0,0.0,0.0,0.0,0.0,0.0,0.0,0.0,0.0,0.0,0.0,0.0,0.0,0.0,0.0,0.0
3,300,11.439098919043317,11.610060813953169,False,-52.17582321166992,-0.9106398820877075,22.10988998413086,0.3858903646469116,9.626373291015625,0.16801190376281738,76.17582702636719,1.3295190334320068,94.94505310058594,1.6571037769317627,17.10164835164835,0.1710164835164835,-0.9090529084205627,0.3814750015735626,0.13382068276405334,1.3162415027618408,1.6626477241516113,0.17473068833351135,-52.08489227294922,-0.909052860709517,21.85690689086914,0.3814749895475034,7.667359828948975,0.13382067395030883,75.41507720947266,1.3162414029510352,95.2626953125,1.6626476875272935,17.473068833351135,0.17473068833351135,False,False,0.0,0.0,0.0,0.0,0.0,0.0,0.0,0.0,0.0,0.0,0.0,0.0,0.0,0.0,0.0,0.0
3,301,11.611543311038986,11.62284979398828,False,-52.263736724853516,-0.9121742844581604,23.340660095214844,0.4073713719844818,9.802197456359863,0.17108061909675598,74.5054931640625,1.3003661632537842,94.94505310058594,1.6571037769317627,16.964285714285715,0.16964285714285715,-0.9069709181785583,0.3622176945209503,0.12416881322860718,1.3252880573272705,1.6608161926269531,0.17628440260887146,-51.96560287475586,-0.9069708679483203,20.753543853759766,0.36221767170514046,7.114348411560059,0.12416880391575164,75.93341064453125,1.3252880280159798,95.15775299072266,1.6608160984875915,17.628440260887146,0.17628440260887146,False,False,0.0,0.0,0.0,0.0,0.0,0.0,0.0,0.0,0.0,0.0,0.0,0.0,0.0,0.0,0.0,0.0
3,302,11.645848767948337,11.656885565025732,False,-52.263736724853516,-0.9121742844581604,23.340660095214844,0.4073713719844818,9.802197456359863,0.17108061909675598,75.03296661376953,1.3095723390579224,94.94505310058594,1.6571037769317627,16.964285714285715,0.16964285714285715,-0.9006410241127014,0.36968913674354553,0.1247887909412384,1.320336937904358,1.658761978149414,0.1738860011100769,-51.602928161621094,-0.9006410000903927,21.181625366210938,0.36968910356433055,7.149870872497559,0.12478878781752209,75.64972686767578,1.3203368120753591,95.04005432128906,1.6587618691807589,17.38860011100769,0.1738860011100769,False,False,0.0,0.0,0.0,0.0,0.0,0.0,0.0,0.0,0.0,0.0,0.0,0.0,0.0,0.0,0.0,0.0
3,303,11.679218080942519,11.690387974027544,False,-52.263736724853516,-0.9121742844581604,23.340660095214844,0.4073713719844818,9.802197456359863,0.17108061909675598,75.20879364013672,1.3126410245895386,94.94505310058594,1.6571037769317627,16.964285714285715,0.16964285714285715,-0.8878984451293945,0.35334357619285583,0.1216815710067749,1.3232619762420654,1.6559041738510132,0.1656164675951004,-50.87282943725586,-0.8878983734856087,20.245094299316406,0.3533435528998057,6.971839904785156,0.12168156126042895,75.81732177734375,1.3232618950586477,94.87631225585938,1.6559040310149948,16.56164675951004,0.1656164675951004,False,False,0.0,0.0,0.0,0.0,0.0,0.0,0.0,0.0,0.0,0.0,0.0,0.0,0.0,0.0,0.0,0.0
3,304,11.713017120026052,11.724212483968586,False,-52.263736724853516,-0.9121742844581604,23.340660095214844,0.4073713719844818,9.626373291015625,0.16801190376281738,75.20879364013672,1.3126410245895386,94.94505310058594,1.6571037769317627,16.964285714285715,0.16964285714285715,-0.8965842127799988,0.3574170172214508,0.10387077927589417,1.3239691257476807,1.6553318500518799,0.16990402340888977,-51.370487213134766,-0.8965841402228477,20.478485107421875,0.3574169909451364,5.951356887817383,0.10387077265365614,75.85784149169922,1.3239690974861182,94.84352111816406,1.6553317176967368,16.990402340888977,0.16990402340888977,False,False,0.0,0.0,0.0,0.0,0.0,0.0,0.0,0.0,0.0,0.0,0.0,0.0,0.0,0.0,0.0,0.0
3,305,11.746871400042437,11.75812437501736,False,-52.087913513183594,-0.9091055989265442,23.16483497619629,0.4043026268482208,9.538461685180664,0.16647756099700928,75.03296661376953,1.3095723390579224,94.94505310058594,1.6571037769317627,16.964285714285715,0.16964285714285715,-0.9030901193618774,0.3435540497303009,0.10769882798194885,1.3234494924545288,1.6462111473083496,0.1700325906276703,-51.743247985839844,-0.9030900430288296,19.68419647216797,0.3435540390487834,6.170688152313232,0.10769882537167125,75.82806396484375,1.323449381599389,94.3209457397461,1.646211056753488,17.00325906276703,0.1700325906276703,False,False,0.0,0.0,0.0,0.0,0.0,0.0,0.0,0.0,0.0,0.0,0.0,0.0,0.0,0.0,0.0,0.0
3,306,11.78010475996416,11.791796208941378,False,-52.0,-0.9075711965560913,23.16483497619629,0.4043026268482208,9.186813354492188,0.16034014523029327,75.47252655029297,1.317244052886963,94.94505310058594,1.6571037769317627,16.964285714285715,0.16964285714285715,-0.9008365273475647,0.3876987397670746,0.08727565407752991,1.3211596012115479,1.663693904876709,0.1712634414434433,-51.61412811279297,-0.9008364761144045,22.2135009765625,0.38769873043599135,5.1868133544921875,0.0905269707223005,75.69686126708984,1.3211594625360845,95.3226318359375,1.6636937772034766,17.12634414434433,0.1712634414434433,False,False,0.0,0.0,0.0,0.0,0.0,0.0,0.0,0.0,0.18628692626953125,0.18628692626953125,0.0,0.0,0.0,0.0,0.0,0.0
3,307,11.813726417021826,11.824774445034564,False,-51.736263275146484,-0.9029681086540222,23.16483497619629,0.4043026268482208,9.01098918914795,0.15727142989635468,75.73626708984375,1.3218472003936768,94.94505310058594,1.6571037769317627,16.964285714285715,0.16964285714285715,-0.8989578485488892,0.3695025146007538,0.10508787631988525,1.3226150274276733,1.6596522331237793,0.16960066556930542,-51.50648880004883,-0.8989578157024354,21.17093276977539,0.3695024825509432,6.021091461181641,0.10508787056133598,75.78025817871094,1.3226150132298673,95.091064453125,1.6596521639331723,16.960066556930542,0.16960066556930542,False,False,0.0,0.0,0.0,0.0,0.0,0.0,0.0,0.0,0.0,0.0,0.0,0.0,0.0,0.0,0.0,0.0
3,308,11.847350507974625,11.858481572940946,False,-51.56044006347656,-0.899899423122406,23.16483497619629,0.4043026268482208,8.659340858459473,0.15113401412963867,75.73626708984375,1.3218472003936768,94.94505310058594,1.6571037769317627,16.964285714285715,0.16964285714285715,-0.9015679359436035,0.4153565466403961,0.09581896662712097,1.3118822574615479,1.658933401107788,0.16880568861961365,-51.656036376953125,-0.9015679133077947,23.798175811767578,0.41535652388381855,5.4900221824646,0.09581896309153216,75.16531372070312,1.311882207720739,95.04987335205078,1.6589332435969055,16.880568861961365,0.16880568861961365,False,False,0.0,0.0,0.0,0.0,0.0,0.0,0.0,0.0,0.0,0.0,0.0,0.0,0.0,0.0,0.0,0.0
3,309,11.881429733941332,11.89292736898642,False,-51.47252655029297,-0.8983650803565979,23.340660095214844,0.4073713719844818,8.307692527770996,0.14499658346176147,75.38461303710938,1.3157097101211548,94.94505310058594,1.6571037769317627,16.964285714285715,0.16964285714285715,-0.9021285176277161,0.41860195994377136,0.10567697882652283,1.3108199834823608,1.6559988260269165,0.1593589186668396,-51.68815231323242,-0.9021284421382292,23.9841251373291,0.41860195185673,6.054844379425049,0.10567697011683991,75.10444641113281,1.3108198727619065,94.8817367553711,1.6559987063917472,15.93589186668396,0.1593589186668396,False,False,0.0,0.0,0.0,0.0,0.0,0.0,0.0,0.0,0.0,0.0,0.0,0.0,0.0,0.0,0.0,0.0
3,310,11.915484615950845,11.928256614948623,False,-51.56044006347656,-0.899899423122406,23.516483306884766,0.410440057516098,8.307692527770996,0.14499658346176147,75.20879364013672,1.3126410245895386,94.94505310058594,1.6571037769317627,16.964285714285715,0.16964285714285715,-0.9055686593055725,0.4232330024242401,0.07075604796409607,1.3169405460357666,1.6569225788116455,0.16723471879959106,-51.885257720947266,-0.905568580476339,24.24946403503418,0.423232989255296,4.307692527770996,0.07518341777316115,75.45513153076172,1.3169404827371811,94.93466186523438,1.656922423815841,16.723471879959106,0.16723471879959106,False,False,0.0,0.0,0.0,0.0,0.0,0.0,0.0,0.0,0.25366973876953125,0.25366973876953125,0.0,0.0,0.0,0.0,0.0,0.0
3,311,11.949099638033658,11.963081163004972,False,-51.736263275146484,-0.9029681086540222,24.30769157409668,0.4242492616176605,8.219779968261719,0.14346222579479218,75.47252655029297,1.317244052886963,94.94505310058594,1.6571037769317627,16.826923076923077,0.16826923076923075,-0.9066011905670166,0.413398414850235,0.07649463415145874,1.318644404411316,1.6574290990829468,0.1611660271883011,-51.944419860839844,-0.90660115460999,23.685983657836914,0.41339840140282413,4.382819652557373,0.07649463345824008,75.5527572631836,1.3186443732026136,94.96368408203125,1.6574289570551741,16.11660271883011,0.1611660271883011,False,False,0.0,0.0,0.0,0.0,0.0,0.0,0.0,0.0,0.0,0.0,0.0,0.0,0.0,0.0,0.0,0.0
3,312,11.982746477006003,11.995935461018234,False,-51.912086486816406,-0.9060367941856384,24.83516502380371,0.4334554076194763,7.956043720245361,0.13885915279388428,75.64835357666016,1.3203128576278687,94.94505310058594,1.6571037769317627,16.62087912087912,0.1662087912087912,-0.9115414619445801,0.4266503155231476,0.0490078330039978,1.3245643377304077,1.6581979990005493,0.16139811277389526,-52.227474212646484,-0.9115413850111143,24.445261001586914,0.4266502909870584,3.9560437202453613,0.06904598827112701,75.8919448852539,1.324564313989751,95.00774383544922,1.6581979448199347,16.139811277389526,0.16139811277389526,False,False,0.0,0.0,0.0,0.0,0.0,0.0,0.0,0.0,1.148101806640625,1.148101806640625,0.0,0.0,0.0,0.0,0.0,0.0
3,313,12.015785644995049,12.03046695701778,False,-52.0,-0.9075711965560913,24.923076629638672,0.4349897503852844,7.604395389556885,0.13272173702716827,75.73626708984375,1.3218472003936768,94.94505310058594,1.6571037769317627,16.62087912087912,0.1662087912087912,-0.914404034614563,0.45019325613975525,0.06321841478347778,1.3121155500411987,1.6531251668930054,0.15851595997810364,-52.3914909362793,-0.9144040168668404,25.794172286987305,0.45019323423460417,3.622148036956787,0.06321840923954518,75.17868041992188,1.31211550063223,94.71708679199219,1.6531250224174971,15.851595997810364,0.15851595997810364,False,False,0.0,0.0,0.0,0.0,0.0,0.0,0.0,0.0,0.0,0.0,0.0,0.0,0.0,0.0,0.0,0.0
3,314,12.049224206944928,12.063231069943868,False,-51.82417678833008,-0.9045025110244751,24.923076629638672,0.4349897503852844,7.340659141540527,0.12811866402626038,75.47252655029297,1.317244052886963,94.94505310058594,1.6571037769317627,16.346153846153847,0.16346153846153846,-0.8989646434783936,0.45151570439338684,0.11065372824668884,1.3053433895111084,1.6484780311584473,0.07204759120941162,-51.50687789916992,-0.898964606763215,25.869943618774414,0.45151569345291026,6.339991092681885,0.11065371911441187,74.79066467285156,1.3053433482962675,94.4508285522461,1.6484779394733633,11.346153846153847,0.11346153846153846,False,True,4.141394725212685,0.0,0.0,0.0,0.0,0.0,0.0,0.0,0.0,0.0,0.0,0.0,0.0,0.0,0.0,0.0
3,315,12.083725459990092,12.096623247023672,False,-51.736263275146484,-0.9029681086540222,25.36263656616211,0.4426615238189697,6.637362480163574,0.11584382504224777,75.73626708984375,1.3218472003936768,94.94505310058594,1.6571037769317627,16.208791208791208,0.16208791208791207,-0.9044473171234131,0.45243439078330994,0.09205970168113708,1.296797752380371,1.6419497728347778,0.03211179003119469,-51.82101058959961,-0.9044472564993612,25.922578811645508,0.4524343508709331,5.274631977081299,0.09205969483104674,74.30103302001953,1.2967976638323666,94.07678985595703,1.6419497326932522,11.208791208791208,0.11208791208791208,False,True,7.997612205671739,0.0,0.0,0.0,0.0,0.0,0.0,0.0,0.0,0.0,0.0,0.0,0.0,0.0,0.0,0.0
3,316,12.11686045001261,12.127943865023553,False,-51.736263275146484,-0.9029681086540222,25.9780216217041,0.45340201258659363,6.549450397491455,0.11430947482585907,74.85713958740234,1.3065035343170166,94.94505310058594,1.6571037769317627,15.728021978021978,0.15728021978021978,-0.903942346572876,0.45761629939079285,0.08708071708679199,1.2959797382354736,1.6334705352783203,0.01425669714808464,-51.79207992553711,-0.9039423211566822,26.219480514526367,0.457616263140982,4.9893574714660645,0.08708071543606186,74.25416564941406,1.295979673903549,93.5909652709961,1.633470494098549,10.728021978021978,0.10728021978021979,False,True,9.302352263213514,0.0,0.0,0.0,0.0,0.0,0.0,0.0,0.0,0.0,0.0,0.0,0.0,0.0,0.0,0.0
3,317,12.150316691957414,12.162758550024591,False,-51.912086486816406,-0.9060367941856384,26.505495071411133,0.4626081585884094,6.8131866455078125,0.11891254037618637,74.76923370361328,1.304969310760498,94.94505310058594,1.6571037769317627,14.354395604395604,0.14354395604395603,-0.9016082286834717,0.44185325503349304,0.0871509313583374,1.299798607826233,1.6349446773529053,0.017243288457393646,-51.65834426879883,-0.9016081936192822,25.316326141357422,0.4418532456753984,4.993380069732666,0.08715092302029907,74.47296905517578,1.299798513748668,93.67542266845703,1.6349445537619076,9.354395604395604,0.09354395604395604,False,True,7.630066758656239,0.0,0.0,0.0,0.0,0.0,0.0,0.0,0.0,0.0,0.0,0.0,0.0,0.0,0.0,0.0
3,318,12.18375456193462,12.194721493986435,False,-52.0,-0.9075711965560913,26.94505500793457,0.4702799320220947,6.901098728179932,0.12044689059257507,75.20879364013672,1.3126410245895386,94.5934066772461,1.6509664058685303,12.843406593406591,0.12843406593406592,-0.895669162273407,0.4141874611377716,0.08892622590065002,1.3045191764831543,1.6366764307022095,0.07250424474477768,-51.31806182861328,-0.8956691446513237,23.731191635131836,0.41418742945478737,5.095097064971924,0.08892621949245952,74.74343872070312,1.304519099938888,93.77464294433594,1.6366762742607317,7.843406593406591,0.07843406593406592,False,True,0.5929821189288234,0.0,0.0,0.0,0.0,0.0,0.0,0.0,0.0,0.0,0.0,0.0,0.0,0.0,0.0,0.0
3,319,12.217201091931202,12.254215460969135,False,-52.0,-0.9075711965560913,26.94505500793457,0.4702799320220947,6.901098728179932,0.12044689059257507,74.5054931640625,1.3003661632537842,94.4175796508789,1.6478976011276245,11.675824175824175,0.11675824175824175,-0.9046710133552551,0.40673670172691345,0.0598488450050354,1.3083136081695557,1.6286195516586304,0.10943733155727386,-51.83382797241211,-0.9046709620309278,23.30429458618164,0.40673667038355904,3.4290859699249268,0.05984884050913322,74.96084594726562,1.3083135718600327,93.31301879882812,1.628619413014915,10.943733155727386,0.10943733155727386,False,False,0.0,0.0,0.0,0.0,0.0,0.0,0.0,0.0,0.0,0.0,0.0,0.0,0.0,0.0,0.0,0.0
3,320,12.255668016965501,12.2683964780299,False,-51.912086486816406,-0.9060367941856384,26.769229888916016,0.46721118688583374,6.8131866455078125,0.11891254037618637,74.5934066772461,1.3019005060195923,94.4175796508789,1.6478976011276245,10.096153846153847,0.10096153846153846,-0.902376651763916,0.42829248309135437,0.06433913111686707,1.3066914081573486,1.6424161195755005,0.0965007022023201,-51.702369689941406,-0.9023765821727973,24.539350509643555,0.42829246269422855,3.6863603591918945,0.06433912568289937,74.8678970336914,1.306691307282011,94.10350799560547,1.642416052200125,9.65007022023201,0.0965007022023201,False,False,0.0,0.0,0.0,0.0,0.0,0.0,0.0,0.0,0.0,0.0,0.0,0.0,0.0,0.0,0.0,0.0
3,321,12.289479868952185,12.300749351968989,False,-51.82417678833008,-0.9045025110244751,26.681318283081055,0.46567684412002563,6.8131866455078125,0.11891254037618637,74.94505310058594,1.3080378770828247,94.32967376708984,1.646363377571106,9.271978021978022,0.09271978021978022,-0.8965705633163452,0.4453294575214386,0.07247459888458252,1.298264741897583,1.6303845643997192,0.028725650161504745,-51.36970520019531,-0.8965704915222611,25.5154972076416,0.4453294365567652,4.1524882316589355,0.07247459179276546,74.38508605957031,1.2982646661188368,93.41414642333984,1.630384423027365,4.271978021978022,0.04271978021978022,False,True,1.3994130058275474,0.0,0.0,0.0,0.0,0.0,0.0,0.0,0.0,0.0,0.0,0.0,0.0,0.0,0.0,0.0
3,322,12.322686005965807,12.33410588093102,False,-51.82417678833008,-0.9045025110244751,26.681318283081055,0.46567684412002563,6.637362480163574,0.11584382504224777,74.94505310058594,1.3080378770828247,94.24176025390625,1.6448290348052979,9.271978021978022,0.09271978021978022,-0.8956476449966431,0.4197365343570709,0.09539526700973511,1.297322392463684,1.6281471252441406,0.02543100342154503,-51.31682586669922,-0.8956475730464941,24.049131393432617,0.419736525060131,5.46574592590332,0.09539526248447897,74.33109283447266,1.2973223065671122,93.28595733642578,1.6281471013955895,4.271978021978022,0.04271978021978022,False,True,1.728877679823519,0.0,0.0,0.0,0.0,0.0,0.0,0.0,0.0,0.0,0.0,0.0,0.0,0.0,0.0,0.0
3,323,12.355978404986672,12.36690266104415,False,-51.736263275146484,-0.9029681086540222,26.769229888916016,0.46721118688583374,6.549450397491455,0.11430947482585907,74.76923370361328,1.304969310760498,94.24176025390625,1.6448290348052979,9.340659340659341,0.09340659340659341,-0.9031490683555603,0.4496484696865082,0.08238402009010315,1.2971043586730957,1.6467533111572266,0.026072122156620026,-51.74662780761719,-0.9031490320469748,25.762958526611328,0.44964845134411485,4.720256328582764,0.08238401447186855,74.318603515625,1.2971043268318894,94.35201263427734,1.646753276351428,4.340659340659341,0.04340659340659341,False,True,1.7334471249973387,0.0,0.0,0.0,0.0,0.0,0.0,0.0,0.0,0.0,0.0,0.0,0.0,0.0,0.0,0.0
3,324,12.38933544093743,12.400998853961937,False,-51.64834976196289,-0.9014337658882141,26.85714340209961,0.4687455892562866,6.461538314819336,0.11277511715888977,74.68132019042969,1.30343496799469,93.97801971435547,1.640225887298584,8.85989010989011,0.08859890109890109,-0.8993210196495056,0.4485202729701996,0.07725262641906738,1.2945572137832642,1.6401604413986206,0.009306814521551132,-51.52729415893555,-0.8993209377170677,25.69831657409668,0.4485202364378164,4.426249027252197,0.07725261903874706,74.17266082763672,1.294557146407283,93.9742660522461,1.640160354756828,3.8598901098901095,0.038598901098901094,False,True,2.9292086577349963,0.0,0.0,0.0,0.0,0.0,0.0,0.0,0.0,0.0,0.0,0.0,0.0,0.0,0.0,0.0
3,325,12.422853742027655,12.436273531988263,False,-51.64834976196289,-0.9014337658882141,26.85714340209961,0.4687455892562866,6.461538314819336,0.11277511715888977,74.76923370361328,1.304969310760498,93.97801971435547,1.640225887298584,7.0054945054945055,0.07005494505494506,-0.8996197581291199,0.46354052424430847,0.05942195653915405,1.2969895601272583,1.638129711151123,0.005720585584640503,-51.544410705566406,-0.8996196778123473,26.558914184570312,0.4635404982753769,3.4046270847320557,0.05942195243115034,74.31202697753906,1.2969895445889068,93.85791015625,1.638129561267588,2.0054945054945055,0.020054945054945053,False,True,1.4334359470304552,0.0,0.0,0.0,0.0,0.0,0.0,0.0,0.0,0.0,0.0,0.0,0.0,0.0,0.0,0.0
3,326,12.456374955945648,12.469685388030484,False,-51.64834976196289,-0.9014337658882141,26.85714340209961,0.4687455892562866,6.461538314819336,0.11277511715888977,74.76923370361328,1.304969310760498,94.06593322753906,1.641760230064392,5.700549450549451,0.057005494505494504,-0.8935954570770264,0.44461700320243835,0.06869551539421082,1.3021801710128784,1.626926302909851,0.0041247084736824036,-51.19924545288086,-0.8935954076895063,25.47467613220215,0.4446169743861418,3.9359629154205322,0.06869551211048339,74.60942077636719,1.3021800455534713,93.21600341796875,1.6269261751938426,0.7005494505494507,0.0070054945054945075,False,True,0.28807860318121037,0.0,0.0,0.0,0.0,0.0,0.0,0.0,0.0,0.0,0.0,0.0,0.0,0.0,0.0,0.0
3,327,12.489818203030154,12.500500613008626,False,-51.64834976196289,-0.9014337658882141,27.120878219604492,0.47334861755371094,6.373626232147217,0.11124075949192047,74.76923370361328,1.304969310760498,94.06593322753906,1.641760230064392,4.807692307692308,0.04807692307692309,-0.9000157713890076,0.470038503408432,0.03934064507484436,1.3047442436218262,1.6278926134109497,0.006225332617759705,-51.567100524902344,-0.9000156898664421,26.93122100830078,0.47003847817711575,2.373626232147217,0.04142759296267621,74.75633239746094,1.3047441370509996,93.27136993408203,1.627892503195378,0.6225332617759705,0.006225332617759705,False,False,0.0,0.0,0.0,0.0,0.0,0.0,0.0,0.0,0.11957359313964844,0.11957335472106934,0.0,0.0,0.0,0.0,0.0,0.0
3,328,12.523121381993406,12.534453867003322,False,-51.64834976196289,-0.9014337658882141,27.296703338623047,0.47641733288764954,6.285714149475098,0.10970640927553177,74.5054931640625,1.3003661632537842,93.97801971435547,1.640225887298584,3.2280219780219785,0.032280219780219783,-0.8922796845436096,0.4561026394367218,0.031444549560546875,1.3056925535202026,1.6327866315841675,0.004897594451904297,-51.12385559082031,-0.8922796063739253,26.132755279541016,0.45610262224592185,2.2857141494750977,0.039893237667762274,74.8106689453125,1.3056924887151768,93.5517807006836,1.6327865943306166,0.4897594451904297,0.004897594451904297,False,False,0.0,0.0,0.0,0.0,0.0,0.0,0.0,0.0,0.48407411575317383,0.4840742349624634,0.0,0.0,0.0,0.0,0.0,0.0
3,329,12.556880031945184,12.56851872394327,False,-51.64834976196289,-0.9014337658882141,27.296703338623047,0.47641733288764954,6.02197790145874,0.10510334372520447,74.68132019042969,1.30343496799469,93.89010620117188,1.6386914253234863,2.2664835164835164,0.022664835164835164,-0.8888747692108154,0.44483670592308044,0.05441564321517944,1.30433988571167,1.6265790462493896,0.004389673471450806,-50.928768157958984,-0.8888746883412318,25.48726463317871,0.4448366851760733,3.117786407470703,0.0544156381842893,74.73316955566406,1.3043398691975256,93.19610595703125,1.6265788989876964,0.43896734714508057,0.004389673471450806,False,False,0.0,0.0,0.0,0.0,0.0,0.0,0.0,0.0,0.0,0.0,0.0,0.0,0.0,0.0,0.0,0.0
3,330,12.590893695014529,12.764369530952536,False,-51.64834976196289,-0.9014337658882141,27.47252655029297,0.47948604822158813,5.494505405426025,0.09589721262454987,74.5934066772461,1.3019005060195923,93.89010620117188,1.6386914253234863,1.7170329670329672,0.017170329670329672,-0.9091602563858032,0.4295520484447479,0.0444602370262146,1.2950196266174316,1.6312981843948364,0.009851403534412384,-52.091041564941406,-0.9091601861014471,24.61151885986328,0.42955203802129516,2.5473837852478027,0.044460234364490314,74.19915771484375,1.2950196043305753,93.46649932861328,1.6312981535973712,0.9851403534412384,0.009851403534412384,False,False,0.0,0.0,0.0,0.0,0.0,0.0,0.0,0.0,0.0,0.0,0.0,0.0,0.0,0.0,0.0,0.0
3,331,12.765654864022508,12.777106603956781,False,-50.85714340209961,-0.8876246213912964,27.47252655029297,0.47948604822158813,5.406593322753906,0.09436285495758057,74.68132019042969,1.30343496799469,93.71428680419922,1.6356228590011597,1.0302197802197801,0.0103021978021978,-0.9099534153938293,0.4191308319568634,0.056947916746139526,1.2956372499465942,1.6361916065216064,0.005766622722148895,-52.1364860534668,-0.9099533420531,24.014427185058594,0.41913082235970606,3.2628750801086426,0.056947913229169554,74.23454284667969,1.2956371913873648,93.74687194824219,1.6361915789423374,0.5766622722148895,0.005766622722148895,False,False,0.0,0.0,0.0,0.0,0.0,0.0,0.0,0.0,0.0,0.0,0.0,0.0,0.0,0.0,0.0,0.0
3,332,12.799221166991629,12.810204459005035,False,-50.85714340209961,-0.8876246213912964,27.47252655029297,0.47948604822158813,5.406593322753906,0.09436285495758057,74.5934066772461,1.3019005060195923,93.71428680419922,1.6356228590011597,1.0302197802197801,0.0103021978021978,-0.9018594026565552,0.3869093358516693,0.01934736967086792,1.3124265670776367,1.6434463262557983,0.006137490272521973,-51.672733306884766,-0.9018593297100767,23.47252655029297,0.4096728720643987,1.4065933227539062,0.024549684718622938,75.19650268554688,1.3124265578475511,94.16253662109375,1.6434462960678222,0.6137490272521973,0.006137490272521973,False,False,0.0,0.0,0.0,0.0,0.0,1.3042564392089844,1.3042564392089844,0.0,0.29807090759277344,0.2980707883834839,0.0,0.0,0.0,0.0,0.0,0.0
3,333,12.832769143977202,12.84404097800143,False,-51.20878982543945,-0.8937619924545288,27.47252655029297,0.47948604822158813,5.406593322753906,0.09436285495758057,74.5934066772461,1.3019005060195923,93.71428680419922,1.6356228590011597,1.0302197802197801,0.0103021978021978,-0.9019577503204346,0.3601810038089752,0.02429342269897461,1.3102744817733765,1.6278201341629028,0.005686655640602112,-51.67837142944336,-0.9019577335123551,23.47252655029297,0.4096728720643987,1.4065933227539062,0.024549684718622938,75.07319641113281,1.3102744573706582,93.26721954345703,1.6278200652137278,0.5686655640602112,0.005686655640602112,False,False,0.0,0.0,0.0,0.0,0.0,2.8356761932373047,2.8356761932373047,0.0,0.014682769775390625,0.014682769775390625,0.0,0.0,0.0,0.0,0.0,0.0
3,334,12.866228519938886,12.877094366005622,False,-51.47252655029297,-0.8983650803565979,27.47252655029297,0.47948604822158813,5.318681240081787,0.09282849729061127,74.68132019042969,1.30343496799469,93.71428680419922,1.6356228590011597,1.0302197802197801,0.0103021978021978,-0.901378333568573,0.35068920254707336,0.006006091833114624,1.3317477703094482,1.6072213649749756,0.003250226378440857,-51.645172119140625,-0.9013782962381811,23.47252655029297,0.4096728720643987,1.318681240081787,0.023015329423709003,76.30352020263672,1.3317476583980217,92.08699798583984,1.607221313130292,0.3250226378440857,0.003250226378440857,False,False,0.0,0.0,0.0,0.0,0.0,3.3795166015625,3.3795166015625,0.0,0.9745573997497559,0.9745575189590454,0.0,0.0,0.0,0.0,0.0,0.0
3,335,12.899789877934381,12.912256109993905,False,-51.82417678833008,-0.9045025110244751,27.47252655029297,0.47948604822158813,4.703296661376953,0.08208800852298737,74.85713958740234,1.3065035343170166,93.71428680419922,1.6356228590011597,1.0302197802197801,0.0103021978021978,-0.9032750129699707,0.3221465051174164,-0.020681679248809814,1.3612231016159058,1.5688214302062988,0.004436850547790527,-51.753841400146484,-0.9032749329875083,23.47252655029297,0.4096728720643987,0.7032966613769531,0.012274842359311469,77.9923324584961,1.3612229927108006,89.8868408203125,1.5688213265304938,0.44368505477905273,0.004436850547790527,False,False,0.0,0.0,0.0,0.0,0.0,5.014892578125,5.014892578125,0.0,1.8882694244384766,1.8882695436477661,0.0,0.0,0.0,0.0,0.0,0.0
3,336,12.93360337393824,12.945003759930842,False,-51.82417678833008,-0.9045025110244751,27.47252655029297,0.47948604822158813,4.351648330688477,0.07595059275627136,74.5054931640625,1.3003661632537842,93.62637329101562,1.6340885162353516,1.0302197802197801,0.0103021978021978,-0.9042407870292664,0.3642236888408661,-0.024809837341308594,1.322352409362793,1.587022066116333,0.005106694996356964,-51.80917739868164,-0.9042407283568256,23.47252655029297,0.4096728720643987,0.35164833068847656,0.006137421179655734,75.76520538330078,1.322352292388331,90.9296646118164,1.5870220352103679,0.5106694996356964,0.005106694996356964,False,False,0.0,0.0,0.0,0.0,0.0,2.6040477752685547,2.6040477752685547,0.0,1.7731471061706543,1.7731472253799438,0.0,0.0,0.0,0.0,0.0,0.0
3,337,12.966844203998335,12.977831837954,False,-51.82417678833008,-0.9045025110244751,27.384614944458008,0.47795170545578003,3.912087917327881,0.06827881187200546,75.73626708984375,1.3218472003936768,92.65933990478516,1.6172105073928833,1.0302197802197801,0.0103021978021978,-0.898210346698761,0.34138843417167664,-0.014148622751235962,1.3334325551986694,1.5747472047805786,0.006315857172012329,-51.46365737915039,-0.8982102663844501,23.384614944458008,0.40813852509186316,-0.08791208267211914,-0.0015343552949139336,76.40005493164062,1.3334325072616602,90.22636413574219,1.5747471262720292,0.6315857172012329,0.006315857172012329,False,False,0.0,0.0,0.0,0.0,0.0,3.8244991302490234,3.8244991302490234,0.0,0.7227439880371094,0.7227442264556885,0.0,0.0,0.0,0.0,0.0,0.0
3,338,13.000431730994023,13.01130837900564,False,-51.736263275146484,-0.9029681086540222,27.384614944458008,0.47795170545578003,3.472527503967285,0.06060703843832016,76.87911987304688,1.3417937755584717,91.34066009521484,1.5941952466964722,1.0302197802197801,0.0103021978021978,-0.8978276252746582,0.32626065611839294,-0.031958162784576416,1.3479348421096802,1.5782318115234375,0.006570734083652496,-51.44173049926758,-0.8978275701358057,23.384614944458008,0.40813852509186316,-0.5274724960327148,-0.009206131769483601,77.23097229003906,1.3479347509776867,90.42601776123047,1.5782317394003433,0.6570734083652496,0.006570734083652496,False,False,0.0,0.0,0.0,0.0,0.0,4.691257476806641,4.691257476806641,0.0,1.3035955429077148,1.3035953044891357,0.0,0.0,0.0,0.0,0.0,0.0
3,339,13.034215686959215,13.047152803977951,False,-51.56044006347656,-0.899899423122406,27.384614944458008,0.47795170545578003,3.296703338623047,0.05753832682967186,76.52747344970703,1.3356564044952393,91.16483306884766,1.5911264419555664,1.0302197802197801,0.0103021978021978,-0.8927236795425415,0.286079078912735,-0.04296359419822693,1.3632005453109741,1.5513156652450562,0.005197145044803619,-51.149295806884766,-0.8927236219066689,23.384614944458008,0.40813852509186316,-0.7032966613769531,-0.012274842359311469,78.10563659667969,1.363200522978239,88.88383483886719,1.551315569737076,0.5197145044803619,0.005197145044803619,False,False,0.0,0.0,0.0,0.0,0.0,6.993492126464844,6.993492126464844,0.0,1.758336067199707,1.758335828781128,0.0,0.0,0.0,0.0,0.0,0.0
3,340,13.067342843976803,13.080270397942513,False,-51.38461685180664,-0.8968307375907898,27.384614944458008,0.47795170545578003,2.769230842590332,0.04833219572901726,76.17582702636719,1.3295190334320068,91.16483306884766,1.5911264419555664,1.0302197802197801,0.0103021978021978,-0.8829134106636047,0.2656577527523041,-0.052832603454589844,1.3729373216629028,1.5362443923950195,0.005454897880554199,-50.58720779418945,-0.882913335399144,23.384614944458008,0.40813852509186316,-1.230769157409668,-0.02148097412879507,78.66351318359375,1.3729373062396777,88.02031707763672,1.536244341654154,0.5454897880554199,0.005454897880554199,False,False,0.0,0.0,0.0,0.0,0.0,8.16354751586914,8.16354751586914,0.0,1.796316146850586,1.7963159084320068,0.0,0.0,0.0,0.0,0.0,0.0
3,341,13.100797121995129,13.113290025969036,False,-51.38461685180664,-0.8968307375907898,27.384614944458008,0.47795170545578003,2.4175825119018555,0.042194776237010956,76.87911987304688,1.3417937755584717,90.81318664550781,1.584989070892334,1.0302197802197801,0.0103021978021978,-0.8867347836494446,0.25910618901252747,-0.06054878234863281,1.3802821636199951,1.5381624698638916,0.005604155361652374,-50.806156158447266,-0.8867347052472987,23.384614944458008,0.40813852509186316,-1.5824174880981445,-0.027618395308450804,79.08433532714844,1.3802820382100072,88.13021087646484,1.5381623502712292,0.5604155361652374,0.005604155361652374,False,False,0.0,0.0,0.0,0.0,0.0,8.538924217224121,8.538924217224121,0.0,1.8867721557617188,1.8867719173431396,0.0,0.0,0.0,0.0,0.0,0.0
3,342,13.133947963011451,13.144309176015668,False,-51.38461685180664,-0.8968307375907898,27.384614944458008,0.47795170545578003,1.9780219793319702,0.034522995352745056,77.5824203491211,1.354068636894226,89.75823974609375,1.5665768384933472,1.0302197802197801,0.0103021978021978,-0.8883171677589417,0.26257529854774475,-0.03991967439651489,1.378751277923584,1.559113621711731,0.03453049063682556,-50.896820068359375,-0.8883170889879964,23.384614944458008,0.40813852509186316,-2.0219779014587402,-0.03529017178302047,78.99662780761719,1.3787512532154296,89.33062744140625,1.559113571724937,3.453049063682556,0.03453049063682556,False,False,0.0,0.0,0.0,0.0,0.0,8.34015941619873,8.34015941619873,0.0,0.26525068283081055,0.26525092124938965,0.0,0.0,0.0,0.0,0.0,0.0
3,343,13.167699335957877,13.178996853996068,False,-51.47252655029297,-0.8983650803565979,27.384614944458008,0.47795170545578003,1.5384615659713745,0.026851220056414604,78.02198028564453,1.3617404699325562,89.31867980957031,1.558905005455017,1.0302197802197801,0.0103021978021978,-0.8873576521873474,0.27853289246559143,-0.05046626925468445,1.3850548267364502,1.5500876903533936,0.06020507961511612,-50.84184646606445,-0.8873576186262682,23.384614944458008,0.40813852509186316,-2.461538314819336,-0.04296194825759014,79.3577880859375,1.3850546891995381,88.8134765625,1.5500875861584404,6.020507961511612,0.06020507961511612,False,False,0.0,0.0,0.0,0.0,0.0,7.425856590270996,7.425856590270996,0.0,0.4299654960632324,0.4299657344818115,0.0,0.0,0.0,0.0,0.0,0.0
3,344,13.200937845977023,13.211835091002285,False,-51.47252655029297,-0.8983650803565979,27.384614944458008,0.47795170545578003,1.186813235282898,0.020713798701763153,78.37362670898438,1.3678778409957886,89.23076629638672,1.557370662689209,1.098901098901099,0.01098901098901099,-0.8900068402290344,0.3007659614086151,-0.037788718938827515,1.3767971992492676,1.5568312406539917,0.12649253010749817,-50.99363327026367,-0.8900067981206246,23.384614944458008,0.40813852509186316,-2.1651339530944824,-0.03778871622821919,78.8846664428711,1.3767971587655838,89.1998519897461,1.5568311095126846,6.0989010989010985,0.06098901098901099,False,True,6.550351911848718,0.0,0.0,0.0,0.0,6.151996612548828,6.151996612548828,0.0,0.0,0.0,0.0,0.0,0.0,0.0,0.0,0.0
3,345,13.23430939996615,13.245204247999936,False,-51.38461685180664,-0.8968307375907898,27.384614944458008,0.47795170545578003,0.8351648449897766,0.014576376415789127,78.54945373535156,1.3709465265274048,89.23076629638672,1.557370662689209,2.197802197802198,0.02197802197802198,-0.8970863223075867,0.3294413387775421,-0.03731974959373474,1.3649485111236572,1.5675221681594849,0.16251683235168457,-51.39925765991211,-0.8970862792463822,23.384614944458008,0.40813852509186316,-2.1382639408111572,-0.03731974604382384,78.2057876586914,1.3649484887597123,89.8124008178711,1.5675221033926987,7.197802197802198,0.07197802197802199,False,True,9.05388103736626,0.0,0.0,0.0,0.0,4.5090179443359375,4.5090179443359375,0.0,0.0,0.0,0.0,0.0,0.0,0.0,0.0,0.0
3,346,13.268038489040919,13.279412948992103,False,-51.29670333862305,-0.8952963352203369,27.384614944458008,0.47795170545578003,0.5714285969734192,0.009973309934139252,78.54945373535156,1.3709465265274048,89.23076629638672,1.557370662689209,3.4340659340659343,0.034340659340659344,-0.8936495780944824,0.3342898190021515,-0.042153626680374146,1.3599364757537842,1.560007095336914,0.19383248686790466,-51.20234680175781,-0.8936495364386622,23.384614944458008,0.40813852509186316,-2.41522479057312,-0.04215362477129145,77.91861724853516,1.3599364195881833,89.38182067871094,1.5600070622706586,8.434065934065934,0.08434065934065935,False,True,10.949182752724532,0.0,0.0,0.0,0.0,4.231220245361328,4.231220245361328,0.0,0.0,0.0,0.0,0.0,0.0,0.0,0.0,0.0
3,347,13.301203276962042,13.337717556976713,False,-51.20878982543945,-0.8937619924545288,27.384614944458008,0.47795170545578003,0.5714285969734192,0.009973309934139252,78.54945373535156,1.3709465265274048,89.23076629638672,1.557370662689209,4.670329670329671,0.046703296703296704,-0.8955352306365967,0.34034934639930725,-0.057197511196136475,1.361304759979248,1.5349587202072144,0.19987735152244568,-51.310386657714844,-0.8955351876484927,23.384614944458008,0.40813852509186316,-3.2771759033203125,-0.057197509679958826,77.99701690673828,1.361304751756266,87.9466552734375,1.5349587006379184,9.670329670329672,0.09670329670329672,False,True,10.317405481914896,0.0,0.0,0.0,0.0,3.884035110473633,3.884035110473633,0.0,0.0,0.0,0.0,0.0,0.0,0.0,0.0,0.0
3,348,13.33943954994902,13.35108664794825,False,-51.20878982543945,-0.8937619924545288,27.384614944458008,0.47795170545578003,0.5714285969734192,0.009973309934139252,78.28571319580078,1.3663434982299805,89.23076629638672,1.557370662689209,6.112637362637362,0.061126373626373624,-0.8937643766403198,0.37145134806632996,-0.05771574378013611,1.3625812530517578,1.5517032146453857,0.19438672065734863,-51.20892333984375,-0.8937643186816445,23.384614944458008,0.40813852509186316,-3.306868314743042,-0.05771574002214223,78.07015228271484,1.362581204866741,88.90604400634766,1.551703192833737,11.112637362637361,0.11112637362637362,False,True,8.326034703097502,0.0,0.0,0.0,0.0,2.102022171020508,2.102022171020508,0.0,0.0,0.0,0.0,0.0,0.0,0.0,0.0,0.0
3,349,13.372927916003391,13.38385100197047,False,-51.20878982543945,-0.8937619924545288,27.384614944458008,0.47795170545578003,0.48351648449897766,0.008438954129815102,78.19779968261719,1.3648090362548828,89.23076629638672,1.557370662689209,7.0054945054945055,0.07005494505494506,-0.8915164470672607,0.3712935149669647,-0.06268307566642761,1.3687381744384766,1.550913691520691,0.19661948084831238,-51.08012771606445,-0.8915164109845359,23.384614944458008,0.40813852509186316,-3.5164835453033447,-0.061374215957746545,78.42291259765625,1.3687380338328408,88.86080169677734,1.5509135655705286,12.005494505494505,0.12005494505494506,False,True,7.656453579336732,0.0,0.0,0.0,0.0,2.111064910888672,2.111064910888672,0.0,0.07499217987060547,0.07499194145202637,0.0,0.0,0.0,0.0,0.0,0.0
3,350,13.407033422961831,13.417972128023393,False,-51.20878982543945,-0.8937619924545288,27.384614944458008,0.47795170545578003,0.1318681389093399,0.002301533240824938,78.54945373535156,1.3709465265274048,89.23076629638672,1.557370662689209,8.035714285714286,0.08035714285714286,-0.8935027122497559,0.37435194849967957,-0.07189756631851196,1.3725075721740723,1.5584051609039307,0.19318431615829468,-51.193931579589844,-0.8935026631045443,23.384614944458008,0.40813852509186316,-3.8681318759918213,-0.06751163713740228,78.63888549804688,1.3725074720397388,89.29003143310547,1.5584050377169214,13.035714285714286,0.13035714285714287,False,True,6.282717330115181,0.0,0.0,0.0,0.0,1.9358291625976562,1.9358291625976562,0.0,0.2512950897216797,0.2512948513031006,0.0,0.0,0.0,0.0,0.0,0.0
3,351,13.440213851979934,13.451375973992981,False,-51.29670333862305,-0.8952963352203369,27.384614944458008,0.47795170545578003,-0.3076923191547394,-0.005370243918150663,78.37362670898438,1.3678778409957886,89.23076629638672,1.557370662689209,9.615384615384617,0.09615384615384617,-0.8942795991897583,0.3459021747112274,-0.06654193997383118,1.3739564418792725,1.5672603845596313,0.18911203742027283,-51.23844528198242,-0.8942795737735476,23.384614944458008,0.40813852509186316,-3.8125720024108887,-0.0665419344114232,78.7219009399414,1.3739563648307964,89.79740142822266,1.567260314657544,14.615384615384617,0.14615384615384616,False,True,4.295819126642666,0.0,0.0,0.0,0.0,3.5658817291259766,3.5658817291259766,0.0,0.0,0.0,0.0,0.0,0.0,0.0,0.0,0.0
3,352,13.474596482003108,13.487096181022935,False,-51.29670333862305,-0.8952963352203369,27.384614944458008,0.47795170545578003,-0.6593406796455383,-0.011507665738463402,78.28571319580078,1.3663434982299805,89.23076629638672,1.557370662689209,10.782967032967033,0.10782967032967034,-0.8909671306610107,0.3573695719242096,-0.05585995316505432,1.37923002243042,1.562134027481079,0.18489105999469757,-51.04865264892578,-0.8909670674306799,23.384614944458008,0.40813852509186316,-3.2005393505096436,-0.05585994950603414,79.02405548095703,1.3792299564213713,89.5036849975586,1.5621339958752503,15.782967032967033,0.15782967032967032,False,True,2.7061389665027242,0.0,0.0,0.0,0.0,2.9088478088378906,2.9088478088378906,0.0,0.0,0.0,0.0,0.0,0.0,0.0,0.0,0.0
3,353,13.50736196897924,13.521169999032281,False,-51.29670333862305,-0.8952963352203369,27.384614944458008,0.47795170545578003,-0.9230769276618958,-0.016110731288790703,78.19779968261719,1.3648090362548828,89.23076629638672,1.557370662689209,11.95054945054945,0.11950549450549451,-0.9000487327575684,0.3696196973323822,-0.07185375690460205,1.3911689519882202,1.5667591094970703,0.18316438794136047,-51.568992614746094,-0.9000487130639591,23.384614944458008,0.40813852509186316,-4.116916656494141,-0.07185375068601915,79.7081069946289,1.3911689075881966,89.7686767578125,1.5667589745823365,16.950549450549453,0.16950549450549451,False,True,1.3658893435865949,0.0,0.0,0.0,0.0,2.206968307495117,2.206968307495117,0.0,0.0,0.0,0.0,0.0,0.0,0.0,0.0,0.0
3,354,13.54159257397987,13.553097491967492,False,-51.29670333862305,-0.8952963352203369,27.384614944458008,0.47795170545578003,-0.9230769276618958,-0.016110731288790703,78.28571319580078,1.3663434982299805,89.23076629638672,1.557370662689209,13.324175824175825,0.13324175824175824,-0.889262855052948,0.3529440462589264,-0.08114653825759888,1.4034876823425293,1.5642526149749756,0.18189992010593414,-50.95100402832031,-0.8892627774910836,23.384614944458008,0.40813852509186316,-4.649353981018066,-0.0811465350594712,80.4139175415039,1.403487625526467,89.62506866455078,1.5642525405224084,18.189992010593414,0.18189992010593414,False,False,0.0,0.0,0.0,0.0,0.0,3.162412643432617,3.162412643432617,0.0,0.0,0.0,0.0,0.0,0.0,0.0,0.0,0.0
3,355,13.575484044034965,13.586566361947916,False,-51.29670333862305,-0.8952963352203369,27.384614944458008,0.47795170545578003,-1.0109890699386597,-0.017645087093114853,78.81318664550781,1.375549554824829,89.23076629638672,1.557370662689209,14.62912087912088,0.1462912087912088,-0.886246919631958,0.3399525582790375,-0.07597401738166809,1.4077129364013672,1.5591068267822266,0.18044772744178772,-50.77820587158203,-0.8862468807146234,23.384614944458008,0.40813852509186316,-4.35299015045166,-0.0759740104322648,80.656005859375,1.4077128637539322,89.33023834228516,1.5591067806641572,18.044772744178772,0.18044772744178772,False,False,0.0,0.0,0.0,0.0,0.0,3.906768798828125,3.906768798828125,0.0,0.0,0.0,0.0,0.0,0.0,0.0,0.0,0.0
3,356,13.609803920960985,13.621003736974671,False,-51.20878982543945,-0.8937619924545288,27.384614944458008,0.47795170545578003,-1.5384615659713745,-0.026851220056414604,79.42857360839844,1.3862900733947754,89.23076629638672,1.557370662689209,15.934065934065933,0.15934065934065933,-0.8860349655151367,0.3415015637874603,-0.10682052373886108,1.4228852987289429,1.5693013668060303,0.18259823322296143,-50.76605987548828,-0.8860348930918531,23.384614944458008,0.40813852509186316,-5.538461685180664,-0.09666439190195622,81.52531433105469,1.4228851588002227,89.91433715820312,1.569301228158926,18.259823322296143,0.18259823322296143,False,False,0.0,0.0,0.0,0.0,0.0,3.8180179595947266,3.8180179595947266,0.0,0.5819029808044434,0.5819029808044434,0.0,0.0,0.0,0.0,0.0,0.0
3,357,13.643311204970814,13.654028685996309,False,-51.20878982543945,-0.8937619924545288,27.384614944458008,0.47795170545578003,-1.6263736486434937,-0.028385573998093605,79.69230651855469,1.3908931016921997,89.23076629638672,1.557370662689209,16.62087912087912,0.1662087912087912,-0.8804236650466919,0.3334914743900299,-0.10412096977233887,1.4386814832687378,1.5708718299865723,0.18013018369674683,-50.444557189941406,-0.8804236126750561,23.384614944458008,0.40813852509186316,-5.626373767852783,-0.09819874719687016,82.43037414550781,1.4386814324899186,90.00431823730469,1.5708716942537457,18.013018369674683,0.18013018369674683,False,False,0.0,0.0,0.0,0.0,0.0,4.2769622802734375,4.2769622802734375,0.0,0.33931779861450195,0.33931779861450195,0.0,0.0,0.0,0.0,0.0,0.0
3,358,13.676846773945726,13.688167845015414,False,-51.20878982543945,-0.8937619924545288,27.384614944458008,0.47795170545578003,-1.890109896659851,-0.032988641411066055,80.3956069946289,1.4031680822372437,89.23076629638672,1.557370662689209,17.10164835164835,0.1710164835164835,-0.8825183510780334,0.31836792826652527,-0.12767651677131653,1.4511659145355225,1.564520001411438,0.1807520091533661,-50.5645751953125,-0.882518322030458,23.384614944458008,0.40813852509186316,-5.890110015869141,-0.10280181308161196,83.14567565917969,1.4511657990479923,89.64038848876953,1.5645199218958523,18.07520091533661,0.1807520091533661,False,False,0.0,0.0,0.0,0.0,0.0,5.143476486206055,5.143476486206055,0.0,1.425215244293213,1.425215244293213,0.0,0.0,0.0,0.0,0.0,0.0
3,359,13.709992997930385,13.720829432015307,False,-51.29670333862305,-0.8952963352203369,27.384614944458008,0.47795170545578003,-2.4175825119018555,-0.042194776237010956,80.92308044433594,1.4123741388320923,89.31867980957031,1.558905005455017,17.376373626373624,0.17376373626373623,-0.8718878030776978,0.31102249026298523,-0.132619708776474,1.4543874263763428,1.5504181385040283,0.18128499388694763,-49.95549011230469,-0.8718877819071886,23.384614944458008,0.40813852509186316,-6.4175825119018555,-0.11200794485109555,83.33025360107422,1.4543872918606064,88.83241271972656,1.5504180844497193,18.128499388694763,0.18128499388694763,False,False,0.0,0.0,0.0,0.0,0.0,5.564340591430664,5.564340591430664,0.0,1.180966854095459,1.180966854095459,0.0,0.0,0.0,0.0,0.0,0.0
3,360,13.743441559025086,13.912704322021455,False,-51.29670333862305,-0.8952963352203369,27.384614944458008,0.47795170545578003,-2.681318759918213,-0.04679784178733826,81.62637329101562,1.4246490001678467,89.31867980957031,1.558905005455017,17.513736263736263,0.17513736263736263,-0.8861836791038513,0.4766407907009125,-0.09324058890342712,1.421984076499939,1.5737504959106445,0.1835457980632782,-50.77458190917969,-0.8861836306387341,27.30950355529785,0.4766407541250448,-5.342291831970215,-0.09324058207027991,81.47367858886719,1.42198394508734,90.16925811767578,1.573750438234067,18.35457980632782,0.1835457980632782,False,False,0.0,0.0,0.0,0.0,0.0,0.0,0.0,0.0,0.0,0.0,0.0,0.0,0.0,0.0,0.0,0.0
3,361,13.914233939023688,13.927284028963186,False,-49.978023529052734,-0.8722810745239258,27.384614944458008,0.47795170545578003,-3.472527503967285,-0.06060703843832016,82.68132019042969,1.4430612325668335,89.23076629638672,1.557370662689209,17.78846153846154,0.1778846153846154,-0.8759759068489075,0.4597286880016327,-0.10358768701553345,1.4273959398269653,1.5711203813552856,0.18322327733039856,-50.189720153808594,-0.8759758673385148,26.340511322021484,0.45972864922811923,-5.935136795043945,-0.10358767862978072,81.78376007080078,1.4273958878965445,90.01856231689453,1.5711203003415046,18.322327733039856,0.18322327733039856,False,False,0.0,0.0,0.0,0.0,0.0,0.0,0.0,0.0,0.0,0.0,0.0,0.0,0.0,0.0,0.0,0.0
3,362,13.947667732951231,13.96161460597068,False,-50.32966995239258,-0.8784184455871582,27.384614944458008,0.47795170545578003,-3.472527503967285,-0.06060703843832016,82.68132019042969,1.4430612325668335,89.23076629638672,1.557370662689209,17.78846153846154,0.1778846153846154,-0.8803689479827881,0.433726042509079,-0.12242218852043152,1.4360142946243286,1.5754938125610352,0.18358492851257324,-50.44142150878906,-0.880368884714655,24.850669860839844,0.43372601039777636,-7.0142741203308105,-0.12242217803720157,82.27755737304688,1.4360142766582045,90.2691421508789,1.575493743483633,18.358492851257324,0.18358492851257324,False,False,0.0,0.0,0.0,0.0,0.0,0.0,0.0,0.0,0.0,0.0,0.0,0.0,0.0,0.0,0.0,0.0
3,363,13.981188170961104,14.016947651980445,False,-50.593406677246094,-0.8830215334892273,27.384614944458008,0.47795170545578003,-3.472527503967285,-0.06060703843832016,82.4175796508789,1.4384580850601196,89.31867980957031,1.558905005455017,17.925824175824175,0.17925824175824176,-0.871963381767273,0.4498530924320221,-0.1129363477230072,1.433189034461975,1.570918321609497,0.17909123003482819,-49.95981979370117,-0.8719633491031197,25.774682998657227,0.4498530819843738,-6.470775604248047,-0.112936339451854,82.11567687988281,1.4331889290577393,90.00698852539062,1.5709182995728221,17.90912300348282,0.17909123003482819,False,False,0.0,0.0,0.0,0.0,0.0,0.0,0.0,0.0,0.0,0.0,0.0,0.0,0.0,0.0,0.0,0.0
3,364,14.018331842962652,14.02988968102727,False,-50.593406677246094,-0.8830215334892273,27.648351669311523,0.48255476355552673,-3.6483516693115234,-0.06367574632167816,82.24176025390625,1.435389518737793,89.5824203491211,1.563508152961731,17.925824175824175,0.17925824175824176,-0.8719982504844666,0.44570574164390564,-0.11994603276252747,1.43397057056427,1.570712924003601,0.17749443650245667,-49.961814880371094,-0.8719981699343724,25.53705596923828,0.44570570792927977,-6.872401237487793,-0.11994602911229474,82.16045379638672,1.433970433679623,89.9952163696289,1.5707128366947225,17.749443650245667,0.17749443650245667,False,False,0.0,0.0,0.0,0.0,0.0,0.0,0.0,0.0,0.0,0.0,0.0,0.0,0.0,0.0,0.0,0.0
3,365,14.052643968025222,14.064977920963429,False,-50.593406677246094,-0.8830215334892273,27.648351669311523,0.48255476355552673,-4.0,-0.06981316953897476,82.24176025390625,1.435389518737793,89.67032623291016,1.5650423765182495,17.925824175824175,0.17925824175824176,-0.8734217882156372,0.4650307595729828,-0.134109765291214,1.4268527030944824,1.5771385431289673,0.1777680367231369,-50.04338073730469,-0.8734217626950743,26.644298553466797,0.465030736642358,-7.683923244476318,-0.13410976008663694,81.75263214111328,1.4268526030341682,90.3633804321289,1.5771385117728658,17.77680367231369,0.1777680367231369,False,False,0.0,0.0,0.0,0.0,0.0,0.0,0.0,0.0,0.0,0.0,0.0,0.0,0.0,0.0,0.0,0.0
3,366,14.08538319694344,14.097478035953827,False,-50.32966995239258,-0.8784184455871582,27.648351669311523,0.48255476355552673,-4.0,-0.06981316953897476,82.24176025390625,1.435389518737793,89.67032623291016,1.5650423765182495,17.925824175824175,0.17925824175824176,-0.8745957016944885,0.466587632894516,-0.13218781352043152,1.4245301485061646,1.578781247138977,0.1775415539741516,-50.11064147949219,-0.8745956841035812,26.733501434326172,0.4665876206156183,-7.573803424835205,-0.1321878066621972,81.61956024169922,1.4245300602475102,90.4574966430664,1.5787811495332267,17.75415539741516,0.1775415539741516,False,False,0.0,0.0,0.0,0.0,0.0,0.0,0.0,0.0,0.0,0.0,0.0,0.0,0.0,0.0,0.0,0.0
3,367,14.118960679974407,14.133442466962151,False,-50.06593322753906,-0.8738153576850891,27.648351669311523,0.48255476355552673,-4.263736248016357,-0.07441623508930206,82.32967376708984,1.436923861503601,89.67032623291016,1.5650423765182495,17.925824175824175,0.17925824175824176,-0.8687911629676819,0.4790845811367035,-0.1383863389492035,1.416189193725586,1.5779558420181274,0.17885220050811768,-49.7780647277832,-0.8687911247706718,27.44952392578125,0.4790845706098424,-7.928952693939209,-0.13838633074411344,81.14166259765625,1.4161891728714364,90.41020202636719,1.5779557027533566,17.885220050811768,0.17885220050811768,False,False,0.0,0.0,0.0,0.0,0.0,0.0,0.0,0.0,0.0,0.0,0.0,0.0,0.0,0.0,0.0,0.0
3,368,14.152370885945857,14.165167103987187,False,-49.978023529052734,-0.8722810745239258,27.736263275146484,0.48408910632133484,-4.615384578704834,-0.08055365830659866,81.97801971435547,1.430786371231079,89.75823974609375,1.5665768384933472,17.925824175824175,0.17925824175824176,-0.8624603152275085,0.5086897611618042,-0.13985463976860046,1.386159896850586,1.5740854740142822,0.1768237054347992,-49.41533279418945,-0.8624602582273354,29.145774841308594,0.5086897340257628,-8.013080596923828,-0.13985463964399342,79.42110443115234,1.3861597678938664,90.18844604492188,1.5740853307411444,17.68237054347992,0.1768237054347992,False,False,0.0,0.0,0.0,0.0,0.0,0.0,0.0,0.0,0.0,0.0,0.0,0.0,0.0,0.0,0.0,0.0
3,369,14.186121362959966,14.197921375045553,False,-49.978023529052734,-0.8722810745239258,27.91208839416504,0.4871578514575958,-4.791208744049072,-0.08362236618995667,81.71428680419922,1.4261833429336548,89.84615325927734,1.5681111812591553,17.925824175824175,0.17925824175824176,-0.8536162972450256,0.4849296510219574,-0.14261069893836975,1.3908900022506714,1.566139578819275,0.17856886982917786,-48.908607482910156,-0.8536162331423185,27.784420013427734,0.48492960999132106,-8.170990943908691,-0.14261069512184596,79.69212341308594,1.3908899414640108,89.73318481445312,1.566139523312784,17.856886982917786,0.17856886982917786,False,False,0.0,0.0,0.0,0.0,0.0,0.0,0.0,0.0,0.0,0.0,0.0,0.0,0.0,0.0,0.0,0.0
3,370,14.219432311016135,14.23084924602881,False,-49.978023529052734,-0.8722810745239258,28.615385055541992,0.49943268299102783,-4.9670329093933105,-0.08669107407331467,81.62637329101562,1.4246490001678467,89.84615325927734,1.5681111812591553,17.925824175824175,0.17925824175824176,-0.8490952253341675,0.46498051285743713,-0.1300649344921112,1.4074634313583374,1.5621320009231567,0.18012744188308716,-48.64957046508789,-0.8490951842967728,26.641420364379883,0.4649805027662964,-7.452171325683594,-0.13006492605588937,80.64170837402344,1.407463325559792,89.5035629272461,1.5621318653463783,18.012744188308716,0.18012744188308716,False,False,0.0,0.0,0.0,0.0,0.0,0.0,0.0,0.0,0.0,0.0,0.0,0.0,0.0,0.0,0.0,0.0
3,371,14.2542894060025,14.266417213017121,False,-49.978023529052734,-0.8722810745239258,29.494504928588867,0.5147762298583984,-5.318681240081787,-0.09282849729061127,80.57142639160156,1.4062366485595703,89.84615325927734,1.5681111812591553,17.925824175824175,0.17925824175824176,-0.8548462986946106,0.5270178318023682,-0.10811734199523926,1.376498818397522,1.5716485977172852,0.17567504942417145,-48.97908401489258,-0.8548462806707988,30.19589614868164,0.5270178083847699,-6.194666862487793,-0.1081173328145988,78.86756896972656,1.3764987515654405,90.048828125,1.571648538343722,17.567504942417145,0.17567504942417145,False,False,0.0,0.0,0.0,0.0,0.0,0.0,0.0,0.0,0.0,0.0,0.0,0.0,0.0,0.0,0.0,0.0
3,372,14.287589767947793,14.298763609025627,False,-49.71428680419922,-0.8676779866218567,29.670330047607422,0.5178449749946594,-5.318681240081787,-0.09282849729061127,80.21977996826172,1.400099277496338,90.28571319580078,1.5757828950881958,17.925824175824175,0.17925824175824176,-0.8589268326759338,0.4903924763202667,-0.1318548023700714,1.4009488821029663,1.5735605955123901,0.1768929362297058,-49.2128791809082,-0.8589267760930183,28.0974178314209,0.49039245246685975,-7.554723262786865,-0.1318547950126396,80.2684555053711,1.4009488340592946,90.15837860107422,1.5735605548483442,17.68929362297058,0.1768929362297058,False,False,0.0,0.0,0.0,0.0,0.0,0.0,0.0,0.0,0.0,0.0,0.0,0.0,0.0,0.0,0.0,0.0
3,373,14.320802837028168,14.332070310018025,False,-49.18681335449219,-0.8584718108177185,29.670330047607422,0.5178449749946594,-5.142857074737549,-0.08975978940725327,80.74725341796875,1.409305453300476,89.84615325927734,1.5681111812591553,17.857142857142858,0.17857142857142858,-0.8592936992645264,0.541966438293457,-0.12879833579063416,1.3669925928115845,1.5722194910049438,0.17537575960159302,-49.2338981628418,-0.8592936265331766,31.052387237548828,0.5419663978994936,-7.379600524902344,-0.1287983266414477,78.3228988647461,1.3669924648963483,90.08153533935547,1.5722193869233805,17.5375759601593,0.17537575960159302,False,False,0.0,0.0,0.0,0.0,0.0,0.0,0.0,0.0,0.0,0.0,0.0,0.0,0.0,0.0,0.0,0.0
3,374,14.354208084987476,14.36594846996013,False,-48.92307662963867,-0.8538687825202942,29.58241844177246,0.5163105726242065,-5.318681240081787,-0.09282849729061127,79.69230651855469,1.3908931016921997,89.84615325927734,1.5681111812591553,17.857142857142858,0.17857142857142858,-0.8561286926269531,0.5103425979614258,-0.11762204766273499,1.384437084197998,1.560447335243225,0.17588795721530914,-49.05255889892578,-0.8561286593146993,29.240474700927734,0.5103425583772931,-6.739246368408203,-0.11762203823179392,79.32239532470703,1.3844369689846943,89.40704345703125,1.5604472827988487,17.588795721530914,0.17588795721530914,False,False,0.0,0.0,0.0,0.0,0.0,0.0,0.0,0.0,0.0,0.0,0.0,0.0,0.0,0.0,0.0,0.0
3,375,14.387740139034577,14.399530844995752,False,-48.92307662963867,-0.8538687825202942,29.670330047607422,0.5178449749946594,-5.494505405426025,-0.09589721262454987,79.07691955566406,1.3801525831222534,89.84615325927734,1.5681111812591553,17.78846153846154,0.1778846153846154,-0.8540515899658203,0.5491217374801636,-0.1332455575466156,1.3691513538360596,1.5589114427566528,0.17428332567214966,-48.93354797363281,-0.854051526822492,31.462356567382812,0.5491217125372913,-7.6344075202941895,-0.13324554766814942,78.44658660888672,1.3691512232759664,89.31903839111328,1.5589113046401455,17.428332567214966,0.17428332567214966,False,False,0.0,0.0,0.0,0.0,0.0,0.0,0.0,0.0,0.0,0.0,0.0,0.0,0.0,0.0,0.0,0.0
3,376,14.42117690294981,14.433495220029727,False,-49.18681335449219,-0.8584718108177185,30.549449920654297,0.5331884622573853,-5.494505405426025,-0.09589721262454987,79.34066009521484,1.3847557306289673,89.84615325927734,1.5681111812591553,17.78846153846154,0.1778846153846154,-0.8637721538543701,0.5609999895095825,-0.13512364029884338,1.3645427227020264,1.5579816102981567,0.1728755533695221,-49.49049758911133,-0.8637721313803084,32.14292907714844,0.5609999436312627,-7.742013931274414,-0.1351236338360085,78.18253326416016,1.3645426230095843,89.26576232910156,1.5579814619455443,17.28755533695221,0.1728755533695221,False,False,0.0,0.0,0.0,0.0,0.0,0.0,0.0,0.0,0.0,0.0,0.0,0.0,0.0,0.0,0.0,0.0
3,377,14.455014914972708,14.466071131988429,False,-49.53845977783203,-0.8646092414855957,31.604394912719727,0.5516007542610168,-5.494505405426025,-0.09589721262454987,79.51648712158203,1.387824535369873,89.84615325927734,1.5681111812591553,17.78846153846154,0.1778846153846154,-0.8639273047447205,0.5673596858978271,-0.1260989010334015,1.3535747528076172,1.5750293731689453,0.1726069450378418,-49.499385833740234,-0.8639272605138055,32.5073127746582,0.5673596388933991,-7.2249345779418945,-0.12609889662627294,77.55411529541016,1.353574660376202,90.2425308227539,1.5750292881895231,17.26069450378418,0.1726069450378418,False,False,0.0,0.0,0.0,0.0,0.0,0.0,0.0,0.0,0.0,0.0,0.0,0.0,0.0,0.0,0.0,0.0
3,378,14.488840642035939,14.501228205976076,False,-49.626373291015625,-0.8661435842514038,32.57143020629883,0.5684787034988403,-5.494505405426025,-0.09589721262454987,78.989013671875,1.3786183595657349,90.28571319580078,1.5757828950881958,17.78846153846154,0.1778846153846154,-0.8618813157081604,0.5642743110656738,-0.15667769312858582,1.3610057830810547,1.5633900165557861,0.17244786024093628,-49.38216018676758,-0.8618812870063521,32.330535888671875,0.5642743001915151,-8.976969718933105,-0.15667767844721264,77.9798812866211,1.36100567876585,89.57564544677734,1.5633899426453317,17.244786024093628,0.17244786024093628,False,False,0.0,0.0,0.0,0.0,0.0,0.0,0.0,0.0,0.0,0.0,0.0,0.0,0.0,0.0,0.0,0.0
3,379,14.521804444957525,14.534148138947785,False,-49.53845977783203,-0.8646092414855957,33.18681335449219,0.5792191624641418,-5.494505405426025,-0.09589721262454987,78.54945373535156,1.3709465265274048,90.02198028564453,1.571179986000061,17.78846153846154,0.1778846153846154,-0.8571320176124573,0.5833420753479004,-0.13564786314964294,1.3520883321762085,1.5679359436035156,0.1729796826839447,-49.110042572021484,-0.8571319386763594,33.423038482666016,0.5833420675432917,-7.772049427032471,-0.1356478521294554,77.46894836425781,1.3520882170137742,89.83610534667969,1.5679358254680424,17.29796826839447,0.1729796826839447,False,False,0.0,0.0,0.0,0.0,0.0,0.0,0.0,0.0,0.0,0.0,0.0,0.0,0.0,0.0,0.0,0.0
3,380,14.55540233803913,14.567188231972978,False,-49.18681335449219,-0.8584718108177185,33.27472686767578,0.5807535648345947,-5.670329570770264,-0.09896592050790787,78.37362670898438,1.3678778409957886,89.93406677246094,1.5696455240249634,17.78846153846154,0.1778846153846154,-0.8643677830696106,0.6239132881164551,-0.14849987626075745,1.3431377410888672,1.5653120279312134,0.17009127140045166,-49.52462387084961,-0.8643677473581046,35.747596740722656,0.6239132628008041,-8.508416175842285,-0.14849987639839268,76.95612335205078,1.3431377320641815,89.6857681274414,1.5653119460040419,17.009127140045166,0.17009127140045166,False,False,0.0,0.0,0.0,0.0,0.0,0.0,0.0,0.0,0.0,0.0,0.0,0.0,0.0,0.0,0.0,0.0
3,381,14.589021391002461,14.613445505965501,False,-49.010990142822266,-0.8554031252861023,33.626373291015625,0.5868909358978271,-6.109889984130859,-0.10663769394159317,78.28571319580078,1.3663434982299805,89.93406677246094,1.5696455240249634,17.78846153846154,0.1778846153846154,-0.8641071319580078,0.6314074993133545,-0.14906355738639832,1.339421033859253,1.5684798955917358,0.16883143782615662,-49.50968933105469,-0.8641070904664132,36.17698287963867,0.6314074646873143,-8.540712356567383,-0.1490635510878648,76.74317169189453,1.339421024446867,89.86727142333984,1.5684797761206912,16.88314378261566,0.16883143782615662,False,False,0.0,0.0,0.0,0.0,0.0,0.0,0.0,0.0,0.0,0.0,0.0,0.0,0.0,0.0,0.0,0.0
3,382,14.622415308956988,14.660593427950516,False,-49.010990142822266,-0.8554031252861023,34.41758346557617,0.6007001399993896,-6.1978020668029785,-0.10817205160856247,77.4945068359375,1.352534294128418,89.93406677246094,1.5696455240249634,17.78846153846154,0.1778846153846154,-0.8688161373138428,0.6326198577880859,-0.1507197916507721,1.3447799682617188,1.5568424463272095,0.16849678754806519,-49.77949523925781,-0.8688160919058913,36.24644470214844,0.6326198021945456,-8.635607719421387,-0.15071978761454186,77.05020904541016,1.3447798371923243,89.20049285888672,1.5568422947892628,16.84967875480652,0.16849678754806519,False,False,0.0,0.0,0.0,0.0,0.0,0.0,0.0,0.0,0.0,0.0,0.0,0.0,0.0,0.0,0.0,0.0
3,383,14.662220633937977,14.675276195979677,False,-49.18681335449219,-0.8584718108177185,35.912086486816406,0.6267841458320618,-6.285714149475098,-0.10970640927553177,77.14286041259766,1.3463969230651855,89.93406677246094,1.5696455240249634,17.71978021978022,0.17719780219780218,-0.862672746181488,0.6550894975662231,-0.1607324182987213,1.343074917793274,1.561416506767273,0.15364617109298706,-49.42750549316406,-0.8626727119032965,37.53386306762695,0.6550894915227894,-9.209288597106934,-0.16073240778588552,76.95252227783203,1.3430748814624556,89.46257019042969,1.5614164071195284,15.364617109298706,0.15364617109298706,False,False,0.0,0.0,0.0,0.0,0.0,0.0,0.0,0.0,0.0,0.0,0.0,0.0,0.0,0.0,0.0,0.0
3,384,14.696624242002144,14.709795588045381,False,-49.4505500793457,-0.8630748987197876,36.52747344970703,0.6375246644020081,-6.373626232147217,-0.11124075949192047,77.23076629638672,1.347931146621704,90.28571319580078,1.5757828950881958,17.445054945054945,0.17445054945054944,-0.8653984069824219,0.6372025012969971,-0.14642253518104553,1.3495073318481445,1.5581378936767578,0.0950421690940857,-49.583675384521484,-0.8653983906999654,36.509010314941406,0.6372024366402995,-8.389392852783203,-0.1464225275243468,77.3210678100586,1.349507214443324,89.27471923828125,1.558137789501532,12.445054945054945,0.12445054945054945,False,True,2.940838035646376,0.0,0.0,0.0,0.0,0.0,0.0,0.0,0.0,0.0,0.0,0.0,0.0,0.0,0.0,0.0
3,385,14.729549685958773,14.742766118026339,False,-49.53845977783203,-0.8646092414855957,36.96703338623047,0.6451964378356934,-6.461538314819336,-0.11277511715888977,77.4065933227539,1.3509999513626099,89.75823974609375,1.5665768384933472,16.552197802197803,0.16552197802197802,-0.8678033947944641,0.639082670211792,-0.14733955264091492,1.3451159000396729,1.542762279510498,0.05425266921520233,-49.72146987915039,-0.8678033583223613,36.616737365722656,0.6390826283698954,-8.441933631896973,-0.14733953711144518,77.0694580078125,1.345115794963838,88.39376068115234,1.542762162106014,11.552197802197803,0.11552197802197803,False,True,6.12693088067757,0.0,0.0,0.0,0.0,0.0,0.0,0.0,0.0,0.0,0.0,0.0,0.0,0.0,0.0,0.0
3,386,14.762649656971917,14.774365982972085,False,-49.53845977783203,-0.8646092414855957,37.406593322753906,0.6528682112693787,-6.725274562835693,-0.11737818270921707,77.4945068359375,1.352534294128418,89.93406677246094,1.5696455240249634,16.14010989010989,0.1614010989010989,-0.8718246221542358,0.6321173906326294,-0.1289813220500946,1.3430367708206177,1.551746129989624,0.02263440564274788,-49.95186996459961,-0.8718245984103266,36.217655181884766,0.6321173302758749,-7.390085220336914,-0.12898131909784977,76.95033264160156,1.343036665100813,88.90850067138672,1.5517460697272873,11.14010989010989,0.11140109890109891,False,True,8.876669325835103,0.0,0.0,0.0,0.0,0.0,0.0,0.0,0.0,0.0,0.0,0.0,0.0,0.0,0.0,0.0
3,387,14.796195839997381,14.809340015985072,False,-49.626373291015625,-0.8661435842514038,37.406593322753906,0.6528682112693787,-6.725274562835693,-0.11737818270921707,77.4065933227539,1.3509999513626099,89.4945068359375,1.5619738101959229,14.148351648351648,0.14148351648351648,-0.8658571243286133,0.6267136335372925,-0.14621928334236145,1.3343232870101929,1.5391799211502075,0.004059024155139923,-49.609954833984375,-0.8658570536187042,35.908042907714844,0.6267135766870224,-8.377747535705566,-0.14621927839890334,76.45108795166016,1.3343232014882371,88.18850708007812,1.5391798109656938,9.148351648351648,0.09148351648351648,False,True,8.742449232837656,0.0,0.0,0.0,0.0,0.0,0.0,0.0,0.0,0.0,0.0,0.0,0.0,0.0,0.0,0.0
3,388,14.82959108997602,14.84069994802121,False,-49.626373291015625,-0.8661435842514038,37.4945068359375,0.6544026136398315,-6.725274562835693,-0.11737818270921707,77.4065933227539,1.3509999513626099,89.23076629638672,1.557370662689209,12.980769230769232,0.12980769230769232,-0.8702650666236877,0.6585291624069214,-0.14301976561546326,1.331580638885498,1.5488579273223877,0.003627292811870575,-49.86251449584961,-0.8702650512759761,37.73093795776367,0.6585290972286812,-8.194428443908691,-0.14301975666528213,76.2939453125,1.3315805450396192,88.7430191040039,1.5488578715250962,7.980769230769232,0.07980769230769232,False,True,7.618039949582174,0.0,0.0,0.0,0.0,0.0,0.0,0.0,0.0,0.0,0.0,0.0,0.0,0.0,0.0,0.0
3,389,14.863045439939015,14.8741736599477,False,-49.626373291015625,-0.8661435842514038,37.4945068359375,0.6544026136398315,-6.725274562835693,-0.11737818270921707,77.23076629638672,1.347931146621704,89.23076629638672,1.557370662689209,12.087912087912088,0.12087912087912088,-0.8641704320907593,0.6397857666015625,-0.12998053431510925,1.3323954343795776,1.5508131980895996,0.0035173222422599792,-49.5133171081543,-0.8641704071213298,36.657020568847656,0.6397857028976763,-7.447335720062256,-0.1299805288164691,76.34062957763672,1.3323953391751289,88.85504913330078,1.5508131643974326,7.087912087912088,0.07087912087912088,False,True,6.73617986368609,0.0,0.0,0.0,0.0,0.0,0.0,0.0,0.0,0.0,0.0,0.0,0.0,0.0,0.0,0.0
3,390,14.896538287983276,15.06784324394539,False,-49.626373291015625,-0.8661435842514038,37.58241653442383,0.6559368968009949,-6.725274562835693,-0.11737818270921707,76.96703338623047,1.3433281183242798,89.23076629638672,1.557370662689209,10.576923076923077,0.10576923076923077,-0.8610737323760986,0.6903772354125977,-0.1303803026676178,1.3303800821304321,1.5641770362854004,0.0020900890231132507,-49.33588790893555,-0.8610736834057856,39.55569839477539,0.6903771749146663,-7.470240592956543,-0.1303802942632252,76.22515869140625,1.3303799920202113,89.62073516845703,1.5641769067474502,5.576923076923077,0.055769230769230765,False,True,5.367914174611752,0.0,0.0,0.0,0.0,0.0,0.0,0.0,0.0,0.0,0.0,0.0,0.0,0.0,0.0,0.0
3,391,15.069270359002985,15.080687043024227,False,-49.626373291015625,-0.8661435842514038,37.93406677246094,0.6620743870735168,-6.725274562835693,-0.11737818270921707,76.79120635986328,1.3402594327926636,89.05494689941406,1.5543019771575928,7.280219780219781,0.07280219780219781,-0.8612415790557861,0.6643511056900024,-0.13522431254386902,1.3289036750793457,1.559144377708435,0.002276986837387085,-49.34550476074219,-0.861241529133488,38.06451416015625,0.6643511002667307,-7.747781753540039,-0.13522430132521351,76.14057159423828,1.328903668669926,89.33238983154297,1.5591443312355273,2.280219780219781,0.02280219780219781,False,True,2.0525210964810725,0.0,0.0,0.0,0.0,0.0,0.0,0.0,0.0,0.0,0.0,0.0,0.0,0.0,0.0,0.0
3,392,15.10291735897772,15.113762457040139,False,-49.626373291015625,-0.8661435842514038,37.93406677246094,0.6620743870735168,-6.725274562835693,-0.11737818270921707,76.79120635986328,1.3402594327926636,89.05494689941406,1.5543019771575928,7.211538461538461,0.07211538461538461,-0.8670697808265686,0.6725207567214966,-0.1530456244945526,1.3308292627334595,1.560611605644226,0.0012673810124397278,-49.67943572998047,-0.8670697240210719,38.53260040283203,0.6725207463847123,-8.768867492675781,-0.15304560941829212,76.25089263916016,1.3308291341380531,89.41645050048828,1.5606114666800521,2.211538461538461,0.022115384615384606,False,True,2.084800360294488,0.0,0.0,0.0,0.0,0.0,0.0,0.0,0.0,0.0,0.0,0.0,0.0,0.0,0.0,0.0
3,393,15.1361466080416,15.146930856979452,False,-49.626373291015625,-0.8661435842514038,38.19780349731445,0.6666774153709412,-6.725274562835693,-0.11737818270921707,76.79120635986328,1.3402594327926636,89.05494689941406,1.5543019771575928,6.387362637362637,0.06387362637362637,-0.8691864609718323,0.6704565286636353,-0.16494372487068176,1.332969069480896,1.5533223152160645,0.0003672167658805847,-49.80071258544922,-0.8691864044554668,38.41432571411133,0.6704564636447646,-9.450578689575195,-0.16494371435189828,76.37349700927734,1.3329689840739318,88.99880981445312,1.5533222616184508,1.3873626373626369,0.01387362637362637,False,True,1.3506409607745784,0.0,0.0,0.0,0.0,0.0,0.0,0.0,0.0,0.0,0.0,0.0,0.0,0.0,0.0,0.0
3,394,15.16974472894799,15.180921899038367,False,-49.626373291015625,-0.8661435842514038,38.5494499206543,0.6728148460388184,-6.8131866455078125,-0.11891254037618637,76.79120635986328,1.3402594327926636,89.05494689941406,1.5543019771575928,4.807692307692308,0.04807692307692309,-0.8678591251373291,0.6451902389526367,-0.15971198678016663,1.33684241771698,1.5582666397094727,0.0011773928999900818,-49.72466278076172,-0.8678590849681713,36.9666748046875,0.6451901888558286,-9.150822639465332,-0.15971198432470804,76.59542083740234,1.336842285563343,89.28209686279297,1.5582665533402373,0.11773928999900818,0.0011773928999900818,False,False,0.0,0.0,0.0,0.0,0.0,0.0,0.0,0.0,0.0,0.0,0.0,0.0,0.0,0.0,0.0,0.0
3,395,15.203640057938173,15.214742791024037,False,-49.626373291015625,-0.8661435842514038,38.63736343383789,0.6743491888046265,-7.252747058868408,-0.12658432126045227,76.79120635986328,1.3402594327926636,89.05494689941406,1.5543019771575928,3.8461538461538463,0.038461538461538464,-0.869970977306366,0.6317317485809326,-0.19293764233589172,1.335943579673767,1.56088125705719,0.001310206949710846,-49.84566116333008,-0.8699709051335769,36.195560455322266,0.6317317045500315,-11.054512023925781,-0.19293763201880706,76.5439224243164,1.3359434686954414,89.43190002441406,1.5608811117404227,0.1310206949710846,0.001310206949710846,False,False,0.0,0.0,0.0,0.0,0.0,0.0,0.0,0.0,0.0,0.0,0.0,0.0,0.0,0.0,0.0,0.0
3,396,15.23679135099519,15.247420531930402,False,-49.626373291015625,-0.8661435842514038,38.63736343383789,0.6743491888046265,-7.340659141540527,-0.12811866402626038,76.79120635986328,1.3402594327926636,89.05494689941406,1.5543019771575928,2.60989010989011,0.0260989010989011,-0.8681687712669373,0.6136502027511597,-0.18572589755058289,1.3349322080612183,1.5579044818878174,0.0004354119300842285,-49.74240493774414,-0.8681687440239203,35.15956497192383,0.6136501723289385,-10.64130973815918,-0.18572589165541337,76.48597717285156,1.3349321332714839,89.26134490966797,1.5579043634319865,0.04354119300842285,0.0004354119300842285,False,False,0.0,0.0,0.0,0.0,0.0,0.0,0.0,0.0,0.0,0.0,0.0,0.0,0.0,0.0,0.0,0.0
3,397,15.270508744986728,15.281441116938367,False,-49.53845977783203,-0.8646092414855957,38.63736343383789,0.6743491888046265,-7.604395389556885,-0.13272173702716827,76.79120635986328,1.3402594327926636,89.05494689941406,1.5543019771575928,1.7170329670329672,0.017170329670329672,-0.8700977563858032,0.6203819513320923,-0.18745604157447815,1.338570475578308,1.5499063730239868,-0.0004762038588523865,-49.852928161621094,-0.8700977381804919,35.545265197753906,0.620381911195359,-10.740439414978027,-0.18745603090234014,76.6944351196289,1.3385704107946956,88.80308532714844,1.549906224888206,0.0,0.0,True,False,0.04762038588523865,0.0,0.0,0.0,0.0,0.0,0.0,0.0,0.0,0.0,0.0,0.0,0.0,0.0,0.0,0.0
3,398,15.304305539932102,15.3177994559519,False,-49.4505500793457,-0.8630748987197876,38.63736343383789,0.6743491888046265,-8.131868362426758,-0.14192788302898407,76.61538696289062,1.3371907472610474,89.05494689941406,1.5543019771575928,1.2362637362637363,0.012362637362637364,-0.869856059551239,0.6047110557556152,-0.1955900490283966,1.3355268239974976,1.5507547855377197,0.0004287809133529663,-49.83907699584961,-0.86985598973254,34.64738845825195,0.6047110058139785,-11.206483840942383,-0.19559004059598512,76.52005004882812,1.3355268171428984,88.85169982910156,1.5507547080115054,0.04287809133529663,0.0004287809133529663,False,False,0.0,0.0,0.0,0.0,0.0,0.0,0.0,0.0,0.0,0.0,0.0,0.0,0.0,0.0,0.0,0.0
3,399,15.337331793038175,15.355735308025032,False,-49.36263656616211,-0.8615405559539795,38.63736343383789,0.6743491888046265,-8.219779968261719,-0.14346222579479218,76.26373291015625,1.3310532569885254,89.05494689941406,1.5543019771575928,1.0302197802197801,0.0103021978021978,-0.8725109100341797,0.5979214906692505,-0.1878274381160736,1.3465503454208374,1.5344243049621582,9.457021951675415e-05,-49.99119186401367,-0.87251089502324,34.63736343383789,0.6045360361303602,-10.76171875,-0.18782742536110852,77.15164947509766,1.346550306685009,87.91603088378906,1.5344242042071394,0.009457021951675415,9.457021951675415e-05,False,False,0.0,0.0,0.0,0.0,0.0,0.3789863586425781,0.3789863586425781,0.0,0.0,0.0,0.0,0.0,0.0,0.0,0.0,0.0
3,400,15.371531796990894,15.383902375004254,False,-49.27472686767578,-0.8600062131881714,38.63736343383789,0.6743491888046265,-8.219779968261719,-0.14346222579479218,76.52747344970703,1.3356564044952393,89.05494689941406,1.5543019771575928,0.8928571428571428,0.008928571428571428,-0.8702673316001892,0.5882811546325684,-0.22947534918785095,1.3511121273040771,1.5313191413879395,0.0009431242942810059,-49.86264419555664,-0.8702673149629027,34.63736343383789,0.6045360361303602,-12.219779968261719,-0.21327539431541517,77.41301727294922,1.3511120353162058,87.73812103271484,1.5313190915341615,0.09431242942810059,0.0009431242942810059,False,False,0.0,0.0,0.0,0.0,0.0,0.9313392639160156,0.9313392639160156,0.0,0.9281883239746094,0.9281883239746094,0.0,0.0,0.0,0.0,0.0,0.0
3,401,15.405204072943889,15.41943306894973,False,-49.27472686767578,-0.8600062131881714,38.63736343383789,0.6743491888046265,-8.307692527770996,-0.14499658346176147,76.70330047607422,1.3387250900268555,88.96703338623047,1.5527676343917847,0.8928571428571428,0.008928571428571428,-0.8668646812438965,0.5433752536773682,-0.2540173828601837,1.3646602630615234,1.5127346515655518,-0.00010751932859420776,-49.667686462402344,-0.8668646606171357,34.63736343383789,0.6045360361303602,-12.307692527770996,-0.2148097579327075,78.18927001953125,1.3646602015717113,86.67330932617188,1.512734621341207,0.0,0.0,True,False,0.010751932859420776,0.0,0.0,0.0,0.0,3.5042572021484375,3.5042572021484375,0.0,2.2464303970336914,2.2464303970336914,0.0,0.0,0.0,0.0,0.0,0.0
3,402,15.438792531960644,15.45096556993667,False,-49.36263656616211,-0.8615405559539795,38.63736343383789,0.6743491888046265,-8.483516693115234,-0.14806529879570007,76.96703338623047,1.3433281183242798,88.70330047607422,1.5481646060943604,0.8241758241758242,0.008241758241758242,-0.8607684373855591,0.498430460691452,-0.25995227694511414,1.375662922859192,1.4728353023529053,-0.0007414296269416809,-49.318397521972656,-0.8607684185658353,34.63736343383789,0.6045360361303602,-12.483516693115234,-0.2178784685225354,78.81967163085938,1.3756627852992647,84.70330047607422,1.4783514806135756,0.0,0.0,True,False,0.07414296269416809,0.0,0.0,0.0,0.0,6.079402923583984,6.079402923583984,0.0,2.410651206970215,2.410651206970215,0.0,0.0,0.0,0.0,0.3160552978515625,0.3160552978515625
3,403,15.472198675037362,15.483629498980008,False,-49.4505500793457,-0.8630748987197876,38.63736343383789,0.6743491888046265,-9.01098918914795,-0.15727142989635468,77.14286041259766,1.3463969230651855,88.26373291015625,1.5404927730560303,0.7554945054945055,0.007554945054945055,-0.8470970988273621,0.45607611536979675,-0.27399227023124695,1.3955146074295044,1.4847162961959839,-0.0014668628573417664,-48.53508758544922,-0.8470970811099136,34.63736343383789,0.6045360361303602,-13.01098918914795,-0.227084600292019,79.95709228515625,1.3955145206969333,85.0679702758789,1.484716169302756,0.0,0.0,True,False,0.14668628573417664,0.0,0.0,0.0,0.0,8.506128311157227,8.506128311157227,0.0,2.687610626220703,2.687610626220703,0.0,0.0,0.0,0.0,0.0,0.0
3,404,15.505497053964064,15.541247752960771,False,-49.53845977783203,-0.8646092414855957,38.5494499206543,0.6728148460388184,-9.450549125671387,-0.16494320333003998,77.31867980957031,1.3494654893875122,87.47252655029297,1.5266835689544678,0.7554945054945055,0.007554945054945055,-0.841921329498291,0.4297514855861664,-0.28853318095207214,1.430669903755188,1.4794343709945679,-0.0002317577600479126,-48.2385368347168,-0.8419212941103718,34.5494499206543,0.6030016558683111,-13.450549125671387,-0.23475636844421024,81.31867980957031,1.4192787060520373,84.76534271240234,1.4794343219128017,0.0,0.0,True,False,0.02317577600479126,0.0,0.0,0.0,0.0,9.926504135131836,9.926504135131836,0.0,3.081183433532715,3.081183433532715,0.0,0.6526641845703125,0.6526641845703125,0.0,0.0,0.0
3,405,15.542678407975473,15.554764306987636,False,-49.626373291015625,-0.8661435842514038,38.5494499206543,0.6728148460388184,-9.89011001586914,-0.17261497676372528,78.28571319580078,1.3663434982299805,86.32967376708984,1.5067369937896729,0.7554945054945055,0.007554945054945055,-0.831657886505127,0.3879070580005646,-0.30813416838645935,1.4660927057266235,1.4762126207351685,-8.074194192886353e-05,-47.65048599243164,-0.8316578707433699,34.5494499206543,0.6030016558683111,-13.89011001586914,-0.24242815324115832,82.28571319580078,1.436156622618469,84.58074951171875,1.4762125627840783,0.0,0.0,True,False,0.008074194192886353,0.0,0.0,0.0,0.0,12.324014663696289,12.324014663696289,0.0,3.764677047729492,3.764677047729492,0.0,1.7152099609375,1.7152099609375,0.0,0.0,0.0
3,406,15.57632237393409,15.589477016939782,False,-49.36263656616211,-0.8615405559539795,38.5494499206543,0.6728148460388184,-9.978021621704102,-0.17414933443069458,78.9011001586914,1.3770840167999268,86.15384674072266,1.5036683082580566,0.7554945054945055,0.007554945054945055,-0.8142328262329102,0.3615005910396576,-0.3272855579853058,1.5033897161483765,1.4616161584854126,-0.00024750083684921265,-46.652103424072266,-0.8142328077309815,34.5494499206543,0.6030016558683111,-13.978021621704102,-0.24396250021369384,82.9011001586914,1.4468971512947586,83.74443054199219,1.461616043165463,0.0,0.0,True,False,0.024750083684921265,0.0,0.0,0.0,0.0,13.836992263793945,13.836992263793945,0.0,4.774059295654297,4.774059295654297,0.0,3.2367782592773438,3.2367782592773438,0.0,0.0,0.0
3,407,15.609797341981903,15.624129700940102,False,-48.83516311645508,-0.8523343801498413,38.5494499206543,0.6728148460388184,-10.505494117736816,-0.18335546553134918,79.95604705810547,1.3954962491989136,85.62637329101562,1.4944621324539185,0.7554945054945055,0.007554945054945055,-0.7923238277435303,0.3169320523738861,-0.33505865931510925,1.5313483476638794,1.4705259799957275,0.0002982094883918762,-45.39680862426758,-0.7923237803912266,34.5494499206543,0.6030016558683111,-14.505494117736816,-0.25316863198317746,83.95604705810547,1.4653094481232396,84.25492858886719,1.4705259149084322,0.029820948839187622,0.0002982094883918762,False,False,0.0,0.0,0.0,0.0,0.0,16.390581130981445,16.390581130981445,0.0,4.691952705383301,4.691952705383301,0.0,3.7837448120117188,3.7837448120117188,0.0,0.0,0.0
3,408,15.6431736999657,15.657475715037435,False,-48.0439567565918,-0.8385252356529236,38.5494499206543,0.6728148460388184,-10.769230842590332,-0.18795853853225708,81.010986328125,1.4139084815979004,85.010986328125,1.4837216138839722,0.7554945054945055,0.007554945054945055,-0.7733491063117981,0.274287611246109,-0.3179658353328705,1.551137089729309,1.4747556447982788,0.0005130842328071594,-44.30963897705078,-0.7733490905195483,34.5494499206543,0.6030016558683111,-14.769230842590332,-0.25777170619029766,85.010986328125,1.4837216117936658,84.49726867675781,1.474755547351696,0.05130842328071594,0.0005130842328071594,False,False,0.0,0.0,0.0,0.0,0.0,18.833927154541016,18.833927154541016,0.0,3.448868751525879,3.448868751525879,0.0,3.8626174926757812,3.8626174926757812,0.0,0.0,0.0
3,409,15.67683542193845,15.689366057980806,False,-47.25274658203125,-0.8247160315513611,38.5494499206543,0.6728148460388184,-11.120879173278809,-0.19409595429897308,81.80220031738281,1.427717685699463,84.83516693115234,1.480652928352356,0.7554945054945055,0.007554945054945055,-0.742641031742096,0.24424532055854797,-0.30143114924430847,1.5739364624023438,1.4721113443374634,0.0018725469708442688,-43.25274658203125,-0.754902838387169,34.5494499206543,0.6030016558683111,-15.120879173278809,-0.26390912736995337,85.80220031738281,1.4975309009940536,84.34576416015625,1.4721112947053563,0.18725469708442688,0.0018725469708442688,False,False,0.0,0.0,0.7025527954101562,0.7025527954101562,0.0,20.555225372314453,20.555225372314453,0.0,2.1498517990112305,2.1498517990112305,0.0,4.377708435058594,4.377708435058594,0.0,0.0,0.0
3,410,15.710080966935493,15.722113666008227,False,-46.28571319580078,-0.8078380823135376,38.5494499206543,0.6728148460388184,-11.560439109802246,-0.2017677277326584,82.85713958740234,1.4461299180984497,84.83516693115234,1.480652928352356,0.7554945054945055,0.007554945054945055,-0.72516930103302,0.21652081608772278,-0.30136510729789734,1.5960832834243774,1.4668024778366089,0.0004153326153755188,-42.28571319580078,-0.7380249218207373,34.5494499206543,0.6030016558683111,-15.560439109802246,-0.27158089552214465,86.85713958740234,1.51594306466448,84.04158782958984,1.466802416230338,0.04153326153755188,0.0004153326153755188,False,False,0.0,0.0,0.7365760803222656,0.7365760803222656,0.0,22.143722534179688,22.143722534179688,0.0,1.7065095901489258,1.7065095901489258,0.0,4.5916900634765625,4.5916900634765625,0.0,0.0,0.0
3,411,15.743515942944214,15.757095047971234,False,-45.230770111083984,-0.7894258499145508,38.5494499206543,0.6728148460388184,-11.912087440490723,-0.2079051434993744,83.82417297363281,1.4630078077316284,84.83516693115234,1.480652928352356,0.7554945054945055,0.007554945054945055,-0.6952707171440125,0.17038628458976746,-0.295272558927536,1.6106977462768555,1.4575344324111938,0.001405283808708191,-41.230770111083984,-0.7196126915712837,34.5494499206543,0.6030016558683111,-15.912087440490723,-0.27771831670180036,87.82417297363281,1.5328209812309117,83.51056671142578,1.457534349320753,0.1405283808708191,0.001405283808708191,False,False,0.0,0.0,1.3946952819824219,1.3946952819824219,0.0,24.78703498840332,24.78703498840332,0.0,1.005782127380371,1.005782127380371,0.0,4.462005615234375,4.462005615234375,0.0,0.0,0.0
3,412,15.777749128988944,15.791655721957795,False,-44.0,-0.767944872379303,38.5494499206543,0.6728148460388184,-12.175824165344238,-0.2125082165002823,84.70330047607422,1.4783514738082886,84.65933990478516,1.4775842428207397,0.7554945054945055,0.007554945054945055,-0.6749572157859802,0.14611679315567017,-0.30162426829338074,1.6207492351531982,1.4514102935791016,-0.001719929277896881,-40.0,-0.6981317007977318,34.5494499206543,0.6030016558683111,-16.175823211669922,-0.28232137426416376,88.70330047607422,1.5481646506933486,83.15968322753906,1.4514102772360615,0.0,0.0,True,False,0.1719929277896881,0.0,1.3278007507324219,1.3278007507324219,0.0,26.177574157714844,26.177574157714844,0.0,1.105973243713379,1.1059741973876953,0.0,4.158782958984375,4.158782958984375,0.0,0.0,0.0
3,413,15.811177421011962,15.824611444026232,False,-42.85714340209961,-0.7479982376098633,38.5494499206543,0.6728148460388184,-12.615385055541992,-0.22018000483512878,85.67032623291016,1.4952292442321777,84.3956069946289,1.4729812145233154,0.7554945054945055,0.007554945054945055,-0.6396394371986389,0.12639299035072327,-0.2946358621120453,1.627841591835022,1.4595109224319458,0.0019756481051445007,-38.85714340209961,-0.6781850902862291,34.5494499206543,0.6030016558683111,-16.615385055541992,-0.2899931757058687,89.67032623291016,1.565042434101726,83.62380981445312,1.4595108143237554,0.19756481051445007,0.0019756481051445007,False,False,0.0,0.0,2.2085037231445312,2.2085037231445312,0.0,27.30766487121582,27.30766487121582,0.0,0.2660045623779297,0.2660045623779297,0.0,3.5981216430664062,3.5981216430664062,0.0,0.0,0.0
3,414,15.844482269021682,15.858113956986926,False,-41.80219650268555,-0.7295859456062317,38.5494499206543,0.6728148460388184,-12.967033386230469,-0.2263174206018448,86.54945373535156,1.510572910308838,84.04395294189453,1.4668437242507935,0.7554945054945055,0.007554945054945055,-0.6078850626945496,0.10637074708938599,-0.27498748898506165,1.6309131383895874,1.4569834470748901,0.00011333078145980835,-37.80219650268555,-0.6597727934577483,34.5494499206543,0.6030016558683111,-15.755621910095215,-0.2749874780305195,90.54945373535156,1.5803861035641629,83.47899627685547,1.4569833412912159,0.011333078145980835,0.00011333078145980835,False,False,0.0,0.0,2.972949981689453,2.972949981689453,0.0,28.454856872558594,28.45485496520996,0.0,0.0,0.0,0.0,2.8949813842773438,2.8949813842773438,0.0,0.0,0.0
3,415,15.878391286940314,15.889585593016818,False,-40.83516311645508,-0.712708055973053,38.5494499206543,0.6728148460388184,-13.230769157409668,-0.2309204787015915,87.51648712158203,1.5274507999420166,83.95604705810547,1.4653093814849854,0.7554945054945055,0.007554945054945055,-0.5636629462242126,0.09215942025184631,-0.2670964300632477,1.6340442895889282,1.4625968933105469,0.001608036458492279,-36.83516311645508,-0.6428948768913166,34.5494499206543,0.6030016558683111,-15.303497314453125,-0.26709641520731703,91.51648712158203,1.5972640201305945,83.80062103271484,1.4625967522368848,0.1608036458492279,0.001608036458492279,False,False,0.0,0.0,4.5396575927734375,4.5396575927734375,0.0,29.26910400390625,29.26910400390625,0.0,0.0,0.0,0.0,2.1073455810546875,2.1073455810546875,0.0,0.0,0.0
3,416,15.911821788991801,15.923024539952166,False,-39.9560432434082,-0.6973645091056824,38.5494499206543,0.6728148460388184,-13.318681716918945,-0.23245485126972198,88.3956069946289,1.5427943468093872,83.95604705810547,1.4653093814849854,0.7554945054945055,0.007554945054945055,-0.5303664207458496,0.04312983155250549,-0.2501658499240875,1.6324163675308228,1.4743521213531494,0.0028197020292282104,-35.9560432434082,-0.6275513405869341,34.5494499206543,0.6030016558683111,-14.333446502685547,-0.25016583463032904,92.3956069946289,1.612607556434977,84.47415161132812,1.4743520784465491,0.28197020292282104,0.0028197020292282104,False,False,0.0,0.0,5.568286895751953,5.568286895751953,0.0,32.07829284667969,32.07829284667969,0.0,0.0,0.0,0.0,1.1349563598632812,1.1349563598632812,0.0,0.0,0.0
3,417,15.944986331043765,15.956962935975753,False,-38.989009857177734,-0.6804865598678589,38.5494499206543,0.6728148460388184,-13.318681716918945,-0.23245485126972198,89.36264038085938,1.559672236442566,83.95604705810547,1.4653093814849854,0.7554945054945055,0.007554945054945055,-0.4932708144187927,0.029834479093551636,-0.2664458453655243,1.634858250617981,1.4719117879867554,0.001186378300189972,-34.989009857177734,-0.6106734240205024,34.5494499206543,0.6030016558683111,-15.26622200012207,-0.2664458382425243,93.36264038085938,1.6294854730014088,84.3343276977539,1.471911690781655,0.11863783001899719,0.001186378300189972,False,False,0.0,0.0,6.726675033569336,6.726675033569336,0.0,32.84006118774414,32.84006118774414,0.0,0.0,0.0,0.0,0.307830810546875,0.307830810546875,0.0,0.0,0.0
3,418,15.978439350961708,15.989856039988808,False,-37.93406677246094,-0.6620743870735168,38.5494499206543,0.6728148460388184,-13.318681716918945,-0.23245485126972198,90.24176025390625,1.5750157833099365,83.95604705810547,1.4653093814849854,0.7554945054945055,0.007554945054945055,-0.46424466371536255,0.006694823503494263,-0.24259647727012634,1.6373454332351685,1.4719352722167969,0.002300053834915161,-33.93406677246094,-0.5922611937710488,34.5494499206543,0.6030016558683111,-13.89975357055664,-0.24259646502205132,93.81298065185547,1.637345393484614,84.3356704711914,1.4719351265992475,0.2300053834915161,0.002300053834915161,False,False,0.0,0.0,7.334808349609375,7.334808349609375,0.0,34.165863037109375,34.165863037109375,0.0,0.0,0.0,0.0,0.0,0.0,0.0,0.0,0.0
3,419,16.012199386954308,16.027081212960184,False,-36.79121017456055,-0.6421277523040771,38.5494499206543,0.6728148460388184,-13.318681716918945,-0.23245485126972198,91.20879364013672,1.5918937921524048,83.95604705810547,1.4653093814849854,0.7554945054945055,0.007554945054945055,-0.41960734128952026,-0.0046239495277404785,-0.23030778765678406,1.6388113498687744,1.4872057437896729,0.003405153751373291,-32.79121017456055,-0.5723145832595461,34.5494499206543,0.6030016558683111,-13.195663452148438,-0.23030777422507145,93.89696502685547,1.6388111973485937,85.21060943603516,1.487205692289762,0.3405153751373291,0.003405153751373291,False,False,0.0,0.0,8.749481201171875,8.749481201171875,0.0,34.81438446044922,34.81438446044922,0.0,0.0,0.0,0.0,0.0,0.0,0.0,0.0,0.0
3,420,16.045271929935552,16.2139814250404,False,-35.64834976196289,-0.6221810579299927,38.5494499206543,0.6728148460388184,-13.406593322753906,-0.2339891940355301,92.0,1.6057028770446777,83.95604705810547,1.4653093814849854,0.7554945054945055,0.007554945054945055,-0.6321178078651428,0.5820327997207642,-0.3064163625240326,1.6142337322235107,1.45498788356781,-6.91637396812439e-05,-36.217681884765625,-0.6321177963290657,34.5494499206543,0.6030016558683111,-17.406593322753906,-0.3038023650377157,92.48877716064453,1.6142336825965795,83.36466217041016,1.4549878346864193,0.0,0.0,True,False,0.00691637396812439,0.0,0.0,0.0,0.0,1.2014274597167969,1.2014274597167969,0.0,0.14977073669433594,0.14977073669433594,0.0,0.0,0.0,0.0,0.0,0.0
3,421,16.215448864968494,16.228627951000817,False,-33.36263656616211,-0.5822878479957581,38.5494499206543,0.6728148460388184,-12.79120922088623,-0.22324872016906738,92.96703338623047,1.6225807666778564,84.57142639160156,1.476049780845642,0.7554945054945055,0.007554945054945055,-0.6274874806404114,0.598468542098999,-0.31302568316459656,1.6135156154632568,1.4580992460250854,-0.0006533712148666382,-35.9523811340332,-0.6274874247207721,34.5494499206543,0.6030016558683111,-16.791210174560547,-0.29306190294045337,92.4476318359375,1.6135155612086396,83.54293060302734,1.458099205787959,0.0,0.0,True,False,0.06533712148666382,0.0,0.0,0.0,0.0,0.2597312927246094,0.2597312927246094,0.0,1.1438398361206055,1.143838882446289,0.0,0.0,0.0,0.0,0.0,0.0
3,422,16.24897456204053,16.26087621494662,False,-33.4505500793457,-0.5838222503662109,38.5494499206543,0.6728148460388184,-12.79120922088623,-0.22324872016906738,92.96703338623047,1.6225807666778564,84.57142639160156,1.476049780845642,0.7554945054945055,0.007554945054945055,-0.6297709345817566,0.5980008840560913,-0.317195862531662,1.6182125806808472,1.4599380493164062,0.002322152256965637,-36.083213806152344,-0.6297708856184333,34.5494499206543,0.6030016558683111,-16.791210174560547,-0.29306190294045337,92.71674346923828,1.6182124452651578,83.64828491210938,1.4599379853626042,0.23221522569656372,0.002322152256965637,False,False,0.0,0.0,0.0,0.0,0.0,0.2865257263183594,0.2865257263183594,0.0,1.3827733993530273,1.382772445678711,0.0,0.0,0.0,0.0,0.0,0.0
3,423,16.28244363993872,16.293832596042193,False,-33.626373291015625,-0.5868909358978271,38.5494499206543,0.6728148460388184,-12.967033386230469,-0.2263174206018448,92.70330047607422,1.6179778575897217,84.3956069946289,1.4729812145233154,0.7554945054945055,0.007554945054945055,-0.6279482245445251,0.601984977722168,-0.3342733681201935,1.6163485050201416,1.4501038789749146,0.0032460540533065796,-35.978782653808594,-0.6279482181683831,34.5494499206543,0.6030016558683111,-16.96703338623047,-0.2961305968855244,92.60993957519531,1.616348365660157,83.08483123779297,1.450103863563323,0.32460540533065796,0.0032460540533065796,False,False,0.0,0.0,0.0,0.0,0.0,0.058254241943359375,0.058254241943359375,0.0,2.1854190826416016,2.1854190826416016,0.0,0.0,0.0,0.0,0.0,0.0
3,424,16.316259245038964,16.327634099987336,False,-34.41758346557617,-0.6007001399993896,38.5494499206543,0.6728148460388184,-13.582417488098145,-0.2370579093694687,92.70330047607422,1.6179778575897217,84.04395294189453,1.4668437242507935,0.7554945054945055,0.007554945054945055,-0.627254843711853,0.5975384712219238,-0.32014569640159607,1.6162689924240112,1.4418710470199585,0.000439964234828949,-35.93905258178711,-0.6272547975995537,34.5494499206543,0.6030016558683111,-17.582416534423828,-0.3068710589827867,92.60538482666016,1.6162688703016181,82.61312103271484,1.441870967369452,0.0439964234828949,0.000439964234828949,False,False,0.0,0.0,0.0,0.0,0.0,0.313018798828125,0.313018798828125,0.0,0.7605791091918945,0.7605800628662109,0.0,0.0,0.0,0.0,0.0,0.0
3,425,16.350564414984547,16.362963409977965,False,-35.03296661376953,-0.6114405989646912,38.5494499206543,0.6728148460388184,-13.934065818786621,-0.2431953251361847,92.70330047607422,1.6179778575897217,83.95604705810547,1.4653093814849854,0.7554945054945055,0.007554945054945055,-0.6265533566474915,0.5946418046951294,-0.3084719479084015,1.612419605255127,1.4424835443496704,0.013494540005922318,-35.898860931396484,-0.6265533209684269,34.5494499206543,0.6030016558683111,-17.67413902282715,-0.308471918403547,92.38483428955078,1.6124195372620176,82.6482162475586,1.4424834944201703,1.3494540005922318,0.013494540005922318,False,False,0.0,0.0,0.0,0.0,0.0,0.4789848327636719,0.4789848327636719,0.0,0.0,0.0,0.0,0.0,0.0,0.0,0.0,0.0
3,426,16.384259545011446,16.39776686602272,False,-35.64834976196289,-0.6221810579299927,38.46154022216797,0.6712805032730103,-14.373626708984375,-0.25086709856987,92.70330047607422,1.6179778575897217,83.6043930053711,1.4591718912124634,0.7554945054945055,0.007554945054945055,-0.622035801410675,0.5830017328262329,-0.3194253742694855,1.6140586137771606,1.4411466121673584,0.0027007460594177246,-35.64002227783203,-0.6220357342322982,34.46154022216797,0.6014673421852892,-18.301725387573242,-0.31942536680898836,92.47874450683594,1.6140585797549067,82.57161712646484,1.4411465875529506,0.27007460594177246,0.0027007460594177246,False,False,0.0,0.0,0.0,0.0,0.0,1.0580024719238281,1.0580024719238281,0.0,0.0,0.0,0.0,0.0,0.0,0.0,0.0,0.0
3,427,16.417628244962543,16.429440943989903,False,-35.736263275146484,-0.6237154603004456,38.46154022216797,0.6712805032730103,-14.725275039672852,-0.2570045292377472,92.70330047607422,1.6179778575897217,83.69230651855469,1.460706353187561,0.7554945054945055,0.007554945054945055,-0.6289995908737183,0.5763895511627197,-0.3190029561519623,1.6149717569351196,1.4434560537338257,0.0024095699191093445,-36.03902053833008,-0.6289995675877191,34.46154022216797,0.6014673421852892,-18.27752113342285,-0.31900292288107457,92.53105926513672,1.6149716445346405,82.70393371582031,1.4434559476922129,0.24095699191093445,0.0024095699191093445,False,False,0.0,0.0,0.0,0.0,0.0,1.4368515014648438,1.4368515014648438,0.0,0.0,0.0,0.0,0.0,0.0,0.0,0.0,0.0
3,428,16.450869631022215,16.462017301935703,False,-35.64834976196289,-0.6221810579299927,38.46154022216797,0.6712805032730103,-15.076923370361328,-0.2631419599056244,92.70330047607422,1.6179778575897217,83.34066009521484,1.454568862915039,0.9615384615384616,0.009615384615384616,-0.6221776604652405,0.5757856369018555,-0.31422504782676697,1.613556146621704,1.4463328123092651,0.002022966742515564,-35.64815139770508,-0.6221776141393722,34.46154022216797,0.6014673421852892,-18.003768920898438,-0.31422504543790425,92.449951171875,1.6135560412572088,82.86875915527344,1.4463326943017163,0.2022966742515564,0.002022966742515564,False,False,0.0,0.0,0.0,0.0,0.0,1.4714546203613281,1.4714546203613281,0.0,0.0,0.0,0.0,0.0,0.0,0.0,0.0,0.0
3,429,16.484314991044812,16.496027932036668,False,-35.120880126953125,-0.612975001335144,38.46154022216797,0.6712805032730103,-15.252747535705566,-0.266210675239563,92.70330047607422,1.6179778575897217,82.989013671875,1.4484314918518066,0.8241758241758242,0.008241758241758242,-0.6289228200912476,0.5744558572769165,-0.3125821650028229,1.6121509075164795,1.4368476867675781,0.006881337612867355,-36.03462219238281,-0.6289228019692976,34.46154022216797,0.6014673421852892,-17.909637451171875,-0.3125821413614344,92.36943817138672,1.6121508243080285,82.32530212402344,1.4368475797632903,0.6881337612867355,0.006881337612867355,False,False,0.0,0.0,0.0,0.0,0.0,1.5476455688476562,1.5476455688476562,0.0,0.0,0.0,0.0,0.0,0.0,0.0,0.0,0.0
3,430,16.517655960982665,16.52925028395839,False,-35.120880126953125,-0.612975001335144,38.46154022216797,0.6712805032730103,-15.252747535705566,-0.266210675239563,92.70330047607422,1.6179778575897217,82.989013671875,1.4484314918518066,0.7554945054945055,0.007554945054945055,-0.6296154856681824,0.5568555593490601,-0.3091253936290741,1.6085166931152344,1.4327456951141357,0.04376038908958435,-36.07430648803711,-0.6296154235897999,34.46154022216797,0.6014673421852892,-17.711580276489258,-0.30912539155602514,92.16120910644531,1.608516541526452,82.09027862548828,1.4327456458942955,4.376038908958435,0.04376038908958435,False,False,0.0,0.0,0.0,0.0,0.0,2.5560684204101562,2.5560684204101562,0.0,0.0,0.0,0.0,0.0,0.0,0.0,0.0,0.0
3,431,16.55124997999519,16.563230818952434,False,-35.20878982543945,-0.6145092844963074,38.46154022216797,0.6712805032730103,-15.252747535705566,-0.266210675239563,92.70330047607422,1.6179778575897217,82.989013671875,1.4484314918518066,0.7554945054945055,0.007554945054945055,-0.6316453814506531,0.558684229850769,-0.3120446503162384,1.6121585369110107,1.44381844997406,0.028071295469999313,-36.19061279296875,-0.6316453515516857,34.46154022216797,0.6014673421852892,-17.878841400146484,-0.3120446488744292,92.369873046875,1.6121584143171352,82.72470092773438,1.4438184039165725,2.8071295469999313,0.028071295469999313,False,False,0.0,0.0,0.0,0.0,0.0,2.4512939453125,2.4512939453125,0.0,0.0,0.0,0.0,0.0,0.0,0.0,0.0,0.0
3,432,16.585104272933677,16.595963308936916,False,-35.82417678833008,-0.6252498030662537,38.46154022216797,0.6712805032730103,-15.252747535705566,-0.266210675239563,92.70330047607422,1.6179778575897217,82.81318664550781,1.4453628063201904,0.9615384615384616,0.009615384615384616,-0.6266376376152039,0.5592933893203735,-0.30958929657936096,1.610166311264038,1.4424841403961182,0.07361126691102982,-35.903690338134766,-0.6266376100169279,34.46154022216797,0.6014673421852892,-17.7381591796875,-0.3095892809284033,92.25572967529297,1.6101662366637015,82.64824676513672,1.4424840270523884,5.961538461538462,0.05961538461538462,False,True,1.39958822956452,0.0,0.0,0.0,0.0,2.4163894653320312,2.4163894653320312,0.0,0.0,0.0,0.0,0.0,0.0,0.0,0.0,0.0
3,433,16.61825785494875,16.629378270939924,False,-36.0,-0.6283185482025146,38.46154022216797,0.6712805032730103,-15.252747535705566,-0.266210675239563,92.70330047607422,1.6179778575897217,82.9011001586914,1.4468971490859985,1.6483516483516485,0.016483516483516484,-0.6236292123794556,0.5671114921569824,-0.33505985140800476,1.6109845638275146,1.4404160976409912,0.11837221682071686,-35.731319427490234,-0.6236291700915199,34.46154022216797,0.6014673421852892,-19.197513580322266,-0.33505982017294844,92.3026123046875,1.6109844929086283,82.5297622680664,1.4404160824659418,6.648351648351649,0.06648351648351648,False,True,5.188870033720037,0.0,0.0,0.0,0.0,1.9684486389160156,1.9684486389160156,0.0,0.0,0.0,0.0,0.0,0.0,0.0,0.0,0.0
3,434,16.651773985940963,16.665545021998696,False,-36.0,-0.6283185482025146,38.46154022216797,0.6712805032730103,-15.252747535705566,-0.266210675239563,92.70330047607422,1.6179778575897217,83.07691955566406,1.4499657154083252,2.3351648351648353,0.023351648351648352,-0.6233948469161987,0.5658974647521973,-0.3412072956562042,1.6123219728469849,1.4336947202682495,0.15837731957435608,-35.717891693115234,-0.6233948119155929,34.46154022216797,0.6014673421852892,-19.25274658203125,-0.33602381790852986,92.37924194335938,1.6123219324080662,82.1446533203125,1.4336946633487453,7.335164835164836,0.07335164835164835,False,True,8.502567122270772,0.0,0.0,0.0,0.0,2.038005828857422,2.038005828857422,0.0,0.29698848724365234,0.29698944091796875,0.0,0.0,0.0,0.0,0.0,0.0
3,435,16.68507148802746,16.697108385968022,False,-35.64834976196289,-0.6221810579299927,38.46154022216797,0.6712805032730103,-15.428571701049805,-0.2692793607711792,92.70330047607422,1.6179778575897217,82.81318664550781,1.4453628063201904,3.296703296703297,0.03296703296703297,-0.616949200630188,0.5703577995300293,-0.32517334818840027,1.6137299537658691,1.4329599142074585,0.18320253491401672,-35.34858322143555,-0.6169491631292741,34.46154022216797,0.6014673421852892,-18.631059646606445,-0.32517333396873366,92.45990753173828,1.6137298125183366,82.10255432128906,1.4329598972039925,8.296703296703297,0.08296703296703298,False,True,10.023550194698375,0.0,0.0,0.0,0.0,1.7824478149414062,1.7824478149414062,0.0,0.0,0.0,0.0,0.0,0.0,0.0,0.0,0.0
3,436,16.719362483010627,16.731324300984852,False,-35.29670333862305,-0.6160436868667603,38.46154022216797,0.6712805032730103,-15.95604419708252,-0.278485506772995,92.70330047607422,1.6179778575897217,82.81318664550781,1.4453628063201904,4.945054945054945,0.049450549450549455,-0.613411545753479,0.5572344064712524,-0.32323524355888367,1.6086653470993042,1.4283050298690796,0.19145162403583527,-35.14588928222656,-0.6134114865162401,34.46154022216797,0.6014673421852892,-18.5200138092041,-0.32323521848542847,92.16973114013672,1.608665279073333,81.83584594726562,1.428304957934643,9.945054945054945,0.09945054945054946,False,True,9.200107458528581,0.0,0.0,0.0,0.0,2.53436279296875,2.53436279296875,0.0,0.0,0.0,0.0,0.0,0.0,0.0,0.0,0.0
3,437,16.752800354966894,16.764179683988914,False,-35.20878982543945,-0.6145092844963074,38.46154022216797,0.6712805032730103,-16.043956756591797,-0.2800198793411255,92.70330047607422,1.6179778575897217,82.63735961914062,1.4422940015792847,5.975274725274725,0.059752747252747256,-0.6101046204566956,0.5642801523208618,-0.3302900493144989,1.6088403463363647,1.4258458614349365,0.19399407505989075,-34.956417083740234,-0.6101045728116614,34.46154022216797,0.6014673421852892,-18.924224853515625,-0.33029003208158925,92.17975616455078,1.608840248756951,81.6949462890625,1.4258457949840637,10.975274725274726,0.10975274725274727,False,True,8.424132780714348,0.0,0.0,0.0,0.0,2.1306724548339844,2.1306724548339844,0.0,0.0,0.0,0.0,0.0,0.0,0.0,0.0,0.0
3,438,16.786562177934684,16.797762008965947,False,-35.20878982543945,-0.6145092844963074,38.46154022216797,0.6712805032730103,-16.131868362426758,-0.2815542221069336,92.70330047607422,1.6179778575897217,82.46154022216797,1.4392253160476685,7.348901098901099,0.07348901098901099,-0.6082466244697571,0.5551615953445435,-0.3263382017612457,1.6098357439041138,1.422719955444336,0.19107607007026672,-34.8499641418457,-0.6082466184771677,34.46154022216797,0.6014673421852892,-18.697799682617188,-0.3263381673400207,92.23678588867188,1.609835605214368,81.5158462524414,1.4227199096545833,12.348901098901099,0.12348901098901098,False,True,6.758705908125574,0.0,0.0,0.0,0.0,2.653125762939453,2.653125762939453,0.0,0.0,0.0,0.0,0.0,0.0,0.0,0.0,0.0
3,439,16.81979910598602,16.831664709956385,False,-35.47252655029297,-0.6191123723983765,38.46154022216797,0.6712805032730103,-16.131868362426758,-0.2815542221069336,92.61538696289062,1.616443395614624,82.37362670898438,1.4376909732818604,8.653846153846153,0.08653846153846154,-0.612190306186676,0.5391526222229004,-0.3303666412830353,1.61052405834198,1.4193941354751587,0.19115355610847473,-35.07592010498047,-0.6121902939983843,34.46154022216797,0.6014673421852892,-18.928613662719727,-0.33036663125244264,92.27622985839844,1.6105240323561536,81.32528686523438,1.4193940209272378,13.653846153846153,0.13653846153846153,False,True,5.46150945700132,0.0,0.0,0.0,0.0,3.570371627807617,3.570371627807617,0.0,0.0,0.0,0.0,0.0,0.0,0.0,0.0,0.0
3,440,16.853243962978013,16.865642389981076,False,-35.64834976196289,-0.6221810579299927,38.46154022216797,0.6712805032730103,-16.131868362426758,-0.2815542221069336,92.61538696289062,1.616443395614624,82.19779968261719,1.4346222877502441,9.821428571428571,0.09821428571428571,-0.6093598008155823,0.5511379241943359,-0.30918893218040466,1.610918641090393,1.436767339706421,0.19403335452079773,-34.91374206542969,-0.6093597532337935,34.46154022216797,0.6014673421852892,-17.715219497680664,-0.30918890794802356,92.29883575439453,1.610918579671649,82.3207015991211,1.4367672854564242,14.821428571428571,0.14821428571428572,False,True,4.581906880651202,0.0,0.0,0.0,0.0,2.883665084838867,2.883665084838867,0.0,0.0,0.0,0.0,0.0,0.0,0.0,0.0,0.0
3,441,16.887150519993156,16.898977900040336,False,-35.64834976196289,-0.6221810579299927,38.46154022216797,0.6712805032730103,-16.131868362426758,-0.2815542221069336,92.61538696289062,1.616443395614624,82.19779968261719,1.4346222877502441,11.195054945054945,0.11195054945054946,-0.6069557070732117,0.5579466819763184,-0.3125121295452118,1.6118046045303345,1.438609004020691,0.19125741720199585,-34.775997161865234,-0.6069556511387517,34.46154022216797,0.6014673421852892,-17.905624389648438,-0.31251210022476533,92.34959411621094,1.6118044802082638,82.42621612548828,1.4386088613502142,16.195054945054945,0.16195054945054946,False,True,2.9306867751446397,0.0,0.0,0.0,0.0,2.493551254272461,2.493551254272461,0.0,0.0,0.0,0.0,0.0,0.0,0.0,0.0,0.0
3,442,16.92028867197223,16.93196001101751,False,-35.38461685180664,-0.6175780892372131,38.373626708984375,0.6697461009025574,-16.131868362426758,-0.2815542221069336,92.61538696289062,1.616443395614624,82.10989379882812,1.433087944984436,12.5,0.125,-0.6096433997154236,0.5341473817825317,-0.32376137375831604,1.6102261543273926,1.4279731512069702,0.19324013590812683,-34.92999267578125,-0.609643379889887,34.373626708984375,0.5999329619232401,-18.550159454345703,-0.32376135924828725,92.2591552734375,1.6102260246301738,81.81683349609375,1.4279731280628192,17.5,0.175,False,True,1.824013590812683,0.0,0.0,0.0,0.0,3.769237518310547,3.769237518310547,0.0,0.0,0.0,0.0,0.0,0.0,0.0,0.0,0.0
3,443,16.9537991899997,16.964913825970143,False,-35.120880126953125,-0.612975001335144,38.373626708984375,0.6697461009025574,-16.131868362426758,-0.2815542221069336,92.61538696289062,1.616443395614624,82.02198028564453,1.431553602218628,13.736263736263737,0.13736263736263737,-0.600949227809906,0.5411425828933716,-0.3050282895565033,1.6101291179656982,1.4336926937103271,0.1929752230644226,-34.431854248046875,-0.6009492241952143,34.373626708984375,0.5999329619232401,-17.47683334350586,-0.3050282846665064,92.25360107421875,1.610129085566495,82.14453887939453,1.4336926659779279,18.736263736263737,0.18736263736263736,False,True,0.5612585701785235,0.0,0.0,0.0,0.0,3.3684425354003906,3.3684425354003906,0.0,0.0,0.0,0.0,0.0,0.0,0.0,0.0,0.0
3,444,16.987522969953716,16.99882845603861,False,-34.85714340209961,-0.608371913433075,38.373626708984375,0.6697461009025574,-16.131868362426758,-0.2815542221069336,92.61538696289062,1.616443395614624,82.02198028564453,1.431553602218628,15.10989010989011,0.1510989010989011,-0.5956824421882629,0.5544317960739136,-0.2945195734500885,1.6090096235275269,1.442870020866394,0.1951965093612671,-34.130088806152344,-0.5956824236654191,34.373626708984375,0.5999329619232401,-16.874727249145508,-0.2945195508735946,92.189453125,1.6090094926442255,82.67035675048828,1.4428699190943408,19.51965093612671,0.1951965093612671,False,False,0.0,0.0,0.0,0.0,0.0,2.607027053833008,2.607027053833008,0.0,0.0,0.0,0.0,0.0,0.0,0.0,0.0,0.0
3,445,17.020820506033488,17.03231161995791,False,-34.769229888916016,-0.6068375110626221,38.373626708984375,0.6697461009025574,-16.131868362426758,-0.2815542221069336,92.61538696289062,1.616443395614624,82.02198028564453,1.431553602218628,16.346153846153847,0.16346153846153846,-0.6017178893089294,0.5422267913818359,-0.30960825085639954,1.6084617376327515,1.4270105361938477,0.1924552321434021,-34.475894927978516,-0.6017178790648384,34.373626708984375,0.5999329619232401,-17.73924446105957,-0.30960822266165655,92.15806579589844,1.6084616804079963,81.76167297363281,1.4270103953287554,19.24552321434021,0.1924552321434021,False,False,0.0,0.0,0.0,0.0,0.0,3.3063220977783203,3.3063220977783203,0.0,0.0,0.0,0.0,0.0,0.0,0.0,0.0,0.0
3,446,17.054591479944065,17.06814923894126,False,-34.68132019042969,-0.6053032279014587,38.373626708984375,0.6697461009025574,-16.131868362426758,-0.2815542221069336,92.61538696289062,1.616443395614624,82.02198028564453,1.431553602218628,17.582417582417584,0.17582417582417584,-0.6043700575828552,0.5326907634735107,-0.3253410756587982,1.6084462404251099,1.4415655136108398,0.1903546303510666,-34.62785339355469,-0.604370054615421,34.373626708984375,0.5999329619232401,-18.640668869018555,-0.3253410465383814,92.15717315673828,1.6084461009156192,82.59561157226562,1.4415653696343655,19.03546303510666,0.1903546303510666,False,False,0.0,0.0,0.0,0.0,0.0,3.8526954650878906,3.8526954650878906,0.0,0.0,0.0,0.0,0.0,0.0,0.0,0.0,0.0
3,447,17.088496737997048,17.10114845901262,False,-34.68132019042969,-0.6053032279014587,38.373626708984375,0.6697461009025574,-16.131868362426758,-0.2815542221069336,92.61538696289062,1.616443395614624,82.02198028564453,1.431553602218628,18.063186813186814,0.18063186813186813,-0.5929093956947327,0.5448107719421387,-0.32663777470588684,1.606457233428955,1.439887523651123,0.19141027331352234,-33.9712028503418,-0.5929093406013468,34.373626708984375,0.5999329619232401,-18.7149658203125,-0.3266377729626546,92.043212890625,1.6064571190554937,82.49947357177734,1.4398874449895611,19.141027331352234,0.19141027331352234,False,False,0.0,0.0,0.0,0.0,0.0,3.1582698822021484,3.1582698822021484,0.0,0.0,0.0,0.0,0.0,0.0,0.0,0.0,0.0
3,448,17.12177926301956,17.13559832703322,False,-34.769229888916016,-0.6068375110626221,38.373626708984375,0.6697461009025574,-16.131868362426758,-0.2815542221069336,92.61538696289062,1.616443395614624,82.02198028564453,1.431553602218628,18.269230769230766,0.18269230769230765,-0.5966016054153442,0.5443865060806274,-0.3091260492801666,1.6078017950057983,1.4390815496444702,0.1920894831418991,-34.1827507019043,-0.5966015471366327,34.373626708984375,0.5999329619232401,-17.71161651611328,-0.3091260240567841,92.12025451660156,1.6078017490898746,82.45329284667969,1.4390814392856486,19.20894831418991,0.1920894831418991,False,False,0.0,0.0,0.0,0.0,0.0,3.1825790405273438,3.1825790405273438,0.0,0.0,0.0,0.0,0.0,0.0,0.0,0.0,0.0
3,449,17.15558504802175,17.170542442938313,False,-34.769229888916016,-0.6068375110626221,38.373626708984375,0.6697461009025574,-16.131868362426758,-0.2815542221069336,92.61538696289062,1.616443395614624,82.10989379882812,1.433087944984436,18.543956043956044,0.18543956043956045,-0.5904893279075623,0.5673829317092896,-0.32468411326408386,1.6061455011367798,1.4354697465896606,0.19239798188209534,-33.83254623413086,-0.5904893261187918,34.373626708984375,0.5999329619232401,-18.603029251098633,-0.3246841112764861,92.02535247802734,1.6061453960499,82.24635314941406,1.4354696602152832,19.239798188209534,0.19239798188209534,False,False,0.0,0.0,0.0,0.0,0.0,1.8649826049804688,1.8649826049804688,0.0,0.0,0.0,0.0,0.0,0.0,0.0,0.0,0.0
3,450,17.1893421219429,17.36064677196555,False,-34.769229888916016,-0.6068375110626221,38.373626708984375,0.6697461009025574,-16.131868362426758,-0.2815542221069336,92.61538696289062,1.616443395614624,82.10989379882812,1.433087944984436,18.75,0.1875,-0.5920605659484863,0.6656719446182251,-0.35689428448677063,1.6076889038085938,1.4407812356948853,0.19183093309402466,-33.922569274902344,-0.5920605245829114,38.14019012451172,0.6656718950093555,-20.131868362426758,-0.351367387502426,92.11378479003906,1.6076888310596553,82.5506820678711,1.4407812018513917,19.183093309402466,0.19183093309402466,False,False,0.0,0.0,0.0,0.0,0.0,0.0,0.0,0.0,0.3166675567626953,0.3166675567626953,0.0,0.0,0.0,0.0,0.0,0.0
3,451,17.362325511989184,17.373895884957165,False,-33.80219650268555,-0.5899596214294434,38.373626708984375,0.6697461009025574,-16.131868362426758,-0.2815542221069336,92.26373291015625,1.610305905342102,82.10989379882812,1.433087944984436,18.75,0.1875,-0.5787347555160522,0.7050818204879761,-0.33004745841026306,1.5697137117385864,1.4503889083862305,0.1929900348186493,-33.1590576171875,-0.5787347322784273,40.39820861816406,0.7050817522945116,-18.91032600402832,-0.33004745139579666,89.9379653930664,1.5697136186537248,83.10115814208984,1.4503888217999616,19.29900348186493,0.1929900348186493,False,False,0.0,0.0,0.0,0.0,0.0,0.0,0.0,0.0,0.0,0.0,0.0,0.0,0.0,0.0,0.0,0.0
3,452,17.39592304697726,17.409521889989264,False,-33.978023529052734,-0.5930283665657043,38.373626708984375,0.6697461009025574,-16.131868362426758,-0.2815542221069336,92.26373291015625,1.610305905342102,82.10989379882812,1.433087944984436,18.75,0.1875,-0.5784800052642822,0.6999412775039673,-0.32762083411216736,1.5477033853530884,1.4384311437606812,0.1878472864627838,-33.14446258544922,-0.5784800009201613,40.10367965698242,0.6999412521794134,-18.771289825439453,-0.3276208123000301,88.67686462402344,1.5477032580344925,82.41603088378906,1.4384310953474513,18.78472864627838,0.1878472864627838,False,False,0.0,0.0,0.0,0.0,0.0,0.0,0.0,0.0,0.0,0.0,0.0,0.0,0.0,0.0,0.0,0.0
3,453,17.42906438698992,17.44015565002337,False,-34.06593322753906,-0.5945627093315125,38.46154022216797,0.6712805032730103,-16.131868362426758,-0.2815542221069336,92.17582702636719,1.6087716817855835,82.28571319580078,1.4361566305160522,18.75,0.1875,-0.5808250308036804,0.732611894607544,-0.3300286829471588,1.5227619409561157,1.4370417594909668,0.18865099549293518,-33.2788200378418,-0.5808249808390032,41.97556686401367,0.7326118471680695,-18.909250259399414,-0.3300286761101116,88.17582702636719,1.5389585022791084,82.33642578125,1.437041724206757,18.865099549293518,0.18865099549293518,False,False,0.0,0.0,0.0,0.0,0.0,0.0,0.0,0.0,0.0,0.0,0.0,0.9280014038085938,0.9280014038085938,0.0,0.0,0.0
3,454,17.462488268967718,17.473293488030322,False,-33.978023529052734,-0.5930283665657043,39.42856979370117,0.6881583333015442,-16.131868362426758,-0.2815542221069336,91.29669952392578,1.5934280157089233,82.37362670898438,1.4376909732818604,18.75,0.1875,-0.5780038833618164,0.7411168813705444,-0.3389414846897125,1.5101394653320312,1.4392751455307007,0.18825601041316986,-33.11717987060547,-0.5780038277172551,42.462867736816406,0.7411168518463193,-19.4199161529541,-0.3389414773302798,87.29669952392578,1.5236148328166712,82.46438598632812,1.4392750510968975,18.825601041316986,0.18825601041316986,False,False,0.0,0.0,0.0,0.0,0.0,0.0,0.0,0.0,0.0,0.0,0.0,0.7720870971679688,0.7720870971679688,0.0,0.0,0.0
3,455,17.49570149194915,17.507865604013205,False,-33.89011001586914,-0.5914940237998962,40.92307662963867,0.7142423987388611,-16.21977996826172,-0.2830885648727417,89.62637329101562,1.5642752647399902,82.63735961914062,1.4422940015792847,18.75,0.1875,-0.575950562953949,0.7658072710037231,-0.32262179255485535,1.4996570348739624,1.4505131244659424,0.19008955359458923,-32.999534606933594,-0.575950530516804,43.87752151489258,0.7658072180495257,-18.484865188598633,-0.3226217593283287,85.92401123046875,1.499656902492264,83.1082763671875,1.4505130582648138,19.008955359458923,0.19008955359458923,False,False,0.0,0.0,0.0,0.0,0.0,0.0,0.0,0.0,0.0,0.0,0.0,0.0,0.0,0.0,0.0,0.0
3,456,17.529156015021726,17.541637031012215,False,-33.626373291015625,-0.5868909358978271,42.5054931640625,0.7418608069419861,-16.30769157409668,-0.2846229076385498,88.65933990478516,1.5473973751068115,82.54945373535156,1.4407597780227661,18.75,0.1875,-0.5801680088043213,0.7735010385513306,-0.33979466557502747,1.5058947801589966,1.4400626420974731,0.18953710794448853,-33.24117660522461,-0.5801679789980807,44.31834411621094,0.7735010238597373,-19.468799591064453,-0.33979465427500033,86.28141021728516,1.505894691555502,82.50950622558594,1.4400625478312339,18.953710794448853,0.18953710794448853,False,False,0.0,0.0,0.0,0.0,0.0,0.0,0.0,0.0,0.0,0.0,0.0,0.0,0.0,0.0,0.0,0.0
3,457,17.562502471962944,17.57597598899156,False,-33.18681335449219,-0.5792191624641418,43.38461685180664,0.7572044134140015,-16.395605087280273,-0.2861572802066803,88.3956069946289,1.5427943468093872,82.72527313232422,1.4438283443450928,19.29945054945055,0.1929945054945055,-0.5802997946739197,0.7773705720901489,-0.35882803797721863,1.5097651481628418,1.4409961700439453,0.1876409649848938,-33.24872589111328,-0.5802997388930125,44.5400505065918,0.7773705303445952,-20.395605087280273,-0.3559704617095462,86.50316619873047,1.5097650635677142,82.56299591064453,1.4409961189513611,18.76409649848938,0.1876409649848938,False,False,0.0,0.0,0.0,0.0,0.0,0.0,0.0,0.0,0.163726806640625,0.163726806640625,0.0,0.0,0.0,0.0,0.0,0.0
3,458,17.59608163696248,17.608987618936226,False,-33.010990142822266,-0.5761504769325256,44.263736724853516,0.7725479602813721,-16.83516502380371,-0.2938290536403656,87.51648712158203,1.5274507999420166,82.37362670898438,1.4376909732818604,18.681318681318682,0.18681318681318682,-0.5864086151123047,0.8048793077468872,-0.33944085240364075,1.5169342756271362,1.4356117248535156,0.19098898768424988,-33.59873580932617,-0.5864085643804634,46.11618423461914,0.8048792533504052,-19.44852638244629,-0.33944082003466963,86.91392517089844,1.516934160064153,82.25448608398438,1.4356116067013844,19.098898768424988,0.19098898768424988,False,False,0.0,0.0,0.0,0.0,0.0,0.0,0.0,0.0,0.0,0.0,0.0,0.0,0.0,0.0,0.0,0.0
3,459,17.629430603934452,17.66341095196549,False,-32.92307662963867,-0.5746160745620728,44.61538314819336,0.7786853313446045,-17.538461685180664,-0.3061038851737976,87.51648712158203,1.5274507999420166,82.72527313232422,1.4438283443450928,18.818681318681318,0.18818681318681318,-0.5864533185958862,0.7978842258453369,-0.3368968665599823,1.5138992071151733,1.4520113468170166,0.19255203008651733,-33.60129928588867,-0.5864533054867768,45.715396881103516,0.7978841944312031,-19.302766799926758,-0.33689683540337145,86.74002838134766,1.5138990885278443,83.1941146850586,1.4520112195360377,19.255203008651733,0.19255203008651733,False,False,0.0,0.0,0.0,0.0,0.0,0.0,0.0,0.0,0.0,0.0,0.0,0.0,0.0,0.0,0.0,0.0
3,460,17.664929253980517,17.675434459000826,False,-33.098899841308594,-0.577684760093689,44.879119873046875,0.7832884192466736,-17.80219841003418,-0.3107069730758667,87.42857360839844,1.5259164571762085,82.72527313232422,1.4438283443450928,18.681318681318682,0.18681318681318682,-0.5774653553962708,0.8073811531066895,-0.328891783952713,1.512302279472351,1.4552562236785889,0.18971598148345947,-33.086326599121094,-0.5774653365448411,46.25952911376953,0.8073810934574529,-18.8441104888916,-0.3288917726407568,86.6485366821289,1.5123022571382327,83.38003540039062,1.455256148166245,18.971598148345947,0.18971598148345947,False,False,0.0,0.0,0.0,0.0,0.0,0.0,0.0,0.0,0.0,0.0,0.0,0.0,0.0,0.0,0.0,0.0
3,461,17.698808857938275,17.714113087044097,False,-33.18681335449219,-0.5792191624641418,45.406593322753906,0.792494535446167,-17.89011001586914,-0.3122413158416748,87.42857360839844,1.5259164571762085,82.72527313232422,1.4438283443450928,18.681318681318682,0.18681318681318682,-0.5854695439338684,0.7961616516113281,-0.3474408686161041,1.506115198135376,1.449891209602356,0.18838313221931458,-33.5449333190918,-0.5854695337801015,45.61669921875,0.7961615952591126,-19.90689468383789,-0.34744085608072683,86.29403686523438,1.506115068135706,83.07263946533203,1.4498910769922257,18.838313221931458,0.18838313221931458,False,False,0.0,0.0,0.0,0.0,0.0,0.0,0.0,0.0,0.0,0.0,0.0,0.0,0.0,0.0,0.0,0.0
3,462,17.731756665976718,17.744531586999074,False,-33.18681335449219,-0.5792191624641418,45.4945068359375,0.7940289378166199,-17.89011001586914,-0.3122413158416748,87.42857360839844,1.5259164571762085,82.9011001586914,1.4468971490859985,18.681318681318682,0.18681318681318682,-0.5847172737121582,0.8042174577713013,-0.34601083397865295,1.5043178796768188,1.4456424713134766,0.18961232900619507,-33.5018310546875,-0.5847172573511813,46.07826232910156,0.8042173912404932,-19.82495880126953,-0.3460108051543815,86.1910629272461,1.5043178338740661,82.82920837402344,1.4456424029471677,18.961232900619507,0.18961232900619507,False,False,0.0,0.0,0.0,0.0,0.0,0.0,0.0,0.0,0.0,0.0,0.0,0.0,0.0,0.0,0.0,0.0
3,463,17.7653270609444,17.776522465981543,False,-33.18681335449219,-0.5792191624641418,45.58241653442383,0.7955632209777832,-18.065933227539062,-0.315310001373291,87.25274658203125,1.5228476524353027,82.989013671875,1.4484314918518066,18.681318681318682,0.18681318681318682,-0.5911688208580017,0.8199326992034912,-0.330279678106308,1.4912805557250977,1.456478476524353,0.18939489126205444,-33.87147521972656,-0.5911687650918983,46.97867965698242,0.8199326382540235,-18.923629760742188,-0.33027964575333796,85.44407653808594,1.4912804619156377,83.45006561279297,1.4564784059485367,18.939489126205444,0.18939489126205444,False,False,0.0,0.0,0.0,0.0,0.0,0.0,0.0,0.0,0.0,0.0,0.0,0.0,0.0,0.0,0.0,0.0
3,464,17.798787286039442,17.80945542198606,False,-33.27472686767578,-0.5807535648345947,45.67033004760742,0.7970976233482361,-18.329669952392578,-0.3199130892753601,87.25274658203125,1.5228476524353027,82.989013671875,1.4484314918518066,18.681318681318682,0.18681318681318682,-0.5847998857498169,0.8001701831817627,-0.31983712315559387,1.487489938735962,1.4589027166366577,0.18699195981025696,-33.50656509399414,-0.584799881924001,45.846370697021484,0.8001701187528726,-18.325315475463867,-0.31983709151351464,85.22689056396484,1.4874898515780735,83.5889663696289,1.458902681488836,18.699195981025696,0.18699195981025696,False,False,0.0,0.0,0.0,0.0,0.0,0.0,0.0,0.0,0.0,0.0,0.0,0.0,0.0,0.0,0.0,0.0
3,465,17.832175408955663,17.842840519966558,False,-33.36263656616211,-0.5822878479957581,45.93406677246094,0.8017007112503052,-18.41758155822754,-0.3214474320411682,86.9011001586914,1.5167102813720703,83.07691955566406,1.4499657154083252,18.681318681318682,0.18681318681318682,-0.5868704319000244,0.8103457689285278,-0.32546690106391907,1.4872499704360962,1.4527159929275513,0.1788506656885147,-33.62519836425781,-0.5868704230925104,46.42938995361328,0.8103457243829291,-18.647878646850586,-0.3254668808998876,85.21314239501953,1.4872499007638573,83.23448944091797,1.4527158919604728,17.88506656885147,0.1788506656885147,False,False,0.0,0.0,0.0,0.0,0.0,0.0,0.0,0.0,0.0,0.0,0.0,0.0,0.0,0.0,0.0,0.0
3,466,17.86563626001589,17.876900841016322,False,-33.36263656616211,-0.5822878479957581,46.021976470947266,0.8032349944114685,-18.41758155822754,-0.3214474320411682,86.63735961914062,1.5121071338653564,83.07691955566406,1.4499657154083252,18.681318681318682,0.18681318681318682,-0.5862103700637817,0.810301661491394,-0.3298485577106476,1.488072395324707,1.4509011507034302,0.1841793656349182,-33.587379455566406,-0.5862103586163343,46.42686462402344,0.8103016490668883,-18.898929595947266,-0.3298485465518814,85.26026153564453,1.4880722849084738,83.13050842285156,1.4509010808356384,18.41793656349182,0.1841793656349182,False,False,0.0,0.0,0.0,0.0,0.0,0.0,0.0,0.0,0.0,0.0,0.0,0.0,0.0,0.0,0.0,0.0
3,467,17.89925954595674,17.909879395039752,False,-33.36263656616211,-0.5822878479957581,46.021976470947266,0.8032349944114685,-18.41758155822754,-0.3214474320411682,86.54945373535156,1.510572910308838,83.07691955566406,1.4499657154083252,18.475274725274726,0.18475274725274726,-0.5885230898857117,0.8135573863983154,-0.34296485781669617,1.4916892051696777,1.4524785280227661,0.18024387955665588,-33.719886779785156,-0.5885230477069591,46.6134033203125,0.8135573634995101,-19.65043830871582,-0.342964847947117,85.46749114990234,1.4916891239849104,83.22088623046875,1.4524784711492922,18.02438795566559,0.18024387955665588,False,False,0.0,0.0,0.0,0.0,0.0,0.0,0.0,0.0,0.0,0.0,0.0,0.0,0.0,0.0,0.0,0.0
3,468,17.9330037930049,17.943513978039846,False,-33.4505500793457,-0.5838222503662109,46.021976470947266,0.8032349944114685,-18.41758155822754,-0.3214474320411682,86.54945373535156,1.510572910308838,83.07691955566406,1.4499657154083252,18.337912087912088,0.18337912087912087,-0.5809457898139954,0.8055840730667114,-0.3219039738178253,1.492273211479187,1.4500662088394165,0.17770779132843018,-33.28573989868164,-0.5809457551944384,46.15656661987305,0.8055840589328946,-18.44373893737793,-0.32190397083552513,85.5009536743164,1.4922731552119648,83.08267211914062,1.4500661798338985,17.770779132843018,0.17770779132843018,False,False,0.0,0.0,0.0,0.0,0.0,0.0,0.0,0.0,0.0,0.0,0.0,0.0,0.0,0.0,0.0,0.0
3,469,17.96630891796667,17.977274795994163,False,-33.4505500793457,-0.5838222503662109,46.021976470947266,0.8032349944114685,-18.41758155822754,-0.3214474320411682,86.54945373535156,1.510572910308838,83.07691955566406,1.4499657154083252,18.337912087912088,0.18337912087912087,-0.5809838175773621,0.784868597984314,-0.3227473199367523,1.4905527830123901,1.4471566677093506,0.16655661165714264,-33.28791809082031,-0.5809837718189993,44.96965408325195,0.7848685272356588,-18.49205780029297,-0.3227472940842123,85.40238189697266,1.4905527531477736,82.91596221923828,1.4471565431849325,16.655661165714264,0.16655661165714264,False,False,0.0,0.0,0.0,0.0,0.0,0.0,0.0,0.0,0.0,0.0,0.0,0.0,0.0,0.0,0.0,0.0
3,470,18.000352288014255,18.011127469944768,False,-33.4505500793457,-0.5838222503662109,46.021976470947266,0.8032349944114685,-18.41758155822754,-0.3214474320411682,86.54945373535156,1.510572910308838,83.07691955566406,1.4499657154083252,18.269230769230766,0.18269230769230765,-0.586403489112854,0.7841523885726929,-0.3335093557834625,1.494134783744812,1.4498921632766724,0.15460267663002014,-33.59844207763672,-0.586403437795365,44.928619384765625,0.7841523366395092,-19.10867691040039,-0.3335093277863043,85.60761260986328,1.4941347048139302,83.07270050048828,1.4498921422566617,15.460267663002014,0.15460267663002014,False,False,0.0,0.0,0.0,0.0,0.0,0.0,0.0,0.0,0.0,0.0,0.0,0.0,0.0,0.0,0.0,0.0
3,471,18.033597070956603,18.043836651952006,False,-33.4505500793457,-0.5838222503662109,46.021976470947266,0.8032349944114685,-18.41758155822754,-0.3214474320411682,86.54945373535156,1.510572910308838,83.07691955566406,1.4499657154083252,18.20054945054945,0.1820054945054945,-0.5886164307594299,0.7918273210525513,-0.34553709626197815,1.4990108013153076,1.4473388195037842,0.1656985580921173,-33.72523498535156,-0.5886163915031664,45.36836242675781,0.7918273005850086,-19.797815322875977,-0.34553706208597,85.8869857788086,1.4990106864537562,82.92639923095703,1.447338703403494,16.56985580921173,0.1656985580921173,False,False,0.0,0.0,0.0,0.0,0.0,0.0,0.0,0.0,0.0,0.0,0.0,0.0,0.0,0.0,0.0,0.0
3,472,18.06714670395013,18.078334258985706,False,-33.626373291015625,-0.5868909358978271,45.93406677246094,0.8017007112503052,-18.41758155822754,-0.3214474320411682,86.46154022216797,1.5090385675430298,83.07691955566406,1.4499657154083252,17.17032967032967,0.1717032967032967,-0.597712516784668,0.8027063608169556,-0.34033575654029846,1.499401330947876,1.4549249410629272,0.12749500572681427,-34.246402740478516,-0.5977124847853592,45.99168395996094,0.8027063136379823,-19.499801635742188,-0.34033574202947714,85.90936279296875,1.4994012390276164,83.36105346679688,1.454924850926639,12.749500572681427,0.12749500572681427,False,False,0.0,0.0,0.0,0.0,0.0,0.0,0.0,0.0,0.0,0.0,0.0,0.0,0.0,0.0,0.0,0.0
3,473,18.100402308045886,18.111872000037692,False,-33.978023529052734,-0.5930283665657043,45.93406677246094,0.8017007112503052,-18.505495071411133,-0.3229818046092987,86.46154022216797,1.5090385675430298,83.07691955566406,1.4499657154083252,16.552197802197803,0.16552197802197802,-0.5945563316345215,0.7792541980743408,-0.3264029324054718,1.4976342916488647,1.4478840827941895,0.1006515622138977,-34.06556701660156,-0.5945563059984791,44.64797592163086,0.7792541841836083,-18.701509475708008,-0.3264029154440232,85.80812072753906,1.4976342316443487,82.9576416015625,1.4478839856366876,11.552197802197803,0.11552197802197803,False,True,1.4870415808080324,0.0,0.0,0.0,0.0,0.0,0.0,0.0,0.0,0.0,0.0,0.0,0.0,0.0,0.0,0.0
3,474,18.133810888044536,18.145712623023428,False,-34.06593322753906,-0.5945627093315125,45.93406677246094,0.8017007112503052,-18.505495071411133,-0.3229818046092987,86.46154022216797,1.5090385675430298,83.07691955566406,1.4499657154083252,16.14010989010989,0.1614010989010989,-0.6033045053482056,0.8048211336135864,-0.32892295718193054,1.4899842739105225,1.4487138986587524,0.05515289306640625,-34.56679916381836,-0.6033044572842531,46.112850189208984,0.8048210632805869,-18.845895767211914,-0.32892293162551073,85.36980438232422,1.4899841682550417,83.00518798828125,1.4487138266323563,11.14010989010989,0.11140109890109891,False,True,5.6248205834692655,0.0,0.0,0.0,0.0,0.0,0.0,0.0,0.0,0.0,0.0,0.0,0.0,0.0,0.0,0.0
3,475,18.167453362955712,18.17917104298249,False,-34.153846740722656,-0.5960970520973206,45.846153259277344,0.8001663088798523,-18.505495071411133,-0.3229818046092987,86.46154022216797,1.5090385675430298,83.07691955566406,1.4499657154083252,16.208791208791208,0.16208791208791207,-0.6013731360435486,0.7939450740814209,-0.32582321763038635,1.4822731018066406,1.4540882110595703,0.02008960396051407,-34.45614242553711,-0.6013731328617277,45.48970031738281,0.7939450462838396,-18.66829490661621,-0.32582321185374025,84.92798614501953,1.4822729853187173,83.3131103515625,1.454088085712136,11.208791208791208,0.11208791208791208,False,True,9.199830812739801,0.0,0.0,0.0,0.0,0.0,0.0,0.0,0.0,0.0,0.0,0.0,0.0,0.0,0.0,0.0
3,476,18.201052968972363,18.212547798990272,False,-34.06593322753906,-0.5945627093315125,45.846153259277344,0.8001663088798523,-18.505495071411133,-0.3229818046092987,86.19779968261719,1.504435420036316,83.07691955566406,1.4499657154083252,14.697802197802199,0.14697802197802198,-0.6046288013458252,0.8140518665313721,-0.3195526897907257,1.4810830354690552,1.443710446357727,0.001950196921825409,-34.642677307128906,-0.6046287807153223,46.6417350769043,0.8140518459349106,-18.309019088745117,-0.31955266590909415,84.85980224609375,1.4810829517856152,82.71851348876953,1.4437104127343698,9.697802197802199,0.096978021978022,False,True,9.502782505619658,0.0,0.0,0.0,0.0,0.0,0.0,0.0,0.0,0.0,0.0,0.0,0.0,0.0,0.0,0.0
3,477,18.234479723032564,18.247180711012334,False,-34.241756439208984,-0.5976313948631287,45.93406677246094,0.8017007112503052,-18.505495071411133,-0.3229818046092987,85.93406677246094,1.4998323917388916,83.07691955566406,1.4499657154083252,13.118131868131869,0.1311813186813187,-0.6017438769340515,0.8273552656173706,-0.3463928997516632,1.4821479320526123,1.4399641752243042,0.003026150166988373,-34.47738265991211,-0.6017438448854667,47.403961181640625,0.8273552011072106,-19.84684944152832,-0.346392868902267,84.92081451416016,1.4821478167474835,82.50386810302734,1.4399641440289555,8.118131868131869,0.08118131868131868,False,True,7.815516851433031,0.0,0.0,0.0,0.0,0.0,0.0,0.0,0.0,0.0,0.0,0.0,0.0,0.0,0.0,0.0
3,478,18.267798171029426,18.30509939196054,False,-34.5054931640625,-0.6022344827651978,45.93406677246094,0.8017007112503052,-18.505495071411133,-0.3229818046092987,85.75823974609375,1.4967635869979858,83.07691955566406,1.4499657154083252,11.538461538461538,0.11538461538461538,-0.6062096357345581,0.8106313943862915,-0.3516111671924591,1.4924322366714478,1.4474048614501953,0.00286044180393219,-34.733253479003906,-0.6062096331383933,46.44575500488281,0.8106313484098401,-20.14583396911621,-0.35161113332119553,85.51006317138672,1.4924321459290424,82.93018341064453,1.4474047497985278,6.538461538461538,0.06538461538461539,False,True,6.252417358068319,0.0,0.0,0.0,0.0,0.0,0.0,0.0,0.0,0.0,0.0,0.0,0.0,0.0,0.0,0.0
3,479,18.30669811903499,18.320457007037476,False,-34.593406677246094,-0.6037688255310059,46.46154022216797,0.8109068274497986,-18.593406677246094,-0.3245161771774292,85.5824203491211,1.4936950206756592,83.07691955566406,1.4499657154083252,10.096153846153847,0.10096153846153846,-0.6022269129753113,0.8162335157394409,-0.3552280366420746,1.495703101158142,1.4476855993270874,0.0029376819729804993,-34.50505828857422,-0.6022268757281798,46.76673126220703,0.8162334409208762,-20.353065490722656,-0.35522800568714574,85.69747161865234,1.495703040379878,82.94627380371094,1.4476855801354767,5.096153846153847,0.05096153846153847,False,True,4.802385648855797,0.0,0.0,0.0,0.0,0.0,0.0,0.0,0.0,0.0,0.0,0.0,0.0,0.0,0.0,0.0
3,480,18.340274302987382,18.50829133798834,False,-34.593406677246094,-0.6037688255310059,46.72527313232422,0.8155098557472229,-18.94505500793457,-0.330653578042984,85.5824203491211,1.4936950206756592,83.07691955566406,1.4499657154083252,9.271978021978022,0.09271978021978022,-0.6027690172195435,0.821679949760437,-0.3597184121608734,1.4859659671783447,1.463683843612671,0.0028406381607055664,-34.53611755371094,-0.6027689621680654,47.07878875732422,0.8216798716661973,-20.6103458404541,-0.359718394890642,85.13957214355469,1.4859658576442756,83.86289978027344,1.4636837214358007,4.271978021978022,0.04271978021978022,False,True,3.9879142059074653,0.0,0.0,0.0,0.0,0.0,0.0,0.0,0.0,0.0,0.0,0.0,0.0,0.0,0.0,0.0
3,481,18.509801651001908,18.523643494932912,False,-34.5054931640625,-0.6022344827651978,46.901100158691406,0.8185786008834839,-19.296703338623047,-0.3367910087108612,85.67032623291016,1.4952292442321777,82.63735961914062,1.4422940015792847,5.631868131868132,0.05631868131868132,-0.6035088300704956,0.8215663433074951,-0.3795156180858612,1.4887611865997314,1.4610884189605713,0.002131141722202301,-34.57850646972656,-0.6035087883188894,47.07228088378906,0.8215662878457054,-21.74464225769043,-0.37951560206499124,85.29972839355469,1.4887611115244228,83.71419525146484,1.461088337795464,0.6318681318681323,0.006318681318681323,False,True,0.4187539596479022,0.0,0.0,0.0,0.0,0.0,0.0,0.0,0.0,0.0,0.0,0.0,0.0,0.0,0.0,0.0
3,482,18.54324423498474,18.555048228008673,False,-34.5054931640625,-0.6022344827651978,46.901100158691406,0.8185786008834839,-19.296703338623047,-0.3367910087108612,85.67032623291016,1.4952292442321777,82.63735961914062,1.4422940015792847,5.357142857142857,0.05357142857142857,-0.6039556860923767,0.8180142641067505,-0.3783363997936249,1.4909809827804565,1.4645638465881348,0.002655245363712311,-34.60411071777344,-0.6039556667498047,46.8687629699707,0.818014230162785,-21.677078247070312,-0.3783363876238178,85.42691040039062,1.4909808562930038,83.91332244873047,1.4645637630180173,0.35714285714285676,0.0035714285714285674,False,True,0.09161832077162568,0.0,0.0,0.0,0.0,0.0,0.0,0.0,0.0,0.0,0.0,0.0,0.0,0.0,0.0,0.0
3,483,18.577037516981363,18.58811580296606,False,-34.5054931640625,-0.6022344827651978,46.901100158691406,0.8185786008834839,-19.560440063476562,-0.3413940668106079,85.5824203491211,1.4936950206756592,82.81318664550781,1.4453628063201904,4.532967032967033,0.04532967032967033,-0.6051371097564697,0.7918617725372314,-0.38256320357322693,1.4950065612792969,1.4673407077789307,0.0010502487421035767,-34.67179870605469,-0.6051370450093639,45.37033462524414,0.7918617219420978,-21.91925621032715,-0.38256319045842346,85.65756225585938,1.4950064905967675,84.07242584228516,1.467340641086643,0.10502487421035767,0.0010502487421035767,False,False,0.0,0.0,0.0,0.0,0.0,0.0,0.0,0.0,0.0,0.0,0.0,0.0,0.0,0.0,0.0,0.0
3,484,18.61083175393287,18.62137026898563,False,-34.5054931640625,-0.6022344827651978,46.989009857177734,0.820112943649292,-19.736263275146484,-0.3444627821445465,85.5824203491211,1.4936950206756592,83.07691955566406,1.4499657154083252,3.5027472527472527,0.03502747252747253,-0.6058509945869446,0.8190077543258667,-0.3803006708621979,1.4933645725250244,1.4681144952774048,0.0026270821690559387,-34.712703704833984,-0.605850971918587,46.92568588256836,0.819007722407439,-21.789621353149414,-0.3803006353753194,85.56348419189453,1.4933645186266793,84.11676025390625,1.4681144225413654,0.26270821690559387,0.0026270821690559387,False,False,0.0,0.0,0.0,0.0,0.0,0.0,0.0,0.0,0.0,0.0,0.0,0.0,0.0,0.0,0.0,0.0
3,485,18.644224477000535,18.65520621300675,False,-34.5054931640625,-0.6022344827651978,46.989009857177734,0.820112943649292,-19.824174880981445,-0.3459971249103546,85.5824203491211,1.4936950206756592,83.25274658203125,1.453034520149231,2.129120879120879,0.021291208791208792,-0.6103589534759521,0.7587180137634277,-0.38115718960762024,1.4967443943023682,1.481369137763977,0.0008281469345092773,-34.97098922729492,-0.610358904695764,43.471336364746094,0.758717949806762,-21.83869743347168,-0.38115717456091613,85.75713348388672,1.4967443363660988,84.8761978149414,1.4813691084447442,0.08281469345092773,0.0008281469345092773,False,False,0.0,0.0,0.0,0.0,0.0,0.0,0.0,0.0,0.0,0.0,0.0,0.0,0.0,0.0,0.0,0.0
3,486,18.677819594042376,18.689248239039443,False,-34.5054931640625,-0.6022344827651978,46.989009857177734,0.820112943649292,-19.91208839416504,-0.3475314974784851,85.5824203491211,1.4936950206756592,83.25274658203125,1.453034520149231,1.5796703296703296,0.015796703296703296,-0.6166688203811646,0.7816014289855957,-0.3699387013912201,1.495039463043213,1.4791969060897827,0.0011521503329277039,-35.33251953125,-0.6166687988455161,44.7824592590332,0.7816013612103496,-21.195924758911133,-0.36993867504798456,85.6594467163086,1.49503938063623,84.7517318725586,1.4791967679435667,0.11521503329277039,0.0011521503329277039,False,False,0.0,0.0,0.0,0.0,0.0,0.0,0.0,0.0,0.0,0.0,0.0,0.0,0.0,0.0,0.0,0.0
3,487,18.711177109973505,18.722495835041627,False,-34.5054931640625,-0.6022344827651978,46.989009857177734,0.820112943649292,-19.91208839416504,-0.3475314974784851,85.5824203491211,1.4936950206756592,83.6043930053711,1.4591718912124634,1.1675824175824177,0.011675824175824176,-0.6106857657432556,0.7502604722976685,-0.37970754504203796,1.5012969970703125,1.4811991453170776,0.0008020326495170593,-34.989715576171875,-0.610685741140544,42.989009857177734,0.7502997641800487,-21.755638122558594,-0.3797075161110451,86.01797485351562,1.5012968770915347,84.866455078125,1.4811990656091427,0.08020326495170593,0.0008020326495170593,False,False,0.0,0.0,0.0,0.0,0.0,0.002254486083984375,0.002254486083984375,0.0,0.0,0.0,0.0,0.0,0.0,0.0,0.0,0.0
3,488,18.744837783975527,18.756017917999998,False,-34.5054931640625,-0.6022344827651978,46.989009857177734,0.820112943649292,-19.91208839416504,-0.3475314974784851,85.5824203491211,1.4936950206756592,83.86813354492188,1.4637750387191772,0.9615384615384616,0.009615384615384616,-0.6038374304771423,0.70853590965271,-0.38991203904151917,1.5309805870056152,1.4729831218719482,0.00037097930908203125,-34.59733581542969,-0.6038374223974052,42.989009857177734,0.7502997641800487,-22.340312957763672,-0.38991201703892897,87.71871948242188,1.530980470601558,84.39571380615234,1.4729830804881938,0.037097930908203125,0.00037097930908203125,False,False,0.0,0.0,0.0,0.0,0.0,2.392894744873047,2.392894744873047,0.0,0.0,0.0,0.0,0.0,0.0,0.0,0.0,0.0
3,489,18.778104727040045,18.789713507983834,False,-34.5054931640625,-0.6022344827651978,46.901100158691406,0.8185786008834839,-19.91208839416504,-0.3475314974784851,85.5824203491211,1.4936950206756592,84.04395294189453,1.4668437242507935,0.8928571428571428,0.008928571428571428,-0.6119105815887451,0.6816985607147217,-0.4136126935482025,1.550734043121338,1.4761898517608643,0.0011885836720466614,-35.05989074707031,-0.6119105289258714,42.901100158691406,0.7487654504970268,-23.698261260986328,-0.41361268600203466,88.85050964355469,1.5507339353550027,84.5794448852539,1.4761897927567582,0.11885836720466614,0.0011885836720466614,False,False,0.0,0.0,0.0,0.0,0.0,3.8426513671875,3.8426513671875,0.0,0.0,0.0,0.0,0.0,0.0,0.0,0.0,0.0
3,490,18.811476388014853,18.825138809042983,False,-34.5054931640625,-0.6022344827651978,46.63736343383789,0.8139755129814148,-19.91208839416504,-0.3475314974784851,85.67032623291016,1.4952292442321777,84.13186645507812,1.4683780670166016,0.8928571428571428,0.008928571428571428,-0.6076962947845459,0.6362977027893066,-0.41469135880470276,1.5612601041793823,1.4780054092407227,0.001106448471546173,-34.81843185424805,-0.6076962762379028,42.63736343383789,0.7441623762899067,-23.76006317138672,-0.414691332822544,89.45361328125,1.561260079563541,84.68346405029297,1.4780052696718653,0.11064484715461731,0.001106448471546173,False,False,0.0,0.0,0.0,0.0,0.0,6.1801910400390625,6.1801910400390625,0.0,0.0,0.0,0.0,0.0,0.0,0.0,0.0,0.0
3,491,18.844964626943693,18.858759991941042,False,-34.5054931640625,-0.6022344827651978,46.63736343383789,0.8139755129814148,-20.351648330688477,-0.3552032709121704,86.54945373535156,1.510572910308838,84.13186645507812,1.4683780670166016,0.8928571428571428,0.008928571428571428,-0.6046105623245239,0.5583652257919312,-0.42245593667030334,1.6022459268569946,1.4982805252075195,-0.00034856051206588745,-34.641632080078125,-0.6046105380618553,42.63736343383789,0.7441623762899067,-24.204940795898438,-0.4224559121387245,90.54945373535156,1.5803861035641629,85.84514617919922,1.4982804476828564,0.0,0.0,True,False,0.034856051206588745,0.0,0.0,0.0,0.0,10.645395278930664,10.645395278930664,0.0,0.0,0.0,0.0,1.252471923828125,1.252471923828125,0.0,0.0,0.0
3,492,18.8783144679619,18.891862971009687,False,-34.5054931640625,-0.6022344827651978,46.63736343383789,0.8139755129814148,-20.615385055541992,-0.3598063290119171,87.6043930053711,1.5289851427078247,84.13186645507812,1.4683780670166016,0.8928571428571428,0.008928571428571428,-0.5943925976753235,0.4845622479915619,-0.4259064495563507,1.6190640926361084,1.4884033203125,-0.0005721822381019592,-34.05618667602539,-0.5943925881704665,42.63736343383789,0.7441623762899067,-24.40264129638672,-0.42590643680508566,91.6043930053711,1.5987982672345893,85.27922058105469,1.4884031826739161,0.0,0.0,True,False,0.05721822381019592,0.0,0.0,0.0,0.0,14.873992919921875,14.873992919921875,0.0,0.0,0.0,0.0,1.1611404418945312,1.1611404418945312,0.0,0.0,0.0
3,493,18.91215386101976,18.923046311945654,False,-34.5054931640625,-0.6022344827651978,46.63736343383789,0.8139755129814148,-20.879121780395508,-0.3644094169139862,88.3956069946289,1.5427943468093872,84.30769348144531,1.4714468717575073,0.8241758241758242,0.008241758241758242,-0.5825661420822144,0.4343070089817047,-0.42564186453819275,1.647486925125122,1.4918562173843384,-0.0006317943334579468,-33.378578186035156,-0.5825660889806699,42.63736343383789,0.7441623762899067,-24.387481689453125,-0.4256418517507863,92.3956069946289,1.612607556434977,85.47705841064453,1.4918561041852583,0.0,0.0,True,False,0.06317943334579468,0.0,0.0,0.0,0.0,17.753406524658203,17.753406524658203,0.0,0.0,0.0,0.0,1.9984359741210938,1.9984359741210938,0.0,0.0,0.0
3,494,18.94526455097366,18.95606247498654,False,-34.5054931640625,-0.6022344827651978,46.63736343383789,0.8139755129814148,-21.318681716918945,-0.3720811903476715,89.36264038085938,1.559672236442566,84.65933990478516,1.4775842428207397,0.7554945054945055,0.007554945054945055,-0.5658503174781799,0.37122204899787903,-0.43208763003349304,1.6695772409439087,1.508496880531311,0.0006361827254295349,-32.420833587646484,-0.5658502923455967,42.63736343383789,0.7441623762899067,-24.75679588317871,-0.432087600405646,93.36264038085938,1.6294854730014088,86.43049621582031,1.508496733098564,0.06361827254295349,0.0006361827254295349,False,False,0.0,0.0,0.0,0.0,0.0,21.367908477783203,21.367908477783203,0.0,0.0,0.0,0.659881591796875,1.6371994018554688,2.2970809936523438,0.0,0.0,0.0
3,495,18.978869710932486,18.989734773989767,False,-34.5054931640625,-0.6022344827651978,46.63736343383789,0.8139755129814148,-21.406593322753906,-0.3736155331134796,90.24176025390625,1.5750157833099365,84.74725341796875,1.4791185855865479,0.7554945054945055,0.007554945054945055,-0.5590283870697021,0.32435473799705505,-0.43393781781196594,1.6863853931427002,1.5145740509033203,-0.0004200860857963562,-32.029964447021484,-0.5590283388972498,42.63736343383789,0.7441623762899067,-24.862804412841797,-0.4339377982834649,94.24176025390625,1.6448290093057913,86.77869415283203,1.5145739335480704,0.0,0.0,True,False,0.04200860857963562,0.0,0.0,0.0,0.0,24.053207397460938,24.053207397460938,0.0,0.0,0.0,1.6229171752929688,0.7580795288085938,2.3809967041015625,0.0,0.0,0.0
3,496,19.012043460039422,19.024990289937705,False,-34.06593322753906,-0.5945627093315125,46.63736343383789,0.8139755129814148,-21.58241844177246,-0.3766842484474182,91.20879364013672,1.5918937921524048,85.010986328125,1.4837216138839722,0.7554945054945055,0.007554945054945055,-0.5353918671607971,0.27348610758781433,-0.41773805022239685,1.6991708278656006,1.522400975227356,0.00037570297718048096,-30.67569351196289,-0.535391852116415,42.63736343383789,0.7441623762899067,-23.93462562561035,-0.4177380223991083,94.99983978271484,1.6580599930754685,87.22714233398438,1.5224008308337587,0.037570297718048096,0.00037570297718048096,False,False,0.0,0.0,0.0,0.0,0.0,26.96776580810547,26.96776580810547,0.0,0.0,0.0,2.35546875,0.0,2.35546875,0.0,0.0,0.0
3,497,19.045507205999456,19.057161926990375,False,-33.4505500793457,-0.5838222503662109,46.63736343383789,0.8139755129814148,-21.758241653442383,-0.3797529637813568,92.0879135131836,1.6072373390197754,85.53845977783203,1.4929277896881104,0.7554945054945055,0.007554945054945055,-0.5288981199264526,0.25714877247810364,-0.42280349135398865,1.7035421133041382,1.5199456214904785,0.000898219645023346,-30.30362892150879,-0.5288980999829067,42.63736343383789,0.7441623762899067,-24.224853515625,-0.42280345466097985,94.99983978271484,1.6580599930754685,87.08646392822266,1.51994552946676,0.0898219645023346,0.000898219645023346,False,False,0.0,0.0,0.0,0.0,0.0,27.903823852539062,27.903823852539062,0.0,0.0,0.0,2.605926513671875,0.0,2.605926513671875,0.0,0.0,0.0
3,498,19.079030798980966,19.090009592939168,False,-32.483516693115234,-0.5669443011283875,46.63736343383789,0.8139755129814148,-21.758241653442383,-0.3797529637813568,92.87911987304688,1.6210464239120483,85.97801971435547,1.5005995035171509,0.7554945054945055,0.007554945054945055,-0.504268229007721,0.2280014455318451,-0.40854284167289734,1.6950372457504272,1.5205457210540771,0.0007411986589431763,-28.892438888549805,-0.5042681875364451,42.63736343383789,0.7441623762899067,-23.407779693603516,-0.40854282623485083,94.99983978271484,1.6580599930754685,87.120849609375,1.5205456728184095,0.07411986589431763,0.0007411986589431763,False,False,0.0,0.0,0.0,0.0,0.0,29.57384490966797,29.57384490966797,0.0,0.0,0.0,2.1186370849609375,0.0,2.1186370849609375,0.0,0.0,0.0
3,499,19.113262156024575,19.12398730998393,False,-31.340660095214844,-0.5469977259635925,46.63736343383789,0.8139755129814148,-21.758241653442383,-0.3797529637813568,93.4065933227539,1.6302525997161865,86.15384674072266,1.5036683082580566,0.7554945054945055,0.007554945054945055,-0.4801609516143799,0.19340744614601135,-0.41045960783958435,1.6924163103103638,1.529189109802246,0.00024552643299102783,-27.511194229125977,-0.48016092045391157,42.63736343383789,0.7441623762899067,-23.517601013183594,-0.4104595698504081,94.99983978271484,1.6580599930754685,87.61607360839844,1.5291889621362615,0.024552643299102783,0.00024552643299102783,False,False,0.0,0.0,0.0,0.0,0.0,31.55593490600586,31.55593490600586,0.0,0.0,0.0,1.9684677124023438,0.0,1.9684677124023438,0.0,0.0,0.0
3,500,19.146272502024658,19.15702599193901,False,-30.549449920654297,-0.5331884622573853,46.63736343383789,0.8139755129814148,-21.758241653442383,-0.3797529637813568,93.75823974609375,1.636389970779419,86.24176025390625,1.5052026510238647,0.7554945054945055,0.007554945054945055,-0.46031832695007324,0.16356739401817322,-0.3956393301486969,1.6933460235595703,1.5323606729507446,0.00024762749671936035,-26.549449920654297,-0.4633753157087648,42.63736343383789,0.7441623762899067,-22.6684627532959,-0.3956393114107125,94.99983978271484,1.6580599930754685,87.79779815673828,1.5323606538364916,0.024762749671936035,0.00024762749671936035,False,False,0.0,0.0,0.1751537322998047,0.1751537322998047,0.0,33.26564025878906,33.26564025878906,0.0,0.0,0.0,2.0217361450195312,0.0,2.0217361450195312,0.0,0.0,0.0
3,501,19.179748850991018,19.19054227194283,False,-29.758241653442383,-0.5193793177604675,46.63736343383789,0.8139755129814148,-21.758241653442383,-0.3797529637813568,93.93406677246094,1.6394587755203247,86.5054931640625,1.509805679321289,0.7554945054945055,0.007554945054945055,-0.44376009702682495,0.12465083599090576,-0.367821604013443,1.6878142356872559,1.5362792015075684,0.0008279010653495789,-25.758241653442383,-0.4495661263769178,42.63736343383789,0.7441623762899067,-21.07462501525879,-0.3678215951394261,94.99983978271484,1.6580599930754685,88.02230834960938,1.5362790959063797,0.08279010653495789,0.0008279010653495789,False,False,0.0,0.0,0.33266258239746094,0.33266258239746094,0.0,35.49539566040039,35.49539566040039,0.0,0.0,0.0,1.7047882080078125,0.0,1.7047882080078125,0.0,0.0,0.0
3,502,19.212865705951117,19.22376827104017,False,-28.791208267211914,-0.502501368522644,46.63736343383789,0.8139755129814148,-21.758241653442383,-0.3797529637813568,94.02198028564453,1.6409931182861328,86.76923370361328,1.514408826828003,0.7554945054945055,0.007554945054945055,-0.41045719385147095,0.1033417284488678,-0.3387170135974884,1.6885024309158325,1.5474575757980347,0.0011947453022003174,-24.791208267211914,-0.4326882098104861,42.63736343383789,0.7441623762899067,-19.407054901123047,-0.33871700613989975,94.99983978271484,1.6580599930754685,88.66278076171875,1.5474574482658783,0.11947453022003174,0.0011947453022003174,False,False,0.0,0.0,1.2737445831298828,1.2737445831298828,0.0,36.7163200378418,36.7163200378418,0.0,0.0,0.0,1.7442169189453125,0.0,1.7442169189453125,0.0,0.0,0.0
3,503,19.24642837396823,19.25716276804451,False,-27.824174880981445,-0.48562344908714294,46.63736343383789,0.8139755129814148,-21.58241844177246,-0.3766842484474182,94.02198028564453,1.6409931182861328,87.03296661376953,1.5190118551254272,0.7554945054945055,0.007554945054945055,-0.36591142416000366,0.08257818222045898,-0.33203837275505066,1.6896244287490845,1.5803302526474,0.00020483136177062988,-23.824174880981445,-0.4158102932440544,42.63736343383789,0.7441623762899067,-19.024396896362305,-0.33203836404771264,94.99983978271484,1.6580599930754685,90.54624938964844,1.5803301771812712,0.02048313617706299,0.00020483136177062988,False,False,0.0,0.0,2.8589954376220703,2.8589954376220703,0.0,37.905982971191406,37.905982971191406,0.0,0.0,0.0,1.808502197265625,0.0,1.808502197265625,0.0,0.0,0.0
3,504,19.279753178008832,19.290580875007436,False,-26.681318283081055,-0.46567684412002563,46.5494499206543,0.8124411702156067,-20.703296661376953,-0.3613407015800476,94.02198028564453,1.6409931182861328,87.47252655029297,1.5266835689544678,0.7554945054945055,0.007554945054945055,-0.3271326422691345,0.06338876485824585,-0.3160741627216339,1.6895931959152222,1.6064214706420898,0.0010112524032592773,-22.681318283081055,-0.3958636827325517,42.5494499206543,0.7426279960278575,-18.10971450805664,-0.31607414476177353,94.99983978271484,1.6580599930754685,91.47252655029297,1.5964967634205427,0.10112524032592773,0.0010112524032592773,False,False,0.0,0.0,3.937999725341797,3.937999725341797,0.0,38.91754150390625,38.91754150390625,0.0,0.0,0.0,1.8067169189453125,0.0,1.8067169189453125,0.0,0.5686416625976562,0.5686416625976562
3,505,19.313075885991566,19.3237916509388,False,-25.450550079345703,-0.4441958963871002,46.5494499206543,0.8124411702156067,-19.648351669311523,-0.3429284393787384,94.02198028564453,1.6409931182861328,88.0879135131836,1.537424087524414,0.7554945054945055,0.007554945054945055,-0.28996437788009644,0.04077824950218201,-0.2757726013660431,1.6843979358673096,1.6301217079162598,0.001221202313899994,-21.450550079345703,-0.3743827252485134,42.5494499206543,0.7426279960278575,-15.800604820251465,-0.27577257791987486,94.99983978271484,1.6580599930754685,92.0879135131836,1.6072372920968323,0.12212023138999939,0.001221202313899994,False,False,0.0,0.0,4.836816787719727,4.836816787719727,0.0,40.21302795410156,40.21302795410156,0.0,0.0,0.0,1.5090484619140625,0.0,1.5090484619140625,0.0,1.3111724853515625,1.3111724853515625
3,506,19.346685296972282,19.357240153010935,False,-24.30769157409668,-0.4242492616176605,46.5494499206543,0.8124411702156067,-18.681318283081055,-0.3260505199432373,94.19779968261719,1.6440616846084595,89.31867980957031,1.558905005455017,0.7554945054945055,0.007554945054945055,-0.25833451747894287,0.027561426162719727,-0.26161524653434753,1.6846256256103516,1.6429253816604614,0.001126013696193695,-20.30769157409668,-0.35443608144749705,42.5494499206543,0.7426279960278575,-14.989448547363281,-0.26161523020977046,94.99983978271484,1.6580599930754685,93.31867980957031,1.628718216291357,0.1126013696193695,0.001126013696193695,False,False,0.0,0.0,5.5062150955200195,5.5062150955200195,0.0,40.97029495239258,40.97029495239258,0.0,0.0,0.0,1.5220947265625,0.0,1.5220947265625,0.0,0.8140029907226562,0.8140029907226562
3,507,19.380066963960417,19.39064724894706,False,-23.25274658203125,-0.4058369994163513,46.5494499206543,0.8124411702156067,-17.626373291015625,-0.3076382577419281,94.28571319580078,1.6455961465835571,90.19779968261719,1.5742485523223877,0.7554945054945055,0.007554945054945055,-0.22423052787780762,0.02121216058731079,-0.26484403014183044,1.6850303411483765,1.6645656824111938,0.002039887011051178,-19.25274658203125,-0.33602381790852986,42.5494499206543,0.7426279960278575,-15.174444198608398,-0.2648440134258689,94.99983978271484,1.6580599930754685,94.19779968261719,1.6440617525957395,0.2039887011051178,0.002039887011051178,False,False,0.0,0.0,6.4052839279174805,6.4052839279174805,0.0,41.334083557128906,41.334083557128906,0.0,0.0,0.0,1.5452804565429688,0.0,1.5452804565429688,0.0,1.1747817993164062,1.1747817993164062
3,508,19.41325034503825,19.424936700961553,False,-22.285715103149414,-0.3889591097831726,46.5494499206543,0.8124411702156067,-16.30769157409668,-0.2846229076385498,94.28571319580078,1.6455961465835571,91.07691955566406,1.5895920991897583,0.7554945054945055,0.007554945054945055,-0.1785726398229599,0.006666302680969238,-0.22206780314445496,1.6777851581573486,1.6835312843322754,0.0007892251014709473,-18.285715103149414,-0.31914593463161184,42.5494499206543,0.7426279960278575,-12.723546981811523,-0.22206778736479815,94.99983978271484,1.6580599930754685,95.07691955566406,1.659405288900122,0.07892251014709473,0.0007892251014709473,False,False,0.0,0.0,8.0542573928833,8.0542573928833,0.0,42.16749954223633,42.16749954223633,0.0,0.0,0.0,1.1301651000976562,0.0,1.1301651000976562,0.0,1.3823089599609375,1.3823089599609375
3,509,19.446886788937263,19.459282560972497,False,-21.406593322753906,-0.3736155331134796,46.5494499206543,0.8124411702156067,-15.604395866394043,-0.2723480761051178,94.9011001586914,1.6563366651535034,92.21977996826172,1.6095387935638428,0.7554945054945055,0.007554945054945055,-0.13282522559165955,-0.029763102531433105,-0.1872188150882721,1.6788362264633179,1.7035893201828003,0.0023834407329559326,-17.406593322753906,-0.3038023650377157,42.5494499206543,0.7426279960278575,-11.604395866394043,-0.20253491557339603,94.99983978271484,1.6580599930754685,96.21977996826172,1.679351965990652,0.23834407329559326,0.0023834407329559326,False,False,0.0,0.0,9.796268463134766,9.796268463134766,0.0,44.2547492980957,44.2547492980957,0.0,0.8775482177734375,0.8775482177734375,1.1903839111328125,0.0,1.1903839111328125,0.0,1.3886947631835938,1.3886947631835938
3,510,19.480090506956913,19.64869264094159,False,-20.52747344970703,-0.358271986246109,46.46154022216797,0.8109068274497986,-15.076923370361328,-0.2631419599056244,94.9011001586914,1.6563366651535034,93.010986328125,1.6233479976654053,0.7554945054945055,0.007554945054945055,-0.37633800506591797,0.7417885065078735,-0.32212308049201965,1.6392107009887695,1.6128653287887573,-1.6741454601287842e-05,-21.562578201293945,-0.37633798483133596,42.501346588134766,0.7417884344942101,-18.45629119873047,-0.32212304912469775,93.91985321044922,1.6392106715121058,92.41036987304688,1.6128652172704423,0.0,0.0,True,False,0.0016741454601287842,0.0,0.0,0.0,0.0,0.0,0.0,0.0,0.0,0.0,0.0,0.0,0.0,0.0,0.0,0.0
3,511,19.65014369203709,19.66213319695089,False,-17.80219841003418,-0.3107069730758667,45.67033004760742,0.7970976233482361,-11.824175834655762,-0.20637080073356628,95.07691955566406,1.65940523147583,95.47252655029297,1.6663099527359009,0.7554945054945055,0.007554945054945055,-0.37369564175605774,0.7068222761154175,-0.3175961673259735,1.6368317604064941,1.6130280494689941,0.0021290257573127747,-21.411182403564453,-0.373695629687273,41.67033004760742,0.727284459723475,-15.824175834655762,-0.27618396972926484,93.7835464477539,1.6368316697103378,92.41969299316406,1.6130279364130462,0.21290257573127747,0.0021290257573127747,False,False,0.0,0.0,0.0,0.0,0.0,1.1723976135253906,1.1723976135253906,0.0,2.3727426528930664,2.3727426528930664,0.0,0.0,0.0,0.0,0.0,0.0
3,512,19.683423800044693,19.69528462702874,False,-17.89011001586914,-0.3122413158416748,45.4945068359375,0.7940289378166199,-11.824175834655762,-0.20637080073356628,95.07691955566406,1.65940523147583,95.47252655029297,1.6663099527359009,0.7554945054945055,0.007554945054945055,-0.3711709976196289,0.7013101577758789,-0.315094918012619,1.6381547451019287,1.6244416236877441,0.00041634589433670044,-21.266530990600586,-0.3711709862633915,41.4945068359375,0.724215765778404,-15.824175834655762,-0.27618396972926484,93.85934448242188,1.6381545949818348,93.07364654541016,1.6244415790548532,0.041634589433670044,0.00041634589433670044,False,False,0.0,0.0,0.0,0.0,0.0,1.3123970031738281,1.3123970031738281,0.0,2.2294321060180664,2.2294321060180664,0.0,0.0,0.0,0.0,0.0,0.0
3,513,19.716929399990477,19.727667888975702,False,-18.329669952392578,-0.3199130892753601,45.31867980957031,0.7909601926803589,-12.0,-0.20943951606750488,94.9011001586914,1.6563366651535034,95.12088012695312,1.6601725816726685,0.7554945054945055,0.007554945054945055,-0.38091015815734863,0.6749577522277832,-0.3210125267505646,1.6401286125183105,1.6341469287872314,0.002710573375225067,-21.824542999267578,-0.38091013308029764,41.31867980957031,0.7211470052543056,-16.0,-0.2792526803190927,93.97244262695312,1.6401285299818014,93.62971496582031,1.6341468038573745,0.2710573375225067,0.002710573375225067,False,False,0.0,0.0,0.0,0.0,0.0,2.6464500427246094,2.6464500427246094,0.0,2.3926620483398438,2.3926620483398438,0.0,0.0,0.0,0.0,0.0,0.0
3,514,19.75035410898272,19.7619163839845,False,-19.384614944458008,-0.3383253514766693,45.230770111083984,0.7894258499145508,-12.79120922088623,-0.22324872016906738,94.54945373535156,1.650199294090271,93.97801971435547,1.640225887298584,0.7554945054945055,0.007554945054945055,-0.3889620900154114,0.6489357948303223,-0.31379643082618713,1.6448843479156494,1.7104616165161133,0.002310439944267273,-22.285884857177734,-0.3889620674780977,41.230770111083984,0.7196126915712837,-16.791210174560547,-0.29306190294045337,94.24492645263672,1.6448842698984105,97.97801971435547,1.710039038599417,0.2310439944267273,0.002310439944267273,False,False,0.0,0.0,0.0,0.0,0.0,4.049488067626953,4.049488067626953,0.0,1.1880006790161133,1.1879997253417969,0.0,0.0,0.0,0.0,0.02420806884765625,0.02420806884765625
3,515,19.78364539402537,19.795524062938057,False,-20.351648330688477,-0.3552032709121704,45.14285659790039,0.7878914475440979,-13.230769157409668,-0.2309204787015915,94.02198028564453,1.6409931182861328,93.71428680419922,1.6356228590011597,0.7554945054945055,0.007554945054945055,-0.3942268490791321,0.6578139066696167,-0.32357022166252136,1.6429204940795898,1.679010033607483,0.0029491037130355835,-22.587533950805664,-0.39422683734756175,41.14285659790039,0.7180783113092345,-17.230770111083984,-0.3007336710926446,94.13240814208984,1.642920454910586,96.20018005371094,1.6790098829486313,0.29491037130355835,0.0029491037130355835,False,False,0.0,0.0,0.0,0.0,0.0,3.452899932861328,3.452899932861328,0.0,1.3084383010864258,1.3084373474121094,0.0,0.0,0.0,0.0,0.0,0.0
3,516,19.817183659994043,19.829305280931294,False,-21.494504928588867,-0.3751498758792877,45.14285659790039,0.7878914475440979,-13.582417488098145,-0.2370579093694687,94.02198028564453,1.6409931182861328,94.4175796508789,1.6478976011276245,0.7554945054945055,0.007554945054945055,-0.38887667655944824,0.634906530380249,-0.3261461555957794,1.6386072635650635,1.653320074081421,0.0028823986649513245,-22.280990600585938,-0.3888766465861334,41.14285659790039,0.7180783113092345,-17.582416534423828,-0.3068710589827867,93.8852767944336,1.6386071992090936,94.72825622558594,1.653319965809291,0.28823986649513245,0.0028823986649513245,False,False,0.0,0.0,0.0,0.0,0.0,4.765392303466797,4.765392303466797,0.0,1.1043806076049805,1.1043815612792969,0.0,0.0,0.0,0.0,0.0,0.0
3,517,19.850945784011856,19.861762668006122,False,-22.10988998413086,-0.3858903646469116,45.14285659790039,0.7878914475440979,-14.10988998413086,-0.2462640404701233,94.02198028564453,1.6409931182861328,95.9120864868164,1.6739816665649414,0.7554945054945055,0.007554945054945055,-0.38903331756591797,0.6443088054656982,-0.31144365668296814,1.6411317586898804,1.6593654155731201,0.0032738521695137024,-22.289966583251953,-0.3890333070372573,41.14285659790039,0.7180783113092345,-17.844406127929688,-0.3114436399954255,94.02991485595703,1.6411316096063797,95.07463073730469,1.6593653414837708,0.32738521695137024,0.0032738521695137024,False,False,0.0,0.0,0.0,0.0,0.0,4.2266845703125,4.2266845703125,0.0,0.0,0.0,0.0,0.0,0.0,0.0,0.0,0.0
3,518,19.88427470100578,19.895744147943333,False,-22.10988998413086,-0.3858903646469116,45.14285659790039,0.7878914475440979,-14.373626708984375,-0.25086709856987,94.02198028564453,1.6409931182861328,96.43955993652344,1.6831878423690796,0.7554945054945055,0.007554945054945055,-0.39047789573669434,0.6372947692871094,-0.3246692717075348,1.6410562992095947,1.650450348854065,0.0018605589866638184,-22.37273406982422,-0.39047787219154356,41.14285659790039,0.7180783113092345,-18.373626708984375,-0.32068028160414735,94.02559661865234,1.6410562421475305,94.56383514404297,1.650450276576676,0.18605589866638184,0.0018605589866638184,False,False,0.0,0.0,0.0,0.0,0.0,4.628559112548828,4.628559112548828,0.0,0.22855186462402344,0.22855186462402344,0.0,0.0,0.0,0.0,0.0,0.0
3,519,19.91790075902827,19.92908598401118,False,-21.846153259277344,-0.3812873065471649,45.14285659790039,0.7878914475440979,-14.813186645507812,-0.2585388720035553,94.02198028564453,1.6409931182861328,96.0,1.675516128540039,0.7554945054945055,0.007554945054945055,-0.3949629068374634,0.6279749870300293,-0.30776503682136536,1.6385307312011719,1.6435022354125977,0.001917220652103424,-22.62970733642578,-0.39496290178334603,41.14285659790039,0.7180783113092345,-17.633636474609375,-0.30776501558169905,93.88088989257812,1.6385306333277538,94.16573333740234,1.6435020892926593,0.1917220652103424,0.001917220652103424,False,False,0.0,0.0,0.0,0.0,0.0,5.162540435791016,5.162540435791016,0.0,0.0,0.0,0.0,0.0,0.0,0.0,0.0,0.0
3,520,19.95132851996459,19.962538284948096,False,-21.58241844177246,-0.3766842484474182,45.14285659790039,0.7878914475440979,-15.252747535705566,-0.266210675239563,94.02198028564453,1.6409931182861328,95.47252655029297,1.6663099527359009,0.7554945054945055,0.007554945054945055,-0.3989030718803406,0.6174583435058594,-0.30792197585105896,1.6342873573303223,1.6738293170928955,0.0019454509019851685,-22.85546112060547,-0.39890304861611825,41.14285659790039,0.7180783113092345,-17.642627716064453,-0.307921942348932,93.63776397705078,1.6342872856048762,95.90335083007812,1.6738292356801001,0.19454509019851685,0.0019454509019851685,False,False,0.0,0.0,0.0,0.0,0.0,5.765102386474609,5.765102386474609,0.0,0.0,0.0,0.0,0.0,0.0,0.0,0.0,0.0
3,521,19.984790078015067,19.99610327393748,False,-21.670330047607422,-0.3782186210155487,45.14285659790039,0.7878914475440979,-15.340659141540527,-0.2677450180053711,94.02198028564453,1.6409931182861328,95.12088012695312,1.6601725816726685,0.7554945054945055,0.007554945054945055,-0.3913784623146057,0.6178656816482544,-0.32213523983955383,1.6372332572937012,1.6709294319152832,0.016337815672159195,-22.424333572387695,-0.3913784534036675,41.14285659790039,0.7180783113092345,-18.456989288330078,-0.3221352330866849,93.80654907226562,1.6372331412446672,95.73719787597656,1.6709293195691128,1.6337815672159195,0.016337815672159195,False,False,0.0,0.0,0.0,0.0,0.0,5.741764068603516,5.741764068603516,0.0,0.0,0.0,0.0,0.0,0.0,0.0,0.0,0.0
3,522,20.018654295010492,20.0314357370371,False,-22.0219783782959,-0.3843560218811035,45.14285659790039,0.7878914475440979,-15.340659141540527,-0.2677450180053711,94.02198028564453,1.6409931182861328,95.12088012695312,1.6601725816726685,0.7554945054945055,0.007554945054945055,-0.38934606313705444,0.6343812942504883,-0.3100070059299469,1.6372302770614624,1.681983470916748,0.0166022889316082,-22.307884216308594,-0.3893460287282599,41.14285659790039,0.7180783113092345,-17.76209259033203,-0.31000699774538226,93.80638122558594,1.6372302117674682,96.37055206298828,1.6819834354637593,1.66022889316082,0.0166022889316082,False,False,0.0,0.0,0.0,0.0,0.0,4.7954864501953125,4.7954864501953125,0.0,0.0,0.0,0.0,0.0,0.0,0.0,0.0,0.0
3,523,20.051682136021554,20.06355734495446,False,-22.63736343383789,-0.3950965106487274,45.14285659790039,0.7878914475440979,-15.428571701049805,-0.2692793607711792,93.93406677246094,1.6394587755203247,95.38461303710938,1.6647754907608032,0.8241758241758242,0.008241758241758242,-0.3942895531654358,0.6287311315536499,-0.3126364052295685,1.6362758874893188,1.6530250310897827,0.006288692355155945,-22.59112548828125,-0.3942895215017195,41.14285659790039,0.7180783113092345,-17.91274642944336,-0.3126364032686448,93.75169372558594,1.6362757348327839,94.71134948730469,1.6530248875605102,0.6288692355155945,0.006288692355155945,False,False,0.0,0.0,0.0,0.0,0.0,5.1192169189453125,5.1192169189453125,0.0,0.0,0.0,0.0,0.0,0.0,0.0,0.0,0.0
3,524,20.08502324402798,20.096116052940488,False,-22.813186645507812,-0.398165225982666,45.14285659790039,0.7878914475440979,-15.604395866394043,-0.2723480761051178,93.93406677246094,1.6394587755203247,95.56044006347656,1.667844295501709,1.1675824175824177,0.011675824175824176,-0.3991202712059021,0.6144028902053833,-0.3103809058666229,1.6338257789611816,1.6444337368011475,0.003861755132675171,-22.86790657043457,-0.3991202626925278,41.14285659790039,0.7180783113092345,-17.78351402282715,-0.3103808722729158,93.61131286621094,1.633825626629911,94.21910858154297,1.6444336630419691,0.3861755132675171,0.003861755132675171,False,False,0.0,0.0,0.0,0.0,0.0,5.940166473388672,5.940166473388672,0.0,0.0,0.0,0.0,0.0,0.0,0.0,0.0,0.0
3,525,20.118741743965074,20.129796196939424,False,-22.813186645507812,-0.398165225982666,45.14285659790039,0.7878914475440979,-15.604395866394043,-0.2723480761051178,93.93406677246094,1.6394587755203247,95.56044006347656,1.667844295501709,1.098901098901099,0.01098901098901099,-0.3892754316329956,0.6175247430801392,-0.29950788617134094,1.6324321031570435,1.6342425346374512,0.02273711934685707,-22.3038387298584,-0.3892754216698592,41.14285659790039,0.7180783113092345,-17.160537719726562,-0.2995078846219084,93.53146362304688,1.6324319944314725,93.63519287109375,1.6342424113405083,2.273711934685707,0.02273711934685707,False,False,0.0,0.0,0.0,0.0,0.0,5.761295318603516,5.761295318603516,0.0,0.0,0.0,0.0,0.0,0.0,0.0,0.0,0.0
3,526,20.15184552303981,20.162949680001475,False,-22.549449920654297,-0.3935621380805969,45.14285659790039,0.7878914475440979,-15.604395866394043,-0.2723480761051178,93.84615325927734,1.637924313545227,95.03296661376953,1.6586381196975708,0.8928571428571428,0.008928571428571428,-0.3902381658554077,0.6066781282424927,-0.2974375784397125,1.6329433917999268,1.6293039321899414,0.005626201629638672,-22.358999252319336,-0.3902381544039228,41.14285659790039,0.7180783113092345,-17.04191780090332,-0.2974375764799944,93.56076049804688,1.6329433213607676,93.35223388671875,1.6293038454150655,0.5626201629638672,0.005626201629638672,False,False,0.0,0.0,0.0,0.0,0.0,6.382762908935547,6.382762908935547,0.0,0.0,0.0,0.0,0.0,0.0,0.0,0.0,0.0
3,527,20.185198451043107,20.197871900978498,False,-22.285715103149414,-0.3889591097831726,45.14285659790039,0.7878914475440979,-15.604395866394043,-0.2723480761051178,93.84615325927734,1.637924313545227,94.5934066772461,1.6509664058685303,1.0302197802197801,0.0103021978021978,-0.3944149613380432,0.6014262437820435,-0.3058965504169464,1.631145715713501,1.6252700090408325,0.015443738549947739,-22.598310470581055,-0.39441492309954856,41.14285659790039,0.7180783113092345,-17.526580810546875,-0.3058965417608995,93.457763671875,1.6311456876249641,93.12110900878906,1.6252699553119223,1.5443738549947739,0.015443738549947739,False,False,0.0,0.0,0.0,0.0,0.0,6.683673858642578,6.683673858642578,0.0,0.0,0.0,0.0,0.0,0.0,0.0,0.0,0.0
3,528,20.218650348950177,20.23111166898161,False,-22.10988998413086,-0.3858903646469116,45.14285659790039,0.7878914475440979,-15.604395866394043,-0.2723480761051178,93.84615325927734,1.637924313545227,94.24176025390625,1.6448290348052979,1.510989010989011,0.01510989010989011,-0.3948715329170227,0.5822906494140625,-0.2857876121997833,1.6245386600494385,1.5754200220108032,0.008290529251098633,-22.62447166442871,-0.39487152206844267,41.14285659790039,0.7180783113092345,-16.37442398071289,-0.2857876115809564,93.0792007446289,1.6245385181185321,90.2649154663086,1.5754199739214376,0.8290529251098633,0.008290529251098633,False,False,0.0,0.0,0.0,0.0,0.0,7.780063629150391,7.780063629150391,0.0,0.0,0.0,0.0,0.0,0.0,0.0,0.0,0.0
3,529,20.25225269596558,20.264218788943253,False,-22.0219783782959,-0.3843560218811035,45.14285659790039,0.7878914475440979,-15.604395866394043,-0.2723480761051178,93.84615325927734,1.637924313545227,93.97801971435547,1.640225887298584,1.6483516483516485,0.016483516483516484,-0.383122980594635,0.5913015604019165,-0.2887680232524872,1.6234071254730225,1.5347081422805786,0.05547373741865158,-21.95132827758789,-0.38312295363004445,41.14285659790039,0.7180783113092345,-16.545188903808594,-0.28876802173589133,93.01437377929688,1.623407074129412,89.97801971435547,1.5704126984398707,5.547373741865158,0.05547373741865158,False,False,0.0,0.0,0.0,0.0,0.0,7.263774871826172,7.263774871826172,0.0,0.0,0.0,0.0,0.0,0.0,0.0,2.0457229614257812,2.0457229614257812
3,530,20.285882288007997,20.296483721933328,False,-22.10988998413086,-0.3858903646469116,45.14285659790039,0.7878914475440979,-15.604395866394043,-0.2723480761051178,93.67032623291016,1.6348556280136108,93.45054626464844,1.6310197114944458,1.304945054945055,0.01304945054945055,-0.38365858793258667,0.584471583366394,-0.3030758202075958,1.6227772235870361,1.5002113580703735,0.08977775275707245,-21.982017517089844,-0.38365858190428664,41.14285659790039,0.7180783113092345,-17.36496353149414,-0.3030757881133148,92.97827911376953,1.6227771033735536,89.45054626464844,1.5612065500256302,6.304945054945055,0.06304945054945055,False,True,2.67283022076219,0.0,0.0,0.0,0.0,7.655101776123047,7.655101776123047,0.0,0.0,0.0,0.0,0.0,0.0,0.0,3.4947738647460938,3.4947738647460938
3,531,20.319427695008926,20.3301318079466,False,-22.373626708984375,-0.3904934525489807,45.14285659790039,0.7878914475440979,-15.604395866394043,-0.2723480761051178,93.4945068359375,1.6317869424819946,92.13186645507812,1.6080044507980347,1.3736263736263736,0.013736263736263736,-0.3826519846916199,0.5789625644683838,-0.3100723922252655,1.6197681427001953,1.438392162322998,0.12404648959636688,-21.92434310913086,-0.38265197359126396,41.14285659790039,0.7180783113092345,-17.765838623046875,-0.31007237835014373,92.80587005615234,1.6197679976578732,88.13186645507812,1.5381912455690565,6.373626373626374,0.06373626373626375,False,True,6.031022586010314,0.0,0.0,0.0,0.0,7.970745086669922,7.970745086669922,0.0,0.0,0.0,0.0,0.0,0.0,0.0,5.718070983886719,5.718070983886719
3,532,20.353482553968206,20.366001209942624,False,-22.461538314819336,-0.3920277953147888,45.14285659790039,0.7878914475440979,-15.604395866394043,-0.2723480761051178,93.4065933227539,1.6302525997161865,91.07691955566406,1.5895920991897583,2.403846153846154,0.024038461538461543,-0.38406646251678467,0.5849690437316895,-0.3018653094768524,1.620795488357544,1.4667590856552124,0.16096915304660797,-22.005386352539062,-0.3840664450252323,41.14285659790039,0.7180783113092345,-17.29560661315918,-0.3018652815293329,92.86473846435547,1.6207954452064257,87.07691955566406,1.5197789487405757,7.403846153846154,0.07403846153846154,False,True,8.693069150814644,0.0,0.0,0.0,0.0,7.6266021728515625,7.6266021728515625,0.0,0.0,0.0,0.0,0.0,0.0,0.0,3.0378189086914062,3.0378189086914062
3,533,20.387017315020785,20.401033150032163,False,-22.461538314819336,-0.3920277953147888,45.14285659790039,0.7878914475440979,-15.604395866394043,-0.2723480761051178,93.31867980957031,1.6287182569503784,90.54945373535156,1.5803860425949097,3.708791208791209,0.03708791208791209,-0.3822672963142395,0.5814062356948853,-0.3200242817401886,1.6151241064071655,1.4334094524383545,0.18572081625461578,-21.902301788330078,-0.38226727997180204,41.14285659790039,0.7180783113092345,-18.336040496826172,-0.32002427844863357,92.53978729248047,1.615123977348993,86.54945373535156,1.5105729334843898,8.708791208791208,0.08708791208791208,False,True,9.86329041667037,0.0,0.0,0.0,0.0,7.8307342529296875,7.8307342529296875,0.0,0.0,0.0,0.0,0.0,0.0,0.0,4.421142578125,4.421142578125
3,534,20.421046423958614,20.434803075972013,False,-22.285715103149414,-0.3889591097831726,45.14285659790039,0.7878914475440979,-15.604395866394043,-0.2723480761051178,93.31867980957031,1.6287182569503784,89.23076629638672,1.557370662689209,4.945054945054945,0.049450549450549455,-0.3778379559516907,0.5607268810272217,-0.3042825758457184,1.6109113693237305,1.3886260986328125,0.20064634084701538,-21.64851951599121,-0.37783794373629587,41.14285659790039,0.7180783113092345,-17.434106826782227,-0.3042825662717706,92.29841613769531,1.6109112559786511,85.23076629638672,1.4875574958697615,9.945054945054945,0.09945054945054946,False,True,10.119579139646593,0.0,0.0,0.0,0.0,9.015575408935547,9.015575408935547,0.0,0.0,0.0,0.0,0.0,0.0,0.0,5.668357849121094,5.668357849121094
3,535,20.454183559981175,20.466866279952228,False,-22.0219783782959,-0.3843560218811035,45.14285659790039,0.7878914475440979,-15.604395866394043,-0.2723480761051178,93.05494689941406,1.624115228652954,88.17582702636719,1.5389585494995117,6.25,0.0625,-0.3862151503562927,0.558971643447876,-0.30448105931282043,1.6068695783615112,1.4188657999038696,0.2006872594356537,-22.128496170043945,-0.38621511668222186,41.14285659790039,0.7180783113092345,-17.445478439331055,-0.30448103835200874,92.06684112548828,1.6068695095502923,84.17582702636719,1.469145332199335,11.25,0.1125,False,True,8.818725943565369,0.0,0.0,0.0,0.0,9.116142272949219,9.116142272949219,0.0,0.0,0.0,0.0,0.0,0.0,0.0,2.8808059692382812,2.8808059692382812
3,536,20.487593704950996,20.50176926504355,False,-21.846153259277344,-0.3812873065471649,45.14285659790039,0.7878914475440979,-15.692307472229004,-0.2738824188709259,92.96703338623047,1.6225807666778564,87.82417297363281,1.5328209400177002,7.417582417582418,0.07417582417582418,-0.38238102197647095,0.5732444524765015,-0.31309977173805237,1.6061179637908936,1.4040145874023438,0.19924941658973694,-21.908817291259766,-0.3823809969503484,41.14285659790039,0.7180783113092345,-17.939294815063477,-0.3130997600088049,92.02377319335938,1.6061178323326175,83.82417297363281,1.4630078111511384,12.417582417582418,0.12417582417582418,False,True,7.507359241391276,0.0,0.0,0.0,0.0,8.298370361328125,8.298370361328125,0.0,0.0,0.0,0.0,0.0,0.0,0.0,3.38006591796875,3.38006591796875
3,537,20.521231418009847,20.556545726954937,False,-21.846153259277344,-0.3812873065471649,45.14285659790039,0.7878914475440979,-15.692307472229004,-0.2738824188709259,92.79120635986328,1.6195120811462402,86.4175796508789,1.508271336555481,8.722527472527473,0.08722527472527472,-0.38347166776657104,0.561120867729187,-0.3152160346508026,1.6076092720031738,1.388033151626587,0.19940418004989624,-21.9713077545166,-0.3834716612852767,41.14285659790039,0.7180783113092345,-18.060546875,-0.31521600767952274,92.10922241210938,1.607609202543062,82.4175796508789,1.4384581264325156,13.722527472527473,0.13722527472527474,False,True,6.217890532462151,0.0,0.0,0.0,0.0,8.993000030517578,8.993000030517578,0.0,0.0,0.0,0.0,0.0,0.0,0.0,2.8891448974609375,2.8891448974609375
3,538,20.558036586036906,20.571790053974837,False,-21.758241653442383,-0.3797529637813568,45.14285659790039,0.7878914475440979,-15.868131637573242,-0.2769511342048645,92.79120635986328,1.6195120811462402,85.53845977783203,1.4929277896881104,10.096153846153847,0.10096153846153846,-0.3834477663040161,0.5603704452514648,-0.317461222410202,1.6036732196807861,1.3668714761734009,0.19613611698150635,-21.969938278198242,-0.38344775941449327,41.14285659790039,0.7180783113092345,-18.18918800354004,-0.3174612189260277,91.88370513916016,1.6036731836099793,81.53845977783203,1.423114590128133,15.096153846153847,0.15096153846153848,False,True,4.517457851996788,0.0,0.0,0.0,0.0,9.035995483398438,9.035995483398438,0.0,0.0,0.0,0.0,0.0,0.0,0.0,3.2224960327148438,3.2224960327148438
3,539,20.5918232309632,20.605113200028427,False,-21.758241653442383,-0.3797529637813568,45.05494689941406,0.7863571643829346,-15.868131637573242,-0.2769511342048645,92.79120635986328,1.6195120811462402,85.010986328125,1.4837216138839722,10.92032967032967,0.1092032967032967,-0.38491493463516235,0.5432158708572388,-0.3186713755130768,1.5999648571014404,1.349361777305603,0.19635722041130066,-22.054000854492188,-0.38491492814853157,41.05494689941406,0.7165439976262127,-18.25852394104004,-0.31867135932535967,91.67122650146484,1.599964731792044,81.010986328125,1.4139084417138927,15.92032967032967,0.1592032967032967,False,True,3.715392370800396,0.0,0.0,0.0,0.0,9.930971145629883,9.930971145629883,0.0,0.0,0.0,0.0,0.0,0.0,0.0,3.6982574462890625,3.6982574462890625
3,540,20.625167898018844,20.796971322968602,False,-21.758241653442383,-0.3797529637813568,45.05494689941406,0.7863571643829346,-15.868131637573242,-0.2769511342048645,92.61538696289062,1.616443395614624,84.04395294189453,1.4668437242507935,12.01923076923077,0.1201923076923077,-0.37388336658477783,0.7377666234970093,-0.34543392062187195,1.5860700607299805,1.4549891948699951,0.18031233549118042,-21.421937942504883,-0.3738833492546099,42.270912170410156,0.7377665951949995,-19.79190444946289,-0.3454338978832431,90.87511444091797,1.5860699551206645,83.36473846435547,1.4549891662669645,17.01923076923077,0.1701923076923077,False,True,1.012002779887272,0.0,0.0,0.0,0.0,0.0,0.0,0.0,0.0,0.0,0.0,0.0,0.0,0.0,0.0,0.0
3,541,20.798464216990396,20.811350038973615,False,-21.758241653442383,-0.3797529637813568,44.70329666137695,0.7802197337150574,-16.131868362426758,-0.2815542221069336,92.35164642333984,1.6118402481079102,81.75823974609375,1.426950454711914,15.247252747252748,0.15247252747252749,-0.3784031569957733,0.7277743816375732,-0.3675956428050995,1.5864942073822021,1.4656355381011963,0.18420656025409698,-21.6809024810791,-0.37840313309863793,41.69839859008789,0.7277743482059951,-20.131868362426758,-0.351367387502426,90.8994140625,1.5864940635242597,83.97472381591797,1.4656354190406653,18.4206560254097,0.18420656025409698,False,False,0.0,0.0,0.0,0.0,0.0,0.0,0.0,0.0,0.9298095703125,0.9298095703125,0.0,0.0,0.0,0.0,0.0,0.0
3,542,20.832020360045135,20.84588944504503,False,-21.758241653442383,-0.3797529637813568,44.70329666137695,0.7802197337150574,-16.21977996826172,-0.2830885648727417,92.35164642333984,1.6118402481079102,81.67032623291016,1.425416111946106,15.384615384615385,0.15384615384615385,-0.37959784269332886,0.7231210470199585,-0.35111919045448303,1.5906177759170532,1.467736005783081,0.18217474222183228,-21.749353408813477,-0.3795978271636475,41.43178176879883,0.7231210068332996,-20.117647171020508,-0.35111918088883065,91.13568115234375,1.5906177021561383,84.09507751464844,1.4677359873504652,18.217474222183228,0.18217474222183228,False,False,0.0,0.0,0.0,0.0,0.0,0.0,0.0,0.0,0.0,0.0,0.0,0.0,0.0,0.0,0.0,0.0
3,543,20.86527211498469,20.87674125493504,False,-21.758241653442383,-0.3797529637813568,44.70329666137695,0.7802197337150574,-16.659339904785156,-0.290760338306427,92.0,1.6057028770446777,82.02198028564453,1.431553602218628,16.071428571428573,0.16071428571428573,-0.3781827688217163,0.7110189199447632,-0.36372557282447815,1.5942420959472656,1.4705027341842651,0.1848684847354889,-21.668275833129883,-0.37818275651843386,40.738380432128906,0.7110188704706798,-20.659339904785156,-0.3605735026271528,91.34333801269531,1.594241998083627,84.25359344482422,1.470502612248894,18.48684847354889,0.1848684847354889,False,False,0.0,0.0,0.0,0.0,0.0,0.0,0.0,0.0,0.18059921264648438,0.18059921264648438,0.0,0.0,0.0,0.0,0.0,0.0
3,544,20.898874965962023,20.909930691937916,False,-21.758241653442383,-0.3797529637813568,44.70329666137695,0.7802197337150574,-17.27472496032715,-0.3015008270740509,91.38461303710938,1.5949623584747314,82.81318664550781,1.4453628063201904,17.10164835164835,0.1710164835164835,-0.380127489566803,0.6919962167739868,-0.34905049204826355,1.593400001525879,1.4846527576446533,0.18636929988861084,-21.779699325561523,-0.38012746332543695,40.70329666137695,0.7104065431570433,-19.99911880493164,-0.3490504706435707,91.29508972167969,1.5933999065469442,85.0643310546875,1.4846526529107575,18.636929988861084,0.18636929988861084,False,False,0.0,0.0,0.0,0.0,0.0,1.0548362731933594,1.0548362731933594,0.0,0.0,0.0,0.0,0.0,0.0,0.0,0.0,0.0
3,545,20.932300328975543,20.946883096010424,False,-21.758241653442383,-0.3797529637813568,44.70329666137695,0.7802197337150574,-17.626373291015625,-0.3076382577419281,91.29669952392578,1.5934280157089233,83.16483306884766,1.4515001773834229,17.582417582417584,0.17582417582417584,-0.3827158212661743,0.6909593343734741,-0.3493446409702301,1.5976040363311768,1.4846526384353638,0.18718761205673218,-21.92799949645996,-0.38271578958888497,40.70329666137695,0.7104065431570433,-20.015972137451172,-0.34934461678596995,91.53596496582031,1.5976039726437432,85.06432342529297,1.484652519752703,18.718761205673218,0.18718761205673218,False,False,0.0,0.0,0.0,0.0,0.0,1.1142463684082031,1.1142463684082031,0.0,0.0,0.0,0.0,0.0,0.0,0.0,0.0,0.0
3,546,20.96553015394602,20.976604631985538,False,-21.758241653442383,-0.3797529637813568,44.61538314819336,0.7786853313446045,-17.714284896850586,-0.3091726005077362,91.29669952392578,1.5934280157089233,83.51648712158203,1.4576376676559448,17.857142857142858,0.17857142857142858,-0.3784867823123932,0.6817103624343872,-0.35568174719810486,1.5961922407150269,1.4846707582473755,0.18786635994911194,-21.685693740844727,-0.3784867563568664,40.61538314819336,0.7088721628949941,-20.37906265258789,-0.355681741757868,91.45507049560547,1.5961920977918378,85.06536102294922,1.4846706292481155,18.786635994911194,0.18786635994911194,False,False,0.0,0.0,0.0,0.0,0.0,1.5562591552734375,1.5562591552734375,0.0,0.0,0.0,0.0,0.0,0.0,0.0,0.0,0.0
3,547,20.998919093981385,21.010026038973592,False,-21.758241653442383,-0.3797529637813568,44.61538314819336,0.7786853313446045,-17.714284896850586,-0.3091726005077362,91.29669952392578,1.5934280157089233,83.78022003173828,1.4622406959533691,18.063186813186814,0.18063186813186813,-0.3793790936470032,0.6862654685974121,-0.3587068021297455,1.5982944965362549,1.488763689994812,0.18632404506206512,-21.736820220947266,-0.3793790817696111,40.61538314819336,0.7088721628949941,-20.552385330200195,-0.3587067931505754,91.57552337646484,1.5982943971563464,85.29987335205078,1.4887636415274583,18.632404506206512,0.18632404506206512,False,False,0.0,0.0,0.0,0.0,0.0,1.2952690124511719,1.2952690124511719,0.0,0.0,0.0,0.0,0.0,0.0,0.0,0.0,0.0
3,548,21.032462168019265,21.04330812196713,False,-21.758241653442383,-0.3797529637813568,44.61538314819336,0.7786853313446045,-17.714284896850586,-0.3091726005077362,91.29669952392578,1.5934280157089233,84.13186645507812,1.4683780670166016,18.269230769230766,0.18269230769230765,-0.3820387125015259,0.6729604005813599,-0.3591514527797699,1.6009292602539062,1.4816828966140747,0.1898798942565918,-21.889204025268555,-0.3820386808817323,40.61538314819336,0.7088721628949941,-20.577861785888672,-0.3591514411840777,91.72648620605469,1.6009291955808163,84.89417266845703,1.4816828288211557,18.98798942565918,0.1898798942565918,False,False,0.0,0.0,0.0,0.0,0.0,2.0575942993164062,2.0575942993164062,0.0,0.0,0.0,0.0,0.0,0.0,0.0,0.0,0.0
3,549,21.065701573039405,21.076894992031157,False,-21.758241653442383,-0.3797529637813568,44.61538314819336,0.7786853313446045,-17.714284896850586,-0.3091726005077362,91.29669952392578,1.5934280157089233,84.30769348144531,1.4714468717575073,18.337912087912088,0.18337912087912087,-0.3815577030181885,0.6697444915771484,-0.3698067367076874,1.6007106304168701,1.48569655418396,0.18856742978096008,-21.861644744873047,-0.3815576806993504,40.61538314819336,0.7088721628949941,-21.188364028930664,-0.36980671541597115,91.71395874023438,1.6007105500553207,85.12413787841797,1.485696478900014,18.85674297809601,0.18856742978096008,False,False,0.0,0.0,0.0,0.0,0.0,2.241851806640625,2.241851806640625,0.0,0.0,0.0,0.0,0.0,0.0,0.0,0.0,0.0
3,550,21.09916191396769,21.110029626986943,False,-21.758241653442383,-0.3797529637813568,44.61538314819336,0.7786853313446045,-17.714284896850586,-0.3091726005077362,91.29669952392578,1.5934280157089233,84.3956069946289,1.4729812145233154,18.40659340659341,0.18406593406593408,-0.38095802068710327,0.6648529767990112,-0.3636992275714874,1.603784441947937,1.4914774894714355,0.19211027026176453,-21.827285766601562,-0.3809580034008918,40.61538314819336,0.7088721628949941,-20.838430404663086,-0.3636992215090652,91.89007568359375,1.6037843705854902,85.45536041259766,1.4914774026782491,19.211027026176453,0.19211027026176453,False,False,0.0,0.0,0.0,0.0,0.0,2.522113800048828,2.522113800048828,0.0,0.0,0.0,0.0,0.0,0.0,0.0,0.0,0.0
3,551,21.132726561045274,21.143659948022105,False,-21.758241653442383,-0.3797529637813568,44.61538314819336,0.7786853313446045,-17.9780216217041,-0.3137756586074829,91.29669952392578,1.5934280157089233,84.48351287841797,1.474515438079834,18.475274725274726,0.18475274725274726,-0.38425248861312866,0.6392536163330078,-0.3578610122203827,1.6004350185394287,1.4826103448867798,0.19091765582561493,-22.01604461669922,-0.38425246682737435,40.61538314819336,0.7088721628949941,-20.503925323486328,-0.35786100647787983,91.69816589355469,1.6004349128824975,84.94731140136719,1.4826102746707757,19.091765582561493,0.19091765582561493,False,False,0.0,0.0,0.0,0.0,0.0,3.988849639892578,3.988849639892578,0.0,0.0,0.0,0.0,0.0,0.0,0.0,0.0,0.0
3,552,21.16595563397277,21.176757737994194,False,-21.758241653442383,-0.3797529637813568,44.61538314819336,0.7786853313446045,-18.241758346557617,-0.318378746509552,91.29669952392578,1.5934280157089233,84.65933990478516,1.4775842428207397,18.681318681318682,0.18681318681318682,-0.37626034021377563,0.6299494504928589,-0.3464188873767853,1.6007270812988281,1.4923685789108276,0.1925097405910492,-21.558128356933594,-0.37626032039604657,40.61538314819336,0.7088721628949941,-19.848339080810547,-0.3464188680124089,91.71489715576172,1.6007269284960246,85.50641632080078,1.4923684963789896,19.25097405910492,0.1925097405910492,False,False,0.0,0.0,0.0,0.0,0.0,4.521942138671875,4.521942138671875,0.0,0.0,0.0,0.0,0.0,0.0,0.0,0.0,0.0
3,553,21.20001389598474,21.21046481502708,False,-21.758241653442383,-0.3797529637813568,44.61538314819336,0.7786853313446045,-18.241758346557617,-0.318378746509552,91.29669952392578,1.5934280157089233,84.65933990478516,1.4775842428207397,18.681318681318682,0.18681318681318682,-0.3766140937805176,0.6302820444107056,-0.35177984833717346,1.6000709533691406,1.491330862045288,0.1913594752550125,-21.578397750854492,-0.3766140880573499,40.61538314819336,0.7088721628949941,-20.155500411987305,-0.35177984457625205,91.67730712890625,1.6000708587614836,85.44696044921875,1.4913307956602402,19.13594752550125,0.1913594752550125,False,False,0.0,0.0,0.0,0.0,0.0,4.5028839111328125,4.5028839111328125,0.0,0.0,0.0,0.0,0.0,0.0,0.0,0.0,0.0
3,554,21.2335650610039,21.244796055019833,False,-21.758241653442383,-0.3797529637813568,44.61538314819336,0.7786853313446045,-18.241758346557617,-0.318378746509552,91.29669952392578,1.5934280157089233,84.74725341796875,1.4791185855865479,18.75,0.1875,-0.3804822564125061,0.639601469039917,-0.34267404675483704,1.600153923034668,1.4847320318222046,0.19497346878051758,-21.800025939941406,-0.3804822296721492,40.61538314819336,0.7088721628949941,-19.63377571105957,-0.3426740307560804,91.68206024169922,1.6001538162294395,85.06887817382812,1.484732015111242,19.497346878051758,0.19497346878051758,False,False,0.0,0.0,0.0,0.0,0.0,3.968921661376953,3.968921661376953,0.0,0.0,0.0,0.0,0.0,0.0,0.0,0.0,0.0
3,555,21.267118175979704,21.277934051002376,False,-21.758241653442383,-0.3797529637813568,44.61538314819336,0.7786853313446045,-18.241758346557617,-0.318378746509552,91.29669952392578,1.5934280157089233,84.83516693115234,1.480652928352356,18.75,0.1875,-0.37672942876815796,0.636526346206665,-0.33484819531440735,1.59176766872406,1.482885479927063,0.19437456130981445,-21.585004806518555,-0.37672940293255036,40.61538314819336,0.7088721628949941,-19.185386657714844,-0.33484816544531437,91.2015609741211,1.59176752195678,84.96307373046875,1.482885379211381,19.437456130981445,0.19437456130981445,False,False,0.0,0.0,0.0,0.0,0.0,4.145111083984375,4.145111083984375,0.0,0.0,0.0,0.0,0.0,0.0,0.0,0.0,0.0
3,556,21.300750987953506,21.311724293977022,False,-21.758241653442383,-0.3797529637813568,44.61538314819336,0.7786853313446045,-18.241758346557617,-0.318378746509552,91.29669952392578,1.5934280157089233,84.83516693115234,1.480652928352356,18.818681318681318,0.18818681318681318,-0.372780442237854,0.6447184085845947,-0.35674944519996643,1.5860217809677124,1.4888412952423096,0.19300679862499237,-21.358745574951172,-0.37278043437866726,40.61538314819336,0.7088721628949941,-20.440237045288086,-0.3567494363283944,90.87235260009766,1.586021751904934,85.3043212890625,1.488841272673234,19.300679862499237,0.19300679862499237,False,False,0.0,0.0,0.0,0.0,0.0,3.6757431030273438,3.6757431030273438,0.0,0.0,0.0,0.0,0.0,0.0,0.0,0.0,0.0
3,557,21.334697935031727,21.34551706293132,False,-21.758241653442383,-0.3797529637813568,44.61538314819336,0.7786853313446045,-18.241758346557617,-0.318378746509552,91.29669952392578,1.5934280157089233,84.83516693115234,1.480652928352356,19.024725274725274,0.19024725274725274,-0.3700304329395294,0.654173731803894,-0.35174158215522766,1.5856424570083618,1.491554617881775,0.19441023468971252,-21.201181411743164,-0.3700304209475378,40.61538314819336,0.7088721628949941,-20.15330696105957,-0.3517415616355821,90.85061645507812,1.5856423846076524,85.45977783203125,1.4915545011918068,19.441023468971252,0.19441023468971252,False,False,0.0,0.0,0.0,0.0,0.0,3.133991241455078,3.133991241455078,0.0,0.0,0.0,0.0,0.0,0.0,0.0,0.0,0.0
3,558,21.368187707965262,21.379636507015675,False,-21.758241653442383,-0.3797529637813568,44.61538314819336,0.7786853313446045,-18.241758346557617,-0.318378746509552,91.29669952392578,1.5934280157089233,84.83516693115234,1.480652928352356,19.024725274725274,0.19024725274725274,-0.37710240483283997,0.6539608240127563,-0.32793429493904114,1.582474708557129,1.481328010559082,0.19387120008468628,-21.606374740600586,-0.37710237864321594,40.61538314819336,0.7088721628949941,-18.789249420166016,-0.3279342663603324,90.66912078857422,1.5824746876490576,84.87384033203125,1.4813279626059026,19.387120008468628,0.19387120008468628,False,False,0.0,0.0,0.0,0.0,0.0,3.146190643310547,3.146190643310547,0.0,0.0,0.0,0.0,0.0,0.0,0.0,0.0,0.0
3,559,21.401536228018813,21.412261725985445,False,-21.758241653442383,-0.3797529637813568,44.61538314819336,0.7786853313446045,-18.241758346557617,-0.318378746509552,91.29669952392578,1.5934280157089233,84.83516693115234,1.480652928352356,19.024725274725274,0.19024725274725274,-0.3745386600494385,0.6688259840011597,-0.3537205755710602,1.579869031906128,1.4824883937835693,0.194132000207901,-21.459484100341797,-0.3745386533303376,40.61538314819336,0.7088721628949941,-20.266695022583008,-0.35372055664162005,90.51982116699219,1.5798689176804694,84.94032287597656,1.48248830189285,19.4132000207901,0.194132000207901,False,False,0.0,0.0,0.0,0.0,0.0,2.2944793701171875,2.2944793701171875,0.0,0.0,0.0,0.0,0.0,0.0,0.0,0.0,0.0
3,560,21.434989235945977,21.446942918002605,False,-21.758241653442383,-0.3797529637813568,44.61538314819336,0.7786853313446045,-18.241758346557617,-0.318378746509552,91.20879364013672,1.5918937921524048,84.83516693115234,1.480652928352356,19.024725274725274,0.19024725274725274,-0.3774857819080353,0.6848680973052979,-0.3464793860912323,1.5722929239273071,1.4899381399154663,0.1960131824016571,-21.628341674804688,-0.3774857739716465,40.61538314819336,0.7088721628949941,-19.851804733276367,-0.34647935505866734,90.08574676513672,1.5722928901694666,85.3671646118164,1.4899380955681834,19.60131824016571,0.1960131824016571,False,False,0.0,0.0,0.0,0.0,0.0,1.375335693359375,1.375335693359375,0.0,0.0,0.0,0.0,0.0,0.0,0.0,0.0,0.0
3,561,21.46937764598988,21.480678973020986,False,-21.758241653442383,-0.3797529637813568,44.61538314819336,0.7786853313446045,-18.241758346557617,-0.318378746509552,91.03296661376953,1.588824987411499,84.83516693115234,1.480652928352356,19.024725274725274,0.19024725274725274,-0.37440866231918335,0.6930983066558838,-0.3292652666568756,1.5511987209320068,1.483947992324829,0.19719812273979187,-21.452035903930664,-0.37440865777962806,40.61538314819336,0.7088721628949941,-18.865509033203125,-0.3292652476941268,88.87713623046875,1.5511986569652214,85.0239486694336,1.4839478473282681,19.719812273979187,0.19719812273979187,False,False,0.0,0.0,0.0,0.0,0.0,0.903778076171875,0.903778076171875,0.0,0.0,0.0,0.0,0.0,0.0,0.0,0.0,0.0
3,562,21.502495914930478,21.513864108012058,False,-21.670330047607422,-0.3782186210155487,44.61538314819336,0.7786853313446045,-18.241758346557617,-0.318378746509552,90.68132019042969,1.5826876163482666,84.83516693115234,1.480652928352356,19.024725274725274,0.19024725274725274,-0.37761223316192627,0.6889632940292358,-0.3177109658718109,1.5272852182388306,1.4753806591033936,0.1961982250213623,-21.63558578491211,-0.377612207544398,40.61538314819336,0.7088721628949941,-18.2034969329834,-0.31771095685724987,87.50698852539062,1.527285068272964,84.5330810546875,1.4753805912595377,19.61982250213623,0.1961982250213623,False,False,0.0,0.0,0.0,0.0,0.0,1.1406974792480469,1.1406974792480469,0.0,0.0,0.0,0.0,0.0,0.0,0.0,0.0,0.0
3,563,21.536530075012706,21.548931216006167,False,-21.670330047607422,-0.3782186210155487,44.61538314819336,0.7786853313446045,-18.241758346557617,-0.318378746509552,90.15384674072266,1.5734814405441284,84.83516693115234,1.480652928352356,19.162087912087912,0.19162087912087913,-0.3838580846786499,0.7310155630111694,-0.3301636874675751,1.5098037719726562,1.4795094728469849,0.19668594002723694,-21.993446350097656,-0.3838580526699336,41.88410568237305,0.731015548410676,-18.91698455810547,-0.330163665087865,86.50537872314453,1.5098036794035203,84.76964569091797,1.479509423055542,19.668594002723694,0.19668594002723694,False,False,0.0,0.0,0.0,0.0,0.0,0.0,0.0,0.0,0.0,0.0,0.0,0.0,0.0,0.0,0.0,0.0
3,564,21.569908816949464,21.582646352937445,False,-21.670330047607422,-0.3782186210155487,44.61538314819336,0.7786853313446045,-17.9780216217041,-0.3137756586074829,89.62637329101562,1.5642752647399902,85.010986328125,1.4837216138839722,19.230769230769234,0.19230769230769235,-0.3861684799194336,0.7522871494293213,-0.3327661454677582,1.4946624040603638,1.4786397218704224,0.1969400942325592,-22.125822067260742,-0.3861684447841182,43.102874755859375,0.7522870815644931,-19.06609535217285,-0.3327661393946041,85.6378402709961,1.4946622770258748,84.71981048583984,1.4786396346435222,19.69400942325592,0.1969400942325592,False,False,0.0,0.0,0.0,0.0,0.0,0.0,0.0,0.0,0.0,0.0,0.0,0.0,0.0,0.0,0.0,0.0
3,565,21.603320296970196,21.61465020896867,False,-21.58241844177246,-0.3766842484474182,44.61538314819336,0.7786853313446045,-17.89011001586914,-0.3122413158416748,88.65933990478516,1.5473973751068115,85.27472686767578,1.488324761390686,19.29945054945055,0.1929945054945055,-0.387784481048584,0.758463978767395,-0.3306522071361542,1.4835715293884277,1.4842450618743896,0.19722503423690796,-22.218412399291992,-0.3877844509335783,43.456783294677734,0.7584639508177956,-18.944974899291992,-0.3306521887003264,85.00238037109375,1.4835714095081853,85.04096984863281,1.4842449229478665,19.722503423690796,0.19722503423690796,False,False,0.0,0.0,0.0,0.0,0.0,0.0,0.0,0.0,0.0,0.0,0.0,0.0,0.0,0.0,0.0,0.0
3,566,21.636951323016547,21.648216672008857,False,-21.670330047607422,-0.3782186210155487,44.61538314819336,0.7786853313446045,-17.89011001586914,-0.3122413158416748,87.6043930053711,1.5289851427078247,85.27472686767578,1.488324761390686,19.29945054945055,0.1929945054945055,-0.38370686769485474,0.7620154619216919,-0.33358684182167053,1.4910926818847656,1.472698450088501,0.1972750723361969,-21.984783172607422,-0.38370685169904434,43.6602668762207,0.7620154092894709,-19.113117218017578,-0.3335868257740256,85.43331146240234,1.4910925759007327,84.37940216064453,1.4726983885676643,19.72750723361969,0.1972750723361969,False,False,0.0,0.0,0.0,0.0,0.0,0.0,0.0,0.0,0.0,0.0,0.0,0.0,0.0,0.0,0.0,0.0
3,567,21.67072199098766,21.682182349963114,False,-21.758241653442383,-0.3797529637813568,44.61538314819336,0.7786853313446045,-17.89011001586914,-0.3122413158416748,86.81318664550781,1.5151759386062622,85.27472686767578,1.488324761390686,19.29945054945055,0.1929945054945055,-0.3891837000846863,0.7668807506561279,-0.3372211754322052,1.5040240287780762,1.4827886819839478,0.19658920168876648,-22.298582077026367,-0.38918367577030594,43.939029693603516,0.7668807382849366,-19.321348190307617,-0.33722114184511587,86.17422485351562,1.5040239540477758,84.95752716064453,1.4827885733057566,19.658920168876648,0.19658920168876648,False,False,0.0,0.0,0.0,0.0,0.0,0.0,0.0,0.0,0.0,0.0,0.0,0.0,0.0,0.0,0.0,0.0
3,568,21.70426992396824,21.715792090981267,False,-21.846153259277344,-0.3812873065471649,44.61538314819336,0.7786853313446045,-17.89011001586914,-0.3122413158416748,86.46154022216797,1.5090385675430298,85.18681335449219,1.486790418624878,19.36813186813187,0.1936813186813187,-0.3885822296142578,0.7792476415634155,-0.327249139547348,1.5041686296463013,1.4807320833206177,0.19748133420944214,-22.26412010192871,-0.3885822008381115,44.64759826660156,0.7792475928599103,-18.7499942779541,-0.3272491348803959,86.18251037597656,1.504168563694967,84.83969116210938,1.4807319471539429,19.748133420944214,0.19748133420944214,False,False,0.0,0.0,0.0,0.0,0.0,0.0,0.0,0.0,0.0,0.0,0.0,0.0,0.0,0.0,0.0,0.0
3,569,21.73744750302285,21.75135825201869,False,-21.846153259277344,-0.3812873065471649,44.61538314819336,0.7786853313446045,-17.89011001586914,-0.3122413158416748,86.46154022216797,1.5090385675430298,85.0988998413086,1.4852559566497803,19.36813186813187,0.1936813186813187,-0.3899267315864563,0.7971097230911255,-0.33490505814552307,1.4981718063354492,1.480522871017456,0.19650089740753174,-22.341154098510742,-0.38992669771443805,45.6710205078125,0.7971096806071808,-19.188644409179688,-0.3349050239345876,85.83891296386719,1.4981716575523267,84.82770538330078,1.4805227558503171,19.650089740753174,0.19650089740753174,False,False,0.0,0.0,0.0,0.0,0.0,0.0,0.0,0.0,0.0,0.0,0.0,0.0,0.0,0.0,0.0,0.0
3,570,21.771271237987094,21.941136828972958,False,-21.846153259277344,-0.3812873065471649,44.70329666137695,0.7802197337150574,-17.89011001586914,-0.3122413158416748,86.46154022216797,1.5090385675430298,85.0988998413086,1.4852559566497803,19.436813186813186,0.19436813186813187,-0.37903541326522827,0.8201571702957153,-0.35675814747810364,1.470503568649292,1.5019841194152832,0.1912556290626526,-21.71712875366211,-0.37903540083093634,46.99154281616211,0.8201571427339173,-20.44073486328125,-0.35675812489145076,84.25364685058594,1.4705035443552756,86.05734252929688,1.5019839726527753,19.12556290626526,0.1912556290626526,False,False,0.0,0.0,0.0,0.0,0.0,0.0,0.0,0.0,0.0,0.0,0.0,0.0,0.0,0.0,0.0,0.0
3,571,21.94261213997379,21.955171840963885,False,-21.934066772460938,-0.3828216791152954,45.4945068359375,0.7940289378166199,-18.065933227539062,-0.315310001373291,86.46154022216797,1.5090385675430298,85.0988998413086,1.4852559566497803,19.36813186813187,0.1936813186813187,-0.38589632511138916,0.8306238651275635,-0.3709947168827057,1.471161961555481,1.5046876668930054,0.1932210475206375,-22.1102294921875,-0.38589630301022576,47.59123992919922,0.8306238318711194,-21.25642967224121,-0.3709946849992282,84.29136657714844,1.4711618777767432,86.21224975585938,1.5046876137914236,19.32210475206375,0.1932210475206375,False,False,0.0,0.0,0.0,0.0,0.0,0.0,0.0,0.0,0.0,0.0,0.0,0.0,0.0,0.0,0.0,0.0
3,572,21.9760023689596,21.98838400398381,False,-21.934066772460938,-0.3828216791152954,45.4945068359375,0.7940289378166199,-18.065933227539062,-0.315310001373291,86.37362670898438,1.5075041055679321,85.0988998413086,1.4852559566497803,19.36813186813187,0.1936813186813187,-0.3872050642967224,0.829850435256958,-0.37168511748313904,1.4718563556671143,1.493959665298462,0.17720776796340942,-22.18521499633789,-0.38720504694891794,47.54692459106445,0.8298503833115332,-21.295988082885742,-0.37168510951183126,84.3311538696289,1.4718562970309812,85.59757995605469,1.4939596019722574,17.720776796340942,0.17720776796340942,False,False,0.0,0.0,0.0,0.0,0.0,0.0,0.0,0.0,0.0,0.0,0.0,0.0,0.0,0.0,0.0,0.0
3,573,22.00949537695851,22.02255224995315,False,-21.846153259277344,-0.3812873065471649,46.021976470947266,0.8032349944114685,-18.769229888916016,-0.3275848627090454,85.93406677246094,1.4998323917388916,85.45054626464844,1.4913933277130127,19.36813186813187,0.1936813186813187,-0.38046586513519287,0.8164159059524536,-0.348317414522171,1.472421407699585,1.497992753982544,0.1899905949831009,-21.799087524414062,-0.38046585123144516,46.777183532714844,0.8164158674555467,-19.957117080688477,-0.34831740226401275,84.363525390625,1.4724212866562416,85.82865905761719,1.4979926931270735,18.99905949831009,0.1899905949831009,False,False,0.0,0.0,0.0,0.0,0.0,0.0,0.0,0.0,0.0,0.0,0.0,0.0,0.0,0.0,0.0,0.0
3,574,22.043355158995837,22.057629315997474,False,-21.846153259277344,-0.3812873065471649,46.5494499206543,0.8124411702156067,-19.47252655029297,-0.3398596942424774,85.67032623291016,1.4952292442321777,85.53845977783203,1.4929277896881104,19.162087912087912,0.19162087912087913,-0.3865327835083008,0.8215357065200806,-0.3695448935031891,1.4757468700408936,1.4999667406082153,0.1909772902727127,-22.146696090698242,-0.3865327652212411,47.070526123046875,0.8215356614931695,-21.17336082458496,-0.3695448601017891,84.55406188964844,1.4757467759094236,85.94175720214844,1.49996662812704,19.09772902727127,0.1909772902727127,False,False,0.0,0.0,0.0,0.0,0.0,0.0,0.0,0.0,0.0,0.0,0.0,0.0,0.0,0.0,0.0,0.0
3,575,22.07624254899565,22.088116572005674,False,-22.0219783782959,-0.3843560218811035,46.63736343383789,0.8139755129814148,-19.648351669311523,-0.3429284393787384,85.5824203491211,1.4936950206756592,85.53845977783203,1.4929277896881104,18.612637362637365,0.18612637362637366,-0.38770627975463867,0.8145246505737305,-0.3673320710659027,1.4763736724853516,1.4998879432678223,0.19087587296962738,-22.213932037353516,-0.3877062538660708,46.6688232421875,0.814524623607427,-21.04657554626465,-0.36733203955204224,84.58997344970703,1.4763735508719737,85.93724060058594,1.4998877985587737,19.087587296962738,0.19087587296962738,False,False,0.0,0.0,0.0,0.0,0.0,0.0,0.0,0.0,0.0,0.0,0.0,0.0,0.0,0.0,0.0,0.0
3,576,22.109763329965062,22.121355265029706,False,-22.19780158996582,-0.3874247074127197,46.72527313232422,0.8155098557472229,-19.648351669311523,-0.3429284393787384,85.5824203491211,1.4936950206756592,85.53845977783203,1.4929277896881104,18.475274725274726,0.18475274725274726,-0.38832229375839233,0.8230575323104858,-0.38087502121925354,1.4761414527893066,1.5053454637527466,0.18881581723690033,-22.24922752380371,-0.3883222763157198,47.157718658447266,0.8230574583190681,-21.82253074645996,-0.3808750126434222,84.57666778564453,1.4761413232249188,86.24993896484375,1.5053454145806733,18.881581723690033,0.18881581723690033,False,False,0.0,0.0,0.0,0.0,0.0,0.0,0.0,0.0,0.0,0.0,0.0,0.0,0.0,0.0,0.0,0.0
3,577,22.143618669942953,22.15680222294759,False,-22.19780158996582,-0.3874247074127197,46.72527313232422,0.8155098557472229,-19.91208839416504,-0.3475314974784851,85.5824203491211,1.4936950206756592,85.53845977783203,1.4929277896881104,18.681318681318682,0.18681318681318682,-0.3898412585258484,0.8296726942062378,-0.35847070813179016,1.4822317361831665,1.5155320167541504,0.1355259120464325,-22.336257934570312,-0.3898412435329601,47.536739349365234,0.8296726173087704,-20.53885841369629,-0.35847070391993985,84.92562103271484,1.4822317063218209,86.83358001708984,1.5155318725921718,13.681318681318682,0.13681318681318683,False,True,0.12872747667543294,0.0,0.0,0.0,0.0,0.0,0.0,0.0,0.0,0.0,0.0,0.0,0.0,0.0,0.0,0.0
3,578,22.176655736984685,22.189697313006036,False,-22.0219783782959,-0.3843560218811035,46.81318664550781,0.8170442581176758,-20.175825119018555,-0.3521345853805542,85.5824203491211,1.4936950206756592,85.53845977783203,1.4929277896881104,18.887362637362635,0.18887362637362634,-0.391951322555542,0.813170313835144,-0.3498174250125885,1.480168104171753,1.5139400959014893,0.12025515735149384,-22.457155227661133,-0.3919512993541435,46.591224670410156,0.8131702730350671,-20.043060302734375,-0.34981739445848625,84.80738067626953,1.4801680227931187,86.74237060546875,1.513939968050577,13.887362637362635,0.13887362637362635,False,True,1.8618469022132516,0.0,0.0,0.0,0.0,0.0,0.0,0.0,0.0,0.0,0.0,0.0,0.0,0.0,0.0,0.0
3,579,22.210010541020893,22.223990925005637,False,-21.934066772460938,-0.3828216791152954,46.901100158691406,0.8185786008834839,-20.263736724853516,-0.3536689281463623,85.5824203491211,1.4936950206756592,85.89010620117188,1.4990651607513428,18.956043956043956,0.18956043956043955,-0.39341843128204346,0.8259472846984863,-0.35565492510795593,1.476049780845642,1.515213131904602,0.0744602307677269,-22.541213989257812,-0.3934184015091545,47.32329177856445,0.8259472544179131,-20.377525329589844,-0.35565491040988545,84.57141876220703,1.47604971048342,86.81531524658203,1.5152130922096894,13.956043956043956,0.13956043956043956,False,True,6.510020879271266,0.0,0.0,0.0,0.0,0.0,0.0,0.0,0.0,0.0,0.0,0.0,0.0,0.0,0.0,0.0
3,580,22.24342226202134,22.25421688403003,False,-22.0219783782959,-0.3843560218811035,46.989009857177734,0.820112943649292,-20.263736724853516,-0.3536689281463623,85.5824203491211,1.4936950206756592,86.06593322753906,1.502133846282959,17.6510989010989,0.17651098901098902,-0.3965129256248474,0.8195147514343262,-0.34664657711982727,1.4694222211837769,1.5055649280548096,0.007971208542585373,-22.718515396118164,-0.39651289482728574,46.954734802246094,0.8195147216999629,-19.861385345458984,-0.3466465682856107,84.19168853759766,1.4694221677946488,86.26251220703125,1.5055648590544957,12.651098901098901,0.126510989010989,False,True,11.853978046840364,0.0,0.0,0.0,0.0,0.0,0.0,0.0,0.0,0.0,0.0,0.0,0.0,0.0,0.0,0.0
3,581,22.27722052601166,22.291004386032,False,-22.63736343383789,-0.3950965106487274,46.989009857177734,0.820112943649292,-20.263736724853516,-0.3536689281463623,85.4065933227539,1.4906262159347534,86.06593322753906,1.502133846282959,16.002747252747252,0.16002747252747251,-0.40020477771759033,0.8279407024383545,-0.34816136956214905,1.4671268463134766,1.5095255374908447,0.0047846511006355286,-22.930044174194336,-0.40020476846743536,47.437503814697266,0.8279406304938374,-19.94817543029785,-0.3481613410241341,84.06017303466797,1.4671267892511095,86.48944091796875,1.5095255122276616,11.002747252747252,0.11002747252747253,False,True,10.524282142683699,0.0,0.0,0.0,0.0,0.0,0.0,0.0,0.0,0.0,0.0,0.0,0.0,0.0,0.0,0.0
3,582,22.31040692597162,22.322780970018357,False,-22.901098251342773,-0.3996995687484741,46.989009857177734,0.820112943649292,-20.263736724853516,-0.3536689281463623,85.05494689941406,1.484488844871521,86.15384674072266,1.5036683082580566,14.697802197802199,0.14697802197802198,-0.3988479971885681,0.8283257484436035,-0.33982810378074646,1.4675379991531372,1.5055826902389526,0.005733072757720947,-22.852306365966797,-0.39884798776058084,47.45956802368164,0.8283257235874628,-19.470714569091797,-0.3398280769466808,84.08373260498047,1.4675379813234177,86.2635269165039,1.5055825690757447,9.697802197802199,0.096978021978022,False,True,9.124494922030104,0.0,0.0,0.0,0.0,0.0,0.0,0.0,0.0,0.0,0.0,0.0,0.0,0.0,0.0,0.0
3,583,22.34495810000226,22.359004194964655,False,-22.901098251342773,-0.3996995687484741,46.989009857177734,0.820112943649292,-20.263736724853516,-0.3536689281463623,84.87911987304688,1.4814200401306152,86.15384674072266,1.5036683082580566,13.598901098901099,0.13598901098901098,-0.402762234210968,0.8186408281326294,-0.3310331404209137,1.473658561706543,1.5064219236373901,0.004383079707622528,-23.076574325561523,-0.40276220206223845,46.9046630859375,0.8186408053882533,-18.966800689697266,-0.3310331206047486,84.43441009521484,1.473658458140638,86.31161499023438,1.5064218642932832,8.598901098901099,0.08598901098901099,False,True,8.160593128138846,0.0,0.0,0.0,0.0,0.0,0.0,0.0,0.0,0.0,0.0,0.0,0.0,0.0,0.0,0.0
3,584,22.37753294594586,22.388620079960674,False,-22.901098251342773,-0.3996995687484741,47.07692337036133,0.8216472864151001,-20.263736724853516,-0.3536689281463623,84.70330047607422,1.4783514738082886,86.15384674072266,1.5036683082580566,12.156593406593407,0.12156593406593406,-0.40413856506347656,0.8375792503356934,-0.3386405408382416,1.4745608568191528,1.4987268447875977,0.004486344754695892,-23.155433654785156,-0.404138557003105,47.98975372314453,0.8375792096900794,-19.402671813964844,-0.33864050683758723,84.4861068725586,1.4745607371179568,85.87071990966797,1.4987267934815538,7.156593406593407,0.07156593406593408,False,True,6.707958931123818,0.0,0.0,0.0,0.0,0.0,0.0,0.0,0.0,0.0,0.0,0.0,0.0,0.0,0.0,0.0
3,585,22.411148076993413,22.423822373966686,False,-22.813186645507812,-0.398165225982666,47.07692337036133,0.8216472864151001,-20.08791160583496,-0.3506001830101013,84.70330047607422,1.4783514738082886,86.15384674072266,1.5036683082580566,10.851648351648352,0.10851648351648352,-0.40584635734558105,0.8049013614654541,-0.3316948115825653,1.479738473892212,1.5010920763015747,0.0031730756163597107,-23.25328254699707,-0.40584634234163197,46.11744689941406,0.8049012910084256,-19.004711151123047,-0.3316947829775788,84.78276824951172,1.479738454909289,86.00623321533203,1.5010919468456532,5.851648351648352,0.058516483516483524,False,True,5.534340790012381,0.0,0.0,0.0,0.0,0.0,0.0,0.0,0.0,0.0,0.0,0.0,0.0,0.0,0.0,0.0
3,586,22.444463119027205,22.45548510097433,False,-22.72527503967285,-0.3966308832168579,47.16483688354492,0.823181688785553,-20.0,-0.3490658402442932,84.70330047607422,1.4783514738082886,85.97801971435547,1.5005995035171509,8.928571428571429,0.08928571428571429,-0.40616941452026367,0.811606764793396,-0.34105435013771057,1.481534719467163,1.4967237710952759,0.0025720596313476562,-23.271791458129883,-0.4061693837818586,46.50164031982422,0.8116067311590816,-19.540973663330078,-0.34105432947060776,84.88568115234375,1.4815346239064928,85.75595092773438,1.4967236968676507,3.928571428571429,0.039285714285714285,False,True,3.671365465436663,0.0,0.0,0.0,0.0,0.0,0.0,0.0,0.0,0.0,0.0,0.0,0.0,0.0,0.0,0.0
3,587,22.477910635992885,22.4897646070458,False,-22.813186645507812,-0.398165225982666,47.25274658203125,0.8247160315513611,-19.91208839416504,-0.3475314974784851,84.70330047607422,1.4783514738082886,85.80220031738281,1.4975309371948242,7.898351648351648,0.07898351648351648,-0.407676637172699,0.7961856126785278,-0.3412315547466278,1.4833365678787231,1.5037771463394165,0.0031595900654792786,-23.3581485748291,-0.4076765998007889,45.618072509765625,0.7961855637089232,-19.55112648010254,-0.34123152955163893,84.98892211914062,1.4833365187000405,86.16007995605469,1.5037770790147256,2.898351648351648,0.028983516483516478,False,True,2.58239264180372,0.0,0.0,0.0,0.0,0.0,0.0,0.0,0.0,0.0,0.0,0.0,0.0,0.0,0.0,0.0
3,588,22.511415814980865,22.522994393017143,False,-22.989011764526367,-0.4012339413166046,47.25274658203125,0.8247160315513611,-19.91208839416504,-0.3475314974784851,84.70330047607422,1.4783514738082886,85.80220031738281,1.4975309371948242,6.456043956043957,0.06456043956043957,-0.41116923093795776,0.7711374759674072,-0.3624889552593231,1.4860947132110596,1.4969093799591064,0.0023937299847602844,-23.558259963989258,-0.4111692024123733,44.182918548583984,0.7711374018132647,-20.769086837768555,-0.3624889479516787,85.1469497680664,1.4860946214829809,85.76658630371094,1.4969093191956293,1.456043956043957,0.014560439560439571,False,True,1.2166709575679286,0.0,0.0,0.0,0.0,0.0,0.0,0.0,0.0,0.0,0.0,0.0,0.0,0.0,0.0,0.0
3,589,22.544884642004035,22.55523643596098,False,-23.16483497619629,-0.4043026268482208,47.25274658203125,0.8247160315513611,-19.91208839416504,-0.3475314974784851,84.70330047607422,1.4783514738082886,85.97801971435547,1.5005995035171509,5.082417582417582,0.050824175824175824,-0.4136062264442444,0.7579110860824585,-0.35563960671424866,1.4867216348648071,1.4931367635726929,0.0027955472469329834,-23.69788932800293,-0.4136061945468776,43.42510223388672,0.7579110119964679,-20.37664794921875,-0.3556395972336175,85.18286895751953,1.4867215296035856,85.55043029785156,1.4931366851954229,0.27955472469329834,0.0027955472469329834,False,False,0.0,0.0,0.0,0.0,0.0,0.0,0.0,0.0,0.0,0.0,0.0,0.0,0.0,0.0,0.0,0.0
3,590,22.578280205023475,22.58972064498812,False,-23.340660095214844,-0.4073713719844818,46.989009857177734,0.820112943649292,-19.824174880981445,-0.3459971249103546,84.70330047607422,1.4783514738082886,86.06593322753906,1.502133846282959,4.189560439560439,0.041895604395604386,-0.41360020637512207,0.7519646883010864,-0.36369070410728455,1.4847177267074585,1.4959825277328491,0.0030156970024108887,-23.69754409790039,-0.41360016914491127,43.08440017700195,0.7519646393355118,-20.837942123413086,-0.3636906993935769,85.06805419921875,1.4847176340413555,85.7134780883789,1.4959824059782272,0.30156970024108887,0.0030156970024108887,False,False,0.0,0.0,0.0,0.0,0.0,0.0,0.0,0.0,0.0,0.0,0.0,0.0,0.0,0.0,0.0,0.0
3,591,22.611645975965075,22.626063992036507,False,-23.428571701049805,-0.4089057147502899,46.63736343383789,0.8139755129814148,-19.824174880981445,-0.3459971249103546,84.70330047607422,1.4783514738082886,85.80220031738281,1.4975309371948242,2.953296703296703,0.02953296703296703,-0.41089046001434326,0.7196063995361328,-0.36094972491264343,1.4873309135437012,1.4866334199905396,0.002199612557888031,-23.542287826538086,-0.41089043602526926,42.63736343383789,0.7441623762899067,-20.68089485168457,-0.36094970742064014,85.21778106689453,1.4873308608609956,85.17781829833984,1.486633378971504,0.2199612557888031,0.002199612557888031,False,False,0.0,0.0,0.0,0.0,0.0,1.4069557189941406,1.4069557189941406,0.0,0.0,0.0,0.0,0.0,0.0,0.0,0.0,0.0
3,592,22.645085063995793,22.656474389950745,False,-23.428571701049805,-0.4089057147502899,46.5494499206543,0.8124411702156067,-19.824174880981445,-0.3459971249103546,84.70330047607422,1.4783514738082886,85.80220031738281,1.4975309371948242,1.9917582417582416,0.019917582417582416,-0.40985602140426636,0.6795617341995239,-0.3684994876384735,1.4918203353881836,1.4877829551696777,0.0032490193843841553,-23.48301887512207,-0.4098559976788553,42.5494499206543,0.7426279960278575,-21.11346435546875,-0.36849946950539214,85.47500610351562,1.4918202846685968,85.24368286132812,1.4877829324560368,0.3249019384384155,0.0032490193843841553,False,False,0.0,0.0,0.0,0.0,0.0,3.613433837890625,3.613433837890625,0.0,0.0,0.0,0.0,0.0,0.0,0.0,0.0,0.0
3,593,22.678590330993757,22.69170506298542,False,-23.340660095214844,-0.4073713719844818,46.46154022216797,0.8109068274497986,-19.824174880981445,-0.3459971249103546,84.70330047607422,1.4783514738082886,85.71428680419922,1.4959964752197266,1.510989010989011,0.01510989010989011,-0.40978342294692993,0.6346359252929688,-0.36907288432121277,1.502943515777588,1.4827402830123901,0.0023979321122169495,-23.478858947753906,-0.409783393249637,42.46154022216797,0.7410936823448356,-21.146316528320312,-0.3690728480880862,86.11231231689453,1.5029433764354763,84.95475769042969,1.4827402369319715,0.23979321122169495,0.0023979321122169495,False,False,0.0,0.0,0.0,0.0,0.0,6.099582672119141,6.099582672119141,0.0,0.0,0.0,0.0,0.0,0.0,0.0,0.0,0.0
3,594,22.713945884956047,22.7252985680243,False,-23.25274658203125,-0.4058369994163513,46.373626708984375,0.8093724846839905,-19.736263275146484,-0.3444627821445465,84.70330047607422,1.4783514738082886,85.71428680419922,1.4959964752197266,1.2362637362637363,0.012362637362637364,-0.41811883449554443,0.5496976375579834,-0.3737623393535614,1.5335397720336914,1.4868913888931274,0.0026061832904815674,-23.956443786621094,-0.418118821145476,42.373626708984375,0.7395593020827864,-21.415002822875977,-0.37376230858306586,87.86534881591797,1.5335396352510695,85.19259643554688,1.4868913061230782,0.26061832904815674,0.0026061832904815674,False,False,0.0,0.0,0.0,0.0,0.0,10.878273010253906,10.878273010253906,0.0,0.0,0.0,0.0,0.0,0.0,0.0,0.0,0.0
3,595,22.745719374041073,22.75674107496161,False,-23.16483497619629,-0.4043026268482208,46.373626708984375,0.8093724846839905,-19.736263275146484,-0.3444627821445465,84.70330047607422,1.4783514738082886,85.71428680419922,1.4959964752197266,1.0302197802197801,0.0103021978021978,-0.410922110080719,0.5181281566619873,-0.38432571291923523,1.5442657470703125,1.4753906726837158,0.0009986907243728638,-23.54410171508789,-0.4109220943527276,42.373626708984375,0.7395593020827864,-22.020240783691406,-0.38432570375735153,88.47990417480469,1.5442656496994183,84.53365325927734,1.4753905781136254,0.09986907243728638,0.0009986907243728638,False,False,0.0,0.0,0.0,0.0,0.0,12.687070846557617,12.687070846557617,0.0,0.0,0.0,0.0,0.0,0.0,0.0,0.0,0.0
3,596,22.779821758973412,22.790964676998556,False,-23.16483497619629,-0.4043026268482208,46.373626708984375,0.8093724846839905,-19.736263275146484,-0.3444627821445465,85.23076629638672,1.4875575304031372,85.71428680419922,1.4959964752197266,0.8928571428571428,0.008928571428571428,-0.41024506092071533,0.45344188809394836,-0.39968177676200867,1.5795459747314453,1.472960114479065,0.0005955770611763,-23.50531005859375,-0.4102450522246022,42.373626708984375,0.7395593020827864,-22.90007781982422,-0.39968175691885743,89.23076629638672,1.5573706659495345,84.39439392089844,1.4729600441447646,0.059557706117630005,0.0005955770611763,False,False,0.0,0.0,0.0,0.0,0.0,16.393321990966797,16.393321990966797,0.0,0.0,0.0,0.0,1.2705459594726562,1.2705459594726562,0.0,0.0,0.0
3,597,22.812701591989025,22.824347018962726,False,-23.16483497619629,-0.4043026268482208,46.373626708984375,0.8093724846839905,-19.736263275146484,-0.3444627821445465,86.54945373535156,1.510572910308838,85.62637329101562,1.4944621324539185,0.8928571428571428,0.008928571428571428,-0.40817248821258545,0.403920978307724,-0.3995454013347626,1.6045973300933838,1.4739699363708496,-0.0002134963870048523,-23.386560440063477,-0.40817248039576165,42.373626708984375,0.7395593020827864,-22.892263412475586,-0.3995453697815317,90.54945373535156,1.5803861035641629,84.45225524902344,1.4739699148301226,0.0,0.0,True,False,0.02134963870048523,0.0,0.0,0.0,0.0,19.230661392211914,19.230661392211914,0.0,0.0,0.0,0.0,1.3871994018554688,1.3871994018554688,0.0,0.0,0.0
3,598,22.846915025962517,22.85792927595321,False,-23.16483497619629,-0.4043026268482208,46.373626708984375,0.8093724846839905,-19.824174880981445,-0.3459971249103546,87.78022003173828,1.532053828239441,85.45054626464844,1.4913933277130127,0.7554945054945055,0.007554945054945055,-0.40569978952407837,0.3704526722431183,-0.4060421288013458,1.6359926462173462,1.4761260747909546,-0.0010011419653892517,-23.244884490966797,-0.4056997686131367,42.373626708984375,0.7395593020827864,-23.26449966430664,-0.4060421179712664,91.78022003173828,1.6018670277586875,84.57579040527344,1.4761260100486508,0.0,0.0,True,False,0.10011419653892517,0.0,0.0,0.0,0.0,21.148252487182617,21.148252487182617,0.0,0.0,0.0,0.0,1.9552459716796875,1.9552459716796875,0.0,0.0,0.0
3,599,22.88159675395582,22.89334664598573,False,-23.16483497619629,-0.4043026268482208,46.373626708984375,0.8093724846839905,-20.0,-0.3490658402442932,88.21977996826172,1.539725661277771,85.0988998413086,1.4852559566497803,0.7554945054945055,0.007554945054945055,-0.3927251696586609,0.32431063055992126,-0.4085194766521454,1.6506147384643555,1.466454267501831,0.00020454078912734985,-22.501493453979492,-0.3927251473878933,42.373626708984375,0.7395593020827864,-23.40644073486328,-0.40851945699628534,92.21977996826172,1.609538795910879,84.02163696289062,1.46645420791781,0.020454078912734985,0.00020454078912734985,False,False,0.0,0.0,0.0,0.0,0.0,23.7919979095459,23.7919979095459,0.0,0.0,0.0,0.0,2.3534698486328125,2.3534698486328125,0.0,0.0,0.0
3,600,22.914054305991158,23.084925604984164,False,-23.16483497619629,-0.4043026268482208,46.373626708984375,0.8093724846839905,-20.263736724853516,-0.3536689281463623,89.45054626464844,1.561206579208374,85.0988998413086,1.4852559566497803,0.7554945054945055,0.007554945054945055,-0.4182312488555908,0.6849387884140015,-0.3871810734272003,1.576960563659668,1.4047834873199463,0.0023168399930000305,-23.9628849029541,-0.41823123983299093,42.373626708984375,0.7395593020827864,-22.183839797973633,-0.38718104520959357,90.35317993164062,1.576960479453994,81.0988998413086,1.4154428219759418,0.23168399930000305,0.0023168399930000305,False,False,0.0,0.0,0.0,0.0,0.0,3.129528045654297,3.129528045654297,0.0,0.0,0.0,0.0,0.0,0.0,0.0,0.6107406616210938,0.6107406616210938
3,601,23.08641207893379,23.10021030297503,False,-22.901098251342773,-0.3996995687484741,46.373626708984375,0.8093724846839905,-20.52747344970703,-0.358271986246109,91.38461303710938,1.5949623584747314,84.48351287841797,1.474515438079834,0.7554945054945055,0.007554945054945055,-0.39729762077331543,0.6652079820632935,-0.391774982213974,1.5735493898391724,1.0021672248840332,-8.577853441238403e-05,-22.76347541809082,-0.3972975952424776,42.373626708984375,0.7395593020827864,-22.447052001953125,-0.39177496480046664,90.1577377319336,1.573549369571766,80.48351287841797,1.4047022932996522,0.0,0.0,True,False,0.008577853441238403,0.0,0.0,0.0,0.0,4.260017395019531,4.260017395019531,0.0,0.0,0.0,0.0,0.0,0.0,0.0,23.06356430053711,23.06356430053711
3,602,23.119722255971283,23.13177141500637,False,-22.813186645507812,-0.398165225982666,46.373626708984375,0.8093724846839905,-20.52747344970703,-0.358271986246109,91.47252655029297,1.5964967012405396,84.48351287841797,1.474515438079834,0.7554945054945055,0.007554945054945055,-0.4019802212715149,0.6545809507369995,-0.39844217896461487,1.5802034139633179,0.8269904851913452,0.0014155879616737366,-23.031768798828125,-0.4019801980976503,42.373626708984375,0.7395593020827864,-22.82905387878418,-0.3984421552999664,90.53897857666016,1.580203277555329,80.48351287841797,1.4047022932996522,0.14155879616737366,0.0014155879616737366,False,False,0.0,0.0,0.0,0.0,0.0,4.868904113769531,4.868904113769531,0.0,0.0,0.0,0.0,0.0,0.0,0.0,33.1004524230957,33.1004524230957
3,603,23.153465067967772,23.16527367301751,False,-22.72527503967285,-0.3966308832168579,46.373626708984375,0.8093724846839905,-20.52747344970703,-0.358271986246109,91.20879364013672,1.5918937921524048,83.86813354492188,1.4637750387191772,0.7554945054945055,0.007554945054945055,-0.40475571155548096,0.6304901838302612,-0.4002227485179901,1.577012538909912,0.7036886811256409,0.0013392865657806396,-23.190792083740234,-0.40475567800670365,42.373626708984375,0.7395593020827864,-22.931072235107422,-0.40022271151527977,90.35615539550781,1.5770124110952506,79.86813354492188,1.3939618977814172,0.13392865657806396,0.0013392865657806396,False,False,0.0,0.0,0.0,0.0,0.0,6.249202728271484,6.249202728271484,0.0,0.0,0.0,0.0,0.0,0.0,0.0,39.54974365234375,39.54974365234375
3,604,23.18684153596405,23.197804103954695,False,-22.72527503967285,-0.3966308832168579,46.373626708984375,0.8093724846839905,-20.52747344970703,-0.358271986246109,90.76923370361328,1.5842219591140747,82.46154022216797,1.4392253160476685,0.7554945054945055,0.007554945054945055,-0.40209025144577026,0.6294006109237671,-0.4068789780139923,1.5787839889526367,0.5737598538398743,0.00029619038105010986,-23.03807258605957,-0.4020902199401842,42.373626708984375,0.7395593020827864,-23.31244659423828,-0.40687894976479655,90.45765686035156,1.5787839458523714,78.46154022216797,1.3694122130627941,0.029619038105010986,0.00029619038105010986,False,False,0.0,0.0,0.0,0.0,0.0,6.3116302490234375,6.3116302490234375,0.0,0.0,0.0,0.0,0.0,0.0,0.0,45.5875244140625,45.5875244140625
3,605,23.22028481203597,23.23201360902749,False,-22.72527503967285,-0.3966308832168579,46.373626708984375,0.8093724846839905,-20.52747344970703,-0.358271986246109,90.76923370361328,1.5842219591140747,81.67032623291016,1.425416111946106,0.7554945054945055,0.007554945054945055,-0.39771097898483276,0.6133918762207031,-0.39485660195350647,1.5799736976623535,0.46408116817474365,0.0004512369632720947,-22.787158966064453,-0.3977109511331715,42.373626708984375,0.7395593020827864,-22.623615264892578,-0.3948565750768246,90.52581787109375,1.5799735799113097,77.67032623291016,1.3556029238624063,0.04512369632720947,0.0004512369632720947,False,False,0.0,0.0,0.0,0.0,0.0,7.228862762451172,7.228862762451172,0.0,0.0,0.0,0.0,0.0,0.0,0.0,51.08043670654297,51.08043670654297
3,606,23.25391689897515,23.265113707981072,False,-22.72527503967285,-0.3966308832168579,46.373626708984375,0.8093724846839905,-20.52747344970703,-0.358271986246109,90.76923370361328,1.5842219591140747,80.70330047607422,1.4085383415222168,0.7554945054945055,0.007554945054945055,-0.4017314314842224,0.5965440273284912,-0.3941795527935028,1.5851449966430664,0.39286017417907715,0.0008311048150062561,-23.017515182495117,-0.4017314255623233,42.373626708984375,0.7395593020827864,-22.584823608398438,-0.3941795329486992,90.82211303710938,1.5851449061160254,76.70330047607422,1.3387251404540292,0.08311048150062561,0.0008311048150062561,False,False,0.0,0.0,0.0,0.0,0.0,8.194171905517578,8.194171905517578,0.0,0.0,0.0,0.0,0.0,0.0,0.0,54.19407272338867,54.19407272338867
3,607,23.28713058202993,23.299626379972324,False,-22.813186645507812,-0.398165225982666,46.373626708984375,0.8093724846839905,-20.52747344970703,-0.358271986246109,90.76923370361328,1.5842219591140747,79.64835357666016,1.3901259899139404,0.7554945054945055,0.007554945054945055,-0.398348331451416,0.5787848234176636,-0.38995161652565,1.5923388004302979,0.31462061405181885,0.0005734413862228394,-22.82367706298828,-0.3983483121610547,42.373626708984375,0.7395593020827864,-22.342580795288086,-0.38995159827063025,91.23429107666016,1.592338770010602,75.64835357666016,1.3203128436255482,0.057344138622283936,0.0005734413862228394,False,False,0.0,0.0,0.0,0.0,0.0,9.211700439453125,9.211700439453125,0.0,0.0,0.0,0.0,0.0,0.0,0.0,57.62192153930664,57.62192153930664
3,608,23.321261086966842,23.333634985028766,False,-22.901098251342773,-0.3996995687484741,46.373626708984375,0.8093724846839905,-20.52747344970703,-0.358271986246109,90.76923370361328,1.5842219591140747,78.68132019042969,1.3732481002807617,0.7554945054945055,0.007554945054945055,-0.3952842950820923,0.5734435319900513,-0.38282403349876404,1.5960932970046997,0.2514585256576538,0.003758057951927185,-22.648120880126953,-0.3952842787478913,42.373626708984375,0.7395593020827864,-21.934200286865234,-0.3828240137976831,91.44940185546875,1.5960931613573413,74.68132019042969,1.3034349270591166,0.3758057951927185,0.003758057951927185,False,False,0.0,0.0,0.0,0.0,0.0,9.51773452758789,9.51773452758789,0.0,0.0,0.0,0.0,0.0,0.0,0.0,60.27381134033203,60.273807525634766
3,609,23.354725108016282,23.366715727956034,False,-22.901098251342773,-0.3996995687484741,46.373626708984375,0.8093724846839905,-20.52747344970703,-0.358271986246109,90.76923370361328,1.5842219591140747,77.71428680419922,1.356370210647583,0.7554945054945055,0.007554945054945055,-0.3986334204673767,0.5675821304321289,-0.39140549302101135,1.5962228775024414,0.19913554191589355,0.0031943395733833313,-22.840011596679688,-0.3986334035557477,42.373626708984375,0.7395593020827864,-22.42588233947754,-0.3914054844887318,91.45682525634766,1.5962227241443736,73.71428680419922,1.286557010492685,0.31943395733833313,0.0031943395733833313,False,False,0.0,0.0,0.0,0.0,0.0,9.853569030761719,9.853569030761719,0.0,0.0,0.0,0.0,0.0,0.0,0.0,62.304664611816406,62.30466079711914
3,610,23.38897776394151,23.4025273330044,False,-22.901098251342773,-0.3996995687484741,46.373626708984375,0.8093724846839905,-20.52747344970703,-0.358271986246109,90.76923370361328,1.5842219591140747,76.74725341796875,1.3394922018051147,0.7554945054945055,0.007554945054945055,-0.38902586698532104,0.5756416320800781,-0.38709089159965515,1.5949245691299438,0.16156005859375,0.004536435008049011,-22.289539337158203,-0.3890258501862051,42.373626708984375,0.7395593020827864,-22.178672790527344,-0.3870908639171808,91.38243865966797,1.59492443311296,72.74725341796875,1.2696790939262532,0.4536435008049011,0.004536435008049011,False,False,0.0,0.0,0.0,0.0,0.0,9.391792297363281,9.391792297363281,0.0,0.0,0.0,0.0,0.0,0.0,0.0,63.49054718017578,63.490543365478516
3,611,23.422132084029727,23.434720564982854,False,-22.901098251342773,-0.3996995687484741,46.373626708984375,0.8093724846839905,-20.52747344970703,-0.358271986246109,90.85713958740234,1.5857561826705933,75.69230651855469,1.321079969406128,0.7554945054945055,0.007554945054945055,-0.38951295614242554,0.5475426912307739,-0.3739432990550995,1.592848539352417,0.14175593852996826,0.004118464887142181,-22.317447662353516,-0.3895129423495806,42.373626708984375,0.7395593020827864,-21.425371170043945,-0.3739432703791367,91.26349639892578,1.5928484990432432,71.69230651855469,1.2512667970977724,0.41184648871421814,0.004118464887142181,False,False,0.0,0.0,0.0,0.0,0.0,11.00174331665039,11.00174331665039,0.0,0.0,0.0,0.0,0.0,0.0,0.0,63.570289611816406,63.570289611816406
3,612,23.455468363012187,23.466568820993416,False,-22.813186645507812,-0.398165225982666,46.373626708984375,0.8093724846839905,-20.52747344970703,-0.358271986246109,90.85713958740234,1.5857561826705933,74.81318664550781,1.3057364225387573,0.7554945054945055,0.007554945054945055,-0.39032912254333496,0.5507018566131592,-0.3781891167163849,1.5874402523040771,0.12712740898132324,0.0036072656512260437,-22.36421012878418,-0.39032910135514903,42.373626708984375,0.7395593020827864,-21.668638229370117,-0.3781890815260228,90.95362091064453,1.5874401515015104,70.81318664550781,1.2359232607933899,0.36072656512260437,0.0036072656512260437,False,False,0.0,0.0,0.0,0.0,0.0,10.820735931396484,10.820735931396484,0.0,0.0,0.0,0.0,0.0,0.0,0.0,63.529319763183594,63.52932357788086
3,613,23.48889570403844,23.50131718593184,False,-22.72527503967285,-0.3966308832168579,46.373626708984375,0.8093724846839905,-20.52747344970703,-0.358271986246109,90.85713958740234,1.5857561826705933,73.75823974609375,1.287324070930481,0.7554945054945055,0.007554945054945055,-0.38817405700683594,0.551993727684021,-0.36839166283607483,1.5893906354904175,0.12586283683776855,0.003050096333026886,-22.240734100341797,-0.3881740381115433,42.373626708984375,0.7395593020827864,-21.10728645324707,-0.36839164477075753,91.06536865234375,1.5893905175258298,69.75823974609375,1.217510963964909,0.3050096333026886,0.003050096333026886,False,False,0.0,0.0,0.0,0.0,0.0,10.74671745300293,10.74671745300293,0.0,0.0,0.0,0.0,0.0,0.0,0.0,62.54682922363281,62.54682922363281
3,614,23.52235834801104,23.53353734803386,False,-22.72527503967285,-0.3966308832168579,46.373626708984375,0.8093724846839905,-20.52747344970703,-0.358271986246109,90.85713958740234,1.5857561826705933,72.79120635986328,1.2704461812973022,0.7554945054945055,0.007554945054945055,-0.39695000648498535,0.5368169546127319,-0.3861713707447052,1.5951807498931885,0.11480867862701416,0.0005141273140907288,-22.743558883666992,-0.396949986141195,42.373626708984375,0.7395593020827864,-22.125988006591797,-0.38617134097180367,91.3971176147461,1.5951806292098256,68.79120635986328,1.2006330473984774,0.051412731409072876,0.0005141273140907288,False,False,0.0,0.0,0.0,0.0,0.0,11.616283416748047,11.616283416748047,0.0,0.0,0.0,0.0,0.0,0.0,0.0,62.21315002441406,62.21315383911133
3,615,23.556509744026698,23.57046044897288,False,-22.63736343383789,-0.3950965106487274,46.373626708984375,0.8093724846839905,-20.52747344970703,-0.358271986246109,90.85713958740234,1.5857561826705933,71.82417297363281,1.2535682916641235,0.7554945054945055,0.007554945054945055,-0.39723891019821167,0.5518407821655273,-0.3893803656101227,1.594138503074646,0.11922049522399902,0.0023262128233909607,-22.76011085510254,-0.3972388725404413,42.373626708984375,0.7395593020827864,-22.309850692749023,-0.3893803502168083,91.33740234375,1.594138401117223,67.82417297363281,1.1837551308320458,0.23262128233909607,0.0023262128233909607,False,False,0.0,0.0,0.0,0.0,0.0,10.75547981262207,10.75547981262207,0.0,0.0,0.0,0.0,0.0,0.0,0.0,60.99333953857422,60.993343353271484
3,616,23.590439655003138,23.601388267008588,False,-22.63736343383789,-0.3950965106487274,46.373626708984375,0.8093724846839905,-20.52747344970703,-0.358271986246109,90.85713958740234,1.5857561826705933,70.76923370361328,1.2351561784744263,0.7554945054945055,0.007554945054945055,-0.3987465500831604,0.5088996887207031,-0.3703041970729828,1.5964215993881226,0.1118931770324707,0.0037361904978752136,-22.846492767333984,-0.39874652132304883,42.373626708984375,0.7395593020827864,-21.21686553955078,-0.3703041606180843,91.46821594238281,1.596421529119748,66.76923370361328,1.1653429671616196,0.37361904978752136,0.0037361904978752136,False,False,0.0,0.0,0.0,0.0,0.0,13.215824127197266,13.215824127197266,0.0,0.0,0.0,0.0,0.0,0.0,0.0,60.35823059082031,60.35822677612305
3,617,23.624393495963886,23.635748584987596,False,-22.63736343383789,-0.3950965106487274,46.373626708984375,0.8093724846839905,-20.52747344970703,-0.358271986246109,90.85713958740234,1.5857561826705933,69.89010620117188,1.2198125123977661,0.7554945054945055,0.007554945054945055,-0.4008723497390747,0.5412383079528809,-0.385537713766098,1.594606876373291,0.10369765758514404,0.003017045557498932,-22.968292236328125,-0.4008723230841773,42.373626708984375,0.7395593020827864,-22.089683532714844,-0.38553770836944656,91.36424255371094,1.594606851152968,65.89010620117188,1.1499992976991824,0.3017045557498932,0.003017045557498932,False,False,0.0,0.0,0.0,0.0,0.0,11.362957000732422,11.362957000732422,0.0,0.0,0.0,0.0,0.0,0.0,0.0,59.94866943359375,59.94866943359375
3,618,23.657294951961376,23.66858192300424,False,-22.63736343383789,-0.3950965106487274,46.373626708984375,0.8093724846839905,-20.52747344970703,-0.358271986246109,90.85713958740234,1.5857561826705933,68.83516693115234,1.2014002799987793,0.7554945054945055,0.007554945054945055,-0.4000837206840515,0.5391188859939575,-0.37739816308021545,1.5917283296585083,0.10983049869537354,0.0029200762510299683,-22.923107147216797,-0.4000836945063776,42.373626708984375,0.7395593020827864,-21.623321533203125,-0.3773981559717829,91.19931030273438,1.5917282403307014,64.83516693115234,1.1315871340287562,0.2920076251029968,0.0029200762510299683,False,False,0.0,0.0,0.0,0.0,0.0,11.484392166137695,11.484392166137695,0.0,0.0,0.0,0.0,0.0,0.0,0.0,58.54234313964844,58.54234313964844
3,619,23.691774594946764,23.702888158964925,False,-22.63736343383789,-0.3950965106487274,46.373626708984375,0.8093724846839905,-20.52747344970703,-0.358271986246109,90.85713958740234,1.5857561826705933,67.78022003173828,1.1829880475997925,0.7554945054945055,0.007554945054945055,-0.4046269655227661,0.5086506605148315,-0.36577901244163513,1.5884430408477783,0.11400187015533447,0.003469504415988922,-23.18341636657715,-0.40462694745751193,42.373626708984375,0.7395593020827864,-20.957592010498047,-0.3657789838728489,91.01107788085938,1.5884429648099796,63.78022003173828,1.1131748372002752,0.3469504415988922,0.003469504415988922,False,False,0.0,0.0,0.0,0.0,0.0,13.230093002319336,13.230093002319336,0.0,0.0,0.0,0.0,0.0,0.0,0.0,57.24839401245117,57.24839401245117
3,620,23.725633971043862,23.737731826957315,False,-22.63736343383789,-0.3950965106487274,46.373626708984375,0.8093724846839905,-20.52747344970703,-0.358271986246109,90.85713958740234,1.5857561826705933,66.9011001586914,1.1676445007324219,0.7554945054945055,0.007554945054945055,-0.39933526515960693,0.5005147457122803,-0.38012179732322693,1.5918251276016235,0.118186354637146,0.0036032497882843018,-22.880224227905273,-0.39933524637152445,42.373626708984375,0.7395593020827864,-21.779373168945312,-0.38012177081860693,91.2048568725586,1.5918250462363257,62.901100158691406,1.0978313008958926,0.3603249788284302,0.0036032497882843018,False,False,0.0,0.0,0.0,0.0,0.0,13.696245193481445,13.696245193481445,0.0,0.0,0.0,0.0,0.0,0.0,0.0,56.129520416259766,56.129520416259766
3,621,23.75896496803034,23.770777876023203,False,-22.72527503967285,-0.3966308832168579,46.373626708984375,0.8093724846839905,-20.439559936523438,-0.3567376136779785,90.85713958740234,1.5857561826705933,65.75823974609375,1.1476978063583374,0.7554945054945055,0.007554945054945055,-0.4062185287475586,0.5189031362533569,-0.38467463850975037,1.5943922996520996,0.13196587562561035,0.003103092312812805,-23.274606704711914,-0.4062185191039705,42.373626708984375,0.7395593020827864,-22.040231704711914,-0.3846746111496655,91.35194396972656,1.5943922003691076,61.75823974609375,1.0778846238053628,0.3103092312812805,0.003103092312812805,False,False,0.0,0.0,0.0,0.0,0.0,12.642667770385742,12.642667770385742,0.0,0.0,0.0,0.0,0.0,0.0,0.0,54.19715118408203,54.19715118408203
3,622,23.79238839703612,23.80343778594397,False,-22.72527503967285,-0.3966308832168579,46.373626708984375,0.8093724846839905,-20.351648330688477,-0.3552032709121704,90.85713958740234,1.5857561826705933,64.79120635986328,1.1308199167251587,0.7554945054945055,0.007554945054945055,-0.40746182203292847,0.5337200164794922,-0.40727970004081726,1.5897196531295776,0.14643359184265137,0.0017607882618904114,-23.345842361450195,-0.40746181585887403,42.373626708984375,0.7395593020827864,-23.335407257080078,-0.40727968892982624,91.08422088623047,1.5897195510785092,60.79120635986328,1.061006707238931,0.17607882618904114,0.0017607882618904114,False,False,0.0,0.0,0.0,0.0,0.0,11.793724060058594,11.793724060058594,0.0,0.0,0.0,0.0,0.0,0.0,0.0,52.401180267333984,52.401180267333984
3,623,23.826517048990354,23.837702053016983,False,-22.901098251342773,-0.3996995687484741,46.373626708984375,0.8093724846839905,-20.351648330688477,-0.3552032709121704,90.85713958740234,1.5857561826705933,63.912086486816406,1.115476369857788,0.7554945054945055,0.007554945054945055,-0.40952378511428833,0.5076748132705688,-0.4026784598827362,1.5880333185195923,0.1554173231124878,0.0032749250531196594,-23.4639835357666,-0.40952376833286785,42.373626708984375,0.7395593020827864,-23.071775436401367,-0.40267844564595545,90.98760223388672,1.588033237476271,59.912086486816406,1.0456631709345485,0.32749250531196594,0.0032749250531196594,False,False,0.0,0.0,0.0,0.0,0.0,13.286005020141602,13.286005020141602,0.0,0.0,0.0,0.0,0.0,0.0,0.0,51.00733184814453,51.00733184814453
3,624,23.85981696494855,23.87362528196536,False,-22.989011764526367,-0.4012339413166046,46.373626708984375,0.8093724846839905,-20.439559936523438,-0.3567376136779785,90.85713958740234,1.5857561826705933,62.769229888916016,1.0955296754837036,0.7554945054945055,0.007554945054945055,-0.41389501094818115,0.49759069085121155,-0.39565470814704895,1.5875658988952637,0.1859835386276245,0.019950449466705322,-23.714435577392578,-0.41389498107758305,42.373626708984375,0.7395593020827864,-22.669343948364258,-0.3956546911660077,90.96082305908203,1.587565852704962,58.769229888916016,1.0257165604230458,1.9950449466705322,0.019950449466705322,False,False,0.0,0.0,0.0,0.0,0.0,13.863780975341797,13.863780975341797,0.0,0.0,0.0,0.0,0.0,0.0,0.0,48.1131591796875,48.1131591796875
3,625,23.893168909009546,23.906722610001452,False,-23.076923370361328,-0.4027682840824127,46.373626708984375,0.8093724846839905,-20.615385055541992,-0.3598063290119171,90.85713958740234,1.5857561826705933,61.89011001586914,1.080186128616333,0.7554945054945055,0.007554945054945055,-0.41269785165786743,0.5015958547592163,-0.4028256833553314,1.5918272733688354,0.20309841632843018,0.07394291460514069,-23.645843505859375,-0.41269782358856516,42.373626708984375,0.7395593020827864,-23.080209732055664,-0.4028256518752096,91.2049789428711,1.591827176765198,57.89011001586914,1.0103730241186633,5.7554945054945055,0.05755494505494505,False,True,1.6387969550195631,0.0,0.0,0.0,0.0,13.634302139282227,13.634302139282227,0.0,0.0,0.0,0.0,0.0,0.0,0.0,46.2534294128418,46.2534294128418
3,626,23.926552589982748,23.938005513045937,False,-23.25274658203125,-0.4058369994163513,46.373626708984375,0.8093724846839905,-20.615385055541992,-0.3598063290119171,90.85713958740234,1.5857561826705933,60.92307662963867,1.0633082389831543,0.8241758241758242,0.008241758241758242,-0.4165419936180115,0.49779197573661804,-0.4032016098499298,1.5902378559112549,0.22545409202575684,0.13515937328338623,-23.86609649658203,-0.41654196346404004,42.373626708984375,0.7395593020827864,-23.101749420166016,-0.4032015903525879,91.1139144897461,1.5902378022266386,56.92307662963867,0.9934951075522317,5.824175824175824,0.058241758241758236,False,True,7.691761504162799,0.0,0.0,0.0,0.0,13.852249145507812,13.852249145507812,0.0,0.0,0.0,0.0,0.0,0.0,0.0,44.00550842285156,44.00550842285156
3,627,23.960177653934807,23.971125066978857,False,-23.25274658203125,-0.4058369994163513,46.373626708984375,0.8093724846839905,-20.615385055541992,-0.3598063290119171,90.85713958740234,1.5857561826705933,59.868133544921875,1.0448960065841675,1.7170329670329672,0.017170329670329672,-0.41965723037719727,0.4869064390659332,-0.4000319540500641,1.5919290781021118,0.23661887645721436,0.175729438662529,-24.044586181640625,-0.41965719614916025,42.373626708984375,0.7395593020827864,-22.920141220092773,-0.4000319293126892,91.2108154296875,1.5919290426768933,55.868133544921875,0.9750828773027781,6.717032967032967,0.06717032967032967,False,True,10.855910899219932,0.0,0.0,0.0,0.0,14.475944519042969,14.475944519042969,0.0,0.0,0.0,0.0,0.0,0.0,0.0,42.31087112426758,42.31087112426758
3,628,23.993182137957774,24.00413642101921,False,-23.340660095214844,-0.4073713719844818,46.373626708984375,0.8093724846839905,-20.703296661376953,-0.3613407015800476,90.85713958740234,1.5857561826705933,58.81318664550781,1.0264837741851807,2.815934065934066,0.02815934065934066,-0.41473114490509033,0.49284103512763977,-0.3967210352420807,1.592807650566101,0.25929689407348633,0.19945228099822998,-23.76234245300293,-0.41473111379132704,42.373626708984375,0.7395593020827864,-22.730440139770508,-0.3967210208664754,91.26115417480469,1.5928076195205105,54.81318664550781,0.9566705804742972,7.815934065934066,0.07815934065934066,False,True,12.129294033888932,0.0,0.0,0.0,0.0,14.135917663574219,14.135917663574219,0.0,0.0,0.0,0.0,0.0,0.0,0.0,39.95656967163086,39.95656967163086
3,629,24.026787200942636,24.039457289036363,False,-23.516483306884766,-0.410440057516098,46.373626708984375,0.8093724846839905,-20.703296661376953,-0.3613407015800476,90.85713958740234,1.5857561826705933,57.846153259277344,1.009605884552002,4.189560439560439,0.041895604395604386,-0.41903382539749146,0.4958588778972626,-0.36555150151252747,1.5942624807357788,0.27740538120269775,0.20630082488059998,-24.008869171142578,-0.41903381671699996,42.373626708984375,0.7395593020827864,-20.944557189941406,-0.36555148333672893,91.3445053100586,1.5942623712659663,53.846153259277344,0.9397926639078655,9.189560439560438,0.09189560439560437,False,True,11.44052204849956,0.0,0.0,0.0,0.0,13.963006973266602,13.963006973266602,0.0,0.0,0.0,0.0,0.0,0.0,0.0,37.951995849609375,37.951995849609375
3,630,24.06018214393407,24.230470014037564,False,-23.69230842590332,-0.4135087728500366,46.373626708984375,0.8093724846839905,-20.703296661376953,-0.3613407015800476,90.85713958740234,1.5857561826705933,56.79121017456055,0.9911935925483704,5.357142857142857,0.05357142857142857,-0.4246826171875,0.7557804584503174,-0.4131051003932953,1.588123083114624,0.9133738279342651,0.003318779170513153,-24.33251953125,-0.42468258112613977,43.30302810668945,0.7557804165453773,-23.669178009033203,-0.4131050874982655,90.99274444580078,1.5881229860050066,52.79121017456055,0.9213804336584119,0.35714285714285676,0.0035714285714285674,False,True,0.025264940091541455,0.0,0.0,0.0,0.0,0.0,0.0,0.0,0.0,0.0,0.0,0.0,0.0,0.0,0.45874786376953125,0.45874786376953125
3,631,24.231886629015207,24.244093358982354,False,-23.78022003173828,-0.4150431454181671,46.373626708984375,0.8093724846839905,-20.52747344970703,-0.358271986246109,90.85713958740234,1.5857561826705933,54.5054931640625,0.951300323009491,8.722527472527473,0.08722527472527472,-0.4180852770805359,0.7229980230331421,-0.4157933294773102,1.5878751277923584,0.8840277194976807,0.0028820782899856567,-23.95452117919922,-0.418085265315741,42.373626708984375,0.7395593020827864,-23.82320213317871,-0.41579331559210514,90.9785385131836,1.5878750457075201,50.65105438232422,0.8840276685782603,3.7225274725274726,0.037225274725274725,False,True,3.434319643528907,0.0,0.0,0.0,0.0,0.9488945007324219,0.9488945007324219,0.0,0.0,0.0,0.0,0.0,0.0,0.0,0.0,0.0
3,632,24.266559462994337,24.281160556944087,False,-23.69230842590332,-0.4135087728500366,46.373626708984375,0.8093724846839905,-20.52747344970703,-0.358271986246109,90.85713958740234,1.5857561826705933,54.41758346557617,0.9497659802436829,8.85989010989011,0.08859890109890109,-0.4192076325416565,0.7074425220489502,-0.43174734711647034,1.5781948566436768,0.7788448333740234,0.0020583346486091614,-24.018827438354492,-0.4192076212676412,42.373626708984375,0.7395593020827864,-24.52747344970703,-0.4280851688928795,90.42389678955078,1.5781947214611913,50.41758346557617,0.8799528323733574,3.8598901098901095,0.038598901098901094,False,True,3.6540566450291934,0.0,0.0,0.0,0.0,1.8401565551757812,1.8401565551757812,0.0,0.2098255157470703,0.2098255157470703,0.0,0.0,0.0,0.0,5.793064117431641,5.793064117431641
3,633,24.299329504021443,24.31219048204366,False,-23.69230842590332,-0.4135087728500366,46.373626708984375,0.8093724846839905,-20.703296661376953,-0.3613407015800476,90.85713958740234,1.5857561826705933,53.4505500793457,0.9328880906105042,8.447802197802199,0.08447802197802198,-0.4186754822731018,0.7014738321304321,-0.452619343996048,1.5767813920974731,0.6403854489326477,0.0007199794054031372,-23.98833656311035,-0.4186754551028162,42.373626708984375,0.7395593020827864,-24.703296661376953,-0.43115386283795054,90.34291076660156,1.5767812487126316,49.4505500793457,0.8630749158069257,3.447802197802199,0.03447802197802199,False,True,3.375804257261885,0.0,0.0,0.0,0.0,2.182140350341797,2.182140350341797,0.0,1.229879379272461,1.229879379272461,0.0,0.0,0.0,0.0,12.759166717529297,12.759166717529297
3,634,24.332242293981835,24.34442731598392,False,-23.78022003173828,-0.4150431454181671,46.373626708984375,0.8093724846839905,-21.406593322753906,-0.3736155331134796,90.85713958740234,1.5857561826705933,52.131866455078125,0.9098727107048035,6.730769230769231,0.0673076923076923,-0.4154583215713501,0.6783642768859863,-0.4450981914997101,1.5715043544769287,0.4805889129638672,0.0007430985569953918,-23.804006576538086,-0.4154582899269732,42.373626708984375,0.7395593020827864,-25.406593322753906,-0.443428705197262,90.04056549072266,1.5715043281706942,48.131866455078125,0.8400595447713246,1.7307692307692308,0.01730769230769231,False,True,1.6564593750696917,0.0,0.0,0.0,0.0,3.5062179565429688,3.5062179565429688,0.0,0.09565353393554688,0.09565353393554688,0.0,0.0,0.0,0.0,20.59615135192871,20.59615135192871
3,635,24.36582082894165,24.378454237943515,False,-23.78022003173828,-0.4150431454181671,46.373626708984375,0.8093724846839905,-21.670330047607422,-0.3782186210155487,90.68132019042969,1.5826876163482666,51.340660095214844,0.8960635662078857,5.357142857142857,0.05357142857142857,-0.418661892414093,0.6779662370681763,-0.44402316212654114,1.5724302530288696,0.4136868715286255,0.0008621811866760254,-23.987558364868164,-0.41866187298125673,42.373626708984375,0.7395593020827864,-25.440650939941406,-0.4440231227525677,90.09361267089844,1.57243017612366,47.340660095214844,0.8262503887289913,0.35714285714285676,0.0035714285714285674,False,True,0.2709247384752542,0.0,0.0,0.0,0.0,3.5290260314941406,3.5290260314941406,0.0,0.0,0.0,0.0,0.0,0.0,0.0,23.63814926147461,23.63814926147461
3,636,24.399207019945607,24.410440105944872,False,-23.868131637573242,-0.4165774881839752,46.373626708984375,0.8093724846839905,-22.19780158996582,-0.3874247074127197,90.76923370361328,1.5842219591140747,50.28571319580078,0.8776512742042542,4.395604395604396,0.04395604395604396,-0.41280651092529297,0.6521123647689819,-0.4408086836338043,1.5783030986785889,0.3699561357498169,0.002828352153301239,-23.652069091796875,-0.4128064805610404,42.373626708984375,0.7395593020827864,-25.2564754486084,-0.44080865402732844,90.43009948730469,1.578302978959503,46.28571319580078,0.8078380919005105,0.2828352153301239,0.002828352153301239,False,False,0.0,0.0,0.0,0.0,0.0,5.010341644287109,5.010341644287109,0.0,0.0,0.0,0.0,0.0,0.0,0.0,25.088788986206055,25.088788986206055
3,637,24.432638864032924,24.44391503604129,False,-23.868131637573242,-0.4165774881839752,46.373626708984375,0.8093724846839905,-22.549449920654297,-0.3935621380805969,90.32967376708984,1.5765502452850342,49.230770111083984,0.8592390418052673,2.953296703296703,0.02953296703296703,-0.41827672719955444,0.651597261428833,-0.4393930733203888,1.5771100521087646,0.3361457586288452,0.0007395744323730469,-23.965490341186523,-0.41827671330860405,42.373626708984375,0.7395593020827864,-25.17536735534668,-0.4393930507498968,90.36174774169922,1.577110015949202,45.230770111083984,0.7894258616510569,0.07395744323730469,0.0007395744323730469,False,False,0.0,0.0,0.0,0.0,0.0,5.03985595703125,5.03985595703125,0.0,0.0,0.0,0.0,0.0,0.0,0.0,25.971038818359375,25.971038818359375
3,638,24.465931974933483,24.476881384965964,False,-23.868131637573242,-0.4165774881839752,46.373626708984375,0.8093724846839905,-22.549449920654297,-0.3935621380805969,90.5054931640625,1.5796188116073608,48.35165023803711,0.8438954949378967,1.9230769230769231,0.019230769230769232,-0.4159414768218994,0.6430821418762207,-0.4345955550670624,1.5818724632263184,0.3109312057495117,0.0016177445650100708,-23.831689834594727,-0.4159414539277408,42.373626708984375,0.7395593020827864,-24.900489807128906,-0.4345955324936872,90.63461303710938,1.581872413768536,44.35165023803711,0.7740823253466743,0.16177445650100708,0.0016177445650100708,False,False,0.0,0.0,0.0,0.0,0.0,5.527736663818359,5.527736663818359,0.0,0.0,0.0,0.0,0.0,0.0,0.0,26.536605834960938,26.536605834960938
3,639,24.499574929941446,24.511930590029806,False,-23.78022003173828,-0.4150431454181671,46.373626708984375,0.8093724846839905,-22.549449920654297,-0.3935621380805969,90.5934066772461,1.5811532735824585,47.20878982543945,0.8239488005638123,1.3736263736263736,0.013736263736263736,-0.4086858630180359,0.6308062076568604,-0.43531063199043274,1.5820107460021973,0.31789135932922363,0.002282083034515381,-23.415973663330078,-0.40868583798538805,42.373626708984375,0.7395593020827864,-24.94146156311035,-0.4353106245358871,90.64253234863281,1.5820106318291112,43.20878982543945,0.7541356482561444,0.22820830345153809,0.002282083034515381,False,False,0.0,0.0,0.0,0.0,0.0,6.2310943603515625,6.2310943603515625,0.0,0.0,0.0,0.0,0.0,0.0,0.0,24.994956970214844,24.994956970214844
3,640,24.532991533982567,24.545247243950143,False,-23.78022003173828,-0.4150431454181671,46.373626708984375,0.8093724846839905,-22.63736343383789,-0.3950965106487274,90.4175796508789,1.5780844688415527,46.32966995239258,0.8086052536964417,1.1675824175824177,0.011675824175824176,-0.4123096466064453,0.5797218084335327,-0.4414617717266083,1.5903345346450806,0.32809996604919434,0.002485327422618866,-23.62360191345215,-0.4123096345701725,42.373626708984375,0.7395593020827864,-25.293895721435547,-0.44146176099515677,91.11945343017578,1.5903344749742083,42.32966995239258,0.7387921119517619,0.2485327422618866,0.002485327422618866,False,False,0.0,0.0,0.0,0.0,0.0,9.158016204833984,9.158016204833984,0.0,0.0,0.0,0.0,0.0,0.0,0.0,23.530927658081055,23.530927658081055
3,641,24.566630841000006,24.57952830195427,False,-23.78022003173828,-0.4150431454181671,46.373626708984375,0.8093724846839905,-22.63736343383789,-0.3950965106487274,90.4175796508789,1.5780844688415527,45.36263656616211,0.7917273640632629,1.0302197802197801,0.0103021978021978,-0.4056946635246277,0.5650862455368042,-0.4432052671909332,1.5885426998138428,0.2855563163757324,0.00219128280878067,-23.244590759277344,-0.4056946420280383,42.373626708984375,0.7395593020827864,-25.393789291381836,-0.44320523269229073,91.01678466796875,1.5885425670347486,41.36263656616211,0.7219141953853302,0.21912828087806702,0.00219128280878067,False,False,0.0,0.0,0.0,0.0,0.0,9.996570587158203,9.996570587158203,0.0,0.0,0.0,0.0,0.0,0.0,0.0,25.00146484375,25.00146484375
3,642,24.600440448964946,24.61276748799719,False,-23.78022003173828,-0.4150431454181671,46.373626708984375,0.8093724846839905,-22.63736343383789,-0.3950965106487274,90.4175796508789,1.5780844688415527,44.30769348144531,0.7733151316642761,1.0302197802197801,0.0103021978021978,-0.4061961770057678,0.5698890686035156,-0.44490423798561096,1.5899174213409424,0.2420811653137207,0.001918882131576538,-23.273324966430664,-0.4061961485508139,42.373626708984375,0.7395593020827864,-25.491134643554688,-0.44490422959922044,91.09555053710938,1.5899172907894474,40.30769348144531,0.7035019651358766,0.1918882131576538,0.001918882131576538,False,False,0.0,0.0,0.0,0.0,0.0,9.721389770507812,9.721389770507812,0.0,0.0,0.0,0.0,0.0,0.0,0.0,26.43746566772461,26.43746566772461
3,643,24.633277824963443,24.644705142010935,False,-23.78022003173828,-0.4150431454181671,46.373626708984375,0.8093724846839905,-22.63736343383789,-0.3950965106487274,90.4175796508789,1.5780844688415527,43.340660095214844,0.7564372420310974,1.0302197802197801,0.0103021978021978,-0.3985934853553772,0.5473908185958862,-0.44762828946113586,1.5933690071105957,0.2444666624069214,0.0029675662517547607,-22.837722778320312,-0.3985934561393965,42.373626708984375,0.7395593020827864,-25.6472110748291,-0.4476282772097216,91.2933120727539,1.5933688807202446,39.340660095214844,0.6866240485694449,0.2967566251754761,0.0029675662517547607,False,False,0.0,0.0,0.0,0.0,0.0,11.010444641113281,11.010444641113281,0.0,0.0,0.0,0.0,0.0,0.0,0.0,25.333751678466797,25.333751678466797
3,644,24.667281217989512,24.67792255594395,False,-23.78022003173828,-0.4150431454181671,46.373626708984375,0.8093724846839905,-22.63736343383789,-0.3950965106487274,90.4175796508789,1.5780844688415527,42.28571319580078,0.738024890422821,1.0302197802197801,0.0103021978021978,-0.39621788263320923,0.5264041423797607,-0.44352248311042786,1.5968730449676514,0.2732652425765991,0.0031256377696990967,-22.701610565185547,-0.3962178498680186,42.373626708984375,0.7395593020827864,-25.411964416503906,-0.44352244846763283,91.49407958984375,1.5968729349245165,38.28571319580078,0.6682117517409641,0.31256377696990967,0.0031256377696990967,False,False,0.0,0.0,0.0,0.0,0.0,12.212892532348633,12.212892532348633,0.0,0.0,0.0,0.0,0.0,0.0,0.0,22.628768920898438,22.628768920898438
3,645,24.700415703002363,24.71129144297447,False,-23.69230842590332,-0.4135087728500366,46.373626708984375,0.8093724846839905,-22.63736343383789,-0.3950965106487274,90.5934066772461,1.5811532735824585,41.31867980957031,0.7211470007896423,1.0302197802197801,0.0103021978021978,-0.403300404548645,0.5234349966049194,-0.4541983902454376,1.5966403484344482,0.27593815326690674,0.002326689660549164,-23.107410430908203,-0.4033003936290298,42.373626708984375,0.7395593020827864,-26.023649215698242,-0.4541983621979743,91.48075103759766,1.596640307803298,37.31867980957031,0.6513338351745325,0.23266896605491638,0.002326689660549164,False,False,0.0,0.0,0.0,0.0,0.0,12.383012771606445,12.383012771606445,0.0,0.0,0.0,0.0,0.0,0.0,0.0,21.508588790893555,21.508588790893555
3,646,24.733887473936193,24.745040548965335,False,-23.516483306884766,-0.410440057516098,46.373626708984375,0.8093724846839905,-22.63736343383789,-0.3950965106487274,90.85713958740234,1.5857561826705933,40.263736724853516,0.7027347683906555,1.0302197802197801,0.0103021978021978,-0.40524518489837646,0.5106149911880493,-0.45998528599739075,1.5984315872192383,0.26217424869537354,0.0011984333395957947,-23.21883773803711,-0.4052451670150602,42.373626708984375,0.7395593020827864,-26.355213165283203,-0.4599852447991484,91.58338165283203,1.5984315499524853,36.263736724853516,0.6329216049250789,0.11984333395957947,0.0011984333395957947,False,False,0.0,0.0,0.0,0.0,0.0,13.117544174194336,13.117544174194336,0.0,0.0,0.0,0.0,0.0,0.0,0.0,21.242259979248047,21.242259979248047
3,647,24.767237933003344,24.778973962995224,False,-23.340660095214844,-0.4073713719844818,46.373626708984375,0.8093724846839905,-22.63736343383789,-0.3950965106487274,90.85713958740234,1.5857561826705933,39.29670333862305,0.6858568787574768,1.0302197802197801,0.0103021978021978,-0.40671277046203613,0.5170170068740845,-0.45446935296058655,1.6003446578979492,0.28799140453338623,0.0015952736139297485,-23.30292320251465,-0.40671273522326196,42.373626708984375,0.7395593020827864,-26.039175033569336,-0.4544693388388899,91.6929931640625,1.6003446317215437,35.29670333862305,0.6160436883586472,0.15952736139297485,0.0015952736139297485,False,False,0.0,0.0,0.0,0.0,0.0,12.750736236572266,12.750736236572266,0.0,0.0,0.0,0.0,0.0,0.0,0.0,18.79601287841797,18.79601287841797
3,648,24.800693706958555,24.811889084987342,False,-23.076923370361328,-0.4027682840824127,46.373626708984375,0.8093724846839905,-23.076923370361328,-0.4027682840824127,90.85713958740234,1.5857561826705933,38.32966995239258,0.6689789295196533,0.8928571428571428,0.008928571428571428,-0.3962242007255554,0.5059614181518555,-0.45456019043922424,1.596678614616394,0.2751108407974243,0.0029184147715568542,-22.70197296142578,-0.3962241748756075,42.373626708984375,0.7395593020827864,-26.04437828063965,-0.4545601526320616,91.48294067382812,1.5966785241649406,34.32966995239258,0.5991657717922155,0.2918414771556854,0.0029184147715568542,False,False,0.0,0.0,0.0,0.0,0.0,13.384174346923828,13.384174346923828,0.0,0.0,0.0,0.0,0.0,0.0,0.0,18.566980361938477,18.566980361938477
3,649,24.833982632961124,24.844907796010375,False,-22.901098251342773,-0.3996995687484741,46.373626708984375,0.8093724846839905,-23.25274658203125,-0.4058369994163513,90.85713958740234,1.5857561826705933,37.27472686767578,0.6505666971206665,0.8928571428571428,0.008928571428571428,-0.3987659811973572,0.4913811981678009,-0.4518514573574066,1.5959722995758057,0.28882527351379395,0.0016272366046905518,-22.847606658935547,-0.3987659623990064,42.373626708984375,0.7395593020827864,-25.889179229736328,-0.45185141819782837,91.44247436523438,1.5959722538438517,33.27472686767578,0.5807535415427619,0.16272366046905518,0.0016272366046905518,False,False,0.0,0.0,0.0,0.0,0.0,14.219558715820312,14.219558715820312,0.0,0.0,0.0,0.0,0.0,0.0,0.0,16.726259231567383,16.726259231567383
3,650,24.867480963934213,24.87862401304301,False,-22.813186645507812,-0.398165225982666,46.373626708984375,0.8093724846839905,-23.340660095214844,-0.4073713719844818,90.94505310058594,1.587290644645691,36.21977996826172,0.6321544051170349,0.8928571428571428,0.008928571428571428,-0.40217429399490356,0.48805585503578186,-0.45448610186576843,1.5961709022521973,0.28613734245300293,0.001980520784854889,-23.042888641357422,-0.4021742759620898,42.373626708984375,0.7395593020827864,-26.04013442993164,-0.4544860834642438,91.45384979248047,1.596170792503117,32.21977996826172,0.562341244714281,0.1980520784854889,0.001980520784854889,False,False,0.0,0.0,0.0,0.0,0.0,14.410087585449219,14.410087585449219,0.0,0.0,0.0,0.0,0.0,0.0,0.0,15.825319290161133,15.825319290161133
3,651,24.90107993897982,24.912506707943976,False,-22.813186645507812,-0.398165225982666,46.373626708984375,0.8093724846839905,-23.428571701049805,-0.4089057147502899,90.94505310058594,1.587290644645691,35.25274658203125,0.6152765154838562,0.8928571428571428,0.008928571428571428,-0.39986109733581543,0.4775063693523407,-0.44143250584602356,1.594787359237671,0.3224242925643921,0.007649477571249008,-22.91035270690918,-0.3998610875287606,42.373626708984375,0.7395593020827864,-25.292217254638672,-0.4414324662231659,91.37458038330078,1.5947872803168208,31.25274658203125,0.5454633281478494,0.7649477571249008,0.007649477571249008,False,False,0.0,0.0,0.0,0.0,0.0,15.014528274536133,15.014528274536133,0.0,0.0,0.0,0.0,0.0,0.0,0.0,12.779195785522461,12.779195785522461
3,652,24.934178140945733,24.945632945979014,False,-22.813186645507812,-0.398165225982666,46.373626708984375,0.8093724846839905,-23.428571701049805,-0.4089057147502899,90.94505310058594,1.587290644645691,34.19780349731445,0.5968642830848694,0.8928571428571428,0.008928571428571428,-0.3970843553543091,0.46398261189460754,-0.4452175199985504,1.5956554412841797,0.33148860931396484,0.0061710551381111145,-22.751256942749023,-0.3970843426181895,42.373626708984375,0.7395593020827864,-25.509082794189453,-0.445217483922441,91.42431640625,1.5956553376741323,30.197803497314453,0.5270510978983959,0.6171055138111115,0.0061710551381111145,False,False,0.0,0.0,0.0,0.0,0.0,15.789382934570312,15.789382934570312,0.0,0.0,0.0,0.0,0.0,0.0,0.0,11.204906463623047,11.204906463623047
3,653,24.967580270022154,24.978981161955744,False,-22.813186645507812,-0.398165225982666,46.373626708984375,0.8093724846839905,-23.428571701049805,-0.4089057147502899,90.94505310058594,1.587290644645691,33.230770111083984,0.5799863338470459,0.8928571428571428,0.008928571428571428,-0.39693546295166016,0.46706780791282654,-0.4531237781047821,1.5910775661468506,0.32339751720428467,0.0038668587803840637,-22.742725372314453,-0.3969354386237404,42.373626708984375,0.7395593020827864,-25.962078094482422,-0.4531237434086137,91.16202545166016,1.5910774969183406,29.230770111083984,0.5101731813319642,0.38668587803840637,0.0038668587803840637,False,False,0.0,0.0,0.0,0.0,0.0,15.612613677978516,15.612613677978516,0.0,0.0,0.0,0.0,0.0,0.0,0.0,10.701457977294922,10.701457977294922
3,654,25.00113780994434,25.012674918980338,False,-22.813186645507812,-0.398165225982666,46.373626708984375,0.8093724846839905,-23.516483306884766,-0.410440057516098,90.94505310058594,1.587290644645691,32.17582321166992,0.5615740418434143,0.8928571428571428,0.008928571428571428,-0.41289442777633667,0.4909190833568573,-0.44147929549217224,1.5924931764602661,0.34427642822265625,0.051907770335674286,-23.657106399536133,-0.4128943981665267,42.373626708984375,0.7395593020827864,-25.294898986816406,-0.441479271279324,91.24313354492188,1.592493100195772,28.175823211669922,0.4917608845034833,5.190777033567429,0.051907770335674286,False,False,0.0,0.0,0.0,0.0,0.0,14.246036529541016,14.246036529541016,0.0,0.0,0.0,0.0,0.0,0.0,0.0,8.450237274169922,8.450237274169922
3,655,25.034485985990614,25.04596181900706,False,-22.813186645507812,-0.398165225982666,46.373626708984375,0.8093724846839905,-23.516483306884766,-0.410440057516098,90.94505310058594,1.587290644645691,31.120878219604492,0.5431618094444275,0.8928571428571428,0.008928571428571428,-0.4124792218208313,0.48861268162727356,-0.4482332170009613,1.5945103168487549,0.3592264652252197,0.06931273639202118,-23.633317947387695,-0.4124792113525833,42.373626708984375,0.7395593020827864,-25.681869506835938,-0.44823318096181947,91.35870361328125,1.594510178405398,27.120878219604492,0.47334862096451613,5.892857142857142,0.05892857142857142,False,True,1.0384164963449756,0.0,0.0,0.0,0.0,14.378183364868164,14.378183364868164,0.0,0.0,0.0,0.0,0.0,0.0,0.0,6.538719177246094,6.538719177246094
3,656,25.06812217400875,25.07893429894466,False,-22.901098251342773,-0.3996995687484741,46.373626708984375,0.8093724846839905,-23.516483306884766,-0.410440057516098,90.94505310058594,1.587290644645691,30.153846740722656,0.5262839198112488,1.0302197802197801,0.0103021978021978,-0.43345969915390015,0.5350257158279419,-0.4472068250179291,1.5888584852218628,0.374531626701355,0.12632451951503754,-24.83540916442871,-0.4334596609992548,42.373626708984375,0.7395593020827864,-25.623062133789062,-0.44720679867770297,91.03488159179688,1.588858417940032,26.153846740722656,0.45647073768759805,6.03021978021978,0.0603021978021978,False,True,6.6022321712839735,0.0,0.0,0.0,0.0,11.718912124633789,11.718912124633789,0.0,0.0,0.0,0.0,0.0,0.0,0.0,4.694766998291016,4.694766998291016
3,657,25.101485516992398,25.112499697948806,False,-23.076923370361328,-0.4027682840824127,46.373626708984375,0.8093724846839905,-23.516483306884766,-0.410440057516098,90.94505310058594,1.587290644645691,29.098901748657227,0.5078716278076172,2.0604395604395602,0.0206043956043956,-0.4183886647224426,0.5262316465377808,-0.4345720708370209,1.5919826030731201,0.3849602937698364,0.1604599952697754,-23.97190284729004,-0.41838863265341464,42.373626708984375,0.7395593020827864,-24.899145126342773,-0.4345720633865809,91.21388244628906,1.591982572214804,25.098901748657227,0.43805847414863086,7.06043956043956,0.0706043956043956,False,True,8.985559966537979,0.0,0.0,0.0,0.0,12.222776412963867,12.222776412963867,0.0,0.0,0.0,0.0,0.0,0.0,0.0,3.0423030853271484,3.0423030853271484
3,658,25.134742961032316,25.146115186973475,False,-23.428571701049805,-0.4089057147502899,46.373626708984375,0.8093724846839905,-23.516483306884766,-0.410440057516098,90.94505310058594,1.587290644645691,28.131868362426758,0.4909937381744385,3.2280219780219785,0.032280219780219783,-0.4262349605560303,0.5409765243530273,-0.4460861384868622,1.5976040363311768,0.369634747505188,0.17942118644714355,-24.421463012695312,-0.42623493772554694,42.373626708984375,0.7395593020827864,-25.55885124206543,-0.44608610720148395,91.53596496582031,1.5976039726437432,24.131868362426758,0.4211805575821992,8.228021978021978,0.08228021978021978,False,True,9.714096666692377,0.0,0.0,0.0,0.0,11.37795639038086,11.37795639038086,0.0,0.0,0.0,0.0,0.0,0.0,0.0,2.953357696533203,2.953357696533203
3,659,25.168086154037155,25.178869061986916,False,-23.868131637573242,-0.4165774881839752,46.373626708984375,0.8093724846839905,-23.516483306884766,-0.410440057516098,90.94505310058594,1.587290644645691,27.076923370361328,0.4725814461708069,4.601648351648352,0.04601648351648352,-0.4241420030593872,0.5250345468521118,-0.4297775328159332,1.5985825061798096,0.36183440685272217,0.18811315298080444,-24.301546096801758,-0.4241419927143673,42.373626708984375,0.7395593020827864,-24.62443733215332,-0.42977750789708397,91.59202575683594,1.5985824180282384,23.076923370361328,0.402768294043232,9.601648351648352,0.09601648351648352,False,True,9.209666946432092,0.0,0.0,0.0,0.0,12.291364669799805,12.291364669799805,0.0,0.0,0.0,0.0,0.0,0.0,0.0,2.3453407287597656,2.3453407287597656
3,660,25.201626920024864,25.37198657193221,False,-24.30769157409668,-0.4242492616176605,46.373626708984375,0.8093724846839905,-23.516483306884766,-0.410440057516098,90.94505310058594,1.587290644645691,26.10988998413086,0.4557035565376282,5.837912087912088,0.05837912087912087,-0.4371834993362427,0.7448688745498657,-0.46732649207115173,1.604914903640747,0.26629066467285156,0.16454826295375824,-25.04876708984375,-0.4371834592829717,42.67784118652344,0.7448688463480774,-26.775835037231445,-0.4673264813705472,91.95484161376953,1.6049147493101743,22.10988998413086,0.38589037747680033,10.837912087912088,0.10837912087912088,False,True,5.616914207463736,0.0,0.0,0.0,0.0,0.0,0.0,0.0,0.0,0.0,0.0,0.0,0.0,0.0,6.852560043334961,6.852560043334961
3,661,25.37361489899922,25.384397021029145,False,-23.69230842590332,-0.4135087728500366,46.373626708984375,0.8093724846839905,-23.516483306884766,-0.410440057516098,90.94505310058594,1.587290644645691,23.736263275146484,0.4142759442329407,8.997252747252746,0.08997252747252746,-0.4389249086380005,0.7344967126846313,-0.4712476432323456,1.612235426902771,0.3212059736251831,0.19305714964866638,-25.148544311523438,-0.43892490031977455,42.373626708984375,0.7395593020827864,-27.000499725341797,-0.47124761989103897,92.37428283691406,1.6122353796726385,19.736263275146484,0.3444627761917457,13.997252747252746,0.13997252747252747,False,True,5.308462217613892,0.0,0.0,0.0,0.0,0.2900657653808594,0.2900657653808594,0.0,0.0,0.0,0.0,0.0,0.0,0.0,1.3325176239013672,1.3325176239013672
3,662,25.407111588981934,25.44067283393815,False,-23.868131637573242,-0.4165774881839752,46.373626708984375,0.8093724846839905,-23.516483306884766,-0.410440057516098,90.94505310058594,1.587290644645691,23.47252655029297,0.4096728563308716,9.065934065934066,0.09065934065934066,-0.4410761594772339,0.7032071352005005,-0.48500576615333557,1.617006540298462,0.3316636085510254,0.20127883553504944,-25.271800994873047,-0.4410761352693133,42.373626708984375,0.7395593020827864,-27.516483306884766,-0.48025323227519645,92.64764404296875,1.6170064327655156,19.47252655029297,0.3398597019846255,14.065934065934066,0.14065934065934066,False,True,6.061949487570878,0.0,0.0,0.0,0.0,2.0828285217285156,2.0828285217285156,0.0,0.27229881286621094,0.27229881286621094,0.0,0.0,0.0,0.0,0.4696025848388672,0.4696025848388672
3,663,25.44228352094069,25.455567526980303,False,-24.30769157409668,-0.4242492616176605,46.373626708984375,0.8093724846839905,-23.69230842590332,-0.4135087728500366,91.29669952392578,1.5934280157089233,22.505495071411133,0.39279499650001526,9.958791208791208,0.09958791208791208,-0.44568634033203125,0.7020256519317627,-0.47966834902763367,1.6151564121246338,0.33576536178588867,0.20146089792251587,-25.53594398498535,-0.44568630014283583,42.373626708984375,0.7395593020827864,-27.48297119140625,-0.4796683355207878,92.54164123535156,1.6151563347562374,19.237937927246094,0.3357653581247377,14.958791208791208,0.14958791208791208,False,True,5.187298583460379,0.0,0.0,0.0,0.0,2.1505203247070312,2.1505203247070312,0.0,0.0,0.0,0.0,0.0,0.0,0.0,0.0,0.0
3,664,25.47552283294499,25.487410712987185,False,-24.659339904785156,-0.43038666248321533,46.373626708984375,0.8093724846839905,-24.131868362426758,-0.4211805462837219,91.56044006347656,1.5980311632156372,21.36263656616211,0.3728483319282532,11.538461538461538,0.11538461538461538,-0.4457361698150635,0.7006713151931763,-0.4805687367916107,1.6188431978225708,0.338024377822876,0.1968054175376892,-25.538799285888672,-0.44573613454473393,42.373626708984375,0.7395593020827864,-27.53455924987793,-0.4805687169958299,92.75287628173828,1.6188430818112887,19.367368698120117,0.3380243512298838,16.53846153846154,0.1653846153846154,False,True,3.142080215307381,0.0,0.0,0.0,0.0,2.228118896484375,2.228118896484375,0.0,0.0,0.0,0.0,0.0,0.0,0.0,0.0,0.0
3,665,25.509210902033374,25.519997359951958,False,-25.010988235473633,-0.43652409315109253,46.373626708984375,0.8093724846839905,-24.571428298950195,-0.4288523197174072,91.82417297363281,1.6026341915130615,20.659339904785156,0.36057350039482117,12.843406593406591,0.12843406593406592,-0.44244682788848877,0.6927101612091064,-0.49526247382164,1.6181082725524902,0.349629282951355,0.19510418176651,-25.35033416748047,-0.4424467977033498,42.373626708984375,0.7395593020827864,-28.376447677612305,-0.49526244199423314,92.71076965332031,1.6181081825084813,20.03228187561035,0.3496292754169858,17.84340659340659,0.1784340659340659,False,True,1.6670115832444097,0.0,0.0,0.0,0.0,2.6842613220214844,2.6842613220214844,0.0,0.0,0.0,0.0,0.0,0.0,0.0,0.0,0.0
3,666,25.54305547697004,25.556821558973752,False,-25.186813354492188,-0.43959280848503113,46.373626708984375,0.8093724846839905,-24.74725341796875,-0.4319210350513458,92.0,1.6057028770446777,20.30769157409668,0.35443606972694397,14.010989010989011,0.1401098901098901,-0.4405158758163452,0.7087299823760986,-0.4988292157649994,1.6158061027526855,0.3538167476654053,0.18995550274848938,-25.23969841003418,-0.44051583946547423,42.373626708984375,0.7395593020827864,-28.580806732177734,-0.49882918035266266,92.57886505126953,1.6158060129041623,20.272205352783203,0.3538167300464855,18.995550274848938,0.18995550274848938,False,False,0.0,0.0,0.0,0.0,0.0,1.7663917541503906,1.7663917541503906,0.0,0.0,0.0,0.0,0.0,0.0,0.0,0.0,0.0
3,667,25.57637727702968,25.587177042965777,False,-25.36263656616211,-0.4426615238189697,46.373626708984375,0.8093724846839905,-25.186813354492188,-0.43959280848503113,92.17582702636719,1.6087716817855835,20.30769157409668,0.35443606972694397,15.315934065934067,0.15315934065934067,-0.4373651146888733,0.6709191799163818,-0.48819324374198914,1.6157810688018799,0.3497689962387085,0.1915488839149475,-25.059173583984375,-0.43736508686931513,42.373626708984375,0.7395593020827864,-27.971410751342773,-0.48819321403867233,92.57743072509766,1.6157809791899156,20.040287017822266,0.3497689915056741,19.15488839149475,0.1915488839149475,False,False,0.0,0.0,0.0,0.0,0.0,3.9327926635742188,3.9327926635742188,0.0,0.0,0.0,0.0,0.0,0.0,0.0,0.0,0.0
3,668,25.61120059597306,25.622216396033764,False,-25.36263656616211,-0.4426615238189697,46.373626708984375,0.8093724846839905,-25.626373291015625,-0.44726458191871643,92.17582702636719,1.6087716817855835,20.30769157409668,0.35443606972694397,16.552197802197803,0.16552197802197802,-0.4440862536430359,0.6780792474746704,-0.49689456820487976,1.6153676509857178,0.3518660068511963,0.19189631938934326,-25.44426727294922,-0.4440862396704026,42.373626708984375,0.7395593020827864,-28.469959259033203,-0.49689452697877456,92.55374145507812,1.6153675234306808,20.160436630249023,0.3518659978375161,19.189631938934326,0.19189631938934326,False,False,0.0,0.0,0.0,0.0,0.0,3.5225486755371094,3.5225486755371094,0.0,0.0,0.0,0.0,0.0,0.0,0.0,0.0,0.0
3,669,25.64322747895494,25.654144034953788,False,-25.36263656616211,-0.4426615238189697,46.373626708984375,0.8093724846839905,-25.626373291015625,-0.44726458191871643,92.17582702636719,1.6087716817855835,20.30769157409668,0.35443606972694397,17.582417582417584,0.17582417582417584,-0.4433445930480957,0.6735178232192993,-0.48659399151802063,1.613155722618103,0.3499464988708496,0.19305528700351715,-25.40177345275879,-0.44334458259632914,42.373626708984375,0.7395593020827864,-27.879779815673828,-0.4865939525145661,92.42700958251953,1.6131556349873155,20.050457000732422,0.34994649119232785,19.305528700351715,0.19305528700351715,False,False,0.0,0.0,0.0,0.0,0.0,3.7839012145996094,3.7839012145996094,0.0,0.0,0.0,0.0,0.0,0.0,0.0,0.0,0.0
3,670,25.677094475948252,25.68815793795511,False,-25.36263656616211,-0.4426615238189697,46.373626708984375,0.8093724846839905,-25.80219841003418,-0.4503333270549774,92.17582702636719,1.6087716817855835,20.30769157409668,0.35443606972694397,18.063186813186814,0.18063186813186813,-0.4432787299156189,0.671515703201294,-0.4916206896305084,1.6119458675384521,0.34071898460388184,0.19536426663398743,-25.397998809814453,-0.4432787026488633,42.373626708984375,0.7395593020827864,-28.167789459228516,-0.4916206690720907,92.3576889038086,1.6119457609040924,19.521759033203125,0.34071897091033954,19.536426663398743,0.19536426663398743,False,False,0.0,0.0,0.0,0.0,0.0,3.8986129760742188,3.8986129760742188,0.0,0.0,0.0,0.0,0.0,0.0,0.0,0.0,0.0
3,671,25.710794914979488,25.723571380018257,False,-25.186813354492188,-0.43959280848503113,46.373626708984375,0.8093724846839905,-25.80219841003418,-0.4503333270549774,92.17582702636719,1.6087716817855835,20.30769157409668,0.35443606972694397,18.475274725274726,0.18475274725274726,-0.4381949305534363,0.6799697875976562,-0.4792276918888092,1.6139544248580933,0.35430610179901123,0.19599378108978271,-25.106718063354492,-0.4381948945754702,42.373626708984375,0.7395593020827864,-27.457721710205078,-0.47922764893940695,92.47277069091797,1.6139543169982302,20.300243377685547,0.3543060858967876,19.59937810897827,0.19599378108978271,False,False,0.0,0.0,0.0,0.0,0.0,3.4142303466796875,3.4142303466796875,0.0,0.0,0.0,0.0,0.0,0.0,0.0,0.0,0.0
3,672,25.743984458968043,25.755978198954836,False,-25.098901748657227,-0.438058465719223,46.373626708984375,0.8093724846839905,-25.80219841003418,-0.4503333270549774,92.17582702636719,1.6087716817855835,20.21977996826172,0.35290172696113586,18.75,0.1875,-0.4310532212257385,0.6821534633636475,-0.493092805147171,1.6070239543914795,0.3551926612854004,0.19779974222183228,-24.697528839111328,-0.4310531953487456,42.373626708984375,0.7395593020827864,-28.252134323120117,-0.4930927646541456,92.07568359375,1.6070238397354626,20.35103988647461,0.35519265222367497,19.779974222183228,0.19779974222183228,False,False,0.0,0.0,0.0,0.0,0.0,3.2891159057617188,3.2891159057617188,0.0,0.0,0.0,0.0,0.0,0.0,0.0,0.0,0.0
3,673,25.777264990960248,25.788725937949494,False,-25.010988235473633,-0.43652409315109253,46.373626708984375,0.8093724846839905,-25.80219841003418,-0.4503333270549774,92.17582702636719,1.6087716817855835,20.21977996826172,0.35290172696113586,19.024725274725274,0.19024725274725274,-0.4324045777320862,0.6763714551925659,-0.48487141728401184,1.6052981615066528,0.3493767976760864,0.19637227058410645,-24.77495574951172,-0.43240454986487903,42.373626708984375,0.7395593020827864,-27.781084060668945,-0.4848713866319892,91.976806640625,1.6052981113490912,20.01781463623047,0.3493767744561327,19.637227058410645,0.19637227058410645,False,False,0.0,0.0,0.0,0.0,0.0,3.6203994750976562,3.6203994750976562,0.0,0.0,0.0,0.0,0.0,0.0,0.0,0.0,0.0
3,674,25.81130432500504,25.822302098968066,False,-25.010988235473633,-0.43652409315109253,46.373626708984375,0.8093724846839905,-25.80219841003418,-0.4503333270549774,92.17582702636719,1.6087716817855835,20.21977996826172,0.35290172696113586,19.230769230769234,0.19230769230769235,-0.4361867308616638,0.6951106786727905,-0.4876534640789032,1.6021637916564941,0.3458070755004883,0.19970223307609558,-24.991657257080078,-0.4361867046659823,42.373626708984375,0.7395593020827864,-27.94048309326172,-0.48765342457522687,91.7972183227539,1.6021637039041223,19.813283920288086,0.34580704004147683,19.970223307609558,0.19970223307609558,False,False,0.0,0.0,0.0,0.0,0.0,2.546722412109375,2.546722412109375,0.0,0.0,0.0,0.0,0.0,0.0,0.0,0.0,0.0
3,675,25.8461914480431,25.858745298930444,False,-25.010988235473633,-0.43652409315109253,46.373626708984375,0.8093724846839905,-25.80219841003418,-0.4503333270549774,92.0879135131836,1.6072373390197754,20.131868362426758,0.35136738419532776,19.29945054945055,0.1929945054945055,-0.44151145219802856,0.6967015266418457,-0.4842884838581085,1.5991466045379639,0.35077881813049316,0.20021089911460876,-25.296741485595703,-0.44151142894948675,42.373626708984375,0.7395593020827864,-27.747684478759766,-0.4842884539588845,91.62434387207031,1.5991464755471172,20.09814453125,0.35077879561200487,20.021089911460876,0.20021089911460876,False,False,0.0,0.0,0.0,0.0,0.0,2.4555702209472656,2.4555702209472656,0.0,0.0,0.0,0.0,0.0,0.0,0.0,0.0,0.0
3,676,25.87862810702063,25.89000714395661,False,-25.010988235473633,-0.43652409315109253,46.373626708984375,0.8093724846839905,-25.80219841003418,-0.4503333270549774,92.0879135131836,1.6072373390197754,20.131868362426758,0.35136738419532776,19.505494505494507,0.19505494505494508,-0.43634986877441406,0.7052745819091797,-0.4727727472782135,1.5901837348937988,0.3580440282821655,0.20181754231452942,-25.001005172729492,-0.4363498565722633,42.373626708984375,0.7395593020827864,-27.087881088256836,-0.4727727123787865,91.11080932617188,1.5901836068984554,20.5144100189209,0.3580439989342819,20.181754231452942,0.20181754231452942,False,False,0.0,0.0,0.0,0.0,0.0,1.9643707275390625,1.9643707275390625,0.0,0.0,0.0,0.0,0.0,0.0,0.0,0.0,0.0
3,677,25.91219020797871,25.923645811970346,False,-25.010988235473633,-0.43652409315109253,46.373626708984375,0.8093724846839905,-25.80219841003418,-0.4503333270549774,92.0879135131836,1.6072373390197754,20.131868362426758,0.35136738419532776,19.574175824175825,0.19574175824175824,-0.43099361658096313,0.7560739517211914,-0.48810508847236633,1.5722228288650513,0.3432692289352417,0.2015712857246399,-24.694114685058594,-0.430993607119355,43.31984329223633,0.756073896897504,-27.966360092163086,-0.48810506340659066,90.08172607421875,1.572222715874743,19.667877197265625,0.34326921397019944,20.15712857246399,0.2015712857246399,False,False,0.0,0.0,0.0,0.0,0.0,0.0,0.0,0.0,0.0,0.0,0.0,0.0,0.0,0.0,0.0,0.0
3,678,25.945199333014898,25.97885055898223,False,-25.010988235473633,-0.43652409315109253,46.373626708984375,0.8093724846839905,-25.80219841003418,-0.4503333270549774,91.9120864868164,1.6041685342788696,20.131868362426758,0.35136738419532776,19.642857142857142,0.19642857142857142,-0.4296111464500427,0.7823907136917114,-0.47748908400535583,1.5482436418533325,0.35342931747436523,0.2040925920009613,-24.614904403686523,-0.4296111269079813,44.82768249511719,0.7823906555784218,-27.358108520507812,-0.47748907080077596,88.70782470703125,1.5482436134196695,20.25000762939453,0.35342930668690625,20.40925920009613,0.2040925920009613,False,False,0.0,0.0,0.0,0.0,0.0,0.0,0.0,0.0,0.0,0.0,0.0,0.0,0.0,0.0,0.0,0.0
3,679,25.980238107964396,25.991596531006508,False,-25.010988235473633,-0.43652409315109253,46.373626708984375,0.8093724846839905,-25.80219841003418,-0.4503333270549774,91.29669952392578,1.5934280157089233,20.131868362426758,0.35136738419532776,19.8489010989011,0.19848901098901098,-0.4303094744682312,0.8121111392974854,-0.47506776452064514,1.5237213373184204,0.3435628414154053,0.20304620265960693,-24.65491485595703,-0.4303094410353137,46.53053665161133,0.8121110672905153,-27.219375610351562,-0.4750677247376759,87.30279541015625,1.52372122610222,19.68470001220703,0.3435628274803807,20.304620265960693,0.20304620265960693,False,False,0.0,0.0,0.0,0.0,0.0,0.0,0.0,0.0,0.0,0.0,0.0,0.0,0.0,0.0,0.0,0.0
3,680,26.014203920029104,26.025035965954885,False,-25.010988235473633,-0.43652409315109253,46.373626708984375,0.8093724846839905,-25.80219841003418,-0.4503333270549774,90.76923370361328,1.5842219591140747,20.131868362426758,0.35136738419532776,19.8489010989011,0.19848901098901098,-0.4320223927497864,0.8281933069229126,-0.4640941917896271,1.5137248039245605,0.34291887283325195,0.20416629314422607,-24.7530574798584,-0.43202235295893904,47.45197677612305,0.8281932313232313,-26.59063720703125,-0.4640941694660044,86.76923370361328,1.5144088175604853,19.647802352905273,0.3429188418392859,20.416629314422607,0.20416629314422607,False,False,0.0,0.0,0.0,0.0,0.0,0.0,0.0,0.0,0.0,0.0,0.0,0.03919219970703125,0.03919219970703125,0.0,0.0,0.0
3,681,26.047703763935715,26.058430879027583,False,-25.010988235473633,-0.43652409315109253,46.63736343383789,0.8139755129814148,-25.80219841003418,-0.4503333270549774,90.24176025390625,1.5750157833099365,20.131868362426758,0.35136738419532776,19.8489010989011,0.19848901098901098,-0.43066954612731934,0.843342661857605,-0.4617399275302887,1.5140920877456665,0.3504694700241089,0.20292001962661743,-24.675546646118164,-0.430669533704206,48.31997299194336,0.8433426231841471,-26.455747604370117,-0.46173990177286073,86.75108337402344,1.5140920345488205,20.080419540405273,0.35046943616187853,20.292001962661743,0.20292001962661743,False,False,0.0,0.0,0.0,0.0,0.0,0.0,0.0,0.0,0.0,0.0,0.0,0.0,0.0,0.0,0.0,0.0
3,682,26.081287591950968,26.093433344038203,False,-25.010988235473633,-0.43652409315109253,47.60439682006836,0.8308534622192383,-25.89011001586914,-0.4518676698207855,88.74725341796875,1.5489317178726196,20.131868362426758,0.35136738419532776,19.917582417582416,0.19917582417582416,-0.43151259422302246,0.8494551181793213,-0.46805986762046814,1.502853512763977,0.3358922004699707,0.20434319972991943,-24.723848342895508,-0.4315125573472706,48.670188903808594,0.8494550439390697,-26.817853927612305,-0.46805984935572775,86.10716247558594,1.502853494748686,19.24520492553711,0.3358921911716527,20.434319972991943,0.20434319972991943,False,False,0.0,0.0,0.0,0.0,0.0,0.0,0.0,0.0,0.0,0.0,0.0,0.0,0.0,0.0,0.0,0.0
3,683,26.114954262971878,26.127520845038816,False,-25.010988235473633,-0.43652409315109253,48.57143020629883,0.847731351852417,-26.065933227539062,-0.45493635535240173,87.6043930053711,1.5289851427078247,19.956043243408203,0.34829866886138916,20.32967032967033,0.2032967032967033,-0.43415313959121704,0.8758890628814697,-0.4706355631351471,1.492523431777954,0.34628427028656006,0.20399528741836548,-24.875141143798828,-0.4341531148575978,50.18474197387695,0.8758889817079509,-26.965429306030273,-0.4706355256039979,85.51528930664062,1.4925233591963778,19.840625762939453,0.3462842452193054,20.399528741836548,0.20399528741836548,False,False,0.0,0.0,0.0,0.0,0.0,0.0,0.0,0.0,0.0,0.0,0.0,0.0,0.0,0.0,0.0,0.0
3,684,26.14846018597018,26.160100942943245,False,-24.923076629638672,-0.4349897503852844,48.83516311645508,0.8523343801498413,-26.065933227539062,-0.45493635535240173,87.42857360839844,1.5259164571762085,19.78022003173828,0.34522995352745056,20.467032967032967,0.20467032967032966,-0.43776869773864746,0.8730673789978027,-0.4522961676120758,1.4806135892868042,0.34076762199401855,0.20556706190109253,-25.082298278808594,-0.43776868893251664,50.023075103759766,0.873067362533012,-25.91465950012207,-0.45229613281035796,84.8329086303711,1.4806135696434888,19.524545669555664,0.3407676068897471,20.556706190109253,0.20556706190109253,False,False,0.0,0.0,0.0,0.0,0.0,0.0,0.0,0.0,0.0,0.0,0.0,0.0,0.0,0.0,0.0,0.0
3,685,26.181729423929937,26.19452497200109,False,-24.923076629638672,-0.4349897503852844,49.18681335449219,0.8584718108177185,-26.065933227539062,-0.45493635535240173,86.81318664550781,1.5151759386062622,19.69230842590332,0.34369561076164246,19.917582417582416,0.19917582417582416,-0.4441574811935425,0.8800802230834961,-0.4625890552997589,1.475672960281372,0.35528385639190674,0.2056955099105835,-25.448347091674805,-0.4441574459400486,50.42488098144531,0.8800801980524904,-26.504398345947266,-0.4625890173969189,84.5498275756836,1.475672873189174,20.356264114379883,0.35528383220149656,20.56955099105835,0.2056955099105835,False,False,0.0,0.0,0.0,0.0,0.0,0.0,0.0,0.0,0.0,0.0,0.0,0.0,0.0,0.0,0.0,0.0
3,686,26.215312944957986,26.228013837942854,False,-24.923076629638672,-0.4349897503852844,49.626373291015625,0.8661435842514038,-26.153846740722656,-0.4564707279205322,86.37362670898438,1.5075041055679321,19.956043243408203,0.34829866886138916,20.054945054945055,0.20054945054945056,-0.441511332988739,0.8741620779037476,-0.45097801089286804,1.4725234508514404,0.34578418731689453,0.20747938752174377,-25.296733856201172,-0.4415112957914322,50.08579635620117,0.874162054899089,-25.839136123657227,-0.45097800122882326,84.36937713623047,1.4725234188840461,19.811973571777344,0.34578417014561574,20.747938752174377,0.20747938752174377,False,False,0.0,0.0,0.0,0.0,0.0,0.0,0.0,0.0,0.0,0.0,0.0,0.0,0.0,0.0,0.0,0.0
3,687,26.2485738749383,26.259392124018632,False,-24.923076629638672,-0.4349897503852844,49.80219650268555,0.86921226978302,-26.153846740722656,-0.4564707279205322,85.84615325927734,1.4982980489730835,19.956043243408203,0.34829866886138916,20.123626373626376,0.20123626373626377,-0.43985044956207275,0.8908241987228394,-0.4522150456905365,1.475204586982727,0.3423119783401489,0.2044297754764557,-25.20157241821289,-0.43985041537760433,51.040462493896484,0.8908241222591698,-25.910011291503906,-0.4522150062656515,84.52299499511719,1.4752045563114835,19.6130313873291,0.3423119740058841,20.44297754764557,0.2044297754764557,False,False,0.0,0.0,0.0,0.0,0.0,0.0,0.0,0.0,0.0,0.0,0.0,0.0,0.0,0.0,0.0,0.0
3,688,26.282154171029106,26.293027597945184,False,-25.010988235473633,-0.43652409315109253,49.80219650268555,0.86921226978302,-26.153846740722656,-0.4564707279205322,85.4945068359375,1.492160677909851,19.956043243408203,0.34829866886138916,20.123626373626376,0.20123626373626377,-0.4434352517127991,0.8876140117645264,-0.44339635968208313,1.4758716821670532,0.3487589359283447,0.20538821816444397,-25.406967163085938,-0.44343522994193274,50.85653305053711,0.8876139478811883,-25.404739379882812,-0.4433963477900176,84.56121063232422,1.4758715450064936,19.98241424560547,0.34875892108323425,20.538821816444397,0.20538821816444397,False,False,0.0,0.0,0.0,0.0,0.0,0.0,0.0,0.0,0.0,0.0,0.0,0.0,0.0,0.0,0.0,0.0
3,689,26.315496344002895,26.32609692402184,False,-25.098901748657227,-0.438058465719223,49.978023529052734,0.8722810745239258,-26.153846740722656,-0.4564707279205322,85.4065933227539,1.4906262159347534,19.956043243408203,0.34829866886138916,20.123626373626376,0.20123626373626377,-0.4503326416015625,0.8870154619216919,-0.4437645971775055,1.4736526012420654,0.3449532985687256,0.206269770860672,-25.80215835571289,-0.45033261742815617,50.82223892211914,0.887015402426193,-25.42583656311035,-0.44376456310023465,84.43406677246094,1.4736524660281853,19.764366149902344,0.34495326388551106,20.6269770860672,0.206269770860672,False,False,0.0,0.0,0.0,0.0,0.0,0.0,0.0,0.0,0.0,0.0,0.0,0.0,0.0,0.0,0.0,0.0
3,690,26.34879179194104,26.517712975968607,False,-25.098901748657227,-0.438058465719223,49.978023529052734,0.8722810745239258,-26.153846740722656,-0.4564707279205322,85.4065933227539,1.4906262159347534,19.956043243408203,0.34829866886138916,20.123626373626376,0.20123626373626377,-0.4687284231185913,0.8820910453796387,-0.46837183833122253,1.475975751876831,0.2888096570968628,0.2008320689201355,-26.856159210205078,-0.4687284026578785,50.54009246826172,0.8820910178335547,-26.83572769165039,-0.4683718053879169,84.56717681884766,1.4759756746051158,16.54757308959961,0.28880963362792383,20.08320689201355,0.2008320689201355,False,False,0.0,0.0,0.0,0.0,0.0,0.0,0.0,0.0,0.0,0.0,0.0,0.0,0.0,0.0,0.0,0.0
3,691,26.51918098400347,26.532583920983598,False,-25.098901748657227,-0.438058465719223,50.06593322753906,0.8738153576850891,-26.153846740722656,-0.4564707279205322,85.23076629638672,1.4875575304031372,19.956043243408203,0.34829866886138916,20.123626373626376,0.20123626373626377,-0.4625345468521118,0.8974366188049316,-0.46055540442466736,1.4837340116500854,0.2985553741455078,0.13508038222789764,-26.50127601623535,-0.4625345224631131,51.41932678222656,0.8974365515087548,-26.387880325317383,-0.46055539429902076,85.0116958618164,1.4837339954927347,17.1059627532959,0.2985553717685279,15.123626373626376,0.15123626373626375,False,True,1.6155881508366114,0.0,0.0,0.0,0.0,0.0,0.0,0.0,0.0,0.0,0.0,0.0,0.0,0.0,0.0,0.0
3,692,26.552597185014747,26.563382806954905,False,-25.098901748657227,-0.438058465719223,50.06593322753906,0.8738153576850891,-26.153846740722656,-0.4564707279205322,85.23076629638672,1.4875575304031372,19.956043243408203,0.34829866886138916,20.123626373626376,0.20123626373626377,-0.4694173336029053,0.8815832138061523,-0.4567759335041046,1.483941912651062,0.3079524040222168,0.09465540945529938,-26.8956298828125,-0.4694172958528548,50.51099395751953,0.8815831530136766,-26.17133140563965,-0.4567759026590075,85.02360534667969,1.4839418552158155,17.644372940063477,0.30795240225389975,15.123626373626376,0.15123626373626375,False,True,5.658085428096438,0.0,0.0,0.0,0.0,0.0,0.0,0.0,0.0,0.0,0.0,0.0,0.0,0.0,0.0,0.0
3,693,26.58602568099741,26.596934917964973,False,-25.450550079345703,-0.4441958963871002,50.241756439208984,0.8768840432167053,-26.41758155822754,-0.46107378602027893,85.23076629638672,1.4875575304031372,19.25274658203125,0.33602380752563477,19.642857142857142,0.19642857142857142,-0.4628000855445862,0.8877735137939453,-0.45890113711357117,1.4823815822601318,0.30654895305633545,0.08593113720417023,-26.516490936279297,-0.46280007291330766,50.86567306518555,0.8877734712304841,-26.2930965423584,-0.45890110520889077,84.9342041015625,1.482381509133138,17.563961029052734,0.30654894964894164,14.642857142857142,0.14642857142857144,False,True,6.04974342244012,0.0,0.0,0.0,0.0,0.0,0.0,0.0,0.0,0.0,0.0,0.0,0.0,0.0,0.0,0.0
3,694,26.619460026035085,26.631959917023778,False,-25.714284896850586,-0.44879892468452454,50.68132019042969,0.8845558762550354,-26.85714340209961,-0.4687455892562866,84.79120635986328,1.4798856973648071,18.461538314819336,0.32221463322639465,18.063186813186814,0.18063186813186813,-0.460014283657074,0.9085448980331421,-0.47131356596946716,1.482135534286499,0.2955965995788574,0.05346239358186722,-26.356876373291016,-0.46001427325503025,52.0557861328125,0.9085448627315843,-27.004276275634766,-0.47131353312801844,84.92010498046875,1.4821354330484147,16.936437606811523,0.2955965997974499,13.063186813186814,0.13063186813186814,False,True,7.716947455000092,0.0,0.0,0.0,0.0,0.0,0.0,0.0,0.0,0.0,0.0,0.0,0.0,0.0,0.0,0.0
3,695,26.653060307027772,26.664182460983284,False,-25.89011001586914,-0.4518676698207855,51.20878982543945,0.8937619924545288,-26.85714340209961,-0.4687455892562866,84.61538696289062,1.4768171310424805,18.285715103149414,0.31914591789245605,16.552197802197803,0.16552197802197802,-0.4661858081817627,0.9035371541976929,-0.45605775713920593,1.4842020273208618,0.2927659749984741,0.0389396995306015,-26.710477828979492,-0.466185782896639,51.768863677978516,0.9035371211968266,-26.130184173583984,-0.456057747981554,85.03850555419922,1.4842019128962616,16.774253845214844,0.2927659591643183,11.552197802197803,0.11552197802197803,False,True,7.658227849137653,0.0,0.0,0.0,0.0,0.0,0.0,0.0,0.0,0.0,0.0,0.0,0.0,0.0,0.0,0.0
3,696,26.686408941983245,26.697508874931373,False,-25.89011001586914,-0.4518676698207855,51.38461685180664,0.8968307375907898,-26.94505500793457,-0.4702799320220947,84.52747344970703,1.4752826690673828,18.0219783782959,0.31454285979270935,15.865384615384615,0.15865384615384615,-0.46563035249710083,0.8949735164642334,-0.47918394207954407,1.486843466758728,0.2788046598434448,0.0032364651560783386,-26.678651809692383,-0.46563031407227573,51.278202056884766,0.8949734603955678,-27.455215454101562,-0.47918390651850234,85.18984985351562,1.4868433692234566,15.974328994750977,0.2788046367552005,10.865384615384615,0.10865384615384616,False,True,10.541738099776781,0.0,0.0,0.0,0.0,0.0,0.0,0.0,0.0,0.0,0.0,0.0,0.0,0.0,0.0,0.0
3,697,26.7198900670046,26.732852855930105,False,-25.89011001586914,-0.4518676698207855,51.56044006347656,0.899899423122406,-26.94505500793457,-0.4702799320220947,84.52747344970703,1.4752826690673828,17.670330047607422,0.30840542912483215,14.62912087912088,0.1462912087912088,-0.46291249990463257,0.8726073503494263,-0.4676515758037567,1.4841500520706177,0.27991998195648193,0.002152353525161743,-26.522930145263672,-0.462912458311309,49.9967155456543,0.8726073014547008,-26.79446029663086,-0.467651553471105,85.03553009033203,1.484149981255005,16.038232803344727,0.27991996861972573,9.62912087912088,0.0962912087912088,False,True,9.413885526604705,0.0,0.0,0.0,0.0,0.0,0.0,0.0,0.0,0.0,0.0,0.0,0.0,0.0,0.0,0.0
3,698,26.75323115696665,26.766843723948114,False,-26.065933227539062,-0.45493635535240173,51.56044006347656,0.899899423122406,-27.03296661376953,-0.47181427478790283,84.52747344970703,1.4752826690673828,17.230770111083984,0.30073365569114685,13.118131868131869,0.1311813186813187,-0.46032315492630005,0.8967063426971436,-0.46803441643714905,1.4824706315994263,0.2876051664352417,0.004255510866641998,-26.37457275390625,-0.4603231333624522,51.37748718261719,0.8967063127378551,-26.816394805908203,-0.46803438287780386,84.9393081665039,1.482470591871601,16.478561401367188,0.28760515244590823,8.118131868131869,0.08118131868131868,False,True,7.692580781467669,0.0,0.0,0.0,0.0,0.0,0.0,0.0,0.0,0.0,0.0,0.0,0.0,0.0,0.0,0.0
3,699,26.787089698947966,26.79810459993314,False,-26.241758346557617,-0.45800507068634033,51.47252655029297,0.8983650803565979,-26.769229888916016,-0.46721118688583374,84.52747344970703,1.4752826690673828,16.96703338623047,0.29613059759140015,12.01923076923077,0.1201923076923077,-0.45941704511642456,0.8793990612030029,-0.4604693353176117,1.4813531637191772,0.28306353092193604,0.0037573128938674927,-26.322656631469727,-0.4594170260910664,50.3858528137207,0.8793990280246754,-26.38294792175293,-0.4604693076167839,84.87528228759766,1.4813531294782039,16.218345642089844,0.2830635306809416,7.01923076923077,0.0701923076923077,False,True,6.643499479844021,0.0,0.0,0.0,0.0,0.0,0.0,0.0,0.0,0.0,0.0,0.0,0.0,0.0,0.0,0.0
3,700,26.820313786971383,26.83204260794446,False,-26.329669952392578,-0.45953941345214844,51.38461685180664,0.8968307375907898,-26.505495071411133,-0.4626081585884094,84.52747344970703,1.4752826690673828,16.879121780395508,0.29459625482559204,9.958791208791208,0.09958791208791208,-0.46336591243743896,0.8687112331390381,-0.45446649193763733,1.4796745777130127,0.2918962240219116,0.0021871328353881836,-26.54891014099121,-0.4633658947764086,49.77348327636719,0.8687111633589422,-26.039011001586914,-0.45446647594071804,84.77910614013672,1.479674539043127,16.72442054748535,0.29189620404181205,4.958791208791208,0.04958791208791208,False,True,4.74007792525239,0.0,0.0,0.0,0.0,0.0,0.0,0.0,0.0,0.0,0.0,0.0,0.0,0.0,0.0,0.0
3,701,26.85394312196877,26.866166369989514,False,-26.329669952392578,-0.45953941345214844,51.38461685180664,0.8968307375907898,-26.505495071411133,-0.4626081585884094,84.52747344970703,1.4752826690673828,16.879121780395508,0.29459625482559204,8.85989010989011,0.08859890109890109,-0.4688143730163574,0.8515523672103882,-0.4541662037372589,1.48064386844635,0.28858518600463867,0.0032448917627334595,-26.861083984375,-0.46881435618206085,48.79035568237305,0.8515523498765344,-26.021804809570312,-0.454166171238298,84.83464050292969,1.4806437965218613,16.534711837768555,0.2885851624375438,3.8598901098901095,0.038598901098901094,False,True,3.5354009336167636,0.0,0.0,0.0,0.0,0.0,0.0,0.0,0.0,0.0,0.0,0.0,0.0,0.0,0.0,0.0
3,702,26.88749456393998,26.898509567952715,False,-26.329669952392578,-0.45953941345214844,51.20878982543945,0.8937619924545288,-26.41758155822754,-0.46107378602027893,84.52747344970703,1.4752826690673828,16.879121780395508,0.29459625482559204,7.623626373626374,0.07623626373626374,-0.4625552296638489,0.8589122295379639,-0.45832452178001404,1.4845105409622192,0.28622758388519287,0.003128834068775177,-26.502460479736328,-0.46255519525107486,49.21204376220703,0.8589121952860501,-26.260059356689453,-0.45832449754337495,85.05618286132812,1.4845104401085474,16.39963150024414,0.2862275657930375,2.623626373626374,0.02623626373626374,False,True,2.3107429667488564,0.0,0.0,0.0,0.0,0.0,0.0,0.0,0.0,0.0,0.0,0.0,0.0,0.0,0.0,0.0
3,703,26.920866547035985,26.931812581955455,False,-26.329669952392578,-0.45953941345214844,50.94505310058594,0.8891589045524597,-26.41758155822754,-0.46107378602027893,84.52747344970703,1.4752826690673828,16.879121780395508,0.29459625482559204,6.043956043956044,0.06043956043956044,-0.46288734674453735,0.8583579063415527,-0.4560721218585968,1.4888397455215454,0.30180561542510986,0.0030933767557144165,-26.5214900970459,-0.46288732472852134,49.18028259277344,0.8583578583051501,-26.131006240844727,-0.45607209576192687,85.30422973632812,1.4888396747765802,17.292186737060547,0.3018055934314015,1.0439560439560438,0.010439560439560437,False,True,0.7346183683846021,0.0,0.0,0.0,0.0,0.0,0.0,0.0,0.0,0.0,0.0,0.0,0.0,0.0,0.0,0.0
3,704,26.95422747300472,26.96553851000499,False,-26.329669952392578,-0.45953941345214844,50.85714340209961,0.8876246213912964,-26.329669952392578,-0.45953941345214844,84.52747344970703,1.4752826690673828,16.879121780395508,0.29459625482559204,4.739010989010989,0.04739010989010989,-0.46614545583724976,0.8551038503646851,-0.47408559918403625,1.4996088743209839,0.29772472381591797,0.003543056547641754,-26.708166122436523,-0.4661454360061243,48.993839263916016,0.8551038083482095,-27.163103103637695,-0.4740855842171683,85.92125701904297,1.499608832434588,17.058368682861328,0.2977246985350186,0.3543056547641754,0.003543056547641754,False,False,0.0,0.0,0.0,0.0,0.0,0.0,0.0,0.0,0.0,0.0,0.0,0.0,0.0,0.0,0.0,0.0
3,705,26.987947319983505,26.998937477939762,False,-26.329669952392578,-0.45953941345214844,50.85714340209961,0.8876246213912964,-26.329669952392578,-0.45953941345214844,84.52747344970703,1.4752826690673828,16.879121780395508,0.29459625482559204,3.4340659340659343,0.034340659340659344,-0.47140568494796753,0.8422433137893677,-0.48383715748786926,1.4928107261657715,0.3038818836212158,0.0022728219628334045,-27.009553909301758,-0.47140564521222156,48.25698471069336,0.8422432702861624,-27.721824645996094,-0.48383711473314334,85.53174591064453,1.4928105811199428,17.411148071289062,0.30388186039625453,0.22728219628334045,0.0022728219628334045,False,False,0.0,0.0,0.0,0.0,0.0,0.0,0.0,0.0,0.0,0.0,0.0,0.0,0.0,0.0,0.0,0.0
3,706,27.021293413010426,27.032306120032445,False,-26.241758346557617,-0.45800507068634033,50.85714340209961,0.8876246213912964,-26.329669952392578,-0.45953941345214844,84.79120635986328,1.4798856973648071,16.879121780395508,0.29459625482559204,2.815934065934066,0.02815934065934066,-0.47476470470428467,0.8255641460418701,-0.48181530833244324,1.4933773279190063,0.30178332328796387,0.003694988787174225,-27.20201301574707,-0.4747646902951385,47.30133819580078,0.8255640921160778,-27.605981826782227,-0.4818152761230688,85.56421661376953,1.4933773017999117,17.290910720825195,0.3017833227467857,0.3694988787174225,0.003694988787174225,False,False,0.0,0.0,0.0,0.0,0.0,0.0,0.0,0.0,0.0,0.0,0.0,0.0,0.0,0.0,0.0,0.0
3,707,27.054656377993524,27.06536068301648,False,-26.241758346557617,-0.45800507068634033,50.85714340209961,0.8876246213912964,-26.329669952392578,-0.45953941345214844,85.31867980957031,1.4890918731689453,16.879121780395508,0.29459625482559204,1.9230769230769231,0.019230769230769232,-0.4704326391220093,0.8109952211380005,-0.5051835775375366,1.5056461095809937,0.31168365478515625,0.003344722092151642,-26.95380401611328,-0.4704326260184475,46.85714340209961,0.8178114304457754,-28.94488525390625,-0.505183549292619,86.26716613769531,1.5056460854677431,17.858156204223633,0.3116836240991553,0.3344722092151642,0.003344722092151642,False,False,0.0,0.0,0.0,0.0,0.0,0.39054107666015625,0.39054107666015625,0.0,0.0,0.0,0.0,0.0,0.0,0.0,0.0,0.0
3,708,27.088011277955957,27.099090381991118,False,-26.41758155822754,-0.46107378602027893,50.593406677246094,0.8830215334892273,-26.329669952392578,-0.45953941345214844,85.4065933227539,1.4906262159347534,16.879121780395508,0.29459625482559204,1.510989010989011,0.01510989010989011,-0.4673250913619995,0.7516278028488159,-0.4979100525379181,1.5020571947097778,0.3165407180786133,0.003269016742706299,-26.775753021240234,-0.4673250499214613,46.593406677246094,0.8132083562386553,-28.52814292907715,-0.4979100235919354,86.06153106689453,1.5020570764246979,18.136445999145508,0.3165406972952418,0.3269016742706299,0.003269016742706299,False,False,0.0,0.0,0.0,0.0,0.0,3.528308868408203,3.528308868408203,0.0,0.0,0.0,0.0,0.0,0.0,0.0,0.0,0.0
3,709,27.12165826302953,27.132896548951976,False,-26.593406677246094,-0.46414250135421753,50.41758346557617,0.8799528479576111,-26.41758155822754,-0.46107378602027893,85.4065933227539,1.4906262159347534,16.96703338623047,0.29613059759140015,1.2362637362637363,0.012362637362637364,-0.47065281867980957,0.7203810214996338,-0.5118354558944702,1.5064022541046143,0.31556618213653564,0.0033080950379371643,-26.966419219970703,-0.4706528028615698,46.41758346557617,0.8101396622935841,-29.32600975036621,-0.5118354266158507,86.31048583984375,1.5064021569012167,18.080610275268555,0.3155661800733546,0.33080950379371643,0.0033080950379371643,False,False,0.0,0.0,0.0,0.0,0.0,5.142791748046875,5.142791748046875,0.0,0.0,0.0,0.0,0.0,0.0,0.0,0.0,0.0
3,710,27.15475653298199,27.165972835035063,False,-26.681318283081055,-0.46567684412002563,50.41758346557617,0.8799528479576111,-26.593406677246094,-0.46414250135421753,85.4945068359375,1.492160677909851,17.230770111083984,0.30073365569114685,1.0302197802197801,0.0103021978021978,-0.46537578105926514,0.6735842227935791,-0.5076014995574951,1.5042974948883057,0.3233872652053833,0.0033617690205574036,-26.664066314697266,-0.46537574916157776,46.41758346557617,0.8101396622935841,-29.08342170715332,-0.5076014665358155,86.18989562988281,1.504297460691727,18.528724670410156,0.3233872516941584,0.33617690205574036,0.0033617690205574036,False,False,0.0,0.0,0.0,0.0,0.0,7.8240509033203125,7.8240509033203125,0.0,0.0,0.0,0.0,0.0,0.0,0.0,0.0,0.0
3,711,27.18849453900475,27.19961104693357,False,-26.769229888916016,-0.46721118688583374,50.41758346557617,0.8799528479576111,-26.681318283081055,-0.46567684412002563,85.4945068359375,1.492160677909851,17.318681716918945,0.30226802825927734,1.0302197802197801,0.0103021978021978,-0.46075981855392456,0.611636757850647,-0.5067445039749146,1.5244425535202026,0.35288166999816895,0.003145352005958557,-26.39959144592285,-0.4607597919126843,46.41758346557617,0.8101396622935841,-29.034318923950195,-0.506744461297028,87.3441162109375,1.5244424101254135,20.218629837036133,0.3528816608982451,0.3145352005958557,0.003145352005958557,False,False,0.0,0.0,0.0,0.0,0.0,11.37337875366211,11.37337875366211,0.0,0.0,0.0,0.0,0.0,0.0,0.0,0.0,0.0
3,712,27.221827014000155,27.23343369702343,False,-26.769229888916016,-0.46721118688583374,50.41758346557617,0.8799528479576111,-26.681318283081055,-0.46567684412002563,85.5824203491211,1.4936950206756592,17.406593322753906,0.30380237102508545,1.0302197802197801,0.0103021978021978,-0.46406227350234985,0.5615736246109009,-0.509103536605835,1.5476113557815552,0.3994784355163574,0.003623396158218384,-26.588808059692383,-0.4640622448224371,46.41758346557617,0.8101396622935841,-29.169483184814453,-0.5091035226801338,88.67159271240234,1.5476112458188303,21.406593322753906,0.37361553511748885,0.3623396158218384,0.003623396158218384,False,False,0.0,0.0,0.0,0.0,0.0,14.24178695678711,14.24178695678711,0.0,0.0,0.0,0.0,0.0,0.0,0.0,1.4818344116210938,1.4818344116210938
3,713,27.25523960602004,27.267055780044757,False,-26.681318283081055,-0.46567684412002563,50.41758346557617,0.8799528479576111,-26.769229888916016,-0.46721118688583374,85.93406677246094,1.4998323917388916,18.0219783782959,0.31454285979270935,1.0302197802197801,0.0103021978021978,-0.46428513526916504,0.5271056890487671,-0.5350618362426758,1.5871363878250122,0.44983339309692383,0.0024448707699775696,-26.601577758789062,-0.4642851181161631,46.41758346557617,0.8101396622935841,-30.656784057617188,-0.5350618198783269,89.93406677246094,1.5696455748878733,22.0219783782959,0.3843560305042648,0.24448707699775696,0.0024448707699775696,False,False,0.0,0.0,0.0,0.0,0.0,16.21665382385254,16.21665382385254,0.0,0.0,0.0,0.0,1.0021438598632812,1.0021438598632812,0.0,3.751575469970703,3.751575469970703
3,714,27.288896813988686,27.302454103017226,False,-26.593406677246094,-0.46414250135421753,50.41758346557617,0.8799528479576111,-26.769229888916016,-0.46721118688583374,86.9011001586914,1.5167102813720703,19.076923370361328,0.33295512199401855,1.0302197802197801,0.0103021978021978,-0.46101731061935425,0.4900994598865509,-0.5457262992858887,1.615160584449768,0.5312432646751404,0.0028895437717437744,-26.414344787597656,-0.46101728630058136,46.41758346557617,0.8101396622935841,-30.769229888916016,-0.5370243698646335,90.9011001586914,1.586523491454305,23.076923370361328,0.402768294043232,0.28895437717437744,0.0028895437717437744,False,False,0.0,0.0,0.0,0.0,0.0,18.33695411682129,18.33695411682129,0.0,0.4985828399658203,0.4985828399658203,0.0,1.640777587890625,1.640777587890625,0.0,7.361072540283203,7.361072540283203
3,715,27.322036979021505,27.33843418501783,False,-26.505495071411133,-0.4626081585884094,50.41758346557617,0.8799528479576111,-26.85714340209961,-0.4687455892562866,87.86813354492188,1.533588171005249,19.956043243408203,0.34829866886138916,1.0302197802197801,0.0103021978021978,-0.4534965753555298,0.42851343750953674,-0.5473628044128418,1.6130011081695557,0.5685288906097412,0.004451282322406769,-25.98343849182129,-0.4534965526717112,46.41758346557617,0.8101396622935841,-30.85714340209961,-0.5385587501266828,91.86813354492188,1.6034014080207366,23.956043243408203,0.4181118303476145,0.4451282322406769,0.004451282322406769,False,False,0.0,0.0,0.0,0.0,0.0,21.86557388305664,21.86557388305664,0.0,0.5044326782226562,0.5044326782226562,0.0,0.550018310546875,0.550018310546875,0.0,8.61825942993164,8.61825942993164
3,716,27.356068618013524,27.367736003012396,False,-26.505495071411133,-0.4626081585884094,50.41758346557617,0.8799528479576111,-27.384614944458008,-0.47795170545578003,88.92308044433594,1.5520005226135254,20.83516502380371,0.36364221572875977,1.0302197802197801,0.0103021978021978,-0.4494791626930237,0.40467318892478943,-0.5308016538619995,1.6157574653625488,0.6116030216217041,0.0032185837626457214,-25.753257751464844,-0.44947914087781304,46.41758346557617,0.8101396622935841,-30.41269302368164,-0.5308016276615545,92.57608032226562,1.6157574102142684,24.83516502380371,0.43345539994151067,0.32185837626457214,0.0032185837626457214,False,False,0.0,0.0,0.0,0.0,0.0,23.23151969909668,23.23151969909668,0.0,0.0,0.0,0.0,0.0,0.0,0.0,10.20710563659668,10.20710563659668
3,717,27.38958498800639,27.401147432043217,False,-26.505495071411133,-0.4626081585884094,50.41758346557617,0.8799528479576111,-27.736263275146484,-0.48408910632133484,89.71428680419922,1.565809726715088,21.714284896850586,0.37898576259613037,1.0302197802197801,0.0103021978021978,-0.4235965609550476,0.34375908970832825,-0.5270872116088867,1.6300153732299805,0.6757860779762268,0.004859127104282379,-24.270294189453125,-0.42359654403360547,46.41758346557617,0.8101396622935841,-30.199871063232422,-0.5270871837311664,93.39299774169922,1.63001530890028,25.714284896850586,0.4487989362458932,0.4859127104282379,0.004859127104282379,False,False,0.0,0.0,0.0,0.0,0.0,26.72163963317871,26.72163963317871,0.0,0.0,0.0,0.0,0.0,0.0,0.0,13.005403518676758,13.005403518676758
3,718,27.423281289986335,27.436419861973263,False,-26.505495071411133,-0.4626081585884094,50.41758346557617,0.8799528479576111,-27.824174880981445,-0.48562344908714294,90.76923370361328,1.5842219591140747,22.681318283081055,0.39586368203163147,1.0302197802197801,0.0103021978021978,-0.40737175941467285,0.3208608329296112,-0.49859538674354553,1.6495431661605835,0.7319844961166382,0.0027057304978370667,-23.340681076049805,-0.4073717344350021,46.41758346557617,0.8101396622935841,-28.56740951538086,-0.4985953548089537,94.51185607910156,1.6495430707513405,26.681318283081055,0.46567685281232485,0.27057304978370667,0.0027057304978370667,False,False,0.0,0.0,0.0,0.0,0.0,28.033615112304688,28.033613204956055,0.0,0.0,0.0,0.0,0.0,0.0,0.0,15.258302688598633,15.258302688598633
3,719,27.457070266944356,27.471144723007455,False,-26.241758346557617,-0.45800507068634033,50.41758346557617,0.8799528479576111,-27.824174880981445,-0.48562344908714294,91.56044006347656,1.5980311632156372,23.560440063476562,0.41120725870132446,1.0302197802197801,0.0103021978021978,-0.38744473457336426,0.2905319035053253,-0.5210033655166626,1.6584594249725342,0.7702241539955139,0.004653580486774445,-22.241758346557617,-0.3881919145803604,46.41758346557617,0.8101396622935841,-29.85129165649414,-0.5210033253789349,94.99983978271484,1.6580599930754685,27.560440063476562,0.481020422406221,0.46535804867744446,0.004653580486774445,False,False,0.0,0.0,0.042812347412109375,0.042812347412109375,0.0,29.771331787109375,29.771331787109375,0.0,0.0,0.0,0.02288055419921875,0.0,0.02288055419921875,0.0,16.570152282714844,16.570152282714844
3,720,27.490904547041282,27.660617121960968,False,-25.450550079345703,-0.4441958963871002,50.41758346557617,0.8799528479576111,-27.824174880981445,-0.48562344908714294,92.35164642333984,1.6118402481079102,24.52747344970703,0.42808517813682556,0.8928571428571428,0.008928571428571428,-0.4534444212913513,0.8046729564666748,-0.5291391611099243,1.6233397722244263,0.34907472133636475,0.0007440075278282166,-25.980449676513672,-0.4534443880038593,46.41758346557617,0.8101396622935841,-30.31743812561035,-0.5291391160615588,93.01051330566406,1.623339696153833,20.52747344970703,0.35827199881310634,0.07440075278282166,0.0007440075278282166,False,False,0.0,0.0,0.0,0.0,0.0,0.3132209777832031,0.3132209777832031,0.0,0.0,0.0,0.0,0.0,0.0,0.0,0.5269660949707031,0.5269660949707031
3,721,27.662080081994645,27.67641099600587,False,-22.72527503967285,-0.3966308832168579,50.41758346557617,0.8799528479576111,-27.824174880981445,-0.48562344908714294,94.37362670898438,1.6471304893493652,26.813186645507812,0.4679783880710602,0.8928571428571428,0.008928571428571428,-0.44608408212661743,0.7804075479507446,-0.5258885622024536,1.622856855392456,0.37300121784210205,0.0014407038688659668,-25.558732986450195,-0.44608404325163914,46.41758346557617,0.8101396622935841,-30.131193161010742,-0.5258885282140354,92.98284149169922,1.622856731890147,22.813186645507812,0.3981652198361118,0.14407038688659668,0.0014407038688659668,False,False,0.0,0.0,0.0,0.0,0.0,1.7035255432128906,1.7035255432128906,0.0,0.0,0.0,0.0,0.0,0.0,0.0,1.4417915344238281,1.4417915344238281
3,722,27.695572157972492,27.70887185295578,False,-23.076923370361328,-0.4027682840824127,50.41758346557617,0.8799528479576111,-27.824174880981445,-0.48562344908714294,94.37362670898438,1.6471304893493652,26.901098251342773,0.4695127308368683,0.8928571428571428,0.008928571428571428,-0.43781208992004395,0.7277730703353882,-0.5231082439422607,1.6222854852676392,0.3712056875228882,0.003030337393283844,-25.08478355407715,-0.4378120651687713,46.41758346557617,0.8101396622935841,-29.971893310546875,-0.5231082213255063,92.95010375976562,1.6222853506782706,22.901098251342773,0.3996995668086473,0.3030337393283844,0.003030337393283844,False,False,0.0,0.0,0.0,0.0,0.0,4.719261169433594,4.719261169433594,0.0,0.0,0.0,0.0,0.0,0.0,0.0,1.6325798034667969,1.6325798034667969
3,723,27.728869376936927,27.73978237202391,False,-23.340660095214844,-0.4073713719844818,50.41758346557617,0.8799528479576111,-27.824174880981445,-0.48562344908714294,94.10989379882812,1.642527461051941,26.461538314819336,0.461840957403183,0.7554945054945055,0.007554945054945055,-0.43954211473464966,0.7049343585968018,-0.5345841646194458,1.612503170967102,0.3781541585922241,0.0019174888730049133,-25.18390655517578,-0.4395420879024004,46.41758346557617,0.8101396622935841,-30.62941551208496,-0.5345841486473076,92.38961791992188,1.6125030273621914,22.461538314819336,0.39202779865645604,0.19174888730049133,0.0019174888730049133,False,False,0.0,0.0,0.0,0.0,0.0,6.027820587158203,6.027820587158203,0.0,0.0,0.0,0.0,0.0,0.0,0.0,0.7949028015136719,0.7949028015136719
3,724,27.76242133497726,27.773662731982768,False,-23.956043243408203,-0.4181118309497833,50.41758346557617,0.8799528479576111,-27.824174880981445,-0.48562344908714294,93.4945068359375,1.6317869424819946,25.05494499206543,0.43729129433631897,0.7554945054945055,0.007554945054945055,-0.44450145959854126,0.7093241214752197,-0.5408035516738892,1.6131319999694824,0.3854954242706299,0.0011339709162712097,-25.468055725097656,-0.44450142648434593,46.41758346557617,0.8101396622935841,-30.985759735107422,-0.5408035286095105,92.42565155029297,1.6131319328536138,22.08725929260254,0.38549539739762795,0.11339709162712097,0.0011339709162712097,False,False,0.0,0.0,0.0,0.0,0.0,5.77630615234375,5.77630615234375,0.0,0.0,0.0,0.0,0.0,0.0,0.0,0.0,0.0
3,725,27.795915446942672,27.806343458010815,False,-24.395605087280273,-0.425783634185791,50.41758346557617,0.8799528479576111,-27.824174880981445,-0.48562344908714294,93.31867980957031,1.6287182569503784,24.08791160583496,0.42041337490081787,0.7554945054945055,0.007554945054945055,-0.43939727544784546,0.7046712636947632,-0.5399367809295654,1.609913945198059,0.3829004764556885,0.0010832622647285461,-25.175607681274414,-0.43939724522861373,46.41758346557617,0.8101396622935841,-30.93609619140625,-0.539936736253717,92.24127197265625,1.6099139021504165,21.938579559326172,0.38290044652096833,0.10832622647285461,0.0010832622647285461,False,False,0.0,0.0,0.0,0.0,0.0,6.042896270751953,6.042896270751953,0.0,0.0,0.0,0.0,0.0,0.0,0.0,0.0,0.0
3,726,27.82923341996502,27.839883522945456,False,-25.010988235473633,-0.43652409315109253,50.41758346557617,0.8799528479576111,-27.824174880981445,-0.48562344908714294,92.87911987304688,1.6210464239120483,23.47252655029297,0.4096728563308716,0.7554945054945055,0.007554945054945055,-0.44136255979537964,0.7117778062820435,-0.5475163459777832,1.6129316091537476,0.38359105587005615,0.004654377698898315,-25.288209915161133,-0.4413625249550377,46.41758346557617,0.8101396622935841,-31.37037467956543,-0.5475163257426778,92.41416931152344,1.6129315299815852,21.978147506713867,0.38359103748113954,0.46543776988983154,0.004654377698898315,False,False,0.0,0.0,0.0,0.0,0.0,5.635723114013672,5.635723114013672,0.0,0.0,0.0,0.0,0.0,0.0,0.0,0.0,0.0
3,727,27.86283391993493,27.874121194938198,False,-25.186813354492188,-0.43959280848503113,50.41758346557617,0.8799528479576111,-27.824174880981445,-0.48562344908714294,92.79120635986328,1.6195120811462402,23.120878219604492,0.4035354554653168,0.7554945054945055,0.007554945054945055,-0.4474582076072693,0.7125363349914551,-0.5316705703735352,1.6174602508544922,0.3757162094116211,0.04296288639307022,-25.63746452331543,-0.4474581677950928,46.41758346557617,0.8101396622935841,-30.462478637695312,-0.53167055054622,92.67363739013672,1.6174601022572106,21.526952743530273,0.3757162032958297,4.296288639307022,0.04296288639307022,False,False,0.0,0.0,0.0,0.0,0.0,5.592262268066406,5.592262268066406,0.0,0.0,0.0,0.0,0.0,0.0,0.0,0.0,0.0
3,728,27.896136219031177,27.90674027102068,False,-25.27472496032715,-0.44112715125083923,50.41758346557617,0.8799528479576111,-28.08791160583496,-0.49022653698921204,92.79120635986328,1.6195120811462402,22.94505500793457,0.4004667401313782,0.7554945054945055,0.007554945054945055,-0.44665664434432983,0.7019999027252197,-0.5268514156341553,1.6151846647262573,0.3623049259185791,0.04145326092839241,-25.59153938293457,-0.4466566228860062,46.41758346557617,0.8101396622935841,-30.18636131286621,-0.5268513941061536,92.54325866699219,1.6151845642637923,20.758541107177734,0.36230489023084056,4.145326092839241,0.04145326092839241,False,False,0.0,0.0,0.0,0.0,0.0,6.195953369140625,6.195953369140625,0.0,0.0,0.0,0.0,0.0,0.0,0.0,0.0,0.0
3,729,27.929830473964103,27.940657680039294,False,-25.010988235473633,-0.43652409315109253,50.41758346557617,0.8799528479576111,-28.263736724853516,-0.49329525232315063,92.79120635986328,1.6195120811462402,22.593406677246094,0.39432933926582336,0.8241758241758242,0.008241758241758242,-0.4495277404785156,0.6929419040679932,-0.5560576915740967,1.6134953498840332,0.36441659927368164,0.00671570748090744,-25.756040573120117,-0.4495277102781934,46.41758346557617,0.8101396622935841,-31.859756469726562,-0.5560576492802937,92.44647216796875,1.613495321184355,20.879531860351562,0.36441657723819165,0.671570748090744,0.00671570748090744,False,False,0.0,0.0,0.0,0.0,0.0,6.714939117431641,6.714939117431641,0.0,0.0,0.0,0.0,0.0,0.0,0.0,0.0,0.0
3,730,27.96325624396559,27.976127702975646,False,-24.923076629638672,-0.4349897503852844,50.41758346557617,0.8799528479576111,-28.263736724853516,-0.49329525232315063,92.79120635986328,1.6195120811462402,22.065933227539062,0.38512319326400757,1.8543956043956045,0.018543956043956044,-0.44440943002700806,0.692754864692688,-0.5340371131896973,1.604560375213623,0.3540719747543335,0.004025965929031372,-25.462783813476562,-0.4444094142686837,46.41758346557617,0.8101396622935841,-30.59807014465332,-0.534037068780378,91.93453216552734,1.6045602825690848,20.286828994750977,0.354071960747456,0.4025965929031372,0.004025965929031372,False,False,0.0,0.0,0.0,0.0,0.0,6.725654602050781,6.725654602050781,0.0,0.0,0.0,0.0,0.0,0.0,0.0,0.0,0.0
3,731,27.99669499997981,28.007584403967485,False,-25.010988235473633,-0.43652409315109253,50.41758346557617,0.8799528479576111,-28.439559936523438,-0.49636396765708923,92.79120635986328,1.6195120811462402,21.80219841003418,0.38052013516426086,2.815934065934066,0.02815934065934066,-0.44048237800598145,0.6831198930740356,-0.527108907699585,1.601694941520691,0.34802937507629395,0.004574723541736603,-25.23777961730957,-0.4404823502147665,46.41758346557617,0.8101396622935841,-30.201114654541016,-0.5271088884940506,91.77035522460938,1.601694854394214,19.94061279296875,0.34802934810260705,0.4574723541736603,0.004574723541736603,False,False,0.0,0.0,0.0,0.0,0.0,7.277698516845703,7.277698516845703,0.0,0.0,0.0,0.0,0.0,0.0,0.0,0.0,0.0
3,732,28.02999951399397,28.040659065009095,False,-25.186813354492188,-0.43959280848503113,50.41758346557617,0.8799528479576111,-28.879121780395508,-0.5040357708930969,92.61538696289062,1.616443395614624,21.36263656616211,0.3728483319282532,2.815934065934066,0.02815934065934066,-0.4460350275039673,0.6802754402160645,-0.5471006631851196,1.6036417484283447,0.33705055713653564,0.004185281693935394,-25.555923461914062,-0.4460350077980681,46.41758346557617,0.8101396622935841,-31.3465576171875,-0.5471006395860302,91.88189697265625,1.603641625151062,19.311573028564453,0.33705053308778266,0.41852816939353943,0.004185281693935394,False,False,0.0,0.0,0.0,0.0,0.0,7.440673828125,7.440673828125,0.0,0.0,0.0,0.0,0.0,0.0,0.0,0.0,0.0
3,733,28.063179477932863,28.073924134019762,False,-25.626373291015625,-0.44726458191871643,50.41758346557617,0.8799528479576111,-28.879121780395508,-0.5040357708930969,92.43955993652344,1.6133747100830078,21.010988235473633,0.36671093106269836,1.7857142857142856,0.017857142857142856,-0.4491075873374939,0.6626201868057251,-0.5308448076248169,1.604404091835022,0.33615410327911377,0.004911676049232483,-25.73196792602539,-0.44910756332671975,46.41758346557617,0.8101396622935841,-30.415164947509766,-0.5308447708712137,91.92557525634766,1.604403955013097,19.260210037231445,0.3361540797753484,0.4911676049232483,0.004911676049232483,False,False,0.0,0.0,0.0,0.0,0.0,8.45224380493164,8.45224380493164,0.0,0.0,0.0,0.0,0.0,0.0,0.0,0.0,0.0
3,734,28.096598448930308,28.107162308995612,False,-25.80219841003418,-0.4503333270549774,50.41758346557617,0.8799528479576111,-28.879121780395508,-0.5040357708930969,92.26373291015625,1.610305905342102,20.483516693115234,0.35750481486320496,1.304945054945055,0.01304945054945055,-0.44773292541503906,0.6721843481063843,-0.5418127775192261,1.6071486473083496,0.34924542903900146,0.009878844022750854,-25.65320587158203,-0.4477329061510481,46.41758346557617,0.8101396622935841,-31.043582916259766,-0.541812733504596,92.08283233642578,1.6071486088325326,20.01028823852539,0.3492454140353645,0.9878844022750854,0.009878844022750854,False,False,0.0,0.0,0.0,0.0,0.0,7.904258728027344,7.904258728027344,0.0,0.0,0.0,0.0,0.0,0.0,0.0,0.0,0.0
3,735,28.13004575902596,28.14167662896216,False,-25.80219841003418,-0.4503333270549774,50.41758346557617,0.8799528479576111,-28.96703338623047,-0.505570113658905,92.26373291015625,1.610305905342102,20.21977996826172,0.35290172696113586,1.2362637362637363,0.012362637362637364,-0.45456886291503906,0.6597175598144531,-0.5233496427536011,1.60872483253479,0.3474198579788208,0.011459525674581528,-26.044876098632812,-0.454568841195118,46.41758346557617,0.8101396622935841,-29.9857234954834,-0.5233496035888083,92.17314147949219,1.608724800723696,19.905691146850586,0.3474198503976288,1.1459525674581528,0.011459525674581528,False,False,0.0,0.0,0.0,0.0,0.0,8.618553161621094,8.618553161621094,0.0,0.0,0.0,0.0,0.0,0.0,0.0,0.0,0.0
3,736,28.163426458020695,28.17684986803215,False,-25.626373291015625,-0.44726458191871643,50.41758346557617,0.8799528479576111,-28.96703338623047,-0.505570113658905,92.26373291015625,1.610305905342102,20.21977996826172,0.35290172696113586,1.2362637362637363,0.012362637362637364,-0.45182496309280396,0.6900622844696045,-0.5201129913330078,1.6125144958496094,0.3488435745239258,0.056440845131874084,-25.887662887573242,-0.4518249530344957,46.41758346557617,0.8101396622935841,-29.800277709960938,-0.5201129640474942,92.39026641845703,1.6125143457968243,19.987262725830078,0.34884354302687154,5.6440845131874084,0.056440845131874084,False,False,0.0,0.0,0.0,0.0,0.0,6.8799285888671875,6.8799285888671875,0.0,0.0,0.0,0.0,0.0,0.0,0.0,0.0,0.0
3,737,28.19769196002744,28.210024258005433,False,-25.36263656616211,-0.4426615238189697,50.41758346557617,0.8799528479576111,-28.96703338623047,-0.505570113658905,92.26373291015625,1.610305905342102,20.131868362426758,0.35136738419532776,1.2362637362637363,0.012362637362637364,-0.4520237445831299,0.6891837120056152,-0.5240546464920044,1.6137950420379639,0.33686161041259766,0.10099486261606216,-25.899051666259766,-0.4520237247203565,46.41758346557617,0.8101396622935841,-30.0261173248291,-0.5240546089083795,92.46363830566406,1.6137949268069889,19.30074691772461,0.33686158180844156,6.236263736263736,0.06236263736263736,False,True,3.86322252534248,0.0,0.0,0.0,0.0,6.930267333984375,6.930267333984375,0.0,0.0,0.0,0.0,0.0,0.0,0.0,0.0,0.0
3,738,28.231056023039855,28.243270197999664,False,-25.27472496032715,-0.44112715125083923,50.41758346557617,0.8799528479576111,-28.879121780395508,-0.5040357708930969,92.26373291015625,1.610305905342102,20.131868362426758,0.35136738419532776,1.3736263736263736,0.013736263736263736,-0.446913480758667,0.6913506984710693,-0.5249717235565186,1.6161818504333496,0.33653998374938965,0.15450581908226013,-25.60625457763672,-0.4469134514836307,46.41758346557617,0.8101396622935841,-30.078662872314453,-0.524971701719262,92.60039520263672,1.6161817849339726,19.282320022583008,0.33653997181730083,6.373626373626374,0.06373626373626375,False,True,9.076955534599639,0.0,0.0,0.0,0.0,6.8061065673828125,6.8061065673828125,0.0,0.0,0.0,0.0,0.0,0.0,0.0,0.0,0.0
3,739,28.264370598946698,28.275896852021106,False,-25.27472496032715,-0.44112715125083923,50.41758346557617,0.8799528479576111,-28.879121780395508,-0.5040357708930969,92.26373291015625,1.610305905342102,20.131868362426758,0.35136738419532776,2.541208791208791,0.025412087912087912,-0.4475522041320801,0.6833158731460571,-0.5378507375717163,1.6220979690551758,0.33085525035858154,0.19318918883800507,-25.642850875854492,-0.4475521773815726,46.41758346557617,0.8101396622935841,-30.81657600402832,-0.5378507154613715,92.93936157226562,1.622097864137529,18.956607818603516,0.3308552214439313,7.541208791208791,0.07541208791208791,False,True,11.777710092591715,0.0,0.0,0.0,0.0,7.266471862792969,7.266471862792969,0.0,0.0,0.0,0.0,0.0,0.0,0.0,0.0,0.0
3,740,28.29789486597292,28.309135849936865,False,-25.450550079345703,-0.4441958963871002,50.41758346557617,0.8799528479576111,-28.879121780395508,-0.5040357708930969,92.26373291015625,1.610305905342102,19.868131637573242,0.34676429629325867,3.708791208791209,0.03708791208791209,-0.4487522840499878,0.6834840774536133,-0.5313447713851929,1.6241880655288696,0.34126102924346924,0.20589247345924377,-25.711610794067383,-0.44875226434778953,46.41758346557617,0.8101396622935841,-30.443811416625977,-0.5313447460763625,93.05911254882812,1.6241879129610233,19.55281639099121,0.34126102406071157,8.708791208791208,0.08708791208791208,False,True,11.88045613713317,0.0,0.0,0.0,0.0,7.256832122802734,7.256832122802734,0.0,0.0,0.0,0.0,0.0,0.0,0.0,0.0,0.0
3,741,28.33151352603454,28.342719794018194,False,-25.626373291015625,-0.44726458191871643,50.41758346557617,0.8799528479576111,-28.879121780395508,-0.5040357708930969,92.26373291015625,1.610305905342102,19.69230842590332,0.34369561076164246,5.082417582417582,0.050824175824175824,-0.4533131718635559,0.6593372821807861,-0.5212039947509766,1.6267869472503662,0.3331249952316284,0.2037201225757599,-25.972930908203125,-0.45331316074114564,46.41758346557617,0.8101396622935841,-29.8627872467041,-0.5212039612775587,93.20802307128906,1.6267868918688315,19.086654663085938,0.33312496706197864,10.082417582417582,0.10082417582417583,False,True,10.289594675158407,0.0,0.0,0.0,0.0,8.640342712402344,8.640342712402344,0.0,0.0,0.0,0.0,0.0,0.0,0.0,0.0,0.0
3,742,28.365668997983448,28.37652127095498,False,-25.80219841003418,-0.4503333270549774,50.41758346557617,0.8799528479576111,-28.879121780395508,-0.5040357708930969,92.26373291015625,1.610305905342102,19.69230842590332,0.34369561076164246,6.387362637362637,0.06387362637362637,-0.44600367546081543,0.667007327079773,-0.5202586650848389,1.6281627416610718,0.34916508197784424,0.20261606574058533,-25.554126739501953,-0.4460036490762324,46.41758346557617,0.8101396622935841,-29.808624267578125,-0.5202586389591215,93.28684997558594,1.6281626808879663,20.00568389892578,0.3491650531494714,11.387362637362637,0.11387362637362637,False,True,8.874243936695896,0.0,0.0,0.0,0.0,8.200881958007812,8.200881958007812,0.0,0.0,0.0,0.0,0.0,0.0,0.0,0.0,0.0
3,743,28.399208639981225,28.412733052973635,False,-25.80219841003418,-0.4503333270549774,50.41758346557617,0.8799528479576111,-28.879121780395508,-0.5040357708930969,92.43955993652344,1.6133747100830078,19.604394912719727,0.34216123819351196,7.6923076923076925,0.07692307692307693,-0.4502294063568115,0.6305010318756104,-0.4736487567424774,1.6290522813796997,0.3633004426956177,0.20562085509300232,-25.79624366760254,-0.450229386646402,46.41758346557617,0.8101396622935841,-27.138072967529297,-0.4736487259298544,93.33781433105469,1.629052176692053,20.815580368041992,0.36330041313582584,12.692307692307693,0.12692307692307694,False,True,7.8697778169925385,0.0,0.0,0.0,0.0,10.292537689208984,10.292537689208984,0.0,0.0,0.0,0.0,0.0,0.0,0.0,0.0,0.0
3,744,28.432473976979963,28.444646534975618,False,-25.80219841003418,-0.4503333270549774,50.41758346557617,0.8799528479576111,-28.879121780395508,-0.5040357708930969,92.52747344970703,1.614909052848816,19.604394912719727,0.34216123819351196,8.928571428571429,0.08928571428571429,-0.44662314653396606,0.6382375955581665,-0.5044378042221069,1.6289392709732056,0.3506256341934204,0.20067459344863892,-25.58962059020996,-0.44662313363529843,46.41758346557617,0.8101396622935841,-28.90215492248535,-0.5044377643188559,93.33133697509766,1.628939125503779,20.08936882019043,0.3506256305598117,13.928571428571429,0.1392857142857143,False,True,6.138887916292463,0.0,0.0,0.0,0.0,9.849266052246094,9.849266052246094,0.0,0.0,0.0,0.0,0.0,0.0,0.0,0.0,0.0
3,745,28.46670633496251,28.47766806895379,False,-25.714284896850586,-0.44879892468452454,50.41758346557617,0.8799528479576111,-28.703296661376953,-0.5009670257568359,92.70330047607422,1.6179778575897217,19.868131637573242,0.34676429629325867,10.164835164835164,0.10164835164835165,-0.4450978636741638,0.6567549705505371,-0.5212424993515015,1.6285266876220703,0.36210834980010986,0.1980484426021576,-25.502227783203125,-0.4450978414104692,46.41758346557617,0.8101396622935841,-29.864994049072266,-0.521242477244824,93.30770111083984,1.6285266018509257,20.747278213500977,0.3621083156528791,15.164835164835164,0.15164835164835164,False,True,4.640009095380595,0.0,0.0,0.0,0.0,8.78829574584961,8.78829574584961,0.0,0.0,0.0,0.0,0.0,0.0,0.0,0.0,0.0
3,746,28.499645389034413,28.511952104978263,False,-25.538461685180664,-0.4457302391529083,50.41758346557617,0.8799528479576111,-28.08791160583496,-0.49022653698921204,92.79120635986328,1.6195120811462402,19.956043243408203,0.34829866886138916,11.401098901098901,0.11401098901098901,-0.44119638204574585,0.6287803649902344,-0.49564728140830994,1.6315280199050903,0.3438190221786499,0.19907298684120178,-25.278688430786133,-0.44119634370301675,46.41758346557617,0.8101396622935841,-28.398496627807617,-0.4956472687717496,93.47966766357422,1.631527984399445,19.699377059936523,0.34381899028773266,16.4010989010989,0.164010989010989,False,True,3.5061997830212768,0.0,0.0,0.0,0.0,10.391124725341797,10.391124725341797,0.0,0.0,0.0,0.0,0.0,0.0,0.0,0.0,0.0
3,747,28.533036125008948,28.546338791958988,False,-25.36263656616211,-0.4426615238189697,50.41758346557617,0.8799528479576111,-28.0,-0.48869219422340393,93.4065933227539,1.6302525997161865,19.956043243408203,0.34829866886138916,12.706043956043956,0.12706043956043955,-0.4482758641242981,0.6325130462646484,-0.4958292543888092,1.6289122104644775,0.34941327571868896,0.20052853226661682,-25.68431282043457,-0.44827582482877437,46.41758346557617,0.8101396622935841,-28.40892219543457,-0.49582922925322925,93.32978820800781,1.6289120944187148,20.01990509033203,0.34941325976306675,17.706043956043956,0.17706043956043957,False,True,2.346809270617726,0.0,0.0,0.0,0.0,10.177257537841797,10.177257537841797,0.0,0.0,0.0,0.0,0.0,0.0,0.0,0.0,0.0
3,748,28.566519901971333,28.577370655955747,False,-25.36263656616211,-0.4426615238189697,50.41758346557617,0.8799528479576111,-28.263736724853516,-0.49329525232315063,93.4065933227539,1.6302525997161865,20.043956756591797,0.34983304142951965,13.942307692307693,0.13942307692307693,-0.4444504380226135,0.6457028388977051,-0.5162358283996582,1.6278198957443237,0.3554025888442993,0.19777736067771912,-25.465133666992188,-0.44445042694947096,46.41758346557617,0.8101396622935841,-29.57813262939453,-0.5162358009745023,93.26720428466797,1.6278197988976186,20.363067626953125,0.35540257589660046,18.942307692307693,0.18942307692307694,False,True,0.8354283754642182,0.0,0.0,0.0,0.0,9.421539306640625,9.421539306640625,0.0,0.0,0.0,0.0,0.0,0.0,0.0,0.0,0.0
3,749,28.600235819001682,28.611306593986228,False,-25.36263656616211,-0.4426615238189697,50.32966995239258,0.8784184455871582,-28.175825119018555,-0.49176090955734253,93.4065933227539,1.6302525997161865,19.956043243408203,0.34829866886138916,15.178571428571427,0.15178571428571427,-0.44480645656585693,0.6467447280883789,-0.49954649806022644,1.6252273321151733,0.36303961277008057,0.20061621069908142,-25.485530853271484,-0.4448064250081873,46.32966995239258,0.808605282031535,-28.621904373168945,-0.4995464695027618,93.11865997314453,1.6252272115764266,20.800636291503906,0.3630395897965662,20.061621069908142,0.20061621069908142,False,False,0.0,0.0,0.0,0.0,0.0,9.273929595947266,9.273929595947266,0.0,0.0,0.0,0.0,0.0,0.0,0.0,0.0,0.0
3,750,28.633565552998334,28.803180904011242,False,-25.36263656616211,-0.4426615238189697,50.06593322753906,0.8738153576850891,-28.08791160583496,-0.49022653698921204,93.4065933227539,1.6302525997161865,19.956043243408203,0.34829866886138916,16.483516483516482,0.1648351648351648,-0.47030824422836304,0.8978548049926758,-0.5441703796386719,1.6156748533248901,0.31167566776275635,0.001866959035396576,-26.94667625427246,-0.47030822310602716,51.44328689575195,0.8978547343789245,-31.178665161132812,-0.5441703634386159,92.57134246826172,1.6156747190624214,17.857698440551758,0.31167563461588504,11.483516483516482,0.11483516483516482,False,True,11.296820579976824,0.0,0.0,0.0,0.0,0.0,0.0,0.0,0.0,0.0,0.0,0.0,0.0,0.0,0.0,0.0
3,751,28.804655796964653,28.81720329693053,False,-25.36263656616211,-0.4426615238189697,49.80219650268555,0.86921226978302,-28.175825119018555,-0.49176090955734253,93.4065933227539,1.6302525997161865,20.30769157409668,0.35443606972694397,19.436813186813186,0.19436813186813187,-0.4676305055618286,0.9159032106399536,-0.5439317226409912,1.6186208724975586,0.3095356225967407,0.0021700039505958557,-26.79325294494629,-0.46763048120897976,52.477386474609375,0.9159031768234732,-31.164989471435547,-0.5439316776259175,92.74014282226562,1.6186208410183216,17.735084533691406,0.30953561823243825,14.436813186813186,0.14436813186813185,False,True,14.2198127917536,0.0,0.0,0.0,0.0,0.0,0.0,0.0,0.0,0.0,0.0,0.0,0.0,0.0,0.0,0.0
3,752,28.837882612016983,28.850063944002613,False,-25.36263656616211,-0.4426615238189697,49.80219650268555,0.86921226978302,-28.175825119018555,-0.49176090955734253,93.4065933227539,1.6302525997161865,20.30769157409668,0.35443606972694397,19.436813186813186,0.19436813186813187,-0.46693938970565796,0.9354314804077148,-0.5529904365539551,1.6208341121673584,0.27831852436065674,0.0010365918278694153,-26.75365447998047,-0.46693935761659056,53.59627151489258,0.9354314047277246,-31.684017181396484,-0.5529904200738222,92.86695098876953,1.6208340610422318,16.30769157409668,0.2846229113677239,14.436813186813186,0.14436813186813185,False,True,14.333154004026245,0.0,0.0,0.0,0.0,0.0,0.0,0.0,0.0,0.0,0.0,0.0,0.0,0.0,0.36121559143066406,0.36121559143066406
3,753,28.871476231026463,28.88369251904078,False,-25.626373291015625,-0.44726458191871643,50.06593322753906,0.8738153576850891,-28.52747344970703,-0.4978983402252197,93.4065933227539,1.6302525997161865,19.868131637573242,0.34676429629325867,18.956043956043956,0.18956043956043955,-0.4659135341644287,0.8994532823562622,-0.5421798229217529,1.6161763668060303,0.2780008316040039,0.0008969083428382874,-26.69487762451172,-0.46591350796469205,51.534873962402344,0.8994532302442173,-31.064613342285156,-0.5421797836818362,92.60008239746094,1.6161763254537378,15.92827320098877,0.27800081151443057,13.956043956043956,0.13956043956043956,False,True,13.866353121760127,0.0,0.0,0.0,0.0,0.0,0.0,0.0,0.0,0.0,0.0,0.0,0.0,0.0,0.0,0.0
3,754,28.904942048946396,28.916189837036654,False,-25.89011001586914,-0.4518676698207855,51.20878982543945,0.8937619924545288,-29.318681716918945,-0.5117075443267822,93.05494689941406,1.624115228652954,18.549449920654297,0.32374897599220276,17.376373626373624,0.17376373626373623,-0.45755547285079956,0.8793395757675171,-0.5421909093856812,1.6076046228408813,0.2806757688522339,0.000720389187335968,-26.21599578857422,-0.45755544319958735,50.382442474365234,0.8793395063743121,-31.065248489379883,-0.5421908690898737,92.10895538330078,1.6076045420111542,16.08153533935547,0.2806757404475766,12.376373626373624,0.12376373626373624,False,True,12.304334707640027,0.0,0.0,0.0,0.0,0.0,0.0,0.0,0.0,0.0,0.0,0.0,0.0,0.0,0.0,0.0
3,755,28.938328001997434,28.94970628398005,False,-26.065933227539062,-0.45493635535240173,52.43955993652344,0.9152429699897766,-30.19780158996582,-0.5270510315895081,92.70330047607422,1.6179778575897217,17.58241844177246,0.30687108635902405,15.934065934065933,0.15934065934065933,-0.47559279203414917,0.8916819095611572,-0.5265271663665771,1.6056292057037354,0.3089252710342407,0.0010673776268959045,-27.24945831298828,-0.47559276694658503,51.08960723876953,0.8916818598672571,-30.167781829833984,-0.5265271209539227,91.99577331542969,1.605629142272588,17.70011329650879,0.3089252550001057,10.934065934065933,0.10934065934065933,False,True,10.827328171376342,0.0,0.0,0.0,0.0,0.0,0.0,0.0,0.0,0.0,0.0,0.0,0.0,0.0,0.0,0.0
3,756,28.97193685802631,28.983309466042556,False,-26.065933227539062,-0.45493635535240173,52.70329666137695,0.9198460578918457,-30.461538314819336,-0.5316541194915771,92.61538696289062,1.616443395614624,17.14285659790039,0.29919928312301636,14.766483516483516,0.14766483516483517,-0.4627782702445984,0.8753256797790527,-0.5231728553771973,1.606579065322876,0.29650676250457764,-0.0005782395601272583,-26.515239715576172,-0.462778234992369,50.1524658203125,0.8753256565583719,-29.975595474243164,-0.5231728362714543,92.0501937866211,1.6065789586753647,16.988584518432617,0.2965067350999845,9.766483516483516,0.09766483516483516,True,True,9.824307472496242,0.0,0.0,0.0,0.0,0.0,0.0,0.0,0.0,0.0,0.0,0.0,0.0,0.0,0.0,0.0
3,757,29.00523130898364,29.017061484977603,False,-26.241758346557617,-0.45800507068634033,52.263736724853516,0.9121742844581604,-30.10988998413086,-0.5255166888237,92.26373291015625,1.610305905342102,17.14285659790039,0.29919928312301636,13.873626373626374,0.13873626373626374,-0.46202170848846436,0.862146258354187,-0.5400440692901611,1.611767053604126,0.2934553623199463,-0.0005244612693786621,-26.471893310546875,-0.4620216975057047,49.3973388671875,0.8621462049557879,-30.942243576049805,-0.5400440283561335,92.34744262695312,1.6117669296368937,16.813753128051758,0.29345535170199893,8.873626373626374,0.08873626373626374,True,True,8.92607250056424,0.0,0.0,0.0,0.0,0.0,0.0,0.0,0.0,0.0,0.0,0.0,0.0,0.0,0.0,0.0
3,758,29.039365460979752,29.050907767028548,False,-26.41758155822754,-0.46107378602027893,52.087913513183594,0.9091055989265442,-29.670330047607422,-0.5178449749946594,92.43955993652344,1.6133747100830078,17.318681716918945,0.30226802825927734,11.607142857142858,0.11607142857142858,-0.4638134241104126,0.8673548698425293,-0.5604207515716553,1.6134361028671265,0.27401506900787354,0.0002226606011390686,-26.57455062866211,-0.46381340570808277,49.695770263671875,0.8673548154157648,-32.1097412109375,-0.5604207060941705,92.44307708740234,1.6134360658501008,15.699906349182129,0.2740150580479907,6.607142857142858,0.06607142857142857,False,True,6.584876797028951,0.0,0.0,0.0,0.0,0.0,0.0,0.0,0.0,0.0,0.0,0.0,0.0,0.0,0.0,0.0
3,759,29.072931636939757,29.084032360929996,False,-26.85714340209961,-0.4687455892562866,52.0,0.9075711965560913,-29.758241653442383,-0.5193793177604675,92.61538696289062,1.616443395614624,17.230770111083984,0.30073365569114685,10.576923076923077,0.10576923076923077,-0.47110533714294434,0.8309879302978516,-0.5693227052688599,1.611353874206543,0.26877784729003906,0.0009130239486694336,-26.992345809936523,-0.47110530722028787,48.0,0.8377580409572782,-32.61978530883789,-0.5693226549328966,92.32376861572266,1.6113537401937679,15.399835586547852,0.2687778352510522,5.576923076923077,0.055769230769230765,False,True,5.485620682056133,0.0,0.0,0.0,0.0,0.38790130615234375,0.38790130615234375,0.0,0.0,0.0,0.0,0.0,0.0,0.0,0.0,0.0
3,760,29.10662162594963,29.11792218394112,False,-26.94505500793457,-0.4702799320220947,52.0,0.9075711965560913,-30.0219783782959,-0.5239823460578918,92.35164642333984,1.6118402481079102,16.879121780395508,0.29459625482559204,9.615384615384617,0.09615384615384617,-0.47818320989608765,0.8625609874725342,-0.5736343860626221,1.6167653799057007,0.301611065864563,0.0005356445908546448,-27.397878646850586,-0.47818319044939145,49.42110061645508,0.8625609257165404,-32.86682891845703,-0.5736343793167621,92.63382720947266,1.6167652835288089,17.28104019165039,0.3016110495137712,4.615384615384617,0.04615384615384617,False,True,4.561820156299152,0.0,0.0,0.0,0.0,0.0,0.0,0.0,0.0,0.0,0.0,0.0,0.0,0.0,0.0,0.0
3,761,29.139938349020667,29.15093663299922,False,-26.94505500793457,-0.4702799320220947,52.0,0.9075711965560913,-30.285715103149414,-0.5285854339599609,92.35164642333984,1.6118402481079102,16.351648330688477,0.28539010882377625,8.104395604395604,0.08104395604395603,-0.4974183440208435,0.7800332307815552,-0.5789003372192383,1.6079704761505127,0.2977365255355835,-0.00048016756772994995,-28.499969482421875,-0.4974183041861659,48.0,0.8377580409572782,-33.16854476928711,-0.5789003143192031,92.12991333007812,1.6079703271868766,17.059045791625977,0.2977365163123558,3.104395604395604,0.03104395604395604,True,True,3.152412361168599,0.0,0.0,0.0,0.0,3.307392120361328,3.307392120361328,0.0,0.0,0.0,0.0,0.0,0.0,0.0,0.0,0.0
3,762,29.173279233975336,29.185607656021602,False,-26.85714340209961,-0.4687455892562866,51.82417678833008,0.9045025110244751,-30.285715103149414,-0.5285854339599609,92.26373291015625,1.610305905342102,16.351648330688477,0.28539010882377625,7.142857142857142,0.07142857142857142,-0.4855276942253113,0.8226805925369263,-0.5847325325012207,1.608201026916504,0.2756505012512207,-0.001159273087978363,-27.81868553161621,-0.485527656103612,47.82417678833008,0.8346893470122071,-33.50270462036133,-0.584732503948422,92.14312744140625,1.6082009569372775,15.793609619140625,0.27565048862865155,2.1428571428571423,0.021428571428571422,True,True,2.2587844516549787,0.0,0.0,0.0,0.0,0.6880531311035156,0.6880531311035156,0.0,0.0,0.0,0.0,0.0,0.0,0.0,0.0,0.0
3,763,29.207000865018927,29.21776949602645,False,-26.94505500793457,-0.4702799320220947,51.82417678833008,0.9045025110244751,-30.373626708984375,-0.530119776725769,92.26373291015625,1.610305905342102,16.615385055541992,0.28999316692352295,5.837912087912088,0.05837912087912087,-0.495643675327301,0.7577260732650757,-0.5739878416061401,1.613695740699768,0.2894589900970459,8.913129568099976e-05,-28.39828872680664,-0.49564364021476437,47.82417678833008,0.8346893470122071,-32.88707733154297,-0.5739877807934156,92.45794677734375,1.613695590898329,16.58477783203125,0.2894589788807124,0.8379120879120876,0.008379120879120875,False,True,0.8289989583439876,0.0,0.0,0.0,0.0,4.409671783447266,4.409671783447266,0.0,0.0,0.0,0.0,0.0,0.0,0.0,0.0,0.0
3,764,29.240539864986204,29.251787604996935,False,-27.208791732788086,-0.47488299012184143,51.82417678833008,0.9045025110244751,-30.63736343383789,-0.5347228646278381,92.26373291015625,1.610305905342102,16.52747344970703,0.28845882415771484,4.464285714285714,0.044642857142857144,-0.4841310977935791,0.7344305515289307,-0.5776206254959106,1.6134041547775269,0.3004312515258789,-0.0015554726123809814,-27.738666534423828,-0.4841310611384608,47.82417678833008,0.8346893470122071,-33.09522247314453,-0.5776205988363927,92.44124603271484,1.6134041079170198,17.213441848754883,0.3004312358613525,0.0,0.0,True,False,0.15554726123809814,0.0,0.0,0.0,0.0,5.744407653808594,5.744407653808594,0.0,0.0,0.0,0.0,0.0,0.0,0.0,0.0,0.0
3,765,29.273856746964157,29.284717630012892,False,-27.736263275146484,-0.48408910632133484,51.82417678833008,0.9045025110244751,-30.72527503967285,-0.5362572073936462,92.26373291015625,1.610305905342102,16.439559936523438,0.28692445158958435,3.2280219780219785,0.032280219780219783,-0.48365795612335205,0.6412851810455322,-0.5803819894790649,1.6246182918548584,0.32548439502716064,0.0014506950974464417,-27.711557388305664,-0.4836579172812946,47.82417678833008,0.8346893470122071,-33.25343704223633,-0.5803819639916686,93.0837631225586,1.6246181466351255,18.648881912231445,0.3254843911840549,0.14506950974464417,0.0014506950974464417,False,False,0.0,0.0,0.0,0.0,0.0,11.081245422363281,11.081245422363281,0.0,0.0,0.0,0.0,0.0,0.0,0.0,0.0,0.0
3,766,29.307181695010513,29.31863140198402,False,-28.175825119018555,-0.49176090955734253,51.82417678833008,0.9045025110244751,-30.72527503967285,-0.5362572073936462,92.26373291015625,1.610305905342102,16.52747344970703,0.28845882415771484,2.0604395604395602,0.0206043956043956,-0.48928898572921753,0.6429144144058228,-0.6048860549926758,1.6248087882995605,0.2896016836166382,0.0007033944129943848,-28.03419303894043,-0.4892889716691854,47.82417678833008,0.8346893470122071,-34.65741729736328,-0.6048860420766239,93.09468078613281,1.6248086958111208,16.592952728271484,0.2896016577361134,0.07033944129943848,0.0007033944129943848,False,False,0.0,0.0,0.0,0.0,0.0,10.987895965576172,10.987895965576172,0.0,0.0,0.0,0.0,0.0,0.0,0.0,0.0,0.0
3,767,29.340571256005205,29.352699158946052,False,-28.175825119018555,-0.49176090955734253,51.82417678833008,0.9045025110244751,-30.72527503967285,-0.5362572073936462,92.26373291015625,1.610305905342102,16.96703338623047,0.29613059759140015,1.510989010989011,0.01510989010989011,-0.47846710681915283,0.5762022733688354,-0.6108845472335815,1.6247422695159912,0.31312382221221924,0.0017832741141319275,-27.41414451599121,-0.47846708342159394,47.82417678833008,0.8346893470122071,-34.72527313232422,-0.6060703498133821,93.09086608886719,1.6247421167838687,17.940671920776367,0.31312379503764287,0.17832741141319275,0.0017832741141319275,False,False,0.0,0.0,0.0,0.0,0.0,14.810218811035156,14.810218811035156,0.0,0.2758312225341797,0.2758331298828125,0.0,0.0,0.0,0.0,0.0,0.0
3,768,29.375728304032236,29.390227584983222,False,-28.175825119018555,-0.49176090955734253,51.82417678833008,0.9045025110244751,-30.901098251342773,-0.5393258929252625,92.43955993652344,1.6133747100830078,17.406593322753906,0.30380237102508545,1.1675824175824177,0.011675824175824176,-0.46284133195877075,0.553855299949646,-0.6123396158218384,1.6313185691833496,0.3316218852996826,0.0025932490825653076,-26.51885414123535,-0.4628413186206902,47.82417678833008,0.8346893470122071,-34.901100158691406,-0.6091391103374805,93.46766662597656,1.6313185267797103,19.000534057617188,0.33162187894273787,0.25932490825653076,0.0025932490825653076,False,False,0.0,0.0,0.0,0.0,0.0,16.090606689453125,16.090606689453125,0.0,0.18337440490722656,0.18337249755859375,0.0,0.0,0.0,0.0,0.0,0.0
3,769,29.409028582042083,29.420018975972198,False,-27.736263275146484,-0.48408910632133484,51.82417678833008,0.9045025110244751,-31.428571701049805,-0.5485320687294006,92.43955993652344,1.6133747100830078,17.494504928588867,0.30533671379089355,1.0302197802197801,0.0103021978021978,-0.4538295865058899,0.4955388009548187,-0.6161617040634155,1.6341513395309448,0.3599414825439453,0.0021448880434036255,-26.002517700195312,-0.453829547676512,47.82417678833008,0.8346893470122071,-35.303462982177734,-0.6161616663949376,93.62996673583984,1.634151198073173,20.623126983642578,0.35994146792144976,0.21448880434036255,0.0021448880434036255,False,False,0.0,0.0,0.0,0.0,0.0,19.431896209716797,19.431896209716797,0.0,0.0,0.0,0.0,0.0,0.0,0.0,0.0,0.0
3,770,29.44227422098629,29.45336187200155,False,-27.296703338623047,-0.47641733288764954,51.82417678833008,0.9045025110244751,-31.868131637573242,-0.5562038421630859,92.61538696289062,1.616443395614624,17.846153259277344,0.31147414445877075,0.9615384615384616,0.009615384615384616,-0.444491446018219,0.45719119906425476,-0.604405403137207,1.6469032764434814,0.405026912689209,0.0012885034084320068,-25.46748161315918,-0.4444914063407445,47.82417678833008,0.8346893470122071,-34.62987518310547,-0.6044053414998647,94.36060333251953,1.6469032123207996,21.846153259277344,0.38128730326968013,0.12885034084320068,0.0012885034084320068,False,False,0.0,0.0,0.0,0.0,0.0,21.629051208496094,21.629051208496094,0.0,0.0,0.0,0.0,0.0,0.0,0.0,1.360177993774414,1.360177993774414
3,771,29.476123325992376,29.4875804069452,False,-26.85714340209961,-0.4687455892562866,51.82417678833008,0.9045025110244751,-32.21977996826172,-0.5623412132263184,92.87911987304688,1.6210464239120483,18.63736343383789,0.32528334856033325,0.8928571428571428,0.008928571428571428,-0.4221261143684387,0.4078623950481415,-0.5958287715911865,1.640655279159546,0.4105793237686157,0.0007219463586807251,-24.18604278564453,-0.4221260796377182,47.82417678833008,0.8346893470122071,-34.13847351074219,-0.5958287643673189,94.00261688232422,1.6406551700873646,22.63736343383789,0.3950965258910407,0.07219463586807251,0.0007219463586807251,False,False,0.0,0.0,0.0,0.0,0.0,24.45538330078125,24.45538330078125,0.0,0.0,0.0,0.0,0.0,0.0,0.0,0.8870983123779297,0.8870983123779297
3,772,29.509155872976407,29.52064274996519,False,-26.505495071411133,-0.4626081585884094,51.82417678833008,0.9045025110244751,-32.30769348144531,-0.5638756155967712,93.14286041259766,1.6256495714187622,19.69230842590332,0.34369561076164246,0.8928571428571428,0.008928571428571428,-0.4162735342979431,0.3677118718624115,-0.5817947387695312,1.6465078592300415,0.5240652561187744,0.0030712559819221497,-23.85071563720703,-0.4162735168261601,47.82417678833008,0.8346893470122071,-33.334381103515625,-0.5817947043709284,94.33794403076172,1.6465077328989228,23.69230842590332,0.4135087894300079,0.30712559819221497,0.0030712559819221497,False,False,0.0,0.0,0.0,0.0,0.0,26.755840301513672,26.755840301513672,0.0,0.0,0.0,0.0,0.0,0.0,0.0,6.334417343139648,6.334417343139648
3,773,29.54295179795008,29.554617532994598,False,-25.9780216217041,-0.45340201258659363,51.82417678833008,0.9045025110244751,-32.30769348144531,-0.5638756155967712,93.4065933227539,1.6302525997161865,20.659339904785156,0.36057350039482117,0.8928571428571428,0.008928571428571428,-0.4111148715019226,0.3421677052974701,-0.5641447305679321,1.6512091159820557,0.5911540389060974,0.00401846319437027,-23.555145263671875,-0.41111484063662207,47.82417678833008,0.8346893470122071,-32.3231086730957,-0.5641446708254555,94.60730743408203,1.6512090111712396,24.659339904785156,0.430386672706926,0.401846319437027,0.00401846319437027,False,False,0.0,0.0,0.0,0.0,0.0,28.21941375732422,28.219411849975586,0.0,0.0,0.0,0.0,0.0,0.0,0.0,9.211288452148438,9.211288452148438
3,774,29.57621273503173,29.587606993038207,False,-25.27472496032715,-0.44112715125083923,51.82417678833008,0.9045025110244751,-32.30769348144531,-0.5638756155967712,93.4065933227539,1.6302525997161865,21.538461685180664,0.37591707706451416,0.8928571428571428,0.008928571428571428,-0.40403610467910767,0.31409505009651184,-0.5646501779556274,1.6517064571380615,0.5813570618629456,0.0025043711066246033,-23.14956283569336,-0.4040360918801642,47.82417678833008,0.8346893470122071,-32.35206985473633,-0.5646501388003525,94.63580322265625,1.651706356504812,25.538461685180664,0.44573024230082214,0.2504371106624603,0.0025043711066246033,False,False,0.0,0.0,0.0,0.0,0.0,29.827857971191406,29.827857971191406,0.0,0.0,0.0,0.0,0.0,0.0,0.0,7.770841598510742,7.770841598510742
3,775,29.609535273979418,29.620606590993702,False,-24.483516693115234,-0.4273179769515991,51.82417678833008,0.9045025110244751,-32.30769348144531,-0.5638756155967712,93.75823974609375,1.636389970779419,22.593406677246094,0.39432933926582336,0.8928571428571428,0.008928571428571428,-0.3680533170700073,0.3010077178478241,-0.5391055345535278,1.6587190628051758,0.6148602366447449,0.00240374356508255,-21.087900161743164,-0.36805329015426297,47.82417678833008,0.8346893470122071,-30.888469696044922,-0.539105497098476,94.99983978271484,1.6580599930754685,26.593406677246094,0.46414250583978933,0.240374356508255,0.00240374356508255,False,False,0.0,0.0,0.0,0.0,0.0,30.57770538330078,30.57770538330078,0.0,0.0,0.0,0.03775787353515625,0.0,0.03775787353515625,0.0,8.635486602783203,8.635486602783203
3,776,29.642981757991947,29.65618342999369,False,-23.69230842590332,-0.4135087728500366,51.82417678833008,0.9045025110244751,-32.0439567565918,-0.5592725276947021,93.93406677246094,1.6394587755203247,23.47252655029297,0.4096728563308716,0.8928571428571428,0.008928571428571428,-0.3481391668319702,0.27902188897132874,-0.5298230648040771,1.664169430732727,0.6687017679214478,0.006170772016048431,-19.946903228759766,-0.3481391369185456,47.82417678833008,0.8346893470122071,-30.356624603271484,-0.5298230491190048,94.99983978271484,1.6580599930754685,27.47252655029297,0.47948604214417184,0.6170772016048431,0.006170772016048431,False,False,0.0,0.0,0.0,0.0,0.0,31.83740234375,31.83740234375,0.0,0.0,0.0,0.35003662109375,0.0,0.35003662109375,0.0,10.841259002685547,10.841259002685547
3,777,29.676208490040153,29.689146682969294,False,-23.076923370361328,-0.4027682840824127,51.82417678833008,0.9045025110244751,-31.78022003173828,-0.5546694993972778,94.02198028564453,1.6409931182861328,24.439559936523438,0.4265507757663727,0.8928571428571428,0.008928571428571428,-0.32602328062057495,0.20685109496116638,-0.4983619749546051,1.6673694849014282,0.7803438901901245,0.002940639853477478,-19.076923370361328,-0.33295512396345883,47.82417678833008,0.8346893470122071,-28.55403709411621,-0.49836196202892186,94.99983978271484,1.6580599930754685,28.439559936523438,0.4963639587106035,0.2940639853477478,0.002940639853477478,False,False,0.0,0.0,0.3971672058105469,0.3971672058105469,0.0,35.97248077392578,35.97248077392578,0.0,0.0,0.0,0.53338623046875,0.0,0.53338623046875,0.0,16.27084732055664,16.27084732055664
3,778,29.709618762950413,29.722095964010805,False,-22.461538314819336,-0.3920277953147888,51.82417678833008,0.9045025110244751,-30.989011764526367,-0.5408602952957153,94.28571319580078,1.6455961465835571,25.406593322753906,0.4434286952018738,0.8928571428571428,0.008928571428571428,-0.3036743402481079,0.18255791068077087,-0.45630356669425964,1.6697560548782349,0.8636986017227173,0.005236595869064331,-18.461538314819336,-0.32221462857668287,47.82417678833008,0.8346893470122071,-26.989011764526367,-0.47104711715046965,94.99983978271484,1.6580599930754685,29.406593322753906,0.5132418752770352,0.5236595869064331,0.005236595869064331,False,False,0.0,0.0,1.0622806549072266,1.0622806549072266,0.0,37.3643798828125,37.3643798828125,0.0,0.8447437286376953,0.8447437286376953,0.6701278686523438,0.0,0.6701278686523438,0.0,20.079689025878906,20.079689025878906
3,779,29.74305283499416,29.75542654003948,False,-21.406593322753906,-0.3736155331134796,51.82417678833008,0.9045025110244751,-30.10988998413086,-0.5255166888237,94.37362670898438,1.6471304893493652,26.373626708984375,0.4603066146373749,0.8928571428571428,0.008928571428571428,-0.29138410091400146,0.15175208449363708,-0.4376337230205536,1.6741082668304443,0.9394565224647522,0.005716651678085327,-17.406593322753906,-0.3038023650377157,47.82417678833008,0.8346893470122071,-26.10988998413086,-0.4557035475565735,94.99983978271484,1.6580599930754685,30.373626708984375,0.5301197918434669,0.5716651678085327,0.005716651678085327,False,False,0.0,0.0,0.7115154266357422,0.7115154266357422,0.0,39.129425048828125,39.129425048828125,0.0,1.0353260040283203,1.0353260040283203,0.91949462890625,0.0,0.91949462890625,0.0,23.453262329101562,23.453262329101562
3,780,29.77696088794619,29.94908717297949,False,-20.351648330688477,-0.3552032709121704,51.82417678833008,0.9045025110244751,-28.791208267211914,-0.502501368522644,94.37362670898438,1.6471304893493652,27.340660095214844,0.477184534072876,0.8928571428571428,0.008928571428571428,-0.3715292811393738,0.8221397399902344,-0.5525662899017334,1.6272097826004028,0.4542512893676758,0.0011433959007263184,-21.287057876586914,-0.3715292480090344,47.82417678833008,0.8346893470122071,-31.659713745117188,-0.5525662450911998,93.23224639892578,1.6272096686918816,26.02667999267578,0.45425125923512605,0.11433959007263184,0.0011433959007263184,False,False,0.0,0.0,0.0,0.0,0.0,0.7190437316894531,0.7190437316894531,0.0,0.0,0.0,0.0,0.0,0.0,0.0,0.0,0.0
3,781,29.950726608978584,29.962746117962524,False,-18.241758346557617,-0.318378746509552,51.82417678833008,0.9045025110244751,-26.065933227539062,-0.45493635535240173,94.37362670898438,1.6471304893493652,29.714284896850586,0.5186120867729187,0.8928571428571428,0.008928571428571428,-0.3689860701560974,0.8089916706085205,-0.5496429204940796,1.6100423336029053,0.45192956924438477,-0.0007733926177024841,-21.14134407043457,-0.36898606232606324,47.82417678833008,0.8346893470122071,-30.065933227539062,-0.5247495275053221,92.24862670898438,1.6100422665149583,25.89365577697754,0.4519295486863086,0.0,0.0,True,False,0.07733926177024841,0.0,0.0,0.0,0.0,1.4723701477050781,1.4723701477050781,0.0,1.4262847900390625,1.4262847900390625,0.0,0.0,0.0,0.0,0.0,0.0
3,782,29.984029737999663,29.99616983998567,False,-18.329669952392578,-0.3199130892753601,51.82417678833008,0.9045025110244751,-26.065933227539062,-0.45493635535240173,94.37362670898438,1.6471304893493652,29.80219841003418,0.5201464891433716,0.8928571428571428,0.008928571428571428,-0.3707398474216461,0.7910021543502808,-0.5697554349899292,1.6106090545654297,0.4177281856536865,-0.0003536045551300049,-21.2418270111084,-0.37073982048290766,47.82417678833008,0.8346893470122071,-30.065933227539062,-0.5247495275053221,92.28109741210938,1.6106089871949272,25.80219841003418,0.45033331650794234,0.0,0.0,True,False,0.03536045551300049,0.0,0.0,0.0,0.0,2.503093719482422,2.503093719482422,0.0,2.5786476135253906,2.5786476135253906,0.0,0.0,0.0,0.0,1.8681373596191406,1.8681373596191406
