trial,cycle,observation_time_s,command_time_s,success_marker,measured_shoulder_pan_deg,measured_shoulder_pan_rad,measured_shoulder_lift_deg,measured_shoulder_lift_rad,measured_elbow_flex_deg,measured_elbow_flex_rad,measured_wrist_flex_deg,measured_wrist_flex_rad,measured_wrist_roll_deg,measured_wrist_roll_rad,measured_gripper_hw,measured_gripper_norm,policy_shoulder_pan_rad,policy_shoulder_lift_rad,policy_elbow_flex_rad,policy_wrist_flex_rad,policy_wrist_roll_rad,policy_gripper_norm,sent_shoulder_pan_deg,sent_shoulder_pan_rad,sent_shoulder_lift_deg,sent_shoulder_lift_rad,sent_elbow_flex_deg,sent_elbow_flex_rad,sent_wrist_flex_deg,sent_wrist_flex_rad,sent_wrist_roll_deg,sent_wrist_roll_rad,sent_gripper_hw,sent_gripper_norm,gripper_hard_clamped,gripper_step_clamped,gripper_correction_hw,urdf_violation_shoulder_pan_deg,step_violation_shoulder_pan_deg,safety_correction_shoulder_pan_deg,urdf_violation_shoulder_lift_deg,step_violation_shoulder_lift_deg,safety_correction_shoulder_lift_deg,urdf_violation_elbow_flex_deg,step_violation_elbow_flex_deg,safety_correction_elbow_flex_deg,urdf_violation_wrist_flex_deg,step_violation_wrist_flex_deg,safety_correction_wrist_flex_deg,urdf_violation_wrist_roll_deg,step_violation_wrist_roll_deg,safety_correction_wrist_roll_deg
4,0,0.0013183190021663904,0.18460060004144907,False,-8.219779968261719,-0.14346222579479218,-95.25274658203125,-1.6624740362167358,91.64835357666016,1.5995655059814453,79.6043930053711,1.3893587589263916,95.29669952392578,1.6632411479949951,1.098901098901099,0.01098901098901099,-0.14407889544963837,-1.72468900680542,1.6077760457992554,1.3872219324111938,1.6727503538131714,0.0032441914081573486,-8.255112648010254,-0.14407889583080666,-98.81739807128906,-1.7246889545978885,92.1187744140625,1.6077759164273009,79.4819564819336,1.38722183653659,95.8415298461914,1.6727502559644545,0.32441914081573486,0.0032441914081573486,False,False,0.0,0.0,0.0,0.0,0.0,0.0,0.0,0.0,0.0,0.0,0.0,0.0,0.0,0.0,0.0,0.0
4,1,0.18599314603488892,0.19791986502241343,False,-8.219779968261719,-0.14346222579479218,-95.25274658203125,-1.6624740362167358,91.64835357666016,1.5995655059814453,79.6043930053711,1.3893587589263916,95.29669952392578,1.6632411479949951,1.098901098901099,0.01098901098901099,-0.14679166674613953,-1.7190197706222534,1.5941253900527954,1.3878802061080933,1.6710351705551147,0.0026185214519500732,-8.410542488098145,-0.14679165829618862,-98.49256896972656,-1.7190196172693277,91.33665466308594,1.5941253516278817,79.5196762084961,1.3878801699580576,95.74325561523438,1.671035047064389,0.2618521451950073,0.0026185214519500732,False,False,0.0,0.0,0.0,0.0,0.0,0.0,0.0,0.0,0.0,0.0,0.0,0.0,0.0,0.0,0.0,0.0
4,2,0.21945821004919708,0.23055261303670704,False,-8.219779968261719,-0.14346222579479218,-95.25274658203125,-1.6624740362167358,91.64835357666016,1.5995655059814453,79.6043930053711,1.3893587589263916,95.29669952392578,1.6632411479949951,1.098901098901099,0.01098901098901099,-0.15042313933372498,-1.722490906715393,1.5891361236572266,1.3870478868484497,1.6811975240707397,0.0031250566244125366,-8.618610382080078,-0.15042312811386385,-98.69145202636719,-1.722490781434137,91.05078887939453,1.5891360524836728,79.47198486328125,1.3870477989593535,96.32551574707031,1.6811974034680224,0.31250566244125366,0.0031250566244125366,False,False,0.0,0.0,0.0,0.0,0.0,0.0,0.0,0.0,0.0,0.0,0.0,0.0,0.0,0.0,0.0,0.0
4,3,0.25294546701479703,0.2642634779913351,False,-8.219779968261719,-0.14346222579479218,-96.04395294189453,-1.6762832403182983,91.64835357666016,1.5995655059814453,79.51648712158203,1.387824535369873,95.29669952392578,1.6632411479949951,0.8928571428571428,0.008928571428571428,-0.15074074268341064,-1.7203842401504517,1.5972744226455688,1.3864890336990356,1.6691943407058716,0.0019504725933074951,-8.636807441711426,-0.1507407267186126,-98.57074737548828,-1.72038408785383,91.51707458496094,1.5972742733007914,79.4399642944336,1.3864889346046003,95.63778686523438,1.6691942701189262,0.1950472593307495,0.0019504725933074951,False,False,0.0,0.0,0.0,0.0,0.0,0.0,0.0,0.0,0.0,0.0,0.0,0.0,0.0,0.0,0.0,0.0
4,4,0.2864447489846498,0.29707400500774384,False,-8.395604133605957,-0.14653094112873077,-96.74725341796875,-1.6885581016540527,91.56044006347656,1.5980311632156372,79.42857360839844,1.3862900733947754,95.47252655029297,1.6663099527359009,0.8241758241758242,0.008241758241758242,-0.14738789200782776,-1.729333519935608,1.600921630859375,1.386547565460205,1.6709600687026978,0.0023010969161987305,-8.444704055786133,-0.14738789012998693,-99.08350372314453,-1.729333374380932,91.7260513305664,1.6009216055717095,79.44332122802734,1.386547524148582,95.73895263671875,1.6709599459216489,0.23010969161987305,0.0023010969161987305,False,False,0.0,0.0,0.0,0.0,0.0,0.0,0.0,0.0,0.0,0.0,0.0,0.0,0.0,0.0,0.0,0.0
4,5,0.32030853594187647,0.33151762397028506,False,-8.483516693115234,-0.14806529879570007,-96.92308044433594,-1.6916269063949585,91.56044006347656,1.5980311632156372,79.42857360839844,1.3862900733947754,95.47252655029297,1.6663099527359009,0.7554945054945055,0.007554945054945055,-0.1500229835510254,-1.7187206745147705,1.5949747562408447,1.3882670402526855,1.670737862586975,0.0020225942134857178,-8.595683097839355,-0.15002297151532265,-98.47543334960938,-1.7187205442789117,91.38531494140625,1.5949746336995079,79.54183959960938,1.3882669941063916,95.7262191772461,1.6707377051286816,0.20225942134857178,0.0020225942134857178,False,False,0.0,0.0,0.0,0.0,0.0,0.0,0.0,0.0,0.0,0.0,0.0,0.0,0.0,0.0,0.0,0.0
4,6,0.35350525798276067,0.36454432900063694,False,-8.483516693115234,-0.14806529879570007,-97.18681335449219,-1.6962298154830933,91.56044006347656,1.5980311632156372,79.42857360839844,1.3862900733947754,95.47252655029297,1.6663099527359009,0.7554945054945055,0.007554945054945055,-0.14865809679031372,-1.7221198081970215,1.5955848693847656,1.3870998620986938,1.6774728298187256,0.0024113133549690247,-8.517480850219727,-0.1486580848119002,-98.6701889038086,-1.7221196699362344,91.42027282714844,1.5955847639052452,79.47496032714844,1.38709973060061,96.11210632324219,1.6774727063674375,0.24113133549690247,0.0024113133549690247,False,False,0.0,0.0,0.0,0.0,0.0,0.0,0.0,0.0,0.0,0.0,0.0,0.0,0.0,0.0,0.0,0.0
4,7,0.387447542976588,0.3984031060244888,False,-8.483516693115234,-0.14806529879570007,-97.27472686767578,-1.697764277458191,91.56044006347656,1.5980311632156372,79.42857360839844,1.3862900733947754,95.56044006347656,1.667844295501709,0.7554945054945055,0.007554945054945055,-0.1516539454460144,-1.7203090190887451,1.593861699104309,1.3889164924621582,1.673341989517212,0.002072282135486603,-8.689130783081055,-0.1516539413011576,-98.56644439697266,-1.7203089867110897,91.32154083251953,1.5938615655219093,79.57904815673828,1.3889164059382075,95.87542724609375,1.6733418772006157,0.20722821354866028,0.002072282135486603,False,False,0.0,0.0,0.0,0.0,0.0,0.0,0.0,0.0,0.0,0.0,0.0,0.0,0.0,0.0,0.0,0.0
4,8,0.420678899041377,0.43318739999085665,False,-8.483516693115234,-0.14806529879570007,-97.36264038085938,-1.699298620223999,91.56044006347656,1.5980311632156372,79.34066009521484,1.3847557306289673,95.56044006347656,1.667844295501709,0.7554945054945055,0.007554945054945055,-0.16016197204589844,-1.7100157737731934,1.513266682624817,1.3958604335784912,1.6836490631103516,0.0014849528670310974,-9.176604270935059,-0.16016195868039057,-97.9766845703125,-1.7100157359398789,87.56044006347656,1.5282179736028187,79.9769058227539,1.3958603321644802,96.46598052978516,1.6836489764094948,0.14849528670310974,0.0014849528670310974,False,False,0.0,0.0,0.0,0.0,0.0,0.0,0.0,0.0,0.8566513061523438,0.8566513061523438,0.0,0.0,0.0,0.0,0.0,0.0
4,9,0.45411981805227697,0.4660671519814059,False,-8.483516693115234,-0.14806529879570007,-97.45054626464844,-1.7008328437805176,91.56044006347656,1.5980311632156372,79.34066009521484,1.3847557306289673,95.56044006347656,1.667844295501709,0.7554945054945055,0.007554945054945055,-0.15726761519908905,-1.6990063190460205,1.4864287376403809,1.3945318460464478,1.682784080505371,0.002287633717060089,-9.010769844055176,-0.15726760191817882,-97.34588623046875,-1.6990062279934912,87.56044006347656,1.5282179736028187,79.90078735351562,1.394531814254694,96.41641998291016,1.682783981687437,0.2287633717060089,0.002287633717060089,False,False,0.0,0.0,0.0,0.0,0.0,0.0,0.0,0.0,2.39434814453125,2.39434814453125,0.0,0.0,0.0,0.0,0.0,0.0
4,10,0.487803956028074,0.5014976570382714,False,-8.483516693115234,-0.14806529879570007,-97.45054626464844,-1.7008328437805176,91.47252655029297,1.5964967012405396,79.34066009521484,1.3847557306289673,95.64835357666016,1.669378638267517,0.7554945054945055,0.007554945054945055,-0.14935755729675293,-1.7440110445022583,1.5739763975143433,1.3919775485992432,1.6795581579208374,0.0025806352496147156,-8.557557106018066,-0.14935754742745272,-99.92446899414062,-1.7440109872547402,90.18219757080078,1.5739762742945058,79.75443267822266,1.3919774432951446,96.2315902709961,1.679558094659024,0.25806352496147156,0.0025806352496147156,False,False,0.0,0.0,0.0,0.0,0.0,0.0,0.0,0.0,0.0,0.0,0.0,0.0,0.0,0.0,0.0,0.0
4,11,0.5209713969379663,0.5345732429996133,False,-8.659340858459473,-0.15113401412963867,-97.45054626464844,-1.7008328437805176,90.94505310058594,1.587290644645691,79.42857360839844,1.3862900733947754,95.82417297363281,1.6724473237991333,0.7554945054945055,0.007554945054945055,-0.14921614527702332,-1.7487156391143799,1.5824440717697144,1.3927443027496338,1.6805528402328491,0.0015544071793556213,-8.549454689025879,-0.1492161335735695,-100.00004577636719,-1.7453300509426566,90.6673583984375,1.5824439281384672,79.7983627319336,1.3927441673729783,96.28858184814453,1.6805527853261688,0.15544071793556213,0.0015544071793556213,False,False,0.0,0.0,0.0,0.0,0.19397735595703125,0.0,0.19397735595703125,0.0,0.0,0.0,0.0,0.0,0.0,0.0,0.0,0.0
4,12,0.5545842800056562,0.5663127730367705,False,-8.659340858459473,-0.15113401412963867,-97.53845977783203,-1.7023673057556152,90.5934066772461,1.5811532735824585,79.95604705810547,1.3954962491989136,95.9120864868164,1.6739816665649414,0.7554945054945055,0.007554945054945055,-0.15159597992897034,-1.7434861660003662,1.5937608480453491,1.391332745552063,1.676918387413025,0.0022921785712242126,-8.685809135437012,-0.15159596761317795,-99.89439392089844,-1.7434860782038857,91.31576538085938,1.59376076487465,79.71749114990234,1.3913326919952365,96.08033752441406,1.6769182362284831,0.22921785712242126,0.0022921785712242126,False,False,0.0,0.0,0.0,0.0,0.0,0.0,0.0,0.0,0.0,0.0,0.0,0.0,0.0,0.0,0.0,0.0
4,13,0.5880541369551793,0.5993178470525891,False,-8.747252464294434,-0.15266835689544678,-97.97801971435547,-1.7100390195846558,90.68132019042969,1.5826876163482666,79.86813354492188,1.3939619064331055,95.9120864868164,1.6739816665649414,0.7554945054945055,0.007554945054945055,-0.1484629064798355,-1.7418657541275024,1.5864882469177246,1.3914650678634644,1.677243709564209,0.002635739743709564,-8.50629711151123,-0.1484628917487542,-99.80155181884766,-1.741865677838627,90.89907836914062,1.5864882045698614,79.7250747680664,1.3914650511014133,96.09898376464844,1.6772436745136907,0.2635739743709564,0.002635739743709564,False,False,0.0,0.0,0.0,0.0,0.0,0.0,0.0,0.0,0.0,0.0,0.0,0.0,0.0,0.0,0.0,0.0
4,14,0.6215719010215253,0.6332241309573874,False,-8.747252464294434,-0.15266835689544678,-98.06593322753906,-1.7115733623504639,91.20879364013672,1.5918937921524048,79.42857360839844,1.3862900733947754,95.9120864868164,1.6739816665649414,0.7554945054945055,0.007554945054945055,-0.14754781126976013,-1.737928867340088,1.5966390371322632,1.390165090560913,1.6801469326019287,0.002520449459552765,-8.453866004943848,-0.14754779630868936,-99.57598114013672,-1.7379287267991628,91.48067474365234,1.596638976222753,79.65058898925781,1.3901650290152912,96.26531982421875,1.6801467864179862,0.2520449459552765,0.002520449459552765,False,False,0.0,0.0,0.0,0.0,0.0,0.0,0.0,0.0,0.0,0.0,0.0,0.0,0.0,0.0,0.0,0.0
4,15,0.6549561920110136,0.6673900639871135,False,-8.747252464294434,-0.15266835689544678,-98.06593322753906,-1.7115733623504639,91.29669952392578,1.5934280157089233,79.42857360839844,1.3862900733947754,95.9120864868164,1.6739816665649414,0.7554945054945055,0.007554945054945055,-0.15254847705364227,-1.7417441606521606,1.590862512588501,1.3924431800842285,1.6774016618728638,0.0005940869450569153,-8.74038314819336,-0.1525484638218016,-99.79458618164062,-1.741744104534865,91.14970397949219,1.5908624466603167,79.78111267089844,1.392443097011745,96.1080322265625,1.6774015999663325,0.05940869450569153,0.0005940869450569153,False,False,0.0,0.0,0.0,0.0,0.0,0.0,0.0,0.0,0.0,0.0,0.0,0.0,0.0,0.0,0.0,0.0
4,16,0.6885643659625202,0.7025953700067475,False,-8.747252464294434,-0.15266835689544678,-98.06593322753906,-1.7115733623504639,91.29669952392578,1.5934280157089233,79.34066009521484,1.3847557306289673,95.9120864868164,1.6739816665649414,0.7554945054945055,0.007554945054945055,-0.15130940079689026,-1.725139856338501,1.5885376930236816,1.3912216424942017,1.6801249980926514,0.00205954909324646,-8.669389724731445,-0.1513093948351286,-98.84323120117188,-1.7251398277704388,91.0165023803711,1.588537640186732,79.71112060546875,1.3912215050197256,96.26406860351562,1.6801249484970475,0.205954909324646,0.00205954909324646,False,False,0.0,0.0,0.0,0.0,0.0,0.0,0.0,0.0,0.0,0.0,0.0,0.0,0.0,0.0,0.0,0.0
4,17,0.7218193450244144,0.7352386199636385,False,-8.747252464294434,-0.15266835689544678,-98.06593322753906,-1.7115733623504639,91.29669952392578,1.5934280157089233,79.34066009521484,1.3847557306289673,95.9120864868164,1.6739816665649414,0.7554945054945055,0.007554945054945055,-0.1507965624332428,-1.7282530069351196,1.5872126817703247,1.3914380073547363,1.680998682975769,0.0015941411256790161,-8.640006065368652,-0.1507965532329634,-99.02159881591797,-1.7282529299266869,90.94058227539062,1.587212584386363,79.72351837158203,1.3914378868582946,96.31412506103516,1.680998598492648,0.1594141125679016,0.0015941411256790161,False,False,0.0,0.0,0.0,0.0,0.0,0.0,0.0,0.0,0.0,0.0,0.0,0.0,0.0,0.0,0.0,0.0
4,18,0.7550990369636565,0.7660251880297437,False,-8.747252464294434,-0.15266835689544678,-98.06593322753906,-1.7115733623504639,91.29669952392578,1.5934280157089233,79.34066009521484,1.3847557306289673,95.9120864868164,1.6739816665649414,0.7554945054945055,0.007554945054945055,-0.16455170512199402,-1.6418101787567139,1.4261388778686523,1.4035441875457764,1.6888952255249023,0.0013354644179344177,-9.428117752075195,-0.16455169703943862,-94.06878662109375,-1.6418100498940775,87.29669952392578,1.5236148328166712,80.41715240478516,1.4035440845415768,96.76656341552734,1.6888951374408419,0.13354644179344177,0.0013354644179344177,False,False,0.0,0.0,0.0,0.0,0.0,0.0,0.0,0.0,5.584968566894531,5.584968566894531,0.0,0.0,0.0,0.0,0.0,0.0
4,19,0.7885355720063671,0.799439504975453,False,-8.747252464294434,-0.15266835689544678,-98.06593322753906,-1.7115733623504639,91.29669952392578,1.5934280157089233,79.34066009521484,1.3847557306289673,95.9120864868164,1.6739816665649414,0.7554945054945055,0.007554945054945055,-0.15997865796089172,-1.6878738403320312,1.5228934288024902,1.3959077596664429,1.6873189210891724,0.0006675645709037781,-9.166101455688477,-0.15997864997360903,-96.70803833007812,-1.687873682004742,87.29669952392578,1.5236148328166712,79.97962188720703,1.3959077364318835,96.6762466430664,1.687318812391624,0.06675645709037781,0.0006675645709037781,False,False,0.0,0.0,0.0,0.0,0.0,0.0,0.0,0.0,0.0413360595703125,0.0413360595703125,0.0,0.0,0.0,0.0,0.0,0.0
4,20,0.8221091879531741,0.8370051740203053,False,-8.835165023803711,-0.15420271456241608,-98.06593322753906,-1.7115733623504639,91.29669952392578,1.5934280157089233,79.42857360839844,1.3862900733947754,96.0879135131836,1.6770504713058472,0.7554945054945055,0.007554945054945055,-0.1663786768913269,-1.6721898317337036,1.481833815574646,1.3995603322982788,1.6914411783218384,0.001276448369026184,-9.532795906066895,-0.1663786754815034,-95.80941772460938,-1.6721897937130474,87.29669952392578,1.5236148328166712,80.18889617919922,1.3995602618669272,96.91243743896484,1.6914411194429577,0.1276448369026184,0.001276448369026184,False,False,0.0,0.0,0.0,0.0,0.0,0.0,0.0,0.0,2.3938827514648438,2.3938827514648438,0.0,0.0,0.0,0.0,0.0,0.0
4,21,0.855264879995957,0.8663574040401727,False,-8.923076629638672,-0.15573707222938538,-97.36264038085938,-1.699298620223999,90.68132019042969,1.5826876163482666,79.78022003173828,1.3924275636672974,96.0879135131836,1.6770504713058472,0.7554945054945055,0.007554945054945055,-0.16701212525367737,-1.6080807447433472,1.3443379402160645,1.408523440361023,1.6884632110595703,0.0015271976590156555,-9.56908893585205,-0.16701210834677874,-93.36264038085938,-1.6294854730014088,86.68132019042969,1.5128744372984362,80.70244598388672,1.408523396831698,96.74181365966797,1.6884631727120312,0.15271976590156555,0.0015271976590156555,False,False,0.0,0.0,0.0,0.0,0.0,1.2264022827148438,1.2264022827148438,0.0,9.65643310546875,9.65643310546875,0.0,0.0,0.0,0.0,0.0,0.0
4,22,0.8889266980113462,0.9002126780105755,False,-8.923076629638672,-0.15573707222938538,-97.0988998413086,-1.6946954727172852,90.4175796508789,1.5780844688415527,80.13186645507812,1.3985649347305298,96.0879135131836,1.6770504713058472,0.7554945054945055,0.007554945054945055,-0.1671665608882904,-1.6425670385360718,1.4083741903305054,1.4027600288391113,1.6891474723815918,0.0013174861669540405,-9.577938079833984,-0.16716655504524652,-94.11215209960938,-1.642566920275878,86.4175796508789,1.5082712965122889,80.37222290039062,1.402759916758603,96.78101348876953,1.6891473387960725,0.13174861669540405,0.0013174861669540405,False,False,0.0,0.0,0.0,0.0,0.0,0.0,0.0,0.0,5.723686218261719,5.723686218261719,0.0,0.0,0.0,0.0,0.0,0.0
4,23,0.9223279389552772,0.9332682689419016,False,-8.923076629638672,-0.15573707222938538,-96.83516693115234,-1.6900924444198608,90.32967376708984,1.5765502452850342,80.21977996826172,1.400099277496338,96.0879135131836,1.6770504713058472,0.7554945054945055,0.007554945054945055,-0.1680145561695099,-1.5958478450775146,1.3451887369155884,1.4065536260604858,1.689539909362793,0.0009239837527275085,-9.626523971557617,-0.1680145388258414,-92.83516693115234,-1.6202793245871683,86.32967376708984,1.5067370494082941,80.58958435058594,1.4065535897314208,96.80349731445312,1.6895397555826956,0.09239837527275085,0.0009239837527275085,False,False,0.0,0.0,0.0,0.0,0.0,1.3998260498046875,1.3998260498046875,0.0,9.25604248046875,9.25604248046875,0.0,0.0,0.0,0.0,0.0,0.0
4,24,0.9556434520054609,0.9667128919390962,False,-9.01098918914795,-0.15727142989635468,-95.69230651855469,-1.6701457500457764,89.97801971435547,1.5704126358032227,80.21977996826172,1.400099277496338,96.0879135131836,1.6770504713058472,0.7554945054945055,0.007554945054945055,-0.1689741611480713,-1.5886037349700928,1.3378267288208008,1.411653757095337,1.6910834312438965,-2.8617680072784424e-05,-9.681506156921387,-0.168974158990381,-91.69230651855469,-1.6003326474966384,85.97801971435547,1.5005995283600975,80.88179779052734,1.4116536763769771,96.89193725585938,1.6910833237505056,0.0,0.0,True,False,0.0028617680072784424,0.0,0.0,0.0,0.0,0.6720199584960938,0.6720199584960938,0.0,9.326202392578125,9.326202392578125,0.0,0.0,0.0,0.0,0.0,0.0
4,25,0.9893336039967835,1.0010943029774353,False,-9.186813354492188,-0.16034014523029327,-94.9011001586914,-1.6563366651535034,89.80220031738281,1.567344069480896,80.21977996826172,1.400099277496338,96.0879135131836,1.6770504713058472,0.7554945054945055,0.007554945054945055,-0.16194762289524078,-1.5806865692138672,1.300765037536621,1.4148889780044556,1.6895853281021118,0.0013916343450546265,-9.278914451599121,-0.16194760819128867,-90.9011001586914,-1.586523491454305,85.80220031738281,1.4975309009940536,81.0671615600586,1.4148888844692054,96.80610656738281,1.689585295637336,0.13916343450546265,0.0013916343450546265,False,False,0.0,0.0,0.0,0.0,0.0,0.33443450927734375,0.33443450927734375,0.0,11.273857116699219,11.273857116699219,0.0,0.0,0.0,0.0,0.0,0.0
4,26,1.022813415969722,1.0351120890118182,False,-9.362637519836426,-0.16340884566307068,-93.93406677246094,-1.6394587755203247,89.62637329101562,1.5642752647399902,80.21977996826172,1.400099277496338,96.0879135131836,1.6770504713058472,0.7554945054945055,0.007554945054945055,-0.16907118260860443,-1.5331987142562866,1.233937382698059,1.412182092666626,1.6886976957321167,0.0012575984001159668,-9.687065124511719,-0.16907118127784396,-89.93406677246094,-1.5696455748878733,85.62637329101562,1.4944621404699554,80.91207122802734,1.4121820475372489,96.7552490234375,1.6886976640460125,0.12575984001159668,0.0012575984001159668,False,False,0.0,0.0,0.0,0.0,0.0,2.0882568359375,2.0882568359375,0.0,14.926971435546875,14.926971435546875,0.0,0.0,0.0,0.0,0.0,0.0
4,27,1.0561015059938654,1.0672200759872794,False,-9.538461685180664,-0.16647756099700928,-93.23076629638672,-1.6271837949752808,89.36264038085938,1.559672236442566,80.48351287841797,1.4047023057937622,96.0879135131836,1.6770504713058472,0.7554945054945055,0.007554945054945055,-0.1739618331193924,-1.4477944374084473,1.1533056497573853,1.413316249847412,1.6933598518371582,0.0014706626534461975,-9.967278480529785,-0.17396182694842227,-89.23076629638672,-1.5573706659495345,85.36264038085938,1.4898591328418624,80.97705078125,1.413316154687459,97.02236938476562,1.6933597938503053,0.14706626534461975,0.0014706626534461975,False,False,0.0,0.0,0.0,0.0,0.0,6.27825927734375,6.27825927734375,0.0,19.283096313476562,19.283096313476562,0.0,0.0,0.0,0.0,0.0,0.0
4,28,1.0896231039660051,1.1017976050497964,False,-9.538461685180664,-0.16647756099700928,-92.43955993652344,-1.6133747100830078,89.36264038085938,1.559672236442566,80.57142639160156,1.4062366485595703,96.0879135131836,1.6770504713058472,0.7554945054945055,0.007554945054945055,-0.1807643473148346,-1.3677018880844116,1.0632147789001465,1.4153740406036377,1.6881113052368164,0.0013067126274108887,-10.357033729553223,-0.18076433932081168,-88.43955993652344,-1.5435615099072013,85.36264038085938,1.4898591328418624,81.09495544433594,1.4153739792617632,96.72164916992188,1.6881112359739772,0.13067126274108887,0.0013067126274108887,False,False,0.0,0.0,0.0,0.0,0.0,10.076019287109375,10.076019287109375,0.0,24.444923400878906,24.444923400878906,0.0,0.0,0.0,0.0,0.0,0.0
4,29,1.1231076179537922,1.1371765020303428,False,-9.538461685180664,-0.16647756099700928,-91.38461303710938,-1.5949623584747314,89.36264038085938,1.559672236442566,80.57142639160156,1.4062366485595703,96.26373291015625,1.6801190376281738,0.7554945054945055,0.007554945054945055,-0.19863447546958923,-1.2929879426956177,1.010970115661621,1.4261263608932495,1.6865932941436768,0.0009306743741035461,-11.380916595458984,-0.1986344664856228,-87.38461303710938,-1.5251492130787205,85.36264038085938,1.4898591328418624,81.71101379394531,1.4261262258468492,96.63467407226562,1.686593234152632,0.09306743741035461,0.0009306743741035461,False,False,0.0,0.0,0.0,0.0,0.0,13.301864624023438,13.301864624023438,0.0,27.438323974609375,27.438323974609375,0.0,0.0,0.0,0.0,0.0,0.0
4,30,1.156967006972991,1.325515390955843,False,-9.538461685180664,-0.16647756099700928,-90.68132019042969,-1.5826876163482666,89.36264038085938,1.559672236442566,80.57142639160156,1.4062366485595703,96.26373291015625,1.6801190376281738,0.7554945054945055,0.007554945054945055,-0.16639752686023712,-1.6939316987991333,1.6044198274612427,1.4007076025009155,1.680470585823059,0.0005859881639480591,-9.533875465393066,-0.16639751734621572,-94.68132019042969,-1.6525007774579825,91.92648315429688,1.604419800821583,80.25463104248047,1.4007075516645333,96.28386688232422,1.6804704936484853,0.05859881639480591,0.0005859881639480591,False,False,0.0,0.0,0.0,0.0,0.0,2.373809814453125,2.373809814453125,0.0,0.0,0.0,0.0,0.0,0.0,0.0,0.0,0.0
4,31,1.3270812790142372,1.3400910230120644,False,-10.681318283081055,-0.1864241659641266,-88.48351287841797,-1.5443285703659058,89.36264038085938,1.559672236442566,81.0988998413086,1.4154428243637085,96.70330047607422,1.6877909898757935,0.7554945054945055,0.007554945054945055,-0.16722625494003296,-1.7222564220428467,1.5946805477142334,1.3997766971588135,1.6881535053253174,0.0010206028819084167,-9.581357955932617,-0.16722624314317794,-92.48351287841797,-1.6141418035389719,91.36846160888672,1.5946804875571088,80.2012939453125,1.3997766437054961,96.72406768798828,1.6881534470772548,0.10206028819084167,0.0010206028819084167,False,False,0.0,0.0,0.0,0.0,0.0,6.1945037841796875,6.1945037841796875,0.0,0.0,0.0,0.0,0.0,0.0,0.0,0.0,0.0
4,32,1.3604380750330165,1.3728497719857842,False,-10.857142448425293,-0.18949288129806519,-88.48351287841797,-1.5443285703659058,89.36264038085938,1.559672236442566,81.0988998413086,1.4154428243637085,96.70330047607422,1.6877909898757935,0.7554945054945055,0.007554945054945055,-0.16456963121891022,-1.70850670337677,1.5908465385437012,1.4023791551589966,1.684633493423462,0.00029668211936950684,-9.429144859313965,-0.1645696234425262,-92.48351287841797,-1.6141418035389719,91.14878845214844,1.5908464676937761,80.35040283203125,1.4023790847227215,96.52238464355469,1.6846334139064427,0.029668211936950684,0.00029668211936950684,False,False,0.0,0.0,0.0,0.0,0.0,5.406707763671875,5.406707763671875,0.0,0.0,0.0,0.0,0.0,0.0,0.0,0.0,0.0
4,33,1.3937508499948308,1.4060950180282816,False,-11.032966613769531,-0.19256159663200378,-88.65933990478516,-1.5473973751068115,89.36264038085938,1.559672236442566,81.010986328125,1.4139084815979004,96.70330047607422,1.6877909898757935,0.7554945054945055,0.007554945054945055,-0.16573891043663025,-1.7078933715820312,1.58109712600708,1.4033740758895874,1.6842365264892578,-0.00024950504302978516,-9.496139526367188,-0.1657389009638823,-92.65933990478516,-1.61721056406307,90.5901870727539,1.5810970344171595,80.40740966796875,1.4033740417059752,96.49964141845703,1.6842364697459664,0.0,0.0,True,False,0.024950504302978516,0.0,0.0,0.0,0.0,5.19573974609375,5.19573974609375,0.0,0.0,0.0,0.0,0.0,0.0,0.0,0.0,0.0
4,34,1.4279459409881383,1.4420053709764034,False,-9.978021621704102,-0.17414933443069458,-89.80220031738281,-1.567344069480896,90.32967376708984,1.5765502452850342,80.92308044433594,1.4123741388320923,96.70330047607422,1.6877909898757935,0.7554945054945055,0.007554945054945055,-0.16753005981445312,-1.6988364458084106,1.5849851369857788,1.4008877277374268,1.6879432201385498,-0.0004812479019165039,-9.598764419555664,-0.16753004324452872,-93.80220031738281,-1.6371572411536,90.81295776367188,1.5849851164506208,80.26495361328125,1.4008877145122773,96.71202087402344,1.687943190509193,0.0,0.0,True,False,0.04812479019165039,0.0,0.0,0.0,0.0,3.5339508056640625,3.5339508056640625,0.0,0.0,0.0,0.0,0.0,0.0,0.0,0.0,0.0
4,35,1.461386326001957,1.4737569589633495,False,-9.538461685180664,-0.16647756099700928,-91.12088012695312,-1.5903593301773071,91.20879364013672,1.5918937921524048,80.48351287841797,1.4047023057937622,96.26373291015625,1.6801190376281738,0.7554945054945055,0.007554945054945055,-0.1646178811788559,-1.7153187990188599,1.5869847536087036,1.4004206657409668,1.6867409944534302,-0.00032389163970947266,-9.431909561157227,-0.16461787659252708,-95.12088012695312,-1.660172545610174,90.92752075195312,1.5869846177970524,80.23818969726562,1.4004205960570772,96.64313507080078,1.686740906435077,0.0,0.0,True,False,0.032389163970947266,0.0,0.0,0.0,0.0,3.1596450805664062,3.1596450805664062,0.0,0.0,0.0,0.0,0.0,0.0,0.0,0.0,0.0
4,36,1.4946901670191437,1.5080794639652595,False,-10.241758346557617,-0.17875240743160248,-91.73626708984375,-1.6010998487472534,91.29669952392578,1.5934280157089233,80.3956069946289,1.4031680822372437,96.35164642333984,1.6816534996032715,0.7554945054945055,0.007554945054945055,-0.16566793620586395,-1.7213160991668701,1.5870386362075806,1.4004489183425903,1.6888898611068726,-0.0001563727855682373,-9.492073059082031,-0.1656679277208317,-95.73626708984375,-1.6709130742864635,90.93061065673828,1.5870385468091264,80.23980712890625,1.4004488255646321,96.7662582397461,1.6888898111186619,0.0,0.0,True,False,0.01563727855682373,0.0,0.0,0.0,0.0,2.88787841796875,2.88787841796875,0.0,0.0,0.0,0.0,0.0,0.0,0.0,0.0,0.0
4,37,1.528155390988104,1.5391415399499238,False,-9.978021621704102,-0.17414933443069458,-92.87911987304688,-1.6210464239120483,91.29669952392578,1.5934280157089233,80.21977996826172,1.400099277496338,96.70330047607422,1.6877909898757935,0.7554945054945055,0.007554945054945055,-0.1626046895980835,-1.7061339616775513,1.5817160606384277,1.4011878967285156,1.690828800201416,-0.0007218644022941589,-9.316561698913574,-0.16260467661123848,-96.87911987304688,-1.6908596182189388,90.62564849853516,1.581715953054494,80.28215026855469,1.401187852767129,96.87734985351562,1.690828725550294,0.0,0.0,True,False,0.0721864402294159,0.0,0.0,0.0,0.0,0.875152587890625,0.875152587890625,0.0,0.0,0.0,0.0,0.0,0.0,0.0,0.0,0.0
4,38,1.5616798530099913,1.5732463259482756,False,-9.274724960327148,-0.16187448799610138,-93.75823974609375,-1.636389970779419,91.29669952392578,1.5934280157089233,80.21977996826172,1.400099277496338,96.35164642333984,1.6816534996032715,0.7554945054945055,0.007554945054945055,-0.1658673733472824,-1.7001382112503052,1.5807781219482422,1.4001424312591553,1.6926946640014648,0.00011711567640304565,-9.503499984741211,-0.165867365196965,-97.41073608398438,-1.7001380714567749,90.57190704345703,1.5807779877185681,80.22224426269531,1.400142295723164,96.9842529296875,1.6926945362100034,0.011711567640304565,0.00011711567640304565,False,False,0.0,0.0,0.0,0.0,0.0,0.0,0.0,0.0,0.0,0.0,0.0,0.0,0.0,0.0,0.0,0.0
4,39,1.5951565159484744,1.6063318980159238,False,-9.450549125671387,-0.16494320333003998,-94.63735961914062,-1.6517335176467896,91.29669952392578,1.5934280157089233,80.21977996826172,1.400099277496338,96.35164642333984,1.6816534996032715,0.7554945054945055,0.007554945054945055,-0.16571059823036194,-1.7134970426559448,1.5816248655319214,1.400901198387146,1.6924896240234375,0.0007332116365432739,-9.49451732635498,-0.1657105882325434,-98.17613983154297,-1.7134968869587759,90.62042236328125,1.5816247397871588,80.2657241821289,1.4009011634757822,96.97250366210938,1.6924894728060673,0.07332116365432739,0.0007332116365432739,False,False,0.0,0.0,0.0,0.0,0.0,0.0,0.0,0.0,0.0,0.0,0.0,0.0,0.0,0.0,0.0,0.0
4,40,1.6284549749689177,1.6393711300333962,False,-9.802197456359863,-0.17108061909675598,-95.42857360839844,-1.6655428409576416,91.29669952392578,1.5934280157089233,80.13186645507812,1.3985649347305298,96.35164642333984,1.6816534996032715,0.7554945054945055,0.007554945054945055,-0.1657412201166153,-1.6895065307617188,1.5598429441452026,1.4069187641143799,1.6991937160491943,0.000317595899105072,-9.496272087097168,-0.16574121458507932,-96.80158996582031,-1.6895064660690697,89.3724136352539,1.5598428783894551,80.61050415039062,1.4069187091168707,97.35662078857422,1.6991935813761783,0.0317595899105072,0.000317595899105072,False,False,0.0,0.0,0.0,0.0,0.0,0.0,0.0,0.0,0.0,0.0,0.0,0.0,0.0,0.0,0.0,0.0
4,41,1.6619336809962988,1.6732092309975997,False,-9.89011001586914,-0.17261497676372528,-96.13186645507812,-1.6778175830841064,91.29669952392578,1.5934280157089233,80.13186645507812,1.3985649347305298,96.35164642333984,1.6816534996032715,0.7554945054945055,0.007554945054945055,-0.16988250613212585,-1.699162483215332,1.5691531896591187,1.4058884382247925,1.6919326782226562,0.00010526180267333984,-9.733550071716309,-0.1698824966591798,-97.3548355102539,-1.6991624223914243,89.90585327148438,1.5691531564023178,80.55146789550781,1.405888332091119,96.94059753417969,1.6919326058221318,0.010526180267333984,0.00010526180267333984,False,False,0.0,0.0,0.0,0.0,0.0,0.0,0.0,0.0,0.0,0.0,0.0,0.0,0.0,0.0,0.0,0.0
4,42,1.695073705050163,1.7063097369391471,False,-9.89011001586914,-0.17261497676372528,-96.30769348144531,-1.6808863878250122,91.20879364013672,1.5918937921524048,80.13186645507812,1.3985649347305298,96.61538696289062,1.6862566471099854,0.7554945054945055,0.007554945054945055,-0.16954192519187927,-1.7171227931976318,1.581802248954773,1.4056740999221802,1.6956226825714111,-0.0005723237991333008,-9.714035987854004,-0.16954191164527227,-98.38388061523438,-1.7171226476248642,90.63058471679688,1.5818021063157581,80.53919219970703,1.405674080781422,97.15201568603516,1.695622548670491,0.0,0.0,True,False,0.05723237991333008,0.0,0.0,0.0,0.0,0.0,0.0,0.0,0.0,0.0,0.0,0.0,0.0,0.0,0.0,0.0
4,43,1.7285176779842004,1.7395669489633292,False,-9.89011001586914,-0.17261497676372528,-96.30769348144531,-1.6808863878250122,91.20879364013672,1.5918937921524048,80.13186645507812,1.3985649347305298,96.61538696289062,1.6862566471099854,0.7554945054945055,0.007554945054945055,-0.17344100773334503,-1.7137919664382935,1.5775039196014404,1.4058691263198853,1.6937040090560913,0.0005712807178497314,-9.937437057495117,-0.17344099586298684,-98.19303894042969,-1.7137918320495023,90.38431549072266,1.5775038974744247,80.55036163330078,1.405869024173216,97.04208374023438,1.6937038742631436,0.057128071784973145,0.0005712807178497314,False,False,0.0,0.0,0.0,0.0,0.0,0.0,0.0,0.0,0.0,0.0,0.0,0.0,0.0,0.0,0.0,0.0
4,44,1.7619481779402122,1.7729842759435996,False,-9.89011001586914,-0.17261497676372528,-96.74725341796875,-1.6885581016540527,91.20879364013672,1.5918937921524048,80.13186645507812,1.3985649347305298,96.61538696289062,1.6862566471099854,0.7554945054945055,0.007554945054945055,-0.17427745461463928,-1.7180043458938599,1.5819708108901978,1.4042024612426758,1.6936087608337402,-0.0007078498601913452,-9.98536205291748,-0.1742774448271103,-98.43439483642578,-1.718004287103735,90.64024353027344,1.5819706844127601,80.45487213134766,1.4042024179630443,97.03662872314453,1.6936086662541732,0.0,0.0,True,False,0.07078498601913452,0.0,0.0,0.0,0.0,0.0,0.0,0.0,0.0,0.0,0.0,0.0,0.0,0.0,0.0,0.0
4,45,1.7953210360137746,1.8065808189567178,False,-9.89011001586914,-0.17261497676372528,-96.92308044433594,-1.6916269063949585,91.20879364013672,1.5918937921524048,80.13186645507812,1.3985649347305298,96.61538696289062,1.6862566471099854,0.7554945054945055,0.007554945054945055,-0.17182740569114685,-1.7114580869674683,1.5817396640777588,1.4056832790374756,1.6903268098831177,-0.0006197020411491394,-9.844985008239746,-0.17182740320326464,-98.05931854248047,-1.7114579708282112,90.62699890136719,1.5817395220301411,80.53971099853516,1.4056831355291284,96.84858703613281,1.690326719684814,0.0,0.0,True,False,0.06197020411491394,0.0,0.0,0.0,0.0,0.0,0.0,0.0,0.0,0.0,0.0,0.0,0.0,0.0,0.0,0.0
4,46,1.8287835570517927,1.8401315819937736,False,-9.89011001586914,-0.17261497676372528,-97.0988998413086,-1.6946954727172852,91.20879364013672,1.5918937921524048,80.13186645507812,1.3985649347305298,96.61538696289062,1.6862566471099854,0.7554945054945055,0.007554945054945055,-0.1761646717786789,-1.7131900787353516,1.5638223886489868,1.4046380519866943,1.6977686882019043,-0.0007799416780471802,-10.093491554260254,-0.17616466064408132,-98.15855407714844,-1.7131899576431442,89.60041809082031,1.5638223068483061,80.47982788085938,1.4046379779593268,97.27497863769531,1.6977686570349315,0.0,0.0,True,False,0.07799416780471802,0.0,0.0,0.0,0.0,0.0,0.0,0.0,0.0,0.0,0.0,0.0,0.0,0.0,0.0,0.0
4,47,1.8621505559422076,1.8735559900524095,False,-9.89011001586914,-0.17261497676372528,-97.0988998413086,-1.6946954727172852,91.20879364013672,1.5918937921524048,80.13186645507812,1.3985649347305298,96.61538696289062,1.6862566471099854,0.7554945054945055,0.007554945054945055,-0.17408975958824158,-1.7150994539260864,1.571486234664917,1.4031203985214233,1.6949114799499512,-0.001415647566318512,-9.974607467651367,-0.17408974190453014,-98.26795196533203,-1.7150993109866766,90.03952026367188,1.571486085517227,80.39287567138672,1.403120375612145,97.11126708984375,1.6949113515013854,0.0,0.0,True,False,0.1415647566318512,0.0,0.0,0.0,0.0,0.0,0.0,0.0,0.0,0.0,0.0,0.0,0.0,0.0,0.0,0.0
4,48,1.8957227190257981,1.906409370014444,False,-9.89011001586914,-0.17261497676372528,-97.0988998413086,-1.6946954727172852,91.20879364013672,1.5918937921524048,80.13186645507812,1.3985649347305298,96.61538696289062,1.6862566471099854,0.7554945054945055,0.007554945054945055,-0.17009729146957397,-1.7117812633514404,1.5719890594482422,1.4052741527557373,1.689444899559021,-0.0016692951321601868,-9.745856285095215,-0.17009728060109466,-98.07783508300781,-1.7117811454264924,90.0683364868164,1.5719890234890885,80.51627349853516,1.4052740739856922,96.79805755615234,1.6894448138898344,0.0,0.0,True,False,0.16692951321601868,0.0,0.0,0.0,0.0,0.0,0.0,0.0,0.0,0.0,0.0,0.0,0.0,0.0,0.0,0.0
4,49,1.9290104849496856,1.9402671259595081,False,-9.89011001586914,-0.17261497676372528,-97.0988998413086,-1.6946954727172852,91.20879364013672,1.5918937921524048,80.13186645507812,1.3985649347305298,96.61538696289062,1.6862566471099854,0.7554945054945055,0.007554945054945055,-0.17610099911689758,-1.6965519189834595,1.5198919773101807,1.4081273078918457,1.696616768836975,-0.0008426010608673096,-10.08984375,-0.1761009944492716,-97.20526123046875,-1.6965518587328743,87.20879364013672,1.5220805857126767,80.67974853515625,1.4081272516195487,97.20897674560547,1.6966167067054176,0.0,0.0,True,False,0.08426010608673096,0.0,0.0,0.0,0.0,0.0,0.0,0.0,0.12540435791015625,0.12540435791015625,0.0,0.0,0.0,0.0,0.0,0.0
4,50,1.962373586022295,1.9758792959619313,False,-9.89011001586914,-0.17261497676372528,-97.0988998413086,-1.6946954727172852,91.20879364013672,1.5918937921524048,80.13186645507812,1.3985649347305298,96.61538696289062,1.6862566471099854,0.7554945054945055,0.007554945054945055,-0.17677471041679382,-1.7160849571228027,1.5437102317810059,1.4066963195800781,1.6933879852294922,-0.0012355893850326538,-10.12844467163086,-0.1767747076260344,-98.32441711425781,-1.7160848137480604,88.44807434082031,1.5437101142960277,80.5977554321289,1.4066962020077947,97.02397918701172,1.6933878901998056,0.0,0.0,True,False,0.12355893850326538,0.0,0.0,0.0,0.0,0.0,0.0,0.0,0.0,0.0,0.0,0.0,0.0,0.0,0.0,0.0
4,51,1.99567081395071,2.0081149040488526,False,-9.89011001586914,-0.17261497676372528,-97.0988998413086,-1.6946954727172852,91.12088012695312,1.5903593301773071,80.13186645507812,1.3985649347305298,96.61538696289062,1.6862566471099854,0.7554945054945055,0.007554945054945055,-0.17267756164073944,-1.7012553215026855,1.5007047653198242,1.4078370332717896,1.699479579925537,-0.0011076033115386963,-9.893694877624512,-0.1726775508022452,-97.47474670410156,-1.701255267534063,87.12088012695312,1.5205462054506276,80.66311645507812,1.40783696706073,97.37300109863281,1.6994794717191983,0.0,0.0,True,False,0.11076033115386963,0.0,0.0,0.0,0.0,0.0,0.0,0.0,1.1368331909179688,1.1368331909179688,0.0,0.0,0.0,0.0,0.0,0.0
4,52,2.0293700440088287,2.040954638971016,False,-9.89011001586914,-0.17261497676372528,-97.18681335449219,-1.6962298154830933,90.68132019042969,1.5826876163482666,80.13186645507812,1.3985649347305298,96.61538696289062,1.6862566471099854,0.7554945054945055,0.007554945054945055,-0.17070575058460236,-1.6838843822479248,1.4960540533065796,1.409963607788086,1.6966432332992554,-9.998679161071777e-05,-9.780718803405762,-0.17070574633115052,-96.47946166992188,-1.6838842666918032,86.68132019042969,1.5128744372984362,80.78495788574219,1.4099635011911582,97.21049499511719,1.696643205158264,0.0,0.0,True,False,0.009998679161071777,0.0,0.0,0.0,0.0,0.0,0.0,0.0,0.9637451171875,0.9637451171875,0.0,0.0,0.0,0.0,0.0,0.0
4,53,2.0628697680076584,2.0745252940105274,False,-9.89011001586914,-0.17261497676372528,-97.36264038085938,-1.699298620223999,90.32967376708984,1.5765502452850342,80.83516693115234,1.4108397960662842,96.70330047607422,1.6877909898757935,0.7554945054945055,0.007554945054945055,-0.1763371080160141,-1.6104388236999512,1.3693156242370605,1.4225798845291138,1.6999845504760742,-0.000603213906288147,-10.103371620178223,-0.17633710032466396,-93.36264038085938,-1.6294854730014088,86.32967376708984,1.5067370494082941,81.50782012939453,1.422579827381245,97.40193176269531,1.6999844070618775,0.0,0.0,True,False,0.0603213906288147,0.0,0.0,0.0,0.0,1.0913009643554688,1.0913009643554688,0.0,7.8736724853515625,7.8736724853515625,0.0,0.0,0.0,0.0,0.0,0.0
4,54,2.0962568239774555,2.1081229420378804,False,-9.978021621704102,-0.17414933443069458,-97.0988998413086,-1.6946954727172852,90.06593322753906,1.5719470977783203,80.83516693115234,1.4108397960662842,96.70330047607422,1.6877909898757935,0.7554945054945055,0.007554945054945055,-0.1777714341878891,-1.5752418041229248,1.311646819114685,1.4439399242401123,1.6964229345321655,-7.176399230957031e-05,-10.185552597045898,-0.1777714289535102,-93.0988998413086,-1.6248823322152612,86.06593322753906,1.5021339086221466,82.73165893554688,1.4439398440622802,97.19786834716797,1.6964228285780598,0.0,0.0,True,False,0.007176399230957031,0.0,0.0,0.0,0.0,2.8442001342773438,2.8442001342773438,0.0,10.914108276367188,10.914108276367188,0.0,0.0,0.0,0.0,0.0,0.0
4,55,2.129627058049664,2.142196911969222,False,-9.802197456359863,-0.17108061909675598,-96.74725341796875,-1.6885581016540527,89.80220031738281,1.567344069480896,81.010986328125,1.4139084815979004,96.70330047607422,1.6877909898757935,0.7554945054945055,0.007554945054945055,-0.1784820407629013,-1.6135667562484741,1.367533564567566,1.4240673780441284,1.7002911567687988,-0.001091301441192627,-10.226266860961914,-0.17848202691137058,-92.74725341796875,-1.6187449443251192,85.80220031738281,1.4975309009940536,81.59304809570312,1.4240673360081089,97.41950225830078,1.7002910700614,0.0,0.0,True,False,0.1091301441192627,0.0,0.0,0.0,0.0,0.29669189453125,0.29669189453125,0.0,7.44830322265625,7.44830322265625,0.0,0.0,0.0,0.0,0.0,0.0
4,56,2.163053230033256,2.1748012769967318,False,-9.802197456359863,-0.17108061909675598,-96.13186645507812,-1.6778175830841064,89.53845977783203,1.5627409219741821,81.53845977783203,1.423114538192749,96.70330047607422,1.6877909898757935,0.7554945054945055,0.007554945054945055,-0.17162065207958221,-1.6635397672653198,1.4498940706253052,1.4150372743606567,1.6992961168289185,-0.002589590847492218,-9.833138465881348,-0.17162064203413363,-95.31380462646484,-1.6635397133344156,85.53845977783203,1.4929277602079063,81.0756607055664,1.4150372225419228,97.36248779296875,1.699295979920092,0.0,0.0,True,False,0.2589590847492218,0.0,0.0,0.0,0.0,0.0,0.0,0.0,2.4656524658203125,2.4656524658203125,0.0,0.0,0.0,0.0,0.0,0.0
4,57,2.1966551919467747,2.209354417049326,False,-9.802197456359863,-0.17108061909675598,-94.54945373535156,-1.650199294090271,89.36264038085938,1.559672236442566,81.80220031738281,1.427717685699463,96.79120635986328,1.689325213432312,0.7554945054945055,0.007554945054945055,-0.17567285895347595,-1.6809954643249512,1.487134337425232,1.414416790008545,1.6952961683273315,-0.0009117424488067627,-10.065312385559082,-0.17567284136977093,-96.3139419555664,-1.68099540269934,85.36264038085938,1.4898591328418624,81.04010772705078,1.4144167060079342,97.13330841064453,1.6952960451208474,0.0,0.0,True,False,0.09117424488067627,0.0,0.0,0.0,0.0,0.0,0.0,0.0,0.15612030029296875,0.15612030029296875,0.0,0.0,0.0,0.0,0.0,0.0
4,58,2.229841553955339,2.243653842015192,False,-9.802197456359863,-0.17108061909675598,-93.93406677246094,-1.6394587755203247,89.27472686767578,1.5581378936767578,81.62637329101562,1.4246490001678467,96.87911987304688,1.6908595561981201,0.7554945054945055,0.007554945054945055,-0.18512573838233948,-1.6752700805664062,1.4970673322677612,1.4134140014648438,1.693697214126587,-0.002626486122608185,-10.60692310333252,-0.1851257316590072,-95.98590087890625,-1.675270005829833,85.775634765625,1.497067244648271,80.98265075683594,1.4134138926994648,97.04169464111328,1.693697083202364,0.0,0.0,True,False,0.2626486122608185,0.0,0.0,0.0,0.0,0.0,0.0,0.0,0.0,0.0,0.0,0.0,0.0,0.0,0.0,0.0
4,59,2.2632480240426958,2.2745954940328375,False,-9.802197456359863,-0.17108061909675598,-94.9011001586914,-1.6563366651535034,89.18681335449219,1.5566035509109497,81.53845977783203,1.423114538192749,96.87911987304688,1.6908595561981201,0.7554945054945055,0.007554945054945055,-0.1816045045852661,-1.6307419538497925,1.4033037424087524,1.4159088134765625,1.7003934383392334,-0.0004108622670173645,-10.405171394348145,-0.18160450006570442,-93.43462371826172,-1.6307418192456538,85.18681335449219,1.4867903723177642,81.12559509277344,1.4159087420086511,97.42536163330078,1.7003933354472591,0.0,0.0,True,False,0.04108622670173645,0.0,0.0,0.0,0.0,0.0,0.0,0.0,4.783439636230469,4.783439636230469,0.0,0.0,0.0,0.0,0.0,0.0
4,60,2.296767064020969,2.465919381007552,False,-9.802197456359863,-0.17108061909675598,-96.04395294189453,-1.6762832403182983,89.18681335449219,1.5566035509109497,81.45054626464844,1.421580195426941,96.87911987304688,1.6908595561981201,0.7554945054945055,0.007554945054945055,-0.17497625946998596,-1.705019235610962,1.5540539026260376,1.4148722887039185,1.6994601488113403,0.001532033085823059,-10.025400161743164,-0.17497624165239026,-97.69039916992188,-1.7050191131026722,89.04072570800781,1.5540538319698955,81.06620788574219,1.4148722397123923,97.37188720703125,1.6994600306432408,0.1532033085823059,0.001532033085823059,False,False,0.0,0.0,0.0,0.0,0.0,0.0,0.0,0.0,0.0,0.0,0.0,0.0,0.0,0.0,0.0,0.0
4,61,2.4673593710176647,2.4814871719572693,False,-10.065934181213379,-0.17568369209766388,-94.02198028564453,-1.6409931182861328,88.48351287841797,1.5443285703659058,81.45054626464844,1.421580195426941,96.96703338623047,1.6923940181732178,0.7554945054945055,0.007554945054945055,-0.17305012047290802,-1.7034109830856323,1.5357919931411743,1.4149593114852905,1.6975038051605225,0.0020554736256599426,-9.915040969848633,-0.17305011039399046,-97.59825134277344,-1.7034108301203734,87.99439239501953,1.5357918705849496,81.0711898803711,1.4149591919219835,97.25979614257812,1.6975036725064685,0.20554736256599426,0.0020554736256599426,False,False,0.0,0.0,0.0,0.0,0.0,0.0,0.0,0.0,0.0,0.0,0.0,0.0,0.0,0.0,0.0,0.0
4,62,2.5006085330387577,2.5145035289460793,False,-10.065934181213379,-0.17568369209766388,-94.10989379882812,-1.642527461051941,88.48351287841797,1.5443285703659058,81.45054626464844,1.421580195426941,96.96703338623047,1.6923940181732178,0.7554945054945055,0.007554945054945055,-0.17140895128250122,-1.6877532005310059,1.534853458404541,1.4172900915145874,1.700492024421692,0.001582510769367218,-9.821008682250977,-0.17140893737222912,-96.70113372802734,-1.687753173965416,87.94062042236328,1.5348533726168057,81.2047348022461,1.4172899905080207,97.4310073852539,1.700491872407592,0.1582510769367218,0.001582510769367218,False,False,0.0,0.0,0.0,0.0,0.0,0.0,0.0,0.0,0.0,0.0,0.0,0.0,0.0,0.0,0.0,0.0
4,63,2.534256814047694,2.5467974139610305,False,-10.065934181213379,-0.17568369209766388,-94.28571319580078,-1.6455961465835571,88.57142639160156,1.5458630323410034,81.45054626464844,1.421580195426941,96.96703338623047,1.6923940181732178,0.7554945054945055,0.007554945054945055,-0.17665566504001617,-1.6645277738571167,1.5017954111099243,1.419242024421692,1.7060704231262207,0.0005883798003196716,-10.121623039245605,-0.17665564768055106,-95.37041473388672,-1.664527746098835,86.0465316772461,1.501795287689543,81.31657409667969,1.4192419544289943,97.7506332397461,1.706070395942981,0.05883798003196716,0.0005883798003196716,False,False,0.0,0.0,0.0,0.0,0.0,0.0,0.0,0.0,0.0,0.0,0.0,0.0,0.0,0.0,0.0,0.0
4,64,2.5674537980230525,2.5811150619992986,False,-10.065934181213379,-0.17568369209766388,-95.69230651855469,-1.6701457500457764,89.010986328125,1.553534746170044,81.45054626464844,1.421580195426941,96.96703338623047,1.6923940181732178,0.7554945054945055,0.007554945054945055,-0.18058961629867554,-1.6255935430526733,1.4573495388031006,1.4213098287582397,1.7090075016021729,-0.00012892484664916992,-10.34702205657959,-0.18058960266378885,-93.13964080810547,-1.6255933962263125,85.010986328125,1.4837216117936658,81.43505096435547,1.4213097658573863,97.91891479492188,1.709007463151175,0.0,0.0,True,False,0.012892484664916992,0.0,0.0,0.0,0.0,0.0,0.0,0.0,1.511016845703125,1.511016845703125,0.0,0.0,0.0,0.0,0.0,0.0
4,65,2.6011049300432205,2.6152761300327256,False,-10.065934181213379,-0.17568369209766388,-96.21977996826172,-1.6793519258499146,89.010986328125,1.553534746170044,81.45054626464844,1.421580195426941,97.14286041259766,1.695462703704834,0.7554945054945055,0.007554945054945055,-0.1901683360338211,-1.5829766988754272,1.361243724822998,1.4221631288528442,1.7037125825881958,0.00028961896896362305,-10.895842552185059,-0.19016832731453134,-92.21977996826172,-1.609538795910879,85.010986328125,1.4837216117936658,81.48394012451172,1.4221630426706477,97.61553192138672,1.7037124331138247,0.028961896896362305,0.00028961896896362305,False,False,0.0,0.0,0.0,0.0,0.0,1.5219039916992188,1.5219039916992188,0.0,7.0174713134765625,7.0174713134765625,0.0,0.0,0.0,0.0,0.0,0.0
4,66,2.6344552480150014,2.6458827269962057,False,-10.065934181213379,-0.17568369209766388,-95.95604705810547,-1.6747488975524902,88.48351287841797,1.5443285703659058,81.45054626464844,1.421580195426941,97.14286041259766,1.695462703704834,0.7554945054945055,0.007554945054945055,-0.18371140956878662,-1.643162727355957,1.46611750125885,1.418670654296875,1.6979762315750122,-0.0007530301809310913,-10.525887489318848,-0.18371139338309336,-94.14628601074219,-1.6431626694117287,84.48351287841797,1.4745154633794253,81.2838363647461,1.4186705732171179,97.286865234375,1.6979761172838486,0.0,0.0,True,False,0.07530301809310913,0.0,0.0,0.0,0.0,0.0,0.0,0.0,0.481170654296875,0.481170654296875,0.0,0.0,0.0,0.0,0.0,0.0
4,67,2.667706929030828,2.6786914980039,False,-10.241758346557617,-0.17875240743160248,-94.72527313232422,-1.6532678604125977,88.21977996826172,1.539725661277771,81.45054626464844,1.421580195426941,97.14286041259766,1.695462703704834,0.7554945054945055,0.007554945054945055,-0.1817699521780014,-1.6647131443023682,1.4745597839355469,1.419350504875183,1.7039377689361572,0.0012810826301574707,-10.414650917053223,-0.1817699489484256,-95.38103485107422,-1.6647131021107044,84.48604583740234,1.4745596718535208,81.32279205322266,1.419350478243415,97.6284408569336,1.7039377365420456,0.12810826301574707,0.0012810826301574707,False,False,0.0,0.0,0.0,0.0,0.0,0.0,0.0,0.0,0.0,0.0,0.0,0.0,0.0,0.0,0.0,0.0
4,68,2.701210782979615,2.715118314954452,False,-10.769230842590332,-0.18795853853225708,-93.67032623291016,-1.6348556280136108,88.04395294189453,1.5366568565368652,81.45054626464844,1.421580195426941,97.14286041259766,1.695462703704834,0.7554945054945055,0.007554945054945055,-0.17732122540473938,-1.7004752159118652,1.5284427404403687,1.4164682626724243,1.7021729946136475,0.0015004053711891174,-10.159757614135742,-0.17732122157123228,-97.43004608154297,-1.7004750944927245,87.57331085205078,1.528442611240767,81.15764617919922,1.4164681389956224,97.5273208618164,1.70217285968765,0.15004053711891174,0.0015004053711891174,False,False,0.0,0.0,0.0,0.0,0.0,0.0,0.0,0.0,0.0,0.0,0.0,0.0,0.0,0.0,0.0,0.0
4,69,2.7344938999740407,2.747054895036854,False,-10.857142448425293,-0.18949288129806519,-94.28571319580078,-1.6455961465835571,88.04395294189453,1.5366568565368652,81.45054626464844,1.421580195426941,97.23076629638672,1.696997046470642,0.7554945054945055,0.007554945054945055,-0.17440856993198395,-1.6917940378189087,1.5402220487594604,1.4144065380096436,1.7016881704330444,0.000608786940574646,-9.992874145507812,-0.17440855557652626,-96.93265533447266,-1.6917939882873931,88.24821472167969,1.540221905900242,81.03952026367188,1.4144064528377374,97.49954223632812,1.701688031211201,0.0608786940574646,0.000608786940574646,False,False,0.0,0.0,0.0,0.0,0.0,0.0,0.0,0.0,0.0,0.0,0.0,0.0,0.0,0.0,0.0,0.0
4,70,2.768076592939906,2.779518618946895,False,-10.505494117736816,-0.18335546553134918,-95.51648712158203,-1.6670771837234497,87.95604705810547,1.5351226329803467,81.45054626464844,1.421580195426941,97.23076629638672,1.696997046470642,0.7554945054945055,0.007554945054945055,-0.17470234632492065,-1.7034333944320679,1.5359406471252441,1.4154177904129028,1.6984015703201294,0.0015929043292999268,-10.009706497192383,-0.1747023355342756,-97.59954071044922,-1.7034333338315846,88.00291442871094,1.5359406081318305,81.09745788574219,1.4154176551036406,97.31123352050781,1.6984014241099343,0.15929043292999268,0.0015929043292999268,False,False,0.0,0.0,0.0,0.0,0.0,0.0,0.0,0.0,0.0,0.0,0.0,0.0,0.0,0.0,0.0,0.0
4,71,2.8014977959683165,2.8125937370350584,False,-10.241758346557617,-0.17875240743160248,-96.21977996826172,-1.6793519258499146,88.30769348144531,1.541260004043579,81.45054626464844,1.421580195426941,97.23076629638672,1.696997046470642,0.7554945054945055,0.007554945054945055,-0.1713484525680542,-1.7051950693130493,1.5586986541748047,1.4158273935317993,1.7019089460372925,0.001691974699497223,-9.817543029785156,-0.1713484503259707,-97.70047760009766,-1.705195014892672,89.30684661865234,1.5586985180690482,81.12092590332031,1.4158272492792947,97.51219177246094,1.7019088072655686,0.1691974699497223,0.001691974699497223,False,False,0.0,0.0,0.0,0.0,0.0,0.0,0.0,0.0,0.0,0.0,0.0,0.0,0.0,0.0,0.0,0.0
4,72,2.8350184239679947,2.84858535497915,False,-10.241758346557617,-0.17875240743160248,-96.13186645507812,-1.6778175830841064,88.74725341796875,1.5489317178726196,81.45054626464844,1.421580195426941,97.23076629638672,1.696997046470642,0.7554945054945055,0.007554945054945055,-0.17094819247722626,-1.7233338356018066,1.5536224842071533,1.4174692630767822,1.701804518699646,0.002203531563282013,-9.794609069824219,-0.1709481772141318,-98.73975372314453,-1.7233338050772016,89.01600646972656,1.5536223998733025,81.21500396728516,1.4174692212493831,97.50621032714844,1.7018044113508375,0.2203531563282013,0.002203531563282013,False,False,0.0,0.0,0.0,0.0,0.0,0.0,0.0,0.0,0.0,0.0,0.0,0.0,0.0,0.0,0.0,0.0
4,73,2.86825568403583,2.8804118670523167,False,-10.241758346557617,-0.17875240743160248,-96.3956069946289,-1.6824207305908203,88.92308044433594,1.5520005226135254,81.45054626464844,1.421580195426941,97.23076629638672,1.696997046470642,0.7554945054945055,0.007554945054945055,-0.17228221893310547,-1.7195390462875366,1.558327317237854,1.4165092706680298,1.7054766416549683,0.0013411641120910645,-9.87104320526123,-0.1722822045384229,-98.52232360839844,-1.7195389336818931,89.28557586669922,1.558327273413091,81.15999603271484,1.4165091516764095,97.71660614013672,1.7054765110198933,0.13411641120910645,0.0013411641120910645,False,False,0.0,0.0,0.0,0.0,0.0,0.0,0.0,0.0,0.0,0.0,0.0,0.0,0.0,0.0,0.0,0.0
4,74,2.901917226961814,2.914197257021442,False,-10.417582511901855,-0.18182110786437988,-97.010986328125,-1.693161129951477,89.36264038085938,1.559672236442566,81.45054626464844,1.421580195426941,97.23076629638672,1.696997046470642,0.7554945054945055,0.007554945054945055,-0.16866469383239746,-1.7167143821716309,1.5573276281356812,1.4137200117111206,1.7014282941818237,0.0019798725843429565,-9.663774490356445,-0.16866468302695697,-98.36048126220703,-1.7167142518717007,89.2282943725586,1.5573275227398753,81.00018310546875,1.413719889908715,97.48465728759766,1.7014282398468639,0.19798725843429565,0.0019798725843429565,False,False,0.0,0.0,0.0,0.0,0.0,0.0,0.0,0.0,0.0,0.0,0.0,0.0,0.0,0.0,0.0,0.0
4,75,2.935357245965861,2.947972216992639,False,-10.417582511901855,-0.18182110786437988,-97.27472686767578,-1.697764277458191,89.53845977783203,1.5627409219741821,81.18681335449219,1.4169771671295166,97.23076629638672,1.696997046470642,0.7554945054945055,0.007554945054945055,-0.17198164761066437,-1.7110075950622559,1.5507333278656006,1.4157756567001343,1.7036590576171875,0.001111552119255066,-9.853821754455566,-0.17198163351989385,-98.03350830078125,-1.7110074971298244,88.85047149658203,1.5507332695647302,81.11796569824219,1.4157755839541473,97.61246490478516,1.7036589035759142,0.11115521192550659,0.001111552119255066,False,False,0.0,0.0,0.0,0.0,0.0,0.0,0.0,0.0,0.0,0.0,0.0,0.0,0.0,0.0,0.0,0.0
4,76,2.9685706589370966,2.979568158974871,False,-10.329669952392578,-0.18028675019741058,-97.36264038085938,-1.699298620223999,89.53845977783203,1.5627409219741821,81.36264038085938,1.4200459718704224,97.23076629638672,1.696997046470642,0.7554945054945055,0.007554945054945055,-0.1722181737422943,-1.7044862508773804,1.5226399898529053,1.4212191104888916,1.7064781188964844,0.0009649768471717834,-9.867374420166016,-0.17221817215896335,-97.65986633300781,-1.7044862145685473,87.24083709716797,1.5226398495415934,81.42985534667969,1.4212190852222693,97.77398681640625,1.7064779927478175,0.09649768471717834,0.0009649768471717834,False,False,0.0,0.0,0.0,0.0,0.0,0.0,0.0,0.0,0.0,0.0,0.0,0.0,0.0,0.0,0.0,0.0
4,77,3.0019295250531286,3.0140611439710483,False,-10.241758346557617,-0.17875240743160248,-97.36264038085938,-1.699298620223999,89.53845977783203,1.5627409219741821,81.36264038085938,1.4200459718704224,97.23076629638672,1.696997046470642,0.7554945054945055,0.007554945054945055,-0.17481164634227753,-1.7134361267089844,1.5412176847457886,1.4199210405349731,1.7042442560195923,0.00039207935333251953,-10.015969276428223,-0.17481164165226656,-98.17265319824219,-1.7134360337278676,88.30526733398438,1.5412176618318225,81.35547637939453,1.41992092734891,97.64599609375,1.7042441332254592,0.03920793533325195,0.00039207935333251953,False,False,0.0,0.0,0.0,0.0,0.0,0.0,0.0,0.0,0.0,0.0,0.0,0.0,0.0,0.0,0.0,0.0
4,78,3.0352869300404564,3.04780864296481,False,-10.241758346557617,-0.17875240743160248,-97.36264038085938,-1.699298620223999,89.53845977783203,1.5627409219741821,81.36264038085938,1.4200459718704224,97.23076629638672,1.696997046470642,0.7554945054945055,0.007554945054945055,-0.17947766184806824,-1.712592601776123,1.5283383131027222,1.420257568359375,1.7066478729248047,7.339566946029663e-05,-10.28331184387207,-0.1794776496848967,-98.12432098388672,-1.712592477452585,87.56732940673828,1.5283382153260359,81.37476348876953,1.420257550910696,97.7837142944336,1.70664776926731,0.007339566946029663,7.339566946029663e-05,False,False,0.0,0.0,0.0,0.0,0.0,0.0,0.0,0.0,0.0,0.0,0.0,0.0,0.0,0.0,0.0,0.0
4,79,3.0686893849633634,3.079747908981517,False,-10.241758346557617,-0.17875240743160248,-97.36264038085938,-1.699298620223999,89.45054626464844,1.561206579208374,81.36264038085938,1.4200459718704224,97.23076629638672,1.696997046470642,0.7554945054945055,0.007554945054945055,-0.17735370993614197,-1.6897335052490234,1.5101807117462158,1.4196373224258423,1.706236720085144,0.00048342347145080566,-10.16161823272705,-0.17735369549177443,-96.81459045410156,-1.6897333673939443,86.5269775390625,1.510180649855821,81.33922576904297,1.4196373006928167,97.7601547241211,1.7062365771950019,0.048342347145080566,0.00048342347145080566,False,False,0.0,0.0,0.0,0.0,0.0,0.0,0.0,0.0,0.0,0.0,0.0,0.0,0.0,0.0,0.0,0.0
4,80,3.1021746599581093,3.1156767290085554,False,-10.241758346557617,-0.17875240743160248,-97.36264038085938,-1.699298620223999,89.45054626464844,1.561206579208374,81.36264038085938,1.4200459718704224,97.23076629638672,1.696997046470642,0.7554945054945055,0.007554945054945055,-0.1764361560344696,-1.7002789974212646,1.5131745338439941,1.4206857681274414,1.7063407897949219,0.0009957551956176758,-10.109046936035156,-0.1764361532724581,-97.41880798339844,-1.70027895267844,86.6985092163086,1.5131744423952336,81.3992919921875,1.4206856540559263,97.76612091064453,1.706340706793624,0.09957551956176758,0.0009957551956176758,False,False,0.0,0.0,0.0,0.0,0.0,0.0,0.0,0.0,0.0,0.0,0.0,0.0,0.0,0.0,0.0,0.0
4,81,3.1357068039942533,3.1496027859393507,False,-10.241758346557617,-0.17875240743160248,-97.36264038085938,-1.699298620223999,89.45054626464844,1.561206579208374,81.36264038085938,1.4200459718704224,97.23076629638672,1.696997046470642,0.7554945054945055,0.007554945054945055,-0.17583388090133667,-1.7241530418395996,1.5543148517608643,1.4178155660629272,1.706708312034607,0.0001462996006011963,-10.074539184570312,-0.17583387939193668,-98.78668975830078,-1.72415299342851,89.05567932128906,1.5543148217567233,81.2348403930664,1.4178154321910934,97.78717803955078,1.706708223024055,0.014629960060119629,0.0001462996006011963,False,False,0.0,0.0,0.0,0.0,0.0,0.0,0.0,0.0,0.0,0.0,0.0,0.0,0.0,0.0,0.0,0.0
4,82,3.169015701045282,3.1825055909575894,False,-10.241758346557617,-0.17875240743160248,-97.27472686767578,-1.697764277458191,89.36264038085938,1.559672236442566,81.45054626464844,1.421580195426941,97.23076629638672,1.696997046470642,0.7554945054945055,0.007554945054945055,-0.17224839329719543,-1.7221165895462036,1.5588494539260864,1.417216420173645,1.7085871696472168,-0.0002701804041862488,-9.869105339050293,-0.17224838239257892,-98.67000579833984,-1.7221164741429265,89.31549072265625,1.5588493861448012,81.20051574707031,1.41721635410388,97.89482879638672,1.7085870831731058,0.0,0.0,True,False,0.027018040418624878,0.0,0.0,0.0,0.0,0.0,0.0,0.0,0.0,0.0,0.0,0.0,0.0,0.0,0.0,0.0
4,83,3.2025172719731927,3.216165084973909,False,-10.241758346557617,-0.17875240743160248,-97.53845977783203,-1.7023673057556152,89.36264038085938,1.559672236442566,81.45054626464844,1.421580195426941,97.23076629638672,1.696997046470642,0.7554945054945055,0.007554945054945055,-0.17461390793323517,-1.7278212308883667,1.560072422027588,1.4175752401351929,1.7108899354934692,0.0012685805559158325,-10.004639625549316,-0.17461390194132817,-98.99685668945312,-1.7278210983559306,89.38555908203125,1.5600723097173654,81.22107696533203,1.4175752150607683,98.02676391601562,1.7108897854096428,0.12685805559158325,0.0012685805559158325,False,False,0.0,0.0,0.0,0.0,0.0,0.0,0.0,0.0,0.0,0.0,0.0,0.0,0.0,0.0,0.0,0.0
4,84,3.236042515025474,3.249686502967961,False,-10.241758346557617,-0.17875240743160248,-97.89010620117188,-1.7085046768188477,89.62637329101562,1.5642752647399902,81.36264038085938,1.4200459718704224,97.23076629638672,1.696997046470642,0.7554945054945055,0.007554945054945055,-0.1748938113451004,-1.7262036800384521,1.551976203918457,1.419562578201294,1.7110886573791504,0.0016675591468811035,-10.020676612854004,-0.1748938001718955,-98.90418243408203,-1.726203627467871,88.92168426513672,1.5519761668454701,81.3349380493164,1.4195624658661854,98.03815460205078,1.7110885903850173,0.16675591468811035,0.0016675591468811035,False,False,0.0,0.0,0.0,0.0,0.0,0.0,0.0,0.0,0.0,0.0,0.0,0.0,0.0,0.0,0.0,0.0
4,85,3.269371496979147,3.282670945976861,False,-10.329669952392578,-0.18028675019741058,-97.89010620117188,-1.7085046768188477,89.71428680419922,1.565809726715088,81.010986328125,1.4139084815979004,97.23076629638672,1.696997046470642,0.7554945054945055,0.007554945054945055,-0.17756563425064087,-1.6888641119003296,1.511594533920288,1.4215400218963623,1.7106887102127075,0.0016634166240692139,-10.173760414123535,-0.1775656165355175,-96.76477813720703,-1.688863978456088,86.60797882080078,1.5115943889204897,81.4482421875,1.4215399961336237,98.0152359008789,1.7106885835892873,0.1663416624069214,0.0016634166240692139,False,False,0.0,0.0,0.0,0.0,0.0,0.0,0.0,0.0,0.0,0.0,0.0,0.0,0.0,0.0,0.0,0.0
4,86,3.3026519840350375,3.3138380009913817,False,-10.329669952392578,-0.18028675019741058,-97.89010620117188,-1.7085046768188477,89.71428680419922,1.565809726715088,81.010986328125,1.4139084815979004,97.23076629638672,1.696997046470642,0.7554945054945055,0.007554945054945055,-0.18255366384983063,-1.6650015115737915,1.4581888914108276,1.425095796585083,1.707434892654419,0.0007577687501907349,-10.459553718566895,-0.18255365067820867,-95.39755249023438,-1.6650013892987054,85.71428680419922,1.4959965207320045,81.65196990966797,1.425095715663043,97.82880401611328,1.7074347333694286,0.07577687501907349,0.0007577687501907349,False,False,0.0,0.0,0.0,0.0,0.0,0.0,0.0,0.0,2.1662216186523438,2.1662216186523438,0.0,0.0,0.0,0.0,0.0,0.0
4,87,3.336395425023511,3.349098794045858,False,-10.329669952392578,-0.18028675019741058,-97.80220031738281,-1.706970453262329,89.71428680419922,1.565809726715088,81.010986328125,1.4139084815979004,97.23076629638672,1.696997046470642,0.7554945054945055,0.007554945054945055,-0.18882280588150024,-1.5974525213241577,1.3391590118408203,1.4305065870285034,1.713680386543274,9.068846702575684e-05,-10.81874942779541,-0.18882279846328243,-93.80220031738281,-1.6371572411536,85.71428680419922,1.4959965207320045,81.96198272705078,1.430506460049757,98.1866455078125,1.713680245599828,0.009068846702575684,9.068846702575684e-05,False,False,0.0,0.0,0.0,0.0,0.0,2.2749176025390625,2.2749176025390625,0.0,8.986129760742188,8.986129760742188,0.0,0.0,0.0,0.0,0.0,0.0
4,88,3.369728998048231,3.3809980789665133,False,-10.329669952392578,-0.18028675019741058,-97.0988998413086,-1.6946954727172852,89.0988998413086,1.5550692081451416,81.53845977783203,1.423114538192749,97.23076629638672,1.696997046470642,0.7554945054945055,0.007554945054945055,-0.19346828758716583,-1.4541816711425781,1.2469978332519531,1.4316591024398804,1.7182594537734985,0.0005286633968353271,-11.084916114807129,-0.19346828351076215,-93.0988998413086,-1.6248823322152612,85.0988998413086,1.485255992055715,82.02802276611328,1.4316590761695434,98.44901275634766,1.7182594179361645,0.052866339683532715,0.0005286633968353271,False,False,0.0,0.0,0.0,0.0,0.0,9.780433654785156,9.780433654785156,0.0,13.651191711425781,13.651191711425781,0.0,0.0,0.0,0.0,0.0,0.0
4,89,3.4031343270326033,3.414066107943654,False,-10.241758346557617,-0.17875240743160248,-96.65933990478516,-1.6870237588882446,88.83516693115234,1.5504661798477173,81.53845977783203,1.423114538192749,97.31867980957031,1.6985313892364502,0.7554945054945055,0.007554945054945055,-0.19468876719474792,-1.4226208925247192,1.1834522485733032,1.4385645389556885,1.7184228897094727,0.001490570604801178,-11.154844284057617,-0.19468876030407503,-92.65933990478516,-1.61721056406307,84.83516693115234,1.480652984427622,82.42367553710938,1.4385645197180643,98.4583740234375,1.718422802869041,0.1490570604801178,0.001490570604801178,False,False,0.0,0.0,0.0,0.0,0.0,11.149169921875,11.149169921875,0.0,17.028350830078125,17.028350830078125,0.0,0.0,0.0,0.0,0.0,0.0
4,90,3.4363950920524076,3.6024999889777973,False,-10.241758346557617,-0.17875240743160248,-95.6043930053711,-1.6686114072799683,88.57142639160156,1.5458630323410034,81.62637329101562,1.4246490001678467,97.5824203491211,1.703134536743164,0.7554945054945055,0.007554945054945055,-0.18146589398384094,-1.7097331285476685,1.5460749864578247,1.4209225177764893,1.711188793182373,-9.017437696456909e-05,-10.397229194641113,-0.1814658825309658,-97.96048736572266,-1.709733041390167,88.58356475830078,1.5460748681859635,81.41285705566406,1.4209224090768344,98.04389190673828,1.7111887252420042,0.0,0.0,True,False,0.00901743769645691,0.0,0.0,0.0,0.0,0.0,0.0,0.0,0.0,0.0,0.0,0.0,0.0,0.0,0.0,0.0
4,91,3.604070108034648,3.6180563509697095,False,-11.20879077911377,-0.1956302970647812,-93.67032623291016,-1.6348556280136108,88.13186645507812,1.5381911993026733,82.15384674072266,1.4338550567626953,97.84615325927734,1.7077375650405884,0.7554945054945055,0.007554945054945055,-0.1785987764596939,-1.6961426734924316,1.5626438856124878,1.4167252779006958,1.7114454507827759,-0.000421181321144104,-10.232955932617188,-0.17859877323565693,-97.18180847167969,-1.6961425308733291,89.53289794921875,1.562643858065946,81.17237091064453,1.416725134040815,98.05859375,1.7114453208130334,0.0,0.0,True,False,0.0421181321144104,0.0,0.0,0.0,0.0,0.0,0.0,0.0,0.0,0.0,0.0,0.0,0.0,0.0,0.0,0.0
4,92,3.6375316629419103,3.651936443988234,False,-11.20879077911377,-0.1956302970647812,-93.75823974609375,-1.636389970779419,88.13186645507812,1.5381911993026733,82.15384674072266,1.4338550567626953,97.84615325927734,1.7077375650405884,0.7554945054945055,0.007554945054945055,-0.17684336006641388,-1.711438775062561,1.575695514678955,1.4141037464141846,1.7090203762054443,-0.0003878474235534668,-10.132377624511719,-0.1768433506031312,-97.75823974609375,-1.7062031545233214,90.28070068359375,1.5756954779362065,81.02217102050781,1.4141036514217955,97.91964721679688,1.7090202463244073,0.0,0.0,True,False,0.03878474235534668,0.0,0.0,0.0,0.0,0.2999725341796875,0.2999725341796875,0.0,0.0,0.0,0.0,0.0,0.0,0.0,0.0,0.0
4,93,3.6707604239927605,3.683504635002464,False,-10.94505500793457,-0.19102723896503448,-93.67032623291016,-1.6348556280136108,88.30769348144531,1.541260004043579,82.06593322753906,1.4323207139968872,97.84615325927734,1.7077375650405884,0.7554945054945055,0.007554945054945055,-0.17570924758911133,-1.7046730518341064,1.580690622329712,1.4146062135696411,1.7070910930633545,-0.0008722692728042603,-10.067398071289062,-0.17570924345292097,-97.67032623291016,-1.7046687742612723,90.56689453125,1.580690502876759,81.05096435546875,1.4146061899194935,97.80911254882812,1.7070910524307539,0.0,0.0,True,False,0.08722692728042603,0.0,0.0,0.0,0.0,0.00023651123046875,0.00023651123046875,0.0,0.0,0.0,0.0,0.0,0.0,0.0,0.0,0.0
4,94,3.704151017940603,3.716230325982906,False,-10.681318283081055,-0.1864241659641266,-95.16483306884766,-1.6609396934509277,89.27472686767578,1.5581378936767578,81.80220031738281,1.427717685699463,97.93406677246094,1.7092719078063965,0.7554945054945055,0.007554945054945055,-0.17545798420906067,-1.696222186088562,1.5657553672790527,1.4154443740844727,1.7107744216918945,0.0005450621247291565,-10.053001403808594,-0.17545797420407197,-97.18637084960938,-1.6962221593899225,89.71116638183594,1.5657552291674857,81.09898376464844,1.4154442867145414,98.02014923095703,1.710774337376388,0.05450621247291565,0.0005450621247291565,False,False,0.0,0.0,0.0,0.0,0.0,0.0,0.0,0.0,0.0,0.0,0.0,0.0,0.0,0.0,0.0,0.0
4,95,3.737505155033432,3.7496350510045886,False,-10.329669952392578,-0.18028675019741058,-96.21977996826172,-1.6793519258499146,90.06593322753906,1.5719470977783203,81.0988998413086,1.4154428243637085,97.93406677246094,1.7092719078063965,0.7554945054945055,0.007554945054945055,-0.17736093699932098,-1.717193841934204,1.557944893836975,1.415945291519165,1.7098308801651,0.0003852173686027527,-10.162032127380371,-0.1773609193162313,-98.38795471191406,-1.7171937540259694,89.26366424560547,1.5579448434805556,81.127685546875,1.4159452273155853,97.9660873413086,1.7098307794021728,0.03852173686027527,0.0003852173686027527,False,False,0.0,0.0,0.0,0.0,0.0,0.0,0.0,0.0,0.0,0.0,0.0,0.0,0.0,0.0,0.0,0.0
4,96,3.771692196954973,3.784496192005463,False,-10.15384578704834,-0.17721803486347198,-96.3956069946289,-1.6824207305908203,90.06593322753906,1.5719470977783203,81.0988998413086,1.4154428243637085,97.93406677246094,1.7092719078063965,0.7554945054945055,0.007554945054945055,-0.17959754168987274,-1.6844483613967896,1.4493681192398071,1.427054524421692,1.7144801616668701,0.0007944256067276001,-10.290180206298828,-0.1795975252234639,-96.51177978515625,-1.684448324210682,86.06593322753906,1.5021339086221466,81.76419830322266,1.4270544706447963,98.23247528076172,1.7144801260332332,0.07944256067276001,0.0007944256067276001,False,False,0.0,0.0,0.0,0.0,0.0,0.0,0.0,0.0,3.0232620239257812,3.0232620239257812,0.0,0.0,0.0,0.0,0.0,0.0
4,97,3.805097126052715,3.817021136987023,False,-10.241758346557617,-0.17875240743160248,-96.65933990478516,-1.6870237588882446,90.06593322753906,1.5719470977783203,81.0988998413086,1.4154428243637085,97.93406677246094,1.7092719078063965,0.7554945054945055,0.007554945054945055,-0.19034501910209656,-1.6437886953353882,1.3970816135406494,1.4295449256896973,1.7175050973892212,-0.00011868774890899658,-10.905965805053711,-0.19034501140810128,-94.1821517944336,-1.6437886454259518,86.06593322753906,1.5021339086221466,81.9068832397461,1.4295447925801295,98.4057846069336,1.717504944399345,0.0,0.0,True,False,0.011868774890899658,0.0,0.0,0.0,0.0,0.0,0.0,0.0,6.0190582275390625,6.0190582275390625,0.0,0.0,0.0,0.0,0.0,0.0
4,98,3.8384690020466223,3.8493759100092575,False,-10.329669952392578,-0.18028675019741058,-97.010986328125,-1.693161129951477,89.97801971435547,1.5704126358032227,81.0988998413086,1.4154428243637085,97.93406677246094,1.7092719078063965,0.7554945054945055,0.007554945054945055,-0.20154961943626404,-1.6496177911758423,1.3962961435317993,1.428810715675354,1.716989278793335,0.00041449815034866333,-11.547942161560059,-0.20154961254909398,-94.51612854003906,-1.649617639261863,85.97801971435547,1.5005995283600975,81.86482238769531,1.428810692225649,98.37623596191406,1.7169892232542514,0.04144981503486633,0.00041449815034866333,False,False,0.0,0.0,0.0,0.0,0.0,0.0,0.0,0.0,5.9761505126953125,5.9761505126953125,0.0,0.0,0.0,0.0,0.0,0.0
4,99,3.871959006995894,3.8837402450153604,False,-10.417582511901855,-0.18182110786437988,-96.48351287841797,-1.6839549541473389,89.36264038085938,1.559672236442566,81.80220031738281,1.427717685699463,97.93406677246094,1.7092719078063965,0.7554945054945055,0.007554945054945055,-0.20968444645404816,-1.5262701511383057,1.2287988662719727,1.4669921398162842,1.7212740182876587,0.0015354827046394348,-12.014033317565918,-0.20968443783582277,-92.48351287841797,-1.6141418035389719,85.36264038085938,1.4898591328418624,84.05245208740234,1.4669920332999515,98.62173461914062,1.7212739831320798,0.15354827046394348,0.0015354827046394348,False,False,0.0,0.0,0.0,0.0,0.0,5.0346832275390625,5.0346832275390625,0.0,14.957656860351562,14.957656860351562,0.0,0.0,0.0,0.0,0.0,0.0
4,100,3.9052209990331903,3.917206997051835,False,-10.593406677246094,-0.18488982319831848,-95.95604705810547,-1.6747488975524902,89.010986328125,1.553534746170044,81.89010620117188,1.4292519092559814,97.93406677246094,1.7092719078063965,0.7554945054945055,0.007554945054945055,-0.20545536279678345,-1.5030847787857056,1.1588993072509766,1.4775891304016113,1.7202072143554688,0.00018984824419021606,-11.771724700927734,-0.20545535466953374,-91.95604705810547,-1.604935788282786,85.010986328125,1.4837216117936658,84.65961456298828,1.4775890175934858,98.56060791015625,1.720207120799394,0.018984824419021606,0.00018984824419021606,False,False,0.0,0.0,0.0,0.0,0.0,5.835639953613281,5.835639953613281,0.0,18.61095428466797,18.61095428466797,0.0,0.0,0.0,0.0,0.0,0.0
4,101,3.93875740095973,3.950622507953085,False,-11.296703338623047,-0.19716466963291168,-95.42857360839844,-1.6655428409576416,88.83516693115234,1.5504661798477173,82.24176025390625,1.435389518737793,97.93406677246094,1.7092719078063965,0.7554945054945055,0.007554945054945055,-0.23905125260353088,-1.3534724712371826,1.0325987339019775,1.4836876392364502,1.7216804027557373,-0.00046818703413009644,-13.696626663208008,-0.23905123168942422,-91.42857360839844,-1.5957296398685454,84.83516693115234,1.480652984427622,85.009033203125,1.4836875233317128,98.64501190185547,1.7216802483563713,0.0,0.0,True,False,0.046818703413009644,0.0,0.0,0.0,0.0,13.880317687988281,13.880317687988281,0.0,25.671619415283203,25.671619415283203,0.0,0.0,0.0,0.0,0.0,0.0
4,102,3.9719336229609326,3.982799499994144,False,-11.912087440490723,-0.2079051434993744,-94.28571319580078,-1.6455961465835571,88.3956069946289,1.5427943468093872,83.20879364013672,1.4522674083709717,97.93406677246094,1.7092719078063965,0.7554945054945055,0.007554945054945055,-0.2400631159543991,-1.2375564575195312,0.9521681070327759,1.4969696998596191,1.713346004486084,0.00113745778799057,-13.754602432250977,-0.24006309974559983,-90.28571319580078,-1.5757829627780156,84.3956069946289,1.4729812162754308,85.7700424194336,1.4969696397943195,98.16748809814453,1.7133458857249684,0.113745778799057,0.00113745778799057,False,False,0.0,0.0,0.0,0.0,0.0,19.378952026367188,19.378952026367188,0.0,29.840396881103516,29.840396881103516,0.0,0.0,0.0,0.0,0.0,0.0
4,103,4.005339078023098,4.0164016199996695,False,-12.0,-0.20943951606750488,-93.05494689941406,-1.624115228652954,88.13186645507812,1.5381911993026733,83.64835357666016,1.4599391222000122,97.93406677246094,1.7092719078063965,0.7554945054945055,0.007554945054945055,-0.23752433061599731,-1.146958589553833,0.8461657762527466,1.5346919298171997,1.717583179473877,2.8461217880249023e-06,-13.60914134979248,-0.2375243249231841,-89.05494689941406,-1.554302038583491,84.13186645507812,1.4683780754892832,87.64835357666016,1.5297523538648679,98.41026306152344,1.717583108177339,0.00028461217880249023,2.8461217880249023e-06,False,False,0.0,0.0,0.0,0.0,0.0,23.339065551757812,23.339065551757812,0.0,35.650142669677734,35.650142669677734,0.0,0.28301239013671875,0.28301239013671875,0.0,0.0,0.0
4,104,4.038876572973095,4.049878941965289,False,-12.351648330688477,-0.2155769318342209,-92.79120635986328,-1.6195120811462402,87.86813354492188,1.533588171005249,83.9120864868164,1.4645421504974365,97.93406677246094,1.7092719078063965,0.7554945054945055,0.007554945054945055,-0.2339070439338684,-1.0566376447677612,0.7401629686355591,1.5776065587997437,1.710628628730774,-0.0010961070656776428,-13.401885986328125,-0.23390703643831354,-88.79120635986328,-1.5496988977973434,83.86813354492188,1.4637750678611903,87.9120864868164,1.5343553614929608,98.01179504394531,1.710628529306706,0.0,0.0,True,False,0.10961070656776428,0.0,0.0,0.0,0.0,28.25033187866211,28.25033187866211,0.0,41.459922790527344,41.459922790527344,0.0,2.4781036376953125,2.4781036376953125,0.0,0.0,0.0
4,105,4.072227337048389,4.0843031969852746,False,-13.494505882263184,-0.2355235517024994,-91.82417297363281,-1.6026341915130615,87.42857360839844,1.5259164571762085,84.70330047607422,1.4783514738082886,98.02198028564453,1.7108062505722046,0.7554945054945055,0.007554945054945055,-0.23448306322097778,-1.005523920059204,0.7013731598854065,1.5989603996276855,1.7151896953582764,1.1399388313293457e-06,-13.43488883972168,-0.23448304489258406,-87.82417297363281,-1.5328209812309117,83.42857360839844,1.456103299708999,88.70330047607422,1.5481646506933486,98.27312469482422,1.7151895921476303,0.00011399388313293457,1.1399388313293457e-06,False,False,0.0,0.0,0.0,0.0,0.0,30.211898803710938,30.211898803710938,0.0,43.242855072021484,43.242855072021484,0.0,2.9103775024414062,2.9103775024414062,0.0,0.0,0.0
4,106,4.105521393939853,4.116201356053352,False,-13.142857551574707,-0.2293861359357834,-91.12088012695312,-1.5903593301773071,87.07691955566406,1.5197789669036865,85.31867980957031,1.4890918731689453,98.02198028564453,1.7108062505722046,0.7554945054945055,0.007554945054945055,-0.23866353929042816,-0.9071134328842163,0.6147433519363403,1.6350796222686768,1.7165309190750122,-0.0016099140048027039,-13.674412727355957,-0.2386635253689791,-87.12088012695312,-1.5205462054506276,83.07691955566406,1.4499657786608025,89.31867980957031,1.5589050462115839,98.34996795654297,1.716530760072594,0.0,0.0,True,False,0.16099140048027039,0.0,0.0,0.0,0.0,35.14710998535156,35.14710998535156,0.0,47.85472106933594,47.85472106933594,0.0,4.364479064941406,4.364479064941406,0.0,0.0,0.0
4,107,4.139029740006663,4.150279680965468,False,-12.703296661376953,-0.2217143476009369,-90.5934066772461,-1.5811532735824585,86.63735961914062,1.5121071338653564,85.5824203491211,1.4936950206756592,98.02198028564453,1.7108062505722046,0.7554945054945055,0.007554945054945055,-0.24711906909942627,-0.8221818208694458,0.55523681640625,1.6399011611938477,1.7218974828720093,0.00039677321910858154,-14.158879280090332,-0.2471190618299807,-86.5934066772461,-1.511340057036387,82.63735961914062,1.4422940105086113,89.5824203491211,1.5635081869977312,98.65745544433594,1.7218974291432674,0.039677321910858154,0.00039677321910858154,False,False,0.0,0.0,0.0,0.0,0.0,39.485862731933594,39.485862731933594,0.0,50.82463455200195,50.82463455200195,0.0,4.376991271972656,4.376991271972656,0.0,0.0,0.0
4,108,4.172362340032123,4.184380001039244,False,-13.670330047607422,-0.238592267036438,-89.97801971435547,-1.5704126358032227,86.10989379882812,1.5029011964797974,85.93406677246094,1.4998323917388916,98.19779968261719,1.7138749361038208,0.7554945054945055,0.007554945054945055,-0.25185510516166687,-0.7663752436637878,0.5304926037788391,1.6409531831741333,1.7119406461715698,0.0003024786710739136,-14.4302339553833,-0.25185509435452313,-85.97801971435547,-1.5005995283600975,82.10989379882812,1.4330879952524254,89.93406677246094,1.5696455748878733,98.08696746826172,1.7119405356177335,0.030247867107391357,0.0003024786710739136,False,False,0.0,0.0,0.0,0.0,0.0,42.067955017089844,42.067955017089844,0.0,51.714908599853516,51.714908599853516,0.0,4.0856170654296875,4.0856170654296875,0.0,0.0,0.0
4,109,4.205710135051049,4.217185884946957,False,-13.934065818786621,-0.2431953251361847,-89.45054626464844,-1.561206579208374,85.5824203491211,1.4936950206756592,86.02198028564453,1.5013667345046997,98.28571319580078,1.715409278869629,0.7554945054945055,0.007554945054945055,-0.2789055109024048,-0.6631350517272949,0.457967072725296,1.6356258392333984,1.7093498706817627,-0.0013030320405960083,-15.980107307434082,-0.2789054873367305,-85.45054626464844,-1.4913933799458572,81.5824203491211,1.4238818468381849,90.02198028564453,1.5711799551499226,97.93852996826172,1.7093498125093045,0.0,0.0,True,False,0.13030320405960083,0.0,0.0,0.0,0.0,47.45570755004883,47.45570755004883,0.0,55.34284210205078,55.34284210205078,0.0,3.692474365234375,3.692474365234375,0.0,0.0,0.0
4,110,4.239836822031066,4.252743890043348,False,-13.406593322753906,-0.2339891940355301,-88.83516693115234,-1.5504661798477173,85.14286041259766,1.486023187637329,86.02198028564453,1.5013667345046997,98.19779968261719,1.7138749361038208,0.7554945054945055,0.007554945054945055,-0.30604809522628784,-0.5739206671714783,0.39488768577575684,1.626985788345337,1.703863263130188,-0.0007165521383285522,-17.406593322753906,-0.3038023650377157,-84.83516693115234,-1.480652984427622,81.14286041259766,1.4162100786859937,90.02198028564453,1.5711799551499226,97.6241683959961,1.7038631680315233,0.0,0.0,True,False,0.07165521383285522,0.0,0.12866973876953125,0.12866973876953125,0.0,51.95193862915039,51.95193862915039,0.0,58.51746368408203,58.51746368408203,0.0,3.1974334716796875,3.1974334716796875,0.0,0.0,0.0
4,111,4.27306342497468,4.283787503023632,False,-14.285714149475098,-0.2493327409029007,-88.30769348144531,-1.541260004043579,84.70330047607422,1.4783514738082886,86.10989379882812,1.5029011964797974,98.19779968261719,1.7138749361038208,0.7554945054945055,0.007554945054945055,-0.31848108768463135,-0.4948526620864868,0.3570133149623871,1.6201683282852173,1.7002284526824951,0.00018554925918579102,-18.247621536254883,-0.3184810764654735,-84.30769348144531,-1.4714468360133817,80.70330047607422,1.4085383105338023,90.10989379882812,1.5727143354119717,97.41590881347656,1.7002283526177286,0.0185549259185791,0.00018554925918579102,False,False,0.0,0.0,0.0,0.0,0.0,55.95472717285156,55.95472717285156,0.0,60.247947692871094,60.247947692871094,0.0,2.7189102172851562,2.7189102172851562,0.0,0.0,0.0
4,112,4.306390468962491,4.317363668000326,False,-15.780220031738281,-0.2754167914390564,-87.78022003173828,-1.532053828239441,84.0879135131836,1.4676109552383423,86.19779968261719,1.504435420036316,98.10989379882812,1.7123407125473022,0.7554945054945055,0.007554945054945055,-0.335135281085968,-0.4742927551269531,0.3630802035331726,1.6139143705368042,1.7001625299453735,-0.0015173479914665222,-19.20183563232422,-0.3351352542108249,-83.78022003173828,-1.4622406875991412,80.0879135131836,1.3977977818575127,90.19779968261719,1.5742485825159662,97.4121322631836,1.700162439380749,0.0,0.0,True,False,0.15173479914665222,0.0,0.0,0.0,0.0,56.605247497558594,56.605247497558594,0.0,59.284950256347656,59.284950256347656,0.0,2.272674560546875,2.272674560546875,0.0,0.0,0.0
4,113,4.339867108035833,4.350879285950214,False,-16.923076629638672,-0.2953633964061737,-86.989013671875,-1.518244743347168,83.29669952392578,1.4538016319274902,86.54945373535156,1.510572910308838,97.93406677246094,1.7092719078063965,0.7554945054945055,0.007554945054945055,-0.35089266300201416,-0.4491807222366333,0.3567347526550293,1.6151678562164307,1.7013944387435913,0.00035678595304489136,-20.10466766357422,-0.35089264574860574,-82.989013671875,-1.448431531556808,79.29669952392578,1.3839884926571249,90.54945373535156,1.5803861035641629,97.48271179199219,1.7013942845429653,0.035678595304489136,0.00035678595304489136,False,False,0.0,0.0,0.0,0.0,0.0,57.25285339355469,57.25285339355469,0.0,58.85730743408203,58.85730743408203,0.0,1.9928436279296875,1.9928436279296875,0.0,0.0,0.0
4,114,4.373345909989439,4.3844094519736245,False,-17.80219841003418,-0.3107069730758667,-86.37362670898438,-1.5075041055679321,82.4175796508789,1.4384580850601196,87.16483306884766,1.5213133096694946,97.93406677246094,1.7092719078063965,0.7554945054945055,0.007554945054945055,-0.36477380990982056,-0.40630531311035156,0.32225239276885986,1.6127737760543823,1.6952605247497559,0.0004949122667312622,-20.89999771118164,-0.3647737737193985,-82.37362670898438,-1.4376910028805183,78.4175796508789,1.3686449563527423,91.16483306884766,1.591126499082398,97.13127136230469,1.695260491920295,0.04949122667312622,0.0004949122667312622,False,False,0.0,0.0,0.0,0.0,0.0,59.09404754638672,59.09404754638672,0.0,59.953880310058594,59.953880310058594,0.0,1.24029541015625,1.24029541015625,0.0,0.0,0.0
4,115,4.406888001947664,4.417845378979109,False,-18.505495071411133,-0.3229818046092987,-85.75823974609375,-1.4967635869979858,81.71428680419922,1.4261833429336548,87.78022003173828,1.532053828239441,97.93406677246094,1.7092719078063965,0.7554945054945055,0.007554945054945055,-0.3807187080383301,-0.3451368808746338,0.2950519919395447,1.613301396369934,1.7016491889953613,0.0012556016445159912,-21.813573837280273,-0.38071868508743456,-81.75823974609375,-1.4269504742042287,77.71428680419922,1.3563701805724582,91.78022003173828,1.6018670277586875,97.497314453125,1.701649149059286,0.12556016445159912,0.0012556016445159912,False,False,0.0,0.0,0.0,0.0,0.0,61.98335266113281,61.98335266113281,0.0,60.809051513671875,60.809051513671875,0.0,0.6551361083984375,0.6551361083984375,0.0,0.0,0.0
4,116,4.440936448983848,4.451738056959584,False,-19.120878219604492,-0.3337222635746002,-84.96703338623047,-1.482954502105713,80.83516693115234,1.4108397960662842,88.3956069946289,1.5427943468093872,97.84615325927734,1.7077375650405884,0.7554945054945055,0.007554945054945055,-0.4007425308227539,-0.295540988445282,0.26412200927734375,1.6140062808990479,1.6986230611801147,0.0005507320165634155,-22.960853576660156,-0.40074249398103595,-80.96703338623047,-1.4131413181618953,76.83516693115234,1.3410266442680756,92.3956069946289,1.612607556434977,97.32392883300781,1.698622999112629,0.05507320165634155,0.0005507320165634155,False,False,0.0,0.0,0.0,0.0,0.0,64.03378295898438,64.03378295898438,0.0,61.70208740234375,61.702091217041016,0.0,0.08013916015625,0.08013916015625,0.0,0.0,0.0
4,117,4.474273441941477,4.485591158038005,False,-20.263736724853516,-0.3536689281463623,-84.26373291015625,-1.470679521560669,80.13186645507812,1.3985649347305298,89.010986328125,1.553534746170044,97.84615325927734,1.7077375650405884,0.7554945054945055,0.007554945054945055,-0.4109570384025574,-0.24394050240516663,0.24994271993637085,1.6157091856002808,1.701560139656067,0.000902712345123291,-23.54610252380371,-0.41095701505252125,-80.26373291015625,-1.4008664092235565,76.13186645507812,1.328751735329737,92.57331085205078,1.6157090738404833,97.4922103881836,1.7015600663208228,0.0902712345123291,0.000902712345123291,False,False,0.0,0.0,0.0,0.0,0.0,66.28697204589844,66.28697204589844,0.0,61.81120300292969,61.81120300292969,0.0,0.0,0.0,0.0,0.0,0.0
4,118,4.507721520960331,4.519471351988614,False,-21.406593322753906,-0.3736155331134796,-83.56044006347656,-1.458404779434204,79.42857360839844,1.3862900733947754,89.62637329101562,1.5642752647399902,97.75823974609375,1.7062031030654907,0.7554945054945055,0.007554945054945055,-0.4136582016944885,-0.2329016923904419,0.21602866053581238,1.6217737197875977,1.700554370880127,0.002117462456226349,-23.700868606567383,-0.41365819276716137,-79.56044006347656,-1.3885916334432724,75.42857360839844,1.3164769595494528,92.92078399658203,1.6217736242748118,97.43458557128906,1.7005543235351543,0.2117462456226349,0.002117462456226349,False,False,0.0,0.0,0.0,0.0,0.0,66.21615600585938,66.21615600585938,0.0,63.05104064941406,63.05104446411133,0.0,0.0,0.0,0.0,0.0,0.0
4,119,4.541220207000151,4.5550680219894275,False,-22.373626708984375,-0.3904934525489807,-82.85713958740234,-1.4461299180984497,78.72527313232422,1.374015212059021,90.06593322753906,1.5719470977783203,97.75823974609375,1.7062031030654907,0.7554945054945055,0.007554945054945055,-0.42696070671081543,-0.1717665046453476,0.19814597070217133,1.6266005039215088,1.7018566131591797,0.0020274296402931213,-24.463045120239258,-0.42696068241210716,-78.85713958740234,-1.3763167245049337,74.72527313232422,1.304202050611114,93.19734191894531,1.6266004705925259,97.50919342041016,1.7018564761501487,0.20274296402931213,0.0020274296402931213,False,False,0.0,0.0,0.0,0.0,0.0,69.01564025878906,69.01564025878906,0.0,63.372344970703125,63.372344970703125,0.0,0.0,0.0,0.0,0.0,0.0
4,120,4.5745574090396985,4.741713579976931,False,-22.989011764526367,-0.4012339413166046,-82.06593322753906,-1.4323207139968872,78.02198028564453,1.3617404699325562,90.4175796508789,1.5780844688415527,97.75823974609375,1.7062031030654907,0.7554945054945055,0.007554945054945055,-0.4200538396835327,-1.129314661026001,0.9264817237854004,1.6189404726028442,1.671269178390503,0.005615800619125366,-24.067310333251953,-0.42005380741450027,-78.06593322753906,-1.3625075684626002,74.02198028564453,1.2919272748308297,92.75845336914062,1.618940420349131,95.75666809082031,1.671269138924207,0.5615800619125366,0.005615800619125366,False,False,0.0,0.0,0.0,0.0,0.0,13.360969543457031,13.360969543457031,0.0,20.938491821289062,20.938491821289062,0.0,0.0,0.0,0.0,0.0,0.0
4,121,4.743162582046352,4.755481302039698,False,-24.395605087280273,-0.425783634185791,-80.30769348144531,-1.401633620262146,76.52747344970703,1.3356564044952393,91.38461303710938,1.5949623584747314,97.75823974609375,1.7062031030654907,0.7554945054945055,0.007554945054945055,-0.42066240310668945,-1.0798718929290771,0.8798041343688965,1.615818977355957,1.6796576976776123,0.005195409059524536,-24.1021785736084,-0.420662373013097,-76.30769348144531,-1.3318204958538353,72.52747344970703,1.2658432098501577,92.57960510253906,1.6158189292354492,96.23728942871094,1.6796575637257385,0.5195409059524536,0.005195409059524536,False,False,0.0,0.0,0.0,0.0,0.0,14.435596466064453,14.435596466064453,0.0,22.118412017822266,22.118412017822266,0.0,0.0,0.0,0.0,0.0,0.0
4,122,4.776404010946862,4.788628631038591,False,-24.21977996826172,-0.42271488904953003,-80.13186645507812,-1.3985649347305298,76.35164642333984,1.3325875997543335,91.47252655029297,1.5964967012405396,97.75823974609375,1.7062031030654907,0.7554945054945055,0.007554945054945055,-0.43311983346939087,-1.0036303997039795,0.8185157775878906,1.6228063106536865,1.6761072874069214,0.0035492628812789917,-24.815937042236328,-0.43311980835464703,-76.13186645507812,-1.328751735329737,72.35164642333984,1.2627744493260593,92.97994995117188,1.6228062649874901,96.03386688232422,1.6761071705184996,0.35492628812789917,0.0035492628812789917,False,False,0.0,0.0,0.0,0.0,0.0,18.628082275390625,18.628082275390625,0.0,25.454151153564453,25.454151153564453,0.0,0.0,0.0,0.0,0.0,0.0
4,123,4.809818512992933,4.823189693968743,False,-24.043956756591797,-0.4196462035179138,-79.34066009521484,-1.3847557306289673,75.73626708984375,1.3218472003936768,91.56044006347656,1.5980311632156372,97.4065933227539,1.7000657320022583,0.7554945054945055,0.007554945054945055,-0.4087982773780823,-0.9577139616012573,0.7450247406959534,1.6451256275177002,1.67326021194458,0.0032779574394226074,-23.422414779663086,-0.40879825667290304,-75.34066009521484,-1.3149425792874037,71.73626708984375,1.2520340538078243,94.25875091552734,1.6451255522931716,95.87074279785156,1.6732601181551503,0.32779574394226074,0.0032779574394226074,False,False,0.0,0.0,0.0,0.0,0.0,20.467693328857422,20.467693328857422,0.0,29.049495697021484,29.049495697021484,0.0,0.0,0.0,0.0,0.0,0.0
4,124,4.843374890042469,4.853835938964039,False,-24.043956756591797,-0.4196462035179138,-78.28571319580078,-1.3663434982299805,75.12088012695312,1.3111066818237305,91.73626708984375,1.6010998487472534,97.05494689941406,1.6939283609390259,0.7554945054945055,0.007554945054945055,-0.39648962020874023,-0.8646429777145386,0.6525079011917114,1.6803650856018066,1.6679521799087524,0.0013389363884925842,-22.717180252075195,-0.39648959216774754,-74.28571319580078,-1.2965302824589227,71.12088012695312,1.2412935251315347,94.99983978271484,1.6580599930754685,95.56661224365234,1.6679520386284588,0.13389363884925842,0.0013389363884925842,False,False,0.0,0.0,0.0,0.0,0.0,24.745323181152344,24.745323181152344,0.0,33.73493194580078,33.73493194580078,1.277984619140625,0.0,1.277984619140625,0.0,0.0,0.0
4,125,4.877034915029071,4.888001658953726,False,-24.483516693115234,-0.4273179769515991,-77.5824203491211,-1.354068636894226,74.5934066772461,1.3019005060195923,92.17582702636719,1.6087716817855835,97.14286041259766,1.695462703704834,0.7554945054945055,0.007554945054945055,-0.3971841335296631,-0.8176790475845337,0.60091632604599,1.6708543300628662,1.6636016368865967,0.0006691962480545044,-22.756973266601562,-0.3971841112905266,-73.5824203491211,-1.2842555066786385,70.5934066772461,1.2320873767172944,94.99983978271484,1.6580599930754685,95.31734466552734,1.6636014986717054,0.06691962480545044,0.0006691962480545044,False,False,0.0,0.0,0.0,0.0,0.0,26.732864379882812,26.732864379882812,0.0,36.1634407043457,36.1634407043457,0.7330551147460938,0.0,0.7330551147460938,0.0,0.0,0.0
4,126,4.910509136039764,4.921334031969309,False,-23.69230842590332,-0.4135087728500366,-76.70330047607422,-1.3387250900268555,73.89010620117188,1.289625644683838,92.87911987304688,1.6210464239120483,96.87911987304688,1.6908595561981201,0.7554945054945055,0.007554945054945055,-0.40840089321136475,-0.7182315587997437,0.5468707084655762,1.6635973453521729,1.6599061489105225,0.0009711384773254395,-23.399646759033203,-0.40840087974874956,-72.70330047607422,-1.268911970374256,69.89010620117188,1.2198124677789557,94.99983978271484,1.6580599930754685,95.1056137084961,1.6599060963431114,0.09711384773254395,0.0009711384773254395,False,False,0.0,0.0,0.0,0.0,0.0,31.551666259765625,31.551666259765625,0.0,38.556724548339844,38.556724548339844,0.3172607421875,0.0,0.3172607421875,0.0,0.0,0.0
4,127,4.943765599047765,4.954497031052597,False,-22.901098251342773,-0.3996995687484741,-75.9120864868164,-1.324915885925293,73.0988998413086,1.2758164405822754,93.23076629638672,1.6271837949752808,96.43955993652344,1.6831878423690796,0.7554945054945055,0.007554945054945055,-0.39327412843704224,-0.7094645500183105,0.5118408799171448,1.6708884239196777,1.6593424081802368,8.027255535125732e-05,-22.53294563293457,-0.3932740914675859,-71.9120864868164,-1.2551026811738681,69.0988998413086,1.2060033117366222,94.99983978271484,1.6580599930754685,95.07331085205078,1.6593423051403415,0.008027255535125732,8.027255535125732e-05,False,False,0.0,0.0,0.0,0.0,0.0,31.26276397705078,31.26276397705078,0.0,39.772579193115234,39.772579193115234,0.7350082397460938,0.0,0.7350082397460938,0.0,0.0,0.0
4,128,4.977160161011852,4.990032096975483,False,-23.428571701049805,-0.4089057147502899,-75.20879364013672,-1.3126410245895386,72.57142639160156,1.2666102647781372,93.4945068359375,1.6317869424819946,96.26373291015625,1.6801190376281738,0.7554945054945055,0.007554945054945055,-0.39003193378448486,-0.5957150459289551,0.4374254047870636,1.6767891645431519,1.6601492166519165,0.001560710370540619,-22.347183227539062,-0.3900319258670098,-71.20879364013672,-1.242827905393584,68.57142639160156,1.1967971633223817,94.99983978271484,1.6580599930754685,95.11953735351562,1.6601491097925811,0.1560710370540619,0.001560710370540619,False,False,0.0,0.0,0.0,0.0,0.0,37.076839447021484,37.076839447021484,0.0,43.50879669189453,43.50879669189453,1.0730972290039062,0.0,1.0730972290039062,0.0,0.0,0.0
4,129,5.010817477013916,5.022020297008567,False,-23.516483306884766,-0.410440057516098,-74.24176025390625,-1.2957631349563599,72.13186645507812,1.2589385509490967,93.84615325927734,1.637924313545227,96.0879135131836,1.6770504713058472,0.7554945054945055,0.007554945054945055,-0.39263445138931274,-0.549119234085083,0.3870260715484619,1.6793204545974731,1.6595587730407715,-0.00048467516899108887,-22.496295928955078,-0.3926344334632625,-70.24176025390625,-1.2259499888271523,68.13186645507812,1.1891253951701906,94.99983978271484,1.6580599930754685,95.08570861816406,1.6595586869789105,0.0,0.0,True,False,0.04846751689910889,0.0,0.0,0.0,0.0,38.77954864501953,38.77954864501953,0.0,45.9569091796875,45.9569091796875,1.2181320190429688,0.0,1.2181320190429688,0.0,0.0,0.0
4,130,5.044557117973454,5.056505840970203,False,-22.461538314819336,-0.3920277953147888,-73.36264038085938,-1.2804195880889893,71.51648712158203,1.24819815158844,94.02198028564453,1.6409931182861328,95.9120864868164,1.6739816665649414,0.7554945054945055,0.007554945054945055,-0.3920404314994812,-0.44381940364837646,0.32437393069267273,1.6842329502105713,1.6551908254623413,-5.379319190979004e-05,-22.462261199951172,-0.3920404153821203,-69.36264038085938,-1.2106064525227698,67.51648712158203,1.1783849996519555,94.99983978271484,1.6580599930754685,94.83544158935547,1.655190703317017,0.0,0.0,True,False,0.005379319190979004,0.0,0.0,0.0,0.0,43.93366241455078,43.93366241455078,0.0,48.93122863769531,48.93122863769531,1.4995956420898438,0.0,1.4995956420898438,0.0,0.0,0.0
4,131,5.077601106022485,5.0886933989822865,False,-22.461538314819336,-0.3920277953147888,-72.57142639160156,-1.2666102647781372,71.16483306884766,1.242060661315918,94.28571319580078,1.6455961465835571,95.64835357666016,1.669378638267517,0.7554945054945055,0.007554945054945055,-0.4059131145477295,-0.404414564371109,0.30553165078163147,1.6864933967590332,1.655128836631775,0.0006797909736633301,-23.25710678100586,-0.4059130878164521,-68.57142639160156,-1.1967971633223817,67.16483306884766,1.1722474786037589,94.99983978271484,1.6580599930754685,94.83189392089844,1.6551287848216727,0.06797909736633301,0.0006797909736633301,False,False,0.0,0.0,0.0,0.0,0.0,45.40018081665039,45.40018081665039,0.0,49.65916061401367,49.65916061401367,1.6291122436523438,0.0,1.6291122436523438,0.0,0.0,0.0
4,132,5.1121352759655565,5.12365346995648,False,-23.076923370361328,-0.4027682840824127,-71.69230651855469,-1.2512668371200562,70.72527313232422,1.234388828277588,94.37362670898438,1.6471304893493652,95.64835357666016,1.669378638267517,0.7554945054945055,0.007554945054945055,-0.4266875982284546,-0.32922837138175964,0.25753629207611084,1.684579849243164,1.647408127784729,0.00029344111680984497,-24.447397232055664,-0.42668757524231954,-67.69230651855469,-1.1814536270179994,66.72527313232422,1.1645757104515677,94.99983978271484,1.6580599930754685,94.3895263671875,1.647408014505424,0.029344111680984497,0.00029344111680984497,False,False,0.0,0.0,0.0,0.0,0.0,48.82891082763672,48.82891082763672,0.0,51.96953201293945,51.96953201293945,1.51947021484375,0.0,1.51947021484375,0.0,0.0,0.0
4,133,5.144609916955233,5.156535940943286,False,-22.901098251342773,-0.3996995687484741,-70.81318664550781,-1.2359232902526855,70.28571319580078,1.2267171144485474,94.54945373535156,1.650199294090271,95.64835357666016,1.669378638267517,0.7554945054945055,0.007554945054945055,-0.43751299381256104,-0.281620591878891,0.2052043080329895,1.6917290687561035,1.6429754495620728,0.0008632168173789978,-25.067646026611328,-0.4375129588888418,-66.81318664550781,-1.1661100907136168,66.28571319580078,1.1569039422993763,94.99983978271484,1.6580599930754685,94.13555145263672,1.6429753160290417,0.08632168173789978,0.0008632168173789978,False,False,0.0,0.0,0.0,0.0,0.0,50.67751693725586,50.67751693725586,0.0,54.52837371826172,54.52837371826172,1.9290924072265625,0.0,1.9290924072265625,0.0,0.0,0.0
4,134,5.178099134005606,5.189457444939762,False,-22.989011764526367,-0.4012339413166046,-69.93406677246094,-1.220579743385315,69.84615325927734,1.2190452814102173,94.72527313232422,1.6532678604125977,94.94505310058594,1.6571037769317627,0.7554945054945055,0.007554945054945055,-0.44674432277679443,-0.2266622632741928,0.16202864050865173,1.6873424053192139,1.6402183771133423,0.0004947483539581299,-25.5965633392334,-0.4467443074648971,-65.93406677246094,-1.1507665544092343,65.84615325927734,1.1492321741471851,94.99983978271484,1.6580599930754685,93.97758483886719,1.640218278510537,0.04947483539581299,0.0004947483539581299,False,False,0.0,0.0,0.0,0.0,0.0,52.9472770690918,52.9472770690918,0.0,56.56259536743164,56.56259536743164,1.6777496337890625,0.0,1.6777496337890625,0.0,0.0,0.0
4,135,5.211335032014176,5.222820010967553,False,-24.30769157409668,-0.4242492616176605,-68.96703338623047,-1.2037018537521362,69.4065933227539,1.2113735675811768,95.07691955566406,1.65940523147583,94.94505310058594,1.6571037769317627,0.7554945054945055,0.007554945054945055,-0.45410001277923584,-0.14615212380886078,0.12462916970252991,1.6883260011672974,1.6423060894012451,0.0004167109727859497,-26.01801300048828,-0.45409999168520954,-64.96703338623047,-1.1338886378428026,65.4065933227539,1.1415604059949938,94.99983978271484,1.6580599930754685,94.09720611572266,1.6423060636471047,0.04167109727859497,0.0004167109727859497,False,False,0.0,0.0,0.0,0.0,0.0,56.59313201904297,56.59313201904297,0.0,58.265869140625,58.265869140625,1.7341079711914062,0.0,1.7341079711914062,0.0,0.0,0.0
4,136,5.24472960899584,5.258311470970511,False,-25.010988235473633,-0.43652409315109253,-68.0879135131836,-1.1883583068847656,69.05494689941406,1.2052361965179443,95.16483306884766,1.6609396934509277,95.12088012695312,1.6601725816726685,0.7554945054945055,0.007554945054945055,-0.4614378809928894,-0.10626082122325897,0.0995614230632782,1.6861600875854492,1.6367547512054443,0.00024294108152389526,-26.43844223022461,-0.4614378660157321,-64.0879135131836,-1.11854510153842,65.05494689941406,1.1354230181048517,94.99983978271484,1.6580599930754685,93.77913665771484,1.6367547043548345,0.024294108152389526,0.00024294108152389526,False,False,0.0,0.0,0.0,0.0,0.0,57.99961853027344,57.99961853027344,0.0,59.35049819946289,59.35049819946289,1.6100082397460938,0.0,1.6100082397460938,0.0,0.0,0.0
4,137,5.2780621979618445,5.289283370948397,False,-24.83516502380371,-0.4334554076194763,-67.20879364013672,-1.173014760017395,68.61538696289062,1.1975643634796143,95.16483306884766,1.6609396934509277,94.68132019042969,1.6525007486343384,0.7554945054945055,0.007554945054945055,-0.4658247232437134,-0.0740310549736023,0.07827287912368774,1.6853166818618774,1.6352189779281616,0.0012457147240638733,-26.689788818359375,-0.4658246915423379,-63.20879364013672,-1.1032015652340375,64.61538696289062,1.1277512499526605,94.99983978271484,1.6580599930754685,93.6911392211914,1.6352188593541859,0.12457147240638733,0.0012457147240638733,False,False,0.0,0.0,0.0,0.0,0.0,58.967124938964844,58.967124938964844,0.0,60.13068389892578,60.130680084228516,1.5616912841796875,0.0,1.5616912841796875,0.0,0.0,0.0
4,138,5.311546143027954,5.322405828046612,False,-25.36263656616211,-0.4426615238189697,-66.32967376708984,-1.1576712131500244,68.35164642333984,1.1929612159729004,95.16483306884766,1.6609396934509277,94.32967376708984,1.646363377571106,0.7554945054945055,0.007554945054945055,-0.48115164041519165,-0.026205718517303467,0.050150930881500244,1.6835265159606934,1.6359236240386963,0.0019777491688728333,-27.567956924438477,-0.48115161637942105,-62.329673767089844,-1.087858028929655,64.35164642333984,1.123148109166513,94.99983978271484,1.6580599930754685,93.73151397705078,1.635923531778621,0.19777491688728333,0.0019777491688728333,False,False,0.0,0.0,0.0,0.0,0.0,60.82819366455078,60.82819747924805,0.0,61.47821044921875,61.47821044921875,1.4591217041015625,0.0,1.4591217041015625,0.0,0.0,0.0
4,139,5.345457567018457,5.356420974014327,False,-26.41758155822754,-0.46107378602027893,-65.18681335449219,-1.13772451877594,67.9120864868164,1.1852895021438599,95.16483306884766,1.6609396934509277,94.5054931640625,1.6494320631027222,0.7554945054945055,0.007554945054945055,-0.4884631633758545,0.003643602132797241,0.04458540678024292,1.6829702854156494,1.6345194578170776,0.001002281904220581,-27.986875534057617,-0.48846312541515186,-61.18681335449219,-1.067911351839125,63.912086486816406,1.1154763410143218,94.99983978271484,1.6580599930754685,93.65106201171875,1.6345193800938767,0.1002281904220581,0.001002281904220581,False,False,0.0,0.0,0.0,0.0,0.0,61.39557647705078,61.39557647705078,0.0,61.35752868652344,61.3575325012207,1.42724609375,0.0,1.42724609375,0.0,0.0,0.0
4,140,5.378734178957529,5.390032817958854,False,-26.505495071411133,-0.4626081585884094,-64.3956069946289,-1.1239153146743774,67.47252655029297,1.1776177883148193,95.16483306884766,1.6609396934509277,94.5934066772461,1.6509664058685303,0.7554945054945055,0.007554945054945055,-0.5079484581947327,0.004102945327758789,0.0527367889881134,1.6762443780899048,1.6257548332214355,0.0018173307180404663,-29.103302001953125,-0.5079484431363392,-60.395606994628906,-1.0541021957967918,63.47252655029297,1.1078045728621304,94.99983978271484,1.6580599930754685,93.14888763427734,1.6257547837883712,0.18173307180404663,0.0018173307180404663,False,False,0.0,0.0,0.0,0.0,0.0,60.63069152832031,60.63068771362305,0.0,60.450927734375,60.450931549072266,1.0418853759765625,0.0,1.0418853759765625,0.0,0.0,0.0
4,141,5.412513009039685,5.423631045036018,False,-26.681318283081055,-0.46567684412002563,-63.42856979370117,-1.1070374250411987,67.12088012695312,1.1714802980422974,95.16483306884766,1.6609396934509277,93.97801971435547,1.640225887298584,0.7554945054945055,0.007554945054945055,-0.5150932669639587,0.05271649360656738,0.03962033987045288,1.6767363548278809,1.6359775066375732,0.0016238689422607422,-29.51266860961914,-0.515093238287831,-59.42856979370117,-1.0372242126513327,63.120880126953125,1.1016671849719883,94.99983978271484,1.6580599930754685,93.73460388183594,1.635977460790695,0.16238689422607422,0.0016238689422607422,False,False,0.0,0.0,0.0,0.0,0.0,62.449005126953125,62.44900131225586,0.0,60.850799560546875,60.85080337524414,1.070068359375,0.0,1.070068359375,0.0,0.0,0.0
4,142,5.445779370958917,5.482179068960249,False,-27.736263275146484,-0.48408910632133484,-62.10988998413086,-1.084022045135498,66.76923370361328,1.165342926979065,95.16483306884766,1.6609396934509277,93.97801971435547,1.640225887298584,0.7554945054945055,0.007554945054945055,-0.5243600010871887,0.0783534049987793,0.03870439529418945,1.6732856035232544,1.644627571105957,0.0007034465670585632,-30.04361343383789,-0.5243599736168708,-58.10988998413086,-1.014208908194759,62.76923370361328,1.0955297970818463,94.99983978271484,1.6580599930754685,94.23021697998047,1.6446275411693267,0.07034465670585632,0.0007034465670585632,False,False,0.0,0.0,0.0,0.0,0.0,62.599212646484375,62.59920883178711,0.0,60.5516357421875,60.5516357421875,0.8723602294921875,0.0,0.8723602294921875,0.0,0.0,0.0
4,143,5.483661005040631,5.496984925004654,False,-28.96703338623047,-0.505570113658905,-61.05494689941406,-1.0656098127365112,66.32967376708984,1.1576712131500244,95.16483306884766,1.6609396934509277,94.15384674072266,1.6432945728302002,0.7554945054945055,0.007554945054945055,-0.5265242457389832,0.09664025902748108,0.015598088502883911,1.6743406057357788,1.6413601636886597,0.0007015243172645569,-30.16761589050293,-0.5265242247662373,-57.05494689941406,-0.9957966779453054,62.329673767089844,1.087858028929655,94.99983978271484,1.6580599930754685,94.04300689697266,1.6413601088279086,0.07015243172645569,0.0007015243172645569,False,False,0.0,0.0,0.0,0.0,0.0,62.59202575683594,62.59202575683594,0.0,61.43596649169922,61.435970306396484,0.9328079223632812,0.0,0.9328079223632812,0.0,0.0,0.0
4,144,5.517512268968858,5.532243881025352,False,-28.791208267211914,-0.502501368522644,-60.52747344970703,-1.056403636932373,66.15384674072266,1.1546024084091187,95.16483306884766,1.6609396934509277,94.24176025390625,1.6448290348052979,0.7554945054945055,0.007554945054945055,-0.5276917219161987,0.14871153235435486,-0.004585564136505127,1.6787906885147095,1.6410377025604248,0.0015945583581924438,-30.234506607055664,-0.5276916880091007,-56.52747344970703,-0.986590529531065,62.153846740722656,1.0847892684055567,94.99983978271484,1.6580599930754685,94.02452850341797,1.6410376000199,0.15945583581924438,0.0015945583581924438,False,False,0.0,0.0,0.0,0.0,0.0,65.04801940917969,65.04801940917969,0.0,62.41658020019531,62.41658020019531,1.187774658203125,0.0,1.187774658203125,0.0,0.0,0.0
4,145,5.551207051961683,5.564721722039394,False,-28.879121780395508,-0.5040357708930969,-59.82417678833008,-1.0441288948059082,65.62637329101562,1.1453962326049805,95.16483306884766,1.6609396934509277,93.97801971435547,1.640225887298584,0.7554945054945055,0.007554945054945055,-0.5300025343894958,0.1445479691028595,-0.011506706476211548,1.6751577854156494,1.6344313621520996,0.0011238381266593933,-30.366907119750977,-0.5300025128869625,-55.82417678833008,-0.9743156871717535,61.626373291015625,1.0755831199913164,94.99983978271484,1.6580599930754685,93.64601135253906,1.6344312294617949,0.11238381266593933,0.0011238381266593933,False,False,0.0,0.0,0.0,0.0,0.0,64.10616302490234,64.10616302490234,0.0,62.28565979003906,62.28565979003906,0.9796295166015625,0.0,0.9796295166015625,0.0,0.0,0.0
4,146,5.585276341997087,5.598540359991603,False,-29.758241653442383,-0.5193793177604675,-58.769229888916016,-1.0257165431976318,65.27472686767578,1.139258861541748,95.16483306884766,1.6609396934509277,93.97801971435547,1.640225887298584,0.7554945054945055,0.007554945054945055,-0.5358525514602661,0.17238804697990417,-0.03120061755180359,1.6769901514053345,1.6343384981155396,0.0015761703252792358,-30.70208740234375,-0.5358525124059714,-54.769229888916016,-0.9559033903432727,61.27472686767578,1.069445732101174,94.99983978271484,1.6580599930754685,93.64069366455078,1.6343384182978058,0.15761703252792358,0.0015761703252792358,False,False,0.0,0.0,0.0,0.0,0.0,64.6463394165039,64.6463394165039,0.0,63.06239318847656,63.0623893737793,1.0846099853515625,0.0,1.0846099853515625,0.0,0.0,0.0
4,147,5.618614102946594,5.631466528982855,False,-30.10988998413086,-0.5255166888237,-57.53845977783203,-1.0042355060577393,64.92308044433594,1.1331214904785156,95.16483306884766,1.6609396934509277,94.32967376708984,1.646363377571106,0.7554945054945055,0.007554945054945055,-0.5373143553733826,0.17553022503852844,-0.02458229660987854,1.6808111667633057,1.6211376190185547,0.0012032315135002136,-30.785842895507812,-0.5373143215283159,-53.53845977783203,-0.9344223995697207,60.92308044433594,1.063308344211032,94.99983978271484,1.6580599930754685,92.88433837890625,1.6211375282484464,0.12032315135002136,0.0012032315135002136,False,False,0.0,0.0,0.0,0.0,0.0,63.59559631347656,63.59560012817383,0.0,62.33154296875,62.33154296875,1.3035430908203125,0.0,1.3035430908203125,0.0,0.0,0.0
4,148,5.652210291009396,5.665996009018272,False,-29.758241653442383,-0.5193793177604675,-56.483516693115234,-0.9858233332633972,64.48351287841797,1.1254496574401855,95.07691955566406,1.65940523147583,93.97801971435547,1.640225887298584,0.7554945054945055,0.007554945054945055,-0.5457969307899475,0.19370248913764954,-0.027920573949813843,1.676608681678772,1.6195945739746094,0.0012844204902648926,-31.27185821533203,-0.5457968890743818,-52.483516693115234,-0.9160101693202672,60.48351287841797,1.0556364429007863,94.99983978271484,1.6580599930754685,92.79592895507812,1.6195944927128545,0.12844204902648926,0.0012844204902648926,False,False,0.0,0.0,0.0,0.0,0.0,63.58184814453125,63.581851959228516,0.0,62.08324432373047,62.08324432373047,1.0627593994140625,0.0,1.0627593994140625,0.0,0.0,0.0
4,149,5.685872716945596,5.7013136689784005,False,-30.10988998413086,-0.5255166888237,-55.60439682006836,-0.9704797863960266,64.21977996826172,1.1208466291427612,95.16483306884766,1.6609396934509277,93.89010620117188,1.6386914253234863,0.7554945054945055,0.007554945054945055,-0.5441296696662903,0.19168946146965027,-0.021133631467819214,1.6792670488357544,1.621125340461731,0.0013707876205444336,-31.176332473754883,-0.5441296503634514,-51.60439682006836,-0.9006666330158847,60.21977996826172,1.0510334352726933,94.99983978271484,1.6580599930754685,92.88363647460938,1.621125277707432,0.13707876205444336,0.0013707876205444336,False,False,0.0,0.0,0.0,0.0,0.0,62.58739471435547,62.58739471435547,0.0,61.43064880371094,61.43064880371094,1.2150726318359375,0.0,1.2150726318359375,0.0,0.0,0.0
4,150,5.71891051903367,5.894891971955076,False,-31.076923370361328,-0.5423946380615234,-54.72527313232422,-0.9551361799240112,63.78022003173828,1.1131747961044312,95.16483306884766,1.6609396934509277,93.97801971435547,1.640225887298584,0.7554945054945055,0.007554945054945055,-0.5641469955444336,-0.9895977973937988,0.9423439502716064,1.6247882843017578,1.6185239553451538,0.0083058662712574,-32.323238372802734,-0.5641469345123821,-56.69977569580078,-0.9895977710339824,59.78022003173828,1.0433616671205022,93.093505859375,1.624788189470727,92.73458862304688,1.6185239019546427,0.83058662712574,0.0083058662712574,False,False,0.0,0.0,0.0,0.0,0.0,0.0,0.0,0.0,5.787891387939453,5.787891387939453,0.0,0.0,0.0,0.0,0.0,0.0
4,151,5.896308647003025,5.909006303991191,False,-31.16483497619629,-0.5439289808273315,-52.17582321166992,-0.9106398820877075,63.25274658203125,1.1039687395095825,95.16483306884766,1.6609396934509277,93.27472686767578,1.6279510259628296,0.7554945054945055,0.007554945054945055,-0.5703182220458984,-0.914656400680542,0.8622884154319763,1.630813479423523,1.6081817150115967,0.005883365869522095,-32.67682647705078,-0.5703182111273954,-52.405948638916016,-0.9146563513801255,59.25274658203125,1.0341555187062617,93.438720703125,1.6308133251209223,92.14202117919922,1.6081816490193743,0.5883365869522095,0.005883365869522095,False,False,0.0,0.0,0.0,0.0,0.0,0.0,0.0,0.0,9.84726333618164,9.84726333618164,0.0,0.0,0.0,0.0,0.0,0.0
4,152,5.9296331750229,5.941943131037988,False,-30.901098251342773,-0.5393258929252625,-52.087913513183594,-0.9091055989265442,63.25274658203125,1.1039687395095825,95.16483306884766,1.6609396934509277,93.27472686767578,1.6279510259628296,0.7554945054945055,0.007554945054945055,-0.5729783177375793,-0.8475570678710938,0.8012301921844482,1.6352953910827637,1.610844612121582,0.004518777132034302,-32.82923889160156,-0.5729783095822211,-48.561439514160156,-0.8475570090301703,59.25274658203125,1.0341555187062617,93.69551849365234,1.6352952920774713,92.29459381103516,1.6108445437933447,0.4518777132034302,0.004518777132034302,False,False,0.0,0.0,0.0,0.0,0.0,0.0,0.0,0.0,13.34564208984375,13.34564208984375,0.0,0.0,0.0,0.0,0.0,0.0
4,153,5.963837107992731,5.974572118953802,False,-31.604394912719727,-0.5516007542610168,-52.087913513183594,-0.9091055989265442,62.72527313232422,1.0947625637054443,94.63735961914062,1.6517335176467896,93.010986328125,1.6233479976654053,0.7554945054945055,0.007554945054945055,-0.5691211223602295,-0.8280189037322998,0.7825675010681152,1.6322171688079834,1.5962098836898804,0.005807340145111084,-32.608238220214844,-0.5691211202174048,-48.087913513183594,-0.8392924212193273,58.72527313232422,1.0249493702920214,93.51914978027344,1.632217077331503,91.45608520507812,1.5962098078130866,0.5807340145111084,0.005807340145111084,False,False,0.0,0.0,0.0,0.0,0.0,0.6459274291992188,0.6459274291992188,0.0,13.887458801269531,13.887458801269531,0.0,0.0,0.0,0.0,0.0,0.0
4,154,5.996865086024627,6.009433959028684,False,-32.57143020629883,-0.5684787034988403,-52.0,-0.9075711965560913,62.373626708984375,1.088625192642212,94.02198028564453,1.6409931182861328,92.92308044433594,1.6218136548995972,0.7554945054945055,0.007554945054945055,-0.5650301575660706,-0.8082436323165894,0.762766420841217,1.6263928413391113,1.596107006072998,0.005908973515033722,-32.37384033203125,-0.5650301053088795,-48.0,-0.8377580409572782,58.373626708984375,1.018811982401879,93.18544006347656,1.6263927440274997,91.45018768310547,1.5961068766369553,0.5908973515033722,0.005908973515033722,False,False,0.0,0.0,0.0,0.0,0.0,1.6910552978515625,1.6910552978515625,0.0,14.670333862304688,14.670333862304688,0.0,0.0,0.0,0.0,0.0,0.0
4,155,6.030757202999666,6.045248017995618,False,-32.57143020629883,-0.5684787034988403,-51.20878982543945,-0.8937619924545288,61.93406677246094,1.0809533596038818,94.19779968261719,1.6440616846084595,93.0988998413086,1.6248823404312134,0.7554945054945055,0.007554945054945055,-0.5683028101921082,-0.8039018511772156,0.7512650489807129,1.6187443733215332,1.5964041948318481,0.007784318178892136,-32.56135177612305,-0.5683027973934507,-47.20878982543945,-0.8239488183359176,57.93406677246094,1.011140214249688,92.7472152709961,1.6187442785348467,91.46721649169922,1.596404085414608,0.7784318178892136,0.007784318178892136,False,False,0.0,0.0,0.0,0.0,0.0,1.1486091613769531,1.1486091613769531,0.0,14.889751434326172,14.889751434326172,0.0,0.0,0.0,0.0,0.0,0.0
4,156,6.064036731957458,6.077023401041515,False,-32.131866455078125,-0.5608068704605103,-49.36263656616211,-0.8615405559539795,61.4945068359375,1.0732816457748413,94.02198028564453,1.6409931182861328,92.30769348144531,1.6110731363296509,0.7554945054945055,0.007554945054945055,-0.5706581473350525,-0.7735256552696228,0.7512162923812866,1.5861854553222656,1.5966945886611938,0.006795842200517654,-32.6963005065918,-0.5706580970615168,-45.36263656616211,-0.7917273654651034,57.4945068359375,1.0034684460974967,90.88172912597656,1.5861854031539195,91.48385620117188,1.5966945031314812,0.6795842200517654,0.006795842200517654,False,False,0.0,0.0,0.0,0.0,0.0,1.0428848266601562,1.0428848266601562,0.0,14.452987670898438,14.452987670898438,0.0,0.0,0.0,0.0,0.0,0.0
4,157,6.0973568559857085,6.10860819905065,False,-32.0439567565918,-0.5592725276947021,-48.39560317993164,-0.844662606716156,61.14285659790039,1.0671441555023193,93.5824203491211,1.6333212852478027,92.04395294189453,1.606469988822937,0.7554945054945055,0.007554945054945055,-0.5731551051139832,-0.7044185400009155,0.7104711532592773,1.5971449613571167,1.596555233001709,0.0062699094414711,-32.8393669128418,-0.5731550768995751,-44.39560317993164,-0.7748494488986717,57.14285659790039,0.9973309916283273,91.50965881347656,1.5971448436718136,91.47586822509766,1.5965550866484155,0.62699094414711,0.0062699094414711,False,False,0.0,0.0,0.0,0.0,0.0,4.035396575927734,4.035396575927734,0.0,16.43585968017578,16.43585968017578,0.0,0.0,0.0,0.0,0.0,0.0
4,158,6.131307051051408,6.14228866295889,False,-32.39560317993164,-0.5654099583625793,-47.60439682006836,-0.8308534622192383,60.79121017456055,1.061006784439087,93.05494689941406,1.624115228652954,92.04395294189453,1.606469988822937,0.7554945054945055,0.007554945054945055,-0.5737951397895813,-0.6667135953903198,0.6702698469161987,1.5963890552520752,1.5880860090255737,0.007835246622562408,-32.87603759765625,-0.5737951010885484,-43.60439682006836,-0.7610402928563383,56.79121017456055,0.9911936037381852,91.46634674072266,1.5963889053963947,90.9906234741211,1.5880859680658546,0.7835246622562408,0.007835246622562408,False,False,0.0,0.0,0.0,0.0,0.0,5.404521942138672,5.404521942138672,0.0,18.387577056884766,18.387577056884766,0.0,0.0,0.0,0.0,0.0,0.0
4,159,6.164999346015975,6.175983589957468,False,-32.92307662963867,-0.5746160745620728,-46.5494499206543,-0.8124411702156067,60.263736724853516,1.0518006086349487,92.17582702636719,1.6087716817855835,92.04395294189453,1.606469988822937,0.7554945054945055,0.007554945054945055,-0.5851667523384094,-0.6077158451080322,0.6235865354537964,1.5812959671020508,1.5848982334136963,0.00880066305398941,-33.527584075927734,-0.5851667323641595,-42.5494499206543,-0.7426279960278575,56.263736724853516,0.9819874553239447,90.60157775878906,1.581295839392534,90.80797576904297,1.5848981642410296,0.880066305398941,0.00880066305398941,False,False,0.0,0.0,0.0,0.0,0.0,7.729900360107422,7.729900360107422,0.0,20.534862518310547,20.534862518310547,0.0,0.0,0.0,0.0,0.0,0.0
4,160,6.198460499988869,6.210638871998526,False,-32.92307662963867,-0.5746160745620728,-45.31867980957031,-0.7909601926803589,59.912086486816406,1.0456631183624268,91.82417297363281,1.6026341915130615,92.21977996826172,1.6095387935638428,0.7554945054945055,0.007554945054945055,-0.5833216905593872,-0.5453464984893799,0.5870121121406555,1.5964001417160034,1.5762076377868652,0.009338155388832092,-33.42186737060547,-0.5833216277819253,-41.31867980957031,-0.7211470052543056,55.912086486816406,0.9758500008547754,91.46698760986328,1.596400090672973,90.31004333496094,1.5762076038138286,0.9338155388832092,0.009338155388832092,False,False,0.0,0.0,0.0,0.0,0.0,10.072628021240234,10.072628021240234,0.0,22.278770446777344,22.278770446777344,0.0,0.0,0.0,0.0,0.0,0.0
4,161,6.232449528994039,6.244768764008768,False,-32.659339904785156,-0.5700129866600037,-44.35165023803711,-0.7740823030471802,59.47252655029297,1.0379914045333862,92.0,1.6057028770446777,91.69230651855469,1.6003326177597046,0.7554945054945055,0.007554945054945055,-0.5831628441810608,-0.5028296709060669,0.5555382966995239,1.5965476036071777,1.5820947885513306,0.005746781826019287,-33.41276931762695,-0.5831628368019294,-40.35165023803711,-0.7042691552669011,55.47252655029297,0.9681782327025842,91.47543334960938,1.5965474966393087,90.64734649658203,1.5820946545615033,0.5746781826019287,0.005746781826019287,False,False,0.0,0.0,0.0,0.0,0.0,11.541633605957031,11.541633605957031,0.0,23.642528533935547,23.642528533935547,0.0,0.0,0.0,0.0,0.0,0.0
4,162,6.266274326015264,6.27869989501778,False,-32.74725341796875,-0.5715473890304565,-43.38461685180664,-0.7572044134140015,59.03296661376953,1.0303195714950562,91.64835357666016,1.5995655059814453,91.16483306884766,1.5911264419555664,0.7554945054945055,0.007554945054945055,-0.5842188596725464,-0.43266573548316956,0.5134180784225464,1.5896258354187012,1.5798757076263428,0.006205104291439056,-33.47327423095703,-0.584218846753173,-39.38461685180664,-0.6873912387004695,55.03296661376953,0.9605064645503929,91.07884979248047,1.5896258078081382,90.52020263671875,1.5798755755831948,0.6205104291439056,0.006205104291439056,False,False,0.0,0.0,0.0,0.0,0.0,14.594697952270508,14.594697952270508,0.0,25.61627960205078,25.61627960205078,0.0,0.0,0.0,0.0,0.0,0.0
4,163,6.299558743019588,6.311049384996295,False,-33.18681335449219,-0.5792191624641418,-42.153846740722656,-0.7357234358787537,58.68132019042969,1.0241822004318237,91.47252655029297,1.5964967012405396,91.34066009521484,1.5941952466964722,0.7554945054945055,0.007554945054945055,-0.5967573523521423,-0.40003344416618347,0.4883551597595215,1.5886203050613403,1.5800367593765259,0.007021669298410416,-34.19167709350586,-0.5967573420604023,-38.153846740722656,-0.6659102479269177,54.68132019042969,0.9543690766602507,91.02123260498047,1.5886201981805244,90.52943420410156,1.5800366968291446,0.7021669298410416,0.007021669298410416,False,False,0.0,0.0,0.0,0.0,0.0,15.233619689941406,15.233619689941406,0.0,26.700632095336914,26.700632095336914,0.0,0.0,0.0,0.0,0.0,0.0
4,164,6.333503611036576,6.344560379977338,False,-33.53845977783203,-0.5853565335273743,-41.18681335449219,-0.7188454866409302,58.241756439208984,1.0165103673934937,91.56044006347656,1.5980311632156372,91.42857360839844,1.5957295894622803,0.7554945054945055,0.007554945054945055,-0.5967288613319397,-0.3428642153739929,0.426222562789917,1.5916354656219482,1.5843589305877686,0.006301358342170715,-34.19004440307617,-0.5967288462367385,-37.18681335449219,-0.649032331360486,54.241756439208984,0.9466972419290323,91.1939926147461,1.591635429166712,90.7770767211914,1.5843588741202885,0.6301358342170715,0.006301358342170715,False,False,0.0,0.0,0.0,0.0,0.0,17.542142868041992,17.542142868041992,0.0,29.821002960205078,29.821002960205078,0.0,0.0,0.0,0.0,0.0,0.0
4,165,6.367206975002773,6.378516257973388,False,-33.53845977783203,-0.5853565335273743,-40.131866455078125,-0.7004331946372986,57.89011001586914,1.0103729963302612,91.29669952392578,1.5934280157089233,91.16483306884766,1.5911264419555664,0.7554945054945055,0.007554945054945055,-0.5923418998718262,-0.3197021186351776,0.4151569902896881,1.597877860069275,1.5783796310424805,0.007171802222728729,-33.938690185546875,-0.5923418875520782,-36.131866455078125,-0.6306200345320051,53.89011001586914,0.9405598540388901,91.55165100097656,1.5978777456038034,90.43448638916016,1.5783795448408426,0.7171802222728729,0.007171802222728729,False,False,0.0,0.0,0.0,0.0,0.0,17.814285278320312,17.814285278320312,0.0,30.103370666503906,30.103368759155273,0.0,0.0,0.0,0.0,0.0,0.0
4,166,6.40037603804376,6.41336621704977,False,-33.53845977783203,-0.5853565335273743,-38.989009857177734,-0.6804865598678589,57.4505500793457,1.0027012825012207,91.29669952392578,1.5934280157089233,90.81318664550781,1.584989070892334,0.7554945054945055,0.007554945054945055,-0.6066458821296692,-0.30464813113212585,0.39430180191993713,1.5929511785507202,1.5603736639022827,0.0057851895689964294,-34.75824737548828,-0.6066458589249483,-34.989009857177734,-0.6106734240205024,53.4505500793457,0.9328880858866989,91.26937103271484,1.5929510307452113,89.40281677246094,1.5603735132366534,0.5785189568996429,0.0057851895689964294,False,False,0.0,0.0,0.0,0.0,0.0,17.533958435058594,17.533958435058594,0.0,30.858722686767578,30.858722686767578,0.0,0.0,0.0,0.0,0.0,0.0
4,167,6.433747358969413,6.446426867041737,False,-33.53845977783203,-0.5853565335273743,-37.93406677246094,-0.6620743870735168,57.010990142822266,0.9950295090675354,91.29669952392578,1.5934280157089233,90.81318664550781,1.584989070892334,0.7554945054945055,0.007554945054945055,-0.624013364315033,-0.24297446012496948,0.3245800733566284,1.599315881729126,1.5680840015411377,0.0062741562724113464,-35.75333023071289,-0.6240133310787638,-33.93406677246094,-0.5922611937710488,53.010990142822266,0.9252163177345076,91.63404846191406,1.5993158525924462,89.84458923339844,1.568083897224651,0.6274156272411346,0.0062741562724113464,False,False,0.0,0.0,0.0,0.0,0.0,20.012657165527344,20.012657165527344,0.0,34.41392517089844,34.41392517089844,0.0,0.0,0.0,0.0,0.0,0.0
4,168,6.467219154001214,6.478429696988314,False,-33.89011001586914,-0.5914940237998962,-36.879119873046875,-0.6436620354652405,56.659339904785156,0.9888920187950134,91.29669952392578,1.5934280157089233,90.9011001586914,1.5865235328674316,0.7554945054945055,0.007554945054945055,-0.6210069060325623,-0.22647131979465485,0.31772327423095703,1.59596848487854,1.5568759441375732,0.007037986069917679,-35.58107376098633,-0.6210068885241733,-32.879119873046875,-0.573848896942568,52.659339904785156,0.9190788632653383,91.44225311279297,1.595968392260271,89.2024154663086,1.556875850618998,0.7037986069917679,0.007037986069917679,False,False,0.0,0.0,0.0,0.0,0.0,19.903270721435547,19.903270721435547,0.0,34.45513916015625,34.45513916015625,0.0,0.0,0.0,0.0,0.0,0.0
4,169,6.500762128969654,6.5130333920242265,False,-34.5054931640625,-0.6022344827651978,-35.82417678833008,-0.6252498030662537,56.30769348144531,0.982754647731781,91.20879364013672,1.5918937921524048,90.19779968261719,1.5742485523223877,0.7554945054945055,0.007554945054945055,-0.6225234270095825,-0.22361695766448975,0.31342512369155884,1.590965986251831,1.5667128562927246,0.007251381874084473,-35.667964935302734,-0.622523425606919,-31.824176788330078,-0.5554366666931144,52.30769348144531,0.9129414753751961,91.15563201904297,1.5909659104686662,89.76602935791016,1.5667127687374236,0.7251381874084473,0.007251381874084473,False,False,0.0,0.0,0.0,0.0,0.0,19.011869430541992,19.011869430541992,0.0,34.34975814819336,34.34975814819336,0.0,0.0,0.0,0.0,0.0,0.0
4,170,6.534634544048458,6.546777567011304,False,-35.120880126953125,-0.612975001335144,-34.68132019042969,-0.6053032279014587,55.868133544921875,0.9750828742980957,91.20879364013672,1.5918937921524048,90.10989379882812,1.5727143287658691,0.7554945054945055,0.007554945054945055,-0.6234779357910156,-0.21540385484695435,0.32458972930908203,1.5855517387390137,1.5701595544815063,0.0054005831480026245,-35.722652435302734,-0.6234779025416034,-30.681320190429688,-0.5354900561816117,51.868133544921875,0.9052697072230049,90.84542083740234,1.585551703972535,89.96350860595703,1.5701594318202041,0.5400583148002625,0.0054005831480026245,False,False,0.0,0.0,0.0,0.0,0.0,18.339588165283203,18.339588165283203,0.0,33.27051544189453,33.27051544189453,0.0,0.0,0.0,0.0,0.0,0.0
4,171,6.567776435986161,6.579056603019126,False,-35.56044006347656,-0.6206467747688293,-33.626373291015625,-0.5868909358978271,55.42856979370117,0.9674110412597656,91.12088012695312,1.5903593301773071,90.37362670898438,1.5773173570632935,0.7554945054945055,0.007554945054945055,-0.6305403709411621,-0.21561133861541748,0.311863511800766,1.5852651596069336,1.5680183172225952,0.006584465503692627,-36.12730026245117,-0.6305403394363845,-29.626373291015625,-0.5170777593531308,51.42856979370117,0.8975978724917864,90.82899475097656,1.5852650146811882,89.84082794189453,1.5680182503037805,0.6584465503692627,0.006584465503692627,False,False,0.0,0.0,0.0,0.0,0.0,17.272754669189453,17.272754669189453,0.0,33.56010818481445,33.56010818481445,0.0,0.0,0.0,0.0,0.0,0.0
4,172,6.6013020320096985,6.612406015978195,False,-35.56044006347656,-0.6206467747688293,-32.483516693115234,-0.5669443011283875,54.989009857177734,0.9597392678260803,91.12088012695312,1.5903593301773071,90.37362670898438,1.5773173570632935,0.7554945054945055,0.007554945054945055,-0.6353772282600403,-0.17006929218769073,0.2593233585357666,1.5855261087417603,1.5717827081680298,0.005720697343349457,-36.4044303894043,-0.6353771726081864,-28.483516693115234,-0.4971311488416281,50.989009857177734,0.8899261043395951,90.84394836425781,1.585526004468016,90.05651092529297,1.5717826285046075,0.5720697343349457,0.005720697343349457,False,False,0.0,0.0,0.0,0.0,0.0,18.73926544189453,18.73926544189453,0.0,36.13087463378906,36.13087463378906,0.0,0.0,0.0,0.0,0.0,0.0
4,173,6.634797231992707,6.645894026965834,False,-35.29670333862305,-0.6160436868667603,-31.428571701049805,-0.5485320687294006,54.5494499206543,0.952067494392395,91.12088012695312,1.5903593301773071,90.37362670898438,1.5773173570632935,0.7554945054945055,0.007554945054945055,-0.6384375095367432,-0.16227810084819794,0.25312328338623047,1.5866005420684814,1.5755575895309448,0.005850568413734436,-36.57977294921875,-0.6384374775958237,-27.428571701049805,-0.47871888530266093,50.5494499206543,0.8822543361874039,90.90550994873047,1.5866004568098082,90.27279663085938,1.5755575261917403,0.5850568413734436,0.005850568413734436,False,False,0.0,0.0,0.0,0.0,0.0,18.130722045898438,18.130722045898438,0.0,36.04655456542969,36.04655456542969,0.0,0.0,0.0,0.0,0.0,0.0
4,174,6.668164997943677,6.682130508008413,False,-35.64834976196289,-0.6221810579299927,-30.285715103149414,-0.5285854339599609,54.19780349731445,0.9459301233291626,91.03296661376953,1.588824987411499,89.84615325927734,1.5681111812591553,0.7554945054945055,0.007554945054945055,-0.6377012133598328,-0.1322825402021408,0.22994159162044525,1.5868586301803589,1.5760164260864258,0.0052185505628585815,-36.5375862121582,-0.637701180133444,-26.285715103149414,-0.4587722747911582,50.19780349731445,0.8761169482972617,90.92029571533203,1.586858517119437,90.29908752441406,1.576016388847561,0.5218550562858582,0.0052185505628585815,False,False,0.0,0.0,0.0,0.0,0.0,18.706483840942383,18.706483840942383,0.0,37.02312088012695,37.02312088012695,0.0,0.0,0.0,0.0,0.0,0.0
4,175,6.701458518975414,6.71609829494264,False,-36.35165023803711,-0.6344559788703918,-29.14285659790039,-0.5086387991905212,53.758243560791016,0.9382583498954773,90.94505310058594,1.587290644645691,90.02198028564453,1.571179986000061,0.7554945054945055,0.007554945054945055,-0.6398866176605225,-0.11188468337059021,0.20786109566688538,1.5892068147659302,1.5725904703140259,0.004329212009906769,-36.66279983520508,-0.6398865701239631,-25.14285659790039,-0.4388256309901418,49.758243560791016,0.8684451801450704,91.05484008789062,1.5892067594106143,90.10279083251953,1.5725903652632285,0.4329212009906769,0.004329212009906769,False,False,0.0,0.0,0.0,0.0,0.0,18.732337951660156,18.732337951660156,0.0,37.84867858886719,37.84867858886719,0.0,0.0,0.0,0.0,0.0,0.0
4,176,6.735002883942798,6.749134946032427,False,-36.61538314819336,-0.6390590071678162,-28.0,-0.48869219422340393,53.31867980957031,0.9305865168571472,90.85713958740234,1.5857561826705933,90.37362670898438,1.5773173570632935,0.7554945054945055,0.007554945054945055,-0.6390342116355896,-0.12348496913909912,0.2250238060951233,1.5864670276641846,1.5662236213684082,0.004144541919231415,-36.61396026611328,-0.6390341588380559,-24.0,-0.4188790204786391,49.31867980957031,0.860773345413852,90.89785766601562,1.5864668992811408,89.73799896240234,1.566223546045176,0.4144541919231415,0.004144541919231415,False,False,0.0,0.0,0.0,0.0,0.0,16.924833297729492,16.924833297729492,0.0,36.42576599121094,36.42576599121094,0.0,0.0,0.0,0.0,0.0,0.0
4,177,6.768401372013614,6.779925936949439,False,-36.43955993652344,-0.6359903216362,-26.94505500793457,-0.4702799320220947,52.879119873046875,0.9229147434234619,90.85713958740234,1.5857561826705933,90.19779968261719,1.5742485523223877,0.7554945054945055,0.007554945054945055,-0.6407507061958313,-0.1102023720741272,0.21964457631111145,1.5850433111190796,1.5581797361373901,0.004856504499912262,-36.712310791015625,-0.6407506993186666,-22.94505500793457,-0.4004667569396719,48.879119873046875,0.8531015772616607,90.8162841796875,1.5850431733623844,89.27711486816406,1.5581796011306461,0.4856504499912262,0.004856504499912262,False,False,0.0,0.0,0.0,0.0,0.0,16.630924224853516,16.630924224853516,0.0,36.29441452026367,36.29441452026367,0.0,0.0,0.0,0.0,0.0,0.0
4,178,6.802211442962289,6.812980024027638,False,-36.087913513183594,-0.6298528909683228,-25.714284896850586,-0.44879892468452454,52.43955993652344,0.9152429699897766,90.85713958740234,1.5857561826705933,90.19779968261719,1.5742485523223877,0.7554945054945055,0.007554945054945055,-0.6404368877410889,-0.10015927255153656,0.19649848341941833,1.5806996822357178,1.5545709133148193,0.004475347697734833,-36.69432830810547,-0.6404368457842007,-21.714284896850586,-0.37898576616612,48.43955993652344,0.8454298091094694,90.56741333007812,1.5806995576244653,89.07035064697266,1.5545708846955344,0.4475347697734833,0.004475347697734833,False,False,0.0,0.0,0.0,0.0,0.0,15.975582122802734,15.975582122802734,0.0,37.181026458740234,37.181026458740234,0.0,0.0,0.0,0.0,0.0,0.0
4,179,6.835562707972713,6.846377353998832,False,-36.263736724853516,-0.632921576499939,-24.571428298950195,-0.4288523197174072,51.912086486816406,0.9060367941856384,90.85713958740234,1.5857561826705933,89.84615325927734,1.5681111812591553,0.7554945054945055,0.007554945054945055,-0.6483049988746643,-0.08440235257148743,0.19049759209156036,1.5768945217132568,1.5397119522094727,0.004471190273761749,-37.145137786865234,-0.648304955487758,-20.571428298950195,-0.35903915565461725,47.912086486816406,0.836223660695229,90.34939575195312,1.57689443305896,88.218994140625,1.5397119105514918,0.4471190273761749,0.004471190273761749,False,False,0.0,0.0,0.0,0.0,0.0,15.735530853271484,15.735529899597168,0.0,36.997379302978516,36.997379302978516,0.0,0.0,0.0,0.0,0.0,0.0
4,180,6.869033825001679,7.034795874962583,False,-36.70329666137695,-0.6405933499336243,-23.428571701049805,-0.4089057147502899,51.47252655029297,0.8983650803565979,90.76923370361328,1.5842219591140747,89.75823974609375,1.5665768384933472,0.7554945054945055,0.007554945054945055,-0.6995870471000671,-0.5143066048622131,0.7471931576728821,1.5725163221359253,1.5542923212051392,-0.0005717650055885315,-40.08338165283203,-0.6995869851754056,-27.428571701049805,-0.47871888530266093,47.47252655029297,0.8285518925430377,90.09854125976562,1.5725161962268697,89.05438232421875,1.5542921848874576,0.0,0.0,True,False,0.05717650055885315,0.0,0.0,0.0,0.0,2.0390243530273438,2.0390243530273438,0.0,4.6615142822265625,4.6615142822265625,0.0,0.0,0.0,0.0,0.0,0.0
4,181,7.036479727015831,7.049477885011584,False,-36.70329666137695,-0.6405933499336243,-20.703296661376953,-0.3613407015800476,50.68132019042969,0.8845558762550354,90.76923370361328,1.5842219591140747,88.61538696289062,1.5466302633285522,0.7554945054945055,0.007554945054945055,-0.7196213603019714,-0.5017627477645874,0.7018485069274902,1.5742310285568237,1.5569721460342407,-0.00248611718416214,-40.70329666137695,-0.7104065431570433,-24.703296661376953,-0.43115386283795054,46.68132019042969,0.8147427365007044,90.19679260253906,1.5742310056527717,89.20793151855469,1.5569721238924044,0.0,0.0,True,False,0.248611718416214,0.0,0.5279693603515625,0.5279693603515625,0.0,4.045589447021484,4.045589447021484,0.0,6.468364715576172,6.468364715576172,0.0,0.0,0.0,0.0,0.0,0.0
4,182,7.069759825011715,7.084496896946803,False,-37.230770111083984,-0.6497995257377625,-20.703296661376953,-0.3613407015800476,50.68132019042969,0.8845558762550354,90.76923370361328,1.5842219591140747,88.96703338623047,1.5527676343917847,0.7554945054945055,0.007554945054945055,-0.7291832566261292,-0.49932777881622314,0.659892201423645,1.581628680229187,1.5572307109832764,-0.0018298476934432983,-41.230770111083984,-0.7196126915712837,-24.703296661376953,-0.43115386283795054,46.68132019042969,0.8147427365007044,90.62064361572266,1.5816286013707395,89.22274017333984,1.5572305836761964,0.0,0.0,True,False,0.18298476934432983,0.0,0.5483512878417969,0.5483512878417969,0.0,3.906076431274414,3.906076431274414,0.0,8.872283935546875,8.872283935546875,0.0,0.0,0.0,0.0,0.0,0.0
4,183,7.103823221987113,7.1188715669559315,False,-37.758243560791016,-0.6590056419372559,-20.96703338623047,-0.3659437596797943,50.153846740722656,0.875349760055542,90.76923370361328,1.5842219591140747,88.96703338623047,1.5527676343917847,0.7554945054945055,0.007554945054945055,-0.7084375619888306,-0.5111327171325684,0.6148026585578918,1.5950546264648438,1.5587437152862549,-0.0004907101392745972,-40.59048080444336,-0.7084375350050932,-24.96703338623047,-0.4357569370450708,46.153846740722656,0.805536588086464,91.389892578125,1.5950545285322104,89.30943298339844,1.558743658649525,0.0,0.0,True,False,0.04907101392745972,0.0,0.0,0.0,0.0,4.31871223449707,4.31871223449707,0.0,10.92824935913086,10.92824935913086,0.0,0.0,0.0,0.0,0.0,0.0
4,184,7.136778804007918,7.1508907719980925,False,-39.25274658203125,-0.685089647769928,-21.934066772460938,-0.3828216791152954,49.71428680419922,0.8676779866218567,90.76923370361328,1.5842219591140747,88.52747344970703,1.5450959205627441,0.6868131868131868,0.006868131868131868,-0.6930524706840515,-0.4618111252784729,0.553296685218811,1.596500277519226,1.5590356588363647,-6.642937660217285e-05,-39.708980560302734,-0.6930524533877055,-25.934066772460938,-0.45263485361150246,45.71428680419922,0.7978648199342727,91.47272491455078,1.5965002255299598,89.32615661621094,1.5590355411049976,0.0,0.0,True,False,0.006642937660217285,0.0,0.0,0.0,0.0,0.5257606506347656,0.5257606506347656,0.0,14.012723922729492,14.012723922729492,0.0,0.0,0.0,0.0,0.0,0.0
4,185,7.170169541030191,7.183475079014897,False,-40.21977996826172,-0.7019675970077515,-22.549449920654297,-0.3935621380805969,49.36263656616211,0.8615405559539795,90.85713958740234,1.5857561826705933,89.05494689941406,1.5543019771575928,0.6868131868131868,0.006868131868131868,-0.7008095383644104,-0.41882219910621643,0.5032261610031128,1.6017602682113647,1.559577226638794,0.00014609098434448242,-40.15342712402344,-0.7008095092738065,-23.996742248535156,-0.4188221619893659,45.36263656616211,0.7917273654651034,91.77410125732422,1.6017602349989755,89.35718536376953,1.5595770949126653,0.014609098434448242,0.00014609098434448242,False,False,0.0,0.0,0.0,0.0,0.0,0.0,0.0,0.0,16.529903411865234,16.529903411865234,0.0,0.0,0.0,0.0,0.0,0.0
4,186,7.203683212981559,7.215088268043473,False,-40.131866455078125,-0.7004331946372986,-23.16483497619629,-0.4043026268482208,48.74725341796875,0.8508000373840332,90.94505310058594,1.587290644645691,89.05494689941406,1.5543019771575928,0.6868131868131868,0.006868131868131868,-0.708068311214447,-0.3806099593639374,0.49691325426101685,1.5854763984680176,1.5450440645217896,0.00041919201612472534,-40.5693244934082,-0.7080682877199537,-21.807342529296875,-0.3806099282464184,44.74725341796875,0.780986903367841,90.84110260009766,1.585476336513686,88.52449798583984,1.5450439585279938,0.041919201612472534,0.00041919201612472534,False,False,0.0,0.0,0.0,0.0,0.0,0.0,0.0,0.0,16.276222229003906,16.276222229003906,0.0,0.0,0.0,0.0,0.0,0.0
4,187,7.236867284053005,7.2487739600474015,False,-39.516483306884766,-0.6896927356719971,-23.428571701049805,-0.4089057147502899,48.39560317993164,0.844662606716156,90.94505310058594,1.587290644645691,88.61538696289062,1.5466302633285522,0.6868131868131868,0.006868131868131868,-0.7185305953025818,-0.3297460675239563,0.4426095187664032,1.588059902191162,1.5562822818756104,0.0009292960166931152,-41.16876983642578,-0.7185305826413573,-19.428571701049805,-0.33909254514311454,44.39560317993164,0.7748494488986717,90.98912811279297,1.5880598690871717,89.16840362548828,1.5562822320120193,0.09292960166931152,0.0009292960166931152,False,False,0.0,0.0,0.0,0.0,0.0,0.5355148315429688,0.5355148315429688,0.0,19.035947799682617,19.035947799682617,0.0,0.0,0.0,0.0,0.0,0.0
4,188,7.270298007992096,7.281434973003343,False,-39.868133544921875,-0.6958301663398743,-22.901098251342773,-0.3996995687484741,47.9560432434082,0.8369908332824707,91.03296661376953,1.588824987411499,88.61538696289062,1.5466302633285522,0.6868131868131868,0.006868131868131868,-0.7256795167922974,-0.29028475284576416,0.42438673973083496,1.5886337757110596,1.5346535444259644,-0.0004472881555557251,-41.578372955322266,-0.7256795056925387,-18.901098251342773,-0.32988639672887415,43.9560432434082,0.7671776807464804,91.02200317382812,1.5886336471440292,87.92916870117188,1.5346535023769952,0.0,0.0,True,False,0.04472881555557251,0.0,0.0,0.0,0.0,2.2690086364746094,2.2690086364746094,0.0,19.64047622680664,19.64047622680664,0.0,0.0,0.0,0.0,0.0,0.0
4,189,7.3043081789510325,7.315499930991791,False,-40.83516311645508,-0.712708055973053,-21.58241844177246,-0.3766842484474182,47.42856979370117,0.8277847170829773,90.76923370361328,1.5842219591140747,88.96703338623047,1.5527676343917847,0.6868131868131868,0.006868131868131868,-0.7253928780555725,-0.2956621050834656,0.4182361960411072,1.5845575332641602,1.5436238050460815,0.0013228431344032288,-41.561946868896484,-0.7253928164011917,-17.58241844177246,-0.30687109227230036,43.42856979370117,0.75797153233224,90.7884521484375,1.584557412779554,88.44312286376953,1.5436236947186546,0.13228431344032288,0.0013228431344032288,False,False,0.0,0.0,0.0,0.0,0.0,0.6422290802001953,0.6422290802001953,0.0,19.465402603149414,19.465402603149414,0.0,0.0,0.0,0.0,0.0,0.0
4,190,7.337736255954951,7.349796826019883,False,-41.098899841308594,-0.7173111438751221,-20.263736724853516,-0.3536689281463623,46.989009857177734,0.820112943649292,90.76923370361328,1.5842219591140747,88.87911987304688,1.5512332916259766,0.6868131868131868,0.006868131868131868,-0.7422682642936707,-0.23945081233978271,0.3689054846763611,1.5821470022201538,1.5424413681030273,0.0015991926193237305,-42.52883529663086,-0.7422682029645877,-16.263736724853516,-0.2838557545262129,42.989009857177734,0.7502997641800487,90.65033721923828,1.5821468525188689,88.37537384033203,1.5424412511946595,0.15991926193237305,0.0015991926193237305,False,False,0.0,0.0,0.0,0.0,0.0,2.5442161560058594,2.5442161560058594,0.0,21.852283477783203,21.852283477783203,0.0,0.0,0.0,0.0,0.0,0.0
4,191,7.371209381963126,7.38345359696541,False,-40.83516311645508,-0.712708055973053,-19.120878219604492,-0.3337222635746002,46.5494499206543,0.8124411702156067,90.76923370361328,1.5842219591140747,88.70330047607422,1.5481646060943604,0.6868131868131868,0.006868131868131868,-0.7510465979576111,-0.20824389159679413,0.359030544757843,1.5760177373886108,1.532387375831604,0.0017267540097236633,-43.03179931640625,-0.7510465811287342,-15.120878219604492,-0.26390911072519657,42.5494499206543,0.7426279960278575,90.29915618896484,1.5760175872700515,87.79932403564453,1.5323872854473923,0.17267540097236633,0.0017267540097236633,False,False,0.0,0.0,0.0,0.0,0.0,3.189382553100586,3.189382553100586,0.0,21.978515625,21.978515625,0.0,0.0,0.0,0.0,0.0,0.0
4,192,7.404622872942127,7.416379526024684,False,-41.18681335449219,-0.7188454866409302,-17.89011001586914,-0.3122413158416748,46.10988998413086,0.8047693967819214,90.76923370361328,1.5842219591140747,88.17582702636719,1.5389585494995117,0.6868131868131868,0.006868131868131868,-0.7627971768379211,-0.1475399136543274,0.3484710156917572,1.5634989738464355,1.5134024620056152,0.00186958909034729,-43.705055236816406,-0.7627971136484364,-13.89011001586914,-0.24242815324115832,42.10988998413086,0.7349562278756663,89.5818862915039,1.563498865933916,86.7115707397461,1.5134024089845444,0.186958909034729,0.00186958909034729,False,False,0.0,0.0,0.0,0.0,0.0,5.4366960525512695,5.4366960525512695,0.0,22.143972396850586,22.143972396850586,0.0,0.0,0.0,0.0,0.0,0.0
4,193,7.43910458998289,7.450519523001276,False,-42.32966995239258,-0.7387921214103699,-16.659339904785156,-0.290760338306427,45.58241653442383,0.7955632209777832,90.68132019042969,1.5826876163482666,88.26373291015625,1.5404927730560303,0.6868131868131868,0.006868131868131868,-0.771347165107727,-0.1127980500459671,0.3092253804206848,1.5694164037704468,1.5093812942504883,0.0012476369738578796,-44.1949348449707,-0.7713471257491085,-12.659339904785156,-0.22094716246760643,41.58241653442383,0.7257500794614258,89.92092895507812,1.5694162767180175,86.48117065429688,1.5093811688965793,0.12476369738578796,0.0012476369738578796,False,False,0.0,0.0,0.0,0.0,0.0,6.1964874267578125,6.196487903594971,0.0,23.865108489990234,23.865108489990234,0.0,0.0,0.0,0.0,0.0,0.0
4,194,7.4725352339446545,7.48739141097758,False,-43.03296661376953,-0.7510669231414795,-15.428571701049805,-0.2692793607711792,45.230770111083984,0.7894258499145508,90.5054931640625,1.5796188116073608,88.43955993652344,1.5435614585876465,0.6868131868131868,0.006868131868131868,-0.7742894291877747,-0.09974758327007294,0.31560876965522766,1.557612657546997,1.4792993068695068,0.000942721962928772,-44.3635139465332,-0.7742893861214281,-11.428571701049805,-0.19946620498356818,41.230770111083984,0.7196126915712837,89.24462890625,1.5576126141345683,84.75759887695312,1.4792991664874802,0.0942721962928772,0.000942721962928772,False,False,0.0,0.0,0.0,0.0,0.0,5.713457107543945,5.713456630706787,0.0,23.147720336914062,23.147720336914062,0.0,0.0,0.0,0.0,0.0,0.0
4,195,7.506008783937432,7.51821272703819,False,-43.29670333862305,-0.7556700110435486,-14.197802543640137,-0.2477983981370926,44.70329666137695,0.7802197337150574,90.24176025390625,1.5750157833099365,87.47252655029297,1.5266835689544678,0.6868131868131868,0.006868131868131868,-0.7740695476531982,-0.07255640625953674,0.3094262480735779,1.5643229484558105,1.502822995185852,0.002024933695793152,-44.350914001464844,-0.7740694755944147,-10.197802543640137,-0.1779852308547731,40.70329666137695,0.7104065431570433,89.62909698486328,1.5643228479751865,86.10540771484375,1.5028228683961502,0.20249336957931519,0.002024933695793152,False,False,0.0,0.0,0.0,0.0,0.0,6.040626525878906,6.0406270027160645,0.0,22.97447967529297,22.97447967529297,0.0,0.0,0.0,0.0,0.0,0.0
4,196,7.539356286986731,7.551232659025118,False,-43.29670333862305,-0.7556700110435486,-12.879120826721191,-0.2247830629348755,44.17582321166992,0.7710135579109192,90.24176025390625,1.5750157833099365,87.12088012695312,1.5205461978912354,0.6868131868131868,0.006868131868131868,-0.7823525071144104,-0.04686811566352844,0.26053404808044434,1.5691133737564087,1.5149730443954468,0.0015252307057380676,-44.82549285888672,-0.7823524392167792,-8.879120826721191,-0.1549698931086857,40.17582321166992,0.7012003947428028,89.90357208251953,1.569113342144021,86.80155944824219,1.5149730082374187,0.15252307057380676,0.0015252307057380676,False,False,0.0,0.0,0.0,0.0,0.0,6.193775177001953,6.193775653839111,0.0,25.248321533203125,25.248321533203125,0.0,0.0,0.0,0.0,0.0,0.0
4,197,7.572724004043266,7.5838589139748365,False,-43.64834976196289,-0.761807382106781,-11.736263275146484,-0.2048364281654358,43.82417678833008,0.7648761868476868,90.24176025390625,1.5750157833099365,86.06593322753906,1.502133846282959,0.6868131868131868,0.006868131868131868,-0.7901580333709717,-0.04549521207809448,0.24705363810062408,1.5713176727294922,1.5027621984481812,0.0018195658922195435,-45.2727165222168,-0.7901579646347197,-7.736263275146484,-0.13502326595242617,39.82417678833008,0.6950630068526608,90.02986907958984,1.5713176405782796,86.1019287109375,1.5027621483232962,0.18195658922195435,0.0018195658922195435,False,False,0.0,0.0,0.0,0.0,0.0,5.129579544067383,5.129579544067383,0.0,25.66904640197754,25.66904640197754,0.0,0.0,0.0,0.0,0.0,0.0
4,198,7.606765712960623,7.6184160460252315,False,-44.263736724853516,-0.7725479602813721,-10.593406677246094,-0.18488982319831848,43.20878982543945,0.7541356682777405,90.24176025390625,1.5750157833099365,86.32967376708984,1.5067369937896729,0.6868131868131868,0.006868131868131868,-0.792892575263977,-0.03804445266723633,0.2414519041776657,1.569700002670288,1.4275258779525757,0.0019897818565368652,-45.42939376831055,-0.792892498442013,-6.593406677246094,-0.11507665544092342,39.20878982543945,0.6843224781763712,89.93717956542969,1.569699903374111,82.32967376708984,1.4369238793285208,0.19897818565368652,0.0019897818565368652,False,False,0.0,0.0,0.0,0.0,0.0,4.4136199951171875,4.4136199951171875,0.0,25.374614715576172,25.374614715576172,0.0,0.0,0.0,0.0,0.5384674072265625,0.5384674072265625
4,199,7.640255130943842,7.651612150017172,False,-44.61538314819336,-0.7786853313446045,-9.274724960327148,-0.16187448799610138,42.769229888916016,0.7464638948440552,90.24176025390625,1.5750157833099365,86.68132019042969,1.5128744840621948,0.6868131868131868,0.006868131868131868,-0.7982496619224548,-0.026803791522979736,0.24533188343048096,1.56270170211792,1.374548316001892,-0.0011768937110900879,-45.73633575439453,-0.7982496467117892,-5.274724960327148,-0.09206131769483601,38.769229888916016,0.67665071002418,89.53620910644531,1.5627016486616008,82.68132019042969,1.4430612672186631,0.0,0.0,True,False,0.11768937110900879,0.0,0.0,0.0,0.0,3.738980770111084,3.738980770111084,0.0,24.712749481201172,24.712749481201172,0.0,0.0,0.0,0.0,3.925506591796875,3.925506591796875
4,200,7.673445423017256,7.684940334991552,False,-45.05494689941406,-0.7863571643829346,-8.04395580291748,-0.14039351046085358,42.32966995239258,0.7387921214103699,90.24176025390625,1.5750157833099365,85.89010620117188,1.4990651607513428,0.6868131868131868,0.006868131868131868,-0.8004766702651978,-0.0017915666103363037,0.23115745186805725,1.5584018230438232,1.3559918403625488,0.0013683587312698364,-45.86393356323242,-0.8004766485943406,-4.0439558029174805,-0.07058034356604094,38.32966995239258,0.6689789418719887,89.28984069824219,1.5584017087655588,81.89010620117188,1.429251978018275,0.13683587312698364,0.0013683587312698364,False,False,0.0,0.0,0.0,0.0,0.0,3.9413065910339355,3.9413065910339355,0.0,25.085323333740234,25.085323333740234,0.0,0.0,0.0,0.0,4.197502136230469,4.197502136230469
4,201,7.706701664952561,7.717736952938139,False,-45.230770111083984,-0.7894258499145508,-6.8131866455078125,-0.11891254037618637,41.80219650268555,0.7295859456062317,90.24176025390625,1.5750157833099365,84.48351287841797,1.474515438079834,0.6868131868131868,0.006868131868131868,-0.7975376844406128,-0.007889151573181152,0.22223755717277527,1.5453147888183594,1.3408863544464111,-0.00028667598962783813,-45.69554138183594,-0.7975376505943564,-2.8131866455078125,-0.049099369437245875,37.80219650268555,0.6597727934577483,88.54000854492188,1.5453146688528003,80.48351287841797,1.4047022932996522,0.0,0.0,True,False,0.028667598962783813,0.0,0.0,0.0,0.0,2.3611717224121094,2.3611714839935303,0.0,25.068923950195312,25.068923950195312,0.0,0.0,0.0,0.0,3.6563873291015625,3.6563873291015625
4,202,7.740289784036577,7.751677287975326,False,-45.406593322753906,-0.792494535446167,-5.494505405426025,-0.09589721262454987,41.27472686767578,0.7203798890113831,90.24176025390625,1.5750157833099365,83.51648712158203,1.4576376676559448,0.6868131868131868,0.006868131868131868,-0.7956953644752502,0.004346370697021484,0.22024795413017273,1.5413790941238403,1.3094654083251953,-0.0014278367161750793,-45.58998489379883,-0.7956953423312669,-1.4945054054260254,-0.026084040013536872,37.27472686767578,0.6505667116225351,88.31451416015625,1.5413790493938813,79.51648712158203,1.3878245098912751,0.0,0.0,True,False,0.14278367161750793,0.0,0.0,0.0,0.0,1.7435340881347656,1.7435340881347656,0.0,24.65544891357422,24.65544891357422,0.0,0.0,0.0,0.0,4.489646911621094,4.489646911621094
4,203,7.773638710961677,7.785790745052509,False,-45.406593322753906,-0.792494535446167,-4.175824165344238,-0.07288187742233276,40.83516311645508,0.712708055973053,89.89010620117188,1.5688782930374146,82.63735961914062,1.4422940015792847,0.6868131868131868,0.006868131868131868,-0.7911837100982666,0.03745770454406738,0.19228141009807587,1.5401722192764282,1.3246917724609375,0.002528071403503418,-45.331485748291016,-0.7911836811285636,-0.17582416534423828,-0.003068710589827867,36.83516311645508,0.6428948768913166,88.245361328125,1.5401721047878574,78.63735961914062,1.372480840428838,0.2528071403503418,0.002528071403503418,False,False,0.0,0.0,0.0,0.0,0.0,2.3219923973083496,2.3219923973083496,0.0,25.81825065612793,25.81825065612793,0.0,0.0,0.0,0.0,2.7381134033203125,2.7381134033203125
4,204,7.807635572971776,7.8201671650167555,False,-45.406593322753906,-0.792494535446167,-2.9450550079345703,-0.05140090733766556,40.30769348144531,0.7035019397735596,89.18681335449219,1.5566035509109497,81.5824203491211,1.4238818883895874,0.6868131868131868,0.006868131868131868,-0.7848342657089233,0.018239498138427734,0.19587525725364685,1.5337839126586914,1.3133928775787354,-0.0005170777440071106,-44.967689514160156,-0.784834239036624,1.0450462102890015,0.018239497205032117,36.30769348144531,0.6336887950561034,87.87934112548828,1.5337838471230298,77.5824203491211,1.3540686767584118,0.0,0.0,True,False,0.05170777440071106,0.0,0.0,0.0,0.0,0.0,0.0,0.0,25.084869384765625,25.084869384765625,0.0,0.0,0.0,0.0,2.3305587768554688,2.3305587768554688
4,205,7.841094676987268,7.852345998049714,False,-45.406593322753906,-0.792494535446167,-1.6263736486434937,-0.028385573998093605,39.78022003173828,0.6942958235740662,88.92308044433594,1.5520005226135254,80.61538696289062,1.4070038795471191,0.6868131868131868,0.006868131868131868,-0.7835231423377991,0.04170328378677368,0.20860381424427032,1.5218417644500732,1.3025981187820435,0.0018281564116477966,-44.8925666809082,-0.7835230982529507,2.373626232147217,0.04142759296267621,35.78022003173828,0.624482646641863,87.19510650634766,1.5218417001628965,76.61538696289062,1.3371907601919801,0.18281564116477966,0.0018281564116477966,False,False,0.0,0.0,0.0,0.0,0.0,0.01579570770263672,0.01579570770263672,0.0,23.828102111816406,23.828102111816406,0.0,0.0,0.0,0.0,1.9820175170898438,1.9820175170898438
4,206,7.874252554960549,7.884980336995795,False,-45.406593322753906,-0.792494535446167,-0.3956044018268585,-0.006904599256813526,39.25274658203125,0.685089647769928,88.48351287841797,1.5443285703659058,79.64835357666016,1.3901259899139404,0.6868131868131868,0.006868131868131868,-0.7815834879875183,0.040334612131118774,0.21479856967926025,1.5207056999206543,1.2786356210708618,0.00107516348361969,-44.78143310546875,-0.7815834514520188,2.3110029697418213,0.04033461084536167,35.25274658203125,0.6152764982276225,87.13001251220703,1.5207055956418687,75.64835357666016,1.3203128436255482,0.107516348361969,0.00107516348361969,False,False,0.0,0.0,0.0,0.0,0.0,0.0,0.0,0.0,22.945695877075195,22.945695877075195,0.0,0.0,0.0,0.0,2.3879318237304688,2.3879318237304688
4,207,7.907933754031546,7.921229792991653,False,-45.406593322753906,-0.792494535446167,1.0109890699386597,0.017645087093114853,38.81318664550781,0.6774178743362427,88.04395294189453,1.5366568565368652,78.76923370361328,1.3747824430465698,0.6868131868131868,0.006868131868131868,-0.7705197334289551,0.026432007551193237,0.19961947202682495,1.5281100273132324,1.2177739143371582,-0.0006571635603904724,-44.147525787353516,-0.7705196815984209,1.5144424438476562,0.026432006977090944,34.81318664550781,0.6076047300754314,87.55425262451172,1.5281099824206161,74.76923370361328,1.304969307321166,0.0,0.0,True,False,0.06571635603904724,0.0,0.0,0.0,0.0,0.0,0.0,0.0,23.375835418701172,23.375835418701172,0.0,0.0,0.0,0.0,4.995933532714844,4.995933532714844
4,208,7.941773251048289,7.9533885170239955,False,-45.406593322753906,-0.792494535446167,1.802197813987732,0.031454283744096756,38.19780349731445,0.6666774153709412,87.69230651855469,1.5305194854736328,77.62637329101562,1.3548357486724854,0.6868131868131868,0.006868131868131868,-0.7742830514907837,0.03537800908088684,0.18179123103618622,1.5315923690795898,1.151673674583435,0.00027726590633392334,-44.3631477355957,-0.7742829945348119,2.027010440826416,0.03537800616472265,34.19780349731445,0.596864267978169,87.75377655029297,1.5315923318620037,73.62637329101562,1.2850226302306358,0.027726590633392334,0.00027726590633392334,False,False,0.0,0.0,0.0,0.0,0.0,0.0,0.0,0.0,23.781932830810547,23.781932830810547,0.0,0.0,0.0,0.0,7.6403350830078125,7.6403350830078125
4,209,7.975200455985032,7.986103635979816,False,-45.31867980957031,-0.7909601926803589,1.890109896659851,0.032988641411066055,37.846153259277344,0.660539984703064,87.6043930053711,1.5289851427078247,76.74725341796875,1.3394922018051147,0.6868131868131868,0.006868131868131868,-0.7675688862800598,0.03765994310379028,0.17300406098365784,1.5323854684829712,1.121171236038208,-0.0007364526391029358,-43.97845458984375,-0.7675688325315858,2.1577556133270264,0.037659939905946245,33.846153259277344,0.5907268135089997,87.7992172241211,1.5323854212346293,72.74725341796875,1.2696790939262532,0.0,0.0,True,False,0.07364526391029358,0.0,0.0,0.0,0.0,0.0,0.0,0.0,23.93375015258789,23.93375015258789,0.0,0.0,0.0,0.0,8.508880615234375,8.508880615234375
4,210,8.008884403971024,8.177845302037895,False,-45.05494689941406,-0.7863571643829346,1.890109896659851,0.032988641411066055,37.31867980957031,0.6513338088989258,87.6043930053711,1.5289851427078247,75.78022003173828,1.322614312171936,0.6868131868131868,0.006868131868131868,-0.8103156685829163,-0.14860428869724274,0.5814428925514221,1.4932632446289062,1.3046836853027344,-0.0021992027759552,-46.42766571044922,-0.8103156306626111,-2.1098899841308594,-0.036824527077934405,33.31867980957031,0.5815206650947592,85.55767822265625,1.4932631853472018,74.75286102294922,1.3046835501362004,0.0,0.0,True,False,0.21992027759552002,0.0,0.0,0.0,0.0,6.404507637023926,6.404507637023926,0.0,0.004459381103515625,0.004459381103515625,0.0,0.0,0.0,0.0,0.0,0.0
4,211,8.17947287496645,8.190864688018337,False,-44.17582321166992,-0.7710135579109192,2.4175825119018555,0.042194776237010956,36.35165023803711,0.6344559788703918,87.6043930053711,1.5289851427078247,73.5824203491211,1.2842555046081543,0.6868131868131868,0.006868131868131868,-0.8133373856544495,-0.12066353857517242,0.5642728209495544,1.457185983657837,1.2646987438201904,-0.0018201470375061035,-46.60079574584961,-0.8133373198144423,-1.5824174880981445,-0.027618395308450804,32.35165023803711,0.5646428151073548,83.6043930053711,1.459171927075043,72.46189880371094,1.264698716371696,0.0,0.0,True,False,0.18201470375061035,0.0,0.0,0.0,0.0,5.331093788146973,5.331093788146973,0.0,0.02120208740234375,0.02120208740234375,0.0,0.11379241943359375,0.11379241943359375,0.0,0.0,0.0
4,212,8.212752640945837,8.22401406604331,False,-44.43955993652344,-0.7756166458129883,2.4175825119018555,0.042194776237010956,36.35165023803711,0.6344559788703918,87.6043930053711,1.5289851427078247,73.4065933227539,1.2811866998672485,0.6868131868131868,0.006868131868131868,-0.8099908232688904,-0.1065162867307663,0.5363270044326782,1.4540225267410278,1.2821732759475708,-0.001398727297782898,-46.409053802490234,-0.8099907915886487,-1.5824174880981445,-0.027618395308450804,32.35165023803711,0.5646428151073548,83.6043930053711,1.459171927075043,73.4631118774414,1.2821731810223056,0.0,0.0,True,False,0.1398727297782898,0.0,0.0,0.0,0.0,4.520515441894531,4.5205159187316895,0.0,1.6223773956298828,1.6223773956298828,0.0,0.2950439453125,0.2950439453125,0.0,0.0,0.0
4,213,8.246491714962758,8.259018562966958,False,-44.61538314819336,-0.7786853313446045,2.241758346557617,0.039126064628362656,35.736263275146484,0.6237154603004456,87.42857360839844,1.5259164571762085,73.4065933227539,1.2811866998672485,0.6868131868131868,0.006868131868131868,-0.8047743439674377,-0.10595467686653137,0.530184805393219,1.4666610956192017,1.3044524192810059,-0.0012757256627082825,-46.110172271728516,-0.804774324803456,-1.7582416534423828,-0.030687105898278673,31.736263275146484,0.5539022864310652,84.03348541259766,1.4666610023764548,74.73961639404297,1.3044523877535814,0.0,0.0,True,False,0.12757256627082825,0.0,0.0,0.0,0.0,4.31251335144043,4.312513828277588,0.0,1.3589134216308594,1.3589134216308594,0.0,0.0,0.0,0.0,0.0,0.0
4,214,8.279945007991046,8.290886459988542,False,-45.31867980957031,-0.7909601926803589,1.5384615659713745,0.026851220056414604,35.38461685180664,0.6175780892372131,85.14286041259766,1.486023187637329,72.87911987304688,1.2719806432724,0.6868131868131868,0.006868131868131868,-0.8083633184432983,-0.09091079235076904,0.5068119168281555,1.4657889604568481,1.3030219078063965,-0.0010367631912231445,-46.31580352783203,-0.8083632672674741,-2.461538314819336,-0.04296194825759014,31.38461685180664,0.5477648985409231,83.98351287841797,1.4657888171194537,74.65765380859375,1.3030218707740453,0.0,0.0,True,False,0.10367631912231445,0.0,0.0,0.0,0.0,2.7472662925720215,2.7472662925720215,0.0,2.346435546875,2.346435546875,0.0,0.0,0.0,0.0,0.0,0.0
4,215,8.31349934602622,8.324622011976317,False,-46.021976470947266,-0.8032349944114685,1.186813235282898,0.020713798701763153,34.68132019042969,0.6053032279014587,84.87911987304688,1.4814200401306152,73.75823974609375,1.287324070930481,0.6868131868131868,0.006868131868131868,-0.8126416802406311,-0.06871768832206726,0.5090212821960449,1.4538058042526245,1.285017490386963,-9.340792894363403e-05,-46.560935974121094,-0.8126416355586864,-2.8131866455078125,-0.049099369437245875,30.681320190429688,0.5354900561816117,83.29693603515625,1.4538057906365878,73.6260757446289,1.2850174370665102,0.0,0.0,True,False,0.009340792894363403,0.0,0.0,0.0,0.0,1.1240463256835938,1.1240465641021729,0.0,1.516550064086914,1.516550064086914,0.0,0.0,0.0,0.0,0.0,0.0
4,216,8.34684146894142,8.358759370981716,False,-46.19780349731445,-0.8063037991523743,0.7472527623176575,0.013042020611464977,34.241756439208984,0.5976313948631287,84.87911987304688,1.4814200401306152,74.10989379882812,1.2934616804122925,0.6868131868131868,0.006868131868131868,-0.8123108744621277,-0.08339476585388184,0.4999559819698334,1.463295340538025,1.2837896347045898,-0.00048238039016723633,-46.5419807434082,-0.8123108043722713,-3.2527472972869873,-0.05677115007300475,30.241756439208984,0.5278182214503931,83.84064483642578,1.4632952993908126,73.55572509765625,1.2837895866459292,0.0,0.0,True,False,0.04823803901672363,0.0,0.0,0.0,0.0,1.5254206657409668,1.5254204273223877,0.0,1.5963897705078125,1.5963897705078125,0.0,0.0,0.0,0.0,0.0,0.0
4,217,8.380334415007383,8.392511166050099,False,-46.021976470947266,-0.8032349944114685,0.3076923191547394,0.005370243918150663,33.80219650268555,0.5899596214294434,84.26373291015625,1.470679521560669,74.10989379882812,1.2934616804122925,0.6868131868131868,0.006868131868131868,-0.8096423149108887,-0.0828365683555603,0.46631863713264465,1.4690914154052734,1.2880737781524658,-0.00016988813877105713,-46.38908386230469,-0.8096422503809847,-3.692307710647583,-0.06444292654757441,29.802196502685547,0.5201464532982019,84.1727294921875,1.4690912700292065,73.80118560791016,1.2880736807334852,0.0,0.0,True,False,0.016988813877105713,0.0,0.0,0.0,0.0,1.053877830505371,1.053877592086792,0.0,3.084108352661133,3.084108352661133,0.0,0.0,0.0,0.0,0.0,0.0
4,218,8.4140595770441,8.424823623034172,False,-45.846153259277344,-0.8001663088798523,0.04395604506134987,0.0007671777275390923,33.27472686767578,0.5807535648345947,84.17582702636719,1.4691452980041504,73.75823974609375,1.287324070930481,0.6868131868131868,0.006868131868131868,-0.804365336894989,-0.05197837948799133,0.4560663104057312,1.4555033445358276,1.2914583683013916,-0.0013461783528327942,-46.086734771728516,-0.8043652632600199,-2.9781415462493896,-0.05197837557248683,29.27472686767578,0.5109403714629888,83.39419555664062,1.4555032895154043,73.99510955810547,1.2914582921628668,0.0,0.0,True,False,0.13461783528327942,0.0,0.0,0.0,0.0,0.0,0.0,0.0,3.144054412841797,3.144054412841797,0.0,0.0,0.0,0.0,0.0,0.0
4,219,8.447291439049877,8.457898773020133,False,-45.846153259277344,-0.8001663088798523,-0.48351648449897766,-0.008438954129815102,32.92307662963867,0.5746160745620728,84.17582702636719,1.4691452980041504,73.75823974609375,1.287324070930481,0.6868131868131868,0.006868131868131868,-0.8072776794433594,-0.05857861042022705,0.4427963197231293,1.4565246105194092,1.286041021347046,-0.0005134120583534241,-46.25360107421875,-0.8072776296491033,-3.356307029724121,-0.0585786083765171,28.923076629638672,0.5048029169938194,83.45270538330078,1.456524478635395,73.6847152709961,1.2860408898734277,0.0,0.0,True,False,0.05134120583534241,0.0,0.0,0.0,0.0,0.0,0.0,0.0,3.5527172088623047,3.5527172088623047,0.0,0.0,0.0,0.0,0.0,0.0
4,220,8.480567774968222,8.492791624041274,False,-46.373626708984375,-0.8093724846839905,-0.5714285969734192,-0.009973309934139252,32.39560317993164,0.5654099583625793,84.17582702636719,1.4691452980041504,74.02198028564453,1.2919272184371948,0.6868131868131868,0.006868131868131868,-0.8061530590057373,-0.0542377233505249,0.462514728307724,1.4535751342773438,1.280423879623413,-0.000532105565071106,-46.18916702270508,-0.8061530432997901,-3.1075925827026367,-0.05423772237871519,28.39560317993164,0.49559676857957896,83.2837142944336,1.4535750277281323,73.36287689208984,1.2804237505022324,0.0,0.0,True,False,0.053210556507110596,0.0,0.0,0.0,0.0,0.0,0.0,0.0,1.8954620361328125,1.8954620361328125,0.0,0.0,0.0,0.0,0.0,0.0
4,221,8.514075911953114,8.527784554986283,False,-46.46154022216797,-0.8109068274497986,-0.5714285969734192,-0.009973309934139252,31.956043243408203,0.557738184928894,83.64835357666016,1.4599391222000122,74.10989379882812,1.2934616804122925,0.6868131868131868,0.006868131868131868,-0.8079384565353394,-0.05054011940956116,0.4429183006286621,1.4619636535644531,1.2691723108291626,0.0003044530749320984,-46.29146194458008,-0.8079384264945791,-2.895735263824463,-0.05054011461984352,27.956043243408203,0.4879250004273877,83.76434326171875,1.4619635856877184,72.71821594238281,1.2691722943708112,0.03044530749320984,0.0003044530749320984,False,False,0.0,0.0,0.0,0.0,0.0,0.0,0.0,0.0,2.578695297241211,2.578695297241211,0.0,0.0,0.0,0.0,0.0,0.0
4,222,8.547515647951514,8.559620162006468,False,-46.373626708984375,-0.8093724846839905,-0.5714285969734192,-0.009973309934139252,31.516483306884766,0.5500664114952087,83.56044006347656,1.458404779434204,74.10989379882812,1.2934616804122925,0.6868131868131868,0.006868131868131868,-0.8165727853775024,-0.0440828800201416,0.4119863212108612,1.4660589694976807,1.2919443845748901,0.00019325315952301025,-46.786170959472656,-0.8165727276437523,-2.5257627964019775,-0.0440828769215937,27.516483306884766,0.48025323227519645,83.99898529052734,1.4660588616539878,74.02295684814453,1.2919443190618063,0.019325315952301025,0.00019325315952301025,False,False,0.0,0.0,0.0,0.0,0.0,0.0,0.0,0.0,3.911407470703125,3.911407470703125,0.0,0.0,0.0,0.0,0.0,0.0
4,223,8.581037689000368,8.593067127047107,False,-46.021976470947266,-0.8032349944114685,-0.5714285969734192,-0.009973309934139252,31.076923370361328,0.5423946380615234,83.56044006347656,1.458404779434204,73.84615325927734,1.2888585329055786,0.6868131868131868,0.006868131868131868,-0.8099470138549805,-0.022153139114379883,0.40189868211746216,1.4641050100326538,1.2942664623260498,0.0005174428224563599,-46.40654373168945,-0.809946982588717,-1.269281268119812,-0.022153137262579656,27.076923370361328,0.47258146412300517,83.88703155517578,1.4641049003621966,74.15599822998047,1.2942663292162464,0.051744282245635986,0.0005174428224563599,False,False,0.0,0.0,0.0,0.0,0.0,0.0,0.0,0.0,4.049825668334961,4.049825668334961,0.0,0.0,0.0,0.0,0.0,0.0
4,224,8.61438615701627,8.6264708340168,False,-45.93406677246094,-0.8017007112503052,-0.5714285969734192,-0.009973309934139252,30.63736343383789,0.5347228646278381,83.56044006347656,1.458404779434204,73.4065933227539,1.2811866998672485,0.6868131868131868,0.006868131868131868,-0.8029125332832336,-0.024883627891540527,0.3977765738964081,1.4680691957473755,1.2800832986831665,0.0036888867616653442,-46.00349807739258,-0.8029125088853817,-1.4257267713546753,-0.02488362639396746,26.63736343383789,0.4649096959708139,84.11416625976562,1.4680691488028341,73.34336853027344,1.280083265356866,0.3688886761665344,0.0036888867616653442,False,False,0.0,0.0,0.0,0.0,0.0,0.0,0.0,0.0,3.846445083618164,3.846445083618164,0.0,0.0,0.0,0.0,0.0,0.0
4,225,8.647828049957752,8.65975247696042,False,-46.19780349731445,-0.8063037991523743,-0.5714285969734192,-0.009973309934139252,30.19780158996582,0.5270510315895081,83.56044006347656,1.458404779434204,73.67032623291016,1.2857897281646729,0.6868131868131868,0.006868131868131868,-0.8010014295578003,-0.03893044590950012,0.4105502963066101,1.4602882862091064,1.2811639308929443,0.0007047876715660095,-45.89399719238281,-0.8010013579081136,-2.2305500507354736,-0.03893044251586058,26.19780158996582,0.457237894529109,83.66835021972656,1.4602881910459495,73.40528106689453,1.2811638429691656,0.07047876715660095,0.0007047876715660095,False,False,0.0,0.0,0.0,0.0,0.0,0.0,0.0,0.0,2.6750030517578125,2.6750030517578125,0.0,0.0,0.0,0.0,0.0,0.0
4,226,8.681491701048799,8.693667592015117,False,-46.5494499206543,-0.8124411702156067,-0.3956044018268585,-0.006904599256813526,29.758241653442383,0.5193793177604675,83.56044006347656,1.458404779434204,73.93406677246094,1.2903928756713867,0.6868131868131868,0.006868131868131868,-0.8026180863380432,-0.020104706287384033,0.3913711607456207,1.4643820524215698,1.2750022411346436,0.0013279542326927185,-45.98662567138672,-0.8026180298478461,-1.1519147157669067,-0.02010470449230716,25.758241653442383,0.4495661263769178,83.90290832519531,1.4643820022736194,73.05224609375,1.2750022203131037,0.13279542326927185,0.0013279542326927185,False,False,0.0,0.0,0.0,0.0,0.0,0.0,0.0,0.0,3.3343276977539062,3.3343276977539062,0.0,0.0,0.0,0.0,0.0,0.0
4,227,8.714644426014274,8.726867735036649,False,-46.46154022216797,-0.8109068274497986,-0.3956044018268585,-0.006904599256813526,29.318681716918945,0.5117075443267822,83.56044006347656,1.458404779434204,73.75823974609375,1.287324070930481,0.6868131868131868,0.006868131868131868,-0.8003711700439453,-0.03676021099090576,0.4268246591091156,1.4611107110977173,1.2374070882797241,0.005178004503250122,-45.857887268066406,-0.8003711208361463,-2.1062047481536865,-0.03676020757641979,25.318681716918945,0.4418943582247265,83.71546936035156,1.461110575190566,70.89820098876953,1.2374070409947275,0.5178004503250122,0.005178004503250122,False,False,0.0,0.0,0.0,0.0,0.0,0.0,0.0,0.0,0.8634319305419922,0.8634319305419922,0.0,0.0,0.0,0.0,0.0,0.0
4,228,8.748629468958825,8.76085747196339,False,-46.021976470947266,-0.8032349944114685,-0.3956044018268585,-0.006904599256813526,28.96703338623047,0.505570113658905,83.56044006347656,1.458404779434204,73.5824203491211,1.2842555046081543,0.6868131868131868,0.006868131868131868,-0.8039528727531433,-0.040488630533218384,0.4261464774608612,1.4626866579055786,1.2676886320114136,0.0014259666204452515,-46.06310272216797,-0.8039528061861939,-2.3198275566101074,-0.04048862894134152,24.96703338623047,0.4357569370450708,83.80577087402344,1.462686633923675,72.6332015991211,1.2676885141694736,0.14259666204452515,0.0014259666204452515,False,False,0.0,0.0,0.0,0.0,0.0,0.0,0.0,0.0,0.5506401062011719,0.5506401062011719,0.0,0.0,0.0,0.0,0.0,0.0
4,229,8.7817520579556,8.792791730957106,False,-45.846153259277344,-0.8001663088798523,-0.3956044018268585,-0.006904599256813526,28.52747344970703,0.4978983402252197,83.56044006347656,1.458404779434204,72.96703338623047,1.273514986038208,0.6868131868131868,0.006868131868131868,-0.8054202795028687,-0.028008699417114258,0.4220626950263977,1.4654152393341064,1.2804617881774902,0.0036003142595291138,-46.147178649902344,-0.8054202079468276,-1.6047801971435547,-0.02800869821095873,24.52747344970703,0.4280851688928795,83.96210479736328,1.4654151756185156,73.36505126953125,1.280461700547766,0.3600314259529114,0.0036003142595291138,False,False,0.0,0.0,0.0,0.0,0.0,0.0,0.0,0.0,0.3450641632080078,0.3450641632080078,0.0,0.0,0.0,0.0,0.0,0.0
4,230,8.815259727998637,8.829370097955689,False,-45.846153259277344,-0.8001663088798523,-0.3956044018268585,-0.006904599256813526,28.08791160583496,0.49022653698921204,83.56044006347656,1.458404779434204,72.0879135131836,1.2581714391708374,0.6868131868131868,0.006868131868131868,-0.8072198033332825,-0.024984806776046753,0.4271509647369385,1.462188720703125,1.2695796489715576,0.00842985138297081,-46.25028610229492,-0.8072197724744213,-1.4315239191055298,-0.024984805709444453,24.47394561767578,0.4271509319824797,83.77723693847656,1.4621886227998302,72.7415542602539,1.2695796248595388,0.842985138297081,0.00842985138297081,False,False,0.0,0.0,0.0,0.0,0.0,0.0,0.0,0.0,0.0,0.0,0.0,0.0,0.0,0.0,0.0,0.0
4,231,8.848801580024883,8.860250427038409,False,-46.10988998413086,-0.8047693967819214,-0.3956044018268585,-0.006904599256813526,27.648351669311523,0.48255476355552673,83.56044006347656,1.458404779434204,72.35164642333984,1.2627744674682617,0.6868131868131868,0.006868131868131868,-0.8035963177680969,-0.014577388763427734,0.40801307559013367,1.463086724281311,1.2625457048416138,0.003402307629585266,-46.04267501831055,-0.8035962754952595,-0.8352227807044983,-0.01457738751095606,23.648351669311523,0.41274159929898335,83.82868957519531,1.4630866407194048,72.33853912353516,1.2625456837884215,0.3402307629585266,0.003402307629585266,False,False,0.0,0.0,0.0,0.0,0.0,0.0,0.0,0.0,0.27092552185058594,0.27092552185058594,0.0,0.0,0.0,0.0,0.0,0.0
4,232,8.882034179987386,8.892528865952045,False,-46.28571319580078,-0.8078380823135376,-0.3956044018268585,-0.006904599256813526,27.384614944458008,0.47795170545578003,83.56044006347656,1.458404779434204,72.87911987304688,1.2719806432724,0.6868131868131868,0.006868131868131868,-0.798365592956543,-0.03310549259185791,0.4308258295059204,1.4667598009109497,1.2509841918945312,0.06261017173528671,-45.742977142333984,-0.7983655607982348,-1.896804928779602,-0.03310549127526061,24.684499740600586,0.43082579468116644,84.03913879394531,1.4667596724948422,71.67610931396484,1.2509841025480606,5.686813186813187,0.05686813186813187,False,True,0.5742039867154842,0.0,0.0,0.0,0.0,0.0,0.0,0.0,0.0,0.0,0.0,0.0,0.0,0.0,0.0,0.0
4,233,8.915760298026726,8.926609519985504,False,-46.373626708984375,-0.8093724846839905,-0.3956044018268585,-0.006904599256813526,26.94505500793457,0.4702799320220947,83.56044006347656,1.458404779434204,72.79120635986328,1.2704461812973022,0.6868131868131868,0.006868131868131868,-0.7948455810546875,-0.04126197099685669,0.4182167947292328,1.4646989107131958,1.2499594688415527,0.09957215189933777,-45.54129409790039,-0.7948455276274227,-2.3641366958618164,-0.0412619693100085,23.962055206298828,0.4182167588945636,83.92105865478516,1.4646987852852844,71.61740112304688,1.2499594513186525,5.686813186813187,0.05686813186813187,False,True,4.27040200312059,0.0,0.0,0.0,0.0,0.0,0.0,0.0,0.0,0.0,0.0,0.0,0.0,0.0,0.0,0.0
4,234,8.948762592975982,8.959689378971234,False,-46.373626708984375,-0.8093724846839905,-0.3956044018268585,-0.006904599256813526,26.769229888916016,0.46721118688583374,83.56044006347656,1.458404779434204,72.43955993652344,1.2643088102340698,0.8241758241758242,0.008241758241758242,-0.7895708084106445,-0.05423712730407715,0.43830204010009766,1.4607548713684082,1.2431929111480713,0.1267244964838028,-45.239070892333984,-0.7895707376143571,-3.107558250427246,-0.054237123167469925,25.112855911254883,0.4383020202303186,83.69508361816406,1.4607547768689315,71.22970581054688,1.2431928916209793,5.824175824175824,0.058241758241758236,False,True,6.848273824204456,0.0,0.0,0.0,0.0,0.0,0.0,0.0,0.0,0.0,0.0,0.0,0.0,0.0,0.0,0.0
4,235,8.982178885024041,8.993191043031402,False,-46.10988998413086,-0.8047693967819214,-0.3956044018268585,-0.006904599256813526,26.769229888916016,0.46721118688583374,83.73626708984375,1.4614735841751099,72.17582702636719,1.2597057819366455,1.9917582417582416,0.019917582417582416,-0.7884283065795898,-0.040520161390304565,0.44072937965393066,1.4585635662078857,1.2410330772399902,0.15299279987812042,-45.17361068725586,-0.7884282415067132,-2.32163405418396,-0.04052015827193454,25.25193214416504,0.44072935840587135,83.56953430175781,1.4585635279240143,71.10595703125,1.241033067976925,6.991758241758242,0.06991758241758242,False,True,8.307521746053801,0.0,0.0,0.0,0.0,0.0,0.0,0.0,0.0,0.0,0.0,0.0,0.0,0.0,0.0,0.0
4,236,9.015650729998015,9.026631323969923,False,-45.846153259277344,-0.8001663088798523,-0.3956044018268585,-0.006904599256813526,26.769229888916016,0.46721118688583374,83.82417297363281,1.4630078077316284,72.0,1.2566370964050293,3.090659340659341,0.030906593406593408,-0.7859818339347839,-0.056805968284606934,0.44540897011756897,1.4557291269302368,1.2546228170394897,0.15706609189510345,-45.03343963623047,-0.7859817951503392,-3.25474214553833,-0.05680596674306833,25.520051956176758,0.44540893191530406,83.4071273803711,1.4557289924177885,71.88459014892578,1.2546227795454359,8.090659340659341,0.08090659340659341,False,True,7.615949848851004,0.0,0.0,0.0,0.0,0.0,0.0,0.0,0.0,0.0,0.0,0.0,0.0,0.0,0.0,0.0
4,237,9.04928620904684,9.060739047941752,False,-45.4945068359375,-0.7940289378166199,-0.48351648449897766,-0.008438954129815102,26.769229888916016,0.46721118688583374,83.82417297363281,1.4630078077316284,71.82417297363281,1.2535682916641235,4.326923076923077,0.04326923076923077,-0.7904552817344666,-0.055643051862716675,0.42375698685646057,1.461517095565796,1.2762975692749023,0.1670839637517929,-45.28974914550781,-0.7904552399913998,-3.1881117820739746,-0.05564304751881479,24.27948570251465,0.4237569661997691,83.73875427246094,1.461516973572912,73.12645721435547,1.2762974487092638,9.326923076923077,0.09326923076923077,False,True,7.381473298256214,0.0,0.0,0.0,0.0,0.0,0.0,0.0,0.0,0.0,0.0,0.0,0.0,0.0,0.0,0.0
4,238,9.082512540975586,9.093364577041939,False,-45.230770111083984,-0.7894258499145508,-0.5714285969734192,-0.009973309934139252,26.769229888916016,0.46721118688583374,83.82417297363281,1.4630078077316284,71.73626708984375,1.252034068107605,5.631868131868132,0.05631868131868132,-0.7941254377365112,-0.02612394094467163,0.4169021546840668,1.4572649002075195,1.2651444673538208,0.16453015804290771,-45.50003433227539,-0.7941254088686652,-1.4967914819717407,-0.026123939576212223,23.88673210144043,0.41690212271195964,83.49512481689453,1.4572648374184372,72.48743438720703,1.265144396380121,10.631868131868131,0.10631868131868132,False,True,5.82114767242264,0.0,0.0,0.0,0.0,0.0,0.0,0.0,0.0,0.0,0.0,0.0,0.0,0.0,0.0,0.0
4,239,9.115997564978898,9.151405612938106,False,-45.230770111083984,-0.7894258499145508,-0.5714285969734192,-0.009973309934139252,26.769229888916016,0.46721118688583374,83.82417297363281,1.4630078077316284,71.64835357666016,1.2504996061325073,7.0054945054945055,0.07005494505494506,-0.7935261130332947,-0.025555849075317383,0.4119792878627777,1.4575488567352295,1.2719945907592773,0.16284486651420593,-45.465694427490234,-0.7935260644653429,-1.4642422199249268,-0.02555584778440089,23.604673385620117,0.4119792694369482,83.51139068603516,1.4575487303906396,72.87992095947266,1.2719945793360228,12.005494505494505,0.12005494505494506,False,True,4.278992145926088,0.0,0.0,0.0,0.0,0.0,0.0,0.0,0.0,0.0,0.0,0.0,0.0,0.0,0.0,0.0
4,240,9.153366736951284,9.329185592010617,False,-45.230770111083984,-0.7894258499145508,-0.5714285969734192,-0.009973309934139252,26.769229888916016,0.46721118688583374,83.82417297363281,1.4630078077316284,72.0879135131836,1.2581714391708374,8.379120879120878,0.08379120879120877,-0.7690527439117432,-0.1116722822189331,0.4578809440135956,1.4496632814407349,1.2646766901016235,0.1591864377260208,-44.063472747802734,-0.7690526793119508,-4.5714287757873535,-0.07978648365790296,26.234643936157227,0.45788091477430864,83.05958557128906,1.4496632435609695,72.46063232421875,1.2646766121346484,13.379120879120878,0.1337912087912088,False,True,2.5395228934812035,0.0,0.0,0.0,0.0,1.8269214630126953,1.8269214630126953,0.0,0.0,0.0,0.0,0.0,0.0,0.0,0.0,0.0
4,241,9.330717836041003,9.342048172024079,False,-45.4945068359375,-0.7940289378166199,-0.5714285969734192,-0.009973309934139252,26.593406677246094,0.46414250135421753,83.64835357666016,1.4599391222000122,72.26373291015625,1.261240005493164,11.401098901098901,0.11401098901098901,-0.7645280957221985,-0.12062622606754303,0.4279877543449402,1.4498683214187622,1.2650669813156128,0.1752263456583023,-43.804229736328125,-0.7645280351989333,-4.5714287757873535,-0.07978648365790296,24.52189064025879,0.42798773048649624,83.07133483886719,1.4498683069649057,72.48299407958984,1.2650668983923996,16.4010989010989,0.164010989010989,False,True,1.1215356647313293,0.0,0.0,0.0,0.0,2.339944362640381,2.339944362640381,0.0,0.0,0.0,0.0,0.0,0.0,0.0,0.0,0.0
4,242,9.364745591999963,9.376224654959515,False,-45.406593322753906,-0.792494535446167,-0.5714285969734192,-0.009973309934139252,26.593406677246094,0.46414250135421753,83.73626708984375,1.4614735841751099,72.26373291015625,1.261240005493164,11.469780219780219,0.11469780219780219,-0.7679530382156372,-0.12356424331665039,0.4256856441497803,1.4551682472229004,1.2641582489013672,0.168406680226326,-44.000465393066406,-0.7679529935188297,-4.5714287757873535,-0.07978648365790296,24.389989852905273,0.4256856274612045,83.37499237060547,1.4551681306922177,72.4309310913086,1.2641582278284647,16.46978021978022,0.1646978021978022,False,True,0.3708878028523799,0.0,0.0,0.0,0.0,2.5082802772521973,2.5082802772521973,0.0,0.0,0.0,0.0,0.0,0.0,0.0,0.0,0.0
4,243,9.39758933603298,9.408812853973359,False,-45.230770111083984,-0.7894258499145508,-0.9230769276618958,-0.016110731288790703,26.593406677246094,0.46414250135421753,83.73626708984375,1.4614735841751099,72.26373291015625,1.261240005493164,12.293956043956044,0.12293956043956043,-0.7586839199066162,-0.12800103425979614,0.41392913460731506,1.459987759590149,1.2658048868179321,0.1741369366645813,-43.469383239746094,-0.7586838613448089,-4.92307710647583,-0.08592390483755868,23.71639060974121,0.4139291028290497,83.65113067626953,1.4599876533169343,72.52527618408203,1.2658048603304606,17.293956043956044,0.17293956043956044,False,True,0.11973762250208608,0.0,0.0,0.0,0.0,2.410841464996338,2.410841464996338,0.0,0.0,0.0,0.0,0.0,0.0,0.0,0.0,0.0
4,244,9.431103141978383,9.44236843904946,False,-44.79121017456055,-0.7817540764808655,-1.4505494832992554,-0.025316864252090454,26.593406677246094,0.46414250135421753,83.64835357666016,1.4599391222000122,72.26373291015625,1.261240005493164,13.873626373626374,0.13873626373626374,-0.7621227502822876,-0.1226898729801178,0.40733981132507324,1.4590437412261963,1.2791848182678223,0.16815292835235596,-43.66641616821289,-0.762122734681401,-5.450549602508545,-0.09513003660704229,23.338850021362305,0.40733977650192116,83.5970458984375,1.4590436958685555,73.29188537597656,1.2791847148050732,16.815292835235596,0.16815292835235596,False,False,0.0,0.0,0.0,0.0,0.0,1.5790619850158691,1.5790619850158691,0.0,0.0,0.0,0.0,0.0,0.0,0.0,0.0,0.0
4,245,9.46448564704042,9.475732813007198,False,-44.087913513183594,-0.7694792747497559,-1.802197813987732,-0.031454283744096756,26.505495071411133,0.4626081585884094,83.64835357666016,1.4599391222000122,72.26373291015625,1.261240005493164,15.178571428571427,0.15178571428571427,-0.7612016201019287,-0.11963547766208649,0.4166363775730133,1.4618539810180664,1.2722734212875366,0.1623777598142624,-43.6136360168457,-0.7612015472603426,-5.8021979331970215,-0.10126745778669802,23.871503829956055,0.41663633923516974,83.758056640625,1.4618538634508071,72.8958969116211,1.272273412302154,16.23777598142624,0.1623777598142624,False,False,0.0,0.0,0.0,0.0,0.0,1.0524096488952637,1.0524096488952637,0.0,0.0,0.0,0.0,0.0,0.0,0.0,0.0,0.0
4,246,9.4977267869981,9.508632758050226,False,-43.912086486816406,-0.7664104700088501,-2.241758346557617,-0.039126064628362656,26.241758346557617,0.45800507068634033,83.73626708984375,1.4614735841751099,72.0,1.2566370964050293,15.659340659340659,0.1565934065934066,-0.7589066028594971,-0.14155606925487518,0.423205703496933,1.4642386436462402,1.2831109762191772,0.16394010186195374,-43.48214340209961,-0.7589065681909668,-6.241758346557617,-0.1089392342612677,24.247900009155273,0.4232056918541227,83.89469146728516,1.4642385910489186,73.51683807373047,1.2831108800421225,16.394010186195374,0.16394010186195374,False,False,0.0,0.0,0.0,0.0,0.0,1.8688068389892578,1.8688068389892578,0.0,0.0,0.0,0.0,0.0,0.0,0.0,0.0,0.0
4,247,9.53106393897906,9.541918645030819,False,-43.82417678833008,-0.7648761868476868,-2.5934066772460938,-0.04526348412036896,26.153846740722656,0.4564707279205322,83.47252655029297,1.456870436668396,72.26373291015625,1.261240005493164,15.728021978021978,0.15728021978021978,-0.7536912560462952,-0.14865130186080933,0.42414650321006775,1.464313268661499,1.2767752408981323,0.16056488454341888,-43.183326721191406,-0.7536912332492374,-6.593406677246094,-0.11507665544092342,24.301803588867188,0.4241464867987068,83.89896392822266,1.4643131595594407,73.1538314819336,1.276775219808824,16.05648845434189,0.16056488454341888,False,False,0.0,0.0,0.0,0.0,0.0,1.923685073852539,1.923685073852539,0.0,0.0,0.0,0.0,0.0,0.0,0.0,0.0,0.0
4,248,9.564452655962668,9.57534648803994,False,-44.087913513183594,-0.7694792747497559,-3.0329670906066895,-0.05293526127934456,26.153846740722656,0.4564707279205322,83.64835357666016,1.4599391222000122,72.61538696289062,1.2673776149749756,15.796703296703296,0.15796703296703296,-0.7488148212432861,-0.15819400548934937,0.4301861524581909,1.4705047607421875,1.2689778804779053,0.15759797394275665,-42.903926849365234,-0.7488147855562206,-7.0329670906066895,-0.12274843191549309,24.647850036621094,0.430186136676843,84.25371551513672,1.470504742777766,72.70706939697266,1.268977750453181,15.759797394275665,0.15759797394275665,False,False,0.0,0.0,0.0,0.0,0.0,2.030881404876709,2.030881404876709,0.0,0.0,0.0,0.0,0.0,0.0,0.0,0.0,0.0
4,249,9.597916363971308,9.608832260011695,False,-44.087913513183594,-0.7694792747497559,-3.472527503967285,-0.06060703843832016,26.153846740722656,0.4564707279205322,83.73626708984375,1.4614735841751099,72.96703338623047,1.273514986038208,15.796703296703296,0.15796703296703296,-0.7482026219367981,-0.15982969105243683,0.4154677391052246,1.469695806503296,1.2714219093322754,0.1558603048324585,-42.86885070800781,-0.7482025914006386,-7.472527503967285,-0.13042020839006277,23.804546356201172,0.4154677108593293,84.20735931396484,1.4696956744386,72.84710693359375,1.2714218665436012,15.58603048324585,0.1558603048324585,False,False,0.0,0.0,0.0,0.0,0.0,1.6850385665893555,1.6850385665893555,0.0,0.0,0.0,0.0,0.0,0.0,0.0,0.0,0.0
4,250,9.631317734951153,9.642400249023922,False,-43.736263275146484,-0.7633417844772339,-3.8241758346557617,-0.06674446165561676,26.153846740722656,0.4564707279205322,83.73626708984375,1.4614735841751099,72.96703338623047,1.273514986038208,15.865384615384615,0.15865384615384615,-0.7488512992858887,-0.12571381032466888,0.40092673897743225,1.468462347984314,1.2677597999572754,0.15282042324543,-42.9060173034668,-0.7488512708631546,-7.2028703689575195,-0.12571380353264747,22.97140884399414,0.4009267181494422,84.13668823242188,1.4684622313797298,72.63728332519531,1.2677597537286331,15.282042324543,0.15282042324543,False,False,0.0,0.0,0.0,0.0,0.0,0.0,0.0,0.0,0.0,0.0,0.0,0.0,0.0,0.0,0.0,0.0
4,251,9.664769242983311,9.677197737968527,False,-43.03296661376953,-0.7510669231414795,-4.263736248016357,-0.07441623508930206,26.153846740722656,0.4564707279205322,83.82417297363281,1.4630078077316284,72.52747344970703,1.265843152999878,15.865384615384615,0.15865384615384615,-0.7453100681304932,-0.13594642281532288,0.3965300917625427,1.4705910682678223,1.2702356576919556,0.15063729882240295,-42.70311737060547,-0.745309998982649,-7.789155960083008,-0.1359464174547885,22.719499588012695,0.39653007221631675,84.25865936279297,1.4705910291970847,72.77913665771484,1.2702355614360255,15.063729882240295,0.15063729882240295,False,False,0.0,0.0,0.0,0.0,0.0,0.0,0.0,0.0,0.0,0.0,0.0,0.0,0.0,0.0,0.0,0.0
4,252,9.69811131595634,9.709349903976545,False,-43.03296661376953,-0.7510669231414795,-4.351648330688477,-0.07595059275627136,25.80219841003418,0.4503333270549774,83.9120864868164,1.4645421504974365,72.52747344970703,1.265843152999878,15.796703296703296,0.15796703296703296,-0.7389282584190369,-0.1274852454662323,0.4123282730579376,1.4623606204986572,1.25265634059906,0.14274942874908447,-42.337467193603516,-0.7389281994834649,-7.304366111755371,-0.1274852384212273,23.62466812133789,0.41232824340828944,83.7870864868164,1.4623605298481948,71.77191925048828,1.2526563013965213,14.274942874908447,0.14274942874908447,False,False,0.0,0.0,0.0,0.0,0.0,0.0,0.0,0.0,0.0,0.0,0.0,0.0,0.0,0.0,0.0,0.0
4,253,9.731625859974883,9.74244311102666,False,-43.29670333862305,-0.7556700110435486,-4.527472496032715,-0.07901930063962936,25.626373291015625,0.44726458191871643,83.73626708984375,1.4614735841751099,72.52747344970703,1.265843152999878,15.796703296703296,0.15796703296703296,-0.7366648316383362,-0.14102087914943695,0.42268574237823486,1.4641151428222656,1.2475234270095825,0.13556429743766785,-42.20778274536133,-0.7366647788730065,-8.079900741577148,-0.14102087117485274,24.218107223510742,0.4226857096512847,83.88761138916016,1.464115020374339,71.47782135009766,1.2475233247115025,13.556429743766785,0.13556429743766785,False,False,0.0,0.0,0.0,0.0,0.0,0.0,0.0,0.0,0.0,0.0,0.0,0.0,0.0,0.0,0.0,0.0
4,254,9.764921825029887,9.77614219696261,False,-43.38461685180664,-0.7572044134140015,-4.703296661376953,-0.08208800852298737,25.626373291015625,0.44726458191871643,83.82417297363281,1.4630078077316284,72.87911987304688,1.2719806432724,15.521978021978022,0.15521978021978022,-0.734622597694397,-0.12141622602939606,0.3878785967826843,1.4642772674560547,1.250978708267212,0.13277530670166016,-42.09077072143555,-0.7346225337910793,-6.956636905670166,-0.12141621886969459,22.223804473876953,0.38787856038859897,83.89690399169922,1.4642772068847247,71.67579650878906,1.250978643067826,13.277530670166016,0.13277530670166016,False,False,0.0,0.0,0.0,0.0,0.0,0.0,0.0,0.0,0.0,0.0,0.0,0.0,0.0,0.0,0.0,0.0
4,255,9.798241695039906,9.809109910042025,False,-43.120880126953125,-0.7526013255119324,-4.9670329093933105,-0.08669107407331467,25.626373291015625,0.44726458191871643,83.9120864868164,1.4645421504974365,72.43955993652344,1.2643088102340698,14.697802197802199,0.14697802197802198,-0.7309471964836121,-0.1183629184961319,0.42880451679229736,1.4576295614242554,1.2329437732696533,0.1275116503238678,-41.88018798828125,-0.7309471717496882,-6.781695365905762,-0.11836291300229713,24.568687438964844,0.4288044887033099,83.5160140991211,1.457629424171669,70.64247131347656,1.2329437161658092,12.75116503238678,0.1275116503238678,False,False,0.0,0.0,0.0,0.0,0.0,0.0,0.0,0.0,0.0,0.0,0.0,0.0,0.0,0.0,0.0,0.0
4,256,9.831704512005672,9.842560546007007,False,-42.32966995239258,-0.7387921214103699,-5.05494499206543,-0.08822543174028397,25.450550079345703,0.4441958963871002,83.9120864868164,1.4645421504974365,72.17582702636719,1.2597057819366455,14.148351648351648,0.14148351648351648,-0.737514078617096,-0.11004993319511414,0.41484302282333374,1.4593677520751953,1.2222940921783447,0.1258988082408905,-42.25644302368164,-0.7375140609446328,-6.305396556854248,-0.11004993056102046,23.768753051757812,0.414842999846624,83.61560821533203,1.4593676694151636,70.03228759765625,1.2222940012826915,12.58988082408905,0.1258988082408905,False,False,0.0,0.0,0.0,0.0,0.0,0.0,0.0,0.0,0.0,0.0,0.0,0.0,0.0,0.0,0.0,0.0
4,257,9.865560750011355,9.876526906969957,False,-42.153846740722656,-0.7357234358787537,-5.05494499206543,-0.08822543174028397,25.098901748657227,0.438058465719223,83.9120864868164,1.4645421504974365,71.64835357666016,1.2504996061325073,13.53021978021978,0.1353021978021978,-0.7404150366783142,-0.07660901546478271,0.40882420539855957,1.4408628940582275,1.154472827911377,0.12332312762737274,-42.42265319824219,-0.7404149757410289,-4.389372825622559,-0.07660900790468057,23.423900604248047,0.4088241892040177,82.55535888671875,1.4408628277388027,67.64835357666016,1.180686503466002,12.332312762737274,0.12332312762737274,False,False,0.0,0.0,0.0,0.0,0.0,0.0,0.0,0.0,0.0,0.0,0.0,0.0,0.0,0.0,1.5019378662109375,1.5019378662109375
4,258,9.899701311951503,9.911319277016446,False,-42.153846740722656,-0.7357234358787537,-5.05494499206543,-0.08822543174028397,25.098901748657227,0.438058465719223,83.56044006347656,1.458404779434204,71.12088012695312,1.2412935495376587,13.324175824175825,0.13324175824175824,-0.7386478185653687,-0.06739696860313416,0.40156295895576477,1.4509286880493164,1.202871322631836,0.12231478840112686,-42.3213996887207,-0.7386477686206796,-3.8615615367889404,-0.06739696308533916,23.007862091064453,0.4015629473338621,83.13208770751953,1.4509286445529206,68.91944885253906,1.2028713011366345,12.231478840112686,0.12231478840112686,False,False,0.0,0.0,0.0,0.0,0.0,0.0,0.0,0.0,0.0,0.0,0.0,0.0,0.0,0.0,0.0,0.0
4,259,9.93304208794143,9.946061062975787,False,-42.769229888916016,-0.7464638948440552,-4.9670329093933105,-0.08669107407331467,25.098901748657227,0.438058465719223,83.73626708984375,1.4614735841751099,70.68132019042969,1.2336217164993286,12.980769230769232,0.12980769230769232,-0.7403402328491211,-0.07436990737915039,0.3957088887691498,1.4461790323257446,1.201101541519165,0.12159693241119385,-42.41836929321289,-0.7403402074934249,-4.261081695556641,-0.07436990528392601,22.672447204589844,0.3957088532046772,82.85994720458984,1.4461788967487643,68.81804656982422,1.2011014974342225,12.159693241119385,0.12159693241119385,False,False,0.0,0.0,0.0,0.0,0.0,0.0,0.0,0.0,0.0,0.0,0.0,0.0,0.0,0.0,0.0,0.0
4,260,9.966485116980039,9.979210220975801,False,-42.769229888916016,-0.7464638948440552,-4.175824165344238,-0.07288187742233276,25.010988235473633,0.43652409315109253,83.47252655029297,1.456870436668396,69.53845977783203,1.2136750221252441,12.706043956043956,0.12706043956043955,-0.7381863594055176,-0.0639011561870575,0.360073447227478,1.4547455310821533,1.208967685699463,0.12225808203220367,-42.294960021972656,-0.7381863093827961,-3.661266326904297,-0.06390115219687903,21.010988235473633,0.36671092380680853,83.35077667236328,1.4547454870272223,69.26874542236328,1.2089676763459893,12.225808203220367,0.12225808203220367,False,False,0.0,0.0,0.0,0.0,0.0,0.0,0.0,0.0,0.38030052185058594,0.38030052185058594,0.0,0.0,0.0,0.0,0.0,0.0
4,261,9.999855082016438,10.013759644003585,False,-42.593406677246094,-0.743395209312439,-3.912087917327881,-0.06827881187200546,25.010988235473633,0.43652409315109253,83.29669952392578,1.4538016319274902,69.27472686767578,1.2090721130371094,12.568681318681318,0.12568681318681318,-0.7476406097412109,-0.05960759520530701,0.37763890624046326,1.452545166015625,1.2037146091461182,0.1217079758644104,-42.83665084838867,-0.7476405978316046,-3.4152634143829346,-0.05960759140388567,21.637113571166992,0.3776388724448124,83.22470092773438,1.4525450501765442,68.96776580810547,1.2037145910958083,12.17079758644104,0.1217079758644104,False,False,0.0,0.0,0.0,0.0,0.0,0.0,0.0,0.0,0.0,0.0,0.0,0.0,0.0,0.0,0.0,0.0
4,262,10.033966746996157,10.047992776031606,False,-42.153846740722656,-0.7357234358787537,-3.6483516693115234,-0.06367574632167816,24.83516502380371,0.4334554076194763,83.47252655029297,1.456870436668396,69.0988998413086,1.2060033082962036,12.431318681318682,0.12431318681318683,-0.7466859221458435,-0.04411408305168152,0.3805566132068634,1.4403926134109497,1.175933599472046,0.11999302357435226,-42.78194808959961,-0.7466858545808113,-2.52755069732666,-0.04411408167942886,21.80428695678711,0.38055659844558964,82.52841186523438,1.4403925134902946,67.37602996826172,1.1759335598685376,11.999302357435226,0.11999302357435226,False,False,0.0,0.0,0.0,0.0,0.0,0.0,0.0,0.0,0.0,0.0,0.0,0.0,0.0,0.0,0.0,0.0
4,263,10.067190564004704,10.078015794046223,False,-42.153846740722656,-0.7357234358787537,-3.2087912559509277,-0.05600397288799286,24.21977996826172,0.42271488904953003,83.29669952392578,1.4538016319274902,69.010986328125,1.2044689655303955,12.293956043956044,0.12293956043956043,-0.746009886264801,-0.05987456440925598,0.3753570020198822,1.4367034435272217,1.1703187227249146,0.1192176342010498,-42.74321746826172,-0.7460098777171219,-3.4305596351623535,-0.05987456081959851,21.506370544433594,0.37535697615429164,82.3170394897461,1.4367033695902625,67.0543212890625,1.170318684184269,11.92176342010498,0.1192176342010498,False,False,0.0,0.0,0.0,0.0,0.0,0.0,0.0,0.0,0.0,0.0,0.0,0.0,0.0,0.0,0.0,0.0
4,264,10.101096473052166,10.111826363019645,False,-42.5054931640625,-0.7418608069419861,-2.857142925262451,-0.04986654967069626,24.21977996826172,0.42271488904953003,82.85713958740234,1.4461299180984497,69.010986328125,1.2044689655303955,12.362637362637363,0.12362637362637363,-0.7532865405082703,-0.0634777843952179,0.3919464945793152,1.4359192848205566,1.1197401285171509,0.11750300228595734,-43.16013717651367,-0.7532864993425726,-3.6370089054107666,-0.06347778032377288,22.456878662109375,0.39194647237466773,82.27210998535156,1.4359192018072886,65.010986328125,1.1346557613947998,11.750300228595734,0.11750300228595734,False,False,0.0,0.0,0.0,0.0,0.0,0.0,0.0,0.0,0.0,0.0,0.0,0.0,0.0,0.0,0.8546066284179688,0.8546066284179688
4,265,10.134656862006523,10.14547751203645,False,-42.769229888916016,-0.7464638948440552,-2.5934066772460938,-0.04526348412036896,24.21977996826172,0.42271488904953003,83.38461303710938,1.4553359746932983,68.30769348144531,1.1921941041946411,12.225274725274724,0.12225274725274725,-0.7516063451766968,-0.046155452728271484,0.41372090578079224,1.398768424987793,1.0625975131988525,0.1182481050491333,-43.06386947631836,-0.7516063110108416,-2.644512414932251,-0.04615544875043424,23.70446014404297,0.4137208769213191,80.14352416992188,1.3987683709167922,64.30769348144531,1.1223809856145157,11.82481050491333,0.1182481050491333,False,False,0.0,0.0,0.0,0.0,0.0,0.0,0.0,0.0,0.0,0.0,0.0,0.0,0.0,0.0,3.425342559814453,3.425342559814453
4,266,10.16835995996371,10.182483135024086,False,-42.85714340209961,-0.7479982376098633,-2.5934066772460938,-0.04526348412036896,24.21977996826172,0.42271488904953003,83.03296661376953,1.449198603630066,67.51648712158203,1.1783850193023682,12.01923076923077,0.1201923076923077,-0.7467461824417114,-0.08235475420951843,0.3842889666557312,1.4305585622787476,1.0770726203918457,0.11994174122810364,-42.785400390625,-0.7467461086004743,-4.7185797691345215,-0.08235475298939131,22.01813507080078,0.3842889521343084,81.9649658203125,1.430558524849068,63.51648712158203,1.1085718295721823,11.994174122810364,0.11994174122810364,False,False,0.0,0.0,0.0,0.0,0.0,0.0,0.0,0.0,0.0,0.0,0.0,0.0,0.0,0.0,1.8047752380371094,1.8047752380371094
4,267,10.201823640963994,10.21589022304397,False,-42.5054931640625,-0.7418608069419861,-2.5054945945739746,-0.04372913017868996,24.131868362426758,0.4211805462837219,82.4175796508789,1.4384580850601196,66.19779968261719,1.155369520187378,12.01923076923077,0.1201923076923077,-0.7469478249549866,-0.10810074210166931,0.3927385210990906,1.4281867742538452,1.041754961013794,0.1188918873667717,-42.79695510864258,-0.7469477764740206,-6.193716049194336,-0.10810073799205625,22.50225830078125,0.3927384964828573,81.82907104492188,1.4281867135822435,62.19779968261719,1.085556391957554,11.88918873667717,0.1188918873667717,False,False,0.0,0.0,0.0,0.0,0.0,0.0,0.0,0.0,0.0,0.0,0.0,0.0,0.0,0.0,2.5096397399902344,2.5096397399902344
4,268,10.235416008043103,10.24640735401772,False,-42.41758346557617,-0.740326464176178,-2.4175825119018555,-0.042194776237010956,24.21977996826172,0.42271488904953003,81.62637329101562,1.4246490001678467,65.05494689941406,1.1354230642318726,12.01923076923077,0.1201923076923077,-0.7505550980567932,-0.10266812145709991,0.388112872838974,1.4289565086364746,0.9852291941642761,0.1193837821483612,-43.00363540649414,-0.7505550281705329,-5.882449626922607,-0.10266811407251157,22.237228393554688,0.3881128519854987,81.8731689453125,1.4289563671372765,61.05494689941406,1.0656098480250786,11.93837821483612,0.1193837821483612,False,False,0.0,0.0,0.0,0.0,0.0,0.0,0.0,0.0,0.0,0.0,0.0,0.0,0.0,0.0,4.605476379394531,4.605476379394531
4,269,10.26875031599775,10.282362094032578,False,-42.41758346557617,-0.740326464176178,-2.769230842590332,-0.04833219572901726,24.21977996826172,0.42271488904953003,81.18681335449219,1.4169771671295166,64.61538696289062,1.1277512311935425,12.01923076923077,0.1201923076923077,-0.7526470422744751,-0.10995686054229736,0.4302435517311096,1.4085636138916016,0.9526392221450806,0.1191035807132721,-43.123497009277344,-0.7526470077858174,-6.300063610076904,-0.10995685308092219,24.651138305664062,0.43024352779833425,80.70474243164062,1.4085634774061035,60.615386962890625,1.0579380798728872,11.91035807132721,0.1191035807132721,False,False,0.0,0.0,0.0,0.0,0.0,0.0,0.0,0.0,0.0,0.0,0.0,0.0,0.0,0.0,6.033184051513672,6.033184051513672
4,270,10.302163959946483,10.473268629051745,False,-42.5054931640625,-0.7418608069419861,-3.1208791732788086,-0.05446961522102356,24.131868362426758,0.4211805462837219,81.97801971435547,1.430786371231079,63.29670333862305,1.1047358512878418,11.95054945054945,0.11950549450549451,-0.7366840243339539,-0.07898390293121338,0.42088356614112854,1.4204750061035156,1.0933196544647217,0.17444366216659546,-42.20888137817383,-0.7366839536328551,-4.525444030761719,-0.07898389845151554,24.114850997924805,0.4208835485416281,81.38721466064453,1.4204748648556464,62.64259719848633,1.0933195731141623,16.950549450549453,0.16950549450549451,False,True,0.4938167661100934,0.0,0.0,0.0,0.0,0.0,0.0,0.0,0.0,0.0,0.0,0.0,0.0,0.0,0.0,0.0
4,271,10.47472913900856,10.487866224953905,False,-43.120880126953125,-0.7526013255119324,-3.7362637519836426,-0.06521010398864746,25.010988235473633,0.43652409315109253,80.83516693115234,1.4108397960662842,61.010990142822266,1.064842700958252,11.813186813186812,0.11813186813186811,-0.7377004623413086,-0.09751608967781067,0.4276811480522156,1.4239232540130615,1.0885329246520996,0.17878752946853638,-42.267120361328125,-0.7377004156419111,-5.5872602462768555,-0.09751608746332038,24.504323959350586,0.42768113406600083,81.58478546142578,1.423923125835081,62.36833953857422,1.0885328739498812,16.81318681318681,0.1681318681318681,False,True,1.0655661336668274,0.0,0.0,0.0,0.0,0.0,0.0,0.0,0.0,0.0,0.0,0.0,0.0,0.0,0.0,0.0
4,272,10.508175479946658,10.52103077294305,False,-43.03296661376953,-0.7510669231414795,-3.7362637519836426,-0.06521010398864746,25.010988235473633,0.43652409315109253,81.0988998413086,1.4154428243637085,61.18681335449219,1.0679113864898682,11.881868131868131,0.11881868131868131,-0.7314907312393188,-0.08672630786895752,0.41209810972213745,1.4259713888168335,1.0928767919540405,0.17887085676193237,-41.91133117675781,-0.7314907229281734,-4.969051361083984,-0.08672630695162116,23.611480712890625,0.4120980797110793,81.70214080810547,1.425971363029461,62.617225646972656,1.0928767560039094,16.88186813186813,0.1688186813186813,False,True,1.005217544325106,0.0,0.0,0.0,0.0,0.0,0.0,0.0,0.0,0.0,0.0,0.0,0.0,0.0,0.0,0.0
4,273,10.541497283033095,10.552644049050286,False,-42.94505310058594,-0.7495325803756714,-3.7362637519836426,-0.06521010398864746,25.010988235473633,0.43652409315109253,81.27472686767578,1.4185116291046143,61.18681335449219,1.0679113864898682,11.95054945054945,0.11950549450549451,-0.7338696122169495,-0.06346559524536133,0.3905937075614929,1.4258509874343872,1.092374324798584,0.17973119020462036,-42.047630310058594,-0.7338695915718867,-3.636310577392578,-0.06346559220059657,22.379369735717773,0.39059368640944836,81.69523620605469,1.425850854990135,62.588436126708984,1.0923742840852386,16.950549450549453,0.16950549450549451,False,True,1.0225695699125836,0.0,0.0,0.0,0.0,0.0,0.0,0.0,0.0,0.0,0.0,0.0,0.0,0.0,0.0,0.0
4,274,10.574793049017899,10.586685554939322,False,-42.769229888916016,-0.7464638948440552,-3.7362637519836426,-0.06521010398864746,25.010988235473633,0.43652409315109253,81.27472686767578,1.4185116291046143,61.71428680419922,1.0771174430847168,13.804945054945057,0.13804945054945056,-0.7341328263282776,-0.08417648077011108,0.4107212722301483,1.4271425008773804,1.098776936531067,0.18235138058662415,-42.06270980834961,-0.7341327784666137,-4.8229570388793945,-0.0841764800106816,23.532594680786133,0.410721258717022,81.76924133300781,1.4271424881188235,62.95527648925781,1.0987768562409255,18.235138058662415,0.18235138058662415,False,False,0.0,0.0,0.0,0.0,0.0,0.0,0.0,0.0,0.0,0.0,0.0,0.0,0.0,0.0,0.0,0.0
4,275,10.608473959960975,10.621119415969588,False,-42.5054931640625,-0.7418608069419861,-3.6483516693115234,-0.06367574632167816,24.83516502380371,0.4334554076194763,81.27472686767578,1.4185116291046143,61.80219650268555,1.078651785850525,15.10989010989011,0.1510989010989011,-0.7382189631462097,-0.06196349859237671,0.41392120718955994,1.4256380796432495,1.097996473312378,0.17954641580581665,-42.29682922363281,-0.7382189331061495,-3.5502467155456543,-0.06196349444438622,23.7159366607666,0.4139211799248067,81.68303680419922,1.4256379352609831,62.910560607910156,1.0979964168834777,17.954641580581665,0.17954641580581665,False,False,0.0,0.0,0.0,0.0,0.0,0.0,0.0,0.0,0.0,0.0,0.0,0.0,0.0,0.0,0.0,0.0
4,276,10.641951165976934,10.655332116992213,False,-42.32966995239258,-0.7387921214103699,-3.384615421295166,-0.05907268077135086,24.83516502380371,0.4334554076194763,81.0988998413086,1.4154428243637085,61.978023529052734,1.0817205905914307,15.934065934065933,0.15934065934065933,-0.7331283092498779,-0.04671788215637207,0.3947058916091919,1.423733115196228,1.101518154144287,0.17859187722206116,-42.005157470703125,-0.733128300682463,-2.6767373085021973,-0.04671787924433455,22.614980697631836,0.3947058734486397,81.57389068603516,1.4237329761332496,63.11233901977539,1.1015181145299713,17.859187722206116,0.17859187722206116,False,False,0.0,0.0,0.0,0.0,0.0,0.0,0.0,0.0,0.0,0.0,0.0,0.0,0.0,0.0,0.0,0.0
4,277,10.675322009949014,10.686048735980876,False,-42.153846740722656,-0.7357234358787537,-3.296703338623047,-0.05753832682967186,24.83516502380371,0.4334554076194763,81.27472686767578,1.4185116291046143,62.06593322753906,1.0832549333572388,16.758241758241756,0.16758241758241754,-0.7248439192771912,-0.057073891162872314,0.3943783938884735,1.4245386123657227,1.1077635288238525,0.1819877177476883,-41.530494689941406,-0.724843872321499,-3.2700929641723633,-0.057073889071108705,22.596216201782227,0.39437837121358726,81.62004852294922,1.4245385823629984,63.47017288208008,1.107763493602316,18.19877177476883,0.1819877177476883,False,False,0.0,0.0,0.0,0.0,0.0,0.0,0.0,0.0,0.0,0.0,0.0,0.0,0.0,0.0,0.0,0.0
4,278,10.708871021983214,10.720374483964406,False,-42.06593322753906,-0.7341890335083008,-2.9450550079345703,-0.05140090733766556,24.83516502380371,0.4334554076194763,81.27472686767578,1.4185116291046143,62.153846740722656,1.0847892761230469,17.032967032967033,0.17032967032967034,-0.7264102697372437,-0.02945193648338318,0.38543155789375305,1.4257324934005737,1.1041240692138672,0.18105944991111755,-41.6202392578125,-0.7264102105166292,-1.6874715089797974,-0.029451933865294523,22.083600997924805,0.3854315481104933,81.6884536743164,1.425732477479681,63.26164627075195,1.1041240176566138,18.105944991111755,0.18105944991111755,False,False,0.0,0.0,0.0,0.0,0.0,0.0,0.0,0.0,0.0,0.0,0.0,0.0,0.0,0.0,0.0,0.0
4,279,10.742486385046504,10.75561127695255,False,-42.06593322753906,-0.7341890335083008,-2.681318759918213,-0.04679784178733826,24.83516502380371,0.4334554076194763,81.18681335449219,1.4169771671295166,62.5054931640625,1.0909266471862793,17.376373626373624,0.17376373626373623,-0.7270247340202332,-0.027180612087249756,0.3980642557144165,1.4248032569885254,1.1100704669952393,0.1812191754579544,-41.65544509887695,-0.7270246683591377,-1.557334303855896,-0.02718061115653921,22.80739974975586,0.3980642194517705,81.63520812988281,1.4248031674172978,63.60234832763672,1.11007039031757,18.12191754579544,0.1812191754579544,False,False,0.0,0.0,0.0,0.0,0.0,0.0,0.0,0.0,0.0,0.0,0.0,0.0,0.0,0.0,0.0,0.0
4,280,10.77559995802585,10.78692537394818,False,-42.241756439208984,-0.737257719039917,-2.4175825119018555,-0.042194776237010956,24.83516502380371,0.4334554076194763,81.27472686767578,1.4185116291046143,62.593406677246094,1.0924609899520874,17.582417582417584,0.17582417582417584,-0.7329379320144653,-0.023910969495773315,0.3895067572593689,1.4224169254302979,1.1032313108444214,0.17899200320243835,-41.99424743652344,-0.7329378846645225,-1.369997501373291,-0.023910967143059465,22.317092895507812,0.3895067505000462,81.49848175048828,1.4224168419225323,63.21049499511719,1.1032312594801919,17.899200320243835,0.17899200320243835,False,False,0.0,0.0,0.0,0.0,0.0,0.0,0.0,0.0,0.0,0.0,0.0,0.0,0.0,0.0,0.0,0.0
4,281,10.809090720955282,10.820428806939162,False,-42.241756439208984,-0.737257719039917,-1.7142857313156128,-0.029919929802417755,24.83516502380371,0.4334554076194763,81.27472686767578,1.4185116291046143,62.593406677246094,1.0924609899520874,17.582417582417584,0.17582417582417584,-0.7301566004753113,-0.022692710161209106,0.400584876537323,1.4272900819778442,1.1007591485977173,0.18027400970458984,-41.83488845825195,-0.7301565458010709,-1.3001964092254639,-0.02269270826359192,22.95182228088379,0.4005848681340169,81.77769470214844,1.4272900272432139,63.068851470947266,1.1007591136192987,18.027400970458984,0.18027400970458984,False,False,0.0,0.0,0.0,0.0,0.0,0.0,0.0,0.0,0.0,0.0,0.0,0.0,0.0,0.0,0.0,0.0
4,282,10.842254802002572,10.854457875015214,False,-42.153846740722656,-0.7357234358787537,-1.274725317955017,-0.022248154506087303,24.83516502380371,0.4334554076194763,81.27472686767578,1.4185116291046143,62.68132019042969,1.093995451927185,17.582417582417584,0.17582417582417584,-0.7314806580543518,-0.01393476128578186,0.38237908482551575,1.430124282836914,1.0984529256820679,0.1804257035255432,-41.91075134277344,-0.731480602916031,-0.7984029650688171,-0.013934760498136134,21.908706665039062,0.3823790661585581,81.94007873535156,1.4301241632752761,62.93671417236328,1.0984528826943172,18.04257035255432,0.1804257035255432,False,False,0.0,0.0,0.0,0.0,0.0,0.0,0.0,0.0,0.0,0.0,0.0,0.0,0.0,0.0,0.0,0.0
4,283,10.875648929970339,10.88788812898565,False,-42.153846740722656,-0.7357234358787537,-1.0109890699386597,-0.017645087093114853,24.83516502380371,0.4334554076194763,81.27472686767578,1.4185116291046143,62.68132019042969,1.093995451927185,17.582417582417584,0.17582417582417584,-0.7345475554466248,0.010119020938873291,0.36187294125556946,1.4316518306732178,1.1014127731323242,0.17767179012298584,-42.08647155761719,-0.7345474992273663,0.579777181148529,0.01011902073897343,20.83516502380371,0.3636422298617375,82.02760314941406,1.4316517524765455,63.106300354003906,1.1014127199298314,17.767179012298584,0.17767179012298584,False,False,0.0,0.0,0.0,0.0,0.0,0.0,0.0,0.0,0.10137367248535156,0.10137367248535156,0.0,0.0,0.0,0.0,0.0,0.0
4,284,10.909024544991553,10.920683108037338,False,-41.978023529052734,-0.7326546907424927,-0.7472527623176575,-0.013042020611464977,24.83516502380371,0.4334554076194763,81.27472686767578,1.4185116291046143,62.68132019042969,1.093995451927185,17.582417582417584,0.17582417582417584,-0.7321731448173523,0.03605687618255615,0.3517758250236511,1.429025411605835,1.099015712738037,0.17602083086967468,-41.9504280090332,-0.732173091378479,2.0659067630767822,0.03605687505490827,20.83516502380371,0.3636422298617375,81.87712097167969,1.4290253430095095,62.96895980834961,1.0990156752116782,17.60208308696747,0.17602083086967468,False,False,0.0,0.0,0.0,0.0,0.0,0.0,0.0,0.0,0.6798954010009766,0.6798954010009766,0.0,0.0,0.0,0.0,0.0,0.0
4,285,10.942457714001648,10.953455636044964,False,-41.89011001586914,-0.7311203479766846,-0.21978022158145905,-0.0038358885794878006,24.30769157409668,0.4242492616176605,81.53845977783203,1.423114538192749,62.68132019042969,1.093995451927185,17.582417582417584,0.17582417582417584,-0.7274537086486816,0.04125109314918518,0.3438597321510315,1.4223237037658691,1.0947215557098389,0.17469698190689087,-41.680023193359375,-0.7274536370317223,2.363513469696045,0.0412510919614312,20.30769157409668,0.35443608144749705,81.4931411743164,1.4223236312843794,62.722923278808594,1.0947215276910072,17.469698190689087,0.17469698190689087,False,False,0.0,0.0,0.0,0.0,0.0,0.0,0.0,0.0,0.6059818267822266,0.6059818267822266,0.0,0.0,0.0,0.0,0.0,0.0
4,286,10.975820431951433,10.987347866990604,False,-41.89011001586914,-0.7311203479766846,0.8351648449897766,0.014576376415789127,23.78022003173828,0.4150431454181671,81.27472686767578,1.4185116291046143,62.68132019042969,1.093995451927185,17.582417582417584,0.17582417582417584,-0.7279051542282104,0.04798811674118042,0.39317911863327026,1.386269211769104,1.0910274982452393,0.17370694875717163,-41.70589065551758,-0.7279051094155179,2.749516487121582,0.04798811553813987,22.527502059936523,0.39317908319569733,79.4273681640625,1.3862690906566142,62.511268615722656,1.0910274569429583,17.370694875717163,0.17370694875717163,False,False,0.0,0.0,0.0,0.0,0.0,0.0,0.0,0.0,0.0,0.0,0.0,0.0,0.0,0.0,0.0,0.0
4,287,11.009472582954913,11.024183660978451,False,-41.89011001586914,-0.7311203479766846,1.9780219793319702,0.034522995352745056,23.428571701049805,0.4089057147502899,81.0988998413086,1.4154428243637085,62.68132019042969,1.093995451927185,17.582417582417584,0.17582417582417584,-0.7289963364601135,0.07298630475997925,0.3807920217514038,1.365599513053894,1.0882865190505981,0.17189139127731323,-41.768409729003906,-0.7289962730931506,4.181807041168213,0.07298630155146738,21.817773818969727,0.380791988596439,78.24308776855469,1.3655994984881823,62.35422134399414,1.0882864649700215,17.189139127731323,0.17189139127731323,False,False,0.0,0.0,0.0,0.0,0.0,0.0,0.0,0.0,0.0,0.0,0.0,0.0,0.0,0.0,0.0,0.0
4,288,11.042636740021408,11.055318305967376,False,-41.89011001586914,-0.7311203479766846,2.681318759918213,0.04679784178733826,23.428571701049805,0.4089057147502899,81.0988998413086,1.4154428243637085,62.68132019042969,1.093995451927185,17.582417582417584,0.17582417582417584,-0.7283225059509277,0.06993234157562256,0.40019330382347107,1.3551406860351562,1.0993403196334839,0.17519569396972656,-41.72980499267578,-0.7283224933373605,4.0068278312683105,0.06993233821617582,22.929386138916016,0.40019328358523437,77.64383697509766,1.3551405990971686,62.98755645751953,1.0993402479695316,17.519569396972656,0.17519569396972656,False,False,0.0,0.0,0.0,0.0,0.0,0.0,0.0,0.0,0.0,0.0,0.0,0.0,0.0,0.0,0.0,0.0
4,289,11.076026741997339,11.08776558295358,False,-41.89011001586914,-0.7311203479766846,3.2087912559509277,0.05600397288799286,23.69230842590332,0.4135087728500366,80.30769348144531,1.401633620262146,62.68132019042969,1.093995451927185,17.513736263736263,0.17513736263736263,-0.7316192984580994,0.09922927618026733,0.3685908317565918,1.3613560199737549,1.0921611785888672,0.17077107727527618,-41.918697357177734,-0.731619287029797,5.685418605804443,0.09922927402543313,21.118698120117188,0.36859081593078186,77.99994659423828,1.3613558844491955,62.57622146606445,1.0921610980399779,17.07710772752762,0.17077107727527618,False,False,0.0,0.0,0.0,0.0,0.0,0.0,0.0,0.0,0.0,0.0,0.0,0.0,0.0,0.0,0.0,0.0
4,290,11.109626939985901,11.120391789008863,False,-41.89011001586914,-0.7311203479766846,3.912087917327881,0.06827881187200546,23.69230842590332,0.4135087728500366,78.81318664550781,1.375549554824829,62.68132019042969,1.093995451927185,17.445054945054945,0.17445054945054944,-0.7245557308197021,0.15743803977966309,0.3458695709705353,1.3600293397903442,1.0909028053283691,0.17293256521224976,-41.51398468017578,-0.7245557182915525,7.912087917327881,0.13809198486463242,19.816865921020508,0.34586955774806644,77.92393493652344,1.3600292307521726,62.50412368774414,1.0909027544249155,17.293256521224976,0.17293256521224976,False,False,0.0,0.0,0.0,0.0,0.0,1.1084465980529785,1.1084465980529785,0.0,0.0,0.0,0.0,0.0,0.0,0.0,0.0,0.0
4,291,11.143099309992976,11.154436900978908,False,-41.89011001586914,-0.7311203479766846,4.615384578704834,0.08055365830659866,23.604394912719727,0.41197440028190613,78.37362670898438,1.3678778409957886,62.85714340209961,1.0970641374588013,17.78846153846154,0.1778846153846154,-0.7274900078773499,0.16301819682121277,0.36169326305389404,1.3220444917678833,1.0894219875335693,0.17078238725662231,-41.682106018066406,-0.7274899891806018,8.615385055541992,0.1503668355463223,20.723495483398438,0.3616932287074766,75.74756622314453,1.322044430966318,62.41927719116211,1.0894219037007769,17.07823872566223,0.17078238725662231,False,False,0.0,0.0,0.0,0.0,0.0,0.7248692512512207,0.7248687744140625,0.0,0.0,0.0,0.0,0.0,0.0,0.0,0.0,0.0
4,292,11.176433329004794,11.189455535961315,False,-41.89011001586914,-0.7311203479766846,6.02197790145874,0.10510334372520447,22.989011764526367,0.4012339413166046,79.07691955566406,1.3801525831222534,62.769229888916016,1.0955296754837036,17.307692307692307,0.17307692307692307,-0.7285122871398926,0.1868564784526825,0.3777821958065033,1.2910820245742798,1.0926122665405273,0.17062169313430786,-41.74067687988281,-0.7285122435650287,10.021978378295898,0.17491652026494525,21.64532470703125,0.37778218380097234,75.07691955566406,1.3103394385012561,62.60206985473633,1.0926122375286371,17.062169313430786,0.17062169313430786,False,False,0.0,0.0,0.0,0.0,0.0,0.6841092109680176,0.6841087341308594,0.0,0.0,0.0,0.0,1.1033706665039062,1.1033706665039062,0.0,0.0,0.0
4,293,11.209735537995584,11.220444525009952,False,-41.89011001586914,-0.7311203479766846,7.604395389556885,0.13272173702716827,22.72527503967285,0.3966308832168579,77.84615325927734,1.3586716651916504,62.68132019042969,1.093995451927185,17.032967032967033,0.17032967032967034,-0.7326402068138123,0.20966175198554993,0.3630915880203247,1.2816811800003052,1.0825352668762207,0.1686413735151291,-41.97718811035156,-0.7326401432546515,11.604394912719727,0.20253489892863924,20.803613662719727,0.36309155472733634,73.84615325927734,1.2888585143067315,62.02470016479492,1.082535235437941,16.86413735151291,0.1686413735151291,False,False,0.0,0.0,0.0,0.0,0.0,0.4083371162414551,0.4083375930786133,0.0,0.0,0.0,0.0,0.41123199462890625,0.41123199462890625,0.0,0.0,0.0
4,294,11.243854262982495,11.256504310993478,False,-41.89011001586914,-0.7311203479766846,8.923076629638672,0.15573707222938538,22.72527503967285,0.3966308832168579,76.35164642333984,1.3325875997543335,62.85714340209961,1.0970641374588013,17.10164835164835,0.1710164835164835,-0.7350865006446838,0.2140621840953827,0.3703116476535797,1.2639317512512207,1.0742710828781128,0.16807544231414795,-42.11735153198242,-0.7350864564529711,12.264859199523926,0.21406217532520866,21.21729278564453,0.37031161746913654,72.41795349121094,1.2639317259777534,61.55119705200195,1.0742710471012615,16.807544231414795,0.16807544231414795,False,False,0.0,0.0,0.0,0.0,0.0,0.0,0.0,0.0,0.0,0.0,0.0,0.0,0.0,0.0,0.0,0.0
4,295,11.27737258397974,11.28975180897396,False,-41.89011001586914,-0.7311203479766846,10.417582511901855,0.18182110786437988,22.72527503967285,0.3966308832168579,76.0879135131836,1.3279845714569092,62.769229888916016,1.0955296754837036,17.10164835164835,0.1710164835164835,-0.740944504737854,0.2458406388759613,0.3711684048175812,1.2492847442626953,1.0903820991516113,0.1709459275007248,-42.4529914855957,-0.7409444787447639,14.085630416870117,0.24584062799344497,21.266382217407227,0.37116838968132865,72.0879135131836,1.2581714416979664,62.47428894042969,1.0903820398527777,17.09459275007248,0.1709459275007248,False,False,0.0,0.0,0.0,0.0,0.0,0.0,0.0,0.0,0.0,0.0,0.0,0.5091705322265625,0.5091705322265625,0.0,0.0,0.0
4,296,11.310646380996332,11.324637540034018,False,-41.89011001586914,-0.7311203479766846,11.824175834655762,0.20637080073356628,22.72527503967285,0.3966308832168579,74.76923370361328,1.304969310760498,62.241756439208984,1.086323618888855,17.10164835164835,0.1710164835164835,-0.735141932964325,0.25577297806739807,0.3757982850074768,1.2419698238372803,1.0928614139556885,0.17162728309631348,-42.12052917480469,-0.735141916782672,14.654711723327637,0.25577297050267955,21.531654357910156,0.3757982619469178,71.15962219238281,1.241969701732306,62.6163444519043,1.0928613762486141,17.162728309631348,0.17162728309631348,False,False,0.0,0.0,0.0,0.0,0.0,0.0,0.0,0.0,0.0,0.0,0.0,0.0,0.0,0.0,0.0,0.0
4,297,11.344131172052585,11.358014310942963,False,-41.89011001586914,-0.7311203479766846,12.967033386230469,0.2263174206018448,22.72527503967285,0.3966308832168579,73.18681335449219,1.277350902557373,62.32966995239258,1.087857961654663,17.10164835164835,0.1710164835164835,-0.7394157648086548,0.2764427363872528,0.34708255529403687,1.2348777055740356,1.0786210298538208,0.1688319891691208,-42.36539840698242,-0.7394156911210039,15.839001655578613,0.2764427291186797,19.886363983154297,0.34708252775605664,70.75328063964844,1.234877703749425,61.80043029785156,1.0786209878467696,16.88319891691208,0.1688319891691208,False,False,0.0,0.0,0.0,0.0,0.0,0.0,0.0,0.0,0.0,0.0,0.0,0.0,0.0,0.0,0.0,0.0
4,298,11.377509891986847,11.39155296899844,False,-41.89011001586914,-0.7311203479766846,14.197802543640137,0.2477983981370926,22.72527503967285,0.3966308832168579,72.74725341796875,1.269679069519043,62.5054931640625,1.0909266471862793,17.10164835164835,0.1710164835164835,-0.7532040476799011,0.28258422017097473,0.35656923055648804,1.2389734983444214,1.0726925134658813,0.1728026568889618,-43.15541076660156,-0.7532040079278074,16.190881729125977,0.282584194974241,20.42991065979004,0.3565692069016233,70.98794555664062,1.2389733791898576,61.460750579833984,1.072692458365117,17.28026568889618,0.1728026568889618,False,False,0.0,0.0,0.0,0.0,0.0,0.0,0.0,0.0,0.0,0.0,0.0,0.0,0.0,0.0,0.0,0.0
4,299,11.410809968947433,11.424351579975337,False,-41.89011001586914,-0.7311203479766846,15.252747535705566,0.266210675239563,22.72527503967285,0.3966308832168579,72.3956069946289,1.2635416984558105,62.153846740722656,1.0847892761230469,17.10164835164835,0.1710164835164835,-0.7555714845657349,0.3002298176288605,0.36203813552856445,1.2342031002044678,1.068192720413208,0.1729486733675003,-43.291053771972656,-0.7555714249788333,17.201900482177734,0.3002298010144016,20.743255615234375,0.3620381080686419,70.7146224975586,1.2342029918872532,61.20293045043945,1.0681926482292647,17.29486733675003,0.1729486733675003,False,False,0.0,0.0,0.0,0.0,0.0,0.0,0.0,0.0,0.0,0.0,0.0,0.0,0.0,0.0,0.0,0.0
4,300,11.444911353988573,11.61640889197588,False,-42.06593322753906,-0.7341890335083008,16.21977996826172,0.2830885648727417,22.63736343383789,0.3950965106487274,71.6043930053711,1.2497323751449585,61.978023529052734,1.0817205905914307,17.10164835164835,0.1710164835164835,-0.7472048997879028,0.314249187707901,0.41749686002731323,1.234138011932373,1.069287896156311,0.13218489289283752,-42.811683654785156,-0.7472048380982405,18.005151748657227,0.3142491803352831,23.920806884765625,0.417496839872888,70.71089172363281,1.234137877598601,61.26567840576172,1.0692878066485325,13.218489289283752,0.13218489289283752,False,False,0.0,0.0,0.0,0.0,0.0,0.0,0.0,0.0,0.0,0.0,0.0,0.0,0.0,0.0,0.0,0.0
4,301,11.61814706993755,11.632376834051684,False,-43.120880126953125,-0.7526013255119324,17.538461685180664,0.3061038851737976,22.63736343383789,0.3950965106487274,71.25274658203125,1.243595004081726,61.89011001586914,1.080186128616333,17.582417582417584,0.17582417582417584,-0.7437081336975098,0.2961033284664154,0.41012153029441833,1.2349520921707153,1.0676687955856323,0.029870059341192245,-42.61133575439453,-0.7437081075869664,16.965469360351562,0.2961032994843511,23.498231887817383,0.4101215148395361,70.75753784179688,1.2349520059438381,61.17291259765625,1.0676687378638188,12.582417582417584,0.12582417582417585,False,True,9.59541164829836,0.0,0.0,0.0,0.0,0.0,0.0,0.0,0.0,0.0,0.0,0.0,0.0,0.0,0.0,0.0
4,302,11.652073140954599,11.66372884705197,False,-42.94505310058594,-0.7495325803756714,17.538461685180664,0.3061038851737976,22.63736343383789,0.3950965106487274,71.34066009521484,1.2451293468475342,61.71428680419922,1.0771174430847168,17.582417582417584,0.17582417582417584,-0.7504294514656067,0.30502280592918396,0.3890734612941742,1.2307720184326172,1.0603792667388916,-0.00321979820728302,-42.996437072753906,-0.7504293935461084,17.476518630981445,0.3050227918967581,22.292266845703125,0.3890734541906903,70.51803588867188,1.2307719082968498,60.755252838134766,1.060379199907081,12.582417582417584,0.12582417582417585,True,True,12.904397403145886,0.0,0.0,0.0,0.0,0.0,0.0,0.0,0.0,0.0,0.0,0.0,0.0,0.0,0.0,0.0
4,303,11.68591535196174,11.697126816958189,False,-42.85714340209961,-0.7479982376098633,17.626373291015625,0.3076382577419281,22.813186645507812,0.398165225982666,70.989013671875,1.2389919757843018,61.71428680419922,1.0771174430847168,16.758241758241756,0.16758241758241754,-0.7431184649467468,0.30656442046165466,0.3975706696510315,1.2260656356811523,1.0675853490829468,-0.0007170066237449646,-42.57754898071289,-0.7431184171425956,17.56484603881836,0.30656439598326407,22.77911949157715,0.397570635833238,70.24838256835938,1.2260655700184617,61.16813278198242,1.0675853143426721,11.758241758241756,0.11758241758241755,True,True,11.829942420616252,0.0,0.0,0.0,0.0,0.0,0.0,0.0,0.0,0.0,0.0,0.0,0.0,0.0,0.0,0.0
4,304,11.719793880940415,11.731192460050806,False,-42.94505310058594,-0.7495325803756714,17.626373291015625,0.3076382577419281,23.16483497619629,0.4043026268482208,70.63735961914062,1.2328544855117798,61.626373291015625,1.0755831003189087,15.10989010989011,0.1510989010989011,-0.746925950050354,0.30644819140434265,0.3900914192199707,1.2300795316696167,1.0737848281860352,0.0008637681603431702,-42.79570388793945,-0.7469259385530819,17.55818748474121,0.30644818229119575,22.3505916595459,0.3900914142278594,70.47836303710938,1.230079486413429,61.52333450317383,1.073784753886213,10.10989010989011,0.1010989010989011,False,True,10.023513293855792,0.0,0.0,0.0,0.0,0.0,0.0,0.0,0.0,0.0,0.0,0.0,0.0,0.0,0.0,0.0
4,305,11.753114765975624,11.763783434988,False,-43.20878982543945,-0.7541356682777405,17.626373291015625,0.3076382577419281,23.16483497619629,0.4043026268482208,70.63735961914062,1.2328544855117798,61.53845977783203,1.0740487575531006,13.736263736263737,0.13736263736263737,-0.7466148138046265,0.3136986792087555,0.384254515171051,1.2268474102020264,1.0755175352096558,-0.00022446364164352417,-42.77787399291992,-0.7466147481797061,17.973609924316406,0.3136986716484501,22.01616096496582,0.3842544974877055,70.29317474365234,1.2268473409564544,61.62261199951172,1.0755174730704458,8.736263736263737,0.08736263736263737,True,True,8.75871010042809,0.0,0.0,0.0,0.0,0.0,0.0,0.0,0.0,0.0,0.0,0.0,0.0,0.0,0.0,0.0
4,306,11.786609028000385,11.798982859938405,False,-43.20878982543945,-0.7541356682777405,17.626373291015625,0.3076382577419281,23.16483497619629,0.4043026268482208,70.63735961914062,1.2328544855117798,61.71428680419922,1.0771174430847168,12.706043956043956,0.12706043956043955,-0.7409806251525879,0.29121139645576477,0.39065444469451904,1.2235194444656372,1.068472146987915,-0.0006883889436721802,-42.45505905151367,-0.7409805645775345,16.685182571411133,0.29121137216749815,22.382850646972656,0.3906544397718158,70.10249328613281,1.223519321700237,61.21894073486328,1.0684720804066412,7.706043956043956,0.07706043956043956,True,True,7.774882850411174,0.0,0.0,0.0,0.0,0.0,0.0,0.0,0.0,0.0,0.0,0.0,0.0,0.0,0.0,0.0
4,307,11.820140718016773,11.831120123039,False,-43.20878982543945,-0.7541356682777405,17.714284896850586,0.3091726005077362,23.16483497619629,0.4043026268482208,70.72527313232422,1.234388828277588,61.71428680419922,1.0771174430847168,11.263736263736265,0.11263736263736264,-0.7407239675521851,0.28778955340385437,0.38986724615097046,1.2265641689300537,1.0777676105499268,2.4959444999694824e-05,-42.44035339355469,-0.7407239024274781,16.489126205444336,0.2877895430618826,22.337745666503906,0.3898672093535884,70.27694702148438,1.2265641137745245,61.75153350830078,1.0777675778754539,6.263736263736265,0.06263736263736265,False,True,6.261240319236295,0.0,0.0,0.0,0.0,0.0,0.0,0.0,0.0,0.0,0.0,0.0,0.0,0.0,0.0,0.0
4,308,11.853437109966762,11.865586185944267,False,-43.03296661376953,-0.7510669231414795,17.80219841003418,0.3107069730758667,23.16483497619629,0.4043026268482208,70.72527313232422,1.234388828277588,61.626373291015625,1.0755831003189087,9.821428571428571,0.09821428571428571,-0.7370859384536743,0.28855088353157043,0.3845349848270416,1.2262754440307617,1.0656170845031738,-0.0003930330276489258,-42.231910705566406,-0.7370858912203754,16.532747268676758,0.288550874238509,22.032230377197266,0.3845349616400045,70.26040649414062,1.22627542711236,61.05535888671875,1.0656170385600219,4.821428571428571,0.04821428571428571,True,True,4.860731874193464,0.0,0.0,0.0,0.0,0.0,0.0,0.0,0.0,0.0,0.0,0.0,0.0,0.0,0.0,0.0
4,309,11.886625890037976,11.89807060896419,False,-42.85714340209961,-0.7479982376098633,17.89011001586914,0.3122413158416748,23.16483497619629,0.4043026268482208,70.54945373535156,1.2313202619552612,61.71428680419922,1.0771174430847168,8.585164835164836,0.08585164835164835,-0.7389460206031799,0.27511832118034363,0.3802472949028015,1.230104684829712,1.0730422735214233,0.0006831437349319458,-42.33848571777344,-0.7389459760837411,15.763117790222168,0.27511830581906965,21.786563873291016,0.3802472722849769,70.47980499267578,1.2301046532857303,61.48078918457031,1.0730421979952718,3.5851648351648358,0.035851648351648356,False,True,3.516850461671641,0.0,0.0,0.0,0.0,0.0,0.0,0.0,0.0,0.0,0.0,0.0,0.0,0.0,0.0,0.0
4,310,11.920297231990844,11.932012059027329,False,-42.68132019042969,-0.7449295520782471,17.89011001586914,0.3122413158416748,23.16483497619629,0.4043026268482208,70.54945373535156,1.2313202619552612,61.71428680419922,1.0771174430847168,7.211538461538461,0.07211538461538461,-0.7363343834877014,0.28774920105934143,0.3656679689884186,1.2304490804672241,1.0756208896636963,-7.279962301254272e-05,-42.18885040283203,-0.736334347160755,16.486814498901367,0.2877491961713679,20.951231002807617,0.36566796334490625,70.4995346069336,1.2304490000146775,61.62853240966797,1.0756208037207409,2.211538461538461,0.022115384615384606,True,True,2.218818423839715,0.0,0.0,0.0,0.0,0.0,0.0,0.0,0.0,0.0,0.0,0.0,0.0,0.0,0.0,0.0
4,311,11.953872486948967,11.965853970963508,False,-42.41758346557617,-0.740326464176178,17.89011001586914,0.3122413158416748,23.16483497619629,0.4043026268482208,70.54945373535156,1.2313202619552612,61.626373291015625,1.0755831003189087,5.837912087912088,0.05837912087912087,-0.7453463673591614,0.2852875888347626,0.3597935438156128,1.2292592525482178,1.0765408277511597,-0.00020032376050949097,-42.7052001953125,-0.7453463511315286,16.345773696899414,0.28528756979678044,20.61465072631836,0.3597935293228958,70.43136596679688,1.2292592327976848,61.681243896484375,1.0765407927193087,0.8379120879120876,0.008379120879120875,True,True,0.8579444639630367,0.0,0.0,0.0,0.0,0.0,0.0,0.0,0.0,0.0,0.0,0.0,0.0,0.0,0.0,0.0
4,312,11.987191888038069,11.998476631008089,False,-42.32966995239258,-0.7387921214103699,17.89011001586914,0.3122413158416748,23.16483497619629,0.4043026268482208,70.54945373535156,1.2313202619552612,61.53845977783203,1.0740487575531006,4.532967032967033,0.04532967032967033,-0.7356508374214172,0.2589833438396454,0.3404752016067505,1.2368919849395752,1.0797885656356812,0.0002830773591995239,-42.14968490600586,-0.7356507802879589,14.838651657104492,0.258983327972986,19.50779151916504,0.34047519180205643,70.86868286132812,1.2368918524818517,61.86732482910156,1.0797885176686604,0.028307735919952393,0.0002830773591995239,False,False,0.0,0.0,0.0,0.0,0.0,0.0,0.0,0.0,0.0,0.0,0.0,0.0,0.0,0.0,0.0,0.0
4,313,12.02202368399594,12.033415862941183,False,-42.32966995239258,-0.7387921214103699,17.89011001586914,0.3122413158416748,23.076923370361328,0.4027682840824127,70.63735961914062,1.2328544855117798,61.4505500793457,1.0725144147872925,3.159340659340659,0.03159340659340659,-0.7367998957633972,0.23443785309791565,0.3275558352470398,1.2548099756240845,1.082750916481018,0.00032228976488113403,-42.21552276611328,-0.7367998677193008,13.89011001586914,0.24242815324115832,19.076923370361328,0.33295512396345883,71.89530944824219,1.254809866612014,62.03705596923828,1.08275088490721,0.0322289764881134,0.00032228976488113403,False,False,0.0,0.0,0.0,0.0,0.0,0.4578113555908203,0.4578113555908203,0.0,0.309356689453125,0.309356689453125,0.0,0.0,0.0,0.0,0.0,0.0
4,314,12.054673161008395,12.066925468039699,False,-42.32966995239258,-0.7387921214103699,17.89011001586914,0.3122413158416748,22.72527503967285,0.3966308832168579,70.72527313232422,1.234388828277588,61.4505500793457,1.0725144147872925,1.9917582417582416,0.019917582417582416,-0.7393980026245117,0.23430213332176208,0.3181273937225342,1.2545911073684692,1.085897445678711,-0.00010910630226135254,-42.364383697509766,-0.7393979810997549,13.89011001586914,0.24242815324115832,18.72527503967285,0.32681770278380307,71.88277435302734,1.2545910879284639,62.21733856201172,1.0858974097351386,0.0,0.0,True,False,0.010910630226135254,0.0,0.0,0.0,0.0,0.4655876159667969,0.4655876159667969,0.0,0.49791908264160156,0.49791908264160156,0.0,0.0,0.0,0.0,0.0,0.0
4,315,12.087742440053262,12.10056607297156,False,-42.41758346557617,-0.740326464176178,17.626373291015625,0.3076382577419281,22.285715103149414,0.3889591097831726,70.81318664550781,1.2359232902526855,61.4505500793457,1.0725144147872925,1.3736263736263736,0.013736263736263736,-0.7289746999740601,0.19476112723350525,0.30421125888824463,1.2736563682556152,1.094049334526062,0.0003374814987182617,-41.76716995239258,-0.7289746349092937,13.626373291015625,0.2378250790340381,18.285715103149414,0.31914593463161184,72.97512817382812,1.2736562586981777,62.68440628051758,1.094049279252844,0.03374814987182617,0.0003374814987182617,False,False,0.0,0.0,0.0,0.0,0.0,2.46738338470459,2.46738338470459,0.0,0.8556957244873047,0.8556957244873047,0.0,0.0,0.0,0.0,0.0,0.0
4,316,12.121522975969128,12.132824669941328,False,-42.41758346557617,-0.740326464176178,17.36263656616211,0.303035169839859,21.846153259277344,0.3812873065471649,70.9011001586914,1.2374576330184937,61.4505500793457,1.0725144147872925,1.098901098901099,0.01098901098901099,-0.7280588150024414,0.13863712549209595,0.25878748297691345,1.3314651250839233,1.1045161485671997,0.00029340386390686035,-41.71469497680664,-0.7280587738104155,13.36263656616211,0.2332220048269179,17.846153259277344,0.3114741331899069,74.9011001586914,1.3072708111352123,63.28411102294922,1.1045161015481006,0.029340386390686035,0.00029340386390686035,False,False,0.0,0.0,0.0,0.0,0.0,5.419315338134766,5.419314861297607,0.0,3.018723487854004,3.018723487854004,0.0,1.38623046875,1.38623046875,0.0,0.0,0.0
4,317,12.154849637998268,12.166093240957707,False,-42.5054931640625,-0.7418608069419861,17.27472496032715,0.3015008270740509,21.230770111083984,0.3705468475818634,71.42857360839844,1.2466638088226318,61.626373291015625,1.0755831003189087,0.8928571428571428,0.008928571428571428,-0.7199352383613586,0.1017196774482727,0.2203281670808792,1.3793985843658447,1.1208765506744385,0.00017420202493667603,-41.24924850463867,-0.7199352003792923,13.274724960327148,0.2316876578543824,17.230770111083984,0.3007336710926446,75.42857360839844,1.3164769595494528,64.22148895263672,1.1208764327566754,0.017420202493667603,0.00017420202493667603,False,False,0.0,0.0,0.0,0.0,0.0,7.446617126464844,7.446617126464844,0.0,4.60689640045166,4.60689640045166,0.0,3.6051406860351562,3.6051406860351562,0.0,0.0,0.0
4,318,12.188267242047004,12.198990587959997,False,-42.5054931640625,-0.7418608069419861,17.098901748657227,0.2984321415424347,20.791208267211914,0.3628750443458557,72.3956069946289,1.2635416984558105,62.06593322753906,1.0832549333572388,0.8241758241758242,0.008241758241758242,-0.7081200480461121,0.09353369474411011,0.20425233244895935,1.425567865371704,1.1216020584106445,0.00018065422773361206,-40.572288513183594,-0.7081200196241285,13.098901748657227,0.22861896390931133,16.791208267211914,0.2930618696509397,76.3956069946289,1.3333548761158844,64.2630615234375,1.1216020109956675,0.018065422773361206,0.00018065422773361206,False,False,0.0,0.0,0.0,0.0,0.0,7.739816665649414,7.739816188812256,0.0,5.088412284851074,5.088412284851074,0.0,5.283409118652344,5.283409118652344,0.0,0.0,0.0
4,319,12.221375836990774,12.23296918196138,False,-42.153846740722656,-0.7357234358787537,16.923076629638672,0.2953633964061737,20.439559936523438,0.3567376136779785,73.62637329101562,1.2850226163864136,62.5054931640625,1.0909266471862793,0.7554945054945055,0.007554945054945055,-0.6983587741851807,0.0666346549987793,0.16875700652599335,1.4724653959274292,1.1394972801208496,0.0016207173466682434,-40.01300811767578,-0.6983587352806611,12.923076629638672,0.22555023667472665,16.439559936523438,0.286924448471284,77.62637329101562,1.354835800310409,65.28838348388672,1.1394972550985094,0.16207173466682434,0.0016207173466682434,False,False,0.0,0.0,0.0,0.0,0.0,9.105192184448242,9.105192184448242,0.0,6.770496368408203,6.770496368408203,0.0,6.739677429199219,6.739677429199219,0.0,0.0,0.0
4,320,12.255829836940393,12.267056785989553,False,-41.626373291015625,-0.7265172600746155,16.74725341796875,0.2922947108745575,20.0,0.3490658402442932,74.4175796508789,1.298831820487976,63.03296661376953,1.1001328229904175,0.7554945054945055,0.007554945054945055,-0.688936710357666,0.04940539598464966,0.13597255945205688,1.51377272605896,1.1503870487213135,0.0001260116696357727,-39.47316360473633,-0.6889366710810425,12.74725341796875,0.2224815427296556,16.0,0.2792526803190927,78.4175796508789,1.3686449563527423,65.91231536865234,1.1503869207958435,0.01260116696357727,0.0001260116696357727,False,False,0.0,0.0,0.0,0.0,0.0,9.916532516479492,9.916532516479492,0.0,8.209346771240234,8.209346771240234,0.0,8.315200805664062,8.315200805664062,0.0,0.0,0.0
4,321,12.288901821011677,12.300367582938634,False,-41.010990142822266,-0.715776801109314,16.483516693115234,0.2876916229724884,19.47252655029297,0.3398596942424774,75.47252655029297,1.317244052886963,63.56044006347656,1.1093389987945557,0.7554945054945055,0.007554945054945055,-0.6713420152664185,0.017254620790481567,0.08891677856445312,1.5601377487182617,1.177473545074463,-0.00020638108253479004,-38.46506118774414,-0.671341964707216,12.483516693115234,0.2178784685225354,15.472526550292969,0.27004653190485234,79.47252655029297,1.3870572531812233,67.46426391601562,1.177473532768876,0.0,0.0,True,False,0.020638108253479004,0.0,0.0,0.0,0.0,11.49489974975586,11.49489974975586,0.0,10.377970695495605,10.377970695495605,0.0,9.916778564453125,9.916778564453125,0.0,0.0,0.0
4,322,12.322578578954563,12.33421607897617,False,-40.39560317993164,-0.7050362825393677,16.30769157409668,0.2846229076385498,19.120878219604492,0.3337222635746002,76.52747344970703,1.3356564044952393,64.26373291015625,1.1216137409210205,0.7554945054945055,0.007554945054945055,-0.6560690402984619,0.004097461700439453,0.07784852385520935,1.602874994277954,1.192443609237671,0.0009172633290290833,-37.58998489379883,-0.6560690021717206,12.30769157409668,0.21480974128795072,15.120878219604492,0.26390911072519657,80.52747344970703,1.405469550009704,68.26373291015625,1.1914268989842371,0.09172633290290833,0.0009172633290290833,False,False,0.0,0.0,0.0,0.0,0.0,12.07292366027832,12.072924613952637,0.0,10.660486221313477,10.660486221313477,0.0,11.310493469238281,11.310493469238281,0.0,0.05825042724609375,0.05825042724609375
4,323,12.356143175973557,12.369433015002869,False,-39.78022003173828,-0.6942958235740662,16.043956756591797,0.2800198793411255,18.593406677246094,0.3245161771774292,77.4945068359375,1.352534294128418,65.05494689941406,1.1354230642318726,0.7554945054945055,0.007554945054945055,-0.6217309236526489,-0.053663402795791626,0.049852460622787476,1.6289827823638916,1.2104065418243408,-0.0001464560627937317,-35.78022003173828,-0.624482646641863,12.043956756591797,0.2102067003703441,14.593406677246094,0.2547029956004698,81.4945068359375,1.4223474665761358,69.05494689941406,1.205236188184625,0.0,0.0,True,False,0.014645606279373169,0.0,0.15766525268554688,0.15766525268554688,0.0,15.118642807006836,15.118642807006836,0.0,11.73707103729248,11.73707103729248,0.0,11.839324951171875,11.839324951171875,0.0,0.296234130859375,0.296234130859375
4,324,12.389750406960957,12.401613460970111,False,-39.07692337036133,-0.6820209622383118,15.780220031738281,0.2754167914390564,18.241758346557617,0.318378746509552,78.46154022216797,1.3694121837615967,66.19779968261719,1.155369520187378,0.7554945054945055,0.007554945054945055,-0.5935560464859009,-0.09106878936290741,0.05255281925201416,1.6417648792266846,1.2140235900878906,1.309812068939209e-05,-35.07692337036133,-0.6122078042825515,11.780220031738281,0.20560362616322392,14.241758346557617,0.24856557442081406,82.46154022216797,1.4392253831425674,69.55842590332031,1.2140235545174505,0.001309812068939209,1.309812068939209e-05,False,False,0.0,0.0,1.0686683654785156,1.0686683654785156,0.0,16.998077392578125,16.998077392578125,0.0,11.230703353881836,11.230703353881836,0.0,11.604652404785156,11.604652404785156,0.0,0.0,0.0
4,325,12.423186726984568,12.433864063001238,False,-38.28571319580078,-0.6682117581367493,15.516483306884766,0.2708137333393097,17.714284896850586,0.3091726005077362,79.51648712158203,1.387824535369873,66.989013671875,1.16917884349823,0.7554945054945055,0.007554945054945055,-0.5651264190673828,-0.1273033171892166,0.021520882844924927,1.6546372175216675,1.2327899932861328,0.0013852491974830627,-34.28571319580078,-0.5983985816611909,11.516483306884766,0.2010005519561037,13.714284896850586,0.23935942600657364,83.51648712158203,1.4576376799710482,70.63365936279297,1.2327899186128572,0.13852491974830627,0.0013852491974830627,False,False,0.0,0.0,1.9063568115234375,1.9063568115234375,0.0,18.8104248046875,18.8104248046875,0.0,12.481229782104492,12.481228828430176,0.0,11.287239074707031,11.287239074707031,0.0,0.0,0.0
4,326,12.456528809969313,12.467540757963434,False,-37.05494689941406,-0.6467308402061462,15.340659141540527,0.2677450180053711,17.27472496032715,0.3015008270740509,80.3956069946289,1.4031680822372437,67.78022003173828,1.1829880475997925,0.7554945054945055,0.007554945054945055,-0.5184712409973145,-0.14050525426864624,0.038170963525772095,1.6644154787063599,1.2486852407455444,0.004719138145446777,-33.05494689941406,-0.5769176574666662,11.340659141540527,0.19793184136627584,13.274724960327148,0.2316876578543824,84.3956069946289,1.4729812162754308,71.54438781738281,1.2486851287370497,0.47191381454467773,0.004719138145446777,False,False,0.0,0.0,3.348733901977539,3.348733901977539,0.0,19.39101791381836,19.39101791381836,0.0,11.087690353393555,11.087690353393555,0.3641357421875,10.604232788085938,10.968368530273438,0.0,0.0,0.0
4,327,12.489915344049223,12.501079919049516,False,-35.64834976196289,-0.6221810579299927,15.076923370361328,0.2631419599056244,16.923076629638672,0.2953633964061737,81.45054626464844,1.421580195426941,68.57142639160156,1.1967971324920654,0.7554945054945055,0.007554945054945055,-0.4866563677787781,-0.141702800989151,0.0018039047718048096,1.6712814569473267,1.276567816734314,0.0044812485575675964,-31.64834976196289,-0.5523679061690161,11.076923370361328,0.19332878380391244,12.923076629638672,0.22555023667472665,85.45054626464844,1.4913933799458572,72.57142639160156,1.266610333402155,0.44812485575675964,0.0044812485575675964,False,False,0.0,0.0,3.764995574951172,3.764995574951172,0.0,19.19589614868164,19.19589614868164,0.0,12.819721221923828,12.819720268249512,0.7575302124023438,9.549293518066406,10.30682373046875,0.0,0.5705184936523438,0.5705184936523438
4,328,12.523583558038808,12.536042463965714,False,-34.68132019042969,-0.6053032279014587,14.813186645507812,0.2585388720035553,16.395605087280273,0.2861572802066803,82.4175796508789,1.4384580850601196,69.53845977783203,1.2136750221252441,0.7554945054945055,0.007554945054945055,-0.4458097815513611,-0.1751319169998169,0.018125265836715698,1.669142723083496,1.2900643348693848,0.0030461177229881287,-30.681320190429688,-0.5354900561816117,10.813186645507812,0.18872570959679225,12.395605087280273,0.21634412154999985,86.4175796508789,1.5082712965122889,73.53845977783203,1.2834882499685867,0.30461177229881287,0.0030461177229881287,False,False,0.0,0.0,5.138301849365234,5.138301849365234,0.0,20.847505569458008,20.847505569458008,0.0,11.357104301452637,11.357104301452637,0.6349868774414062,8.582260131835938,9.217247009277344,0.0,0.37677764892578125,0.37677764892578125
4,329,12.557022397988476,12.57029235502705,False,-33.80219650268555,-0.5899596214294434,14.549450874328613,0.2539358139038086,15.95604419708252,0.278485506772995,83.38461303710938,1.4553359746932983,70.32967376708984,1.2274843454360962,0.7554945054945055,0.007554945054945055,-0.40955162048339844,-0.19130149483680725,0.02925589680671692,1.6666113138198853,1.3074415922164917,0.0016832128167152405,-29.802196502685547,-0.5201464532982019,10.549450874328613,0.18412265203442885,11.95604419708252,0.20867233675305177,87.38461303710938,1.5251492130787205,74.32967376708984,1.2972975391689745,0.16832128167152405,0.0016832128167152405,False,False,0.0,0.0,6.336618423461914,6.336618423461914,0.0,21.51021957397461,21.51021957397461,0.0,10.279805183410645,10.279805183410645,0.48995208740234375,7.615226745605469,8.105178833007812,0.0,0.581207275390625,0.581207275390625
4,330,12.590261933975853,12.764538237941451,False,-33.098899841308594,-0.577684760093689,14.373626708984375,0.25086709856987,15.604395866394043,0.2723480761051178,84.35164642333984,1.4722139835357666,71.38461303710938,1.245896577835083,0.7554945054945055,0.007554945054945055,-0.5841386914253235,0.19609543681144714,0.19133001565933228,1.457857608795166,0.9363442063331604,-0.002245195209980011,-33.46868133544922,-0.5841386856043617,11.235440254211426,0.19609542534709806,11.604395866394043,0.20253491557339603,83.52908325195312,1.4578575239190343,67.38461303710938,1.1760833626798546,0.0,0.0,True,False,0.2245195209980011,0.0,0.0,0.0,0.0,0.0,0.0,0.0,0.6419944763183594,0.6419944763183594,0.0,0.0,0.0,0.0,13.736045837402344,13.736045837402344
4,331,12.766107958042994,12.778675114968792,False,-30.72527503967285,-0.5362572073936462,13.670330047607422,0.238592267036438,14.637362480163574,0.2554701566696167,86.72527313232422,1.513641595840454,73.5824203491211,1.2842555046081543,0.7554945054945055,0.007554945054945055,-0.576158881187439,0.16712293028831482,0.18932238221168518,1.4691429138183594,0.9073246121406555,-0.0006258711218833923,-33.011470794677734,-0.5761588562930755,9.670330047607422,0.1687790990852895,10.847373008728027,0.18932237419426767,84.1756820678711,1.4691428021962996,69.5824203491211,1.2144423365988652,0.0,0.0,True,False,0.06258711218833923,0.0,0.0,0.0,0.0,0.09489154815673828,0.09489154815673828,0.0,0.0,0.0,0.0,0.0,0.0,0.0,17.596553802490234,17.596553802490234
4,332,12.799885896965861,12.811545931035653,False,-30.72527503967285,-0.5362572073936462,13.670330047607422,0.238592267036438,14.637362480163574,0.2554701566696167,86.72527313232422,1.513641595840454,73.67032623291016,1.2857897281646729,0.7554945054945055,0.007554945054945055,-0.5593329071998596,0.15597647428512573,0.1986209899187088,1.4611899852752686,0.6944483518600464,-0.0029709041118621826,-32.04741287231445,-0.5593328713679003,9.670330047607422,0.1687790990852895,11.380144119262695,0.19862098423260427,83.72001647949219,1.4611899373910504,69.67032623291016,1.21597658370286,0.0,0.0,True,False,0.29709041118621826,0.0,0.0,0.0,0.0,0.7335367202758789,0.7335367202758789,0.0,0.0,0.0,0.0,0.0,0.0,0.0,29.881370544433594,29.881370544433594
4,333,12.834449858986773,12.845279186032712,False,-30.461538314819336,-0.5316541194915771,13.670330047607422,0.238592267036438,14.10988998413086,0.2462640404701233,86.63735961914062,1.5121071338653564,73.14286041259766,1.2765836715698242,0.7554945054945055,0.007554945054945055,-0.5573721528053284,0.151702880859375,0.1900428831577301,1.4535163640975952,0.5608861446380615,-0.0023454949259757996,-31.935070037841797,-0.5573721190153295,9.670330047607422,0.1687790990852895,10.888654708862305,0.1900428757824318,83.28034973144531,1.4535163050260962,69.14286041259766,1.206770568446674,0.0,0.0,True,False,0.23454949259757996,0.0,0.0,0.0,0.0,0.9783954620361328,0.9783954620361328,0.0,0.0,0.0,0.0,0.0,0.0,0.0,37.00645446777344,37.00645446777344
4,334,12.868375582969747,12.879433842026629,False,-31.340660095214844,-0.5469977259635925,13.406593322753906,0.2339891940355301,14.021978378295898,0.244729682803154,85.14286041259766,1.486023187637329,71.73626708984375,1.252034068107605,0.7554945054945055,0.007554945054945055,-0.5493384599685669,0.17706915736198425,0.1836232841014862,1.4572254419326782,0.3968942165374756,-0.00280163437128067,-31.474773406982422,-0.5493384272709965,10.145315170288086,0.1770691533740563,10.520838737487793,0.18362327604052536,83.49286651611328,1.457225422634304,67.73626708984375,1.1822208837280512,0.0,0.0,True,False,0.280163437128067,0.0,0.0,0.0,0.0,0.0,0.0,0.0,0.0,0.0,0.0,0.0,0.0,0.0,44.99590301513672,44.99590301513672
4,335,12.900423665996641,12.911375764990225,False,-32.0439567565918,-0.5592725276947021,13.142857551574707,0.2293861359357834,13.84615421295166,0.2416609823703766,84.35164642333984,1.4722139835357666,70.76923370361328,1.2351561784744263,0.7554945054945055,0.007554945054945055,-0.54206383228302,0.18201801180839539,0.18740086257457733,1.4520974159240723,0.28859996795654297,-0.003052063286304474,-31.057968139648438,-0.5420638030163633,10.428863525390625,0.18201800575920965,10.73727798461914,0.18740085353350508,83.19905090332031,1.4520973727973019,66.76923370361328,1.1653429671616196,0.0,0.0,True,False,0.3052063286304474,0.0,0.0,0.0,0.0,0.0,0.0,0.0,0.0,0.0,0.0,0.0,0.0,0.0,50.233673095703125,50.233673095703125
4,336,12.934564784052782,12.94594463496469,False,-32.131866455078125,-0.5608068704605103,13.142857551574707,0.2293861359357834,13.494505882263184,0.2355235517024994,84.35164642333984,1.4722139835357666,70.24176025390625,1.225950002670288,0.7554945054945055,0.007554945054945055,-0.550339937210083,0.16466423869132996,0.1890907883644104,1.454930067062378,0.1935415267944336,-0.0037065446376800537,-31.532154083251953,-0.5503399089989207,9.434565544128418,0.16466423224025126,10.83410358428955,0.18909077904797167,83.3613510131836,1.4549300440907647,66.24176025390625,1.156136818747379,0.0,0.0,True,False,0.37065446376800537,0.0,0.0,0.0,0.0,0.0,0.0,0.0,0.0,0.0,0.0,0.0,0.0,0.0,55.15264892578125,55.15264892578125
4,337,12.968028245959431,12.97933571098838,False,-31.956043243408203,-0.557738184928894,13.142857551574707,0.2293861359357834,13.318681716918945,0.23245485126972198,84.17582702636719,1.4691452980041504,68.92308044433594,1.2029346227645874,0.7554945054945055,0.007554945054945055,-0.5507346391677856,0.15291735529899597,0.19107766449451447,1.46347975730896,0.15108823776245117,-0.003146722912788391,-31.55476951599121,-0.5507346227619841,9.142857551574707,0.15957296731580592,10.947942733764648,0.19107764702398208,83.85121154785156,1.4634797232963006,64.92308044433594,1.1331215142908053,0.0,0.0,True,False,0.3146722912788391,0.0,0.0,0.0,0.0,0.38133907318115234,0.38133907318115234,0.0,0.0,0.0,0.0,0.0,0.0,0.0,56.266361236572266,56.266361236572266
4,338,13.00182617304381,13.014849161030725,False,-31.340660095214844,-0.5469977259635925,13.05494499206543,0.2278517782688141,13.318681716918945,0.23245485126972198,83.82417297363281,1.4630078077316284,67.95604705810547,1.1860567331314087,0.7554945054945055,0.007554945054945055,-0.550451397895813,0.17639991641044617,0.1823665052652359,1.4675860404968262,0.09290635585784912,-0.0026188865303993225,-31.53853988647461,-0.5504513622905406,10.106969833374023,0.17639990099211939,10.448830604553223,0.18236649703260335,84.08647918701172,1.4675859182230393,63.95604705810547,1.1162435977243736,0.0,0.0,True,False,0.26188865303993225,0.0,0.0,0.0,0.0,0.0,0.0,0.0,0.0,0.0,0.0,0.0,0.0,0.0,58.632904052734375,58.632904052734375
4,339,13.03561272204388,13.049159161979333,False,-31.25274658203125,-0.5454633235931396,12.879120826721191,0.2247830629348755,13.318681716918945,0.23245485126972198,83.82417297363281,1.4630078077316284,66.9011001586914,1.1676445007324219,0.7554945054945055,0.007554945054945055,-0.5493708252906799,0.15566855669021606,0.18904036283493042,1.4688717126846313,0.02689361572265625,-0.004510469734668732,-31.476627349853516,-0.549370784678241,8.919150352478027,0.15566854013115436,10.83121395111084,0.18904034543482828,84.16014862060547,1.4688716923973295,62.901100158691406,1.0978313008958926,0.0,0.0,True,False,0.45104697346687317,0.0,0.0,0.0,0.0,0.0,0.0,0.0,0.0,0.0,0.0,0.0,0.0,0.0,61.360206604003906,61.36021041870117
4,340,13.068891356000677,13.081536454963498,False,-31.428571701049805,-0.5485320687294006,12.79120922088623,0.22324872016906738,13.318681716918945,0.23245485126972198,83.82417297363281,1.4630078077316284,65.84615325927734,1.1492321491241455,0.7554945054945055,0.007554945054945055,-0.5459815859794617,0.15248355269432068,0.19811701774597168,1.47026526927948,0.002052783966064453,-0.0011572390794754028,-31.282438278198242,-0.5459815460064652,8.79120922088623,0.15343554613615018,11.351268768310547,0.1981170142858204,84.239990234375,1.4702651914377134,61.846153259277344,1.0794190040674119,0.0,0.0,True,False,0.11572390794754028,0.0,0.0,0.0,0.0,0.05454540252685547,0.05454540252685547,0.0,0.0,0.0,0.0,0.0,0.0,0.0,61.728538513183594,61.728538513183594
4,341,13.102673753979616,13.11635484395083,False,-31.868131637573242,-0.5562038421630859,12.615385055541992,0.22018000483512878,13.318681716918945,0.23245485126972198,83.82417297363281,1.4630078077316284,65.23076629638672,1.1384916305541992,0.7554945054945055,0.007554945054945055,-0.557756245136261,0.165348082780838,0.19374851882457733,1.4726978540420532,-0.027356743812561035,-0.004885457456111908,-31.957077026367188,-0.5577562134235462,9.473746299743652,0.16534806542915637,11.100972175598145,0.19374851463646575,84.37936401367188,1.4726977227773919,61.23076629638672,1.0686784753911223,0.0,0.0,True,False,0.4885457456111908,0.0,0.0,0.0,0.0,0.0,0.0,0.0,0.0,0.0,0.0,0.0,0.0,0.0,62.798194885253906,62.79819107055664
4,342,13.135904661961831,13.147256323951297,False,-31.956043243408203,-0.557738184928894,12.351648330688477,0.2155769318342209,13.318681716918945,0.23245485126972198,83.82417297363281,1.4630078077316284,64.0879135131836,1.1185450553894043,0.7554945054945055,0.007554945054945055,-0.5524875521659851,0.1691354215145111,0.19449567794799805,1.470458984375,-0.020734786987304688,-0.0035751238465309143,-31.655202865600586,-0.5524875153914742,9.69074535369873,0.1691354133943853,11.143780708312988,0.1944956644802875,84.25109100341797,1.4704589364070166,60.087913513183594,1.048731931458647,0.0,0.0,True,False,0.35751238465309143,0.0,0.0,0.0,0.0,0.0,0.0,0.0,0.0,0.0,0.0,0.0,0.0,0.0,61.27593231201172,61.27592849731445
4,343,13.169499599025585,13.180847560986876,False,-31.69230842590332,-0.553135097026825,12.351648330688477,0.2155769318342209,13.318681716918945,0.23245485126972198,83.82417297363281,1.4630078077316284,63.120880126953125,1.1016671657562256,0.7554945054945055,0.007554945054945055,-0.5543817281723022,0.14909020066261292,0.1888459324836731,1.471740961074829,-0.05488002300262451,-0.003834255039691925,-31.763731002807617,-0.5543816887167932,8.54223918914795,0.14909019934352238,10.820074081420898,0.1888459180304957,84.32453918457031,1.4717408489977264,59.120880126953125,1.0318540148922153,0.0,0.0,True,False,0.3834255039691925,0.0,0.0,0.0,0.0,0.0,0.0,0.0,0.0,0.0,0.0,0.0,0.0,0.0,62.26527404785156,62.26527404785156
4,344,13.203004574985243,13.217019579024054,False,-31.25274658203125,-0.5454633235931396,12.263736724853516,0.21404258906841278,13.318681716918945,0.23245485126972198,83.82417297363281,1.4630078077316284,62.06593322753906,1.0832549333572388,0.7554945054945055,0.007554945054945055,-0.5616523623466492,0.17546972632408142,0.18876290321350098,1.4719152450561523,-0.05422472953796387,-0.005339324474334717,-32.1803092956543,-0.5616523515193048,10.05367374420166,0.17546970875762513,10.815317153930664,0.18876289398351248,84.33452606201172,1.471915152891072,58.06593322753906,1.0134417180637343,0.0,0.0,True,False,0.5339324474334717,0.0,0.0,0.0,0.0,0.0,0.0,0.0,0.0,0.0,0.0,0.0,0.0,0.0,61.17278289794922,61.17278289794922
4,345,13.236830078996718,13.248124829959124,False,-31.25274658203125,-0.5454633235931396,12.263736724853516,0.21404258906841278,13.318681716918945,0.23245485126972198,83.82417297363281,1.4630078077316284,60.83516311645508,1.0617738962173462,0.7554945054945055,0.007554945054945055,-0.5658612251281738,0.14985087513923645,0.18910382688045502,1.471171259880066,-0.0643852949142456,-0.0038482099771499634,-32.42145919799805,-0.565861211306066,8.585822105407715,0.14985086472987627,10.834850311279297,0.18910381189255623,84.29190063476562,1.4711711988405585,56.83516311645508,0.9919607272901825,0.0,0.0,True,False,0.38482099771499634,0.0,0.0,0.0,0.0,0.0,0.0,0.0,0.0,0.0,0.0,0.0,0.0,0.0,60.524169921875,60.524169921875
4,346,13.270021328004077,13.281297637964599,False,-31.428571701049805,-0.5485320687294006,12.263736724853516,0.21404258906841278,13.318681716918945,0.23245485126972198,83.82417297363281,1.4630078077316284,60.30769348144531,1.0525678396224976,0.7554945054945055,0.007554945054945055,-0.5535822510719299,0.18188855051994324,0.18391183018684387,1.4756109714508057,-0.06554675102233887,-0.00320395827293396,-31.717924118041992,-0.5535822077575514,10.421445846557617,0.18188854284071818,10.537370681762695,0.18391181289987862,84.54627990722656,1.4756109546938294,56.30769348144531,0.9827546454549694,0.0,0.0,True,False,0.320395827293396,0.0,0.0,0.0,0.0,0.0,0.0,0.0,0.0,0.0,0.0,0.0,0.0,0.0,60.06324768066406,60.0632438659668
4,347,13.303989075007848,13.315718699013814,False,-31.78022003173828,-0.5546694993972778,12.263736724853516,0.21404258906841278,13.318681716918945,0.23245485126972198,83.82417297363281,1.4630078077316284,58.989009857177734,1.0295524597167969,0.7554945054945055,0.007554945054945055,-0.5592515468597412,0.17899563908576965,0.17579592764377594,1.475288987159729,-0.046549439430236816,-0.004533350467681885,-32.04275131225586,-0.5592515117965984,10.255694389343262,0.17899563417234918,10.07236385345459,0.1757959127016462,84.52782440185547,1.4752888453599844,54.989009857177734,0.9597392744193683,0.0,0.0,True,False,0.4533350467681885,0.0,0.0,0.0,0.0,0.0,0.0,0.0,0.0,0.0,0.0,0.0,0.0,0.0,57.656097412109375,57.656097412109375
4,348,13.338136670994572,13.349143916973844,False,-32.131866455078125,-0.5608068704605103,12.263736724853516,0.21404258906841278,13.318681716918945,0.23245485126972198,83.82417297363281,1.4630078077316284,58.021976470947266,1.0126745700836182,0.7554945054945055,0.007554945054945055,-0.561678409576416,0.1851041615009308,0.18910135328769684,1.4730937480926514,-0.043620944023132324,-0.002445794641971588,-32.181800842285156,-0.5616783839189604,10.60568618774414,0.18510414340942075,10.834709167480469,0.18910134846854793,84.40204620361328,1.4730936016734322,54.021976470947266,0.9428613578529366,0.0,0.0,True,False,0.2445794641971588,0.0,0.0,0.0,0.0,0.0,0.0,0.0,0.0,0.0,0.0,0.0,0.0,0.0,56.521270751953125,56.521270751953125
4,349,13.370693459990434,13.381721238023601,False,-32.21977996826172,-0.5623412132263184,12.263736724853516,0.21404258906841278,13.318681716918945,0.23245485126972198,83.82417297363281,1.4630078077316284,57.14285659790039,0.9973309636116028,0.7554945054945055,0.007554945054945055,-0.5689362287521362,0.17747798562049866,0.17478053271770477,1.4706027507781982,-0.03508114814758301,-0.003921158611774445,-32.5976448059082,-0.5689362302587261,10.168739318847656,0.17747798189089709,10.014185905456543,0.17478051595702626,84.25932312011719,1.4706026139478265,53.14285659790039,0.9275178215485541,0.0,0.0,True,False,0.39211586117744446,0.0,0.0,0.0,0.0,0.0,0.0,0.0,0.0,0.0,0.0,0.0,0.0,0.0,55.15285873413086,55.15285873413086
4,350,13.40461009601131,13.415753028006293,False,-32.21977996826172,-0.5623412132263184,12.263736724853516,0.21404258906841278,13.318681716918945,0.23245485126972198,83.82417297363281,1.4630078077316284,56.0,0.9773843884468079,0.7554945054945055,0.007554945054945055,-0.5629425048828125,0.15376123785972595,0.18158714473247528,1.4683036804199219,-0.01265716552734375,-0.003528580069541931,-32.25422668457031,-0.5629424533303665,8.809869766235352,0.15376123409271006,10.404176712036133,0.18158713958434847,84.12760162353516,1.4683036401368157,52.0,0.9075712110370514,0.0,0.0,True,False,0.3528580069541931,0.0,0.0,0.0,0.0,0.0,0.0,0.0,0.0,0.0,0.0,0.0,0.0,0.0,52.72520065307617,52.72520065307617
4,351,13.438075126963668,13.451563635957427,False,-31.956043243408203,-0.557738184928894,12.263736724853516,0.21404258906841278,13.230769157409668,0.2309204787015915,83.82417297363281,1.4630078077316284,55.03296661376953,0.9605064392089844,0.7554945054945055,0.007554945054945055,-0.566583514213562,0.16221651434898376,0.17643213272094727,1.4720011949539185,-0.010915756225585938,-0.004065513610839844,-32.46284103393555,-0.5665834605936956,9.294321060180664,0.16221650423760262,10.108816146850586,0.17643212524130933,84.3394546508789,1.4720011729942817,51.03296661376953,0.8906932944706197,0.0,0.0,True,False,0.4065513610839844,0.0,0.0,0.0,0.0,0.0,0.0,0.0,0.0,0.0,0.0,0.0,0.0,0.0,51.65839385986328,51.65839385986328
4,352,13.471606813021936,13.483680221950635,False,-31.868131637573242,-0.5562038421630859,12.175824165344238,0.2125082165002823,13.142857551574707,0.2293861359357834,83.82417297363281,1.4630078077316284,53.978023529052734,0.9420942068099976,0.7554945054945055,0.007554945054945055,-0.5638399720191956,0.14853867888450623,0.1848924160003662,1.4680006504058838,0.011695027351379395,0.020588833838701248,-32.30564880371094,-0.5638399386177232,8.510639190673828,0.1485386753265238,10.593554496765137,0.18489240545800262,84.11023712158203,1.4680005724047647,49.978023529052734,0.8722810642211661,2.058883383870125,0.020588833838701248,False,False,0.0,0.0,0.0,0.0,0.0,0.0,0.0,0.0,0.0,0.0,0.0,0.0,0.0,0.0,49.30794906616211,49.30794906616211
4,353,13.505227701971307,13.519729488994926,False,-31.868131637573242,-0.5562038421630859,12.0,0.20943951606750488,13.142857551574707,0.2293861359357834,83.82417297363281,1.4630078077316284,53.010990142822266,0.9252163171768188,0.7554945054945055,0.007554945054945055,-0.5718970894813538,0.15368348360061646,0.1828393042087555,1.4716575145721436,0.0303804874420166,0.0636972188949585,-32.76728820800781,-0.5718970661796489,8.805414199829102,0.15368346978887973,10.475919723510742,0.18283929134987648,84.31976318359375,1.471657492055607,49.010990142822266,0.8554031476547345,5.7554945054945055,0.05755494505494505,False,True,0.6142273840013441,0.0,0.0,0.0,0.0,0.0,0.0,0.0,0.0,0.0,0.0,0.0,0.0,0.0,47.27031707763672,47.27031707763672
4,354,13.538360523991287,13.551459228037857,False,-31.956043243408203,-0.557738184928894,11.912087440490723,0.2079051434993744,13.142857551574707,0.2293861359357834,83.82417297363281,1.4630078077316284,51.9560432434082,0.9068040251731873,0.8241758241758242,0.008241758241758242,-0.572561502456665,0.1378335952758789,0.1892472803592682,1.4701958894729614,0.025853514671325684,0.1001785397529602,-32.805355072021484,-0.5725614582925964,7.912087440490723,0.13809197654225402,10.843070030212402,0.18924727305152744,84.23601531982422,1.4701958160913169,47.9560432434082,0.8369908508262536,5.824175824175824,0.058241758241758236,False,True,4.193678151120197,0.0,0.0,0.0,0.0,0.014804363250732422,0.014804363250732422,0.0,0.0,0.0,0.0,0.0,0.0,0.0,46.47474670410156,46.47474670410156
4,355,13.57188614399638,13.585980555973947,False,-32.131866455078125,-0.5608068704605103,11.824175834655762,0.20637080073356628,13.142857551574707,0.2293861359357834,83.9120864868164,1.4645421504974365,50.989009857177734,0.8899260759353638,1.7857142857142856,0.017857142857142856,-0.5692508220672607,0.16958776116371155,0.19644807279109955,1.4732812643051147,0.042328834533691406,0.14393118023872375,-32.61566925048828,-0.5692508161624916,9.716662406921387,0.16958775130553524,11.255644798278809,0.19644806116493818,84.41279602050781,1.4732812213722282,46.989009857177734,0.8201129342598219,6.785714285714286,0.06785714285714285,False,True,7.60740373815809,0.0,0.0,0.0,0.0,0.0,0.0,0.0,0.0,0.0,0.0,0.0,0.0,0.0,44.56374740600586,44.56374740600586
4,356,13.605900526978076,13.61810276901815,False,-32.30769348144531,-0.5638756155967712,11.736263275146484,0.2048364281654358,13.142857551574707,0.2293861359357834,83.9120864868164,1.4645421504974365,49.93406677246094,0.871513843536377,2.815934065934066,0.02815934065934066,-0.5749463438987732,0.14482423663139343,0.19273154437541962,1.4737886190414429,0.04679226875305176,0.173069566488266,-32.94199752807617,-0.5749463190487624,8.29781723022461,0.14482423139613576,11.042703628540039,0.19273153663994855,84.44186401367188,1.4737885535598882,45.93406677246094,0.8017007040103683,7.815934065934066,0.07815934065934066,False,True,9.491022582892533,0.0,0.0,0.0,0.0,0.0,0.0,0.0,0.0,0.0,0.0,0.0,0.0,0.0,43.25306701660156,43.25306701660156
4,357,13.638796183047816,13.650361260049976,False,-32.39560317993164,-0.5654099583625793,11.648351669311523,0.20330208539962769,13.142857551574707,0.2293861359357834,83.9120864868164,1.4645421504974365,48.96703338623047,0.8546359539031982,4.258241758241758,0.042582417582417584,-0.5726826190948486,0.15218880772590637,0.20081989467144012,1.4728035926818848,0.0509190559387207,0.19623678922653198,-32.812294006347656,-0.5726825655431678,8.719776153564453,0.1521888039165864,11.506132125854492,0.20081988976565546,84.38542175292969,1.472803450272668,44.96703338623047,0.7848227874439366,9.258241758241759,0.09258241758241759,False,True,10.36543716441144,0.0,0.0,0.0,0.0,0.0,0.0,0.0,0.0,0.0,0.0,0.0,0.0,0.0,42.04958724975586,42.04958724975586
4,358,13.67239173001144,13.684774346998893,False,-32.39560317993164,-0.5654099583625793,11.648351669311523,0.20330208539962769,13.142857551574707,0.2293861359357834,83.9120864868164,1.4645421504974365,47.912086486816406,0.8362236618995667,5.425824175824176,0.05425824175824176,-0.5711671710014343,0.16351744532585144,0.21135981380939484,1.4716051816940308,0.06464886665344238,0.1997532844543457,-32.725467681884766,-0.5711671603038855,9.36885929107666,0.16351744178534952,12.110024452209473,0.21135979918807798,84.31676483154297,1.4716051609401868,43.912086486816406,0.7664104906154559,10.425824175824175,0.10425824175824175,False,True,9.549504269610395,0.0,0.0,0.0,0.0,0.0,0.0,0.0,0.0,0.0,0.0,0.0,0.0,0.0,40.20798110961914,40.20798110961914
4,359,13.705988720990717,13.718847941956483,False,-32.483516693115234,-0.5669443011283875,11.648351669311523,0.20330208539962769,13.142857551574707,0.2293861359357834,83.9120864868164,1.4645421504974365,46.94505310058594,0.8193457126617432,6.730769230769231,0.0673076923076923,-0.5723541378974915,0.16396155953407288,0.21064043045043945,1.4698461294174194,0.0644676685333252,0.19856709241867065,-32.79347610473633,-0.5723541312017337,9.394305229187012,0.16396155718663386,12.068806648254395,0.21064041279862034,84.21597290039062,1.4698460098821349,42.94505310058594,0.7495325740490242,11.73076923076923,0.1173076923076923,False,True,8.125940011097835,0.0,0.0,0.0,0.0,0.0,0.0,0.0,0.0,0.0,0.0,0.0,0.0,0.0,39.25132751464844,39.25132751464844
4,360,13.739715139032342,13.909567032940686,False,-32.483516693115234,-0.5669443011283875,11.648351669311523,0.20330208539962769,13.142857551574707,0.2293861359357834,83.82417297363281,1.4630078077316284,45.89011001586914,0.8009334802627563,8.035714285714286,0.08035714285714286,-0.5541824698448181,0.16632965207099915,0.2209048718214035,1.4578827619552612,0.44462478160858154,0.09329728782176971,-31.752315521240234,-0.5541824509777415,9.529986381530762,0.16632964002793232,12.656915664672852,0.2209048514957878,83.53052520751953,1.4578826907913356,41.89011001586914,0.7311203437995706,9.329728782176971,0.09329728782176971,False,False,0.0,0.0,0.0,0.0,0.0,0.0,0.0,0.0,0.0,0.0,0.0,0.0,0.0,0.0,16.414987564086914,16.414987564086914
4,361,13.911011297954246,13.923238841001876,False,-32.39560317993164,-0.5654099583625793,11.648351669311523,0.20330208539962769,13.142857551574707,0.2293861359357834,83.82417297363281,1.4630078077316284,43.516483306884766,0.7595059275627136,11.126373626373626,0.11126373626373626,-0.5508370995521545,0.16277006268501282,0.20318400859832764,1.453852653503418,0.4239734411239624,0.09361780434846878,-31.560638427734375,-0.5508370545954113,9.326037406921387,0.1627700589149324,11.641585350036621,0.2031839945100756,83.29961395263672,1.4538525291137185,39.516483306884766,0.689692742514516,9.361780434846878,0.09361780434846878,False,False,0.0,0.0,0.0,0.0,0.0,0.0,0.0,0.0,0.0,0.0,0.0,0.0,0.0,0.0,15.22459602355957,15.22459602355957
4,362,13.944577976013534,13.9554496119963,False,-32.39560317993164,-0.5654099583625793,11.648351669311523,0.20330208539962769,13.142857551574707,0.2293861359357834,83.82417297363281,1.4630078077316284,43.340660095214844,0.7564372420310974,11.195054945054945,0.11195054945054946,-0.552072286605835,0.16957536339759827,0.17609067261219025,1.4562773704528809,0.48889708518981934,0.10300370305776596,-31.631410598754883,-0.5520722619985037,9.715951919555664,0.1695753509617096,10.089251518249512,0.17609065805529073,83.43854522705078,1.4562773372862357,39.340660095214844,0.6866240485694449,10.300370305776596,0.10300370305776596,False,False,0.0,0.0,0.0,0.0,0.0,0.0,0.0,0.0,0.0,0.0,0.0,0.0,0.0,0.0,11.328922271728516,11.328922271728516
4,363,13.977928000036627,13.991308943019249,False,-32.39560317993164,-0.5654099583625793,11.648351669311523,0.20330208539962769,13.142857551574707,0.2293861359357834,83.82417297363281,1.4630078077316284,42.46154022216797,0.7410936951637268,11.195054945054945,0.11195054945054946,-0.5636351108551025,0.1523817479610443,0.19708466529846191,1.4617449045181274,0.44231879711151123,0.09487082064151764,-32.29391098022461,-0.5636350749508688,8.730830192565918,0.15238173329280583,11.292119026184082,0.197084656534008,83.7518081665039,1.4617448070041685,38.46154022216797,0.6712805122650624,9.487082064151764,0.09487082064151764,False,False,0.0,0.0,0.0,0.0,0.0,0.0,0.0,0.0,0.0,0.0,0.0,0.0,0.0,0.0,13.118541717529297,13.118541717529297
4,364,14.011237325030379,14.024880883051082,False,-32.30769348144531,-0.5638756155967712,11.648351669311523,0.20330208539962769,13.05494499206543,0.2278517782688141,83.82417297363281,1.4630078077316284,41.14285659790039,0.7180783152580261,10.43956043956044,0.1043956043956044,-0.558552622795105,0.15597882866859436,0.1951059103012085,1.4586259126663208,0.41109371185302734,0.09288898855447769,-32.00270462036133,-0.5585525651685072,8.936927795410156,0.1559788150429054,11.178744316101074,0.1951058945545655,83.57310485839844,1.4586258458935222,37.14285659790039,0.6482651412294613,9.28889885544777,0.09288898855447769,False,False,0.0,0.0,0.0,0.0,0.0,0.0,0.0,0.0,0.0,0.0,0.0,0.0,0.0,0.0,13.588922500610352,13.588922500610352
4,365,14.044845103053376,14.059551939019002,False,-32.21977996826172,-0.5623412132263184,11.648351669311523,0.20330208539962769,12.967033386230469,0.2263174206018448,83.73626708984375,1.4614735841751099,40.263736724853516,0.7027347683906555,10.164835164835164,0.10164835164835165,-0.5584731698036194,0.16480287909507751,0.2002096325159073,1.4528045654296875,0.36086535453796387,0.08956150710582733,-31.998153686523438,-0.5584731363889955,9.442508697509766,0.1648028664197467,11.471166610717773,0.2002096264018638,83.23956298828125,1.4528044420667179,36.263736724853516,0.6329216049250789,8.956150710582733,0.08956150710582733,False,False,0.0,0.0,0.0,0.0,0.0,0.0,0.0,0.0,0.0,0.0,0.0,0.0,0.0,0.0,15.587677001953125,15.587677001953125
4,366,14.078137130942196,14.090381087968126,False,-32.0439567565918,-0.5592725276947021,11.648351669311523,0.20330208539962769,12.967033386230469,0.2263174206018448,83.64835357666016,1.4599391222000122,39.29670333862305,0.6858568787574768,9.89010989010989,0.09890109890109891,-0.5612121820449829,0.16582229733467102,0.20726072788238525,1.4488000869750977,0.3031531572341919,0.08190660178661346,-32.155086517333984,-0.5612121309911148,9.500917434692383,0.16582229119551542,11.875164031982422,0.20726071157249848,83.01012420654297,1.4487999798936202,35.29670333862305,0.6160436883586472,8.190660178661346,0.08190660178661346,False,False,0.0,0.0,0.0,0.0,0.0,0.0,0.0,0.0,0.0,0.0,0.0,0.0,0.0,0.0,17.92730712890625,17.92730712890625
4,367,14.111685764975846,14.123855151003227,False,-31.956043243408203,-0.557738184928894,11.648351669311523,0.20330208539962769,12.967033386230469,0.2263174206018448,83.64835357666016,1.4599391222000122,38.153846740722656,0.6659102439880371,9.546703296703296,0.09546703296703296,-0.5561007261276245,0.19594207406044006,0.20270243287086487,1.4345479011535645,0.28342533111572266,0.07867726683616638,-31.86222267150879,-0.556100692621412,11.226653099060059,0.19594206055782315,11.613993644714355,0.20270242840596203,82.19353485107422,1.4345478070039521,34.153846740722656,0.5960970778471444,7.867726683616638,0.07867726683616638,False,False,0.0,0.0,0.0,0.0,0.0,0.0,0.0,0.0,0.0,0.0,0.0,0.0,0.0,0.0,17.914772033691406,17.914772033691406
4,368,14.145329440943897,14.15625502599869,False,-31.956043243408203,-0.557738184928894,11.648351669311523,0.20330208539962769,12.967033386230469,0.2263174206018448,83.64835357666016,1.4599391222000122,37.18681335449219,0.6490323543548584,9.065934065934066,0.09065934065934066,-0.5494053959846497,0.21013739705085754,0.1867201328277588,1.4190151691436768,0.22678673267364502,0.07457232475280762,-31.478609085083008,-0.5494053724828983,12.039985656738281,0.21013739160297482,10.698274612426758,0.1867201162693672,81.30357360839844,1.4190150531041197,33.18681335449219,0.5792191612807127,7.457232475280762,0.07457232475280762,False,False,0.0,0.0,0.0,0.0,0.0,0.0,0.0,0.0,0.0,0.0,0.0,0.0,0.0,0.0,20.192890167236328,20.192890167236328
4,369,14.17845338594634,14.189335942966864,False,-31.956043243408203,-0.557738184928894,11.648351669311523,0.20330208539962769,12.967033386230469,0.2263174206018448,83.56044006347656,1.458404779434204,36.21977996826172,0.6321544051170349,8.585164835164836,0.08585164835164835,-0.5502126812934875,0.21529868245124817,0.16896313428878784,1.4270528554916382,0.18016862869262695,0.07300145924091339,-31.52486228942871,-0.5502126431883286,12.335704803466797,0.21529866437457562,9.68087387084961,0.168963123516614,81.76409912109375,1.4270527395900878,32.21977996826172,0.562341244714281,7.300145924091339,0.07300145924091339,False,False,0.0,0.0,0.0,0.0,0.0,0.0,0.0,0.0,0.0,0.0,0.0,0.0,0.0,0.0,21.89687728881836,21.89687728881836
4,370,14.211907985969447,14.223389200982638,False,-31.868131637573242,-0.5562038421630859,12.175824165344238,0.2125082165002823,12.967033386230469,0.2263174206018448,82.85713958740234,1.4461299180984497,35.07692337036133,0.6122077703475952,8.104395604395604,0.08104395604395603,-0.5521603226661682,0.2183178961277008,0.1671556830406189,1.4149754047393799,0.13754630088806152,0.07431573420763016,-31.63645362854004,-0.5521602794725308,12.50869369506836,0.21831789010239847,9.577314376831055,0.16715566937429083,81.07211303710938,1.4149753040465785,31.076923370361328,0.5423946342027783,7.431573420763016,0.07431573420763016,False,False,0.0,0.0,0.0,0.0,0.0,0.0,0.0,0.0,0.0,0.0,0.0,0.0,0.0,0.0,23.196102142333984,23.196102142333984
4,371,14.245916165993549,14.256842997041531,False,-31.956043243408203,-0.557738184928894,12.79120922088623,0.22324872016906738,12.615385055541992,0.22018000483512878,82.24176025390625,1.435389518737793,34.10988998413086,0.5953298807144165,7.829670329670329,0.0782967032967033,-0.5510087609291077,0.21220633387565613,0.17102259397506714,1.4118468761444092,0.13156771659851074,0.07639044523239136,-31.57047462463379,-0.5510087286171805,12.158526420593262,0.2122063182300733,9.798871994018555,0.1710225792770859,80.89286041259766,1.4118467555560077,30.10988998413086,0.5255167176363467,7.639044523239136,0.07639044523239136,False,False,0.0,0.0,0.0,0.0,0.0,0.0,0.0,0.0,0.0,0.0,0.0,0.0,0.0,0.0,22.57161521911621,22.57161521911621
4,372,14.279115941026248,14.290134576964192,False,-31.956043243408203,-0.557738184928894,13.142857551574707,0.2293861359357834,12.527472496032715,0.21864564716815948,81.80220031738281,1.427717685699463,33.05494689941406,0.5769176483154297,7.760989010989011,0.07760989010989011,-0.5543555021286011,0.2053280770778656,0.17817074060440063,1.4086215496063232,0.0901041030883789,0.07217968255281448,-31.76222801208496,-0.5543554565800558,11.764431953430176,0.20532807221418478,10.208431243896484,0.17817073666945393,80.70806884765625,1.4086215343178674,29.054946899414062,0.5071044873868931,7.217968255281448,0.07217968255281448,False,False,0.0,0.0,0.0,0.0,0.0,0.0,0.0,0.0,0.0,0.0,0.0,0.0,0.0,0.0,23.892362594604492,23.892362594604492
4,373,14.31263937894255,14.324732230044901,False,-31.956043243408203,-0.557738184928894,13.05494499206543,0.2278517782688141,12.439560890197754,0.21711128950119019,81.62637329101562,1.4246490001678467,31.91208839416504,0.55697101354599,7.760989010989011,0.07760989010989011,-0.5545380115509033,0.19745805859565735,0.18408149480819702,1.4133026599884033,0.0561138391494751,0.074531190097332,-31.772686004638672,-0.5545379829832672,11.313512802124023,0.19745804836359393,10.54709243774414,0.1840814895508303,80.97627258300781,1.4133025725658996,27.91208839416504,0.48715784358587677,7.4531190097332,0.074531190097332,False,False,0.0,0.0,0.0,0.0,0.0,0.0,0.0,0.0,0.0,0.0,0.0,0.0,0.0,0.0,24.697002410888672,24.697002410888672
4,374,14.346177130937576,14.35735118703451,False,-31.956043243408203,-0.557738184928894,13.05494499206543,0.2278517782688141,12.439560890197754,0.21711128950119019,81.62637329101562,1.4246490001678467,30.94505500793457,0.5400930643081665,7.623626373626374,0.07623626373626374,-0.5559486150741577,0.21599921584129333,0.17299728095531464,1.4094198942184448,0.06239783763885498,0.06914414465427399,-31.85350799560547,-0.5559485928336548,12.375843048095703,0.21599920889932098,9.912013053894043,0.1729972632911092,80.7538070678711,1.4094198168546186,26.94505500793457,0.47027992701944504,6.914414465427399,0.06914414465427399,False,False,0.0,0.0,0.0,0.0,0.0,0.0,0.0,0.0,0.0,0.0,0.0,0.0,0.0,0.0,23.369922637939453,23.369922637939453
4,375,14.379632181022316,14.390725214965641,False,-31.956043243408203,-0.557738184928894,13.05494499206543,0.2278517782688141,12.439560890197754,0.21711128950119019,81.53845977783203,1.423114538192749,29.89011001586914,0.5216808319091797,7.554945054945055,0.07554945054945054,-0.5606625080108643,0.21502462029457092,0.16629762947559357,1.4164416790008545,0.015147209167480469,0.06864907592535019,-32.123592376708984,-0.5606624545421224,12.320002555847168,0.21502460845364965,9.528151512145996,0.16629761551582412,81.1561279296875,1.416441640542776,25.89011001586914,0.45186766348047785,6.864907592535019,0.06864907592535019,False,False,0.0,0.0,0.0,0.0,0.0,0.0,0.0,0.0,0.0,0.0,0.0,0.0,0.0,0.0,25.022239685058594,25.022239685058594
4,376,14.412752963020466,14.42430587101262,False,-31.956043243408203,-0.557738184928894,13.05494499206543,0.2278517782688141,12.439560890197754,0.21711128950119019,81.36264038085938,1.4200459718704224,28.83516502380371,0.5032685399055481,7.417582417582418,0.07417582417582418,-0.5618903636932373,0.21359935402870178,0.16415226459503174,1.3966608047485352,0.004649162292480469,0.0699874758720398,-32.19394302368164,-0.5618903049627034,12.238340377807617,0.21359933457250968,9.405231475830078,0.16415225616544035,80.02276611328125,1.3966607452301034,24.83516502380371,0.43345539994151067,6.9987475872039795,0.0699874758720398,False,False,0.0,0.0,0.0,0.0,0.0,0.0,0.0,0.0,0.0,0.0,0.0,0.0,0.0,0.0,24.568788528442383,24.568788528442383
4,377,14.446799193043262,14.460911797941662,False,-31.868131637573242,-0.5562038421630859,13.142857551574707,0.2293861359357834,12.439560890197754,0.21711128950119019,81.36264038085938,1.4200459718704224,27.868131637573242,0.4863906502723694,7.142857142857142,0.07142857142857142,-0.5636438727378845,0.23778215050697327,0.1564456820487976,1.4098542928695679,0.0039215087890625,0.06653966009616852,-32.29441452026367,-0.5636438633824661,13.623912811279297,0.23778213556146058,8.963676452636719,0.1564456671819963,80.77869415283203,1.4098541784284104,23.868131637573242,0.416577483375079,6.653966009616852,0.06653966009616852,False,False,0.0,0.0,0.0,0.0,0.0,0.0,0.0,0.0,0.0,0.0,0.0,0.0,0.0,0.0,23.64344596862793,23.64344596862793
4,378,14.480143971042708,14.494408419937827,False,-31.868131637573242,-0.5562038421630859,13.142857551574707,0.2293861359357834,12.263736724853516,0.21404258906841278,81.0988998413086,1.4154428243637085,26.72527503967285,0.4664440453052521,7.142857142857142,0.07142857142857142,-0.5630954504013062,0.23422971367835999,0.1322382688522339,1.4018144607543945,-0.003954887390136719,0.07246677577495575,-32.26299285888672,-0.5630954519349916,13.42037296295166,0.23422969504913346,8.263736724853516,0.14422941436666656,80.31804656982422,1.4018143614135703,22.72527503967285,0.39663087286357623,7.246677577495575,0.07246677577495575,False,False,0.0,0.0,0.0,0.0,0.0,0.0,0.0,0.0,0.687042236328125,0.687042236328125,0.0,0.0,0.0,0.0,22.951873779296875,22.951873779296875
4,379,14.513470244943164,14.5250912749907,False,-31.868131637573242,-0.5562038421630859,13.318681716918945,0.23245485126972198,12.175824165344238,0.2125082165002823,80.3956069946289,1.4031680822372437,25.846153259277344,0.4511004686355591,7.074175824175824,0.07074175824175824,-0.5604103803634644,0.2381397783756256,0.14817047119140625,1.4022269248962402,-0.02242112159729004,0.07733318209648132,-32.10914611816406,-0.5604103197659192,13.644403457641602,0.2381397648063446,8.489542007446289,0.1481704600163067,80.34168243408203,1.4022268850664237,21.846153259277344,0.38128730326968013,7.733318209648132,0.07733318209648132,False,False,0.0,0.0,0.0,0.0,0.0,0.0,0.0,0.0,0.0,0.0,0.0,0.0,0.0,0.0,23.130788803100586,23.130788803100586
4,380,14.546894636005163,14.558121585985646,False,-31.868131637573242,-0.5562038421630859,13.84615421295166,0.2416609823703766,11.736263275146484,0.2048364281654358,80.48351287841797,1.4047023057937622,24.791208267211914,0.4326882064342499,7.0054945054945055,0.07005494505494506,-0.5649800300598145,0.24288466572761536,0.11881056427955627,1.4001185894012451,-0.014841437339782715,0.07543258368968964,-32.370967864990234,-0.5649799713013588,13.916265487670898,0.24288465234151152,7.736263275146484,0.13502326595242617,80.22087860107422,1.4001184604314079,20.791208267211914,0.3628750397307129,7.543258368968964,0.07543258368968964,False,False,0.0,0.0,0.0,0.0,0.0,0.0,0.0,0.0,0.928919792175293,0.928919792175293,0.0,0.0,0.0,0.0,21.641559600830078,21.641559600830078
4,381,14.580173425958492,14.591145448968746,False,-31.956043243408203,-0.557738184928894,14.10988998413086,0.2462640404701233,11.472527503967285,0.2002333700656891,80.3956069946289,1.4031680822372437,23.648351669311523,0.41274160146713257,7.074175824175824,0.07074175824175824,-0.5657820701599121,0.2637985050678253,0.1363304853439331,1.3990964889526367,-0.012655496597290039,0.07478723675012589,-32.41692352294922,-0.5657820488426635,15.114540100097656,0.2637984896714174,7.811161041259766,0.13633047857349154,80.16232299804688,1.3990964723630899,19.648351669311523,0.3429284292192102,7.4787236750125885,0.07478723675012589,False,False,0.0,0.0,0.0,0.0,0.0,0.0,0.0,0.0,0.0,0.0,0.0,0.0,0.0,0.0,20.373458862304688,20.373458862304688
4,382,14.613713565981016,14.624623358016834,False,-31.956043243408203,-0.557738184928894,14.197802543640137,0.2477983981370926,11.20879077911377,0.1956302970647812,80.48351287841797,1.4047023057937622,22.769229888916016,0.3973980247974396,7.348901098901099,0.07348901098901099,-0.5706929564476013,0.25923940539360046,0.13499808311462402,1.374666690826416,-0.02012777328491211,0.07599665224552155,-32.69829559326172,-0.5706929178927695,14.853322982788086,0.25923939091179715,7.7348198890686035,0.1349980741129897,78.7625961303711,1.3746666298935206,18.769229888916016,0.32758485962531403,7.5996652245521545,0.07599665224552155,False,False,0.0,0.0,0.0,0.0,0.0,0.0,0.0,0.0,0.0,0.0,0.0,0.0,0.0,0.0,19.922466278076172,19.922466278076172
4,383,14.647217732970603,14.658709174022079,False,-31.956043243408203,-0.557738184928894,14.637362480163574,0.2554701566696167,10.857142448425293,0.18949288129806519,80.3956069946289,1.4031680822372437,21.626373291015625,0.37745141983032227,7.348901098901099,0.07348901098901099,-0.5662416219711304,0.2485204041004181,0.14484861493110657,1.3679113388061523,-0.03128170967102051,0.08205900341272354,-32.44325256347656,-0.5662415772887567,14.239169120788574,0.24852038390606676,8.299213409423828,0.14484859932011,78.37554168701172,1.3679112554724255,17.626373291015625,0.30763824911381127,8.205900341272354,0.08205900341272354,False,False,0.0,0.0,0.0,0.0,0.0,0.0,0.0,0.0,0.0,0.0,0.0,0.0,0.0,0.0,19.418684005737305,19.418684005737305
4,384,14.68054543400649,14.691613808041438,False,-31.956043243408203,-0.557738184928894,15.076923370361328,0.2631419599056244,10.505494117736816,0.18335546553134918,80.3956069946289,1.4031680822372437,20.659339904785156,0.36057350039482117,7.417582417582418,0.07417582417582418,-0.5655732750892639,0.2557069957256317,0.13739144802093506,1.3732823133468628,-0.012076973915100098,0.08870584517717361,-32.40496063232422,-0.5655732570132013,14.650930404663086,0.25570697404191606,7.871949672698975,0.1373914403398871,78.68327331542969,1.3732821856008428,16.659339904785156,0.2907603325473796,8.870584517717361,0.08870584517717361,False,False,0.0,0.0,0.0,0.0,0.0,0.0,0.0,0.0,0.0,0.0,0.0,0.0,0.0,0.0,17.351299285888672,17.351299285888672
4,385,14.713921756017953,14.725043843965977,False,-32.0439567565918,-0.5592725276947021,15.252747535705566,0.266210675239563,10.505494117736816,0.18335546553134918,79.78022003173828,1.3924275636672974,19.604394912719727,0.34216123819351196,7.486263736263736,0.07486263736263736,-0.5649506449699402,0.24409064650535583,0.1380847692489624,1.377212405204773,-0.016633033752441406,0.09962746500968933,-32.369285583496094,-0.5649506099503407,13.985363006591797,0.2440906315516403,7.9116740226745605,0.13808476104017559,78.90845489501953,1.3772123455795273,15.604394912719727,0.2723480690084124,9.962746500968933,0.09962746500968933,False,False,0.0,0.0,0.0,0.0,0.0,0.0,0.0,0.0,0.0,0.0,0.0,0.0,0.0,0.0,16.557397842407227,16.557397842407227
4,386,14.747273611021228,14.758445802959614,False,-32.131866455078125,-0.5608068704605103,15.252747535705566,0.266210675239563,10.505494117736816,0.18335546553134918,79.34066009521484,1.3847557306289673,18.549449920654297,0.32374897599220276,7.554945054945055,0.07554945054945054,-0.56844562292099,0.23489698767662048,0.1117001473903656,1.3910857439041138,-0.014782547950744629,0.11281898617744446,-32.56953430175781,-0.5684456094069062,13.45860481262207,0.23489696670500962,6.505494117736816,0.11354229182363108,79.70333862304688,1.3910856838041317,14.549449920654297,0.2539358054694452,11.281898617744446,0.11281898617744446,False,False,0.0,0.0,0.0,0.0,0.0,0.0,0.0,0.0,0.10554742813110352,0.10554742813110352,0.0,0.0,0.0,0.0,15.396427154541016,15.396427154541016
4,387,14.780606109998189,14.791842042002827,False,-32.131866455078125,-0.5608068704605103,15.252747535705566,0.266210675239563,10.417582511901855,0.18182110786437988,79.25274658203125,1.3832213878631592,17.58241844177246,0.30687108635902405,8.241758241758241,0.0824175824175824,-0.5646958947181702,0.24299177527427673,0.111715167760849,1.3906458616256714,-0.0074013471603393555,0.1299264132976532,-32.35469055175781,-0.5646958785920746,13.922402381896973,0.24299176135160316,6.4175825119018555,0.11200794485109555,79.67813110351562,1.3906457295920505,13.582418441772461,0.23705792219252717,12.99264132976532,0.1299264132976532,False,False,0.0,0.0,0.0,0.0,0.0,0.0,0.0,0.0,0.016775131225585938,0.016775131225585938,0.0,0.0,0.0,0.0,14.006484985351562,14.006484031677246
4,388,14.814303388004191,14.82551452703774,False,-32.131866455078125,-0.5608068704605103,15.252747535705566,0.266210675239563,10.065934181213379,0.17568369209766388,79.42857360839844,1.3862900733947754,16.52747344970703,0.28845882415771484,9.271978021978022,0.09271978021978022,-0.5653396844863892,0.2386980950832367,0.11630955338478088,1.3892639875411987,-0.004784941673278809,0.14464837312698364,-32.39157485961914,-0.565339631206574,13.676392555236816,0.2386980798841229,6.664046287536621,0.1163095492228188,79.59896087646484,1.389263948460463,12.527473449707031,0.21864565865355995,14.271978021978022,0.1427197802197802,False,True,0.19285929072034236,0.0,0.0,0.0,0.0,0.0,0.0,0.0,0.0,0.0,0.0,0.0,0.0,0.0,12.801630020141602,12.801630020141602
4,389,14.84748415404465,14.85879773600027,False,-32.21977996826172,-0.5623412132263184,15.340659141540527,0.2677450180053711,9.626373291015625,0.16801190376281738,79.25274658203125,1.3832213878631592,15.472527503967285,0.27004653215408325,10.370879120879122,0.10370879120879123,-0.5727178454399109,0.24317213892936707,0.11847785115242004,1.3929946422576904,-0.005678057670593262,0.15170952677726746,-32.81431198120117,-0.5727177858485841,13.93273639678955,0.24317212393642876,6.788280487060547,0.11847784504809088,79.81270599365234,1.392994504515446,11.472527503967285,0.20023337846983594,15.170952677726746,0.15170952677726746,False,False,0.0,0.0,0.0,0.0,0.0,0.0,0.0,0.0,0.0,0.0,0.0,0.0,0.0,0.0,11.797856330871582,11.797856330871582
4,390,14.880778801976703,15.051600820966996,False,-32.30769348144531,-0.5638756155967712,15.340659141540527,0.2677450180053711,9.538461685180664,0.16647756099700928,78.989013671875,1.3786183595657349,14.417582511901855,0.25163426995277405,11.744505494505495,0.11744505494505494,-0.5839755535125732,0.283218652009964,0.17250636219978333,1.3773382902145386,0.1570984125137329,0.16339951753616333,-33.45933151245117,-0.583975500408567,16.227231979370117,0.2832186265249251,9.883886337280273,0.17250635947842352,78.91566467285156,1.3773381799410336,10.417582511901855,0.18182111493086875,16.339951753616333,0.16339951753616333,False,False,0.0,0.0,0.0,0.0,0.0,0.0,0.0,0.0,0.0,0.0,0.0,0.0,0.0,0.0,1.4165067672729492,1.4165067672729492
4,391,15.052898688009009,15.064488220959902,False,-32.39560317993164,-0.5654099583625793,15.340659141540527,0.2677450180053711,9.450549125671387,0.16494320333003998,79.42857360839844,1.3862900733947754,11.95604419708252,0.20867232978343964,14.560439560439562,0.14560439560439561,-0.5871120095252991,0.2611379325389862,0.14889533817768097,1.3773032426834106,0.1659855842590332,0.16991424560546875,-33.6390380859375,-0.5871119718033806,14.962100982666016,0.261137925163401,8.531073570251465,0.14889532253075582,78.91365814208984,1.377303159372699,9.510272979736328,0.1659855762598509,16.991424560546875,0.16991424560546875,False,False,0.0,0.0,0.0,0.0,0.0,0.0,0.0,0.0,0.0,0.0,0.0,0.0,0.0,0.0,0.0,0.0
4,392,15.086873481050134,15.097936998005025,False,-32.39560317993164,-0.5654099583625793,15.340659141540527,0.2677450180053711,9.450549125671387,0.16494320333003998,79.42857360839844,1.3862900733947754,11.95604419708252,0.20867232978343964,14.697802197802199,0.14697802197802198,-0.5816202759742737,0.2689953148365021,0.15646053850650787,1.3814051151275635,0.16383099555969238,0.17437148094177246,-33.32438659667969,-0.5816202673195282,15.4122953414917,0.26899529899881397,8.96452808380127,0.1564605309498303,79.148681640625,1.3814050932416935,9.386823654174805,0.16383097906943592,17.437148094177246,0.17437148094177246,False,False,0.0,0.0,0.0,0.0,0.0,0.0,0.0,0.0,0.0,0.0,0.0,0.0,0.0,0.0,0.0,0.0
4,393,15.120263168937527,15.131504885968752,False,-32.74725341796875,-0.5715473890304565,15.516483306884766,0.2708137333393097,9.450549125671387,0.16494320333003998,79.34066009521484,1.3847557306289673,11.076923370361328,0.19332878291606903,15.453296703296704,0.15453296703296704,-0.5901196002960205,0.2620244324207306,0.1442876011133194,1.3797039985656738,0.16360199451446533,0.17870613932609558,-33.81135940551758,-0.5901195462014344,15.012893676757812,0.2620244249112611,8.267069816589355,0.14428758779172798,79.05120849609375,1.3797038659373508,9.373703002929688,0.16360198050520272,17.870613932609558,0.17870613932609558,False,False,0.0,0.0,0.0,0.0,0.0,0.0,0.0,0.0,0.0,0.0,0.0,0.0,0.0,0.0,0.0,0.0
4,394,15.153580341953784,15.164584103040397,False,-33.098899841308594,-0.577684760093689,15.780220031738281,0.2754167914390564,9.538461685180664,0.16647756099700928,79.25274658203125,1.3832213878631592,10.461538314819336,0.18258829414844513,16.208791208791208,0.16208791208791207,-0.5826318860054016,0.24364086985588074,0.16779468953609467,1.3807146549224854,0.15847086906433105,0.1768043488264084,-33.382347106933594,-0.5826318690595949,13.959592819213867,0.24364085693303952,9.613926887512207,0.16779467823309854,79.10911560058594,1.380714535571036,9.0797119140625,0.15847086803294705,17.68043488264084,0.1768043488264084,False,False,0.0,0.0,0.0,0.0,0.0,0.0,0.0,0.0,0.0,0.0,0.0,0.0,0.0,0.0,0.0,0.0
4,395,15.18708314804826,15.198553605005145,False,-33.4505500793457,-0.5838222503662109,15.868131637573242,0.2769511342048645,9.626373291015625,0.16801190376281738,79.25274658203125,1.3832213878631592,10.197802543640137,0.17798523604869843,16.758241758241756,0.16758241758241754,-0.5849379301071167,0.2513596713542938,0.1498880535364151,1.3814315795898438,0.1437392234802246,0.17577028274536133,-33.51447296142578,-0.5849379002474944,14.401847839355469,0.2513596631679843,8.587952613830566,0.1498880491165965,79.15019226074219,1.3814314585364853,8.235650062561035,0.14373920963376705,17.577028274536133,0.17577028274536133,False,False,0.0,0.0,0.0,0.0,0.0,0.0,0.0,0.0,0.0,0.0,0.0,0.0,0.0,0.0,0.0,0.0
4,396,15.220351318013854,15.232815596042201,False,-33.53845977783203,-0.5853565335273743,15.868131637573242,0.2769511342048645,9.714285850524902,0.16954627633094788,79.16483306884766,1.3816869258880615,9.84615421295166,0.17184780538082123,17.032967032967033,0.17032967032967034,-0.5836756825447083,0.25275614857673645,0.13760334253311157,1.385648250579834,0.11832964420318604,0.1739594042301178,-33.4421501159668,-0.5836756284698241,14.481860160827637,0.2527561416198378,7.884090423583984,0.13760333641649491,79.39179229736328,1.3856481746484623,6.779788970947266,0.11832964013342796,17.39594042301178,0.1739594042301178,False,False,0.0,0.0,0.0,0.0,0.0,0.0,0.0,0.0,0.0,0.0,0.0,0.0,0.0,0.0,0.0,0.0
4,397,15.253660066053271,15.266205805004574,False,-33.27472686767578,-0.5807535648345947,15.868131637573242,0.2769511342048645,9.802197456359863,0.17108061909675598,79.34066009521484,1.3847557306289673,9.318681716918945,0.16264167428016663,17.10164835164835,0.1710164835164835,-0.5833884477615356,0.25162473320961,0.15370702743530273,1.3818047046661377,0.1259629726409912,0.17632704973220825,-33.42569351196289,-0.583388406546259,14.417034149169922,0.25162471427547445,8.806763648986816,0.15370702211977014,79.17156982421875,1.3818045674052055,7.217146396636963,0.1259629672197596,17.632704973220825,0.17632704973220825,False,False,0.0,0.0,0.0,0.0,0.0,0.0,0.0,0.0,0.0,0.0,0.0,0.0,0.0,0.0,0.0,0.0
4,398,15.287190673989244,15.298811241053045,False,-32.92307662963867,-0.5746160745620728,15.868131637573242,0.2769511342048645,9.802197456359863,0.17108061909675598,79.51648712158203,1.387824535369873,8.527472496032715,0.14883247017860413,17.10164835164835,0.1710164835164835,-0.5794655680656433,0.25603654980659485,0.15376019477844238,1.382398009300232,0.13932299613952637,0.17771278321743011,-33.200927734375,-0.5794655036815451,14.66981315612793,0.2560365402268133,8.809809684753418,0.15376018547303083,79.20556640625,1.3823979196960752,7.982619285583496,0.13932298946662952,17.77127832174301,0.17771278321743011,False,False,0.0,0.0,0.0,0.0,0.0,0.0,0.0,0.0,0.0,0.0,0.0,0.0,0.0,0.0,0.0,0.0
4,399,15.320491453981958,15.331595991970971,False,-32.92307662963867,-0.5746160745620728,15.868131637573242,0.2769511342048645,9.802197456359863,0.17108061909675598,79.25274658203125,1.3832213878631592,8.0,0.13962633907794952,17.10164835164835,0.1710164835164835,-0.5809732675552368,0.25166401267051697,0.1591700166463852,1.381959080696106,0.13822925090789795,0.17517074942588806,-33.287315368652344,-0.5809732523326935,14.41928482055664,0.25166399590155314,9.119770050048828,0.15917001439812012,79.180419921875,1.38195903074843,7.919952392578125,0.1382292458516908,17.517074942588806,0.17517074942588806,False,False,0.0,0.0,0.0,0.0,0.0,0.0,0.0,0.0,0.0,0.0,0.0,0.0,0.0,0.0,0.0,0.0
4,400,15.353857651003636,15.364850442972966,False,-32.92307662963867,-0.5746160745620728,15.868131637573242,0.2769511342048645,9.802197456359863,0.17108061909675598,79.25274658203125,1.3832213878631592,8.0,0.13962633907794952,17.10164835164835,0.1710164835164835,-0.5872910022735596,0.25519779324531555,0.17714416980743408,1.380672812461853,0.14567959308624268,0.17532145977020264,-33.649295806884766,-0.5872910028076612,14.621755599975586,0.2551977776414929,10.149612426757812,0.17714415464825564,79.10671997070312,1.3806727239419219,8.34682559967041,0.14567958880399878,17.532145977020264,0.17532145977020264,False,False,0.0,0.0,0.0,0.0,0.0,0.0,0.0,0.0,0.0,0.0,0.0,0.0,0.0,0.0,0.0,0.0
4,401,15.387233717017807,15.398400711012073,False,-33.098899841308594,-0.577684760093689,15.868131637573242,0.2769511342048645,9.714285850524902,0.16954627633094788,79.25274658203125,1.3832213878631592,8.0,0.13962633907794952,17.10164835164835,0.1710164835164835,-0.5803150534629822,0.26634445786476135,0.16954819858074188,1.3789480924606323,0.1308605670928955,0.17249369621276855,-33.249603271484375,-0.5803150520692804,15.260412216186523,0.26634443838401956,9.714395523071289,0.16954818671859076,79.00790405273438,1.3789480608199864,7.497757911682129,0.13086056207630736,17.249369621276855,0.17249369621276855,False,False,0.0,0.0,0.0,0.0,0.0,0.0,0.0,0.0,0.0,0.0,0.0,0.0,0.0,0.0,0.0,0.0
4,402,15.420670142048039,15.43154493405018,False,-33.36263656616211,-0.5822878479957581,15.868131637573242,0.2769511342048645,9.802197456359863,0.17108061909675598,79.25274658203125,1.3832213878631592,8.0,0.13962633907794952,17.10164835164835,0.1710164835164835,-0.5822985768318176,0.2630821764469147,0.14899994432926178,1.3759880065917969,0.13469529151916504,0.1751914620399475,-33.363250732421875,-0.5822985744491714,15.073497772216797,0.26308216591721334,8.537067413330078,0.14899993482732551,78.83830261230469,1.3759879572683633,7.717471122741699,0.13469528101942607,17.51914620399475,0.1751914620399475,False,False,0.0,0.0,0.0,0.0,0.0,0.0,0.0,0.0,0.0,0.0,0.0,0.0,0.0,0.0,0.0,0.0
4,403,15.454097497044131,15.465853575034998,False,-33.4505500793457,-0.5838222503662109,15.95604419708252,0.278485506772995,9.978021621704102,0.17414933443069458,79.42857360839844,1.3862900733947754,7.912087917327881,0.13809198141098022,17.10164835164835,0.1710164835164835,-0.5794727802276611,0.27509042620658875,0.14755268394947052,1.3758113384246826,0.13205981254577637,0.17594102025032043,-33.20134353637695,-0.5794727607955156,15.761519432067871,0.27509040920665107,8.454145431518555,0.14755267322243557,78.82817840576172,1.3758112565300367,7.566469669342041,0.13205980848230525,17.594102025032043,0.17594102025032043,False,False,0.0,0.0,0.0,0.0,0.0,0.0,0.0,0.0,0.0,0.0,0.0,0.0,0.0,0.0,0.0,0.0
4,404,15.487562597962096,15.499494567979127,False,-33.4505500793457,-0.5838222503662109,15.95604419708252,0.278485506772995,9.978021621704102,0.17414933443069458,79.51648712158203,1.387824535369873,7.912087917327881,0.13809198141098022,17.10164835164835,0.1710164835164835,-0.5821651220321655,0.28077611327171326,0.139365553855896,1.37598717212677,0.12927889823913574,0.17178252339363098,-33.3556022644043,-0.5821650834995311,16.0872859954834,0.2807761083311589,7.985057830810547,0.13936555010980037,78.8382568359375,1.3759871583200363,7.407135009765625,0.1292788940601525,17.178252339363098,0.17178252339363098,False,False,0.0,0.0,0.0,0.0,0.0,0.0,0.0,0.0,0.0,0.0,0.0,0.0,0.0,0.0,0.0,0.0
4,405,15.520746835973114,15.533318478032015,False,-33.4505500793457,-0.5838222503662109,16.043956756591797,0.2800198793411255,9.978021621704102,0.17414933443069458,79.07691955566406,1.3801525831222534,7.824175834655762,0.13655762374401093,17.10164835164835,0.1710164835164835,-0.5763502717018127,0.28967049717903137,0.1420060247182846,1.3609415292739868,0.1255408525466919,0.17064930498600006,-33.022438049316406,-0.5763502709964249,16.596895217895508,0.2896704671607783,8.136345863342285,0.14200602439634347,77.97620391845703,1.360941496583579,7.192960739135742,0.12554084786460365,17.064930498600006,0.17064930498600006,False,False,0.0,0.0,0.0,0.0,0.0,0.0,0.0,0.0,0.0,0.0,0.0,0.0,0.0,0.0,0.0,0.0
4,406,15.554495251039043,15.565568162943237,False,-33.27472686767578,-0.5807535648345947,16.30769157409668,0.2846229076385498,9.978021621704102,0.17414933443069458,79.07691955566406,1.3801525831222534,7.824175834655762,0.13655762374401093,17.10164835164835,0.1710164835164835,-0.5814396142959595,0.3067599833011627,0.14454856514930725,1.354936957359314,0.12032663822174072,0.17443311214447021,-33.31403350830078,-0.5814395718395663,17.576051712036133,0.3067599718758168,8.282022476196289,0.14454856093379895,77.63216400146484,1.3549368672737776,6.894207954406738,0.1203266281215807,17.44331121444702,0.17443311214447021,False,False,0.0,0.0,0.0,0.0,0.0,0.0,0.0,0.0,0.0,0.0,0.0,0.0,0.0,0.0,0.0,0.0
4,407,15.588332972023636,15.62261420802679,False,-33.098899841308594,-0.577684760093689,16.923076629638672,0.2953633964061737,9.978021621704102,0.17414933443069458,79.07691955566406,1.3801525831222534,7.736263751983643,0.13502326607704163,17.10164835164835,0.1710164835164835,-0.5801694989204407,0.34582850337028503,0.15703587234020233,1.3232725858688354,0.11589515209197998,0.17316165566444397,-33.24126052856445,-0.5801694437366803,19.814512252807617,0.345828478488252,8.997491836547852,0.1570358569690715,75.81793212890625,1.3232725477030078,6.640302658081055,0.11589514471244565,17.316165566444397,0.17316165566444397,False,False,0.0,0.0,0.0,0.0,0.0,0.0,0.0,0.0,0.0,0.0,0.0,0.0,0.0,0.0,0.0,0.0
4,408,15.624237291980535,15.659947209991515,False,-33.098899841308594,-0.577684760093689,17.714284896850586,0.3091726005077362,9.978021621704102,0.17414933443069458,78.63735961914062,1.372480869293213,7.648351669311523,0.13348892331123352,17.10164835164835,0.1710164835164835,-0.5856722593307495,0.33681049942970276,0.15012826025485992,1.3207987546920776,0.1074904203414917,0.17195846140384674,-33.55654525756836,-0.5856722003390565,19.297819137573242,0.33681048240502565,8.601715087890625,0.15012824960216484,75.67619323730469,1.3207987373664334,6.15874719619751,0.10749041637161574,17.195846140384674,0.17195846140384674,False,False,0.0,0.0,0.0,0.0,0.0,0.0,0.0,0.0,0.0,0.0,0.0,0.0,0.0,0.0,0.0,0.0
4,409,15.661540891975164,15.676407341030426,False,-33.098899841308594,-0.577684760093689,18.41758155822754,0.3214474320411682,9.978021621704102,0.17414933443069458,78.02198028564453,1.3617404699325562,7.384615421295166,0.12888585031032562,17.10164835164835,0.1710164835164835,-0.5793210864067078,0.3569677770137787,0.17084383964538574,1.2915507555007935,0.09937870502471924,0.17497244477272034,-33.192649841308594,-0.5793210271924083,20.45274543762207,0.35696774895875366,9.788630485534668,0.17084383123367114,74.02198028564453,1.2919272748308297,5.6939802169799805,0.09937870232972179,17.497244477272034,0.17497244477272034,False,False,0.0,0.0,0.0,0.0,0.0,0.0,0.0,0.0,0.0,0.0,0.0,0.021575927734375,0.021575927734375,0.0,0.0,0.0
4,410,15.695160569972359,15.710299122030847,False,-33.098899841308594,-0.577684760093689,19.296703338623047,0.3367910087108612,9.978021621704102,0.17414933443069458,77.4065933227539,1.3509999513626099,7.120879173278809,0.12428278475999832,17.10164835164835,0.1710164835164835,-0.5769745111465454,0.3944576680660248,0.1654532551765442,1.2746472358703613,0.09959518909454346,0.17642849683761597,-33.05820083618164,-0.5769744493769122,22.600757598876953,0.3944576335455307,9.479772567749023,0.16545324364745767,73.4065933227539,1.2811867461545403,5.70638370513916,0.09959518403683161,17.642849683761597,0.17642849683761597,False,False,0.0,0.0,0.0,0.0,0.0,0.0,0.0,0.0,0.0,0.0,0.0,0.37468719482421875,0.37468719482421875,0.0,0.0,0.0
4,411,15.72872339002788,15.74023291701451,False,-33.18681335449219,-0.5792191624641418,20.351648330688477,0.3552032709121704,9.978021621704102,0.17414933443069458,76.43955993652344,1.3341219425201416,6.593406677246094,0.11507665365934372,17.10164835164835,0.1710164835164835,-0.5806013941764832,0.4303317368030548,0.12488633394241333,1.2723463773727417,0.10286092758178711,0.17506733536720276,-33.26600646972656,-0.5806013418864638,24.351648330688477,0.42501644165829483,7.155459403991699,0.12488632609244624,72.90007019042969,1.2723462497579676,5.893496513366699,0.10286091861305491,17.506733536720276,0.17506733536720276,False,False,0.0,0.0,0.0,0.0,0.0,0.30454254150390625,0.30454254150390625,0.0,0.0,0.0,0.0,0.0,0.0,0.0,0.0,0.0
4,412,15.76217333797831,15.773587818956003,False,-33.27472686767578,-0.5807535648345947,21.230770111083984,0.3705468475818634,10.065934181213379,0.17568369209766388,74.85713958740234,1.3065035343170166,6.329670429229736,0.11047358810901642,17.10164835164835,0.1710164835164835,-0.5766913890838623,0.4487610161304474,0.14490008354187012,1.268721342086792,0.10957682132720947,0.17797251045703888,-33.0419807434082,-0.5766913553530368,25.230770111083984,0.440360011252191,8.302163124084473,0.14490008155293257,72.69237518310547,1.2687212880402063,6.278288841247559,0.10957681167098947,17.797251045703888,0.17797251045703888,False,False,0.0,0.0,0.0,0.0,0.0,0.4813404083251953,0.4813404083251953,0.0,0.0,0.0,0.0,0.0,0.0,0.0,0.0,0.0
4,413,15.795512442942709,15.807095558033325,False,-33.27472686767578,-0.5807535648345947,22.901098251342773,0.3996995687484741,9.89011001586914,0.17261497676372528,74.06593322753906,1.292694330215454,6.329670429229736,0.11047358810901642,17.10164835164835,0.1710164835164835,-0.5847481489181519,0.4493542015552521,0.1564265787601471,1.2612046003341675,0.11014223098754883,0.17322805523872375,-33.50360107421875,-0.5847481500198263,25.746097564697266,0.44935417204366107,8.9625825881958,0.1564265756459318,72.2616958618164,1.2612045158634577,6.310684680938721,0.11014222573754852,17.322805523872375,0.17322805523872375,False,False,0.0,0.0,0.0,0.0,0.0,0.0,0.0,0.0,0.0,0.0,0.0,0.0,0.0,0.0,0.0,0.0
4,414,15.828983837971464,15.840476949000731,False,-33.27472686767578,-0.5807535648345947,24.483516693115234,0.4273179769515991,9.450549125671387,0.16494320333003998,73.80220031738281,1.2880914211273193,6.329670429229736,0.11047358810901642,17.71978021978022,0.17719780219780218,-0.5823646783828735,0.4960075318813324,0.12841171026229858,1.2524967193603516,0.10102808475494385,0.17529112100601196,-33.367034912109375,-0.5823646208442054,28.41913604736328,0.4960074945986964,7.357448577880859,0.12841170223019543,71.76277160644531,1.252496644889171,5.788482666015625,0.10102808121659193,17.529112100601196,0.17529112100601196,False,False,0.0,0.0,0.0,0.0,0.0,0.0,0.0,0.0,0.0,0.0,0.0,0.0,0.0,0.0,0.0,0.0
4,415,15.862219540053047,15.873511292040348,False,-33.27472686767578,-0.5807535648345947,25.626373291015625,0.44726458191871643,9.450549125671387,0.16494320333003998,73.010986328125,1.2742820978164673,6.329670429229736,0.11047358810901642,17.582417582417584,0.17582417582417584,-0.5853285193443298,0.4932788908481598,0.13978245854377747,1.2417291402816772,0.11447155475616455,0.17279645800590515,-33.5368537902832,-0.5853285194003818,28.26279640197754,0.4932788530353149,8.008944511413574,0.13978245133369543,71.14583587646484,1.241729085127817,6.558736801147461,0.1144715519517438,17.279645800590515,0.17279645800590515,False,False,0.0,0.0,0.0,0.0,0.0,0.0,0.0,0.0,0.0,0.0,0.0,0.0,0.0,0.0,0.0,0.0
4,416,15.895722305984236,15.90814476297237,False,-33.098899841308594,-0.577684760093689,26.505495071411133,0.4626081585884094,9.538461685180664,0.16647756099700928,72.57142639160156,1.2666102647781372,6.329670429229736,0.11047358810901642,17.23901098901099,0.1723901098901099,-0.5935718417167664,0.48982152342796326,0.14088164269924164,1.232359528541565,0.09529495239257812,0.1745348870754242,-34.009159088134766,-0.593571801922504,28.06470489501953,0.48982150401866037,8.07192325592041,0.14088163778411203,70.60899353027344,1.2323594186226459,5.45999813079834,0.09529494453516704,17.45348870754242,0.1745348870754242,False,False,0.0,0.0,0.0,0.0,0.0,0.0,0.0,0.0,0.0,0.0,0.0,0.0,0.0,0.0,0.0,0.0
4,417,15.929775955970399,15.943060429999605,False,-33.010990142822266,-0.5761504769325256,27.47252655029297,0.47948604822158813,9.362637519836426,0.16340884566307068,72.04395294189453,1.2574042081832886,6.241758346557617,0.10893923044204712,16.895604395604398,0.16895604395604397,-0.5899971127510071,0.5120466947555542,0.11233073472976685,1.2300362586975098,0.11761462688446045,0.17289406061172485,-33.804344177246094,-0.589997107370318,29.33811378479004,0.5120466818693212,6.436076641082764,0.11233072829759157,70.47588348388672,1.2300362100457154,6.738821506500244,0.11761462299263373,17.289406061172485,0.17289406061172485,False,False,0.0,0.0,0.0,0.0,0.0,0.0,0.0,0.0,0.0,0.0,0.0,0.0,0.0,0.0,0.0,0.0
4,418,15.964287091046572,15.977085829945281,False,-33.27472686767578,-0.5807535648345947,27.648351669311523,0.48255476355552673,9.09890079498291,0.15880577266216278,71.95604705810547,1.25586998462677,6.241758346557617,0.10893923044204712,16.895604395604398,0.16895604395604397,-0.5941227078437805,0.5267837047576904,0.12857472896575928,1.2276493310928345,0.1081852912902832,0.17547544836997986,-34.04072189331055,-0.5941226767939869,30.18248176574707,0.5267836832354382,7.366788864135742,0.1285747209784219,70.33911895751953,1.2276492187606773,6.1985602378845215,0.10818528503428786,17.547544836997986,0.17547544836997986,False,False,0.0,0.0,0.0,0.0,0.0,0.0,0.0,0.0,0.0,0.0,0.0,0.0,0.0,0.0,0.0,0.0
4,419,15.99796063604299,16.010179950972088,False,-33.36263656616211,-0.5822878479957581,27.91208839416504,0.4871578514575958,8.835165023803711,0.15420271456241608,71.6043930053711,1.2497323751449585,5.97802209854126,0.10433616489171982,16.964285714285715,0.16964285714285715,-0.5946569442749023,0.5348864793777466,0.1351465880870819,1.2330741882324219,0.10324549674987793,0.175656259059906,-34.07133102416992,-0.5946569069086568,30.64673614501953,0.5348864507205452,7.74332857131958,0.13514657863327523,70.64994049072266,1.2330740779011686,5.915530681610107,0.10324548739684075,17.5656259059906,0.175656259059906,False,False,0.0,0.0,0.0,0.0,0.0,0.0,0.0,0.0,0.0,0.0,0.0,0.0,0.0,0.0,0.0,0.0
4,420,16.031541873002425,16.203187218052335,False,-33.36263656616211,-0.5822878479957581,28.615385055541992,0.49943268299102783,8.131868362426758,0.14192788302898407,71.34066009521484,1.2451293468475342,6.4175825119018555,0.11200794577598572,16.964285714285715,0.16964285714285715,-0.5876244902610779,0.5201127529144287,0.15729042887687683,1.2427386045455933,0.07545721530914307,0.005009263753890991,-33.668399810791016,-0.5876244305761391,29.800264358520508,0.5201127310208987,9.012077331542969,0.15729042187976944,71.20367431640625,1.2427385563390116,4.3233795166015625,0.0754572073779781,11.964285714285715,0.11964285714285715,False,True,11.463359338896616,0.0,0.0,0.0,0.0,0.0,0.0,0.0,0.0,0.0,0.0,0.0,0.0,0.0,0.0,0.0
4,421,16.204713008948602,16.215859481948428,False,-33.626373291015625,-0.5868909358978271,29.670330047607422,0.5178449749946594,7.516483306884766,0.13118737936019897,71.16483306884766,1.242060661315918,6.153846263885498,0.10740488022565842,16.964285714285715,0.16964285714285715,-0.5936070680618286,0.5065972805023193,0.15323594212532043,1.240317940711975,0.05955374240875244,0.0031297802925109863,-34.01117706298828,-0.5936070222279204,29.0258846282959,0.5065972550677739,8.77977180480957,0.15323592556769192,71.06497955322266,1.2403178760661842,3.412177801132202,0.059553737293217224,11.964285714285715,0.11964285714285715,False,True,11.651307685034617,0.0,0.0,0.0,0.0,0.0,0.0,0.0,0.0,0.0,0.0,0.0,0.0,0.0,0.0,0.0
4,422,16.2381377320271,16.24911819898989,False,-33.626373291015625,-0.5868909358978271,29.758241653442383,0.5193793177604675,7.516483306884766,0.13118737936019897,71.16483306884766,1.242060661315918,6.153846263885498,0.10740488022565842,16.964285714285715,0.16964285714285715,-0.5973727107048035,0.5292751789093018,0.1434904783964157,1.2454484701156616,0.07689285278320312,0.003285422921180725,-34.226932525634766,-0.5973726654302651,30.325231552124023,0.5292751370142347,8.22139835357666,0.14349047038795365,71.35894012451172,1.2454484559062218,4.405635833740234,0.07689285094261257,11.964285714285715,0.11964285714285715,False,True,11.635743422167643,0.0,0.0,0.0,0.0,0.0,0.0,0.0,0.0,0.0,0.0,0.0,0.0,0.0,0.0,0.0
4,423,16.27154292096384,16.282654791953973,False,-33.626373291015625,-0.5868909358978271,29.670330047607422,0.5178449749946594,7.692307472229004,0.13425609469413757,70.9011001586914,1.2374576330184937,5.362637519836426,0.09359568357467651,16.483516483516482,0.1648351648351648,-0.6000387668609619,0.5150816440582275,0.1512221246957779,1.246429681777954,0.0737236738204956,0.002378225326538086,-34.37968826293945,-0.6000387559975434,29.51200294494629,0.5150816202475755,8.664388656616211,0.15122210973040126,71.41515350341797,1.246429564451807,4.224055290222168,0.07372367260066147,11.483516483516482,0.11483516483516482,False,True,11.245693950862673,0.0,0.0,0.0,0.0,0.0,0.0,0.0,0.0,0.0,0.0,0.0,0.0,0.0,0.0,0.0
4,424,16.30536391295027,16.316496880957857,False,-33.80219650268555,-0.5899596214294434,29.758241653442383,0.5193793177604675,7.692307472229004,0.13425609469413757,70.63735961914062,1.2328544855117798,4.659340858459473,0.08132083714008331,15.590659340659341,0.1559065934065934,-0.6026630997657776,0.4981686770915985,0.14770770072937012,1.246347188949585,0.07207167148590088,0.002202332019805908,-34.53004837036133,-0.6026630349357075,28.54296112060547,0.49816864982329573,8.463027000427246,0.147707685842635,71.41043090820312,1.246347139616069,4.129402160644531,0.07207166384221488,10.590659340659341,0.10590659340659342,False,True,10.37042613867875,0.0,0.0,0.0,0.0,0.0,0.0,0.0,0.0,0.0,0.0,0.0,0.0,0.0,0.0,0.0
4,425,16.33889608096797,16.350178087013774,False,-33.89011001586914,-0.5914940237998962,30.373626708984375,0.530119776725769,7.868131637573242,0.13732479512691498,70.72527313232422,1.234388828277588,4.5714287757873535,0.07978647947311401,13.804945054945057,0.13804945054945056,-0.5999047160148621,0.49821004271507263,0.14117179811000824,1.2474780082702637,0.062064170837402344,0.001965530216693878,-34.372005462646484,-0.599904665836658,28.545331954956055,0.4982100286887328,8.088547706604004,0.14117178918487616,71.4752197265625,1.2474779178149167,3.5560147762298584,0.06206416609478042,8.804945054945057,0.08804945054945057,False,True,8.608392033275669,0.0,0.0,0.0,0.0,0.0,0.0,0.0,0.0,0.0,0.0,0.0,0.0,0.0,0.0,0.0
4,426,16.372176944976673,16.38646254502237,False,-33.978023529052734,-0.5930283665657043,30.19780158996582,0.5270510315895081,7.868131637573242,0.13732479512691498,70.72527313232422,1.234388828277588,4.5714287757873535,0.07978647947311401,12.774725274725274,0.12774725274725274,-0.6043962240219116,0.49771615862846375,0.14816784858703613,1.2477245330810547,0.0673668384552002,0.0012944713234901428,-34.62935256958008,-0.6043962201731311,28.51703453063965,0.49771614546457765,8.489392280578613,0.14816784678948708,71.48934936523438,1.2477245265318582,3.859835386276245,0.06736683607550763,7.774725274725274,0.07774725274725273,False,True,7.6452781423762595,0.0,0.0,0.0,0.0,0.0,0.0,0.0,0.0,0.0,0.0,0.0,0.0,0.0,0.0,0.0
4,427,16.40552440099418,16.420631667948328,False,-33.978023529052734,-0.5930283665657043,29.934066772460938,0.5224480032920837,8.483516693115234,0.14806529879570007,70.72527313232422,1.234388828277588,4.483516693115234,0.07825212925672531,11.126373626373626,0.11126373626373626,-0.5999481081962585,0.4858793318271637,0.14026404917240143,1.24535071849823,0.07480347156524658,0.001125037670135498,-34.37449264526367,-0.5999480753624262,27.83883285522461,0.48587929323604334,8.036537170410156,0.14026403408256582,71.35333251953125,1.2453505847361614,4.285923004150391,0.07480346790939091,6.126373626373626,0.06126373626373626,False,True,6.013869859360076,0.0,0.0,0.0,0.0,0.0,0.0,0.0,0.0,0.0,0.0,0.0,0.0,0.0,0.0,0.0
4,428,16.439001764985733,16.453562907991,False,-34.06593322753906,-0.5945627093315125,29.670330047607422,0.5178449749946594,8.571428298950195,0.14959964156150818,70.72527313232422,1.234388828277588,4.307692527770996,0.07518341392278671,9.89010989010989,0.09890109890109891,-0.6033974885940552,0.4895383417606354,0.13264131546020508,1.248414397239685,0.05655050277709961,0.0023280680179595947,-34.57212829589844,-0.6033974681853241,28.048479080200195,0.48953831012624405,7.59978723526001,0.13264130970632407,71.52886962890625,1.2484142852541886,3.240104913711548,0.05655049885431328,4.8901098901098905,0.04890109890109891,False,True,4.657303088313931,0.0,0.0,0.0,0.0,0.0,0.0,0.0,0.0,0.0,0.0,0.0,0.0,0.0,0.0,0.0
4,429,16.472304977010936,16.483978152042255,False,-34.153846740722656,-0.5960970520973206,29.494504928588867,0.5147762298583984,8.659340858459473,0.15113401412963867,70.72527313232422,1.234388828277588,4.307692527770996,0.07518341392278671,8.722527472527473,0.08722527472527472,-0.606196403503418,0.5040735006332397,0.11591178178787231,1.2489252090454102,0.060691118240356445,0.0007662847638130188,-34.73249435424805,-0.6061963839119702,28.881282806396484,0.5040734771712466,6.6412553787231445,0.11591177282450184,71.55813598632812,1.2489250795512659,3.4773447513580322,0.060691115138141224,3.7225274725274726,0.037225274725274725,False,True,3.6458989961461707,0.0,0.0,0.0,0.0,0.0,0.0,0.0,0.0,0.0,0.0,0.0,0.0,0.0,0.0,0.0
4,430,16.505688442965038,16.51663991098758,False,-34.241756439208984,-0.5976313948631287,29.494504928588867,0.5147762298583984,8.571428298950195,0.14959964156150818,70.72527313232422,1.234388828277588,4.131868362426758,0.07211470603942871,7.280219780219781,0.07280219780219781,-0.6082664132118225,0.469187468290329,0.12787440419197083,1.2490605115890503,0.062152862548828125,0.001905679702758789,-34.851097106933594,-0.6082663924482615,26.88245964050293,0.4691874317612673,7.326663494110107,0.12787440115789356,71.5658950805664,1.2490605012926963,3.561096429824829,0.062152857681458465,2.280219780219781,0.02280219780219781,False,True,2.089651809943902,0.0,0.0,0.0,0.0,0.0,0.0,0.0,0.0,0.0,0.0,0.0,0.0,0.0,0.0,0.0
4,431,16.53931444999762,16.55066715204157,False,-34.32966995239258,-0.5991657376289368,29.494504928588867,0.5147762298583984,8.219779968261719,0.14346222579479218,70.72527313232422,1.234388828277588,3.8681318759918213,0.06751163303852081,6.043956043956044,0.06043956043956044,-0.6037560701370239,0.46307292580604553,0.1294461190700531,1.2518786191940308,0.06326842308044434,0.0011245682835578918,-34.592674255371094,-0.6037560628261033,26.532123565673828,0.4630729137669863,7.4167160987854,0.12944611560947425,71.72735595703125,1.2518785252001636,3.6250133514404297,0.06326841841138983,1.0439560439560438,0.010439560439560437,False,True,0.9314992156002546,0.0,0.0,0.0,0.0,0.0,0.0,0.0,0.0,0.0,0.0,0.0,0.0,0.0,0.0,0.0
4,432,16.572925311047584,16.584400117048062,False,-34.32966995239258,-0.5991657376289368,29.406593322753906,0.5132418870925903,8.131868362426758,0.14192788302898407,70.72527313232422,1.234388828277588,3.8681318759918213,0.06751163303852081,4.945054945054945,0.049450549450549455,-0.6012296080589294,0.4509347379207611,0.10422205924987793,1.2498338222503662,0.06722581386566162,-0.0005710199475288391,-34.44791793823242,-0.6012295884789723,25.83665657043457,0.45093472486110947,5.9714837074279785,0.10422205192381599,71.61019897460938,1.2498337501152008,3.851755142211914,0.06722580921222032,0.0,0.0,True,False,0.05710199475288391,0.0,0.0,0.0,0.0,0.0,0.0,0.0,0.0,0.0,0.0,0.0,0.0,0.0,0.0,0.0
4,433,16.607137621962465,16.620693690958433,False,-34.41758346557617,-0.6007001399993896,29.05494499206543,0.5071044564247131,8.131868362426758,0.14192788302898407,70.81318664550781,1.2359232902526855,3.780219793319702,0.06597728282213211,4.052197802197802,0.04052197802197802,-0.6023324728012085,0.4229644238948822,0.12840616703033447,1.2529038190841675,0.05141615867614746,-0.0016708597540855408,-34.5111083984375,-0.6023324700654015,25.05494499206543,0.4372912840176063,7.357131004333496,0.1284061595261767,71.78609466552734,1.2529037090617896,2.9459288120269775,0.05141615729923588,0.0,0.0,True,False,0.16708597540855408,0.0,0.0,0.0,0.0,0.8208694458007812,0.8208694458007812,0.0,0.0,0.0,0.0,0.0,0.0,0.0,0.0,0.0
4,434,16.641185228014365,16.65246480202768,False,-34.41758346557617,-0.6007001399993896,28.879121780395508,0.5040357708930969,8.131868362426758,0.14192788302898407,70.989013671875,1.2389919757843018,3.9560439586639404,0.06904599070549011,3.6401098901098905,0.036401098901098904,-0.6052780151367188,0.41771581768989563,0.10790926218032837,1.2612392902374268,0.04489541053771973,0.00014343857765197754,-34.679874420166016,-0.6052779928100563,24.879121780395508,0.4342225900725352,6.182744979858398,0.10790925670967955,72.26368713378906,1.2612392701156832,2.572317361831665,0.044895407370176874,0.014343857765197754,0.00014343857765197754,False,False,0.0,0.0,0.0,0.0,0.0,0.945770263671875,0.945770263671875,0.0,0.0,0.0,0.0,0.0,0.0,0.0,0.0,0.0
4,435,16.674152927007526,16.686884862021543,False,-34.41758346557617,-0.6007001399993896,28.703296661376953,0.5009670257568359,7.956043720245361,0.13885915279388428,71.07691955566406,1.2405261993408203,3.8681318759918213,0.06751163303852081,3.571428571428571,0.03571428571428571,-0.5992399454116821,0.36323413252830505,0.09170368313789368,1.2808252573013306,0.03753960132598877,-0.00047629326581954956,-34.333919525146484,-0.5992399408285742,24.703296661376953,0.43115386283795054,5.2542338371276855,0.0917036801275736,73.38587951660156,1.280825222036562,2.150860548019409,0.037539598314188294,0.0,0.0,True,False,0.047629326581954956,0.0,0.0,0.0,0.0,3.8915157318115234,3.8915157318115234,0.0,0.0,0.0,0.0,0.0,0.0,0.0,0.0,0.0
4,436,16.708097795955837,16.721196306985803,False,-34.41758346557617,-0.6007001399993896,28.615385055541992,0.49943268299102783,7.956043720245361,0.13885915279388428,71.34066009521484,1.2451293468475342,3.3406593799591064,0.05830550566315651,3.571428571428571,0.03571428571428571,-0.5949355959892273,0.35269275307655334,0.07930585741996765,1.2911473512649536,0.028644919395446777,0.0006037726998329163,-34.08729553222656,-0.5949355401377063,24.615385055541992,0.429619515865415,4.543890476226807,0.0793058496601709,73.97728729248047,1.2911472349475455,1.6412328481674194,0.028644916992405654,0.060377269983291626,0.0006037726998329163,False,False,0.0,0.0,0.0,0.0,0.0,4.40757942199707,4.40757942199707,0.0,0.0,0.0,0.0,0.0,0.0,0.0,0.0,0.0
4,437,16.74199932103511,16.75358773896005,False,-34.32966995239258,-0.5991657376289368,28.439559936523438,0.49636396765708923,7.868131637573242,0.13732479512691498,71.78022003173828,1.2528011798858643,3.076923131942749,0.05370244011282921,3.571428571428571,0.03571428571428571,-0.5996581315994263,0.3477231562137604,0.04107850790023804,1.3177379369735718,0.0309603214263916,-0.00032602250576019287,-34.357879638671875,-0.5996581236987439,24.439559936523438,0.42655078863083035,3.868131637573242,0.06751163297621308,75.50081634521484,1.3177378331675507,1.7738956212997437,0.03096031917839098,0.0,0.0,True,False,0.03260225057601929,0.0,0.0,0.0,0.0,4.516490936279297,4.516490936279297,0.0,1.5145063400268555,1.5145065784454346,0.0,0.0,0.0,0.0,0.0,0.0
4,438,16.77513717894908,16.78882264601998,False,-34.32966995239258,-0.5991657376289368,28.439559936523438,0.49636396765708923,7.604395389556885,0.13272173702716827,72.57142639160156,1.2666102647781372,2.6373627185821533,0.04603066295385361,3.571428571428571,0.03571428571428571,-0.5862899422645569,0.30762192606925964,0.025359660387039185,1.3352049589157104,0.05877041816711426,-0.00011069327592849731,-33.59193801879883,-0.5862899205539004,24.439559936523438,0.42655078863083035,3.6043953895568848,0.06290856709147127,76.50160217285156,1.335204840967108,3.3672966957092285,0.058770414231651656,0.0,0.0,True,False,0.011069327592849731,0.0,0.0,0.0,0.0,6.814123153686523,6.814123153686523,0.0,2.1513938903808594,2.1513938903808594,0.0,0.0,0.0,0.0,0.0,0.0
4,439,16.80926993303001,16.82273728994187,False,-34.32966995239258,-0.5991657376289368,28.439559936523438,0.49636396765708923,7.07692289352417,0.12351560592651367,73.27472686767578,1.2788852453231812,2.461538553237915,0.04296195134520531,3.571428571428571,0.03571428571428571,-0.5880783796310425,0.2902754843235016,0.0025538206100463867,1.3678596019744873,0.06528806686401367,-0.000752761960029602,-33.69440841674805,-0.5880783663839431,24.439559936523438,0.42655078863083035,3.07692289352417,0.05370243532198768,77.27472686767578,1.348698412420267,3.7407305240631104,0.06528806407475425,0.0,0.0,True,False,0.0752761960029602,0.0,0.0,0.0,0.0,7.808000564575195,7.808000564575195,0.0,2.9305996894836426,2.9305996894836426,0.0,1.0978546142578125,1.0978546142578125,0.0,0.0,0.0
4,440,16.842468654969707,16.85509794903919,False,-34.32966995239258,-0.5991657376289368,28.439559936523438,0.49636396765708923,6.637362480163574,0.11584382504224777,74.4175796508789,1.298831820487976,2.461538553237915,0.04296195134520531,3.571428571428571,0.03571428571428571,-0.569858968257904,0.24377766251564026,-0.02167564630508423,1.409414291381836,0.06337475776672363,-0.0002675950527191162,-32.6505126953125,-0.5698589489974113,24.439559936523438,0.42655078863083035,2.637362480163574,0.046030658847418006,78.4175796508789,1.3686449563527423,3.631105899810791,0.06337475344028964,0.0,0.0,True,False,0.02675950527191162,0.0,0.0,0.0,0.0,10.472129821777344,10.472129821777344,0.0,3.8792853355407715,3.8792853355407715,0.0,2.335906982421875,2.335906982421875,0.0,0.0,0.0
4,441,16.875674939947203,16.889430325943977,False,-34.32966995239258,-0.5991657376289368,28.439559936523438,0.49636396765708923,6.1978020668029785,0.10817205160856247,75.38461303710938,1.3157097101211548,2.8131868839263916,0.04909937456250191,3.571428571428571,0.03571428571428571,-0.5635828971862793,0.19247451424598694,-0.033098846673965454,1.4455351829528809,0.09808790683746338,0.000627860426902771,-32.29092025756836,-0.5635828769935033,24.439559936523438,0.42655078863083035,2.1978020668029785,0.03835888237284834,79.38461303710938,1.385522872919174,5.620022773742676,0.09808790143887401,0.0627860426902771,0.000627860426902771,False,False,0.0,0.0,0.0,0.0,0.0,13.411582946777344,13.411582946777344,0.0,4.094225883483887,4.094226360321045,0.0,3.438446044921875,3.438446044921875,0.0,0.0,0.0
4,442,16.910071001038887,16.92426125705242,False,-34.153846740722656,-0.5960970520973206,28.439559936523438,0.49636396765708923,5.758241653442383,0.10050027817487717,76.17582702636719,1.3295190334320068,2.98901104927063,0.05216808244585991,3.571428571428571,0.03571428571428571,-0.5443527698516846,0.14513206481933594,-0.03976702690124512,1.4783525466918945,0.17606568336486816,0.0013910606503486633,-31.18911361694336,-0.5443527233942591,24.439559936523438,0.42655078863083035,1.7582416534423828,0.030687105898278673,80.17582702636719,1.399332162119562,6.989010810852051,0.12198125010684692,0.13910606503486633,0.0013910606503486633,False,False,0.0,0.0,0.0,0.0,0.0,16.12410545349121,16.12410545349121,0.0,4.036724090576172,4.036724090576172,0.0,4.52752685546875,4.52752685546875,0.0,3.098809242248535,3.098809242248535
4,443,16.943713900982402,16.95808470796328,False,-33.53845977783203,-0.5853565335273743,28.439559936523438,0.49636396765708923,5.406593322753906,0.09436285495758057,77.31867980957031,1.3494654893875122,3.3406593799591064,0.05830550566315651,3.571428571428571,0.03571428571428571,-0.5372717976570129,0.10566297173500061,-0.04404127597808838,1.5048242807388306,0.212446928024292,-0.0009394288063049316,-30.783405303955078,-0.537271777529902,24.439559936523438,0.42655078863083035,1.4065933227539062,0.024549684718622938,81.31867980957031,1.4192787060520373,7.340659141540527,0.12811867128650267,0.0,0.0,True,False,0.09394288063049316,0.0,0.0,0.0,0.0,18.385517120361328,18.385517120361328,0.0,3.9299726486206055,3.9299724102020264,0.0,4.901397705078125,4.901397705078125,0.0,4.831652641296387,4.831652641296387
4,444,16.976821115938947,16.990885291947052,False,-32.74725341796875,-0.5715473890304565,28.439559936523438,0.49636396765708923,4.879120826721191,0.08515672385692596,78.19779968261719,1.3648090362548828,4.483516693115234,0.07825212925672531,3.571428571428571,0.03571428571428571,-0.512663722038269,0.09192550182342529,-0.06486231088638306,1.5360537767410278,0.24768805503845215,-0.001470416784286499,-29.37346649169922,-0.512663703004379,24.439559936523438,0.42655078863083035,0.8791208267211914,0.015343552949139336,82.19779968261719,1.4346222423564199,8.483516693115234,0.1480652984427622,0.0,0.0,True,False,0.1470416784286499,0.0,0.0,0.0,0.0,19.172616958618164,19.172616958618164,0.0,4.595457077026367,4.595457077026367,0.0,5.811592102050781,5.811592102050781,0.0,5.707962989807129,5.707962989807129
4,445,17.010917376028374,17.023053067037836,False,-31.78022003173828,-0.5546694993972778,28.439559936523438,0.49636396765708923,4.527472496032715,0.07901930063962936,79.07691955566406,1.3801525831222534,5.450549602508545,0.09513003379106522,3.571428571428571,0.03571428571428571,-0.4808070659637451,0.051758527755737305,-0.09645301103591919,1.5679618120193481,0.3028271198272705,-0.0004480034112930298,-27.78022003173828,-0.48485630648231665,24.439559936523438,0.42655078863083035,0.5274724960327148,0.009206131769483601,83.07691955566406,1.4499657786608025,9.450550079345703,0.16494321500919387,0.0,0.0,True,False,0.04480034112930298,0.0,0.23200607299804688,0.23200607299804688,0.0,21.474014282226562,21.474014282226562,0.0,6.0538225173950195,6.0538225173950195,0.0,6.760673522949219,6.760673522949219,0.0,7.900165557861328,7.900165557861328
4,446,17.044048739946447,17.055411342997104,False,-30.989011764526367,-0.5408602952957153,28.439559936523438,0.49636396765708923,4.087912082672119,0.07134752720594406,80.21977996826172,1.400099277496338,6.241758346557617,0.10893923044204712,3.571428571428571,0.03571428571428571,-0.45673197507858276,0.04876244068145752,-0.11432161927223206,1.5959289073944092,0.3581453561782837,0.0013585835695266724,-26.989011764526367,-0.47104711715046965,24.439559936523438,0.42655078863083035,0.08791208267211914,0.0015343552949139336,84.21977996826172,1.4699124557513326,10.241758346557617,0.17875240434104087,0.13585835695266724,0.0013585835695266724,False,False,0.0,0.0,0.8201980590820312,0.8201980590820312,0.0,21.64567756652832,21.64567756652832,0.0,6.638057708740234,6.638058185577393,0.0,7.220207214355469,7.220207214355469,0.0,10.278457641601562,10.278457641601562
4,447,17.07790248503443,17.089250085991807,False,-30.19780158996582,-0.5270510315895081,28.439559936523438,0.49636396765708923,3.6483516693115234,0.06367574632167816,81.010986328125,1.4139084815979004,7.296703338623047,0.12735149264335632,3.571428571428571,0.03571428571428571,-0.42707037925720215,0.005585342645645142,-0.10368141531944275,1.6147780418395996,0.42098212242126465,0.0023187845945358276,-26.19780158996582,-0.457237894529109,24.439559936523438,0.42655078863083035,-0.35164833068847656,-0.006137421179655734,85.010986328125,1.4837216117936658,11.296703338623047,0.19716466788000808,0.23187845945358276,0.0023187845945358276,False,False,0.0,0.0,1.7284717559814453,1.7284717559814453,0.0,24.119543075561523,24.119543075561523,0.0,5.588859558105469,5.5888590812683105,0.0,7.50897216796875,7.50897216796875,0.0,12.823793411254883,12.823793411254883
4,448,17.111911343992688,17.12521036795806,False,-29.14285659790039,-0.5086387991905212,28.439559936523438,0.49636396765708923,3.296703338623047,0.05753832682967186,82.06593322753906,1.4323207139968872,8.175824165344238,0.14269505441188812,3.571428571428571,0.03571428571428571,-0.3864084482192993,-0.05477133393287659,-0.09965333342552185,1.633723497390747,0.4957040548324585,0.0011757612228393555,-25.14285659790039,-0.4388256309901418,24.439559936523438,0.42655078863083035,-0.7032966613769531,-0.012274842359311469,86.06593322753906,1.5021339086221466,12.175824165344238,0.21250822082914742,0.11757612228393555,0.0011757612228393555,False,False,0.0,0.0,3.003284454345703,3.003284454345703,0.0,27.577726364135742,27.577726364135742,0.0,5.006418228149414,5.006418228149414,0.0,7.539520263671875,7.539520263671875,0.0,16.22592544555664,16.22592544555664
4,449,17.146130093024112,17.160089362994768,False,-28.175825119018555,-0.49176090955734253,28.439559936523438,0.49636396765708923,2.769230842590332,0.04833219572901726,83.03296661376953,1.449198603630066,9.05494499206543,0.15803860127925873,3.571428571428571,0.03571428571428571,-0.34678027033805847,-0.10081350803375244,-0.08442574739456177,1.6478722095489502,0.5737993717193604,0.0014307871460914612,-24.175825119018555,-0.4219477477132238,24.439559936523438,0.42655078863083035,-1.230769157409668,-0.02148097412879507,87.03296661376953,1.5190118251885782,13.05494499206543,0.22785177377828675,0.14307871460914612,0.0014307871460914612,False,False,0.0,0.0,4.306779861450195,4.306779861450195,0.0,30.215747833251953,30.215747833251953,0.0,3.6064696311950684,3.6064696311950684,0.0,7.383148193359375,7.383148193359375,0.0,19.82133674621582,19.82133674621582
4,450,17.17910634994041,17.349253642954864,False,-26.85714340209961,-0.4687455892562866,28.439559936523438,0.49636396765708923,2.4175825119018555,0.042194776237010956,83.9120864868164,1.4645421504974365,10.021978378295898,0.17491652071475983,3.571428571428571,0.03571428571428571,-0.44134044647216797,0.2222776710987091,-0.0969855785369873,1.623873233795166,0.28224217891693115,0.0027234554290771484,-25.286943435668945,-0.44134042071799,24.439559936523438,0.42655078863083035,-1.5824174880981445,-0.027618395308450804,87.9120864868164,1.5343553614929608,14.021978378295898,0.24472969034471842,0.27234554290771484,0.0027234554290771484,False,False,0.0,0.0,0.0,0.0,0.0,11.703988075256348,11.703988075256348,0.0,3.9744462966918945,3.9744462966918945,0.0,5.128990173339844,5.128990173339844,0.0,2.1493072509765625,2.1493072509765625
4,451,17.350828688009642,17.364960471051745,False,-25.010988235473633,-0.43652409315109253,28.439559936523438,0.49636396765708923,1.5384615659713745,0.026851220056414604,86.19779968261719,1.504435420036316,12.307692527770996,0.21480976045131683,3.571428571428571,0.03571428571428571,-0.4186781644821167,0.17694726586341858,-0.11371061205863953,1.6301401853561401,0.3234097957611084,-0.00020410120487213135,-23.98849105834961,-0.41867815155341986,24.439559936523438,0.42655078863083035,-2.461538314819336,-0.04296194825759014,90.19779968261719,1.5742485825159662,16.307693481445312,0.28462294465723753,0.0,0.0,True,False,0.020410120487213135,0.0,0.0,0.0,0.0,14.301227569580078,14.301228523254395,0.0,4.0535993576049805,4.0535993576049805,0.0,3.2023468017578125,3.2023468017578125,0.0,2.222323417663574,2.222322463989258
4,452,17.38434288301505,17.39991632499732,False,-25.010988235473633,-0.43652409315109253,28.439559936523438,0.49636396765708923,1.5384615659713745,0.026851220056414604,86.46154022216797,1.5090385675430298,12.483516693115234,0.21787846088409424,3.571428571428571,0.03571428571428571,-0.4007330536842346,0.1583428680896759,-0.1269451081752777,1.6569087505340576,0.3597264289855957,0.0007089897990226746,-22.960311889648438,-0.4007330397591662,24.439559936523438,0.42655078863083035,-2.461538314819336,-0.04296194825759014,90.46154022216797,1.5788517233021138,16.483516693115234,0.28769163860230856,0.07089897990226746,0.0007089897990226746,False,False,0.0,0.0,0.0,0.0,0.0,15.367183685302734,15.367182731628418,0.0,4.811880111694336,4.811880111694336,0.0,4.4723358154296875,4.4723358154296875,0.0,4.127288818359375,4.127288818359375
4,453,17.418004581006244,17.432631739997305,False,-24.83516502380371,-0.4334554076194763,28.439559936523438,0.49636396765708923,1.0109890699386597,0.017645087093114853,87.34066009521484,1.5243821144104004,13.362637519836426,0.23322202265262604,3.571428571428571,0.03571428571428571,-0.3711032271385193,0.12714752554893494,-0.14922091364860535,1.6821093559265137,0.42446064949035645,0.002955488860607147,-21.26264762878418,-0.371103208813649,24.439559936523438,0.42655078863083035,-2.989010810852051,-0.052168080027073745,91.34066009521484,1.5941952596064963,17.36263656616211,0.3030351749066911,0.2955488860607147,0.002955488860607147,False,False,0.0,0.0,0.0,0.0,0.0,17.154544830322266,17.154544830322266,0.0,5.560717582702637,5.560717582702637,1.3779220581054688,3.6591796875,5.037101745605469,0.0,6.957165718078613,6.95716667175293
4,454,17.451562196947634,17.463126335991547,False,-24.30769157409668,-0.4242492616176605,28.439559936523438,0.49636396765708923,0.5714285969734192,0.009973309934139252,88.48351287841797,1.5443285703659058,14.681318283081055,0.25623732805252075,3.571428571428571,0.03571428571428571,-0.3409960865974426,0.07471755146980286,-0.1665971577167511,1.692905306816101,0.5049924850463867,0.0028443410992622375,-20.30769157409668,-0.35443608144749705,24.439559936523438,0.42655078863083035,-3.4285714626312256,-0.05983986066283262,92.48351287841797,1.6141418035389719,18.681318283081055,0.3260505126527785,0.28443410992622375,0.0028443410992622375,False,False,0.0,0.0,0.7700557708740234,0.7700557708740234,0.0,20.158559799194336,20.158559799194336,0.0,6.116742134094238,6.116742134094238,1.9964828491210938,2.516326904296875,4.512809753417969,0.0,10.252618789672852,10.252618789672852
4,455,17.484561966033652,17.498047768021934,False,-23.604394912719727,-0.41197440028190613,28.439559936523438,0.49636396765708923,0.21978022158145905,0.0038358885794878006,89.36264038085938,1.559672236442566,15.384614944458008,0.26851218938827515,3.571428571428571,0.03571428571428571,-0.30430853366851807,0.0021389424800872803,-0.1830110251903534,1.703073501586914,0.5998097658157349,0.0021711811423301697,-19.604394912719727,-0.3421612390881856,24.439559936523438,0.42655078863083035,-3.780219793319702,-0.06597728184248834,93.36264038085938,1.6294854730014088,19.384614944458008,0.33832535501209,0.21711811423301697,0.0021711811423301697,False,False,0.0,0.0,2.1688003540039062,2.1688003540039062,0.0,24.317007064819336,24.317007064819336,0.0,6.705538749694824,6.705538749694824,2.5790786743164062,1.6371994018554688,4.216278076171875,0.0,14.981950759887695,14.981950759887695
4,456,17.51855004404206,17.53269585594535,False,-22.373626708984375,-0.3904934525489807,28.439559936523438,0.49636396765708923,-0.48351648449897766,-0.008438954129815102,90.32967376708984,1.5765502452850342,16.439559936523438,0.28692445158958435,3.571428571428571,0.03571428571428571,-0.2765446901321411,0.002414524555206299,-0.18036416172981262,1.7010366916656494,0.6639536619186401,0.0013916119933128357,-18.373626708984375,-0.32068028160414735,24.439559936523438,0.42655078863083035,-4.483516693115234,-0.07825212836298902,94.32967376708984,1.6463633895678405,20.439559936523438,0.3567376185510572,0.13916119933128357,0.0013916119933128357,False,False,0.0,0.0,2.5287837982177734,2.5287837982177734,0.0,24.301218032836914,24.301218032836914,0.0,5.850587844848633,5.850587844848633,2.4623794555664062,0.670166015625,3.1325454711914062,0.0,17.60218048095703,17.60218048095703
4,457,17.55157892697025,17.563057441962883,False,-21.14285659790039,-0.3690124452114105,28.439559936523438,0.49636396765708923,-0.7472527623176575,-0.013042020611464977,91.29669952392578,1.5934280157089233,17.406593322753906,0.30380237102508545,3.571428571428571,0.03571428571428571,-0.24284827709197998,-0.019839763641357422,-0.18577900528907776,1.708832859992981,0.7277799248695374,0.0013359710574150085,-17.14285659790039,-0.29919929083059543,24.439559936523438,0.42655078863083035,-4.747252941131592,-0.08285519424773082,94.99983978271484,1.6580599930754685,21.406593322753906,0.37361553511748885,0.13359710574150085,0.0013359710574150085,False,False,0.0,0.0,3.2286758422851562,3.2286758422851562,0.0,25.5762939453125,25.5762939453125,0.0,5.897099494934082,5.897099018096924,2.9090652465820312,0.0,2.9090652465820312,0.0,20.29212188720703,20.29212188720703
4,458,17.585022640996613,17.598815197939985,False,-20.0,-0.3490658402442932,28.439559936523438,0.49636396765708923,-1.186813235282898,-0.020713798701763153,92.17582702636719,1.6087716817855835,18.285715103149414,0.31914591789245605,3.571428571428571,0.03571428571428571,-0.218372642993927,-0.036488354206085205,-0.18724402785301208,1.7021437883377075,0.7307804822921753,0.0022888854146003723,-16.0,-0.2792526803190927,24.439559936523438,0.42655078863083035,-5.1868133544921875,-0.0905269707223005,94.99983978271484,1.6580599930754685,22.285715103149414,0.388959104711385,0.22888854146003723,0.0022888854146003723,False,False,0.0,0.0,3.4881696701049805,3.4881696701049805,0.0,26.530189514160156,26.530189514160156,0.0,5.541478157043457,5.541478157043457,2.5258102416992188,0.0,2.5258102416992188,0.0,19.58492088317871,19.58492088317871
4,459,17.618327702977695,17.630706273019314,False,-18.94505500793457,-0.330653578042984,28.439559936523438,0.49636396765708923,-1.7142857313156128,-0.029919929802417755,93.14286041259766,1.6256495714187622,19.340660095214844,0.33755820989608765,3.571428571428571,0.03571428571428571,-0.1778881847858429,-0.06465902924537659,-0.1810857355594635,1.704616665840149,0.8122801780700684,0.001425236463546753,-14.94505500793457,-0.26084041678012554,24.439559936523438,0.42655078863083035,-5.714285850524902,-0.09973310249178409,94.99983978271484,1.6580599930754685,23.340660095214844,0.4073713682503522,0.1425236463546753,0.001425236463546753,False,False,0.0,0.0,4.752813339233398,4.752813339233398,0.0,28.144248962402344,28.144248962402344,0.0,4.661162376403809,4.661162376403809,2.6674957275390625,0.0,2.6674957275390625,0.0,23.199562072753906,23.199562072753906
4,460,17.652482936973684,17.66368971404154,False,-18.153846740722656,-0.3168444037437439,28.439559936523438,0.49636396765708923,-2.153846263885498,-0.037591706961393356,93.67032623291016,1.6348556280136108,20.21977996826172,0.35290172696113586,3.571428571428571,0.03571428571428571,-0.14339855313301086,-0.05447906255722046,-0.15036490559577942,1.7019404172897339,0.8874506950378418,0.0007301792502403259,-14.153846740722656,-0.24703122744827852,24.439559936523438,0.42655078863083035,-6.153846263885498,-0.10740487896635376,94.99983978271484,1.6580599930754685,24.21977996826172,0.4227149045547347,0.07301792502403259,0.0007301792502403259,False,False,0.0,0.0,5.937715530395508,5.937715530395508,0.0,27.56097984313965,27.56097984313965,0.0,2.461428165435791,2.461428165435791,2.51416015625,0.0,2.51416015625,0.0,26.627395629882812,26.627395629882812
4,461,17.685588059015572,17.698179872939363,False,-17.36263656616211,-0.303035169839859,28.439559936523438,0.49636396765708923,-2.5934066772460938,-0.04526348412036896,94.02198028564453,1.6409931182861328,21.186813354492188,0.36977964639663696,3.571428571428571,0.03571428571428571,-0.09740326553583145,-0.08255383372306824,-0.10568755865097046,1.700516939163208,0.9927793145179749,-2.8833746910095215e-05,-13.36263656616211,-0.2332220048269179,24.439559936523438,0.42655078863083035,-6.055450916290283,-0.10568755618217297,94.99983978271484,1.6580599930754685,25.186813354492188,0.4395928211211664,0.0,0.0,True,False,0.0028833746910095215,0.0,7.781841278076172,7.781840801239014,0.0,29.16954803466797,29.169546127319336,0.0,0.0,0.0,2.4326019287109375,0.0,2.4326019287109375,0.0,31.695247650146484,31.695247650146484
4,462,17.71948504401371,17.737006456940435,False,-16.30769157409668,-0.2846229076385498,28.439559936523438,0.49636396765708923,-3.0329670906066895,-0.05293526127934456,94.19779968261719,1.6440616846084595,22.153846740722656,0.38665756583213806,3.571428571428571,0.03571428571428571,-0.07126663625240326,-0.10344789922237396,-0.10184362530708313,1.7035537958145142,1.0929346084594727,0.0007482022047042847,-12.30769157409668,-0.21480974128795072,24.439559936523438,0.42655078863083035,-5.835209369659424,-0.10184361604377985,94.99983978271484,1.6580599930754685,26.153846740722656,0.45647073768759805,0.07482022047042847,0.0007482022047042847,False,False,0.0,0.0,8.224414825439453,8.224414825439453,0.0,30.366687774658203,30.366687774658203,0.0,0.0,0.0,2.606597900390625,0.0,2.606597900390625,0.0,36.46669006347656,36.46669006347656
4,463,17.753022514050826,17.76644715294242,False,-15.164834976196289,-0.2646763026714325,28.439559936523438,0.49636396765708923,-3.296703338623047,-0.05753832682967186,94.28571319580078,1.6455961465835571,23.120878219604492,0.4035354554653168,3.571428571428571,0.03571428571428571,-0.0644448772072792,-0.09512747824192047,-0.08229571580886841,1.6971073150634766,1.184974193572998,0.0007249936461448669,-11.164834976196289,-0.19486313077644798,24.439559936523438,0.42655078863083035,-4.7151970863342285,-0.08229571403697561,94.99983978271484,1.6580599930754685,27.120878219604492,0.47334862096451613,0.0724993646144867,0.0007249936461448669,False,False,0.0,0.0,7.472415924072266,7.472415924072266,0.0,29.88996124267578,29.889963150024414,0.0,0.0,0.0,2.23724365234375,0.0,2.23724365234375,0.0,40.77313995361328,40.77313995361328
4,464,17.78632756602019,17.79674589098431,False,-14.021978378295898,-0.244729682803154,28.439559936523438,0.49636396765708923,-3.296703338623047,-0.05753832682967186,94.37362670898438,1.6471304893493652,24.0,0.41887903213500977,3.571428571428571,0.03571428571428571,-0.027594029903411865,-0.10273933410644531,-0.0577225387096405,1.7008298635482788,1.2638835906982422,0.0009403303265571594,-10.021978378295898,-0.17491652026494525,24.439559936523438,0.42655078863083035,-3.307257652282715,-0.05772253524411113,94.99983978271484,1.6580599930754685,28.0,0.4886921905584123,0.09403303265571594,0.0009403303265571594,False,False,0.0,0.0,8.440957069396973,8.440957069396973,0.0,30.326087951660156,30.32608985900879,0.0,0.0,0.0,2.450531005859375,0.0,2.450531005859375,0.0,44.415191650390625,44.415191650390625
4,465,17.819913240964524,17.832509523024783,False,-12.879120826721191,-0.2247830629348755,28.439559936523438,0.49636396765708923,-3.384615421295166,-0.05907268077135086,94.37362670898438,1.6471304893493652,25.05494499206543,0.43729129433631897,3.571428571428571,0.03571428571428571,-0.0015630125999450684,-0.11978314816951752,-0.029373109340667725,1.698485016822815,1.3217464685440063,-0.0006738007068634033,-8.879120826721191,-0.1549698931086857,24.439559936523438,0.42655078863083035,-1.6829551458358765,-0.02937310845821738,94.99983978271484,1.6580599930754685,29.05494499206543,0.5071044540973795,0.0,0.0,True,False,0.06738007068634033,0.0,8.789566993713379,8.789566993713379,0.0,31.302627563476562,31.302627563476562,0.0,0.0,0.0,2.3161773681640625,0.0,2.3161773681640625,0.0,46.67554473876953,46.67554473876953
4,466,17.85332955198828,17.867028589942493,False,-11.912087440490723,-0.2079051434993744,28.439559936523438,0.49636396765708923,-3.1208791732788086,-0.05446961522102356,94.37362670898438,1.6471304893493652,26.0219783782959,0.4541691839694977,3.571428571428571,0.03571428571428571,0.011599436402320862,-0.1260981410741806,-0.020954370498657227,1.6958461999893188,1.368852138519287,0.0004752129316329956,-7.912087440490723,-0.13809197654225402,24.439559936523438,0.42655078863083035,-1.2005969285964966,-0.02095436939334013,94.99983978271484,1.6580599930754685,30.0219783782959,0.5239823706638111,0.04752129316329956,0.0004752129316329956,False,False,0.0,0.0,8.576685905456543,8.576685905456543,0.0,31.664451599121094,31.664451599121094,0.0,0.0,0.0,2.1649856567382812,0.0,2.1649856567382812,0.0,48.40746307373047,48.40746307373047
4,467,17.886457385029644,17.900069165974855,False,-10.94505500793457,-0.19102723896503448,28.439559936523438,0.49636396765708923,-2.5934066772460938,-0.04526348412036896,94.37362670898438,1.6471304893493652,26.989011764526367,0.4710471034049988,3.571428571428571,0.03571428571428571,0.04230275750160217,-0.13232168555259705,-0.039023756980895996,1.6999008655548096,1.4311314821243286,-9.079277515411377e-05,-6.94505500793457,-0.12121407662057916,24.439559936523438,0.42655078863083035,-2.235896348953247,-0.03902375302255423,94.99983978271484,1.6580599930754685,30.989011764526367,0.5408602872302428,0.0,0.0,True,False,0.009079277515411377,0.0,9.368824005126953,9.368824005126953,0.0,32.021034240722656,32.021034240722656,0.0,0.0,0.0,2.3973007202148438,0.0,2.3973007202148438,0.0,51.00877380371094,51.00877380371094
4,468,17.921990136033855,17.933875806978904,False,-10.065934181213379,-0.17568369209766388,28.439559936523438,0.49636396765708923,-1.802197813987732,-0.031454283744096756,94.37362670898438,1.6471304893493652,27.956043243408203,0.4879249930381775,3.571428571428571,0.03571428571428571,0.052154138684272766,-0.12074105441570282,-0.03443872928619385,1.6994411945343018,1.4955904483795166,0.0002002418041229248,-6.065934181213379,-0.10587052367143983,24.439559936523438,0.42655078863083035,-1.9731937646865845,-0.03443872797360312,94.99983978271484,1.6580599930754685,31.956043243408203,0.5577381705071609,0.02002418041229248,0.0002002418041229248,False,False,0.0,0.0,9.054145812988281,9.054145812988281,0.0,31.357513427734375,31.357513427734375,0.0,0.0,0.0,2.3709640502929688,0.0,2.3709640502929688,0.0,53.7349739074707,53.7349739074707
4,469,17.95344844297506,17.964528828044422,False,-9.186813354492188,-0.16034014523029327,28.439559936523438,0.49636396765708923,-1.5384615659713745,-0.026851220056414604,94.37362670898438,1.6471304893493652,28.923076629638672,0.504802942276001,3.571428571428571,0.03571428571428571,0.07436990737915039,-0.0990273654460907,-0.031057626008987427,1.697123646736145,1.5597310066223145,0.0006269961595535278,-5.1868133544921875,-0.0905269707223005,24.439559936523438,0.42655078863083035,-1.7794708013534546,-0.031057624426719752,94.99983978271484,1.6580599930754685,32.92307662963867,0.5746160870735926,0.06269961595535278,0.0006269961595535278,False,False,0.0,0.0,9.447895050048828,9.447895050048828,0.0,30.11341094970703,30.1134090423584,0.0,0.0,0.0,2.2381744384765625,0.0,2.2381744384765625,0.0,56.44292068481445,56.44292068481445
4,470,17.9869219630491,17.998259191052057,False,-8.219779968261719,-0.14346222579479218,28.439559936523438,0.49636396765708923,-1.5384615659713745,-0.026851220056414604,94.37362670898438,1.6471304893493652,29.89011001586914,0.5216808319091797,3.571428571428571,0.03571428571428571,0.09919473528862,-0.08993667364120483,-0.02868741750717163,1.6955299377441406,1.6013609170913696,0.00012111663818359375,-4.219779968261719,-0.07364905415586881,24.439559936523438,0.42655078863083035,-1.6436678171157837,-0.028687415217738432,94.99983978271484,1.6580599930754685,33.89011001586914,0.5914940036400242,0.012111663818359375,0.00012111663818359375,False,False,0.0,0.0,9.903219223022461,9.903219223022461,0.0,29.592552185058594,29.592552185058594,0.0,0.0,0.0,2.1468658447265625,0.0,2.1468658447265625,0.0,57.86111068725586,57.86111068725586
4,471,18.02024226996582,18.03184583899565,False,-7.164834976196289,-0.12504996359348297,28.439559936523438,0.49636396765708923,-1.5384615659713745,-0.026851220056414604,94.37362670898438,1.6471304893493652,30.94505500793457,0.5400930643081665,3.571428571428571,0.03571428571428571,0.10130089521408081,-0.07282078266143799,-0.03378209471702576,1.692300796508789,1.6175191402435303,-9.315460920333862e-05,-3.164834976196289,-0.05523679061690161,24.439559936523438,0.42655078863083035,-1.935571312904358,-0.03378209231733045,94.99983978271484,1.6580599930754685,34.94505310058594,0.6099062338894778,0.0,0.0,True,False,0.009315460920333862,0.0,8.968948364257812,8.968948364257812,0.0,28.61188507080078,28.61188316345215,0.0,0.0,0.0,1.9618453979492188,0.0,1.9618453979492188,0.0,57.731964111328125,57.731964111328125
4,472,18.053865756024607,18.065267657046206,False,-6.02197790145874,-0.10510334372520447,28.351648330688477,0.49482959508895874,-1.5384615659713745,-0.026851220056414604,94.37362670898438,1.6471304893493652,31.824174880981445,0.5554366111755371,3.571428571428571,0.03571428571428571,0.09974724054336548,-0.08688601851463318,-0.021382540464401245,1.6922134160995483,1.655303955078125,6.223469972610474e-05,-2.0219779014587402,-0.03529017178302047,24.351648330688477,0.42501644165829483,-1.225129246711731,-0.021382539117597618,94.99983978271484,1.6580599930754685,35.82417297363281,0.6252497701938603,0.006223469972610474,6.223469972610474e-05,False,False,0.0,0.0,7.73707389831543,7.7370734214782715,0.0,29.329849243164062,29.329849243164062,0.0,0.0,0.0,1.9568405151367188,0.0,1.9568405151367188,0.0,59.01775360107422,59.01775360107422
4,473,18.087294699973427,18.098636784008704,False,-4.879120826721191,-0.08515672385692596,28.263736724853516,0.49329525232315063,-1.4505494832992554,-0.025316864252090454,94.37362670898438,1.6471304893493652,32.879119873046875,0.5738489031791687,3.571428571428571,0.03571428571428571,0.1254337877035141,-0.09091678261756897,-0.007969498634338379,1.6895662546157837,1.688887119293213,-0.00028274208307266235,-0.8791208267211914,-0.015343552949139336,24.263736724853516,0.4234820946857593,-0.45661860704421997,-0.007969498118791812,94.99983978271484,1.6580599930754685,36.879119873046875,0.6436620670223412,0.0,0.0,True,False,0.028274208307266235,0.0,8.065946578979492,8.065946578979492,0.0,29.472885131835938,29.472885131835938,0.0,0.0,0.0,1.8051681518554688,0.0,1.8051681518554688,0.0,59.88697814941406,59.88697814941406
4,474,18.1226492569549,18.133566895965487,False,-3.8241758346557617,-0.06674446165561676,28.263736724853516,0.49329525232315063,-1.4505494832992554,-0.025316864252090454,94.37362670898438,1.6471304893493652,33.846153259277344,0.5907267928123474,3.571428571428571,0.03571428571428571,0.12482883036136627,-0.056172579526901245,-0.014437079429626465,1.6809802055358887,1.7073487043380737,-0.0002129673957824707,0.17582416534423828,0.003068710589827867,24.263736724853516,0.4234820946857593,-0.8271836638450623,-0.014437078452806314,94.99983978271484,1.6580599930754685,37.846153259277344,0.6605399835887729,0.0,0.0,True,False,0.02129673957824707,0.0,6.976341247558594,6.9763407707214355,0.0,27.482189178466797,27.482189178466797,0.0,0.0,0.0,1.3132247924804688,0.0,1.3132247924804688,0.0,59.97771453857422,59.97771453857422
4,475,18.154215189046226,18.165273649035953,False,-2.857142925262451,-0.04986654967069626,28.263736724853516,0.49329525232315063,-1.0989011526107788,-0.019179442897439003,94.37362670898438,1.6471304893493652,34.81318664550781,0.6076047420501709,3.571428571428571,0.03571428571428571,0.13497625291347504,-0.04897427558898926,-0.010509490966796875,1.677610993385315,1.7333778142929077,-0.0013750717043876648,1.1428570747375488,0.019946618833881137,24.263736724853516,0.4234820946857593,-0.6021494269371033,-0.010509490089049486,94.99983978271484,1.6580599930754685,38.81318664550781,0.6774179001552045,0.0,0.0,True,False,0.13750717043876648,0.0,6.59071159362793,6.590712070465088,0.0,27.06975555419922,27.06975555419922,0.0,0.0,0.0,1.1201858520507812,0.0,1.1201858520507812,0.0,60.502044677734375,60.502044677734375
4,476,18.187609454034828,18.198620492010377,False,-1.890109896659851,-0.032988641411066055,28.175825119018555,0.49176090955734253,-0.8351648449897766,-0.014576376415789127,94.37362670898438,1.6471304893493652,35.868133544921875,0.6260170340538025,3.571428571428571,0.03571428571428571,0.13780049979686737,-0.012078911066055298,-0.0003205537796020508,1.6699150800704956,1.7166420221328735,-0.0011740922927856445,2.1098899841308594,0.036824527077934405,24.175825119018555,0.4219477477132238,-0.01836637780070305,-0.00032055376428746313,94.99983978271484,1.6580599930754685,39.868133544921875,0.6958301969836853,0.0,0.0,True,False,0.11740922927856445,0.0,5.785496711730957,5.785496711730957,0.0,24.867895126342773,24.867895126342773,0.0,0.0,0.0,0.6792449951171875,0.0,0.6792449951171875,0.0,58.48820495605469,58.48820495605469
4,477,18.221193835954182,18.233873081044294,False,-0.8351648449897766,-0.014576376415789127,28.175825119018555,0.49176090955734253,-0.7472527623176575,-0.013042020611464977,94.37362670898438,1.6471304893493652,36.83516311645508,0.6428948640823364,3.571428571428571,0.03571428571428571,0.13986538350582123,-0.006841570138931274,-0.0036947131156921387,1.66048002243042,1.7214218378067017,-0.0016062334179878235,3.164835214614868,0.05523679477809081,24.175825119018555,0.4219477477132238,-0.2116914540529251,-0.003694712871557838,94.99983978271484,1.6580599930754685,40.83516311645508,0.7127080469710898,0.0,0.0,True,False,0.16062334179878235,0.0,4.848860740661621,4.848860740661621,0.0,24.56781768798828,24.56781768798828,0.0,0.0,0.0,0.13864898681640625,0.0,0.13864898681640625,0.0,57.795040130615234,57.795040130615234
4,478,18.254710752982646,18.26864280400332,False,0.1318681389093399,0.002301533240824938,28.175825119018555,0.49176090955734253,-0.5714285969734192,-0.009973309934139252,94.37362670898438,1.6471304893493652,37.80219650268555,0.6597728133201599,3.571428571428571,0.03571428571428571,0.1468018740415573,-0.0033752024173736572,-0.016100823879241943,1.662887454032898,1.7135229110717773,-0.0010883137583732605,4.131868362426758,0.07211470718333328,24.175825119018555,0.4219477477132238,-0.9225091934204102,-0.016100822805103367,94.99983978271484,1.6580599930754685,41.80219650268555,0.7295859635375215,0.0,0.0,True,False,0.10883137583732605,0.0,4.279258728027344,4.279258728027344,0.0,24.36920928955078,24.36920928955078,0.0,0.0,0.0,0.27658843994140625,0.0,0.27658843994140625,0.0,56.375431060791016,56.375431060791016
4,479,18.287927399971522,18.300784935010597,False,1.186813235282898,0.020713798701763153,28.08791160583496,0.49022653698921204,-0.21978022158145905,-0.0038358885794878006,94.37362670898438,1.6471304893493652,38.68132019042969,0.6751164197921753,3.571428571428571,0.03571428571428571,0.1546974927186966,0.002324044704437256,-0.01995745301246643,1.6548902988433838,1.7235512733459473,-0.0006424933671951294,5.1868133544921875,0.0905269707223005,24.08791160583496,0.42041336745117464,-1.1434777975082397,-0.019957452489971796,94.81822204589844,1.6548901655880017,42.68132019042969,0.7449295664209312,0.0,0.0,True,False,0.06424933671951294,0.0,3.676699638366699,3.676699638366699,0.0,23.954753875732422,23.954753875732422,0.0,0.0,0.0,0.0,0.0,0.0,0.0,56.070884704589844,56.070884704589844
4,480,18.321392557001673,18.503909991006367,False,2.241758346557617,0.039126064628362656,28.0,0.48869219422340393,-0.21978022158145905,-0.0038358885794878006,94.37362670898438,1.6471304893493652,39.64834976196289,0.6919942498207092,3.571428571428571,0.03571428571428571,0.08037501573562622,0.3471239507198334,-0.054285407066345215,1.6288985013961792,0.728594183921814,0.04497556388378143,4.605148792266846,0.08037500896929684,24.0,0.4188790204786391,-3.1103246212005615,-0.05428540544579522,93.3290023803711,1.6288983791391007,41.74536895751953,0.7285941357685487,4.497556388378143,0.04497556388378143,False,False,0.0,0.0,0.0,0.0,0.0,4.111263275146484,4.111263275146484,0.0,0.0,0.0,0.0,0.0,0.0,0.0,0.0,0.0
4,481,18.505394655046985,18.516538821044378,False,4.439560413360596,0.07748494297266006,27.91208839416504,0.4871578514575958,-0.21978022158145905,-0.0038358885794878006,94.37362670898438,1.6471304893493652,42.28571319580078,0.738024890422821,3.571428571428571,0.03571428571428571,0.11061498522758484,0.2960154116153717,-0.11731943488121033,1.6203267574310303,0.7936821579933167,-0.00033864378929138184,6.337771415710449,0.11061497844292961,23.91208839416504,0.41734467350610355,-4.219780445098877,-0.07364906247824722,92.83788299560547,1.6203267288545717,45.47463607788086,0.7936821257052216,0.0,0.0,True,False,0.033864378929138184,0.0,0.0,0.0,0.0,6.951656341552734,6.951656341552734,0.0,2.5021276473999023,2.5021276473999023,0.0,0.0,0.0,0.0,0.0,0.0
4,482,18.538669997942634,18.550796329975128,False,4.263736248016357,0.07441623508930206,27.91208839416504,0.4871578514575958,-0.21978022158145905,-0.0038358885794878006,94.37362670898438,1.6471304893493652,42.28571319580078,0.738024890422821,3.571428571428571,0.03571428571428571,0.11489742994308472,0.3214357793331146,-0.11342087388038635,1.6230589151382446,0.7816822528839111,0.0010714083909988403,6.583137512207031,0.11489742469956109,23.91208839416504,0.41734467350610355,-4.219780445098877,-0.07364906247824722,92.99442291259766,1.623058865816884,44.78709030151367,0.7816821881494335,0.10714083909988403,0.0010714083909988403,False,False,0.0,0.0,0.0,0.0,0.0,5.495176315307617,5.495176315307617,0.0,2.278756618499756,2.278756618499756,0.0,0.0,0.0,0.0,0.0,0.0
4,483,18.572152975015342,18.58375166298356,False,4.263736248016357,0.07441623508930206,27.91208839416504,0.4871578514575958,-0.5714285969734192,-0.009973309934139252,94.19779968261719,1.6440616846084595,42.28571319580078,0.738024890422821,3.571428571428571,0.03571428571428571,0.13219015300273895,0.24529799818992615,-0.12061908841133118,1.6264214515686035,0.8709061145782471,0.0005124136805534363,7.57393741607666,0.1321901452505294,23.91208839416504,0.41734467350610355,-4.5714287757873535,-0.07978648365790296,93.18708038330078,1.626421373009218,46.28571319580078,0.8078380919005105,0.05124136805534363,0.0005124136805534363,False,False,0.0,0.0,0.0,0.0,0.0,9.857548713684082,9.857548713684082,0.0,2.339535713195801,2.339535713195801,0.0,0.0,0.0,0.0,3.6135292053222656,3.6135292053222656
4,484,18.60544973402284,18.616219168994576,False,5.142857074737549,0.08975978940725327,27.91208839416504,0.4871578514575958,-1.186813235282898,-0.020713798701763153,93.4945068359375,1.6317869424819946,43.07692337036133,0.7518341541290283,3.571428571428571,0.03571428571428571,0.12397255003452301,0.19823136925697327,-0.121522456407547,1.6244961023330688,0.9724532961845398,0.003270179033279419,7.1031036376953125,0.12397254558816961,23.91208839416504,0.41734467350610355,-5.1868133544921875,-0.0905269707223005,93.07676696777344,1.6244960406991453,47.07692337036133,0.8216473145218711,0.3270179033279419,0.003270179033279419,False,False,0.0,0.0,0.0,0.0,0.0,12.554267883300781,12.554267883300781,0.0,1.7759099006652832,1.7759099006652832,0.0,0.0,0.0,0.0,8.640544891357422,8.640544891357422
4,485,18.63940146996174,18.652306432952173,False,6.109889984130859,0.10663769394159317,27.91208839416504,0.4871578514575958,-1.6263736486434937,-0.028385573998093605,93.4945068359375,1.6317869424819946,44.131866455078125,0.7702463865280151,3.571428571428571,0.03571428571428571,0.12842698395252228,0.1801554262638092,-0.10248178243637085,1.6176552772521973,1.0019922256469727,0.0011479705572128296,7.358323574066162,0.12842697379457135,23.91208839416504,0.41734467350610355,-5.626373767852783,-0.09819874719687016,92.684814453125,1.6176551788070588,48.131866455078125,0.8400595447713246,0.11479705572128296,0.0011479705572128296,False,False,0.0,0.0,0.0,0.0,0.0,13.589942932128906,13.589942932128906,0.0,0.24539947509765625,0.24539947509765625,0.0,0.0,0.0,0.0,9.278057098388672,9.278057098388672
4,486,18.672591645037755,18.68371897097677,False,6.901098728179932,0.12044689059257507,27.91208839416504,0.4871578514575958,-2.065934181213379,-0.036057353019714355,93.67032623291016,1.6348556280136108,45.098899841308594,0.7871242761611938,3.571428571428571,0.03571428571428571,0.12060484290122986,0.13888126611709595,-0.0759040117263794,1.6110947132110596,1.0941733121871948,0.0010269805788993835,6.9101481437683105,0.1206048369093315,23.91208839416504,0.41734467350610355,-4.348979473114014,-0.07590401090748775,92.30892181396484,1.6110946146197032,49.098899841308594,0.8569374613377564,0.10269805788993835,0.0010269805788993835,False,False,0.0,0.0,0.0,0.0,0.0,15.954778671264648,15.954778671264648,0.0,0.0,0.0,0.0,0.0,0.0,0.0,13.592609405517578,13.592609405517578
4,487,18.70620279700961,18.71779449598398,False,7.07692289352417,0.12351560592651367,27.91208839416504,0.4871578514575958,-2.5054945945739746,-0.04372913017868996,93.23076629638672,1.6271837949752808,45.978023529052734,0.8024678826332092,3.571428571428571,0.03571428571428571,0.11245511472225189,0.17706015706062317,-0.056744128465652466,1.5986438989639282,1.1470905542373657,5.7384371757507324e-05,6.443202972412109,0.11245510624287668,23.91208839416504,0.41734467350610355,-3.2511990070343018,-0.056744127310318845,91.59554290771484,1.5986438038913646,49.978023529052734,0.8722810642211661,0.005738437175750732,5.7384371757507324e-05,False,False,0.0,0.0,0.0,0.0,0.0,13.767288208007812,13.767289161682129,0.0,0.0,0.0,0.0,0.0,0.0,0.0,15.745418548583984,15.745418548583984
4,488,18.741123268962838,18.752567498013377,False,6.901098728179932,0.12044689059257507,27.91208839416504,0.4871578514575958,-2.5054945945739746,-0.04372913017868996,92.96703338623047,1.6225807666778564,47.03296661376953,0.820880115032196,3.571428571428571,0.03571428571428571,0.12401111423969269,0.14496690034866333,-0.06779912114143372,1.6009150743484497,1.212122917175293,0.0010928884148597717,7.105313301086426,0.12401111148970533,23.91208839416504,0.41734467350610355,-3.884603261947632,-0.06779911705469793,91.72566986083984,1.6009149476689841,51.03296661376953,0.8906932944706197,0.10928884148597717,0.0010928884148597717,False,False,0.0,0.0,0.0,0.0,0.0,15.606098175048828,15.606097221374512,0.0,0.0,0.0,0.0,0.0,0.0,0.0,18.41655731201172,18.41655731201172
4,489,18.773838927969337,18.78731984901242,False,6.1978020668029785,0.10817205160856247,27.91208839416504,0.4871578514575958,-2.5054945945739746,-0.04372913017868996,92.52747344970703,1.614909052848816,47.912086486816406,0.8362236618995667,3.571428571428571,0.03571428571428571,0.137093648314476,0.16398867964744568,-0.03234899044036865,1.5837613344192505,1.2546892166137695,0.0012963339686393738,7.854887008666992,0.13709364067336738,23.91208839416504,0.41734467350610355,-1.8534605503082275,-0.03234898915870457,90.74283599853516,1.583761260771675,51.912086486816406,0.9060368307750022,0.12963339686393738,0.0012963339686393738,False,False,0.0,0.0,0.0,0.0,0.0,14.516229629516602,14.516229629516602,0.0,0.0,0.0,0.0,0.0,0.0,0.0,19.976303100585938,19.976303100585938
4,490,18.807503505959176,18.819699376937933,False,6.1978020668029785,0.10817205160856247,27.91208839416504,0.4871578514575958,-2.5054945945739746,-0.04372913017868996,92.26373291015625,1.610305905342102,48.96703338623047,0.8546359539031982,3.571428571428571,0.03571428571428571,0.15421585738658905,0.15715822577476501,-0.05875936150550842,1.5521131753921509,1.3171770572662354,-0.0005727112293243408,8.835917472839355,0.15421585233554339,23.91208839416504,0.41734467350610355,-3.3666632175445557,-0.05875935795193862,88.92952728271484,1.5521130533255,52.96703338623047,0.9244491276034831,0.0,0.0,True,False,0.05727112293243408,0.0,0.0,0.0,0.0,14.907585144042969,14.907586097717285,0.0,0.0,0.0,0.0,0.0,0.0,0.0,22.50164794921875,22.50164794921875
4,491,18.8410453699762,18.852119388990104,False,6.461538314819336,0.11277511715888977,27.91208839416504,0.4871578514575958,-2.4175825119018555,-0.042194776237010956,91.9120864868164,1.6041685342788696,49.846153259277344,0.8699795007705688,3.571428571428571,0.03571428571428571,0.16722746193408966,0.18904849886894226,-0.04752981662750244,1.5442712306976318,1.3904354572296143,-0.001275479793548584,9.581427574157715,0.16722745821042528,23.91208839416504,0.41734467350610355,-2.7232577800750732,-0.047529814642861656,88.48021697998047,1.5442711091796528,53.846153259277344,0.9397926639078655,0.0,0.0,True,False,0.1275479793548584,0.0,0.0,0.0,0.0,13.080408096313477,13.080408096313477,0.0,0.0,0.0,0.0,0.0,0.0,0.0,25.819923400878906,25.819923400878906
4,492,18.87434011604637,18.886615380994044,False,7.340659141540527,0.12811866402626038,27.91208839416504,0.4871578514575958,-1.890109896659851,-0.032988641411066055,91.03296661376953,1.588824987411499,50.901100158691406,0.8883917927742004,3.571428571428571,0.03571428571428571,0.19479714334011078,0.17438194155693054,-0.0644039511680603,1.53131902217865,1.4657801389694214,0.0011277273297309875,11.161053657531738,0.19479713431568443,23.91208839416504,0.41734467350610355,-3.6900744438171387,-0.06440394868830758,87.73811340332031,1.531318958376107,54.901100158691406,0.9582049607363464,0.11277273297309875,0.0011277273297309875,False,False,0.0,0.0,0.0,0.0,0.0,13.920740127563477,13.920740127563477,0.0,0.0,0.0,0.0,0.0,0.0,0.0,29.0819091796875,29.0819091796875
4,493,18.90786894003395,18.919396630953997,False,8.307692527770996,0.14499658346176147,27.91208839416504,0.4871578514575958,-1.802197813987732,-0.031454283744096756,90.32967376708984,1.5765502452850342,51.868133544921875,0.9052696824073792,3.571428571428571,0.03571428571428571,0.21732018887996674,0.19365856051445007,-0.06805440783500671,1.5025228261947632,1.5321074724197388,0.0019969046115875244,12.307692527770996,0.2148097579327075,23.91208839416504,0.41734467350610355,-3.8992302417755127,-0.06805440601231724,86.32967376708984,1.5067370494082941,55.868133544921875,0.9750828773027781,0.19969046115875244,0.0019969046115875244,False,False,0.0,0.0,0.14383602142333984,0.14383602142333984,0.0,12.81627082824707,12.81627082824707,0.0,0.0,0.0,0.0,0.24146270751953125,0.24146270751953125,0.0,31.91515350341797,31.91515350341797
4,494,18.941265407018363,18.953839158988558,False,9.274724960327148,0.16187448799610138,27.91208839416504,0.4871578514575958,-1.802197813987732,-0.031454283744096756,89.0988998413086,1.5550692081451416,52.74725341796875,0.9206132292747498,3.571428571428571,0.03571428571428571,0.23404882848262787,0.23801013827323914,-0.05934229493141174,1.482642412185669,1.5722187757492065,0.0015859231352806091,13.274724960327148,0.2316876578543824,23.91208839416504,0.41734467350610355,-3.4000627994537354,-0.05934229062504334,85.0988998413086,1.485255992055715,56.74725341796875,0.9904264136071605,0.1585923135280609,0.0015859231352806091,False,False,0.0,0.0,0.135284423828125,0.135284423828125,0.0,10.275113105773926,10.275113105773926,0.0,0.0,0.0,0.0,0.149749755859375,0.149749755859375,0.0,33.33424377441406,33.33424377441406
4,495,18.97507579694502,18.988174867001362,False,10.15384578704834,0.17721803486347198,27.91208839416504,0.4871578514575958,-1.802197813987732,-0.031454283744096756,88.3956069946289,1.5427943468093872,53.80219650268555,0.9390254616737366,3.571428571428571,0.03571428571428571,0.24256958067417145,0.2636217772960663,-0.06527698040008545,1.4587528705596924,1.624826192855835,0.0005764663219451904,13.898212432861328,0.24256956709504152,23.91208839416504,0.41734467350610355,-3.740095376968384,-0.06527697866671679,84.3956069946289,1.4729812162754308,57.80219650268555,1.0088386438566141,0.05764663219451904,0.0005764663219451904,False,False,0.0,0.0,0.0,0.0,0.0,8.807674407958984,8.807674407958984,0.0,0.0,0.0,0.0,0.8152313232421875,0.8152313232421875,0.0,35.29348373413086,35.29348373413086
4,496,19.009763000998646,19.02135019900743,False,11.20879077911377,0.1956302970647812,27.91208839416504,0.4871578514575958,-1.802197813987732,-0.031454283744096756,87.6043930053711,1.5289851427078247,54.68132019042969,0.954369068145752,3.571428571428571,0.03571428571428571,0.2565486431121826,0.27548423409461975,-0.07938918471336365,1.4414594173431396,1.664808988571167,0.0006071403622627258,14.699153900146484,0.25654863281492196,23.91208839416504,0.41734467350610355,-4.5486650466918945,-0.07938918163515517,83.6043930053711,1.459171927075043,58.68132019042969,1.024182246740024,0.06071403622627258,0.0006071403622627258,False,False,0.0,0.0,0.0,0.0,0.0,8.128005027770996,8.128005027770996,0.0,0.0,0.0,0.0,1.0148544311523438,1.0148544311523438,0.0,36.7052001953125,36.7052001953125
4,497,19.042026235954836,19.053013938013464,False,12.263736724853516,0.21404258906841278,27.91208839416504,0.4871578514575958,-1.802197813987732,-0.031454283744096756,86.19779968261719,1.504435420036316,55.64834976196289,0.9712468981742859,3.571428571428571,0.03571428571428571,0.2655262351036072,0.2884802520275116,-0.0871334969997406,1.4468116760253906,1.6849619150161743,0.0007274746894836426,15.213531494140625,0.2655262154286063,23.91208839416504,0.41734467350610355,-4.992381572723389,-0.08713349595991586,82.89619445800781,1.4468115306657126,59.64834976196289,1.0410600967274284,0.07274746894836426,0.0007274746894836426,False,False,0.0,0.0,0.0,0.0,0.0,7.383388519287109,7.383388519287109,0.0,0.0,0.0,0.0,0.0,0.0,0.0,36.89284896850586,36.89284896850586
4,498,19.07608380704187,19.08778387401253,False,13.406593322753906,0.2339891940355301,27.91208839416504,0.4871578514575958,-1.890109896659851,-0.032988641411066055,84.96703338623047,1.482954502105713,56.61538314819336,0.9881248474121094,3.571428571428571,0.03571428571428571,0.2694656252861023,0.2835976779460907,-0.09721687436103821,1.447808861732483,1.703048586845398,0.0013960525393486023,15.439242362976074,0.269465613247322,23.91208839416504,0.41734467350610355,-5.5701165199279785,-0.09721687299247157,82.95333099365234,1.4478087513358928,60.61538314819336,1.05793801329386,0.13960525393486023,0.0013960525393486023,False,False,0.0,0.0,0.0,0.0,0.0,7.663139343261719,7.663139343261719,0.0,0.0,0.0,0.0,0.0,0.0,0.0,36.96210861206055,36.96210861206055
4,499,19.109331924002618,19.121038745972328,False,14.285714149475098,0.2493327409029007,27.91208839416504,0.4871578514575958,-2.153846263885498,-0.037591706961393356,84.79120635986328,1.4798856973648071,57.67033004760742,1.0065370798110962,3.571428571428571,0.03571428571428571,0.28550076484680176,0.31529995799064636,-0.09371057152748108,1.4298244714736938,1.7406221628189087,0.00037147849798202515,16.357988357543945,0.28550075584204126,23.91208839416504,0.41734467350610355,-5.369219779968262,-0.09371056342365165,81.92290496826172,1.4298244244945877,61.67033004760742,1.0763503101223408,0.037147849798202515,0.00037147849798202515,False,False,0.0,0.0,0.0,0.0,0.0,5.846733093261719,5.846733093261719,0.0,0.0,0.0,0.0,0.0,0.0,0.0,38.05997085571289,38.05997085571289
4,500,19.14274706004653,19.154354688944295,False,14.813186645507812,0.2585388720035553,27.91208839416504,0.4871578514575958,-2.4175825119018555,-0.042194776237010956,84.26373291015625,1.470679521560669,58.5494499206543,1.0218806266784668,3.571428571428571,0.03571428571428571,0.2927631139755249,0.34515026211738586,-0.09377366304397583,1.4177823066711426,1.7740778923034668,0.0006271004676818848,16.774089813232422,0.29276309626614644,23.91208839416504,0.41734467350610355,-5.3728346824646,-0.09377365537435131,81.23294067382812,1.4177822758355219,62.5494499206543,1.0916938464267234,0.06271004676818848,0.0006271004676818848,False,False,0.0,0.0,0.0,0.0,0.0,4.136436462402344,4.136436462402344,0.0,0.0,0.0,0.0,0.0,0.0,0.0,39.097721099853516,39.097721099853516
4,501,19.17614463099744,19.187057208968326,False,15.076923370361328,0.2631419599056244,27.91208839416504,0.4871578514575958,-2.5054945945739746,-0.04372913017868996,83.29669952392578,1.4538016319274902,59.60439682006836,1.0402929782867432,3.571428571428571,0.03571428571428571,0.2978719472885132,0.35653892159461975,-0.11569300293922424,1.4158804416656494,1.8072965145111084,-0.00022576749324798584,17.066804885864258,0.29787193805378637,23.91208839416504,0.41734467350610355,-6.505494594573975,-0.1135423001460095,81.12397003173828,1.415880379343042,63.60439682006836,1.1101061432552042,0.0,0.0,True,False,0.022576749324798584,0.0,0.0,0.0,0.0,3.4839134216308594,3.4839134216308594,0.0,0.12322568893432617,0.12322568893432617,0.0,0.0,0.0,0.0,39.9460563659668,39.9460563659668
4,502,19.2103695779806,19.223481232998893,False,15.340659141540527,0.2677450180053711,27.91208839416504,0.4871578514575958,-2.5054945945739746,-0.04372913017868996,82.4175796508789,1.4384580850601196,60.57143020629883,1.0571708679199219,3.571428571428571,0.03571428571428571,0.30393314361572266,0.40760084986686707,-0.10877388715744019,1.407391905784607,1.8172942399978638,-0.0006872788071632385,17.414085388183594,0.30393312624723856,23.91208839416504,0.41734467350610355,-6.2322845458984375,-0.10877388524708739,80.63761138916016,1.4073918196845232,64.57142639160156,1.1269839932426087,0.0,0.0,True,False,0.06872788071632385,0.0,0.0,0.0,0.0,0.5582809448242188,0.5582809448242188,0.0,0.0,0.0,0.0,0.0,0.0,0.0,39.55185317993164,39.551856994628906
4,503,19.24383904703427,19.258206508937292,False,15.780220031738281,0.2754167914390564,27.91208839416504,0.4871578514575958,-2.681318759918213,-0.04679784178733826,82.15384674072266,1.4338550567626953,61.53845977783203,1.0740487575531006,3.571428571428571,0.03571428571428571,0.316761314868927,0.4328020513057709,-0.13042864203453064,1.4039547443389893,1.8176027536392212,0.0011717304587364197,18.149085998535156,0.31676130690204124,24.7977294921875,0.43280202665757334,-6.681318759918213,-0.11661101073583736,80.440673828125,1.4039546108236125,65.53845977783203,1.1438619098090403,0.11717304587364197,0.0011717304587364197,False,False,0.0,0.0,0.0,0.0,0.0,0.0,0.0,0.0,0.791691780090332,0.791691780090332,0.0,0.0,0.0,0.0,38.602500915527344,38.602500915527344
4,504,19.27765612397343,19.29132003802806,False,16.395605087280273,0.2861572802066803,27.91208839416504,0.4871578514575958,-3.0329670906066895,-0.05293526127934456,81.89010620117188,1.4292519092559814,62.5054931640625,1.0909266471862793,3.571428571428571,0.03571428571428571,0.315280556678772,0.42409685254096985,-0.13173183798789978,1.4108470678329468,1.8087599277496338,-0.0009166821837425232,18.06424331665039,0.3152805227569299,24.29895782470703,0.42409681884437683,-7.0329670906066895,-0.12274843191549309,80.83557891845703,1.4108470048827921,66.5054931640625,1.160739826375472,0.0,0.0,True,False,0.09166821837425232,0.0,0.0,0.0,0.0,0.0,0.0,0.0,0.5147109031677246,0.5147109031677246,0.0,0.0,0.0,0.0,37.128814697265625,37.128814697265625
4,505,19.31070070399437,19.32180105498992,False,17.098901748657227,0.2984321415424347,27.91208839416504,0.4871578514575958,-3.384615421295166,-0.05907268077135086,81.36264038085938,1.4200459718704224,63.47252655029297,1.107804536819458,3.571428571428571,0.03571428571428571,0.32173001766204834,0.42938193678855896,-0.1362767517566681,1.420740008354187,1.82096266746521,0.0010523200035095215,18.43377113342285,0.3217299998373157,24.60177230834961,0.42938192860666635,-7.384615421295166,-0.12888585309514883,81.40240478515625,1.4207399825421638,67.47252655029297,1.1776177429419037,0.10523200035095215,0.0010523200035095215,False,False,0.0,0.0,0.0,0.0,0.0,0.0,0.0,0.0,0.42346668243408203,0.42346668243408203,0.0,0.0,0.0,0.0,36.86094665527344,36.86094665527344
4,506,19.34424368699547,19.355145083973184,False,17.714284896850586,0.3091726005077362,27.91208839416504,0.4871578514575958,-3.8241758346557617,-0.06674446165561676,81.27472686767578,1.4185116291046143,64.35164642333984,1.1231480836868286,3.571428571428571,0.03571428571428571,0.31876546144485474,0.44496074318885803,-0.13249966502189636,1.4251238107681274,1.836687445640564,-0.00147266685962677,18.263914108276367,0.3187654354908667,25.49437141418457,0.4449607219038437,-7.591670989990234,-0.13249965450346707,81.65357208251953,1.4251236788544888,68.35164642333984,1.1929612792462863,0.0,0.0,True,False,0.147266685962677,0.0,0.0,0.0,0.0,0.0,0.0,0.0,0.0,0.0,0.0,0.0,0.0,0.0,36.882789611816406,36.882789611816406
4,507,19.377361827995628,19.38957429502625,False,17.89011001586914,0.3122413158416748,27.91208839416504,0.4871578514575958,-4.175824165344238,-0.07288187742233276,81.27472686767578,1.4185116291046143,65.4065933227539,1.141560435295105,3.571428571428571,0.03571428571428571,0.3293066620826721,0.5055264234542847,-0.16688284277915955,1.4240974187850952,1.8413341045379639,-0.0007317140698432922,18.867881774902344,0.32930665984907753,28.964529037475586,0.505526397993453,-8.175824165344238,-0.14269505074937422,81.59476470947266,1.4240972965703722,69.4065933227539,1.211373576074767,0.0,0.0,True,False,0.07317140698432922,0.0,0.0,0.0,0.0,0.0,0.0,0.0,1.3858575820922852,1.3858575820922852,0.0,0.0,0.0,0.0,36.09407043457031,36.09407043457031
4,508,19.410841102013364,19.421999695012346,False,17.9780216217041,0.3137756586074829,27.91208839416504,0.4871578514575958,-4.439560413360596,-0.07748494297266006,81.36264038085938,1.4200459718704224,66.28571319580078,1.1569039821624756,3.571428571428571,0.03571428571428571,0.33688294887542725,0.5111430883407593,-0.1737801730632782,1.4181498289108276,1.8490357398986816,0.0008039548993110657,19.301969528198242,0.3368829203866758,29.286340713500977,0.5111430713114574,-8.439559936523438,-0.14729810831173762,81.25399780273438,1.418149792065953,70.28571319580078,1.2267171123791496,0.08039548993110657,0.0008039548993110657,False,False,0.0,0.0,0.0,0.0,0.0,0.0,0.0,0.0,1.5173096656799316,1.5173101425170898,0.0,0.0,0.0,0.0,35.656227111816406,35.656227111816406
4,509,19.444419143954292,19.455294677987695,False,17.80219841003418,0.3107069730758667,28.0,0.48869219422340393,-4.791208744049072,-0.08362236618995667,81.36264038085938,1.4200459718704224,67.25274658203125,1.1737818717956543,3.571428571428571,0.03571428571428571,0.3369426131248474,0.5416525602340698,-0.1972348988056183,1.4149113893508911,1.8659924268722534,0.00038830190896987915,19.305389404296875,0.3369426084846072,31.034404754638672,0.5416525443650277,-8.791208267211914,-0.15343552949139336,81.06844329833984,1.414911255022362,71.25274658203125,1.2435950289455813,0.038830190896987915,0.00038830190896987915,False,False,0.0,0.0,0.0,0.0,0.0,0.0,0.0,0.0,2.5095181465148926,2.509518623352051,0.0,0.0,0.0,0.0,35.660736083984375,35.660736083984375
4,510,19.478068785974756,19.645577781950124,False,18.065933227539062,0.315310001373291,28.879121780395508,0.5040357708930969,-5.318681240081787,-0.09282849729061127,81.36264038085938,1.4200459718704224,68.30769348144531,1.1921941041946411,3.571428571428571,0.03571428571428571,0.3379194736480713,0.5021072626113892,-0.12058928608894348,1.3868868350982666,1.364039421081543,0.0011484846472740173,19.361358642578125,0.33791945597244827,28.768625259399414,0.5021072320489275,-6.909256935119629,-0.12058928238408975,79.46276092529297,1.386886810871458,72.30769348144531,1.262007325774062,0.11484846472740173,0.0011484846472740173,False,False,0.0,0.0,0.0,0.0,0.0,0.0,0.0,0.0,0.0,0.0,0.0,0.0,0.0,0.0,5.846000671386719,5.846000671386719
4,511,19.64712200895883,19.658408929943107,False,19.208791732788086,0.3352566659450531,32.21977996826172,0.5623412132263184,-6.02197790145874,-0.10510334372520447,81.0988998413086,1.4154428243637085,70.5934066772461,1.2320873737335205,3.571428571428571,0.03571428571428571,0.34450197219848633,0.5078303813934326,-0.10204699635505676,1.3853031396865845,1.3586764335632324,0.0011331811547279358,19.738508224487305,0.3445019579492835,29.09653663635254,0.5078303652315078,-5.846861839294434,-0.10204699000489943,79.37201690673828,1.385303028971188,74.5934066772461,1.3019005467970675,0.11331811547279358,0.0011331811547279358,False,False,0.0,0.0,0.0,0.0,0.0,0.0,0.0,0.0,0.0,0.0,0.0,0.0,0.0,0.0,3.2530136108398438,3.2530136108398438
4,512,19.680508484947495,19.69145035301335,False,18.769229888916016,0.3275848627090454,32.21977996826172,0.5623412132263184,-6.1978020668029785,-0.10817205160856247,80.92308044433594,1.4123741388320923,70.68132019042969,1.2336217164993286,3.571428571428571,0.03571428571428571,0.3442623019218445,0.49002715945243835,-0.08814674615859985,1.381430745124817,1.3437072038650513,0.022574815899133682,19.724775314331055,0.3442622734511764,28.21977996826172,0.49252807463450793,-5.050436019897461,-0.08814673720852854,79.150146484375,1.3814306595881582,74.68132019042969,1.3034349270591166,2.2574815899133682,0.022574815899133682,False,False,0.0,0.0,0.0,0.0,0.0,0.1432933807373047,0.1432933807373047,0.0,0.0,0.0,0.0,0.0,0.0,0.0,2.3074264526367188,2.3074264526367188
4,513,19.71435536001809,19.725481202010997,False,18.769229888916016,0.3275848627090454,32.21977996826172,0.5623412132263184,-6.02197790145874,-0.10510334372520447,80.65933990478516,1.4077709913253784,71.56044006347656,1.2489652633666992,3.571428571428571,0.03571428571428571,0.35049527883529663,0.48387953639030457,-0.10843273997306824,1.386722207069397,1.3972337245941162,0.0046158283948898315,20.081899642944336,0.3504952688244523,28.21977996826172,0.49252807463450793,-6.212738037109375,-0.10843273431144825,79.45332336425781,1.3867220943580367,75.56044006347656,1.3187784633634991,0.46158283948898315,0.0046158283948898315,False,False,0.0,0.0,0.0,0.0,0.0,0.4955253601074219,0.4955253601074219,0.0,0.0,0.0,0.0,0.0,0.0,0.0,4.495147705078125,4.495147705078125
4,514,19.747723396052606,19.76193705596961,False,18.94505500793457,0.330653578042984,32.0439567565918,0.5592725276947021,-5.230769157409668,-0.09129414707422256,80.13186645507812,1.3985649347305298,72.79120635986328,1.2704461812973022,3.571428571428571,0.03571428571428571,0.3483937978744507,0.4912213981151581,-0.1299164593219757,1.3847846984863281,1.4163503646850586,0.001045919954776764,19.96149253845215,0.3483937684082708,28.14491081237793,0.4912213613561469,-7.44366455078125,-0.12991645482511746,79.34231567382812,1.384784644665004,76.79120635986328,1.3402593875580238,0.10459199547767639,0.001045919954776764,False,False,0.0,0.0,0.0,0.0,0.0,0.0,0.0,0.0,0.0,0.0,0.0,0.0,0.0,0.0,4.359687805175781,4.359687805175781
4,515,19.78126002603676,19.79366874299012,False,19.384614944458008,0.3383253514766693,32.0439567565918,0.5592725276947021,-4.9670329093933105,-0.08669107407331467,80.04395294189453,1.3970304727554321,73.67032623291016,1.2857897281646729,3.6401098901098905,0.036401098901098904,0.34825223684310913,0.5051792860031128,-0.13304463028907776,1.3775660991668701,1.4390935897827148,0.0017913281917572021,19.95338249206543,0.34825222139633305,28.944639205932617,0.5051792549453612,-7.622895240783691,-0.13304462048628135,78.92871856689453,1.3775660133722898,77.67032623291016,1.3556029238624063,0.17913281917572021,0.0017913281917572021,False,False,0.0,0.0,0.0,0.0,0.0,0.0,0.0,0.0,0.0,0.0,0.0,0.0,0.0,0.0,4.783660888671875,4.783660888671875
4,516,19.815124050015584,19.82584017503541,False,19.824174880981445,0.3459971249103546,32.0439567565918,0.5592725276947021,-5.05494499206543,-0.08822543174028397,79.95604705810547,1.3954962491989136,74.54945373535156,1.301133394241333,3.6401098901098905,0.036401098901098904,0.3502286672592163,0.4915274679660797,-0.13239559531211853,1.3788143396377563,1.4992598295211792,0.0011852234601974487,20.06662368774414,0.35022865310982176,28.162446975708008,0.49152742514442427,-7.5857086181640625,-0.13239559148387223,79.00023651123047,1.3788142369752099,78.54945373535156,1.3709465933248435,0.11852234601974487,0.0011852234601974487,False,False,0.0,0.0,0.0,0.0,0.0,0.0,0.0,0.0,0.0,0.0,0.0,0.0,0.0,0.0,7.351799011230469,7.351799011230469
4,517,19.84867785696406,19.859274522052146,False,20.0,0.3490658402442932,32.0439567565918,0.5592725276947021,-5.142857074737549,-0.08975978940725327,79.69230651855469,1.3908931016921997,75.69230651855469,1.321079969406128,3.571428571428571,0.03571428571428571,0.3428146243095398,0.4997803270816803,-0.13807609677314758,1.3795853853225708,1.5230333805084229,0.0015738233923912048,19.641830444335938,0.3428146123721229,28.63530158996582,0.4997802950464708,-7.911177158355713,-0.13807608912187602,79.04441833496094,1.3795853552688424,79.69230651855469,1.3908931372573188,0.15738233923912048,0.0015738233923912048,False,False,0.0,0.0,0.0,0.0,0.0,0.0,0.0,0.0,0.0,0.0,0.0,0.0,0.0,0.0,7.571075439453125,7.571075439453125
4,518,19.881946985027753,19.8930140909506,False,20.0,0.3490658402442932,31.956043243408203,0.557738184928894,-5.142857074737549,-0.08975978940725327,79.51648712158203,1.387824535369873,76.57142639160156,1.3364235162734985,3.571428571428571,0.03571428571428571,0.3459874987602234,0.5220588445663452,-0.1429404318332672,1.375954031944275,1.5319706201553345,0.0008649155497550964,19.82362174987793,0.3459874692053297,29.911766052246094,0.5220588026979606,-8.1898832321167,-0.1429404277543114,78.83635711669922,1.375954001964465,80.57142639160156,1.4062366735617013,0.08649155497550964,0.0008649155497550964,False,False,0.0,0.0,0.0,0.0,0.0,0.0,0.0,0.0,0.0,0.0,0.0,0.0,0.0,0.0,7.204017639160156,7.204017639160156
4,519,19.915729318046942,19.92707395798061,False,19.824174880981445,0.3459971249103546,31.956043243408203,0.557738184928894,-5.230769157409668,-0.09129414707422256,79.51648712158203,1.387824535369873,77.62637329101562,1.3548357486724854,3.571428571428571,0.03571428571428571,0.3389934301376343,0.5255546569824219,-0.13444873690605164,1.3785815238952637,1.5149449110031128,0.011369843035936356,19.42289161682129,0.33899340897153635,30.112062454223633,0.5255546343923667,-7.703344821929932,-0.1344487305591336,78.98690032958984,1.378581476695937,81.62637329101562,1.4246489703901821,1.1369843035936356,0.011369843035936356,False,False,0.0,0.0,0.0,0.0,0.0,0.0,0.0,0.0,0.0,0.0,0.0,0.0,0.0,0.0,5.1735687255859375,5.1735687255859375
4,520,19.949822433991358,19.96112763695419,False,19.560440063476562,0.3413940668106079,31.956043243408203,0.557738184928894,-5.230769157409668,-0.09129414707422256,79.42857360839844,1.3862900733947754,78.5934066772461,1.3717137575149536,3.571428571428571,0.03571428571428571,0.345522403717041,0.5441720485687256,-0.11902245879173279,1.370909571647644,1.4959036111831665,0.10220964252948761,19.796974182128906,0.345522381410461,31.178760528564453,0.5441720279142972,-6.819484233856201,-0.11902245316863368,78.54732513427734,1.3709094422276367,82.5934066772461,1.4415268869566138,8.571428571428571,0.08571428571428572,False,True,1.6495356815201898,0.0,0.0,0.0,0.0,0.0,0.0,0.0,0.0,0.0,0.0,0.0,0.0,0.0,3.1155548095703125,3.1155548095703125
4,521,19.982683517038822,19.993482040939853,False,19.384614944458008,0.3383253514766693,32.0439567565918,0.5592725276947021,-5.230769157409668,-0.09129414707422256,79.42857360839844,1.3862900733947754,79.56044006347656,1.3885916471481323,3.571428571428571,0.03571428571428571,0.35087865591049194,0.5431889295578003,-0.12885043025016785,1.3716343641281128,1.4654194116592407,0.14544221758842468,20.103864669799805,0.35087863086336923,31.1224308013916,0.5431888887083809,-7.382585525512695,-0.12885042473027236,78.58885955810547,1.3716343546763563,83.56044006347656,1.4584048035230455,8.571428571428571,0.08571428571428572,False,True,5.972793187413897,0.0,0.0,0.0,0.0,0.0,0.0,0.0,0.0,0.0,0.0,0.0,0.0,0.0,0.4019012451171875,0.4019012451171875
4,522,20.016586643992923,20.027364353998564,False,19.384614944458008,0.3383253514766693,32.0439567565918,0.5592725276947021,-5.230769157409668,-0.09129414707422256,79.16483306884766,1.3816869258880615,80.52747344970703,1.405469536781311,3.7774725274725274,0.03777472527472527,0.3580060601234436,0.5549348592758179,-0.14614906907081604,1.370734453201294,1.4764326810836792,0.17059049010276794,20.512235641479492,0.35800604888874826,31.79542350769043,0.5549348272752026,-8.373723983764648,-0.1461490541699093,78.53729248046875,1.3707343393859641,84.52747344970703,1.4752827200894771,8.777472527472527,0.08777472527472527,False,True,8.281576482804267,0.0,0.0,0.0,0.0,0.0,0.0,0.0,0.0,0.0,0.0,0.0,0.0,0.0,0.06587982177734375,0.06587982177734375
4,523,20.0497276870301,20.060475565027446,False,19.384614944458008,0.3383253514766693,32.0439567565918,0.5592725276947021,-5.318681240081787,-0.09282849729061127,78.989013671875,1.3786183595657349,81.5824203491211,1.4238818883895874,4.807692307692308,0.04807692307692309,0.35841238498687744,0.5676270723342896,-0.15042075514793396,1.3770105838775635,1.4711103439331055,0.18180468678474426,20.5355167388916,0.3584123806920671,32.52263259887695,0.5676270202668431,-8.618474006652832,-0.1504207479136396,78.89688873291016,1.3770104779688992,84.28840637207031,1.4711102124515956,9.807692307692308,0.09807692307692309,False,True,8.372776370782118,0.0,0.0,0.0,0.0,0.0,0.0,0.0,0.0,0.0,0.0,0.0,0.0,0.0,0.0,0.0
4,524,20.083139110938646,20.09383958997205,False,19.736263275146484,0.3444627821445465,32.131866455078125,0.5608068704605103,-5.318681240081787,-0.09282849729061127,78.989013671875,1.3786183595657349,82.46154022216797,1.4392253160476685,5.906593406593406,0.05906593406593406,0.3630342483520508,0.5546115636825562,-0.14679011702537537,1.3750609159469604,1.4782291650772095,0.18687483668327332,20.800329208374023,0.3630342301848724,31.776899337768555,0.554611519518867,-8.410453796386719,-0.146790110333805,78.7851791381836,1.3750607777348522,84.6962890625,1.4782291083614865,10.906593406593405,0.10906593406593405,False,True,7.780890261733926,0.0,0.0,0.0,0.0,0.0,0.0,0.0,0.0,0.0,0.0,0.0,0.0,0.0,0.0,0.0
4,525,20.11659305403009,20.12717796699144,False,20.0,0.3490658402442932,32.74725341796875,0.5715473890304565,-5.406593322753906,-0.09436285495758057,78.989013671875,1.3786183595657349,83.07691955566406,1.4499657154083252,7.486263736263736,0.07486263736263736,0.36433953046798706,0.5674364566802979,-0.1658203899860382,1.373623013496399,1.4820547103881836,0.18706442415714264,20.8751163482666,0.3643395120141475,32.51171112060547,0.5674364045118206,-9.406593322753906,-0.1641760248781693,78.70279693603516,1.3736229370623185,84.91547393798828,1.4820546061093307,12.486263736263737,0.12486263736263738,False,True,6.220178679450527,0.0,0.0,0.0,0.0,0.0,0.0,0.0,0.09421443939208984,0.09421443939208984,0.0,0.0,0.0,0.0,0.0,0.0
4,526,20.149919055984356,20.16054465097841,False,20.351648330688477,0.3552032709121704,33.010990142822266,0.5761504769325256,-5.494505405426025,-0.09589721262454987,78.989013671875,1.3786183595657349,83.51648712158203,1.4576376676559448,8.653846153846153,0.08653846153846154,0.3644305467605591,0.5782794952392578,-0.14746466279029846,1.3737447261810303,1.4671365022659302,0.18634790182113647,20.88033103942871,0.3644305255444009,33.132972717285156,0.5782794648900783,-8.449102401733398,-0.14746465574840845,78.70977020263672,1.3737446435241352,84.06072235107422,1.467136376631034,13.653846153846153,0.13653846153846153,False,True,4.980944028267494,0.0,0.0,0.0,0.0,0.0,0.0,0.0,0.0,0.0,0.0,0.0,0.0,0.0,0.0,0.0
4,527,20.183325849007815,20.194446597015485,False,20.615385055541992,0.3598063290119171,33.36263656616211,0.5822878479957581,-5.670329570770264,-0.09896592050790787,79.07691955566406,1.3801525831222534,83.86813354492188,1.4637750387191772,9.89010989010989,0.09890109890109891,0.3571566343307495,0.5680558681488037,-0.15997716784477234,1.3768821954727173,1.4652782678604126,0.18509557843208313,20.463565826416016,0.3571566003695539,32.547203063964844,0.5680558557813731,-9.166015625,-0.15997715194549586,78.88953399658203,1.3768821136043574,83.95425415039062,1.465278155980431,14.89010989010989,0.1489010989010989,False,True,3.6194479530984225,0.0,0.0,0.0,0.0,0.0,0.0,0.0,0.0,0.0,0.0,0.0,0.0,0.0,0.0,0.0
4,528,20.21684476605151,20.228119513951242,False,20.791208267211914,0.3628750443458557,33.80219650268555,0.5899596214294434,-5.934065818786621,-0.10356898605823517,78.9011001586914,1.3770840167999268,83.86813354492188,1.4637750387191772,11.263736263736265,0.11263736263736264,0.3577980399131775,0.539972186088562,-0.15345498919487,1.376693606376648,1.4653986692428589,0.18489935994148254,20.500316619873047,0.35779802271809946,30.938125610351562,0.539972156296215,-8.792323112487793,-0.15345498721210776,78.87873077392578,1.3766935617991798,83.96115112304688,1.4653985308617026,16.263736263736263,0.16263736263736261,False,True,2.2261997304119916,0.0,0.0,0.0,0.0,0.0,0.0,0.0,0.0,0.0,0.0,0.0,0.0,0.0,0.0,0.0
4,529,20.25029357697349,20.262695002020337,False,20.791208267211914,0.3628750443458557,33.89011001586914,0.5914940237998962,-5.934065818786621,-0.10356898605823517,78.72527313232422,1.374015212059021,83.86813354492188,1.4637750387191772,12.5,0.125,0.3571847081184387,0.5255372524261475,-0.161830335855484,1.3755379915237427,1.4658997058868408,0.19034621119499207,20.46517562866211,0.35718469671905423,30.111064910888672,0.5255372239767403,-9.272194862365723,-0.16183032923478433,78.81251525878906,1.37553788304414,83.98986053466797,1.465899604620801,17.5,0.175,False,True,1.5346211194992065,0.0,0.0,0.0,0.0,0.0,0.0,0.0,0.0,0.0,0.0,0.0,0.0,0.0,0.0,0.0
4,530,20.283587179961614,20.29434932395816,False,20.791208267211914,0.3628750443458557,33.978023529052734,0.5930283665657043,-6.109889984130859,-0.10663769394159317,78.989013671875,1.3786183595657349,83.86813354492188,1.4637750387191772,13.804945054945057,0.13804945054945056,0.35796838998794556,0.5010637044906616,-0.15289059281349182,1.3756941556930542,1.4703713655471802,0.19257855415344238,20.51007652282715,0.3579683651593237,29.978023529052734,0.5232152138223002,-8.759984970092773,-0.1528905801533359,78.82146453857422,1.3756940774420732,84.2460708618164,1.4703713184071532,18.80494505494506,0.18804945054945058,False,True,0.45291036039918,0.0,0.0,0.0,0.0,1.2691898345947266,1.2691898345947266,0.0,0.0,0.0,0.0,0.0,0.0,0.0,0.0,0.0
4,531,20.317028222954832,20.328279061010107,False,20.615385055541992,0.3598063290119171,33.978023529052734,0.5930283665657043,-6.285714149475098,-0.10970640927553177,79.07691955566406,1.3801525831222534,83.86813354492188,1.4637750387191772,15.10989010989011,0.1510989010989011,0.36088496446609497,0.47182926535606384,-0.15809336304664612,1.37446129322052,1.481484293937683,0.19393867254257202,20.67718505859375,0.36088495931663755,29.978023529052734,0.5232152138223002,-9.05808162689209,-0.1580933483036715,78.75082397460938,1.374461167015421,84.8827896118164,1.4814841570038357,19.393867254257202,0.19393867254257202,False,False,0.0,0.0,0.0,0.0,0.0,2.9441986083984375,2.9441986083984375,0.0,0.0,0.0,0.0,0.0,0.0,0.0,0.0,0.0
4,532,20.350514417048544,20.361343118944205,False,20.615385055541992,0.3598063290119171,33.89011001586914,0.5914940237998962,-6.373626232147217,-0.11124075949192047,78.81318664550781,1.375549554824829,83.86813354492188,1.4637750387191772,16.346153846153847,0.16346153846153846,0.362851619720459,0.46519240736961365,-0.16633406281471252,1.3755079507827759,1.484782099723816,0.19341368973255157,20.789865493774414,0.3628516039131202,29.89011001586914,0.5216808335602511,-9.53023910522461,-0.16633405088848777,78.81079864501953,1.3755079224818767,85.07174682617188,1.4847820825397353,19.341368973255157,0.19341368973255157,False,False,0.0,0.0,0.0,0.0,0.0,3.2365493774414062,3.2365493774414062,0.0,0.0,0.0,0.0,0.0,0.0,0.0,0.0,0.0
4,533,20.383766448008828,20.394549846998416,False,20.615385055541992,0.3598063290119171,33.89011001586914,0.5914940237998962,-6.373626232147217,-0.11124075949192047,78.72527313232422,1.374015212059021,84.04395294189453,1.4668437242507935,17.582417582417584,0.17582417582417584,0.35890859365463257,0.4147525727748871,-0.14262917637825012,1.376959204673767,1.4844563007354736,0.19452404975891113,20.563945770263672,0.3589085608926625,29.89011001586914,0.5216808335602511,-8.172049522399902,-0.1426291708019084,78.8939437866211,1.3769590789598607,85.0530776977539,1.4844562447803642,19.452404975891113,0.19452404975891113,False,False,0.0,0.0,0.0,0.0,0.0,6.12653923034668,6.12653923034668,0.0,0.0,0.0,0.0,0.0,0.0,0.0,0.0,0.0
4,534,20.41720141703263,20.427942550973967,False,20.615385055541992,0.3598063290119171,33.89011001586914,0.5914940237998962,-6.373626232147217,-0.11124075949192047,78.989013671875,1.3786183595657349,84.3956069946289,1.4729812145233154,18.13186813186813,0.1813186813186813,0.3584638833999634,0.3425186574459076,-0.1368519365787506,1.382053017616272,1.4988349676132202,0.1958816647529602,20.538467407226562,0.35846387956964654,29.89011001586914,0.5216808335602511,-7.841037750244141,-0.13685192551492906,79.18579864501953,1.3820529071768552,85.87691497802734,1.498834917821811,19.58816647529602,0.1958816647529602,False,False,0.0,0.0,0.0,0.0,0.0,10.265237808227539,10.265237808227539,0.0,0.0,0.0,0.0,0.0,0.0,0.0,0.0,0.0
4,535,20.450631152954884,20.461621006950736,False,20.615385055541992,0.3598063290119171,33.978023529052734,0.5930283665657043,-6.373626232147217,-0.11124075949192047,79.07691955566406,1.3801525831222534,84.3956069946289,1.4729812145233154,18.543956043956044,0.18543956043956045,0.3499770164489746,0.23973557353019714,-0.09124398231506348,1.3839030265808105,1.4923274517059326,0.19529476761817932,20.052204132080078,0.34997698438680924,29.978023529052734,0.5232152138223002,-5.2278947830200195,-0.09124397691153388,79.29180145263672,1.3839030051861334,85.50405883789062,1.492327350540148,19.529476761817932,0.19529476761817932,False,False,0.0,0.0,0.0,0.0,0.0,16.2421875,16.2421875,0.0,0.0,0.0,0.0,0.0,0.0,0.0,0.0,0.0
4,536,20.483963739941828,20.494729537982494,False,20.615385055541992,0.3598063290119171,33.978023529052734,0.5930283665657043,-6.461538314819336,-0.11277511715888977,79.07691955566406,1.3801525831222534,84.74725341796875,1.4791185855865479,18.818681318681318,0.18818681318681318,0.3405316472053528,0.18993231654167175,-0.07028010487556458,1.3897557258605957,1.4814192056655884,0.19477719068527222,19.511024475097656,0.3405316175276525,29.978023529052734,0.5232152138223002,-4.026752948760986,-0.07028009712026972,79.62713623046875,1.389755701155746,84.87906646728516,1.4814191758732378,19.47771906852722,0.19477719068527222,False,False,0.0,0.0,0.0,0.0,0.0,19.095703125,19.095703125,0.0,0.0,0.0,0.0,0.0,0.0,0.0,0.0,0.0
4,537,20.5173341690097,20.52847442694474,False,20.615385055541992,0.3598063290119171,33.89011001586914,0.5914940237998962,-6.461538314819336,-0.11277511715888977,78.9011001586914,1.3770840167999268,84.92308044433594,1.4821873903274536,18.956043956043956,0.18956043956043955,0.3325973153114319,0.101631760597229,-0.012708514928817749,1.3870481252670288,1.4790737628936768,0.19577807188034058,19.056421279907227,0.33259729498149304,29.89011001586914,0.5216808335602511,-2.461538314819336,-0.04296194825759014,79.47200012207031,1.3870480652754624,84.74468231201172,1.4790737299012051,19.577807188034058,0.19577807188034058,False,False,0.0,0.0,0.0,0.0,0.0,24.067039489746094,24.067039489746094,0.0,1.7333941459655762,1.7333941459655762,0.0,0.0,0.0,0.0,0.0,0.0
4,538,20.550726511050016,20.5614097219659,False,20.351648330688477,0.3552032709121704,33.89011001586914,0.5914940237998962,-5.494505405426025,-0.09589721262454987,78.54945373535156,1.3709465265274048,84.92308044433594,1.4821873903274536,19.09340659340659,0.19093406593406592,0.31713569164276123,0.020775258541107178,0.041630566120147705,1.3855252265930176,1.4699705839157104,0.19545194506645203,18.170536041259766,0.3171356807722791,29.89011001586914,0.5216808335602511,-1.4945054054260254,-0.026084040013536872,79.3847427368164,1.3855251366061005,84.22310638427734,1.4699705126630962,19.545194506645203,0.19545194506645203,False,False,0.0,0.0,0.0,0.0,0.0,28.69977569580078,28.69977569580078,0.0,3.8797607421875,3.879760980606079,0.0,0.0,0.0,0.0,0.0,0.0
4,539,20.584091737982817,20.596018871990964,False,20.0,0.3490658402442932,33.80219650268555,0.5899596214294434,-4.087912082672119,-0.07134752720594406,78.72527313232422,1.374015212059021,85.010986328125,1.4837216138839722,19.024725274725274,0.19024725274725274,0.3055253028869629,-0.04069975018501282,0.07573699951171875,1.3870753049850464,1.4767616987228394,0.1964939534664154,17.50531005859375,0.3055252971049424,29.802196502685547,0.5201464532982019,-0.08791208267211914,-0.0015343552949139336,79.47355651855469,1.3870752295185813,84.6122055053711,1.4767615734427981,19.64939534664154,0.1964939534664154,False,False,0.0,0.0,0.0,0.0,0.0,32.13412094116211,32.13412094116211,0.0,4.4273223876953125,4.4273223876953125,0.0,0.0,0.0,0.0,0.0,0.0
4,540,20.617499043000862,20.78959517099429,False,19.560440063476562,0.3413940668106079,33.71428680419922,0.5884252786636353,-2.769230842590332,-0.04833219572901726,78.81318664550781,1.375549554824829,85.0988998413086,1.4852559566497803,19.09340659340659,0.19093406593406592,0.3574674725532532,0.34785547852516174,-0.04076072573661804,1.3830050230026245,1.5034421682357788,0.18958771228790283,20.48137664794922,0.3574674578477934,29.71428680419922,0.51861213961518,-2.3354175090789795,-0.04076072494215276,79.24034881591797,1.3830049872665586,86.14088439941406,1.5034420533495936,18.958771228790283,0.18958771228790283,False,False,0.0,0.0,0.0,0.0,0.0,9.783638000488281,9.783638000488281,0.0,0.0,0.0,0.0,0.0,0.0,0.0,0.0,0.0
4,541,20.79094116296619,20.8018216190394,False,17.714284896850586,0.3091726005077362,32.92307662963867,0.5746160745620728,-0.3076923191547394,-0.005370243918150663,79.42857360839844,1.3862900733947754,85.27472686767578,1.488324761390686,19.986263736263737,0.19986263736263737,0.3449925184249878,0.266164094209671,-0.04648444056510925,1.4068540334701538,1.5077641010284424,0.1876603662967682,19.76661491394043,0.3449925122220761,28.923076629638672,0.5048029169938194,-2.6633620262145996,-0.04648443653003229,80.60679626464844,1.4068539943023817,86.38851165771484,1.5077639643246286,18.76603662967682,0.1876603662967682,False,False,0.0,0.0,0.0,0.0,0.0,13.672998428344727,13.672998428344727,0.0,0.0,0.0,0.0,0.0,0.0,0.0,0.0,0.0
4,542,20.824416122981347,20.835206910967827,False,17.89011001586914,0.3122413158416748,32.92307662963867,0.5746160745620728,-0.21978022158145905,-0.0038358885794878006,79.42857360839844,1.3862900733947754,85.27472686767578,1.488324761390686,19.986263736263737,0.19986263736263737,0.31651026010513306,0.172855406999588,-0.011558949947357178,1.4254536628723145,1.499608039855957,0.18661083281040192,18.134700775146484,0.316510237390274,28.923076629638672,0.5048029169938194,-0.6622790098190308,-0.011558949288189941,81.67247772216797,1.4254536445135497,85.92120361328125,1.4996079003282066,18.66108328104019,0.18661083281040192,False,False,0.0,0.0,0.0,0.0,0.0,19.01919174194336,19.01919174194336,0.0,0.0,0.0,0.0,0.0,0.0,0.0,0.0,0.0
4,543,20.858241499052383,20.868994805961847,False,18.153846740722656,0.3168444037437439,32.74725341796875,0.5715473890304565,-0.3956044018268585,-0.006904599256813526,79.51648712158203,1.387824535369873,85.27472686767578,1.488324761390686,19.574175824175825,0.19574175824175824,0.30724000930786133,0.11139246821403503,-0.006706207990646362,1.4333456754684448,1.5037627220153809,0.18742601573467255,17.60355567932129,0.30724000666230356,28.74725341796875,0.5017342230487484,-0.3842373788356781,-0.006706207369915359,82.1246566772461,1.4333456560878906,86.15925598144531,1.503762697944839,18.742601573467255,0.18742601573467255,False,False,0.0,0.0,0.0,0.0,0.0,22.36493492126465,22.36493492126465,0.0,0.0,0.0,0.0,0.0,0.0,0.0,0.0,0.0
4,544,20.8915300789522,20.90285075304564,False,18.593406677246094,0.3245161771774292,32.659339904785156,0.5700129866600037,-0.5714285969734192,-0.009973309934139252,79.69230651855469,1.3908931016921997,85.89010620117188,1.4990651607513428,19.230769230769234,0.19230769230769235,0.29663777351379395,0.050879716873168945,-0.00735926628112793,1.4451518058776855,1.4968018531799316,0.18893767893314362,16.996091842651367,0.29663776262561636,28.659339904785156,0.5001998427866992,-0.4216548800468445,-0.007359265963919178,82.80109405517578,1.4451517155163207,85.76042175292969,1.49680172748759,18.89376789331436,0.18893767893314362,False,False,0.0,0.0,0.0,0.0,0.0,25.7441463470459,25.7441463470459,0.0,0.0,0.0,0.0,0.0,0.0,0.0,0.0,0.0
4,545,20.925359303946607,20.93670487497002,False,18.85714340209961,0.3291192352771759,32.57143020629883,0.5684787034988403,-0.3956044018268585,-0.006904599256813526,80.57142639160156,1.4062366485595703,85.53845977783203,1.4929277896881104,19.09340659340659,0.19093406593406592,0.29237842559814453,-0.0008684694766998291,-0.02154216170310974,1.4620981216430664,1.4927747249603271,0.18922029435634613,16.75204849243164,0.2923784026466845,28.571430206298828,0.4986655291036773,-1.2342748641967773,-0.02154216025483964,83.77204895019531,1.4620980753227675,85.5296859741211,1.4927746284452266,18.922029435634613,0.18922029435634613,False,False,0.0,0.0,0.0,0.0,0.0,28.62118911743164,28.62118911743164,0.0,0.0,0.0,0.0,0.0,0.0,0.0,0.0,0.0
4,546,20.9585092170164,20.969674807041883,False,18.329669952392578,0.3199130892753601,32.483516693115234,0.5669443011283875,0.04395604506134987,0.0007671777275390923,81.45054626464844,1.421580195426941,85.45054626464844,1.4913933277130127,18.681318681318682,0.18681318681318682,0.2781044840812683,-0.04397496581077576,-0.03505513072013855,1.474144458770752,1.4961562156677246,0.19071611762046814,15.934212684631348,0.27810447505986186,28.483516693115234,0.4971311488416281,-2.0085108280181885,-0.035055127010874966,84.46224975585938,1.474144351881523,85.72343444824219,1.4961561772393548,19.071611762046814,0.19071611762046814,False,False,0.0,0.0,0.0,0.0,0.0,31.003097534179688,31.003097534179688,0.0,0.0,0.0,0.0,0.0,0.0,0.0,0.0,0.0
4,547,20.99164895596914,21.002522771945223,False,17.714284896850586,0.3091726005077362,32.483516693115234,0.5669443011283875,0.04395604506134987,0.0007671777275390923,81.97801971435547,1.430786371231079,85.45054626464844,1.4913933277130127,18.612637362637365,0.18612637362637366,0.27400660514831543,-0.0946679562330246,-0.017221122980117798,1.4640536308288574,1.4987434148788452,0.1880054622888565,15.699420928955078,0.2740065858667729,28.483516693115234,0.4971311488416281,-0.9866976141929626,-0.01722112208923993,83.88408660888672,1.4640535013531581,85.87166595458984,1.4987433050803123,18.80054622888565,0.1880054622888565,False,False,0.0,0.0,0.0,0.0,0.0,33.9075927734375,33.9075927734375,0.0,0.0,0.0,0.0,0.0,0.0,0.0,0.0,0.0
4,548,21.0252677439712,21.037138720043004,False,16.74725341796875,0.2922947108745575,32.483516693115234,0.5669443011283875,-0.1318681389093399,-0.002301533240824938,82.5934066772461,1.4415268898010254,85.53845977783203,1.4929277896881104,18.475274725274726,0.18475274725274726,0.2602952718734741,-0.1543474942445755,0.03560575842857361,1.4630697965621948,1.510585069656372,0.1859334111213684,14.913819313049316,0.2602952510602295,28.483516693115234,0.4971311488416281,2.0400595664978027,0.03560575637219486,83.82772064208984,1.463069729646483,86.5501480102539,1.5105850508673495,18.59334111213684,0.1859334111213684,False,False,0.0,0.0,0.0,0.0,0.0,37.32697677612305,37.32697677612305,0.0,0.0,0.0,0.0,0.0,0.0,0.0,0.0,0.0
4,549,21.058598335948773,21.069825603044592,False,16.30769157409668,0.2846229076385498,32.483516693115234,0.5669443011283875,-0.04395604506134987,-0.0007671777275390923,83.03296661376953,1.449198603630066,85.62637329101562,1.4944621324539185,18.681318681318682,0.18681318681318682,0.25461483001708984,-0.20682857930660248,0.04446592926979065,1.4676517248153687,1.5014821290969849,0.187473863363266,14.588354110717773,0.25461481167887456,28.483516693115234,0.4971311488416281,2.5477099418640137,0.04446592687132036,84.09024810791016,1.4676516983019643,86.0285873413086,1.5014820999453498,18.7473863363266,0.187473863363266,False,False,0.0,0.0,0.0,0.0,0.0,40.333919525146484,40.333919525146484,0.0,0.0,0.0,0.0,0.0,0.0,0.0,0.0,0.0
4,550,21.092033838038333,21.103160855942406,False,16.043956756591797,0.2800198793411255,32.30769348144531,0.5638756155967712,0.3076923191547394,0.005370243918150663,83.03296661376953,1.449198603630066,85.53845977783203,1.4929277896881104,18.681318681318682,0.18681318681318682,0.21157918870449066,-0.2566499412059784,0.07291591167449951,1.4731061458587646,1.4934723377227783,0.18863266706466675,12.122593879699707,0.21157917708287327,28.307693481445312,0.49406245489655704,4.177773952484131,0.07291591087490522,84.40276336669922,1.4731061185305554,85.56965637207031,1.493472243492773,18.863266706466675,0.18863266706466675,False,False,0.0,0.0,0.0,0.0,0.0,43.01264953613281,43.01264953613281,0.0,0.0,0.0,0.0,0.0,0.0,0.0,0.0,0.0
4,551,21.125489428988658,21.13631351199001,False,15.780220031738281,0.2754167914390564,32.30769348144531,0.5638756155967712,1.3626374006271362,0.023782508447766304,83.20879364013672,1.4522674083709717,85.62637329101562,1.4944621324539185,18.612637362637365,0.18612637362637366,0.20043639838695526,-0.2809375822544098,0.08819577097892761,1.4892724752426147,1.491328477859497,0.18791064620018005,11.780220031738281,0.20560362616322392,28.307693481445312,0.49406245489655704,5.0532450675964355,0.08819576433972122,85.32902526855469,1.489272438453718,85.44682312011719,1.4913283988152592,18.791064620018005,0.18791064620018005,False,False,0.0,0.0,0.29606056213378906,0.29606056213378906,0.0,44.40422821044922,44.40422821044922,0.0,0.0,0.0,0.0,0.0,0.0,0.0,0.0,0.0
4,552,21.16494990105275,,True,15.164834976196289,0.2646763026714325,31.956043243408203,0.557738184928894,2.3296704292297363,0.040660418570041656,83.56044006347656,1.458404779434204,85.62637329101562,1.4944621324539185,18.612637362637365,0.18612637362637366,,,,,,,,,,,,,,,,,,,,,,,,,,,,,,,,,,,,
