trial,cycle,observation_time_s,command_time_s,success_marker,measured_shoulder_pan_deg,measured_shoulder_pan_rad,measured_shoulder_lift_deg,measured_shoulder_lift_rad,measured_elbow_flex_deg,measured_elbow_flex_rad,measured_wrist_flex_deg,measured_wrist_flex_rad,measured_wrist_roll_deg,measured_wrist_roll_rad,measured_gripper_hw,measured_gripper_norm,policy_shoulder_pan_rad,policy_shoulder_lift_rad,policy_elbow_flex_rad,policy_wrist_flex_rad,policy_wrist_roll_rad,policy_gripper_norm,sent_shoulder_pan_deg,sent_shoulder_pan_rad,sent_shoulder_lift_deg,sent_shoulder_lift_rad,sent_elbow_flex_deg,sent_elbow_flex_rad,sent_wrist_flex_deg,sent_wrist_flex_rad,sent_wrist_roll_deg,sent_wrist_roll_rad,sent_gripper_hw,sent_gripper_norm,gripper_hard_clamped,gripper_step_clamped,gripper_correction_hw,urdf_violation_shoulder_pan_deg,step_violation_shoulder_pan_deg,safety_correction_shoulder_pan_deg,urdf_violation_shoulder_lift_deg,step_violation_shoulder_lift_deg,safety_correction_shoulder_lift_deg,urdf_violation_elbow_flex_deg,step_violation_elbow_flex_deg,safety_correction_elbow_flex_deg,urdf_violation_wrist_flex_deg,step_violation_wrist_flex_deg,safety_correction_wrist_flex_deg,urdf_violation_wrist_roll_deg,step_violation_wrist_roll_deg,safety_correction_wrist_roll_deg
1,0,0.0013085410464555025,0.5427430620184168,False,-9.274724960327148,-0.16187448799610138,-94.9011001586914,-1.6563366651535034,91.47252655029297,1.5964967012405396,79.34066009521484,1.3847557306289673,94.06593322753906,1.641760230064392,1.2362637362637363,0.012362637362637364,-0.17674511671066284,-1.71587336063385,1.6056537628173828,1.379175066947937,1.6492407321929932,0.0031399354338645935,-10.126749038696289,-0.1767451132484209,-98.31229400634766,-1.7158732255994535,91.99717712402344,1.6056536433546167,79.02090454101562,1.3791749621448612,94.4945297241211,1.649240668809562,0.31399354338645935,0.0031399354338645935,False,False,0.0,0.0,0.0,0.0,0.0,0.0,0.0,0.0,0.0,0.0,0.0,0.0,0.0,0.0,0.0,0.0
1,1,0.5442410970572382,0.5595113950548694,False,-9.274724960327148,-0.16187448799610138,-94.9011001586914,-1.6563366651535034,91.47252655029297,1.5964967012405396,79.34066009521484,1.3847557306289673,94.06593322753906,1.641760230064392,1.2362637362637363,0.012362637362637364,-0.17035099864006042,-1.7095881700515747,1.6092348098754883,1.379317045211792,1.641624927520752,0.0028477907180786133,-9.760393142700195,-0.17035099662919514,-97.95217895507812,-1.7095880322688122,92.20235443115234,1.6092346629143917,79.02903747558594,1.3793169086309625,94.05817413330078,1.6416248270402625,0.28477907180786133,0.0028477907180786133,False,False,0.0,0.0,0.0,0.0,0.0,0.0,0.0,0.0,0.0,0.0,0.0,0.0,0.0,0.0,0.0,0.0
1,2,0.578279726090841,0.5930146230384707,False,-9.274724960327148,-0.16187448799610138,-94.9011001586914,-1.6563366651535034,91.47252655029297,1.5964967012405396,79.34066009521484,1.3847557306289673,94.06593322753906,1.641760230064392,1.2362637362637363,0.012362637362637364,-0.16769787669181824,-1.7124359607696533,1.6153045892715454,1.3784211874008179,1.637539267539978,0.002446874976158142,-9.608380317687988,-0.16769787232747416,-98.11534881591797,-1.7124358835804883,92.55013275146484,1.6153045396709003,78.97771453857422,1.3784211543983143,93.82408142089844,1.6375391384539175,0.2446874976158142,0.002446874976158142,False,False,0.0,0.0,0.0,0.0,0.0,0.0,0.0,0.0,0.0,0.0,0.0,0.0,0.0,0.0,0.0,0.0
1,3,0.6118349350290373,0.6231048640329391,False,-9.274724960327148,-0.16187448799610138,-95.25274658203125,-1.6624740362167358,91.47252655029297,1.5964967012405396,79.34066009521484,1.3847557306289673,94.06593322753906,1.641760230064392,1.098901098901099,0.01098901098901099,-0.16808739304542542,-1.7147020101547241,1.604957938194275,1.3785297870635986,1.6378918886184692,0.0027900636196136475,-9.630697250366211,-0.16808737628165504,-98.24518585205078,-1.7147019673520367,91.95731353759766,1.6049578925198336,78.98393249511719,1.378529678212735,93.84428405761719,1.637891740982244,0.27900636196136475,0.0027900636196136475,False,False,0.0,0.0,0.0,0.0,0.0,0.0,0.0,0.0,0.0,0.0,0.0,0.0,0.0,0.0,0.0,0.0
1,4,0.6451993359951302,0.6557966190157458,False,-9.362637519836426,-0.16340884566307068,-96.04395294189453,-1.6762832403182983,91.47252655029297,1.5964967012405396,79.25274658203125,1.3832213878631592,94.06593322753906,1.641760230064392,1.0302197802197801,0.0103021978021978,-0.1749519407749176,-1.7206683158874512,1.6064214706420898,1.3789732456207275,1.6334483623504639,0.0030787140130996704,-10.024006843566895,-0.17495192366268647,-98.58702850341797,-1.7206682471421413,92.04116821289062,1.6064214326968866,79.00934600830078,1.3789732276922877,93.58969116210938,1.6334482567034467,0.30787140130996704,0.0030787140130996704,False,False,0.0,0.0,0.0,0.0,0.0,0.0,0.0,0.0,0.0,0.0,0.0,0.0,0.0,0.0,0.0,0.0
1,5,0.6783822890138254,0.6892026290297508,False,-9.538461685180664,-0.16647756099700928,-96.30769348144531,-1.6808863878250122,91.47252655029297,1.5964967012405396,79.25274658203125,1.3832213878631592,94.06593322753906,1.641760230064392,1.0302197802197801,0.0103021978021978,-0.16892413794994354,-1.708091139793396,1.6112172603607178,1.379087209701538,1.63661789894104,0.0021930113434791565,-9.67863941192627,-0.16892412485140113,-97.86640930175781,-1.7080910694200786,92.3159408569336,1.6112171200298468,79.015869140625,1.3790870778288886,93.77129364013672,1.6366178178748045,0.21930113434791565,0.0021930113434791565,False,False,0.0,0.0,0.0,0.0,0.0,0.0,0.0,0.0,0.0,0.0,0.0,0.0,0.0,0.0,0.0,0.0
1,6,0.7124104910762981,0.7229067630833015,False,-9.714285850524902,-0.16954627633094788,-96.48351287841797,-1.6839549541473389,91.47252655029297,1.5964967012405396,79.16483306884766,1.3816869258880615,94.06593322753906,1.641760230064392,0.9615384615384616,0.009615384615384616,-0.16970038414001465,-1.7132080793380737,1.606239914894104,1.3783208131790161,1.6379127502441406,0.002998337149620056,-9.723114967346191,-0.16970036973013197,-98.15958404541016,-1.7132079339805024,92.03076171875,1.606239805110543,78.97196197509766,1.3783207532252182,93.8454818725586,1.637912646796801,0.2998337149620056,0.002998337149620056,False,False,0.0,0.0,0.0,0.0,0.0,0.0,0.0,0.0,0.0,0.0,0.0,0.0,0.0,0.0,0.0,0.0
1,7,0.7456330810673535,0.7562537690391764,False,-9.714285850524902,-0.16954627633094788,-96.57142639160156,-1.685489296913147,91.47252655029297,1.5964967012405396,79.16483306884766,1.3816869258880615,94.06593322753906,1.641760230064392,0.9615384615384616,0.009615384615384616,-0.17189210653305054,-1.7079249620437622,1.6059327125549316,1.3793946504592896,1.6400065422058105,0.0017878562211990356,-9.848691940307617,-0.17189210137299676,-97.85688781738281,-1.7079248881680575,92.0131607055664,1.6059326094788025,79.03348541259766,1.3793945397767382,93.96544647216797,1.6400064240458214,0.17878562211990356,0.0017878562211990356,False,False,0.0,0.0,0.0,0.0,0.0,0.0,0.0,0.0,0.0,0.0,0.0,0.0,0.0,0.0,0.0,0.0
1,8,0.7788927290821448,0.7905411790125072,False,-9.714285850524902,-0.16954627633094788,-96.65933990478516,-1.6870237588882446,91.56044006347656,1.5980311632156372,79.16483306884766,1.3816869258880615,94.06593322753906,1.641760230064392,0.9615384615384616,0.009615384615384616,-0.18075120449066162,-1.692937970161438,1.5783599615097046,1.3809959888458252,1.6444467306137085,0.002023555338382721,-10.356280326843262,-0.1807511899629294,-96.9981918334961,-1.6929378159755821,90.43335723876953,1.5783598374487762,79.12523651123047,1.3809958985402029,94.2198486328125,1.644446579373256,0.2023555338382721,0.002023555338382721,False,False,0.0,0.0,0.0,0.0,0.0,0.0,0.0,0.0,0.0,0.0,0.0,0.0,0.0,0.0,0.0,0.0
1,9,0.8122431240044534,0.8231880380772054,False,-9.714285850524902,-0.16954627633094788,-96.65933990478516,-1.6870237588882446,91.56044006347656,1.5980311632156372,79.16483306884766,1.3816869258880615,94.06593322753906,1.641760230064392,0.8928571428571428,0.008928571428571428,-0.1744127869606018,-1.6923084259033203,1.5928289890289307,1.3798911571502686,1.6448614597320557,0.0021319538354873657,-9.99311637878418,-0.17441278334475677,-96.96212768554688,-1.692308377851942,91.26237487792969,1.592828924809231,79.06193542480469,1.3798910861619835,94.24361419677734,1.6448613667130358,0.21319538354873657,0.0021319538354873657,False,False,0.0,0.0,0.0,0.0,0.0,0.0,0.0,0.0,0.0,0.0,0.0,0.0,0.0,0.0,0.0,0.0
1,10,0.8458875820506364,0.8569246550323442,False,-9.714285850524902,-0.16954627633094788,-96.65933990478516,-1.6870237588882446,91.56044006347656,1.5980311632156372,79.16483306884766,1.3816869258880615,94.06593322753906,1.641760230064392,0.8928571428571428,0.008928571428571428,-0.2447105348110199,-1.5213587284088135,1.3715665340423584,1.3812593221664429,1.6513159275054932,0.0014113932847976685,-13.714285850524902,-0.23935944265133047,-92.65933990478516,-1.61721056406307,87.56044006347656,1.5282179736028187,79.14032745361328,1.3812592851720118,94.6134262084961,1.651315803930952,0.14113932847976685,0.0014113932847976685,False,False,0.0,0.0,0.3065938949584961,0.3065938949584961,0.0,5.491912841796875,5.491912841796875,0.0,8.975471496582031,8.975471496582031,0.0,0.0,0.0,0.0,0.0,0.0
1,11,0.8794367010705173,0.89136865909677,False,-9.714285850524902,-0.16954627633094788,-96.65933990478516,-1.6870237588882446,91.56044006347656,1.5980311632156372,79.16483306884766,1.3816869258880615,94.06593322753906,1.641760230064392,0.8928571428571428,0.008928571428571428,-0.2714507579803467,-1.4834543466567993,1.317996859550476,1.3853415250778198,1.6436985731124878,0.0021904706954956055,-13.714285850524902,-0.23935944265133047,-92.65933990478516,-1.61721056406307,87.56044006347656,1.5282179736028187,79.37422180175781,1.3853415116489396,94.17698669433594,1.6436984974230526,0.21904706954956055,0.0021904706954956055,False,False,0.0,0.0,1.8386964797973633,1.8386964797973633,0.0,7.663673400878906,7.663673400878906,0.0,12.044784545898438,12.044784545898438,0.0,0.0,0.0,0.0,0.0,0.0
1,12,0.9124941730406135,0.9258539150469005,False,-9.89011001586914,-0.17261497676372528,-96.48351287841797,-1.6839549541473389,91.47252655029297,1.5964967012405396,79.16483306884766,1.3816869258880615,94.06593322753906,1.641760230064392,0.8928571428571428,0.008928571428571428,-0.3090118169784546,-1.3528636693954468,1.2126924991607666,1.3824882507324219,1.6494345664978027,0.0015160292387008667,-13.89011001586914,-0.24242815324115832,-92.48351287841797,-1.6141418035389719,87.47252655029297,1.5266835933407696,79.21073913574219,1.3824882008570287,94.50563049316406,1.6494344137788652,0.15160292387008667,0.0015160292387008667,False,False,0.0,0.0,3.814962387084961,3.814962387084961,0.0,14.970138549804688,14.970138549804688,0.0,17.990371704101562,17.990371704101562,0.0,0.0,0.0,0.0,0.0,0.0
1,13,0.9459855360910296,0.9588797370670363,False,-11.648351669311523,-0.20330208539962769,-95.78022003173828,-1.671680212020874,91.12088012695312,1.5903593301773071,79.25274658203125,1.3832213878631592,94.06593322753906,1.641760230064392,0.8928571428571428,0.008928571428571428,-0.3092983067035675,-1.289891242980957,1.1256539821624756,1.384946584701538,1.6493096351623535,0.0018176138401031494,-15.648351669311523,-0.273115259139437,-91.78022003173828,-1.6018670277586875,87.12088012695312,1.5205462054506276,79.35159301757812,1.384946564859281,94.49847412109375,1.6493095115237406,0.18176138401031494,0.0018176138401031494,False,False,0.0,0.0,2.0731353759765625,2.0731353759765625,0.0,17.874900817871094,17.874900817871094,0.0,22.62566375732422,22.62566375732422,0.0,0.0,0.0,0.0,0.0,0.0
1,14,0.9792249189922586,0.9906716940458864,False,-13.05494499206543,-0.2278517782688141,-94.19779968261719,-1.6440616846084595,90.76923370361328,1.5842219591140747,79.34066009521484,1.3847557306289673,94.5054931640625,1.6494320631027222,0.8928571428571428,0.008928571428571428,-0.30011534690856934,-1.2346111536026,1.0930213928222656,1.3865916728973389,1.6508140563964844,0.002210773527622223,-17.05494499206543,-0.2976649438580599,-90.19779968261719,-1.5742485825159662,86.76923370361328,1.5144088175604853,79.44584655761719,1.386591599464623,94.58467102050781,1.6508139312235264,0.2210773527622223,0.002210773527622223,False,False,0.0,0.0,0.1403961181640625,0.1403961181640625,0.0,19.459793090820312,19.459793090820312,0.0,24.143722534179688,24.143722534179688,0.0,0.0,0.0,0.0,0.0,0.0
1,15,1.012977885082364,1.0242890000808984,False,-12.967033386230469,-0.2263174206018448,-93.4065933227539,-1.6302525997161865,90.5934066772461,1.5811532735824585,79.34066009521484,1.3847557306289673,94.4175796508789,1.6478976011276245,0.8928571428571428,0.008928571428571428,-0.29464295506477356,-1.2064297199249268,1.0782285928726196,1.3857321739196777,1.6492741107940674,0.0022615715861320496,-16.881797790527344,-0.2946429551006061,-89.4065933227539,-1.560439426473633,86.5934066772461,1.511340057036387,79.39659881591797,1.3857320642227997,94.4964370727539,1.6492739583231881,0.22615715861320496,0.0022615715861320496,False,False,0.0,0.0,0.0,0.0,0.0,20.28326416015625,20.28326416015625,0.0,24.81546401977539,24.81546401977539,0.0,0.0,0.0,0.0,0.0,0.0
1,16,1.0464350950205699,1.0579068950610235,False,-14.373626708984375,-0.25086709856987,-93.05494689941406,-1.624115228652954,90.5934066772461,1.5811532735824585,79.34066009521484,1.3847557306289673,94.06593322753906,1.641760230064392,0.8928571428571428,0.008928571428571428,-0.2693060040473938,-1.2446426153182983,1.096066951751709,1.3848985433578491,1.6443296670913696,0.004160583019256592,-15.430096626281738,-0.26930599002948535,-89.05494689941406,-1.554302038583491,86.5934066772461,1.511340057036387,79.34883880615234,1.384898494801605,94.21314239501953,1.644329533443347,0.4160583019256592,0.004160583019256592,False,False,0.0,0.0,0.0,0.0,0.0,17.74217987060547,17.74217987060547,0.0,23.793399810791016,23.793399810791016,0.0,0.0,0.0,0.0,0.0,0.0
1,17,1.0800988629925996,1.0916330870240927,False,-15.95604419708252,-0.278485506772995,-91.82417297363281,-1.6026341915130615,90.5054931640625,1.5796188116073608,79.34066009521484,1.3847557306289673,94.5934066772461,1.6509664058685303,0.8928571428571428,0.008928571428571428,-0.2480711191892624,-1.3565447330474854,1.1961922645568848,1.3840663433074951,1.6440497636795044,0.003913991153240204,-14.213427543640137,-0.2480711086301704,-87.82417297363281,-1.5328209812309117,86.5054931640625,1.509805676774338,79.30115509033203,1.3840662569609552,94.19710540771484,1.6440496352127796,0.3913991153240204,0.003913991153240204,False,False,0.0,0.0,0.0,0.0,0.0,10.099891662597656,10.099891662597656,0.0,17.968727111816406,17.968727111816406,0.0,0.0,0.0,0.0,0.0,0.0
1,18,1.1133310460718349,1.1259609970729798,False,-15.252747535705566,-0.266210675239563,-90.85713958740234,-1.5857561826705933,90.4175796508789,1.5780844688415527,79.34066009521484,1.3847557306289673,94.5054931640625,1.6494320631027222,0.8928571428571428,0.008928571428571428,-0.22635847330093384,-1.45437753200531,1.3218655586242676,1.3795442581176758,1.6514925956726074,0.0026354268193244934,-12.96938419342041,-0.22635845613129527,-86.85713958740234,-1.51594306466448,86.4175796508789,1.5082712965122889,79.04206085205078,1.3795442094300008,94.62355041503906,1.6514925046692785,0.26354268193244934,0.0026354268193244934,False,False,0.0,0.0,0.0,0.0,0.0,3.5274505615234375,3.5274505615234375,0.0,10.680267333984375,10.680267333984375,0.0,0.0,0.0,0.0,0.0,0.0
1,19,1.1470491390209645,1.1874861620599404,False,-14.549450874328613,-0.2539358139038086,-89.89010620117188,-1.5688782930374146,90.4175796508789,1.5780844688415527,79.34066009521484,1.3847557306289673,94.06593322753906,1.641760230064392,0.8928571428571428,0.008928571428571428,-0.23882058262825012,-1.3279428482055664,1.2425533533096313,1.3805466890335083,1.6513538360595703,0.002161078155040741,-13.68341064453125,-0.23882056864950973,-85.89010620117188,-1.4990651480980484,86.4175796508789,1.5082712965122889,79.09949493408203,1.3805466232643064,94.6156005859375,1.6513537539764855,0.2161078155040741,0.002161078155040741,False,False,0.0,0.0,0.0,0.0,0.0,9.804588317871094,9.804588317871094,0.0,15.224517822265625,15.224517822265625,0.0,0.0,0.0,0.0,0.0,0.0
1,20,1.189014366012998,1.2044660970568657,False,-14.725275039672852,-0.2570045292377472,-89.010986328125,-1.553534746170044,90.4175796508789,1.5780844688415527,79.34066009521484,1.3847557306289673,94.5934066772461,1.6509664058685303,0.8928571428571428,0.008928571428571428,-0.2274036705493927,-1.3583014011383057,1.2639987468719482,1.3827027082443237,1.6487244367599487,0.0025625675916671753,-13.02927017211914,-0.2274036636353673,-85.010986328125,-1.4837216117936658,86.4175796508789,1.5082712965122889,79.2230224609375,1.38270258532478,94.4649429321289,1.6487242818741956,0.25625675916671753,0.0025625675916671753,False,False,0.0,0.0,0.0,0.0,0.0,7.1860504150390625,7.1860504150390625,0.0,13.99578857421875,13.99578857421875,0.0,0.0,0.0,0.0,0.0,0.0
1,21,1.2225707470206544,1.2349578590365127,False,-13.582417488098145,-0.2370579093694687,-88.30769348144531,-1.541260004043579,90.4175796508789,1.5780844688415527,79.34066009521484,1.3847557306289673,94.24176025390625,1.6448290348052979,0.8928571428571428,0.008928571428571428,-0.238424614071846,-1.317712426185608,1.2221524715423584,1.3834702968597412,1.647939920425415,0.00316823273897171,-13.660723686218262,-0.2384246065296854,-84.30769348144531,-1.4714468360133817,86.4175796508789,1.5082712965122889,79.26700592041016,1.3834702415089954,94.41999816894531,1.6479398477751128,0.316823273897171,0.00316823273897171,False,False,0.0,0.0,0.0,0.0,0.0,8.808334350585938,8.808334350585938,0.0,16.393402099609375,16.393402099609375,0.0,0.0,0.0,0.0,0.0,0.0
1,22,1.256152356043458,1.269219504087232,False,-13.406593322753906,-0.2339891940355301,-87.51648712158203,-1.5274507999420166,90.4175796508789,1.5780844688415527,79.34066009521484,1.3847557306289673,94.06593322753906,1.641760230064392,0.8928571428571428,0.008928571428571428,-0.23181623220443726,-1.449886679649353,1.3374991416931152,1.3826426267623901,1.6479556560516357,0.002353958785533905,-13.28209114074707,-0.23181622195600596,-83.51648712158203,-1.4576376799710482,86.4175796508789,1.5082712965122889,79.2195816040039,1.3826425310421988,94.4208984375,1.6479555604255443,0.2353958785533905,0.002353958785533905,False,False,0.0,0.0,0.0,0.0,0.0,0.4441070556640625,0.4441070556640625,0.0,9.784530639648438,9.784530639648438,0.0,0.0,0.0,0.0,0.0,0.0
1,23,1.2895806110464036,1.3017219610046595,False,-14.197802543640137,-0.2477983981370926,-86.46154022216797,-1.5090385675430298,90.4175796508789,1.5780844688415527,79.34066009521484,1.3847557306289673,94.5934066772461,1.6509664058685303,0.8928571428571428,0.008928571428571428,-0.22479157149791718,-1.514785885810852,1.3901715278625488,1.3825832605361938,1.6450097560882568,0.002546258270740509,-12.879607200622559,-0.22479155201443352,-86.79083251953125,-1.5147857880127862,86.4175796508789,1.5082712965122889,79.21617889404297,1.38258314254989,94.25211334228516,1.6450097047857533,0.2546258270740509,0.002546258270740509,False,False,0.0,0.0,0.0,0.0,0.0,0.0,0.0,0.0,6.766624450683594,6.766624450683594,0.0,0.0,0.0,0.0,0.0,0.0
1,24,1.3230921979993582,1.335155043983832,False,-14.021978378295898,-0.244729682803154,-85.75823974609375,-1.4967635869979858,90.4175796508789,1.5780844688415527,78.989013671875,1.3786183595657349,94.5934066772461,1.6509664058685303,0.8928571428571428,0.008928571428571428,-0.21148797869682312,-1.5681194067001343,1.449603796005249,1.3810343742370605,1.6481519937515259,0.0034332498908042908,-12.1173677444458,-0.21148796381553805,-89.75823974609375,-1.566576814363775,86.4175796508789,1.5082712965122889,79.12743377685547,1.3810342480599,94.4321517944336,1.6481519685559376,0.3433249890804291,0.0034332498908042908,False,False,0.0,0.0,0.0,0.0,0.0,0.08837890625,0.08837890625,0.0,3.3614044189453125,3.3614044189453125,0.0,0.0,0.0,0.0,0.0,0.0
1,25,1.3562324490631,1.3679463950684294,False,-13.318681716918945,-0.23245485126972198,-85.4945068359375,-1.492160677909851,90.4175796508789,1.5780844688415527,78.81318664550781,1.375549554824829,94.5934066772461,1.6509664058685303,0.8928571428571428,0.008928571428571428,-0.23638221621513367,-1.4894263744354248,1.3327383995056152,1.38379967212677,1.6469638347625732,0.0036284103989601135,-13.543702125549316,-0.23638219500019,-85.33783721923828,-1.4894262360066701,86.4175796508789,1.5082712965122889,79.28587341308594,1.3837995413777837,94.36407470703125,1.6469637992355988,0.36284103989601135,0.0036284103989601135,False,False,0.0,0.0,0.0,0.0,0.0,0.0,0.0,0.0,10.057296752929688,10.057296752929688,0.0,0.0,0.0,0.0,0.0,0.0
1,26,1.3896473069908097,1.402989968075417,False,-12.79120922088623,-0.22324872016906738,-86.02198028564453,-1.5013667345046997,90.4175796508789,1.5780844688415527,79.07691955566406,1.3801525831222534,94.5934066772461,1.6509664058685303,0.8928571428571428,0.008928571428571428,-0.2641657292842865,-1.371877908706665,1.2145270109176636,1.3815062046051025,1.6482123136520386,0.0022169649600982666,-15.135581016540527,-0.2641657229409825,-82.02198028564453,-1.431553614990376,86.4175796508789,1.5082712965122889,79.15447235107422,1.381506160205062,94.43560791015625,1.648212289154628,0.22169649600982666,0.0022169649600982666,False,False,0.0,0.0,0.0,0.0,0.0,3.4191741943359375,3.4191741943359375,0.0,16.83031463623047,16.83031463623047,0.0,0.0,0.0,0.0,0.0,0.0
1,27,1.4231101610930637,1.4376373620470986,False,-12.879120826721191,-0.2247830629348755,-87.42857360839844,-1.5259164571762085,90.4175796508789,1.5780844688415527,79.34066009521484,1.3847557306289673,94.24176025390625,1.6448290348052979,0.8928571428571428,0.008928571428571428,-0.3036049008369446,-1.2271144390106201,1.1367875337600708,1.381108283996582,1.6489566564559937,0.0032696202397346497,-16.879119873046875,-0.29459621662347524,-83.42857360839844,-1.456103299708999,86.4175796508789,1.5082712965122889,79.13166809082031,1.3811081507801497,94.4782485961914,1.6489565095212506,0.32696202397346497,0.0032696202397346497,False,False,0.0,0.0,0.5161581039428711,0.5161590576171875,0.0,13.120101928710938,13.120101928710938,0.0,21.284454345703125,21.284454345703125,0.0,0.0,0.0,0.0,0.0,0.0
1,28,1.4565235869958997,1.4711280590854585,False,-13.758241653442383,-0.2401266098022461,-88.30769348144531,-1.541260004043579,90.4175796508789,1.5780844688415527,79.34066009521484,1.3847557306289673,94.06593322753906,1.641760230064392,0.8928571428571428,0.008928571428571428,-0.34215474128723145,-1.1277310848236084,1.0550395250320435,1.383276343345642,1.6591438055038452,0.0017798319458961487,-17.758241653442383,-0.3099397862173714,-84.30769348144531,-1.4714468360133817,86.4175796508789,1.5082712965122889,79.25588989257812,1.3832762302235833,95.06193542480469,1.6591437664810762,0.17798319458961487,0.0017798319458961487,False,False,0.0,0.0,1.8457794189453125,1.8457794189453125,0.0,19.693466186523438,19.693466186523438,0.0,25.96826934814453,25.96826934814453,0.0,0.0,0.0,0.0,0.0,0.0
1,29,1.4900114909978583,1.5050283760065213,False,-14.90109920501709,-0.2600732445716858,-87.51648712158203,-1.5274507999420166,90.32967376708984,1.5765502452850342,79.34066009521484,1.3847557306289673,94.06593322753906,1.641760230064392,0.8928571428571428,0.008928571428571428,-0.35075193643569946,-1.0662167072296143,1.0043234825134277,1.381626844406128,1.6564513444900513,0.0011919811367988586,-18.901100158691406,-0.32988643001838774,-83.51648712158203,-1.4576376799710482,86.32967376708984,1.5067370494082941,79.16138458251953,1.3816268014024427,94.90766906738281,1.6564513106190062,0.11919811367988586,0.0011919811367988586,False,False,0.0,0.0,1.1955060958862305,1.195505142211914,0.0,22.426773071289062,22.426773071289062,0.0,28.786178588867188,28.786178588867188,0.0,0.0,0.0,0.0,0.0,0.0
1,30,1.5234899300849065,1.6920188330113888,False,-16.043956756591797,-0.2800198793411255,-85.84615325927734,-1.4982980489730835,90.15384674072266,1.5734814405441284,79.16483306884766,1.3816869258880615,94.5054931640625,1.6494320631027222,0.8928571428571428,0.008928571428571428,-0.28683531284332275,-1.6224066019058228,1.5740647315979004,1.3822104930877686,1.6583056449890137,0.0011064708232879639,-16.434452056884766,-0.2868352991537936,-89.84615325927734,-1.5681111946258242,90.18726348876953,1.5740646912426963,79.19482421875,1.3822104331553335,95.01390838623047,1.6583055365279737,0.11064708232879639,0.0011064708232879639,False,False,0.0,0.0,0.0,0.0,0.0,3.1108932495117188,3.1108932495117188,0.0,0.0,0.0,0.0,0.0,0.0,0.0,0.0,0.0
1,31,1.6935781560605392,1.7070402459939942,False,-18.329669952392578,-0.3199130892753601,-84.43955993652344,-1.4737483263015747,89.89010620117188,1.5688782930374146,78.72527313232422,1.374015212059021,94.5934066772461,1.6509664058685303,0.8928571428571428,0.008928571428571428,-0.2917182445526123,-1.6281816959381104,1.5677714347839355,1.380694031715393,1.6596269607543945,0.0006860196590423584,-16.714223861694336,-0.29171823830196747,-88.43955993652344,-1.5435615099072013,89.8266830444336,1.56777137527073,79.1079330444336,1.3806938960725879,95.08961486816406,1.6596268639028167,0.06860196590423584,0.0006860196590423584,False,False,0.0,0.0,0.0,0.0,0.0,4.8483734130859375,4.8483734130859375,0.0,0.0,0.0,0.0,0.0,0.0,0.0,0.0,0.0
1,32,1.7269178060814738,1.7397278330754489,False,-18.85714340209961,-0.3291192352771759,-84.35164642333984,-1.4722139835357666,89.89010620117188,1.5688782930374146,78.72527313232422,1.374015212059021,94.5934066772461,1.6509664058685303,0.8928571428571428,0.008928571428571428,-0.2839738726615906,-1.6416605710983276,1.584322452545166,1.3790185451507568,1.6568748950958252,0.0005553215742111206,-16.270503997802734,-0.28397386572055794,-88.35164642333984,-1.5420271296451522,90.77498626708984,1.5843223888133546,79.0119400024414,1.379018501430819,94.93193054199219,1.6568747532323287,0.05553215742111206,0.0005553215742111206,False,False,0.0,0.0,0.0,0.0,0.0,5.7085723876953125,5.7085723876953125,0.0,0.0,0.0,0.0,0.0,0.0,0.0,0.0,0.0
1,33,1.7605547590646893,1.7730309970211238,False,-18.329669952392578,-0.3199130892753601,-84.61538696289062,-1.4768171310424805,89.89010620117188,1.5688782930374146,78.72527313232422,1.374015212059021,94.5934066772461,1.6509664058685303,0.8928571428571428,0.008928571428571428,-0.28030046820640564,-1.6398754119873047,1.5861035585403442,1.3770190477371216,1.6525205373764038,0.0002939775586128235,-16.060033798217773,-0.2803004677604708,-88.61538696289062,-1.5466302704312995,90.87703704833984,1.5861035109503996,78.89737701416016,1.3770190000843876,94.68244934082031,1.6525204848500492,0.02939775586128235,0.0002939775586128235,False,False,0.0,0.0,0.0,0.0,0.0,5.3425445556640625,5.3425445556640625,0.0,0.0,0.0,0.0,0.0,0.0,0.0,0.0,0.0
1,34,1.7938047280767933,1.805546052986756,False,-16.923076629638672,-0.2953633964061737,-86.10989379882812,-1.5029011964797974,90.68132019042969,1.5826876163482666,78.989013671875,1.3786183595657349,94.5934066772461,1.6509664058685303,0.8928571428571428,0.008928571428571428,-0.2792896032333374,-1.637864351272583,1.593261480331421,1.3770135641098022,1.656017541885376,0.001453980803489685,-16.00211524963379,-0.27928959838970396,-90.10989379882812,-1.5727143354119717,91.28715515136719,1.59326142217026,78.89706420898438,1.3770135406041528,94.8828125,1.6560174816774322,0.1453980803489685,0.001453980803489685,False,False,0.0,0.0,0.0,0.0,0.0,3.732818603515625,3.732818603515625,0.0,0.0,0.0,0.0,0.0,0.0,0.0,0.0,0.0
1,35,1.8275103330379352,1.839537539985031,False,-16.571428298950195,-0.2892259955406189,-87.25274658203125,-1.5228476524353027,91.29669952392578,1.5934280157089233,79.07691955566406,1.3801525831222534,94.15384674072266,1.6432945728302002,0.8928571428571428,0.008928571428571428,-0.287936270236969,-1.6331655979156494,1.5698223114013672,1.380025863647461,1.6592167615890503,0.002079494297504425,-16.49753189086914,-0.28793624994843237,-91.25274658203125,-1.5926608793444472,89.9441909790039,1.5698222756262001,79.06965637207031,1.3800258421131415,95.06610870361328,1.6592166039368899,0.2079494297504425,0.002079494297504425,False,False,0.0,0.0,0.0,0.0,0.0,2.3207473754882812,2.3207473754882812,0.0,0.0,0.0,0.0,0.0,0.0,0.0,0.0,0.0
1,36,1.8608836540952325,1.873530670069158,False,-17.098901748657227,-0.2984321415424347,-87.86813354492188,-1.533588171005249,91.47252655029297,1.5964967012405396,79.25274658203125,1.3832213878631592,94.5934066772461,1.6509664058685303,0.8928571428571428,0.008928571428571428,-0.2891916036605835,-1.6475670337677002,1.5845087766647339,1.3810893297195435,1.6575653553009033,0.0021389350295066833,-16.5694580078125,-0.28919159750726847,-91.86813354492188,-1.6034014080207366,90.78565979003906,1.5845086769316057,79.13058471679688,1.38108924233641,94.97149658203125,1.6575653109029862,0.21389350295066833,0.0021389350295066833,False,False,0.0,0.0,0.0,0.0,0.0,2.5305023193359375,2.5305023193359375,0.0,0.0,0.0,0.0,0.0,0.0,0.0,0.0,0.0
1,37,1.8940290430327877,1.9075911400141194,False,-17.098901748657227,-0.2984321415424347,-88.57142639160156,-1.5458630323410034,91.56044006347656,1.5980311632156372,79.25274658203125,1.3832213878631592,94.5054931640625,1.6494320631027222,0.8928571428571428,0.008928571428571428,-0.2838500142097473,-1.650636076927185,1.5765526294708252,1.3795684576034546,1.6569085121154785,0.002544619143009186,-16.26340675354004,-0.28384999544035566,-92.57142639160156,-1.615676183801021,90.32980346679688,1.576552483174994,79.04344940185547,1.3795684441959204,94.9338607788086,1.6569084422201181,0.2544619143009186,0.002544619143009186,False,False,0.0,0.0,0.0,0.0,0.0,2.0030517578125,2.0030517578125,0.0,0.0,0.0,0.0,0.0,0.0,0.0,0.0,0.0
1,38,1.9274070520186797,1.9404855440370739,False,-16.659339904785156,-0.290760338306427,-89.45054626464844,-1.561206579208374,91.56044006347656,1.5980311632156372,79.34066009521484,1.3847557306289673,94.32967376708984,1.646363377571106,0.8928571428571428,0.008928571428571428,-0.2911795973777771,-1.626913070678711,1.5540910959243774,1.3801509141921997,1.6643275022506714,0.0027290508151054382,-16.683361053466797,-0.29117958068198535,-93.21524810791016,-1.6269129925464467,89.04285430908203,1.5540909830671021,79.07682037353516,1.3801508775263207,95.35894012451172,1.664327476384861,0.2729050815105438,0.0027290508151054382,False,False,0.0,0.0,0.0,0.0,0.0,0.0,0.0,0.0,0.0,0.0,0.0,0.0,0.0,0.0,0.0,0.0
1,39,1.9609178600367159,1.9750160170951858,False,-16.483516693115234,-0.2876916229724884,-90.32967376708984,-1.5765502452850342,91.56044006347656,1.5980311632156372,79.34066009521484,1.3847557306289673,94.32967376708984,1.646363377571106,0.8928571428571428,0.008928571428571428,-0.2973804473876953,-1.6057109832763672,1.4866875410079956,1.3842856884002686,1.666761875152588,0.003079526126384735,-17.03864288330078,-0.2973804183850986,-92.00045776367188,-1.6057109013180535,87.56044006347656,1.5282179736028187,79.313720703125,1.3842855682767232,95.4984130859375,1.666761738779248,0.3079526126384735,0.003079526126384735,False,False,0.0,0.0,0.0,0.0,0.0,0.0,0.0,0.0,2.3795242309570312,2.3795242309570312,0.0,0.0,0.0,0.0,0.0,0.0
1,40,1.995345903094858,2.0069920429959893,False,-16.571428298950195,-0.2892259955406189,-91.12088012695312,-1.5903593301773071,91.56044006347656,1.5980311632156372,79.34066009521484,1.3847557306289673,94.5054931640625,1.6494320631027222,0.8928571428571428,0.008928571428571428,-0.29712069034576416,-1.5778264999389648,1.3949570655822754,1.3855286836624146,1.6677076816558838,0.002673886716365814,-17.023759841918945,-0.297120660310275,-90.40279388427734,-1.5778264062824332,87.56044006347656,1.5282179736028187,79.38494110107422,1.3855285987155177,95.55260467529297,1.6677075604403895,0.2673886716365814,0.002673886716365814,False,False,0.0,0.0,0.0,0.0,0.0,0.0,0.0,0.0,7.635292053222656,7.635292053222656,0.0,0.0,0.0,0.0,0.0,0.0
1,41,2.0283925890689716,2.039743299013935,False,-16.659339904785156,-0.290760338306427,-91.73626708984375,-1.6010998487472534,91.47252655029297,1.5964967012405396,79.34066009521484,1.3847557306289673,94.68132019042969,1.6525007486343384,0.8928571428571428,0.008928571428571428,-0.2939913272857666,-1.6234750747680664,1.491602897644043,1.3816016912460327,1.6613730192184448,0.0022410601377487183,-16.84446144104004,-0.29399131287137736,-93.01826477050781,-1.623474984737209,87.47252655029297,1.5266835933407696,79.15994262695312,1.3816016345301414,95.18965911865234,1.661372965471527,0.22410601377487183,0.0022410601377487183,False,False,0.0,0.0,0.0,0.0,0.0,0.0,0.0,0.0,2.009979248046875,2.009979248046875,0.0,0.0,0.0,0.0,0.0,0.0
1,42,2.0619289750466123,2.075115359039046,False,-16.74725341796875,-0.2922947108745575,-91.82417297363281,-1.6026341915130615,91.12088012695312,1.5903593301773071,79.34066009521484,1.3847557306289673,94.76923370361328,1.6540350914001465,0.8928571428571428,0.008928571428571428,-0.28771865367889404,-1.6432515382766724,1.574338674545288,1.3805556297302246,1.6614305973052979,0.0022264495491981506,-16.485063552856445,-0.2877186363978592,-94.15137481689453,-1.643251485834083,90.20295715332031,1.574338597360811,79.10000610351562,1.3805555448539584,95.19295501708984,1.6614304897510728,0.22264495491981506,0.0022264495491981506,False,False,0.0,0.0,0.0,0.0,0.0,0.0,0.0,0.0,0.0,0.0,0.0,0.0,0.0,0.0,0.0,0.0
1,43,2.095201630028896,2.1075069929938763,False,-16.74725341796875,-0.2922947108745575,-91.29669952392578,-1.5934280157089233,90.94505310058594,1.587290644645691,79.34066009521484,1.3847557306289673,94.76923370361328,1.6540350914001465,0.8928571428571428,0.008928571428571428,-0.29570162296295166,-1.6489653587341309,1.5659873485565186,1.3803367614746094,1.6634092330932617,0.003021128475666046,-16.942453384399414,-0.2957015949234263,-94.47875213623047,-1.648965297952848,89.7244644165039,1.565987323656486,79.08746337890625,1.3803366330123537,95.30632019042969,1.663409085282947,0.3021128475666046,0.003021128475666046,False,False,0.0,0.0,0.0,0.0,0.0,0.0,0.0,0.0,0.0,0.0,0.0,0.0,0.0,0.0,0.0,0.0
1,44,2.128757066093385,2.1427560159936547,False,-16.659339904785156,-0.290760338306427,-91.29669952392578,-1.5934280157089233,90.94505310058594,1.587290644645691,79.34066009521484,1.3847557306289673,94.76923370361328,1.6540350914001465,0.8928571428571428,0.008928571428571428,-0.2950897216796875,-1.6411818265914917,1.549367070198059,1.382571816444397,1.6646186113357544,0.0025606080889701843,-16.907394409179688,-0.29508970037346693,-94.03278350830078,-1.6411816770348733,88.77218627929688,1.549366934767465,79.21552276611328,1.3825716909572028,95.37561798095703,1.6646185598920067,0.25606080889701843,0.0025606080889701843,False,False,0.0,0.0,0.0,0.0,0.0,0.0,0.0,0.0,0.0,0.0,0.0,0.0,0.0,0.0,0.0,0.0
1,45,2.162114551058039,2.1733115480747074,False,-16.571428298950195,-0.2892259955406189,-92.61538696289062,-1.616443395614624,91.20879364013672,1.5918937921524048,79.34066009521484,1.3847557306289673,94.76923370361328,1.6540350914001465,0.8928571428571428,0.008928571428571428,-0.2885270118713379,-1.6356480121612549,1.5563682317733765,1.3807547092437744,1.6617913246154785,0.0034102648496627808,-16.53137969970703,-0.28852700565723916,-93.7157211303711,-1.6356478946057977,89.17332458496094,1.5563681189571743,79.11141204833984,1.3807546161454416,95.213623046875,1.661791214920724,0.3410264849662781,0.0034102648496627808,False,False,0.0,0.0,0.0,0.0,0.0,0.0,0.0,0.0,0.0,0.0,0.0,0.0,0.0,0.0,0.0,0.0
1,46,2.1957665000809357,2.2071855820249766,False,-16.571428298950195,-0.2892259955406189,-93.5824203491211,-1.6333212852478027,91.20879364013672,1.5918937921524048,79.34066009521484,1.3847557306289673,94.76923370361328,1.6540350914001465,0.8928571428571428,0.008928571428571428,-0.28770679235458374,-1.653773546218872,1.5761202573776245,1.381202220916748,1.6592397689819336,0.004093892872333527,-16.484384536743164,-0.2877067853310084,-94.75424194335938,-1.6537735021429314,90.3050308227539,1.5761201189720195,79.13705444335938,1.3812021603666296,95.06742858886719,1.6592396402803191,0.40938928723335266,0.004093892872333527,False,False,0.0,0.0,0.0,0.0,0.0,0.0,0.0,0.0,0.0,0.0,0.0,0.0,0.0,0.0,0.0,0.0
1,47,2.2291242569917813,2.240254463045858,False,-16.571428298950195,-0.2892259955406189,-93.5824203491211,-1.6333212852478027,91.12088012695312,1.5903593301773071,79.34066009521484,1.3847557306289673,94.76923370361328,1.6540350914001465,0.8928571428571428,0.008928571428571428,-0.2864607870578766,-1.6450170278549194,1.5631380081176758,1.3809078931808472,1.661407709121704,0.0034400969743728638,-16.412992477416992,-0.2864607588359876,-94.25252532958984,-1.6450168953206965,89.56120300292969,1.5631378744481557,79.12019348144531,1.3809078810661757,95.19164276123047,1.661407586565698,0.3440096974372864,0.0034400969743728638,False,False,0.0,0.0,0.0,0.0,0.0,0.0,0.0,0.0,0.0,0.0,0.0,0.0,0.0,0.0,0.0,0.0
1,48,2.262603970011696,2.274484053021297,False,-16.571428298950195,-0.2892259955406189,-93.14286041259766,-1.6256495714187622,91.20879364013672,1.5918937921524048,79.34066009521484,1.3847557306289673,94.76923370361328,1.6540350914001465,0.8928571428571428,0.008928571428571428,-0.28970739245414734,-1.6377043724060059,1.565828561782837,1.3788578510284424,1.6633087396621704,0.004317149519920349,-16.599010467529297,-0.28970738523138956,-93.83354187011719,-1.6377042544415024,89.71536254882812,1.5658284660974628,79.00273132324219,1.3788577796590327,95.30056762695312,1.6633086841098512,0.4317149519920349,0.004317149519920349,False,False,0.0,0.0,0.0,0.0,0.0,0.0,0.0,0.0,0.0,0.0,0.0,0.0,0.0,0.0,0.0,0.0
1,49,2.2958808230469003,2.307190812076442,False,-16.571428298950195,-0.2892259955406189,-93.4065933227539,-1.6302525997161865,91.20879364013672,1.5918937921524048,79.34066009521484,1.3847557306289673,94.76923370361328,1.6540350914001465,0.8928571428571428,0.008928571428571428,-0.29611465334892273,-1.648032546043396,1.5629892349243164,1.3804445266723633,1.6663790941238403,0.004708051681518555,-16.96611976623535,-0.29611465120849756,-94.42530059814453,-1.6480323926229932,89.55268096923828,1.5629891369012747,79.09364318847656,1.380444491036502,95.47648620605469,1.6663790425306035,0.47080516815185547,0.004708051681518555,False,False,0.0,0.0,0.0,0.0,0.0,0.0,0.0,0.0,0.0,0.0,0.0,0.0,0.0,0.0,0.0,0.0
1,50,2.329345880076289,2.3411886510439217,False,-16.571428298950195,-0.2892259955406189,-93.84615325927734,-1.637924313545227,91.20879364013672,1.5918937921524048,79.34066009521484,1.3847557306289673,94.76923370361328,1.6540350914001465,0.8928571428571428,0.008928571428571428,-0.3117150664329529,-1.5533808469772339,1.3974860906600952,1.3870707750320435,1.671262502670288,0.0032355114817619324,-17.859956741333008,-0.3117150494000182,-89.84615325927734,-1.5681111946258242,87.20879364013672,1.5220805857126767,79.47329711914062,1.3870707021447282,95.75627899169922,1.6712623478634272,0.32355114817619324,0.0032355114817619324,False,False,0.0,0.0,0.0,0.0,0.0,0.843994140625,0.843994140625,0.0,7.138740539550781,7.138740539550781,0.0,0.0,0.0,0.0,0.0,0.0
1,51,2.36275650607422,2.375239492044784,False,-16.571428298950195,-0.2892259955406189,-94.02198028564453,-1.6409931182861328,91.20879364013672,1.5918937921524048,79.34066009521484,1.3847557306289673,94.76923370361328,1.6540350914001465,0.8928571428571428,0.008928571428571428,-0.3062426447868347,-1.579106330871582,1.4358762502670288,1.3867684602737427,1.6668951511383057,0.003453649580478668,-17.546409606933594,-0.3062426195445553,-90.47611999511719,-1.5791061883442707,87.20879364013672,1.5220805857126767,79.45597839355469,1.3867684333610042,95.50605010986328,1.6668950299918064,0.3453649580478668,0.003453649580478668,False,False,0.0,0.0,0.0,0.0,0.0,0.0,0.0,0.0,4.93914794921875,4.93914794921875,0.0,0.0,0.0,0.0,0.0,0.0
1,52,2.3968778550624847,2.4092347350670025,False,-16.83516502380371,-0.2938290536403656,-93.93406677246094,-1.6394587755203247,91.20879364013672,1.5918937921524048,79.34066009521484,1.3847557306289673,94.94505310058594,1.6571037769317627,0.8928571428571428,0.008928571428571428,-0.3065336346626282,-1.5753458738327026,1.417879343032837,1.3869318962097168,1.6703516244888306,0.003338918089866638,-17.563081741333008,-0.30653360318316003,-90.26066589355469,-1.575345804885079,87.20879364013672,1.5220805857126767,79.46533966064453,1.3869318182938806,95.70409393310547,1.6703515467706203,0.3338918089866638,0.003338918089866638,False,False,0.0,0.0,0.0,0.0,0.0,0.0,0.0,0.0,5.970298767089844,5.970298767089844,0.0,0.0,0.0,0.0,0.0,0.0
1,53,2.430110100074671,2.441927021020092,False,-17.626373291015625,-0.3076382577419281,-92.79120635986328,-1.6195120811462402,90.76923370361328,1.5842219591140747,79.34066009521484,1.3847557306289673,94.94505310058594,1.6571037769317627,0.8928571428571428,0.008928571428571428,-0.3014463186264038,-1.5765899419784546,1.4179166555404663,1.388086199760437,1.6709208488464355,0.0036356449127197266,-17.2716007232666,-0.3014462997108362,-90.33194732666016,-1.5765899005883095,86.76923370361328,1.5144088175604853,79.53147888183594,1.3880861654683754,95.73670959472656,1.6709207974536247,0.36356449127197266,0.0036356449127197266,False,False,0.0,0.0,0.0,0.0,0.0,0.0,0.0,0.0,5.528594970703125,5.528594970703125,0.0,0.0,0.0,0.0,0.0,0.0
1,54,2.4634489160962403,2.4748816720675677,False,-17.714284896850586,-0.3091726005077362,-91.82417297363281,-1.6026341915130615,90.5934066772461,1.5811532735824585,79.34066009521484,1.3847557306289673,95.20879364013672,1.6617069244384766,0.8928571428571428,0.008928571428571428,-0.30922842025756836,-1.4599101543426514,1.2997571229934692,1.3876200914382935,1.670435905456543,0.003381595015525818,-17.71748161315918,-0.30922838931118396,-87.82417297363281,-1.5328209812309117,86.5934066772461,1.511340057036387,79.50476837158203,1.387619979119557,95.70892333984375,1.6704358358191211,0.3381595015525818,0.003381595015525818,False,False,0.0,0.0,0.0,0.0,0.0,4.177490234375,4.177490234375,0.0,12.122810363769531,12.122810363769531,0.0,0.0,0.0,0.0,0.0,0.0
1,55,2.4973424200434238,2.5093441089848056,False,-17.450550079345703,-0.3045695424079895,-91.03296661376953,-1.588824987411499,90.5934066772461,1.5811532735824585,79.34066009521484,1.3847557306289673,95.12088012695312,1.6601725816726685,0.8928571428571428,0.008928571428571428,-0.3138350248336792,-1.4612655639648438,1.3003219366073608,1.3887616395950317,1.6745232343673706,0.0037017986178398132,-17.981420516967773,-0.31383499220674854,-87.03296661376953,-1.5190118251885782,86.5934066772461,1.511340057036387,79.57017517089844,1.3887615431208193,95.94310760498047,1.6745231223021204,0.3701798617839813,0.0037017986178398132,False,False,0.0,0.0,0.0,0.0,0.0,3.308624267578125,3.308624267578125,0.0,12.0904541015625,12.0904541015625,0.0,0.0,0.0,0.0,0.0,0.0
1,56,2.530869604088366,2.542532993014902,False,-17.186813354492188,-0.2999664843082428,-90.5054931640625,-1.5796188116073608,90.5934066772461,1.5811532735824585,79.34066009521484,1.3847557306289673,95.12088012695312,1.6601725816726685,0.8928571428571428,0.008928571428571428,-0.34618091583251953,-1.3297901153564453,1.1884715557098389,1.3896458148956299,1.6687556505203247,0.0034433528780937195,-19.83470344543457,-0.3461808812794967,-86.5054931640625,-1.509805676774338,86.5934066772461,1.511340057036387,79.62083435058594,1.3896457126027257,95.6126480102539,1.6687555143293358,0.34433528780937195,0.0034433528780937195,False,False,0.0,0.0,0.0,0.0,0.0,10.314132690429688,10.314132690429688,0.0,18.499008178710938,18.499008178710938,0.0,0.0,0.0,0.0,0.0,0.0
1,57,2.5642565360758454,2.5757700530812144,False,-17.538461685180664,-0.3061038851737976,-89.89010620117188,-1.5688782930374146,90.5934066772461,1.5811532735824585,79.34066009521484,1.3847557306289673,95.12088012695312,1.6601725816726685,0.8928571428571428,0.008928571428571428,-0.406208336353302,-1.1230049133300781,1.0335373878479004,1.3956807851791382,1.6706221103668213,0.004650227725505829,-21.538461685180664,-0.375917072221049,-85.89010620117188,-1.4990651480980484,86.5934066772461,1.511340057036387,79.96661376953125,1.3956807019489543,95.71958923339844,1.6706219907793178,0.4650227725505829,0.004650227725505829,False,False,0.0,0.0,1.7355594635009766,1.7355594635009766,0.0,21.546669006347656,21.546669006347656,0.0,27.376079559326172,27.376079559326172,0.0,0.0,0.0,0.0,0.0,0.0
1,58,2.597948883078061,2.609118203050457,False,-18.41758155822754,-0.3214474320411682,-88.74725341796875,-1.5489317178726196,90.5934066772461,1.5811532735824585,79.34066009521484,1.3847557306289673,95.12088012695312,1.6601725816726685,0.8928571428571428,0.008928571428571428,-0.3989343047142029,-1.081984281539917,0.9971445798873901,1.392846941947937,1.676241397857666,0.005540117621421814,-22.41758155822754,-0.3912606085254315,-84.74725341796875,-1.4791186041655728,86.5934066772461,1.511340057036387,79.80424499511719,1.392846832233001,96.04154968261719,1.6762412606793848,0.5540117621421814,0.005540117621421814,False,False,0.0,0.0,0.4396686553955078,0.4396686553955078,0.0,22.75412368774414,22.75412368774414,0.0,29.46123504638672,29.46123504638672,0.0,0.0,0.0,0.0,0.0,0.0
1,59,2.631514495005831,2.642525570001453,False,-19.208791732788086,-0.3352566659450531,-87.34066009521484,-1.5243821144104004,90.5054931640625,1.5796188116073608,79.51648712158203,1.387824535369873,95.12088012695312,1.6601725816726685,0.8928571428571428,0.008928571428571428,-0.4333880543708801,-0.9629746675491333,0.9302144050598145,1.3923757076263428,1.677201271057129,0.0060248002409935,-23.208791732788086,-0.40506983114679207,-83.34066009521484,-1.45456891944695,86.5054931640625,1.509805676774338,79.7772445678711,1.3923755858781115,96.09654998779297,1.677201197094304,0.60248002409935,0.0060248002409935,False,False,0.0,0.0,1.6225128173828125,1.6225128173828125,0.0,28.166278839111328,28.166278839111328,0.0,33.20813751220703,33.20813751220703,0.0,0.0,0.0,0.0,0.0,0.0
1,60,2.6648871820652857,2.8346544440137222,False,-20.791208267211914,-0.3628750443458557,-86.9011001586914,-1.5167102813720703,90.5054931640625,1.5796188116073608,79.51648712158203,1.387824535369873,95.20879364013672,1.6617069244384766,0.8928571428571428,0.008928571428571428,-0.37103700637817383,-1.60633385181427,1.5809736251831055,1.3846871852874756,1.654909372329712,0.001531444489955902,-21.258853912353516,-0.3710369959710469,-90.9011001586914,-1.586523491454305,90.58311462402344,1.5809735969006344,79.33673095703125,1.3846871729691073,94.81932067871094,1.6549093403478503,0.1531444489955902,0.001531444489955902,False,False,0.0,0.0,0.0,0.0,0.0,1.1350479125976562,1.1350479125976562,0.0,0.0,0.0,0.0,0.0,0.0,0.0,0.0,0.0
1,61,2.83619531407021,2.8716421549906954,False,-23.16483497619629,-0.4043026268482208,-84.43955993652344,-1.4737483263015747,89.89010620117188,1.5688782930374146,78.989013671875,1.3786183595657349,96.0,1.675516128540039,0.8928571428571428,0.008928571428571428,-0.37134402990341187,-1.5838747024536133,1.5641474723815918,1.3837780952453613,1.6630977392196655,-0.00032911449670791626,-21.276445388793945,-0.37134402515521936,-88.43955993652344,-1.5435615099072013,89.6190414428711,1.5641473456593502,79.28463745117188,1.3837779697729542,95.2884750366211,1.6630976285934624,0.0,0.0,True,False,0.032911449670791626,0.0,0.0,0.0,0.0,2.3097686767578125,2.3097686767578125,0.0,0.0,0.0,0.0,0.0,0.0,0.0,0.0,0.0
1,62,2.873235749080777,2.8875762230018154,False,-23.25274658203125,-0.4058369994163513,-84.35164642333984,-1.4722139835357666,89.89010620117188,1.5688782930374146,78.989013671875,1.3786183595657349,96.0,1.675516128540039,0.8928571428571428,0.008928571428571428,-0.3608592748641968,-1.626173496246338,1.5728371143341064,1.386763572692871,1.6586816310882568,0.0011404529213905334,-20.67571258544922,-0.3608592598121183,-88.35164642333984,-1.5420271296451522,90.1169204711914,1.5728369739801698,79.45569610595703,1.3867635065129875,95.03545379638672,1.658681574873893,0.11404529213905334,0.0011404529213905334,False,False,0.0,0.0,0.0,0.0,0.0,4.82122802734375,4.82122802734375,0.0,0.0,0.0,0.0,0.0,0.0,0.0,0.0,0.0
1,63,2.9072246639989316,2.9208857850171626,False,-22.549449920654297,-0.3935621380805969,-84.70330047607422,-1.4783514738082886,90.06593322753906,1.5719470977783203,78.989013671875,1.3786183595657349,95.73626708984375,1.6709131002426147,0.8928571428571428,0.008928571428571428,-0.36579248309135437,-1.6298238039016724,1.5721611976623535,1.3868879079818726,1.6553987264633179,0.0020244568586349487,-20.958364486694336,-0.36579246612586747,-88.70330047607422,-1.5481646506933486,90.07819366455078,1.5721610636955077,79.46282196044922,1.3868878761358943,94.84735870361328,1.6553986961981524,0.20244568586349487,0.0020244568586349487,False,False,0.0,0.0,0.0,0.0,0.0,4.678718566894531,4.678718566894531,0.0,0.0,0.0,0.0,0.0,0.0,0.0,0.0,0.0
1,64,2.9400710590416566,2.954713098006323,False,-21.58241844177246,-0.3766842484474182,-86.19779968261719,-1.504435420036316,90.68132019042969,1.5826876163482666,79.25274658203125,1.3832213878631592,95.64835357666016,1.669378638267517,0.8928571428571428,0.008928571428571428,-0.3669671416282654,-1.6062556505203247,1.5648350715637207,1.3857896327972412,1.6613826751708984,0.0006804689764976501,-21.025667190551758,-0.36696711990367414,-90.19779968261719,-1.5742485825159662,89.65843963623047,1.5648349738528087,79.39989471435547,1.3857895885023455,95.1902084350586,1.6613825528514514,0.06804689764976501,0.0006804689764976501,False,False,0.0,0.0,0.0,0.0,0.0,1.8338623046875,1.8338623046875,0.0,0.0,0.0,0.0,0.0,0.0,0.0,0.0,0.0
1,65,2.9735133030917495,2.986316221067682,False,-21.14285659790039,-0.3690124452114105,-87.16483306884766,-1.5213133096694946,90.85713958740234,1.5857561826705933,79.51648712158203,1.387824535369873,95.20879364013672,1.6617069244384766,0.8928571428571428,0.008928571428571428,-0.3721872568130493,-1.5724776983261108,1.4596490859985352,1.3928248882293701,1.6592315435409546,0.0013328120112419128,-21.324758529663086,-0.3721872485353657,-90.09632873535156,-1.5724775803910636,86.85713958740234,1.51594306466448,79.80298614501953,1.3928248611540077,95.06696319580078,1.6592315176389942,0.13328120112419128,0.0013328120112419128,False,False,0.0,0.0,0.0,0.0,0.0,0.0,0.0,0.0,3.2254104614257812,3.2254104614257812,0.0,0.0,0.0,0.0,0.0,0.0
1,66,3.006858251988888,3.0188746000640094,False,-21.318681716918945,-0.3720811903476715,-87.95604705810547,-1.5351226329803467,90.85713958740234,1.5857561826705933,79.6043930053711,1.3893587589263916,95.20879364013672,1.6617069244384766,0.8928571428571428,0.008928571428571428,-0.3794602155685425,-1.5500328540802002,1.4081006050109863,1.3965367078781128,1.6644316911697388,0.0012428835034370422,-21.74146842956543,-0.37946020831431765,-88.81033325195312,-1.5500327250399848,86.85713958740234,1.51594306466448,80.01565551757812,1.3965366419233058,95.36490631103516,1.6644316059834832,0.12428835034370422,0.0012428835034370422,False,False,0.0,0.0,0.0,0.0,0.0,0.0,0.0,0.0,6.178924560546875,6.178924560546875,0.0,0.0,0.0,0.0,0.0,0.0
1,67,3.0403524530120194,3.052507688989863,False,-21.758241653442383,-0.3797529637813568,-88.65933990478516,-1.5473973751068115,90.85713958740234,1.5857561826705933,79.69230651855469,1.3908931016921997,95.20879364013672,1.6617069244384766,0.7554945054945055,0.007554945054945055,-0.3868159055709839,-1.5133298635482788,1.3680769205093384,1.3996825218200684,1.6619751453399658,0.0006652921438217163,-22.162918090820312,-0.3868158925346301,-86.70741271972656,-1.5133298378448399,86.85713958740234,1.51594306466448,80.1958999633789,1.399682500960962,95.22415924072266,1.661975106193994,0.06652921438217163,0.0006652921438217163,False,False,0.0,0.0,0.0,0.0,0.0,0.0,0.0,0.0,8.47210693359375,8.47210693359375,0.0,0.0,0.0,0.0,0.0,0.0
1,68,3.073969940072857,3.086210453067906,False,-21.758241653442383,-0.3797529637813568,-88.48351287841797,-1.5443285703659058,90.5054931640625,1.5796188116073608,79.69230651855469,1.3908931016921997,95.20879364013672,1.6617069244384766,0.7554945054945055,0.007554945054945055,-0.4170956611633301,-1.317478060722351,1.1955841779708862,1.4015098810195923,1.6686534881591797,0.0009711906313896179,-23.89781951904297,-0.41709563465466754,-84.48351287841797,-1.4745154633794253,86.5054931640625,1.509805676774338,80.30059814453125,1.4015098289429198,95.60679626464844,1.6686533821015312,0.09711906313896179,0.0009711906313896179,False,False,0.0,0.0,0.0,0.0,0.0,8.997581481933594,8.997581481933594,0.0,18.003570556640625,18.003570556640625,0.0,0.0,0.0,0.0,0.0,0.0
1,69,3.108191005070694,3.120552900014445,False,-21.494504928588867,-0.3751498758792877,-88.57142639160156,-1.5458630323410034,90.32967376708984,1.5765502452850342,79.69230651855469,1.3908931016921997,95.20879364013672,1.6617069244384766,0.7554945054945055,0.007554945054945055,-0.4325059652328491,-1.2218527793884277,1.1290061473846436,1.4025251865386963,1.6708183288574219,0.001056872308254242,-24.780765533447266,-0.4325059497233838,-84.57142639160156,-1.4760498436414746,86.32967376708984,1.5067370494082941,80.35877227783203,1.4025251591085124,95.7308349609375,1.6708182657516566,0.1056872308254242,0.001056872308254242,False,False,0.0,0.0,0.0,0.0,0.0,14.564422607421875,14.564422607421875,0.0,21.64238739013672,21.64238739013672,0.0,0.0,0.0,0.0,0.0,0.0
1,70,3.14160969608929,3.1539988990407437,False,-21.846153259277344,-0.3812873065471649,-87.42857360839844,-1.5259164571762085,90.15384674072266,1.5734814405441284,79.69230651855469,1.3908931016921997,95.12088012695312,1.6601725816726685,0.7554945054945055,0.007554945054945055,-0.45228344202041626,-1.0668489933013916,1.0228900909423828,1.4024226665496826,1.6602673530578613,0.0006452128291130066,-25.846153259277344,-0.4511004733494533,-83.42857360839844,-1.456103299708999,86.15384674072266,1.503668288884196,80.35289764404297,1.4024226274065443,95.12630462646484,1.6602672209869263,0.06452128291130066,0.0006452128291130066,False,False,0.0,0.0,0.06777763366699219,0.06777763366699219,0.0,22.302631378173828,22.302631378173828,0.0,27.546566009521484,27.546566009521484,0.0,0.0,0.0,0.0,0.0,0.0
1,71,3.1747748480411246,3.187622855999507,False,-23.428571701049805,-0.4089057147502899,-85.93406677246094,-1.4998323917388916,89.89010620117188,1.5688782930374146,79.69230651855469,1.3908931016921997,95.56044006347656,1.667844295501709,0.7554945054945055,0.007554945054945055,-0.4657054543495178,-0.9726994037628174,0.959220290184021,1.402298092842102,1.657366394996643,-5.5827200412750244e-05,-26.682954788208008,-0.46570541521501596,-81.93406677246094,-1.430019234728327,85.89010620117188,1.4990651480980484,80.34575653076172,1.4022979914675286,94.96009063720703,1.6573662396115028,0.0,0.0,True,False,0.005582720041275024,0.0,0.0,0.0,0.0,26.202499389648438,26.202499389648438,0.0,30.930835723876953,30.930835723876953,0.0,0.0,0.0,0.0,0.0,0.0
1,72,3.208236164995469,3.2208086730679497,False,-24.659339904785156,-0.43038666248321533,-85.67032623291016,-1.4952292442321777,89.89010620117188,1.5688782930374146,79.6043930053711,1.3893587589263916,95.56044006347656,1.667844295501709,0.7554945054945055,0.007554945054945055,-0.476314902305603,-0.8691558837890625,0.867483377456665,1.4028494358062744,1.6656631231307983,0.0012256354093551636,-27.29083251953125,-0.47631488307616,-81.67032623291016,-1.4254160939421796,85.89010620117188,1.4990651480980484,80.37734985351562,1.4028493989712296,95.43546295166016,1.6656630516715356,0.12256354093551636,0.0012256354093551636,False,False,0.0,0.0,0.0,0.0,0.0,31.87136459350586,31.87136459350586,0.0,36.186973571777344,36.186973571777344,0.0,0.0,0.0,0.0,0.0,0.0
1,73,3.24156649899669,3.255312816007063,False,-24.83516502380371,-0.4334554076194763,-84.79120635986328,-1.4798856973648071,89.80220031738281,1.567344069480896,79.51648712158203,1.387824535369873,95.56044006347656,1.667844295501709,0.7554945054945055,0.007554945054945055,-0.48164618015289307,-0.8037995100021362,0.8228757381439209,1.4059206247329712,1.6588566303253174,0.002448149025440216,-27.59629249572754,-0.48164616539384875,-80.79120635986328,-1.410072557637797,85.80220031738281,1.4975309009940536,80.55331420898438,1.405920556340309,95.04547882080078,1.6588565445575112,0.2448149025440216,0.002448149025440216,False,False,0.0,0.0,0.0,0.0,0.0,34.73688888549805,34.73688888549805,0.0,38.6548957824707,38.6548957824707,0.0,0.0,0.0,0.0,0.0,0.0
1,74,3.2750456749927253,3.2875141330296174,False,-25.626373291015625,-0.44726458191871643,-83.82417297363281,-1.4630078077316284,89.53845977783203,1.5627409219741821,79.51648712158203,1.387824535369873,95.56044006347656,1.667844295501709,0.7554945054945055,0.007554945054945055,-0.49532240629196167,-0.7277007102966309,0.7744038105010986,1.4071491956710815,1.667988657951355,0.0008642226457595825,-28.379880905151367,-0.49532236311875993,-79.82417297363281,-1.3931946410713654,85.53845977783203,1.4929277602079063,80.62370300292969,1.4071490725511626,95.5687026977539,1.6679885239353929,0.08642226457595825,0.0008642226457595825,False,False,0.0,0.0,0.0,0.0,0.0,38.12999725341797,38.12999725341797,0.0,41.168392181396484,41.168392181396484,0.0,0.0,0.0,0.0,0.0,0.0
1,75,3.3090233800467104,3.3205063260393217,False,-26.94505500793457,-0.4702799320220947,-83.20879364013672,-1.4522674083709717,89.27472686767578,1.5581378936767578,79.51648712158203,1.387824535369873,95.56044006347656,1.667844295501709,0.7554945054945055,0.007554945054945055,-0.49356406927108765,-0.7021349668502808,0.7476120591163635,1.4118071794509888,1.6500248908996582,0.0029235854744911194,-28.279136657714844,-0.4935640442985487,-79.20879364013672,-1.3824542455531303,85.27472686767578,1.4883247525798133,80.89058685302734,1.4118070744557656,94.53945922851562,1.6500248365925358,0.29235854744911194,0.0029235854744911194,False,False,0.0,0.0,0.0,0.0,0.0,38.979427337646484,38.979427337646484,0.0,42.43971252441406,42.43971252441406,0.0,0.0,0.0,0.0,0.0,0.0
1,76,3.3423515560571104,3.3535779850790277,False,-27.208791732788086,-0.47488299012184143,-82.4175796508789,-1.4384580850601196,88.92308044433594,1.5520005226135254,79.51648712158203,1.387824535369873,95.64835357666016,1.669378638267517,0.7554945054945055,0.007554945054945055,-0.5124119520187378,-0.6337900757789612,0.7113674879074097,1.4081518650054932,1.6574206352233887,0.0027385205030441284,-29.359041213989258,-0.5124119344128256,-78.4175796508789,-1.3686449563527423,84.92308044433594,1.4821873646896713,80.68115234375,1.4081517527015774,94.96320343017578,1.6574205680977405,0.27385205030441284,0.0027385205030441284,False,False,0.0,0.0,0.0,0.0,0.0,42.10408401489258,42.10408401489258,0.0,44.16472625732422,44.16472625732422,0.0,0.0,0.0,0.0,0.0,0.0
1,77,3.3756984680658206,3.38656608609017,False,-27.208791732788086,-0.47488299012184143,-81.62637329101562,-1.4246490001678467,88.57142639160156,1.5458630323410034,79.51648712158203,1.387824535369873,95.56044006347656,1.667844295501709,0.7554945054945055,0.007554945054945055,-0.5301288962364197,-0.594876766204834,0.6789513230323792,1.4089559316635132,1.6568851470947266,0.003438331186771393,-30.374147415161133,-0.5301288798806868,-77.62637329101562,-1.354835800310409,84.57142639160156,1.4760498436414746,80.72722625732422,1.4089558941927267,94.9325180053711,1.6568850064025256,0.3438331186771393,0.003438331186771393,False,False,0.0,0.0,0.0,0.0,0.0,43.54244613647461,43.54244613647461,0.0,45.67038345336914,45.67038345336914,0.0,0.0,0.0,0.0,0.0,0.0
1,78,3.40926893602591,3.420515384990722,False,-27.91208839416504,-0.4871578514575958,-80.92308044433594,-1.4123741388320923,88.21977996826172,1.539725661277771,79.51648712158203,1.387824535369873,95.38461303710938,1.6647754907608032,0.7554945054945055,0.007554945054945055,-0.5372090935707092,-0.5296278595924377,0.6214371919631958,1.4088996648788452,1.6557072401046753,0.0021432414650917053,-30.77981185913086,-0.5372090600862306,-76.92308044433594,-1.3425610245301247,84.21977996826172,1.4699124557513326,80.7239990234375,1.4088995683356715,94.86502838134766,1.6557070902523834,0.21432414650917053,0.0021432414650917053,False,False,0.0,0.0,0.0,0.0,0.0,46.577640533447266,46.577640533447266,0.0,48.614051818847656,48.614051818847656,0.0,0.0,0.0,0.0,0.0,0.0
1,79,3.4425410290714353,3.4552966840565205,False,-29.14285659790039,-0.5086387991905212,-80.13186645507812,-1.3985649347305298,87.78022003173828,1.532053828239441,79.51648712158203,1.387824535369873,95.38461303710938,1.6647754907608032,0.7554945054945055,0.007554945054945055,-0.5359237790107727,-0.49873942136764526,0.5871715545654297,1.4110838174819946,1.6576021909713745,0.002690523862838745,-30.70616912841797,-0.5359237519651311,-76.13186645507812,-1.328751735329737,83.78022003173828,1.4622406875991412,80.8491439819336,1.4110837599037,94.97360229492188,1.6576020625260293,0.2690523862838745,0.002690523862838745,False,False,0.0,0.0,0.0,0.0,0.0,47.55620574951172,47.55620574951172,0.0,50.13777160644531,50.13777160644531,0.0,0.0,0.0,0.0,0.0,0.0
1,80,3.476018696092069,3.4884529480477795,False,-30.0219783782959,-0.5239823460578918,-79.42857360839844,-1.3862900733947754,87.42857360839844,1.5259164571762085,79.42857360839844,1.3862900733947754,95.29669952392578,1.6632411479949951,0.7554945054945055,0.007554945054945055,-0.5419604182243347,-0.45971518754959106,0.5667085647583008,1.4105403423309326,1.6538217067718506,0.0021372437477111816,-31.05204200744629,-0.5419603724975273,-75.42857360839844,-1.3164769595494528,83.42857360839844,1.456103299708999,80.81800079345703,1.410540208725215,94.75699615478516,1.6538215722006073,0.21372437477111816,0.0021372437477111816,False,False,0.0,0.0,0.0,0.0,0.0,49.088836669921875,49.088836669921875,0.0,50.95856475830078,50.95856475830078,0.0,0.0,0.0,0.0,0.0,0.0
1,81,3.5098748330492526,3.520919515984133,False,-30.19780158996582,-0.5270510315895081,-78.72527313232422,-1.374015212059021,87.07691955566406,1.5197789669036865,79.42857360839844,1.3862900733947754,95.29669952392578,1.6632411479949951,0.7554945054945055,0.007554945054945055,-0.5593137145042419,-0.41219422221183777,0.5267205834388733,1.4088971614837646,1.6483650207519531,0.001902841031551361,-32.04631423950195,-0.5593136966080517,-74.72527313232422,-1.304202050611114,83.07691955566406,1.4499657786608025,80.7238540649414,1.408897038332636,94.44435119628906,1.6483648882850894,0.1902841031551361,0.001902841031551361,False,False,0.0,0.0,0.0,0.0,0.0,51.10828399658203,51.10828399658203,0.0,52.89805603027344,52.89805603027344,0.0,0.0,0.0,0.0,0.0,0.0
1,82,3.5436080660438165,3.5582518310984597,False,-29.934066772460938,-0.5224480032920837,-77.84615325927734,-1.3586716651916504,86.63735961914062,1.5121071338653564,79.42857360839844,1.3862900733947754,95.29669952392578,1.6632411479949951,0.7554945054945055,0.007554945054945055,-0.5571610331535339,-0.4171561300754547,0.5128129720687866,1.4089629650115967,1.6572479009628296,0.0021195188164711,-31.9229736328125,-0.5571609969199135,-73.84615325927734,-1.2888585143067315,82.63735961914062,1.4422940105086113,80.72763061523438,1.4089629515696156,94.95330810546875,1.657247862101049,0.21195188164710999,0.0021195188164711,False,False,0.0,0.0,0.0,0.0,0.0,49.94486999511719,49.94486999511719,0.0,53.255340576171875,53.255340576171875,0.0,0.0,0.0,0.0,0.0,0.0
1,83,3.576997693045996,3.5879685659892857,False,-30.63736343383789,-0.5347228646278381,-77.14286041259766,-1.3463969230651855,86.19779968261719,1.504435420036316,79.42857360839844,1.3862900733947754,95.29669952392578,1.6632411479949951,0.7554945054945055,0.007554945054945055,-0.5565189123153687,-0.40668269991874695,0.5191757678985596,1.408980369567871,1.6483185291290283,0.003731541335582733,-31.88618278503418,-0.5565188754915817,-73.14286041259766,-1.2765837385264474,82.19779968261719,1.4346222423564199,80.72862243652344,1.408980262116701,94.44168853759766,1.6483184161240676,0.3731541335582733,0.003731541335582733,False,False,0.0,0.0,0.0,0.0,0.0,49.84165954589844,49.84165954589844,0.0,52.45122146606445,52.45122146606445,0.0,0.0,0.0,0.0,0.0,0.0
1,84,3.6103169950656593,3.620902422000654,False,-31.69230842590332,-0.553135097026825,-76.43955993652344,-1.3341219425201416,85.84615325927734,1.4982980489730835,79.42857360839844,1.3862900733947754,95.29669952392578,1.6632411479949951,0.7554945054945055,0.007554945054945055,-0.5611647367477417,-0.3701939880847931,0.5049156546592712,1.4095081090927124,1.6525866985321045,0.0027305707335472107,-32.15237045288086,-0.5611647267237113,-72.43955993652344,-1.2643088295881086,81.84615325927734,1.4284848544662778,80.75885772705078,1.4095079674867002,94.68624114990234,1.6525866644031377,0.27305707335472107,0.0027305707335472107,False,False,0.0,0.0,0.0,0.0,0.0,51.229007720947266,51.229007720947266,0.0,52.91661834716797,52.91661834716797,0.0,0.0,0.0,0.0,0.0,0.0
1,85,3.643725974019617,3.6558200570289046,False,-31.25274658203125,-0.5454633235931396,-75.47252655029297,-1.317244052886963,85.4065933227539,1.4906262159347534,79.42857360839844,1.3862900733947754,95.29669952392578,1.6632411479949951,0.7554945054945055,0.007554945054945055,-0.5721794366836548,-0.31607532501220703,0.44871267676353455,1.4061661958694458,1.6641203165054321,0.0021694600582122803,-32.78346633911133,-0.5721794278342246,-71.47252655029297,-1.247430913021677,81.4065933227539,1.4208130863140866,80.5673828125,1.4061660997928143,95.3470687866211,1.664120282452053,0.21694600582122803,0.0021694600582122803,False,False,0.0,0.0,0.0,0.0,0.0,53.36274719238281,53.36274719238281,0.0,55.69725036621094,55.69725036621094,0.0,0.0,0.0,0.0,0.0,0.0
1,86,3.677298568072729,3.68822611507494,False,-31.340660095214844,-0.5469977259635925,-74.76923370361328,-1.304969310760498,85.14286041259766,1.486023187637329,79.42857360839844,1.3862900733947754,94.94505310058594,1.6571037769317627,0.7554945054945055,0.007554945054945055,-0.5796181559562683,-0.26209595799446106,0.4275191128253937,1.4076300859451294,1.662833333015442,0.0025850236415863037,-33.20967102050781,-0.5796181028120067,-70.76923370361328,-1.2351561372413926,81.14286041259766,1.4162100786859937,80.65126037597656,1.4076300394440309,95.27332305908203,1.6628331766972175,0.25850236415863037,0.0025850236415863037,False,False,0.0,0.0,0.0,0.0,0.0,55.75224304199219,55.75224304199219,0.0,56.64781951904297,56.64781951904297,0.0,0.0,0.0,0.0,0.0,0.0
1,87,3.7112103510880843,3.724126141052693,False,-32.483516693115234,-0.5669443011283875,-73.97801971435547,-1.291159987449646,84.79120635986328,1.4798856973648071,79.42857360839844,1.3862900733947754,95.29669952392578,1.6632411479949951,0.7554945054945055,0.007554945054945055,-0.5875989198684692,-0.22638559341430664,0.411396861076355,1.4084291458129883,1.6587762832641602,0.004363976418972015,-33.666934967041016,-0.5875988642296743,-69.97801971435547,-1.2213468480410048,80.79120635986328,1.410072557637797,80.6970443725586,1.408429120929109,95.04087829589844,1.6587762502506453,0.43639764189720154,0.004363976418972015,False,False,0.0,0.0,0.0,0.0,0.0,57.007080078125,57.007080078125,0.0,57.21990203857422,57.21990203857422,0.0,0.0,0.0,0.0,0.0,0.0
1,88,3.7447516220854595,3.755599986994639,False,-32.74725341796875,-0.5715473890304565,-73.0988998413086,-1.2758164405822754,84.35164642333984,1.4722139835357666,79.42857360839844,1.3862900733947754,95.38461303710938,1.6647754907608032,0.7554945054945055,0.007554945054945055,-0.596662700176239,-0.20456039905548096,0.3814963698387146,1.408437967300415,1.6627765893936157,0.0017940700054168701,-34.18625259399414,-0.59666266668365,-69.0988998413086,-1.2060033117366222,80.35164642333984,1.4024007894856056,80.69754791259766,1.4084379093607065,95.27007293701172,1.6627764513659988,0.179407000541687,0.0017940700054168701,False,False,0.0,0.0,0.0,0.0,0.0,57.37845230102539,57.37845230102539,0.0,58.49351501464844,58.49351501464844,0.0,0.0,0.0,0.0,0.0,0.0
1,89,3.7780618250835687,3.7888476100051776,False,-32.57143020629883,-0.5684787034988403,-72.30769348144531,-1.2620073556900024,84.0879135131836,1.4676109552383423,79.42857360839844,1.3862900733947754,95.29669952392578,1.6632411479949951,0.7554945054945055,0.007554945054945055,-0.611551821231842,-0.16896021366119385,0.3642687201499939,1.406312108039856,1.6634795665740967,0.0030559226870536804,-35.039337158203125,-0.6115518011270378,-68.30769348144531,-1.1921941556942888,80.0879135131836,1.3977977818575127,80.57574462890625,1.4063120410205505,95.31035614013672,1.6634795258937798,0.30559226870536804,0.0030559226870536804,False,False,0.0,0.0,0.0,0.0,0.0,58.62698745727539,58.62698745727539,0.0,59.216854095458984,59.216854095458984,0.0,0.0,0.0,0.0,0.0,0.0
1,90,3.81211306003388,3.980172908050008,False,-33.27472686767578,-0.5807535648345947,-71.51648712158203,-1.24819815158844,83.64835357666016,1.4599391222000122,79.42857360839844,1.3862900733947754,95.29669952392578,1.6632411479949951,0.7554945054945055,0.007554945054945055,-0.575440526008606,-1.4850068092346191,1.511620044708252,1.3783643245697021,1.6578068733215332,-0.0011640116572380066,-32.97031021118164,-0.5754404685890265,-75.51648712158203,-1.3180113398115019,86.60944366455078,1.5116199552669545,78.97445678710938,1.378364295909041,94.9853286743164,1.6578067264558018,0.0,0.0,True,False,0.11640116572380066,0.0,0.0,0.0,0.0,9.568130493164062,9.568130493164062,0.0,0.0,0.0,0.0,0.0,0.0,0.0,0.0,0.0
1,91,3.9815230490639806,3.992772077093832,False,-35.120880126953125,-0.612975001335144,-69.67032623291016,-1.215976595878601,83.12088012695312,1.4507330656051636,79.42857360839844,1.3862900733947754,95.29669952392578,1.6632411479949951,0.7554945054945055,0.007554945054945055,-0.5574025511741638,-1.5170979499816895,1.5320216417312622,1.377931833267212,1.659928560256958,-0.0006926059722900391,-31.936811447143555,-0.55740251234127,-73.67032623291016,-1.2857897537826333,87.12088012695312,1.5205462054506276,78.94967651367188,1.3779317985480122,95.10689544677734,1.6599284668962682,0.0,0.0,True,False,0.0692605972290039,0.0,0.0,0.0,0.0,13.252975463867188,13.252975463867188,0.0,0.6574859619140625,0.6574859619140625,0.0,0.0,0.0,0.0,0.0,0.0
1,92,4.014931512996554,4.025813910993747,False,-34.94505310058594,-0.6099062561988831,-69.67032623291016,-1.215976595878601,83.12088012695312,1.4507330656051636,79.42857360839844,1.3862900733947754,95.29669952392578,1.6632411479949951,0.7554945054945055,0.007554945054945055,-0.5611149668693542,-1.5170011520385742,1.5182777643203735,1.3794798851013184,1.6574957370758057,-0.00020483136177062988,-32.14951705932617,-0.5611149256113268,-73.67032623291016,-1.2857897537826333,86.99090576171875,1.518277724834098,79.03836822509766,1.3794797609316207,94.9675064086914,1.6574956692404808,0.0,0.0,True,False,0.02048313617706299,0.0,0.0,0.0,0.0,13.247428894042969,13.247428894042969,0.0,0.0,0.0,0.0,0.0,0.0,0.0,0.0,0.0
1,93,4.048389315023087,4.059739978052676,False,-34.32966995239258,-0.5991657376289368,-69.93406677246094,-1.220579743385315,83.29669952392578,1.4538016319274902,79.16483306884766,1.3816869258880615,95.29669952392578,1.6632411479949951,0.7554945054945055,0.007554945054945055,-0.5607635974884033,-1.5239088535308838,1.5293344259262085,1.377608060836792,1.655344009399414,0.0001377686858177185,-32.12938690185547,-0.5607635880845181,-73.93406677246094,-1.2903928945687806,87.29669952392578,1.5236148328166712,78.93112182617188,1.3776079581594585,94.84422302246094,1.655343968237751,0.01377686858177185,0.0001377686858177185,False,False,0.0,0.0,0.0,0.0,0.0,13.379470825195312,13.379470825195312,0.0,0.32770538330078125,0.32770538330078125,0.0,0.0,0.0,0.0,0.0,0.0
1,94,4.081857323995791,4.092806111089885,False,-33.098899841308594,-0.577684760093689,-71.34066009521484,-1.2451293468475342,84.43955993652344,1.4737483263015747,79.07691955566406,1.3801525831222534,95.29669952392578,1.6632411479949951,0.7554945054945055,0.007554945054945055,-0.5573530197143555,-1.519212007522583,1.532762885093689,1.377253770828247,1.6578309535980225,0.0002662241458892822,-31.93397331237793,-0.5573529775449946,-75.34066009521484,-1.3149425792874037,87.82083892822266,1.5327627911610935,78.91082763671875,1.3772537577344781,94.98670959472656,1.657830828063667,0.026622414588928223,0.0002662241458892822,False,False,0.0,0.0,0.0,0.0,0.0,11.703773498535156,11.703773498535156,0.0,0.0,0.0,0.0,0.0,0.0,0.0,0.0,0.0
1,95,4.115199315012433,4.126515137031674,False,-32.483516693115234,-0.5669443011283875,-72.57142639160156,-1.2666102647781372,85.5824203491211,1.4936950206756592,78.989013671875,1.3786183595657349,95.29669952392578,1.6632411479949951,0.7554945054945055,0.007554945054945055,-0.557521641254425,-1.5216301679611206,1.5131720304489136,1.3790667057037354,1.6583820581436157,-0.00037791579961776733,-31.943635940551758,-0.5575216222210239,-76.57142639160156,-1.3364235034819283,86.6983642578125,1.513171912392198,79.01469421386719,1.3790665714884949,95.0182876586914,1.6583819692512591,0.0,0.0,True,False,0.03779157996177673,0.0,0.0,0.0,0.0,10.611557006835938,10.611557006835938,0.0,0.0,0.0,0.0,0.0,0.0,0.0,0.0,0.0
1,96,4.149019874050282,4.159760681097396,False,-33.098899841308594,-0.577684760093689,-73.62637329101562,-1.2850226163864136,86.19779968261719,1.504435420036316,78.989013671875,1.3786183595657349,95.29669952392578,1.6632411479949951,0.7554945054945055,0.007554945054945055,-0.5543363690376282,-1.533270239830017,1.5467007160186768,1.377504587173462,1.6584272384643555,-0.0004537850618362427,-31.761133193969727,-0.5543363483992345,-77.62637329101562,-1.354835800310409,88.61941528320312,1.5467005778840777,78.9251937866211,1.377504494351109,95.0208740234375,1.6584271098317358,0.0,0.0,True,False,0.04537850618362427,0.0,0.0,0.0,0.0,10.223533630371094,10.223533630371094,0.0,0.0,0.0,0.0,0.0,0.0,0.0,0.0,0.0
1,97,4.182370117050596,4.193145547062159,False,-32.74725341796875,-0.5715473890304565,-74.94505310058594,-1.3080378770828247,86.63735961914062,1.5121071338653564,78.989013671875,1.3786183595657349,95.29669952392578,1.6632411479949951,0.7554945054945055,0.007554945054945055,-0.5502413511276245,-1.53980553150177,1.5286930799484253,1.380851149559021,1.6656948328018188,-0.0008820220828056335,-31.526504516601562,-0.5502413054595606,-78.94505310058594,-1.3778511047669828,87.58765411376953,1.5286929483832343,79.11693572998047,1.3808510225769026,95.4372787475586,1.6656947432885076,0.0,0.0,True,False,0.08820220828056335,0.0,0.0,0.0,0.0,9.279296875,9.279296875,0.0,0.0,0.0,0.0,0.0,0.0,0.0,0.0,0.0
1,98,4.215726813999936,4.228556163026951,False,-31.956043243408203,-0.557738184928894,-75.9120864868164,-1.324915885925293,86.81318664550781,1.5151759386062622,78.989013671875,1.3786183595657349,95.29669952392578,1.6632411479949951,0.7554945054945055,0.007554945054945055,-0.550200343132019,-1.533948540687561,1.519087791442871,1.3807592391967773,1.660677194595337,-0.00015483051538467407,-31.52415657043457,-0.550200326068287,-79.9120864868164,-1.3947290213334145,87.03731536865234,1.5190877252796455,79.1116714477539,1.3807591435192947,95.14978790283203,1.6606770814786893,0.0,0.0,True,False,0.015483051538467407,0.0,0.0,0.0,0.0,7.9766845703125,7.9766845703125,0.0,0.0,0.0,0.0,0.0,0.0,0.0,0.0,0.0
1,99,4.249628897989169,4.260638594045304,False,-31.868131637573242,-0.5562038421630859,-77.05494689941406,-1.344862461090088,87.34066009521484,1.5243821144104004,78.989013671875,1.3786183595657349,95.29669952392578,1.6632411479949951,0.7554945054945055,0.007554945054945055,-0.5487699508666992,-1.5454106330871582,1.5319749116897583,1.379576563835144,1.6594465970993042,-0.000590108335018158,-31.44219970703125,-0.5487699089572918,-81.05494689941406,-1.4146756984239444,87.77568817138672,1.531974761794539,79.04390716552734,1.3795764336791907,95.07928466796875,1.6594465678970183,0.0,0.0,True,False,0.059010833501815796,0.0,0.0,0.0,0.0,7.4905548095703125,7.4905548095703125,0.0,0.0,0.0,0.0,0.0,0.0,0.0,0.0,0.0
1,100,4.283052026061341,4.296375529025681,False,-32.30769348144531,-0.5638756155967712,-78.02198028564453,-1.3617404699325562,87.42857360839844,1.5259164571762085,78.989013671875,1.3786183595657349,95.29669952392578,1.6632411479949951,0.7554945054945055,0.007554945054945055,-0.5544750690460205,-1.5312399864196777,1.5175001621246338,1.3804497718811035,1.6543309688568115,-0.00013137608766555786,-31.769079208374023,-0.5544750325130005,-82.02198028564453,-1.431553614990376,86.94635009765625,1.5175000817957949,79.09394073486328,1.3804496842006275,94.78617858886719,1.654330901759085,0.0,0.0,True,False,0.013137608766555786,0.0,0.0,0.0,0.0,5.711601257324219,5.711601257324219,0.0,0.0,0.0,0.0,0.0,0.0,0.0,0.0,0.0
1,101,4.316273730015382,4.327207813039422,False,-32.131866455078125,-0.5608068704605103,-78.989013671875,-1.3786183595657349,87.69230651855469,1.5305194854736328,79.16483306884766,1.3816869258880615,95.29669952392578,1.6632411479949951,0.7554945054945055,0.007554945054945055,-0.5431538224220276,-1.5607354640960693,1.526774287223816,1.3799009323120117,1.667354702949524,0.0007128864526748657,-31.120420455932617,-0.5431538015610191,-82.989013671875,-1.448431531556808,87.47771453857422,1.5267741408178324,79.06249237060547,1.3799008066999623,95.53237915039062,1.6673545584378995,0.07128864526748657,0.0007128864526748657,False,False,0.0,0.0,0.0,0.0,0.0,6.434539794921875,6.434539794921875,0.0,0.0,0.0,0.0,0.0,0.0,0.0,0.0,0.0
1,102,4.34973712801002,4.360427250037901,False,-31.604394912719727,-0.5516007542610168,-79.78022003173828,-1.3924275636672974,87.78022003173828,1.532053828239441,79.16483306884766,1.3816869258880615,95.29669952392578,1.6632411479949951,0.7554945054945055,0.007554945054945055,-0.5511858463287354,-1.5534145832061768,1.519473910331726,1.382889986038208,1.6577684879302979,0.0003058090806007385,-31.58062171936035,-0.5511858288296708,-83.78022003173828,-1.4622406875991412,87.05944061279297,1.519473883637707,79.23375701904297,1.3828899387074671,94.9831314086914,1.657768376936105,0.030580908060073853,0.0003058090806007385,False,False,0.0,0.0,0.0,0.0,0.0,5.223876953125,5.223876953125,0.0,0.0,0.0,0.0,0.0,0.0,0.0,0.0,0.0
1,103,4.383207269012928,4.3943799120606855,False,-31.516483306884766,-0.5500664114952087,-80.48351287841797,-1.4047023057937622,87.78022003173828,1.532053828239441,79.6043930053711,1.3893587589263916,95.29669952392578,1.6632411479949951,0.7554945054945055,0.007554945054945055,-0.557993471622467,-1.542098045349121,1.502325415611267,1.3838199377059937,1.659151315689087,0.0002067461609840393,-31.97066879272461,-0.5579934344976449,-84.48351287841797,-1.4745154633794253,86.076904296875,1.5023253899045232,79.28704071044922,1.3838199145601229,95.06236267089844,1.6591512233321284,0.02067461609840393,0.0002067461609840393,False,False,0.0,0.0,0.0,0.0,0.0,3.8721923828125,3.8721923828125,0.0,0.0,0.0,0.0,0.0,0.0,0.0,0.0,0.0
1,104,4.416730665019713,4.428599852020852,False,-31.69230842590332,-0.553135097026825,-81.80220031738281,-1.427717685699463,87.78022003173828,1.532053828239441,79.78022003173828,1.3924275636672974,95.29669952392578,1.6632411479949951,0.7554945054945055,0.007554945054945055,-0.5478910803794861,-1.5393697023391724,1.5118697881698608,1.3847675323486328,1.6640677452087402,7.034093141555786e-05,-31.391845703125,-0.5478910657975656,-85.80220031738281,-1.4975309009940536,86.6237564086914,1.5118697597772037,79.3413314819336,1.384767467275973,95.34405517578125,1.6640676850205238,0.007034093141555786,7.034093141555786e-05,False,False,0.0,0.0,0.0,0.0,0.0,2.3971786499023438,2.3971786499023438,0.0,0.0,0.0,0.0,0.0,0.0,0.0,0.0,0.0
1,105,4.450957222026773,4.463459691032767,False,-31.868131637573242,-0.5562038421630859,-82.68132019042969,-1.4430612325668335,87.78022003173828,1.532053828239441,79.78022003173828,1.3924275636672974,94.94505310058594,1.6571037769317627,0.7554945054945055,0.007554945054945055,-0.5393112301826477,-1.5590174198150635,1.4956120252609253,1.3892306089401245,1.667945384979248,-0.0002660602331161499,-30.90025520324707,-0.539311193003171,-86.68132019042969,-1.5128744372984362,85.69225311279297,1.495611960270597,79.5970458984375,1.3892305257887825,95.56622314453125,1.667945247567679,0.0,0.0,True,False,0.02660602331161499,0.0,0.0,0.0,0.0,2.6437911987304688,2.6437911987304688,0.0,0.0,0.0,0.0,0.0,0.0,0.0,0.0,0.0
1,106,4.484346461016685,4.495988623006269,False,-31.868131637573242,-0.5562038421630859,-83.38461303710938,-1.4553359746932983,87.78022003173828,1.532053828239441,79.78022003173828,1.3924275636672974,94.85713958740234,1.6555694341659546,0.7554945054945055,0.007554945054945055,-0.5493412017822266,-1.514733910560608,1.4529820680618286,1.393957495689392,1.668017864227295,0.000546872615814209,-31.474929809570312,-0.5493411570111137,-86.78785705566406,-1.5147338563715296,83.78022003173828,1.4622406875991412,79.86787414550781,1.393957370407564,95.57038116455078,1.6680178187073837,0.0546872615814209,0.000546872615814209,False,False,0.0,0.0,0.0,0.0,0.0,0.0,0.0,0.0,0.530487060546875,0.530487060546875,0.0,0.0,0.0,0.0,0.0,0.0
1,107,4.51738725299947,4.528619432006963,False,-31.604394912719727,-0.5516007542610168,-84.0,-1.4660766124725342,87.78022003173828,1.532053828239441,79.78022003173828,1.3924275636672974,94.85713958740234,1.6555694341659546,0.7554945054945055,0.007554945054945055,-0.5574418902397156,-1.5230118036270142,1.4761840105056763,1.3903894424438477,1.661266803741455,-7.949024438858032e-05,-31.93906593322754,-0.5574418605463759,-87.26214599609375,-1.5230117599878228,84.57910919189453,1.4761839338023601,79.66344451904297,1.3903894003371304,95.1835708618164,1.6612667053440329,0.0,0.0,True,False,0.007949024438858032,0.0,0.0,0.0,0.0,0.0,0.0,0.0,0.0,0.0,0.0,0.0,0.0,0.0,0.0,0.0
1,108,4.551657318021171,4.563860933994874,False,-31.16483497619629,-0.5439289808273315,-84.87911987304688,-1.4814200401306152,87.78022003173828,1.532053828239441,79.86813354492188,1.3939619064331055,95.03296661376953,1.6586381196975708,0.7554945054945055,0.007554945054945055,-0.5510044097900391,-1.5475467443466187,1.5030416250228882,1.3855146169662476,1.6594831943511963,0.0007925704121589661,-31.57022476196289,-0.5510043676908956,-88.66789245605469,-1.5475466641623958,86.11793518066406,1.5030415139216458,79.3841323852539,1.3855144839617404,95.08137512207031,1.6594830532039524,0.0792570412158966,0.0007925704121589661,False,False,0.0,0.0,0.0,0.0,0.0,0.0,0.0,0.0,0.0,0.0,0.0,0.0,0.0,0.0,0.0,0.0
1,109,4.585344208055176,4.5963868430117145,False,-31.428571701049805,-0.5485320687294006,-85.5824203491211,-1.4936950206756592,87.6043930053711,1.5289851427078247,79.86813354492188,1.3939619064331055,95.03296661376953,1.6586381196975708,0.7554945054945055,0.007554945054945055,-0.5488622784614563,-1.5599974393844604,1.5185716152191162,1.3878616094589233,1.6520636081695557,0.0011268779635429382,-31.447490692138672,-0.5488622540680903,-89.38126373291016,-1.5599973417326798,87.00773620605469,1.5185714715023337,79.51860809326172,1.3878615278304272,94.65626525878906,1.6520634864069916,0.11268779635429382,0.0011268779635429382,False,False,0.0,0.0,0.0,0.0,0.0,0.0,0.0,0.0,0.0,0.0,0.0,0.0,0.0,0.0,0.0,0.0
1,110,4.618756411015056,4.629755735048093,False,-32.0439567565918,-0.5592725276947021,-86.72527313232422,-1.513641595840454,87.6043930053711,1.5289851427078247,79.86813354492188,1.3939619064331055,95.12088012695312,1.6601725816726685,0.7554945054945055,0.007554945054945055,-0.549913763999939,-1.5495904684066772,1.506927490234375,1.3854585886001587,1.6576188802719116,0.0010412856936454773,-31.507736206054688,-0.5499137366454808,-88.78498840332031,-1.5495903739829227,86.34058380126953,1.5069274654262348,79.38092803955078,1.3854585575788487,94.97456359863281,1.657618840440897,0.10412856936454773,0.0010412856936454773,False,False,0.0,0.0,0.0,0.0,0.0,0.0,0.0,0.0,0.0,0.0,0.0,0.0,0.0,0.0,0.0,0.0
1,111,4.652201449032873,4.664487742003985,False,-31.69230842590332,-0.553135097026825,-87.69230651855469,-1.5305194854736328,87.86813354492188,1.533588171005249,79.86813354492188,1.3939619064331055,95.38461303710938,1.6647754907608032,0.7554945054945055,0.007554945054945055,-0.54816073179245,-1.526707410812378,1.4946388006210327,1.3884499073028564,1.6546144485473633,0.0005765259265899658,-31.40729522705078,-0.5481607108579362,-87.47388458251953,-1.5267072954744714,85.63648986816406,1.4946387080502277,79.55231475830078,1.3884498201152256,94.80242156982422,1.654614395257124,0.05765259265899658,0.0005765259265899658,False,False,0.0,0.0,0.0,0.0,0.0,0.0,0.0,0.0,0.0,0.0,0.0,0.0,0.0,0.0,0.0,0.0
1,112,4.686275081010535,4.699827542062849,False,-31.25274658203125,-0.5454633235931396,-88.04395294189453,-1.5366568565368652,87.95604705810547,1.5351226329803467,79.86813354492188,1.3939619064331055,94.94505310058594,1.6571037769317627,0.7554945054945055,0.007554945054945055,-0.5482933521270752,-1.5198501348495483,1.4772371053695679,1.3876203298568726,1.6594678163528442,0.0005873516201972961,-31.414894104003906,-0.5482933362802221,-87.08099365234375,-1.5198500551416807,84.63945007324219,1.4772370808554318,79.5047836303711,1.3876202454356659,95.08049774169922,1.6594677400276843,0.058735162019729614,0.0005873516201972961,False,False,0.0,0.0,0.0,0.0,0.0,0.0,0.0,0.0,0.0,0.0,0.0,0.0,0.0,0.0,0.0,0.0
1,113,4.719607453094795,4.732296633068472,False,-31.516483306884766,-0.5500664114952087,-88.04395294189453,-1.5366568565368652,87.95604705810547,1.5351226329803467,79.86813354492188,1.3939619064331055,94.94505310058594,1.6571037769317627,0.7554945054945055,0.007554945054945055,-0.539133608341217,-1.5441995859146118,1.4851387739181519,1.3869571685791016,1.6551873683929443,0.00032582134008407593,-30.890079498291016,-0.5391335934479763,-88.47611236572266,-1.5441994701463297,85.09217834472656,1.485138679809697,79.46678924560547,1.3869571183242362,94.83524322509766,1.6551872412076,0.03258213400840759,0.00032582134008407593,False,False,0.0,0.0,0.0,0.0,0.0,0.0,0.0,0.0,0.0,0.0,0.0,0.0,0.0,0.0,0.0,0.0
1,114,4.753075227024965,4.765272467047907,False,-31.868131637573242,-0.5562038421630859,-87.78022003173828,-1.532053828239441,87.95604705810547,1.5351226329803467,79.86813354492188,1.3939619064331055,95.12088012695312,1.6601725816726685,0.7554945054945055,0.007554945054945055,-0.5379658341407776,-1.543967604637146,1.4831244945526123,1.390001654624939,1.662191390991211,-0.00021528452634811401,-30.823169708251953,-0.5379657973099766,-88.46282196044922,-1.543967508815384,84.97676849365234,1.4831243979192155,79.64122772216797,1.3900016440824148,95.2365493774414,1.6621913548745084,0.0,0.0,True,False,0.0215284526348114,0.0,0.0,0.0,0.0,0.0,0.0,0.0,0.0,0.0,0.0,0.0,0.0,0.0,0.0,0.0
1,115,4.786938396049663,4.799194231047295,False,-31.69230842590332,-0.553135097026825,-87.51648712158203,-1.5274507999420166,87.86813354492188,1.533588171005249,79.86813354492188,1.3939619064331055,95.20879364013672,1.6617069244384766,0.7554945054945055,0.007554945054945055,-0.5388991236686707,-1.4829001426696777,1.3931961059570312,1.4068195819854736,1.6506938934326172,-0.0010043755173683167,-30.876644134521484,-0.5388991021139948,-84.96391296386719,-1.4829000265973764,83.86813354492188,1.4637750678611903,80.60482025146484,1.4068195063662652,94.57778930664062,1.6506938226583638,0.0,0.0,True,False,0.10043755173683167,0.0,0.0,0.0,0.0,0.0,0.0,0.0,4.04388427734375,4.04388427734375,0.0,0.0,0.0,0.0,0.0,0.0
1,116,4.820166837074794,4.832312968093902,False,-31.16483497619629,-0.5439289808273315,-87.51648712158203,-1.5274507999420166,87.86813354492188,1.533588171005249,79.86813354492188,1.3939619064331055,94.94505310058594,1.6571037769317627,0.7554945054945055,0.007554945054945055,-0.5436040759086609,-1.440222978591919,1.341903805732727,1.408631443977356,1.6563799381256104,-0.0011187642812728882,-31.146217346191406,-0.5436040422328106,-83.51648712158203,-1.4576376799710482,83.86813354492188,1.4637750678611903,80.70863342285156,1.4086313880139005,94.90357208251953,1.6563798047437375,0.0,0.0,True,False,0.11187642812728882,0.0,0.0,0.0,0.0,0.9977951049804688,0.9977951049804688,0.0,6.9827117919921875,6.9827117919921875,0.0,0.0,0.0,0.0,0.0,0.0
1,117,4.853770397021435,4.865806988091208,False,-30.901098251342773,-0.5393258929252625,-87.69230651855469,-1.5305194854736328,87.78022003173828,1.532053828239441,79.86813354492188,1.3939619064331055,94.94505310058594,1.6571037769317627,0.7554945054945055,0.007554945054945055,-0.5426392555236816,-1.3469406366348267,1.232272982597351,1.4389728307724,1.6596815586090088,-0.0010640844702720642,-31.0909366607666,-0.5426392122593885,-83.69230651855469,-1.460706307337092,83.78022003173828,1.4622406875991412,82.44706726074219,1.4389727823131735,95.09274291992188,1.6596814587051631,0.0,0.0,True,False,0.10640844702720642,0.0,0.0,0.0,0.0,6.5182952880859375,6.5182952880859375,0.0,13.176185607910156,13.176185607910156,0.0,0.0,0.0,0.0,0.0,0.0
1,118,4.887168543995358,4.898077787016518,False,-30.901098251342773,-0.5393258929252625,-87.07691955566406,-1.5197789669036865,87.42857360839844,1.5259164571762085,80.13186645507812,1.3985649347305298,94.94505310058594,1.6571037769317627,0.7554945054945055,0.007554945054945055,-0.530137300491333,-1.3325505256652832,1.1849230527877808,1.459719181060791,1.6593936681747437,-0.0011964142322540283,-30.3746280670166,-0.5301372688381205,-83.07691955566406,-1.4499657786608025,83.42857360839844,1.456103299708999,83.6357421875,1.4597190735209997,95.07624816894531,1.6593935709913257,0.0,0.0,True,False,0.11964142322540283,0.0,0.0,0.0,0.0,6.7274017333984375,6.7274017333984375,0.0,15.537490844726562,15.537490844726562,0.0,0.0,0.0,0.0,0.0,0.0
1,119,4.920613521011546,4.934043715009466,False,-31.076923370361328,-0.5423946380615234,-85.75823974609375,-1.4967635869979858,87.34066009521484,1.5243821144104004,80.48351287841797,1.4047023057937622,94.94505310058594,1.6571037769317627,0.7554945054945055,0.007554945054945055,-0.5132732391357422,-1.262699007987976,1.1213971376419067,1.4819856882095337,1.6532503366470337,-0.0019481033086776733,-29.408388137817383,-0.5132732007093572,-81.75823974609375,-1.4269504742042287,83.34066009521484,1.45456891944695,84.48351287841797,1.4745154633794253,94.72425842285156,1.653250190988731,0.0,0.0,True,False,0.19481033086776733,0.0,0.0,0.0,0.0,9.410919189453125,9.410919189453125,0.0,19.089340209960938,19.089340209960938,0.0,0.428009033203125,0.428009033203125,0.0,0.0,0.0
1,120,4.9539930410683155,5.124771899078041,False,-31.16483497619629,-0.5439289808273315,-84.43955993652344,-1.4737483263015747,87.25274658203125,1.5228476524353027,81.0988998413086,1.4154428243637085,95.47252655029297,1.6663099527359009,0.7554945054945055,0.007554945054945055,-0.5291449427604675,-1.5708794593811035,1.5284645557403564,1.4073550701141357,1.6696968078613281,0.000936657190322876,-30.31777000427246,-0.5291449084369297,-88.43955993652344,-1.5435615099072013,87.5745620727539,1.5284644491617057,80.635498046875,1.4073549349034256,95.66657257080078,1.6696966754585698,0.0936657190322876,0.000936657190322876,False,False,0.0,0.0,0.0,0.0,0.0,1.5652008056640625,1.5652008056640625,0.0,0.0,0.0,0.0,0.0,0.0,0.0,0.0,0.0
1,121,5.126086488016881,5.138156082015485,False,-29.846153259277344,-0.5209136605262756,-83.38461303710938,-1.4553359746932983,86.63735961914062,1.5121071338653564,82.24176025390625,1.435389518737793,95.29669952392578,1.6632411479949951,0.7554945054945055,0.007554945054945055,-0.5240946412086487,-1.5877039432525635,1.5197877883911133,1.4096919298171997,1.6670174598693848,0.00040183961391448975,-30.028409957885742,-0.524094622903758,-87.38461303710938,-1.5251492130787205,87.07742309570312,1.5197877371721729,80.76939392089844,1.4096918587599703,95.5130615234375,1.6670174022438955,0.040183961391448975,0.00040183961391448975,False,False,0.0,0.0,0.0,0.0,0.0,3.5841140747070312,3.5841140747070312,0.0,0.0,0.0,0.0,0.0,0.0,0.0,0.0,0.0
1,122,5.160079507040791,5.172433890984394,False,-29.318681716918945,-0.5117075443267822,-83.38461303710938,-1.4553359746932983,86.63735961914062,1.5121071338653564,82.24176025390625,1.435389518737793,95.29669952392578,1.6632411479949951,0.7554945054945055,0.007554945054945055,-0.5252915024757385,-1.5932786464691162,1.531662940979004,1.4039326906204224,1.6605688333511353,0.0002993643283843994,-30.09698486328125,-0.5252914807871533,-87.38461303710938,-1.5251492130787205,87.75782012939453,1.5316629056308908,80.43941497802734,1.4039326397446192,95.1435775756836,1.6605686908223232,0.02993643283843994,0.0002993643283843994,False,False,0.0,0.0,0.0,0.0,0.0,3.9035263061523438,3.9035263061523438,0.0,0.0,0.0,0.0,0.0,0.0,0.0,0.0,0.0
1,123,5.193662701989524,5.207218858995475,False,-29.758241653442383,-0.5193793177604675,-83.64835357666016,-1.4599391222000122,86.72527313232422,1.513641595840454,82.06593322753906,1.4323207139968872,95.29669952392578,1.6632411479949951,0.7554945054945055,0.007554945054945055,-0.5124734044075012,-1.5995476245880127,1.5423122644424438,1.4009438753128052,1.6567566394805908,0.00036344677209854126,-29.36256217956543,-0.5124733868549792,-87.64835357666016,-1.5297523538648679,88.36798095703125,1.542312221039845,80.2681655883789,1.4009437740532233,94.92515563964844,1.6567565088799292,0.036344677209854126,0.00036344677209854126,False,False,0.0,0.0,0.0,0.0,0.0,3.9989700317382812,3.9989700317382812,0.0,0.0,0.0,0.0,0.0,0.0,0.0,0.0,0.0
1,124,5.227030714042485,5.238012359011918,False,-30.19780158996582,-0.5270510315895081,-84.96703338623047,-1.482954502105713,87.6043930053711,1.5289851427078247,81.80220031738281,1.427717685699463,95.29669952392578,1.6632411479949951,0.7554945054945055,0.007554945054945055,-0.5154640078544617,-1.6024017333984375,1.5331298112869263,1.4031658172607422,1.64829421043396,0.0007035732269287109,-29.533910751342773,-0.5154639836010837,-88.96703338623047,-1.5527676583214416,87.84186553955078,1.5331297747593065,80.39547729492188,1.403165782508731,94.44029998779297,1.648294181358148,0.0703573226928711,0.0007035732269287109,False,False,0.0,0.0,0.0,0.0,0.0,2.8438186645507812,2.8438186645507812,0.0,0.0,0.0,0.0,0.0,0.0,0.0,0.0,0.0
1,125,5.260441977996379,5.271206180099398,False,-29.934066772460938,-0.5224480032920837,-86.10989379882812,-1.5029011964797974,88.3956069946289,1.5427943468093872,81.36264038085938,1.4200459718704224,95.29669952392578,1.6632411479949951,0.7554945054945055,0.007554945054945055,-0.526587963104248,-1.584820032119751,1.53001868724823,1.402121663093567,1.654927372932434,-0.00015057623386383057,-30.171266555786133,-0.5265879408953175,-90.10989379882812,-1.5727143354119717,87.66360473632812,1.5300185368158212,80.33564758300781,1.402121557045311,94.82035064697266,1.6549273166852083,0.0,0.0,True,False,0.015057623386383057,0.0,0.0,0.0,0.0,0.693603515625,0.693603515625,0.0,0.0,0.0,0.0,0.0,0.0,0.0,0.0,0.0
1,126,5.293923984048888,5.3046951240394264,False,-29.406593322753906,-0.5132418870925903,-86.54945373535156,-1.510572910308838,88.65933990478516,1.5473973751068115,81.18681335449219,1.4169771671295166,95.03296661376953,1.6586381196975708,0.7554945054945055,0.007554945054945055,-0.5157632231712341,-1.5811655521392822,1.5293288230895996,1.400720477104187,1.6583640575408936,0.0003634616732597351,-29.551054000854492,-0.5157631897495542,-90.54945373535156,-1.5803861035641629,87.62408447265625,1.5293287780934908,80.25536346435547,1.4007203348377657,95.01725769042969,1.6583639929139011,0.03634616732597351,0.0003634616732597351,False,False,0.0,0.0,0.0,0.0,0.0,0.04465484619140625,0.04465484619140625,0.0,0.0,0.0,0.0,0.0,0.0,0.0,0.0,0.0
1,127,5.327366131008603,5.338108891039155,False,-29.58241844177246,-0.5163105726242065,-87.42857360839844,-1.5259164571762085,88.65933990478516,1.5473973751068115,81.0988998413086,1.4154428243637085,94.85713958740234,1.6555694341659546,0.7554945054945055,0.007554945054945055,-0.5281159281730652,-1.5937517881393433,1.531328797340393,1.4042339324951172,1.6620841026306152,-0.000937148928642273,-30.258811950683594,-0.5281158962812368,-91.31524658203125,-1.5937517101269436,87.7386703491211,1.5313286789140859,80.45667266845703,1.4042338432639072,95.23040008544922,1.6620840294825783,0.0,0.0,True,False,0.0937148928642273,0.0,0.0,0.0,0.0,0.0,0.0,0.0,0.0,0.0,0.0,0.0,0.0,0.0,0.0,0.0
1,128,5.360813330044039,5.3716010100906715,False,-30.19780158996582,-0.5270510315895081,-88.48351287841797,-1.5443285703659058,88.65933990478516,1.5473973751068115,81.0988998413086,1.4154428243637085,94.94505310058594,1.6571037769317627,0.7554945054945055,0.007554945054945055,-0.5368499159812927,-1.5897942781448364,1.5119876861572266,1.4035691022872925,1.668321967124939,-0.0004595816135406494,-30.759233474731445,-0.5368498995237198,-91.0885009765625,-1.5897942527470859,86.63050842285156,1.51198760465544,80.4185791015625,1.403568985097769,95.58779907226562,1.6683218185458164,0.0,0.0,True,False,0.04595816135406494,0.0,0.0,0.0,0.0,0.0,0.0,0.0,0.0,0.0,0.0,0.0,0.0,0.0,0.0,0.0
1,129,5.394294913043268,5.406300737988204,False,-30.10988998413086,-0.5255166888237,-89.80220031738281,-1.567344069480896,88.65933990478516,1.5473973751068115,81.0988998413086,1.4154428243637085,95.20879364013672,1.6617069244384766,0.7554945054945055,0.007554945054945055,-0.5255128741264343,-1.591973066329956,1.5124772787094116,1.4073113203048706,1.6609234809875488,1.7702579498291016e-05,-30.109668731689453,-0.5255128560527661,-91.21333312988281,-1.5919729848348796,86.65856170654297,1.512477226821851,80.63299560546875,1.4073112590615484,95.16390228271484,1.6609234238795216,0.0017702579498291016,1.7702579498291016e-05,False,False,0.0,0.0,0.0,0.0,0.0,0.0,0.0,0.0,0.0,0.0,0.0,0.0,0.0,0.0,0.0,0.0
1,130,5.427596361027099,5.439690724015236,False,-29.846153259277344,-0.5209136605262756,-90.32967376708984,-1.5765502452850342,88.65933990478516,1.5473973751068115,81.0988998413086,1.4154428243637085,94.85713958740234,1.6555694341659546,0.7554945054945055,0.007554945054945055,-0.528805673122406,-1.573476791381836,1.5115245580673218,1.4003938436508179,1.659001350402832,-0.0004900842905044556,-30.29833221435547,-0.5288056550035672,-90.15357208251953,-1.5734766652740069,86.60397338867188,1.511524480941875,80.23665618896484,1.4003938312881221,95.05377197265625,1.659001287362757,0.0,0.0,True,False,0.04900842905044556,0.0,0.0,0.0,0.0,0.0,0.0,0.0,0.0,0.0,0.0,0.0,0.0,0.0,0.0,0.0
1,131,5.461010395083576,5.472992283059284,False,-30.285715103149414,-0.5285854339599609,-90.4175796508789,-1.5780844688415527,88.65933990478516,1.5473973751068115,81.0988998413086,1.4154428243637085,94.85713958740234,1.6555694341659546,0.7554945054945055,0.007554945054945055,-0.5304059982299805,-1.5965871810913086,1.5298056602478027,1.401564359664917,1.654292345046997,-0.0006864592432975769,-30.390024185180664,-0.5304059817921095,-91.47769927978516,-1.5965870445814965,87.65140533447266,1.5298056170866694,80.30371856689453,1.4015642905872119,94.78396606445312,1.654292285923279,0.0,0.0,True,False,0.06864592432975769,0.0,0.0,0.0,0.0,0.0,0.0,0.0,0.0,0.0,0.0,0.0,0.0,0.0,0.0,0.0
1,132,5.49461236607749,5.506025996059179,False,-30.549449920654297,-0.5331884622573853,-90.15384674072266,-1.5734814405441284,88.65933990478516,1.5473973751068115,81.0988998413086,1.4154428243637085,94.94505310058594,1.6571037769317627,0.7554945054945055,0.007554945054945055,-0.523045539855957,-1.5935499668121338,1.5179604291915894,1.4006640911102295,1.653862476348877,9.381771087646484e-05,-29.968299865722656,-0.5230455038818349,-91.30368041992188,-1.5935498425163155,86.97272491455078,1.517960409190215,80.25213623046875,1.4006640089807105,94.75933837890625,1.65386245172334,0.009381771087646484,9.381771087646484e-05,False,False,0.0,0.0,0.0,0.0,0.0,0.0,0.0,0.0,0.0,0.0,0.0,0.0,0.0,0.0,0.0,0.0
1,133,5.528425947995856,5.539816715056077,False,-30.461538314819336,-0.5316541194915771,-90.06593322753906,-1.5719470977783203,88.65933990478516,1.5473973751068115,81.0988998413086,1.4154428243637085,94.85713958740234,1.6555694341659546,0.7554945054945055,0.007554945054945055,-0.5201679468154907,-1.5949969291687012,1.5184530019760132,1.3996175527572632,1.6632821559906006,-0.0010675787925720215,-29.80342674255371,-0.5201679250344906,-91.38658905029297,-1.59499687109461,87.00094604492188,1.5184529608338253,80.19217681884766,1.399617519830364,95.29904174804688,1.6632820524989504,0.0,0.0,True,False,0.10675787925720215,0.0,0.0,0.0,0.0,0.0,0.0,0.0,0.0,0.0,0.0,0.0,0.0,0.0,0.0,0.0
1,134,5.5617809840478,5.574244005023502,False,-30.19780158996582,-0.5270510315895081,-90.32967376708984,-1.5765502452850342,88.65933990478516,1.5473973751068115,81.0988998413086,1.4154428243637085,94.85713958740234,1.6555694341659546,0.7554945054945055,0.007554945054945055,-0.5252025127410889,-1.5486245155334473,1.4611536264419556,1.4040507078170776,1.6612178087234497,-0.0010051503777503967,-30.091886520385742,-0.525202497917231,-88.72964477539062,-1.548624445455551,84.65933990478516,1.4775842239035237,80.44617462158203,1.4040506177809098,95.1807632446289,1.6612177031799755,0.0,0.0,True,False,0.10051503777503967,0.0,0.0,0.0,0.0,0.0,0.0,0.0,0.94140625,0.94140625,0.0,0.0,0.0,0.0,0.0,0.0
1,135,5.59487704699859,5.607066444004886,False,-29.934066772460938,-0.5224480032920837,-90.68132019042969,-1.5826876163482666,88.65933990478516,1.5473973751068115,81.0988998413086,1.4154428243637085,94.85713958740234,1.6555694341659546,0.7554945054945055,0.007554945054945055,-0.5092649459838867,-1.5959852933883667,1.5075643062591553,1.4008681774139404,1.6614646911621094,5.5693089962005615e-05,-29.178730010986328,-0.5092649102421927,-91.4432144165039,-1.5959851701751386,86.37706756591797,1.5075642272428726,80.26383209228516,1.4008681402782652,95.19490814208984,1.6614645782130257,0.0055693089962005615,5.5693089962005615e-05,False,False,0.0,0.0,0.0,0.0,0.0,0.0,0.0,0.0,0.0,0.0,0.0,0.0,0.0,0.0,0.0,0.0
1,136,5.628631456987932,5.6392839250620455,False,-29.934066772460938,-0.5224480032920837,-91.12088012695312,-1.5903593301773071,88.57142639160156,1.5458630323410034,81.0988998413086,1.4154428243637085,94.85713958740234,1.6555694341659546,0.7554945054945055,0.007554945054945055,-0.5036316514015198,-1.5890693664550781,1.5083543062210083,1.400745153427124,1.660981297492981,0.0002750009298324585,-28.855966567993164,-0.5036316254568889,-91.04696655273438,-1.5890693402983662,86.42233276367188,1.5083542539802448,80.25678253173828,1.4007451022359034,95.1672134399414,1.6609812144751763,0.02750009298324585,0.0002750009298324585,False,False,0.0,0.0,0.0,0.0,0.0,0.0,0.0,0.0,0.0,0.0,0.0,0.0,0.0,0.0,0.0,0.0
1,137,5.662185669061728,5.673358721076511,False,-30.0219783782959,-0.5239823460578918,-90.06593322753906,-1.5719470977783203,88.13186645507812,1.5381911993026733,81.0988998413086,1.4154428243637085,94.85713958740234,1.6555694341659546,0.7554945054945055,0.007554945054945055,-0.4964519143104553,-1.6216031312942505,1.5088096857070923,1.406896710395813,1.6603655815124512,-0.00035848468542099,-28.444597244262695,-0.4964518763160898,-92.9110107421875,-1.6216030488069924,86.44842529296875,1.5088096545266483,80.60923767089844,1.406896604879823,95.1319351196289,1.66036549163115,0.0,0.0,True,False,0.035848468542099,0.0,0.0,0.0,0.0,0.0,0.0,0.0,0.0,0.0,0.0,0.0,0.0,0.0,0.0,0.0
1,138,5.6955792180961,5.70742232108023,False,-29.846153259277344,-0.5209136605262756,-89.89010620117188,-1.5688782930374146,88.13186645507812,1.5381911993026733,81.0988998413086,1.4154428243637085,94.94505310058594,1.6571037769317627,0.7554945054945055,0.007554945054945055,-0.49234241247177124,-1.6083606481552124,1.477561354637146,1.4133210182189941,1.6559388637542725,-0.0004982054233551025,-28.20914077758789,-0.4923423857275021,-92.15227508544922,-1.6083606134446278,84.65802764892578,1.477561320718149,80.97732543945312,1.4133209483774212,94.87830352783203,1.6559387852672203,0.0,0.0,True,False,0.049820542335510254,0.0,0.0,0.0,0.0,0.0,0.0,0.0,0.0,0.0,0.0,0.0,0.0,0.0,0.0,0.0
1,139,5.728811322012916,5.74153159908019,False,-29.230770111083984,-0.5101732015609741,-90.5054931640625,-1.5796188116073608,88.13186645507812,1.5381911993026733,81.0988998413086,1.4154428243637085,94.85713958740234,1.6555694341659546,0.7554945054945055,0.007554945054945055,-0.49430257081985474,-1.546752691268921,1.3937103748321533,1.419860601425171,1.662886381149292,-0.0008286163210868835,-28.321449279785156,-0.4943025388688277,-88.62239837646484,-1.5467526426833886,84.13186645507812,1.4683780754892832,81.35201263427734,1.4198604735921652,95.2763671875,1.6628863067609645,0.0,0.0,True,False,0.08286163210868835,0.0,0.0,0.0,0.0,0.0,0.0,0.0,4.278144836425781,4.278144836425781,0.0,0.0,0.0,0.0,0.0,0.0
1,140,5.762640256085433,5.773452474037185,False,-28.52747344970703,-0.4978983402252197,-91.64835357666016,-1.5995655059814453,88.13186645507812,1.5381911993026733,81.0988998413086,1.4154428243637085,94.76923370361328,1.6540350914001465,0.7554945054945055,0.007554945054945055,-0.49741363525390625,-1.4814891815185547,1.3200623989105225,1.4204611778259277,1.6611554622650146,-0.0007589012384414673,-28.49970054626465,-0.49741361036474463,-87.64835357666016,-1.5297523538648679,84.13186645507812,1.4683780754892832,81.38642883300781,1.4204611495760326,95.17719268798828,1.6611553852104677,0.0,0.0,True,False,0.07589012384414673,0.0,0.0,0.0,0.0,2.7652816772460938,2.7652816772460938,0.0,8.49786376953125,8.49786376953125,0.0,0.0,0.0,0.0,0.0,0.0
1,141,5.796075168997049,5.807472795015201,False,-28.52747344970703,-0.4978983402252197,-91.64835357666016,-1.5995655059814453,87.69230651855469,1.5305194854736328,81.0988998413086,1.4154428243637085,94.76923370361328,1.6540350914001465,0.7554945054945055,0.007554945054945055,-0.5060001611709595,-1.4392752647399902,1.2999958992004395,1.4168047904968262,1.651195764541626,-0.0005291923880577087,-28.99167251586914,-0.5060001410618645,-87.64835357666016,-1.5297523538648679,83.69230651855469,1.460706307337092,81.17693328857422,1.4168047625574083,94.6065444946289,1.6511956953657891,0.0,0.0,True,False,0.052919238805770874,0.0,0.0,0.0,0.0,5.1839599609375,5.1839599609375,0.0,9.208030700683594,9.208030700683594,0.0,0.0,0.0,0.0,0.0,0.0
1,142,5.82960490800906,5.84075416601263,False,-29.05494499206543,-0.5071044564247131,-90.15384674072266,-1.5734814405441284,87.42857360839844,1.5259164571762085,81.0988998413086,1.4154428243637085,94.76923370361328,1.6540350914001465,0.7554945054945055,0.007554945054945055,-0.4925878643989563,-1.4611846208572388,1.2849812507629395,1.4169220924377441,1.6502882242202759,-0.00145663321018219,-28.223203659057617,-0.49258782931146655,-86.15384674072266,-1.503668288884196,83.42857360839844,1.456103299708999,81.18365478515625,1.4169220748034264,94.5545425415039,1.6502880900662902,0.0,0.0,True,False,0.145663321018219,0.0,0.0,0.0,0.0,2.43414306640625,2.43414306640625,0.0,9.804573059082031,9.804573059082031,0.0,0.0,0.0,0.0,0.0,0.0
1,143,5.862886449089274,5.875996452057734,False,-29.14285659790039,-0.5086387991905212,-88.48351287841797,-1.5443285703659058,87.34066009521484,1.5243821144104004,81.0988998413086,1.4154428243637085,94.76923370361328,1.6540350914001465,0.7554945054945055,0.007554945054945055,-0.4978339672088623,-1.3885082006454468,1.2460267543792725,1.415571928024292,1.651085615158081,-0.0005982518196105957,-28.52378273010254,-0.4978339237637864,-84.48351287841797,-1.4745154633794253,83.34066009521484,1.45456891944695,81.10629272460938,1.415571852130756,94.60023498535156,1.6510855736547145,0.0,0.0,True,False,0.05982518196105957,0.0,0.0,0.0,0.0,4.9278564453125,4.9278564453125,0.0,11.948593139648438,11.948593139648438,0.0,0.0,0.0,0.0,0.0,0.0
1,144,5.89625786698889,5.907149323029444,False,-28.96703338623047,-0.505570113658905,-88.04395294189453,-1.5366568565368652,87.34066009521484,1.5243821144104004,81.0988998413086,1.4154428243637085,94.76923370361328,1.6540350914001465,0.7554945054945055,0.007554945054945055,-0.49514710903167725,-1.4659366607666016,1.2864066362380981,1.422084093093872,1.6497457027435303,-0.00011449307203292847,-28.36983871459961,-0.4951470938295191,-84.04395294189453,-1.4668436952272341,83.34066009521484,1.45456891944695,81.47941589355469,1.4220840799443268,94.5234603881836,1.6497456041522411,0.0,0.0,True,False,0.011449307203292847,0.0,0.0,0.0,0.0,0.051971435546875,0.051971435546875,0.0,9.634994506835938,9.634994506835938,0.0,0.0,0.0,0.0,0.0,0.0
1,145,5.929905120050535,5.941527288057841,False,-28.615385055541992,-0.49943268299102783,-87.6043930053711,-1.5289851427078247,87.34066009521484,1.5243821144104004,81.0988998413086,1.4154428243637085,94.76923370361328,1.6540350914001465,0.7554945054945055,0.007554945054945055,-0.4886183738708496,-1.5422370433807373,1.3760969638824463,1.4179457426071167,1.6546261310577393,0.0004167631268501282,-27.995769500732422,-0.4886183544171898,-88.3636703491211,-1.5422369867390504,83.34066009521484,1.45456891944695,81.24230194091797,1.4179456607683982,94.80308532714844,1.6546259800078658,0.04167631268501282,0.0004167631268501282,False,False,0.0,0.0,0.0,0.0,0.0,0.0,0.0,0.0,4.496116638183594,4.496116638183594,0.0,0.0,0.0,0.0,0.0,0.0
1,146,5.963178003090434,5.973994241096079,False,-28.351648330688477,-0.49482959508895874,-86.28571319580078,-1.505969762802124,87.25274658203125,1.5228476524353027,81.0988998413086,1.4154428243637085,94.76923370361328,1.6540350914001465,0.7554945054945055,0.007554945054945055,-0.5049371123313904,-1.4290502071380615,1.2608284950256348,1.416824221611023,1.6559901237487793,-0.00010637938976287842,-28.930763244628906,-0.5049370737337321,-82.28571319580078,-1.436156622618469,83.25274658203125,1.4530345391849007,81.17804718017578,1.4168242036333658,94.88124084472656,1.6559900511182044,0.0,0.0,True,False,0.010637938976287842,0.0,0.0,0.0,0.0,0.40717315673828125,0.40717315673828125,0.0,11.012596130371094,11.012596130371094,0.0,0.0,0.0,0.0,0.0,0.0
1,147,5.996573020005599,6.0081547549925745,False,-28.263736724853516,-0.49329525232315063,-85.23076629638672,-1.4875575304031372,87.25274658203125,1.5228476524353027,81.0988998413086,1.4154428243637085,94.94505310058594,1.6571037769317627,0.7554945054945055,0.007554945054945055,-0.5148170590400696,-1.4216525554656982,1.234890341758728,1.4178823232650757,1.6481174230575562,-0.0008738711476325989,-29.496843338012695,-0.5148170351932762,-81.4546890258789,-1.4216525146896795,83.25274658203125,1.4530345391849007,81.2386703491211,1.4178822775344544,94.43016815185547,1.6481173474617667,0.0,0.0,True,False,0.08738711476325989,0.0,0.0,0.0,0.0,0.0,0.0,0.0,12.498748779296875,12.498748779296875,0.0,0.0,0.0,0.0,0.0,0.0
1,148,6.029924244037829,6.040987082058564,False,-28.351648330688477,-0.49482959508895874,-85.93406677246094,-1.4998323917388916,87.16483306884766,1.5213133096694946,81.0988998413086,1.4154428243637085,94.85713958740234,1.6555694341659546,0.7554945054945055,0.007554945054945055,-0.5145362615585327,-1.3438899517059326,1.208171010017395,1.4128785133361816,1.6456843614578247,-0.001697644591331482,-29.480754852294922,-0.5145362381458409,-81.93406677246094,-1.430019234728327,83.16483306884766,1.4515001589228516,80.95197296142578,1.4128784641623044,94.29076385498047,1.6456842834898702,0.0,0.0,True,False,0.1697644591331482,0.0,0.0,0.0,0.0,4.934844970703125,4.934844970703125,0.0,13.941734313964844,13.941734313964844,0.0,0.0,0.0,0.0,0.0,0.0
1,149,6.06333773501683,6.074157038005069,False,-28.96703338623047,-0.505570113658905,-86.28571319580078,-1.505969762802124,87.16483306884766,1.5213133096694946,81.0988998413086,1.4154428243637085,94.76923370361328,1.6540350914001465,0.7554945054945055,0.007554945054945055,-0.5238989591598511,-1.3324822187423706,1.1603095531463623,1.419762134552002,1.6483232975006104,-0.0004459396004676819,-30.017196655273438,-0.5238989138531508,-82.28571319580078,-1.436156622618469,83.16483306884766,1.4515001589228516,81.34637451171875,1.4197620697898867,94.44196319580078,1.6483232098140297,0.0,0.0,True,False,0.04459396004676819,0.0,0.0,0.0,0.0,5.9401092529296875,5.9401092529296875,0.0,16.683998107910156,16.683998107910156,0.0,0.0,0.0,0.0,0.0,0.0
1,150,6.0968445230973884,6.265885997097939,False,-29.494504928588867,-0.5147762298583984,-84.87911987304688,-1.4814200401306152,86.9011001586914,1.5167102813720703,81.0988998413086,1.4154428243637085,94.76923370361328,1.6540350914001465,0.7554945054945055,0.007554945054945055,-0.4904910922050476,-1.6103925704956055,1.5534707307815552,1.4073925018310547,1.6568951606750488,0.001355290412902832,-28.10306739807129,-0.4904910560062199,-88.87911987304688,-1.5512332780593925,89.00730895996094,1.5534705996911682,80.63764953613281,1.4073924854747957,94.93309783935547,1.6568951264146679,0.1355290412902832,0.001355290412902832,False,False,0.0,0.0,0.0,0.0,0.0,3.3895721435546875,3.3895721435546875,0.0,0.0,0.0,0.0,0.0,0.0,0.0,0.0,0.0
1,151,6.267282938002609,6.2797231720760465,False,-30.19780158996582,-0.5270510315895081,-83.20879364013672,-1.4522674083709717,86.72527313232422,1.513641595840454,80.74725341796875,1.409305453300476,94.94505310058594,1.6571037769317627,0.7554945054945055,0.007554945054945055,-0.4993094205856323,-1.587992787361145,1.5304794311523438,1.408065676689148,1.6546186208724976,7.781386375427246e-05,-28.608320236206055,-0.49930938158671756,-87.20879364013672,-1.5220805857126767,87.69001007080078,1.5304793968424595,80.67621612548828,1.4080655994403133,94.80265808105469,1.6546185231568136,0.007781386375427246,7.781386375427246e-05,False,False,0.0,0.0,0.0,0.0,0.0,3.7764892578125,3.7764892578125,0.0,0.0,0.0,0.0,0.0,0.0,0.0,0.0,0.0
1,152,6.3013670140644535,6.3140134090790525,False,-29.934066772460938,-0.5224480032920837,-83.20879364013672,-1.4522674083709717,86.72527313232422,1.513641595840454,80.74725341796875,1.409305453300476,94.94505310058594,1.6571037769317627,0.7554945054945055,0.007554945054945055,-0.4978293776512146,-1.6181002855300903,1.533072590827942,1.4060728549957275,1.646256446838379,0.0004115551710128784,-28.523521423339844,-0.49782936310041964,-87.20879364013672,-1.5220805857126767,87.83858489990234,1.5330725167958696,80.5620346069336,1.406072755996607,94.32353973388672,1.6462563304920192,0.04115551710128784,0.0004115551710128784,False,False,0.0,0.0,0.0,0.0,0.0,5.501518249511719,5.501518249511719,0.0,0.0,0.0,0.0,0.0,0.0,0.0,0.0,0.0
1,153,6.334861201001331,6.369873185059987,False,-29.670330047607422,-0.5178449749946594,-83.56044006347656,-1.458404779434204,86.81318664550781,1.5151759386062622,80.74725341796875,1.409305453300476,94.94505310058594,1.6571037769317627,0.7554945054945055,0.007554945054945055,-0.4971599578857422,-1.6027077436447144,1.5378199815750122,1.4041385650634766,1.6383025646209717,-0.0002695024013519287,-28.485166549682617,-0.4971599442709146,-87.56044006347656,-1.5282179736028187,88.11058807373047,1.537819867755045,80.45121002197266,1.4041385020968824,93.8678207397461,1.6383025335803887,0.0,0.0,True,False,0.02695024013519287,0.0,0.0,0.0,0.0,4.2679443359375,4.2679443359375,0.0,0.0,0.0,0.0,0.0,0.0,0.0,0.0,0.0
1,154,6.371298860060051,6.382648169994354,False,-29.230770111083984,-0.5101732015609741,-85.05494689941406,-1.484488844871521,87.69230651855469,1.5305194854736328,80.83516693115234,1.4108397960662842,94.94505310058594,1.6571037769317627,0.7554945054945055,0.007554945054945055,-0.49937009811401367,-1.6145703792572021,1.5224255323410034,1.400426983833313,1.6448012590408325,0.0008028373122215271,-28.611797332763672,-0.4993700683700577,-89.05494689941406,-1.554302038583491,87.22855377197266,1.5224254650738418,80.2385482788086,1.400426854485639,94.24016571044922,1.6448011792724,0.08028373122215271,0.0008028373122215271,False,False,0.0,0.0,0.0,0.0,0.0,3.4531173706054688,3.4531173706054688,0.0,0.0,0.0,0.0,0.0,0.0,0.0,0.0,0.0
1,155,6.404679652070627,6.416149210068397,False,-28.791208267211914,-0.502501368522644,-85.93406677246094,-1.4998323917388916,88.21977996826172,1.539725661277771,80.83516693115234,1.4108397960662842,94.94505310058594,1.6571037769317627,0.7554945054945055,0.007554945054945055,-0.4964733123779297,-1.6100366115570068,1.5425872802734375,1.4009510278701782,1.6477506160736084,0.0002971440553665161,-28.445823669433594,-0.4964732814733513,-89.93406677246094,-1.5696455748878733,88.38373565673828,1.5425871924223957,80.2685775756836,1.4009509645881666,94.40914916992188,1.6477504970216081,0.02971440553665161,0.0002971440553665161,False,False,0.0,0.0,0.0,0.0,0.0,2.3142318725585938,2.3142318725585938,0.0,0.0,0.0,0.0,0.0,0.0,0.0,0.0,0.0
1,156,6.438690446084365,6.450770779047161,False,-28.615385055541992,-0.49943268299102783,-86.81318664550781,-1.5151759386062622,88.30769348144531,1.541260004043579,81.010986328125,1.4139084815979004,94.68132019042969,1.6525007486343384,0.7554945054945055,0.007554945054945055,-0.4986257553100586,-1.612755298614502,1.521793246269226,1.4029366970062256,1.6456189155578613,0.0010946914553642273,-28.569149017333984,-0.4986257148453806,-90.81318664550781,-1.5849891111922558,87.19232177734375,1.5217930974730025,80.3823471069336,1.4029366174969298,94.2870101928711,1.6456187697270543,0.10946914553642273,0.0010946914553642273,False,False,0.0,0.0,0.0,0.0,0.0,1.59088134765625,1.59088134765625,0.0,0.0,0.0,0.0,0.0,0.0,0.0,0.0,0.0
1,157,6.47201406606473,6.483476520050317,False,-28.703296661376953,-0.5009670257568359,-87.69230651855469,-1.5305194854736328,88.3956069946289,1.5427943468093872,81.010986328125,1.4139084815979004,94.32967376708984,1.646363377571106,0.7554945054945055,0.007554945054945055,-0.5027964115142822,-1.6149778366088867,1.5173858404159546,1.4060728549957275,1.6520564556121826,0.0009466633200645447,-28.8081111907959,-0.5027963915600128,-91.69230651855469,-1.6003326474966384,86.9397964477539,1.5173856990269758,80.5620346069336,1.406072755996607,94.6558609008789,1.652056429030103,0.09466633200645447,0.0009466633200645447,False,False,0.0,0.0,0.0,0.0,0.0,0.8391036987304688,0.8391036987304688,0.0,0.0,0.0,0.0,0.0,0.0,0.0,0.0,0.0
1,158,6.50553684507031,6.517401900026016,False,-28.791208267211914,-0.502501368522644,-88.83516693115234,-1.5504661798477173,88.74725341796875,1.5489317178726196,80.92308044433594,1.4123741388320923,94.32967376708984,1.646363377571106,0.7554945054945055,0.007554945054945055,-0.49381542205810547,-1.6068753004074097,1.510656714439392,1.401860237121582,1.651639699935913,0.0015745460987091064,-28.293537139892578,-0.49381538012642495,-92.06716918945312,-1.606875235346636,86.55425262451172,1.5106566899006728,80.32067108154297,1.4018601677843197,94.6319808959961,1.6516396443195054,0.15745460987091064,0.0015745460987091064,False,False,0.0,0.0,0.0,0.0,0.0,0.0,0.0,0.0,0.0,0.0,0.0,0.0,0.0,0.0,0.0,0.0
1,159,6.538868696079589,6.55395876406692,False,-28.879121780395508,-0.5040357708930969,-88.92308044433594,-1.5520005226135254,88.74725341796875,1.5489317178726196,80.92308044433594,1.4123741388320923,94.32967376708984,1.646363377571106,0.7554945054945055,0.007554945054945055,-0.47637706995010376,-1.6452734470367432,1.5445265769958496,1.4047068357467651,1.6455715894699097,0.0008946657180786133,-27.29439353942871,-0.4763770345980997,-92.92308044433594,-1.6218137048492176,88.4948501586914,1.5445265063281914,80.48377227783203,1.4047068206735054,94.2843017578125,1.6455714986177055,0.08946657180786133,0.0008946657180786133,False,False,0.0,0.0,0.0,0.0,0.0,1.3441390991210938,1.3441390991210938,0.0,0.0,0.0,0.0,0.0,0.0,0.0,0.0,0.0
1,160,6.572436903021298,6.583870008005761,False,-28.879121780395508,-0.5040357708930969,-89.97801971435547,-1.5704126358032227,88.74725341796875,1.5489317178726196,80.92308044433594,1.4123741388320923,94.32967376708984,1.646363377571106,0.7554945054945055,0.007554945054945055,-0.4852102994918823,-1.6182091236114502,1.5102503299713135,1.4060485363006592,1.6535842418670654,0.0021517574787139893,-27.800500869750977,-0.4852102738807018,-92.71654510498047,-1.6182089831557407,86.53096771240234,1.5102502915183267,80.5606460571289,1.4060485212306872,94.74339294433594,1.6535841513894267,0.21517574787139893,0.0021517574787139893,False,False,0.0,0.0,0.0,0.0,0.0,0.0,0.0,0.0,0.0,0.0,0.0,0.0,0.0,0.0,0.0,0.0
1,161,6.605835036025383,6.617158935987391,False,-28.615385055541992,-0.49943268299102783,-91.03296661376953,-1.588824987411499,88.74725341796875,1.5489317178726196,80.92308044433594,1.4123741388320923,94.32967376708984,1.646363377571106,0.7554945054945055,0.007554945054945055,-0.481677770614624,-1.618401288986206,1.5013397932052612,1.4070312976837158,1.6478142738342285,0.001051001250743866,-27.598102569580078,-0.48167775714227984,-92.7275619506836,-1.6184012633864444,86.02043151855469,1.501339753985085,80.61695098876953,1.4070312276729264,94.41279602050781,1.6478141465716611,0.1051001250743866,0.001051001250743866,False,False,0.0,0.0,0.0,0.0,0.0,0.0,0.0,0.0,0.0,0.0,0.0,0.0,0.0,0.0,0.0,0.0
1,162,6.639291869010776,6.650598585023545,False,-28.0,-0.48869219422340393,-91.9120864868164,-1.6041685342788696,89.18681335449219,1.5566035509109497,80.92308044433594,1.4123741388320923,94.4175796508789,1.6478976011276245,0.7554945054945055,0.007554945054945055,-0.4830717444419861,-1.604254961013794,1.4938592910766602,1.4061064720153809,1.6488518714904785,0.0011577755212783813,-27.67797088623047,-0.48307172223585454,-91.91703033447266,-1.6042548179920526,85.59182739257812,1.4938592007991613,80.56396484375,1.4061064449843965,94.47225189208984,1.6488518472904106,0.11577755212783813,0.0011577755212783813,False,False,0.0,0.0,0.0,0.0,0.0,0.0,0.0,0.0,0.0,0.0,0.0,0.0,0.0,0.0,0.0,0.0
1,163,6.672522635082714,6.683329956023954,False,-27.736263275146484,-0.48408910632133484,-91.56044006347656,-1.5980311632156372,89.27472686767578,1.5581378936767578,80.92308044433594,1.4123741388320923,94.32967376708984,1.646363377571106,0.7554945054945055,0.007554945054945055,-0.47638994455337524,-1.5985792875289917,1.4806625843048096,1.4063341617584229,1.653771996498108,0.002793639898300171,-27.29513168334961,-0.476389917639873,-91.59184265136719,-1.5985792222349302,85.27472686767578,1.4883247525798133,80.57701110839844,1.4063341452575984,94.754150390625,1.6537719042462773,0.2793639898300171,0.002793639898300171,False,False,0.0,0.0,0.0,0.0,0.0,0.0,0.0,0.0,0.43901824951171875,0.43901824951171875,0.0,0.0,0.0,0.0,0.0,0.0
1,164,6.705806237063371,6.716667547007091,False,-28.0,-0.48869219422340393,-91.38461303710938,-1.5949623584747314,89.010986328125,1.553534746170044,80.92308044433594,1.4123741388320923,94.32967376708984,1.646363377571106,0.7554945054945055,0.007554945054945055,-0.47665727138519287,-1.6136598587036133,1.4982218742370605,1.4093658924102783,1.6451951265335083,0.0013192370533943176,-27.310447692871094,-0.4766572324342897,-92.45589447021484,-1.6136597713816674,85.84178924560547,1.4982218581388747,80.7507095336914,1.40936575468449,94.26273345947266,1.6451950607976227,0.13192370533943176,0.0013192370533943176,False,False,0.0,0.0,0.0,0.0,0.0,0.0,0.0,0.0,0.0,0.0,0.0,0.0,0.0,0.0,0.0,0.0
1,165,6.739375284058042,6.750520255998708,False,-28.175825119018555,-0.49176090955734253,-91.9120864868164,-1.6041685342788696,88.83516693115234,1.5504661798477173,80.92308044433594,1.4123741388320923,94.4175796508789,1.6478976011276245,0.7554945054945055,0.007554945054945055,-0.49093323945999146,-1.6072169542312622,1.494886875152588,1.408464789390564,1.6481152772903442,0.0019878074526786804,-28.128400802612305,-0.4909332073262003,-92.08674621582031,-1.6072169189144931,85.65070343017578,1.4948867815057685,80.69908142089844,1.4084646741296616,94.43004608154297,1.6481152169328945,0.19878074526786804,0.0019878074526786804,False,False,0.0,0.0,0.0,0.0,0.0,0.0,0.0,0.0,0.0,0.0,0.0,0.0,0.0,0.0,0.0,0.0
1,166,6.772579330019653,6.783635244006291,False,-27.736263275146484,-0.48408910632133484,-92.0879135131836,-1.6072373390197754,88.83516693115234,1.5504661798477173,80.92308044433594,1.4123741388320923,94.5934066772461,1.6509664058685303,0.7554945054945055,0.007554945054945055,-0.48739272356033325,-1.6189833879470825,1.512420654296875,1.4064922332763672,1.6499357223510742,0.0017809122800827026,-27.92554473876953,-0.4873927011045081,-92.76091003417969,-1.6189832972426814,86.65531921386719,1.5124206346486868,80.58606719970703,1.4064922038682945,94.53434753417969,1.6499356206960183,0.17809122800827026,0.0017809122800827026,False,False,0.0,0.0,0.0,0.0,0.0,0.0,0.0,0.0,0.0,0.0,0.0,0.0,0.0,0.0,0.0,0.0
1,167,6.806039551040158,6.817215144983493,False,-27.296703338623047,-0.47641733288764954,-91.82417297363281,-1.6026341915130615,88.83516693115234,1.5504661798477173,80.92308044433594,1.4123741388320923,94.32967376708984,1.646363377571106,0.7554945054945055,0.007554945054945055,-0.4803866744041443,-1.6145135164260864,1.5261603593826294,1.4032961130142212,1.6494078636169434,0.0020724236965179443,-27.524127960205078,-0.48038665664580943,-92.50480651855469,-1.6145134476690923,87.44254302978516,1.526160282186569,80.40293884277344,1.403296011086036,94.50410461425781,1.6494077821679645,0.20724236965179443,0.0020724236965179443,False,False,0.0,0.0,0.0,0.0,0.0,0.0,0.0,0.0,0.0,0.0,0.0,0.0,0.0,0.0,0.0,0.0
1,168,6.839442033087835,6.8506271780934185,False,-27.91208839416504,-0.4871578514575958,-91.73626708984375,-1.6010998487472534,88.83516693115234,1.5504661798477173,80.92308044433594,1.4123741388320923,94.32967376708984,1.646363377571106,0.7554945054945055,0.007554945054945055,-0.49172794818878174,-1.5815430879592896,1.4832707643508911,1.4022516012191772,1.6561933755874634,0.0006651878356933594,-28.173934936523438,-0.4917279278849936,-90.61573791503906,-1.5815429807416934,84.98515319824219,1.4832707386211155,80.34309387207031,1.4022515193065068,94.89288330078125,1.6561932503093775,0.06651878356933594,0.0006651878356933594,False,False,0.0,0.0,0.0,0.0,0.0,0.0,0.0,0.0,0.0,0.0,0.0,0.0,0.0,0.0,0.0,0.0
1,169,6.872902163071558,6.88421793107409,False,-28.08791160583496,-0.49022653698921204,-91.73626708984375,-1.6010998487472534,88.83516693115234,1.5504661798477173,80.92308044433594,1.4123741388320923,94.68132019042969,1.6525007486343384,0.7554945054945055,0.007554945054945055,-0.4941604733467102,-1.5747265815734863,1.4597724676132202,1.4060707092285156,1.6592642068862915,0.0019350796937942505,-28.313308715820312,-0.494160459224672,-90.22518157958984,-1.574726486773581,84.83516693115234,1.480652984427622,80.5619125366211,1.4060706254677349,95.06883239746094,1.659264141362348,0.19350796937942505,0.0019350796937942505,False,False,0.0,0.0,0.0,0.0,0.0,0.0,0.0,0.0,1.1963729858398438,1.1963729858398438,0.0,0.0,0.0,0.0,0.0,0.0
1,170,6.906255174078979,6.917545892065391,False,-27.560440063476562,-0.48102042078971863,-91.82417297363281,-1.6026341915130615,88.83516693115234,1.5504661798477173,80.92308044433594,1.4123741388320923,94.4175796508789,1.6478976011276245,0.7554945054945055,0.007554945054945055,-0.48728108406066895,-1.5200451612472534,1.4173016548156738,1.4071438312530518,1.656211018562317,0.00204390287399292,-27.919147491455078,-0.4872810480758065,-87.82417297363281,-1.5328209812309117,84.83516693115234,1.480652984427622,80.62339782714844,1.4071437462289824,94.8938980102539,1.6562109603306265,0.204390287399292,0.00204390287399292,False,False,0.0,0.0,0.0,0.0,0.0,0.7320022583007812,0.7320022583007812,0.0,3.6297683715820312,3.6297683715820312,0.0,0.0,0.0,0.0,0.0,0.0
1,171,6.939889225992374,6.9524281930644065,False,-27.824174880981445,-0.48562344908714294,-91.56044006347656,-1.5980311632156372,88.48351287841797,1.5443285703659058,80.92308044433594,1.4123741388320923,94.32967376708984,1.646363377571106,0.7554945054945055,0.007554945054945055,-0.4994972348213196,-1.4783426523208618,1.376915693283081,1.4108631610870361,1.6515980958938599,0.0019576624035835266,-28.619081497192383,-0.49949720102259537,-87.56044006347656,-1.5282179736028187,84.48351287841797,1.4745154633794253,80.83650207519531,1.410863117007387,94.62959289550781,1.6515979658484456,0.19576624035835266,0.0019576624035835266,False,False,0.0,0.0,0.0,0.0,0.0,2.8576507568359375,2.8576507568359375,0.0,5.5920562744140625,5.5920562744140625,0.0,0.0,0.0,0.0,0.0,0.0
1,172,6.97329436102882,6.9846907870378345,False,-28.351648330688477,-0.49482959508895874,-90.94505310058594,-1.587290644645691,88.3956069946289,1.5427943468093872,80.92308044433594,1.4123741388320923,94.76923370361328,1.6540350914001465,0.7554945054945055,0.007554945054945055,-0.4916512966156006,-1.406409740447998,1.2917693853378296,1.4123189449310303,1.6552088260650635,0.0011635497212409973,-28.16954231262207,-0.49165126213511295,-86.94505310058594,-1.5174774449265291,84.3956069946289,1.4729812162754308,80.91990661621094,1.4123188008592242,94.83647155761719,1.6552086796543752,0.11635497212409973,0.0011635497212409973,False,False,0.0,0.0,0.0,0.0,0.0,6.363716125488281,6.363716125488281,0.0,10.382675170898438,10.382675170898438,0.0,0.0,0.0,0.0,0.0,0.0
1,173,7.006982438033447,7.018996922997758,False,-28.263736724853516,-0.49329525232315063,-89.53845977783203,-1.5627409219741821,88.21977996826172,1.539725661277771,80.92308044433594,1.4123741388320923,94.76923370361328,1.6540350914001465,0.7554945054945055,0.007554945054945055,-0.5040153861045837,-1.2742364406585693,1.180550456047058,1.4131578207015991,1.6625375747680664,0.0017018839716911316,-28.877952575683594,-0.5040153536804557,-85.53845977783203,-1.4929277602079063,84.21977996826172,1.4699124557513326,80.96797180175781,1.4131576966025994,95.25637817382812,1.6625374326581641,0.17018839716911316,0.0017018839716911316,False,False,0.0,0.0,0.0,0.0,0.0,12.53009033203125,12.53009033203125,0.0,16.5792236328125,16.5792236328125,0.0,0.0,0.0,0.0,0.0,0.0
1,174,7.040906987036578,7.052581528085284,False,-27.736263275146484,-0.48408910632133484,-88.21977996826172,-1.539725661277771,88.21977996826172,1.539725661277771,80.92308044433594,1.4123741388320923,94.5054931640625,1.6494320631027222,0.7554945054945055,0.007554945054945055,-0.5205091238021851,-1.167420506477356,1.0959875583648682,1.4161045551300049,1.6582539081573486,0.0019823387265205383,-29.822975158691406,-0.5205091092596434,-84.21977996826172,-1.4699124557513326,84.21977996826172,1.4699124557513326,81.13681030273438,1.416104484348772,95.01094818115234,1.6582538712028263,0.19823387265205383,0.0019823387265205383,False,False,0.0,0.0,0.0,0.0,0.0,17.331512451171875,17.331512451171875,0.0,21.424320220947266,21.424320220947266,0.0,0.0,0.0,0.0,0.0,0.0
1,175,7.0740394230233505,7.085815503029153,False,-28.0,-0.48869219422340393,-88.04395294189453,-1.5366568565368652,88.21977996826172,1.539725661277771,80.92308044433594,1.4123741388320923,94.5054931640625,1.6494320631027222,0.7554945054945055,0.007554945054945055,-0.5315297245979309,-1.0160335302352905,0.9856147766113281,1.4164516925811768,1.6617175340652466,0.0020869597792625427,-30.454408645629883,-0.5315297026140685,-84.04395294189453,-1.4668436952272341,84.21977996826172,1.4699124557513326,81.15670013427734,1.4164516273968637,95.20939636230469,1.6617174453585288,0.20869597792625427,0.0020869597792625427,False,False,0.0,0.0,0.0,0.0,0.0,25.82952117919922,25.82952117919922,0.0,27.748214721679688,27.748214721679688,0.0,0.0,0.0,0.0,0.0,0.0
1,176,7.107622781069949,7.118902963004075,False,-28.879121780395508,-0.5040357708930969,-87.16483306884766,-1.5213133096694946,88.13186645507812,1.5381911993026733,80.92308044433594,1.4123741388320923,94.5054931640625,1.6494320631027222,0.7554945054945055,0.007554945054945055,-0.5387693643569946,-0.9417433738708496,0.9095393419265747,1.4219173192977905,1.6534030437469482,0.00263291597366333,-30.86920928955078,-0.5387693395898807,-83.16483306884766,-1.4515001589228516,84.13186645507812,1.4683780754892832,81.46985626220703,1.4219172329020335,94.7330093383789,1.653402923277247,0.263291597366333,0.00263291597366333,False,False,0.0,0.0,0.0,0.0,0.0,29.20691680908203,29.20691680908203,0.0,32.01910400390625,32.01910400390625,0.0,0.0,0.0,0.0,0.0,0.0
1,177,7.140818010084331,7.151822997024283,False,-29.58241844177246,-0.5163105726242065,-86.02198028564453,-1.5013667345046997,88.13186645507812,1.5381911993026733,80.92308044433594,1.4123741388320923,94.76923370361328,1.6540350914001465,0.7554945054945055,0.007554945054945055,-0.5413922667503357,-0.8440887928009033,0.8213750123977661,1.4376630783081055,1.6503664255142212,0.0021142661571502686,-31.01949119567871,-0.5413922536579862,-82.02198028564453,-1.431553614990376,84.13186645507812,1.4683780754892832,82.37202453613281,1.4376630396890724,94.55902862548828,1.6503663870023386,0.21142661571502686,0.0021142661571502686,False,False,0.0,0.0,0.0,0.0,0.0,33.65925598144531,33.65925598144531,0.0,37.07054901123047,37.07054901123047,0.0,0.0,0.0,0.0,0.0,0.0
1,178,7.174244672060013,7.185667616082355,False,-30.19780158996582,-0.5270510315895081,-85.23076629638672,-1.4875575304031372,87.86813354492188,1.533588171005249,80.74725341796875,1.409305453300476,94.94505310058594,1.6571037769317627,0.7554945054945055,0.007554945054945055,-0.5599154233932495,-0.7440314888954163,0.7382543683052063,1.4285176992416382,1.6485315561294556,0.0012934207916259766,-32.080787658691406,-0.5599153712773279,-81.23076629638672,-1.4177443257899882,83.86813354492188,1.4637750678611903,81.84803009033203,1.4285176113476858,94.45389556884766,1.648531469011274,0.12934207916259766,0.0012934207916259766,False,False,0.0,0.0,0.0,0.0,0.0,38.60090637207031,38.60090637207031,0.0,41.56927490234375,41.56927490234375,0.0,0.0,0.0,0.0,0.0,0.0
1,179,7.207935359096155,7.219165129004978,False,-30.549449920654297,-0.5331884622573853,-84.43955993652344,-1.4737483263015747,87.69230651855469,1.5305194854736328,80.74725341796875,1.409305453300476,94.94505310058594,1.6571037769317627,0.7554945054945055,0.007554945054945055,-0.5458608865737915,-0.71007239818573,0.7051194310188293,1.4332786798477173,1.6441810131072998,0.0011170580983161926,-31.275524139404297,-0.545860871519571,-80.43955993652344,-1.403935169747655,83.69230651855469,1.460706307337092,82.12081146240234,1.4332785444284204,94.20462799072266,1.6441809290545206,0.11170580983161926,0.0011170580983161926,False,False,0.0,0.0,0.0,0.0,0.0,39.755409240722656,39.755409240722656,0.0,43.29194259643555,43.29194259643555,0.0,0.0,0.0,0.0,0.0,0.0
1,180,7.241177258081734,7.412559340009466,False,-30.813186645507812,-0.5377915501594543,-83.64835357666016,-1.4599391222000122,87.42857360839844,1.5259164571762085,80.83516693115234,1.4108397960662842,94.94505310058594,1.6571037769317627,0.7554945054945055,0.007554945054945055,-0.5326182842254639,-1.5735969543457031,1.528977394104004,1.4002593755722046,1.6622090339660645,-0.0008114278316497803,-30.51677894592285,-0.5326182697096383,-87.64835357666016,-1.5297523538648679,87.60395050048828,1.5289773739876549,80.22895050048828,1.400259341653073,95.23755645751953,1.662208931737703,0.0,0.0,True,False,0.08114278316497803,0.0,0.0,0.0,0.0,2.5121078491210938,2.5121078491210938,0.0,0.0,0.0,0.0,0.0,0.0,0.0,0.0,0.0
1,181,7.414057780057192,7.426206553005613,False,-31.076923370361328,-0.5423946380615234,-81.89010620117188,-1.4292519092559814,86.72527313232422,1.513641595840454,81.010986328125,1.4139084815979004,94.94505310058594,1.6571037769317627,0.7554945054945055,0.007554945054945055,-0.5259594321250916,-1.5932470560073853,1.5336607694625854,1.3966140747070312,1.6575381755828857,-0.0013533830642700195,-30.13525390625,-0.5259594015885452,-85.89010620117188,-1.4990651480980484,87.87228393554688,1.5336606759226137,80.02008819580078,1.3966140067529726,94.96994018554688,1.6575381466598675,0.0,0.0,True,False,0.13533830642700195,0.0,0.0,0.0,0.0,5.396217346191406,5.396217346191406,0.0,0.0,0.0,0.0,0.0,0.0,0.0,0.0,0.0
1,182,7.4474124680273235,7.458797570085153,False,-30.989011764526367,-0.5408602952957153,-81.71428680419922,-1.4261833429336548,86.63735961914062,1.5121071338653564,81.010986328125,1.4139084815979004,94.94505310058594,1.6571037769317627,0.7554945054945055,0.007554945054945055,-0.5203515887260437,-1.6253196001052856,1.541534662246704,1.397733211517334,1.6463310718536377,-0.0011400207877159119,-29.813947677612305,-0.5203515499916517,-85.71428680419922,-1.4959965207320045,88.32342529296875,1.541534578001542,80.08421325683594,1.3977332002010783,94.32781982421875,1.646331032160596,0.0,0.0,True,False,0.11400207877159119,0.0,0.0,0.0,0.0,7.409660339355469,7.409660339355469,0.0,0.0,0.0,0.0,0.0,0.0,0.0,0.0,0.0
1,183,7.480897770030424,7.492582218023017,False,-30.989011764526367,-0.5408602952957153,-81.97801971435547,-1.430786371231079,86.81318664550781,1.5151759386062622,80.83516693115234,1.4108397960662842,94.94505310058594,1.6571037769317627,0.7554945054945055,0.007554945054945055,-0.5204050540924072,-1.5967586040496826,1.5342612266540527,1.3972374200820923,1.6547294855117798,-0.001699306070804596,-29.8170108795166,-0.520405012950535,-85.97801971435547,-1.5005995283600975,87.90668487548828,1.534261085590372,80.05580139160156,1.3972373196061056,94.80901336669922,1.6547294438162155,0.0,0.0,True,False,0.1699306070804596,0.0,0.0,0.0,0.0,5.5095062255859375,5.5095062255859375,0.0,0.0,0.0,0.0,0.0,0.0,0.0,0.0,0.0
1,184,7.514380237087607,7.525745877996087,False,-30.813186645507812,-0.5377915501594543,-83.38461303710938,-1.4553359746932983,87.78022003173828,1.532053828239441,80.57142639160156,1.4062366485595703,94.94505310058594,1.6571037769317627,0.7554945054945055,0.007554945054945055,-0.5209957957267761,-1.6021767854690552,1.517117977142334,1.398679494857788,1.6517218351364136,-0.0015075057744979858,-29.850858688354492,-0.5209957686593418,-87.38461303710938,-1.5251492130787205,86.92445373535156,1.5171179181793686,80.138427734375,1.3986794213363836,94.63668823242188,1.6517218028391345,0.0,0.0,True,False,0.15075057744979858,0.0,0.0,0.0,0.0,4.413352966308594,4.413352966308594,0.0,0.0,0.0,0.0,0.0,0.0,0.0,0.0,0.0
1,185,7.547710517072119,7.560907952021807,False,-30.10988998413086,-0.5255166888237,-84.43955993652344,-1.4737483263015747,88.3956069946289,1.5427943468093872,80.48351287841797,1.4047023057937622,94.94505310058594,1.6571037769317627,0.7554945054945055,0.007554945054945055,-0.5217249989509583,-1.6138392686843872,1.5392180681228638,1.4022488594055176,1.6544429063796997,-0.0005853176116943359,-29.89263916015625,-0.5217249754553192,-88.43955993652344,-1.5435615099072013,88.1906967163086,1.5392180273273366,80.34293365478516,1.4022487229873621,94.79258728027344,1.6544427545248683,0.0,0.0,True,False,0.058531761169433594,0.0,0.0,0.0,0.0,4.026611328125,4.026611328125,0.0,0.0,0.0,0.0,0.0,0.0,0.0,0.0,0.0
1,186,7.581012274022214,7.592809034045786,False,-29.934066772460938,-0.5224480032920837,-85.05494689941406,-1.484488844871521,88.3956069946289,1.5427943468093872,80.74725341796875,1.409305453300476,94.68132019042969,1.6525007486343384,0.7554945054945055,0.007554945054945055,-0.5299866199493408,-1.60992431640625,1.5281790494918823,1.4020469188690186,1.6585235595703125,0.0002981051802635193,-30.365995407104492,-0.5299866004994493,-89.05494689941406,-1.554302038583491,87.5582046508789,1.528178958292849,80.33136749267578,1.4020468553767342,95.02639770507812,1.6585235162631968,0.02981051802635193,0.0002981051802635193,False,False,0.0,0.0,0.0,0.0,0.0,3.186920166015625,3.186920166015625,0.0,0.0,0.0,0.0,0.0,0.0,0.0,0.0,0.0
1,187,7.614924177061766,7.626107886084355,False,-30.285715103149414,-0.5285854339599609,-86.37362670898438,-1.5075041055679321,88.3956069946289,1.5427943468093872,80.83516693115234,1.4108397960662842,94.5054931640625,1.6494320631027222,0.7554945054945055,0.007554945054945055,-0.5176001787185669,-1.6161948442459106,1.5408799648284912,1.399228811264038,1.6570473909378052,-0.0009821578860282898,-29.65630340576172,-0.5176001384009499,-90.37362670898438,-1.5773173430400647,88.2859115600586,1.540879839847546,80.1698989868164,1.3992286983112123,94.94181823730469,1.657047326070966,0.0,0.0,True,False,0.09821578860282898,0.0,0.0,0.0,0.0,2.227508544921875,2.227508544921875,0.0,0.0,0.0,0.0,0.0,0.0,0.0,0.0,0.0
1,188,7.647840963094495,7.658937250031158,False,-30.461538314819336,-0.5316541194915771,-87.34066009521484,-1.5243821144104004,88.65933990478516,1.5473973751068115,80.83516693115234,1.4108397960662842,94.5934066772461,1.6509664058685303,0.7554945054945055,0.007554945054945055,-0.5280091762542725,-1.5856727361679077,1.5082190036773682,1.3998438119888306,1.6585649251937866,-0.0007204115390777588,-30.252695083618164,-0.5280091368110382,-90.85234832763672,-1.5856726114860247,86.41458129882812,1.5082189653968687,80.20513916015625,1.399843755364966,95.02876281738281,1.658564795260093,0.0,0.0,True,False,0.07204115390777588,0.0,0.0,0.0,0.0,0.0,0.0,0.0,0.0,0.0,0.0,0.0,0.0,0.0,0.0,0.0
1,189,7.6811228460865095,7.693209816003218,False,-30.373626708984375,-0.530119776725769,-87.51648712158203,-1.5274507999420166,88.65933990478516,1.5473973751068115,80.83516693115234,1.4108397960662842,94.68132019042969,1.6525007486343384,0.7554945054945055,0.007554945054945055,-0.5327080488204956,-1.5523601770401,1.4774667024612427,1.4008334875106812,1.6619683504104614,-0.0024746060371398926,-30.521921157836914,-0.532708018238374,-88.94367980957031,-1.552360061516605,84.65933990478516,1.4775842239035237,80.2618408203125,1.4008333860260396,95.22377014160156,1.6619683151332143,0.0,0.0,True,False,0.24746060371398926,0.0,0.0,0.0,0.0,0.0,0.0,0.0,0.00673675537109375,0.00673675537109375,0.0,0.0,0.0,0.0,0.0,0.0
1,190,7.714614305994473,7.725711332052015,False,-30.0219783782959,-0.5239823460578918,-88.48351287841797,-1.5443285703659058,88.65933990478516,1.5473973751068115,80.83516693115234,1.4108397960662842,94.5934066772461,1.6509664058685303,0.7554945054945055,0.007554945054945055,-0.551460862159729,-1.4479851722717285,1.3153811693191528,1.4001511335372925,1.662632703781128,-0.0030171722173690796,-31.596378326416016,-0.5514608335017351,-84.48351287841797,-1.4745154633794253,84.65933990478516,1.4775842239035237,80.22274780273438,1.4001510841547613,95.26183319091797,1.6626326406671346,0.0,0.0,True,False,0.30171722173690796,0.0,0.0,0.0,0.0,1.52008056640625,1.52008056640625,0.0,9.293556213378906,9.293556213378906,0.0,0.0,0.0,0.0,0.0,0.0
1,191,7.748162802075967,7.761979545000941,False,-30.0219783782959,-0.5239823460578918,-89.36264038085938,-1.559672236442566,88.57142639160156,1.5458630323410034,80.83516693115234,1.4108397960662842,94.5054931640625,1.6494320631027222,0.7554945054945055,0.007554945054945055,-0.5539879202842712,-1.3053371906280518,1.1981767416000366,1.4033669233322144,1.6623319387435913,-0.0016915574669837952,-31.741167068481445,-0.5539878737705977,-85.36264038085938,-1.4898591328418624,84.57142639160156,1.4760498436414746,80.40699768066406,1.403366851171032,95.24459838867188,1.6623318366220101,0.0,0.0,True,False,0.16915574669837952,0.0,0.0,0.0,0.0,10.572334289550781,10.572334289550781,0.0,15.92095947265625,15.92095947265625,0.0,0.0,0.0,0.0,0.0,0.0
1,192,7.781762461992912,7.794718803022988,False,-30.63736343383789,-0.5347228646278381,-88.65933990478516,-1.5473973751068115,87.95604705810547,1.5351226329803467,80.83516693115234,1.4108397960662842,94.5054931640625,1.6494320631027222,0.7554945054945055,0.007554945054945055,-0.5729577541351318,-1.2454463243484497,1.1137762069702148,1.4059463739395142,1.658779263496399,-0.001701444387435913,-32.828060150146484,-0.5729577366628003,-84.65933990478516,-1.4775842239035237,83.95604705810547,1.4653094481232396,80.5547866821289,1.4059462558448281,95.04104614257812,1.6587791797278444,0.0,0.0,True,False,0.1701444387435913,0.0,0.0,0.0,0.0,13.300529479980469,13.300529479980469,0.0,20.141372680664062,20.141372680664062,0.0,0.0,0.0,0.0,0.0,0.0
1,193,7.815260784002021,7.826454513007775,False,-31.25274658203125,-0.5454633235931396,-87.07691955566406,-1.5197789669036865,87.78022003173828,1.532053828239441,80.83516693115234,1.4108397960662842,94.5934066772461,1.6509664058685303,0.7554945054945055,0.007554945054945055,-0.5798595547676086,-1.116776943206787,1.019300103187561,1.407616138458252,1.6623659133911133,-0.0005465298891067505,-33.22350311279297,-0.5798595183648223,-83.07691955566406,-1.4499657786608025,83.78022003173828,1.4622406875991412,80.65045928955078,1.407616057848308,95.24654388427734,1.6623657919259085,0.0,0.0,True,False,0.05465298891067505,0.0,0.0,0.0,0.0,19.090316772460938,19.090316772460938,0.0,25.37862777709961,25.37862777709961,0.0,0.0,0.0,0.0,0.0,0.0
1,194,7.84839095803909,7.85896415298339,False,-31.69230842590332,-0.553135097026825,-85.4065933227539,-1.4906262159347534,87.69230651855469,1.5305194854736328,80.92308044433594,1.4123741388320923,94.76923370361328,1.6540350914001465,0.7554945054945055,0.007554945054945055,-0.5907832384109497,-0.9771963357925415,0.9009139537811279,1.4120150804519653,1.6601654291152954,-0.0006485059857368469,-33.84938430786133,-0.590783205945082,-81.4065933227539,-1.4208130863140866,83.69230651855469,1.460706307337092,80.90250396728516,1.4120150673369007,95.12046813964844,1.6601653550752307,0.0,0.0,True,False,0.06485059857368469,0.0,0.0,0.0,0.0,25.417369842529297,25.417369842529297,0.0,32.0737419128418,32.0737419128418,0.0,0.0,0.0,0.0,0.0,0.0
1,195,7.881863058079034,7.892595582059585,False,-32.131866455078125,-0.5608068704605103,-85.23076629638672,-1.4875575304031372,87.51648712158203,1.5274507999420166,80.92308044433594,1.4123741388320923,94.94505310058594,1.6571037769317627,0.7554945054945055,0.007554945054945055,-0.5846632122993469,-0.9046269655227661,0.8364123702049255,1.41671621799469,1.6570639610290527,-0.0016561821103096008,-33.49873352050781,-0.5846631951810527,-81.23076629638672,-1.4177443257899882,83.51648712158203,1.4576376799710482,81.1718521118164,1.4167160792931086,94.94276428222656,1.6570638376697244,0.0,0.0,True,False,0.16561821103096008,0.0,0.0,0.0,0.0,29.399463653564453,29.399463653564453,0.0,35.593589782714844,35.593589782714844,0.0,0.0,0.0,0.0,0.0,0.0
1,196,7.9152444110950455,7.926358028082177,False,-32.83516311645508,-0.5730817317962646,-84.52747344970703,-1.4752826690673828,87.42857360839844,1.5259164571762085,80.83516693115234,1.4108397960662842,94.5934066772461,1.6509664058685303,0.7554945054945055,0.007554945054945055,-0.5942561626434326,-0.8131347894668579,0.7786445021629333,1.4127588272094727,1.6556487083435059,-0.0012786537408828735,-34.04836654663086,-0.5942561011645999,-80.52747344970703,-1.405469550009704,83.42857360839844,1.456103299708999,80.94511413574219,1.4127587550713054,94.86167907714844,1.6556486338664562,0.0,0.0,True,False,0.12786537408828735,0.0,0.0,0.0,0.0,33.93828582763672,33.93828582763672,0.0,38.81553268432617,38.81553268432617,0.0,0.0,0.0,0.0,0.0,0.0
1,197,7.948628491023555,7.960185233037919,False,-33.4505500793457,-0.5838222503662109,-83.29669952392578,-1.4538016319274902,87.34066009521484,1.5243821144104004,80.3956069946289,1.4031680822372437,95.12088012695312,1.6601725816726685,0.7554945054945055,0.007554945054945055,-0.6073368191719055,-0.7294136881828308,0.7277138233184814,1.4121079444885254,1.651442527770996,-0.0009990036487579346,-34.79783630371094,-0.6073368160697694,-79.29669952392578,-1.3839884926571249,83.34066009521484,1.45456891944695,80.90782165527344,1.41210787850089,94.62068176269531,1.651442437240785,0.0,0.0,True,False,0.09990036487579346,0.0,0.0,0.0,0.0,37.50437545776367,37.50437545776367,0.0,41.64573287963867,41.64573287963867,0.0,0.0,0.0,0.0,0.0,0.0
1,198,7.982077152002603,7.994648682069965,False,-33.36263656616211,-0.5822878479957581,-82.5054931640625,-1.4399925470352173,87.34066009521484,1.5243821144104004,80.30769348144531,1.401633620262146,95.12088012695312,1.6601725816726685,0.7554945054945055,0.007554945054945055,-0.6182711124420166,-0.673443615436554,0.6865540742874146,1.4116696119308472,1.6575422286987305,-0.0008498355746269226,-35.42432403564453,-0.6182710897153622,-78.5054931640625,-1.3701793366147916,83.34066009521484,1.45456891944695,80.88270568847656,1.411669522185463,94.97016906738281,1.6575421414015026,0.0,0.0,True,False,0.08498355746269226,0.0,0.0,0.0,0.0,39.92001724243164,39.92001724243164,0.0,44.00401306152344,44.00401306152344,0.0,0.0,0.0,0.0,0.0,0.0
1,199,8.015441165072843,8.026629584026523,False,-33.4505500793457,-0.5838222503662109,-81.89010620117188,-1.4292519092559814,87.25274658203125,1.5228476524353027,80.21977996826172,1.400099277496338,94.85713958740234,1.6555694341659546,0.7554945054945055,0.007554945054945055,-0.6303272843360901,-0.585709810256958,0.6325322389602661,1.4118454456329346,1.6479488611221313,-0.0008295103907585144,-36.115089416503906,-0.630327219970151,-77.89010620117188,-1.359438807938502,83.25274658203125,1.4530345391849007,80.89278411865234,1.4118454239754628,94.4205093383789,1.6479487693647648,0.0,0.0,True,False,0.08295103907585144,0.0,0.0,0.0,0.0,44.3314094543457,44.3314094543457,0.0,47.011322021484375,47.011322021484375,0.0,0.0,0.0,0.0,0.0,0.0
1,200,8.048914079088718,8.06000206200406,False,-34.68132019042969,-0.6053032279014587,-80.92308044433594,-1.4123741388320923,87.25274658203125,1.5228476524353027,80.21977996826172,1.400099277496338,95.12088012695312,1.6601725816726685,0.7554945054945055,0.007554945054945055,-0.6288073658943176,-0.5276256203651428,0.5718199014663696,1.4142497777938843,1.64854097366333,0.00028471648693084717,-36.02800750732422,-0.6288073539360427,-76.92308044433594,-1.3425610245301247,83.25274658203125,1.4530345391849007,81.0305404663086,1.4142497258075863,94.45443725585938,1.6485409232331438,0.028471648693084717,0.00028471648693084717,False,False,0.0,0.0,0.0,0.0,0.0,46.692359924316406,46.692359924316406,0.0,50.4898796081543,50.4898796081543,0.0,0.0,0.0,0.0,0.0,0.0
1,201,8.082262763986364,8.092939088004641,False,-35.29670333862305,-0.6160436868667603,-80.21977996826172,-1.400099277496338,86.81318664550781,1.5151759386062622,80.21977996826172,1.400099277496338,95.03296661376953,1.6586381196975708,0.7554945054945055,0.007554945054945055,-0.6403439044952393,-0.45057594776153564,0.5380362272262573,1.4178367853164673,1.6436383724212646,0.00022052228450775146,-36.689002990722656,-0.6403439014621569,-76.21977996826172,-1.330286115591786,82.81318664550781,1.4453627710327095,81.2360610961914,1.417836737479814,94.17353820800781,1.643638309982417,0.022052228450775146,0.00022052228450775146,False,False,0.0,0.0,0.0,0.0,0.0,50.40367889404297,50.40367889404297,0.0,51.985984802246094,51.985984802246094,0.0,0.0,0.0,0.0,0.0,0.0
1,202,8.115726757096127,8.126684832037427,False,-35.120880126953125,-0.612975001335144,-79.51648712158203,-1.387824535369873,86.54945373535156,1.510572910308838,80.21977996826172,1.400099277496338,94.94505310058594,1.6571037769317627,0.7554945054945055,0.007554945054945055,-0.6501195430755615,-0.4093582332134247,0.4899553656578064,1.416515588760376,1.6448774337768555,-0.00038530677556991577,-37.24910354614258,-0.6501195002964836,-75.51648712158203,-1.3180113398115019,82.54945373535156,1.4407597634046165,81.16036224365234,1.4165155432630256,94.2445297241211,1.6448773456795762,0.0,0.0,True,False,0.03853067755699158,0.0,0.0,0.0,0.0,52.061988830566406,52.061988830566406,0.0,54.477081298828125,54.477081298828125,0.0,0.0,0.0,0.0,0.0,0.0
1,203,8.149071872001514,8.160250095068477,False,-35.56044006347656,-0.6206467747688293,-78.63735961914062,-1.372480869293213,86.10989379882812,1.5029011964797974,80.21977996826172,1.400099277496338,94.94505310058594,1.6571037769317627,0.7554945054945055,0.007554945054945055,-0.6514543294906616,-0.35124900937080383,0.4695016145706177,1.4150680303573608,1.6389821767807007,-0.0001531466841697693,-37.32558059692383,-0.6514542766348312,-74.63735961914062,-1.302667670349065,82.10989379882812,1.4330879952524254,81.07742309570312,1.4150679820525132,93.90675354003906,1.6389820391325223,0.0,0.0,True,False,0.015314668416976929,0.0,0.0,0.0,0.0,54.51227569580078,54.51227569580078,0.0,55.209434509277344,55.209434509277344,0.0,0.0,0.0,0.0,0.0,0.0
1,204,8.182654240052216,8.193757277098484,False,-36.70329666137695,-0.6405933499336243,-77.84615325927734,-1.3586716651916504,85.75823974609375,1.4967635869979858,80.21977996826172,1.400099277496338,94.94505310058594,1.6571037769317627,0.7554945054945055,0.007554945054945055,-0.6570997834205627,-0.3100076913833618,0.42313826084136963,1.41067636013031,1.6320850849151611,-0.0010209083557128906,-37.649044036865234,-0.6570997786716357,-73.84615325927734,-1.2888585143067315,81.75823974609375,1.4269504742042287,80.82579803466797,1.410676296256918,93.51158142089844,1.6320849845414351,0.0,0.0,True,False,0.10209083557128906,0.0,0.0,0.0,0.0,56.084022521972656,56.084022521972656,0.0,57.51420593261719,57.51420593261719,0.0,0.0,0.0,0.0,0.0,0.0
1,205,8.215949179022573,8.227159079047851,False,-36.879119873046875,-0.6436620354652405,-77.14286041259766,-1.3463969230651855,85.4065933227539,1.4906262159347534,80.13186645507812,1.3985649347305298,94.94505310058594,1.6571037769317627,0.7554945054945055,0.007554945054945055,-0.66911780834198,-0.21405060589313507,0.36170729994773865,1.411864161491394,1.6301895380020142,0.00021073967218399048,-38.337623596191406,-0.6691177591438091,-73.14286041259766,-1.2765837385264474,81.4065933227539,1.4208130863140866,80.89385223388672,1.4118640661030932,93.4029769897461,1.6301894796355711,0.021073967218399048,0.00021073967218399048,False,False,0.0,0.0,0.0,0.0,0.0,60.878662109375,60.878665924072266,0.0,60.68229675292969,60.68229293823242,0.0,0.0,0.0,0.0,0.0,0.0
1,206,8.24940858304035,8.260432009003125,False,-36.52747344970703,-0.6375246644020081,-76.26373291015625,-1.3310532569885254,85.05494689941406,1.484488844871521,80.13186645507812,1.3985649347305298,94.68132019042969,1.6525007486343384,0.7554945054945055,0.007554945054945055,-0.6672548651695251,-0.15630540251731873,0.3423747420310974,1.4126948118209839,1.6299941539764404,-0.00012020766735076904,-38.23088455200195,-0.6672548113822714,-72.26373291015625,-1.2612400690640102,81.05494689941406,1.4146756984239444,80.94144439697266,1.4126947060470891,93.39177703857422,1.6299940036115594,0.0,0.0,True,False,0.012020766735076904,0.0,0.0,0.0,0.0,63.30809020996094,63.3080940246582,0.0,61.438323974609375,61.43832015991211,0.0,0.0,0.0,0.0,0.0,0.0
1,207,8.282506110030226,8.293244951986708,False,-37.4945068359375,-0.6544026136398315,-75.56044006347656,-1.318778395652771,84.70330047607422,1.4783514738082886,80.13186645507812,1.3985649347305298,94.4175796508789,1.6478976011276245,0.7554945054945055,0.007554945054945055,-0.6682542562484741,-0.12150983512401581,0.3103930354118347,1.4140344858169556,1.6362950801849365,-0.0003841966390609741,-38.28814697265625,-0.6682542291603508,-71.56044006347656,-1.248965293283726,80.70330047607422,1.4085383105338023,81.01820373535156,1.4140344092334534,93.75279998779297,1.6362950427506868,0.0,0.0,True,False,0.03841966390609741,0.0,0.0,0.0,0.0,64.59844207763672,64.59844207763672,0.0,62.919090270996094,62.919090270996094,0.0,0.0,0.0,0.0,0.0,0.0
1,208,8.316530829994008,8.328099224017933,False,-38.10988998413086,-0.6651430726051331,-74.76923370361328,-1.304969310760498,84.26373291015625,1.470679521560669,80.13186645507812,1.3985649347305298,94.32967376708984,1.646363377571106,0.7554945054945055,0.007554945054945055,-0.6672454476356506,-0.06861764192581177,0.2683050036430359,1.4136996269226074,1.6375603675842285,-0.0006351694464683533,-38.2303466796875,-0.6672454237394289,-70.76923370361328,-1.2351561372413926,80.26373291015625,1.4008664092235565,80.99901580810547,1.413699516726376,93.8252944946289,1.6375603105845835,0.0,0.0,True,False,0.06351694464683533,0.0,0.0,0.0,0.0,66.83773040771484,66.83773040771484,0.0,64.8909912109375,64.8909912109375,0.0,0.0,0.0,0.0,0.0,0.0
1,209,8.349552839063108,8.36065177503042,False,-37.846153259277344,-0.660539984703064,-73.89010620117188,-1.289625644683838,83.9120864868164,1.4645421504974365,80.13186645507812,1.3985649347305298,94.24176025390625,1.6448290348052979,0.7554945054945055,0.007554945054945055,-0.6708727478981018,-0.03373211622238159,0.25425785779953003,1.4132323265075684,1.6362359523773193,0.0008229240775108337,-38.438175201416016,-0.670872715723144,-69.89010620117188,-1.2198124677789557,79.9120864868164,1.3947290213334145,80.97224426269531,1.4132322651131215,93.7494125366211,1.6362359205744872,0.08229240775108337,0.0008229240775108337,False,False,0.0,0.0,0.0,0.0,0.0,67.9573974609375,67.9573974609375,0.0,65.34418487548828,65.34418487548828,0.0,0.0,0.0,0.0,0.0,0.0
1,210,8.382968463003635,8.552335256012157,False,-37.4945068359375,-0.6544026136398315,-73.18681335449219,-1.277350902557373,83.56044006347656,1.458404779434204,80.13186645507812,1.3985649347305298,94.24176025390625,1.6448290348052979,0.7554945054945055,0.007554945054945055,-0.6234378814697266,-1.473690390586853,1.5021096467971802,1.3780760765075684,1.6436808109283447,3.281235694885254e-05,-35.72035598754883,-0.6234378219671977,-77.18681335449219,-1.3471640321582177,86.06453704833984,1.5021095406981724,78.95793914794922,1.37807600872104,94.17596435546875,1.6436806542437492,0.003281235694885254,3.281235694885254e-05,False,False,0.0,0.0,0.0,0.0,0.0,7.249420166015625,7.249420166015625,0.0,0.0,0.0,0.0,0.0,0.0,0.0,0.0,0.0
1,211,8.553936921060085,8.566504771006294,False,-37.93406677246094,-0.6620743870735168,-71.07691955566406,-1.2405261993408203,83.03296661376953,1.449198603630066,80.13186645507812,1.3985649347305298,94.24176025390625,1.6448290348052979,0.7554945054945055,0.007554945054945055,-0.6175135970115662,-1.5305676460266113,1.5415284633636475,1.3805195093154907,1.6301231384277344,0.0008192583918571472,-35.38092041015625,-0.6175135535432892,-75.07691955566406,-1.3103394385012561,87.03296661376953,1.5190118251885782,79.09793853759766,1.3805194590211878,93.399169921875,1.6301230337663737,0.08192583918571472,0.0008192583918571472,False,False,0.0,0.0,0.0,0.0,0.0,12.618141174316406,12.618141174316406,0.0,1.29010009765625,1.29010009765625,0.0,0.0,0.0,0.0,0.0,0.0
1,212,8.587465479038656,8.598963486030698,False,-38.28571319580078,-0.6682117581367493,-71.07691955566406,-1.2405261993408203,83.03296661376953,1.449198603630066,80.13186645507812,1.3985649347305298,94.24176025390625,1.6448290348052979,0.7554945054945055,0.007554945054945055,-0.6126220226287842,-1.5291486978530884,1.5374560356140137,1.378361701965332,1.639230489730835,-0.0010341033339500427,-35.10065460205078,-0.6126219924110861,-75.07691955566406,-1.3103394385012561,87.03296661376953,1.5190118251885782,78.97430419921875,1.378361632747951,93.92098236083984,1.6392303789041722,0.0,0.0,True,False,0.10341033339500427,0.0,0.0,0.0,0.0,12.536842346191406,12.536842346191406,0.0,1.0567703247070312,1.0567703247070312,0.0,0.0,0.0,0.0,0.0,0.0
1,213,8.620580304064788,8.63144558109343,False,-37.846153259277344,-0.660539984703064,-71.25274658203125,-1.243595004081726,83.12088012695312,1.4507330656051636,79.78022003173828,1.3924275636672974,94.24176025390625,1.6448290348052979,0.7554945054945055,0.007554945054945055,-0.5986243486404419,-1.5473519563674927,1.5491496324539185,1.3760226964950562,1.6374561786651611,-0.00031647831201553345,-34.29864501953125,-0.5986242845635751,-75.25274658203125,-1.3134081990253543,87.12088012695312,1.5205462054506276,78.84028625488281,1.3760225783625344,93.81932067871094,1.637456047827907,0.0,0.0,True,False,0.031647831201553345,0.0,0.0,0.0,0.0,13.403984069824219,13.403984069824219,0.0,1.6388473510742188,1.6388473510742188,0.0,0.0,0.0,0.0,0.0,0.0
1,214,8.654494856018573,8.665244311094284,False,-36.087913513183594,-0.6298528909683228,-72.65933990478516,-1.2681447267532349,84.43955993652344,1.4737483263015747,79.34066009521484,1.3847557306289673,94.15384674072266,1.6432945728302002,0.7554945054945055,0.007554945054945055,-0.586941123008728,-1.5822697877883911,1.5589803457260132,1.3759889602661133,1.624916434288025,-0.002033047378063202,-33.62924575805664,-0.5869410634404247,-76.65933990478516,-1.3379578837439774,88.43955993652344,1.5435615099072013,78.8383560180664,1.375988889374745,93.10084533691406,1.6249162875191598,0.0,0.0,True,False,0.2033047378063202,0.0,0.0,0.0,0.0,13.998039245605469,13.998039245605469,0.0,0.8834304809570312,0.8834304809570312,0.0,0.0,0.0,0.0,0.0,0.0
1,215,8.687720922986045,8.698197532095946,False,-35.38461685180664,-0.6175780892372131,-73.97801971435547,-1.291159987449646,85.75823974609375,1.4967635869979858,78.989013671875,1.3786183595657349,94.15384674072266,1.6432945728302002,0.7554945054945055,0.007554945054945055,-0.5932681560516357,-1.562768816947937,1.5577058792114258,1.3739370107650757,1.6353734731674194,-0.0015339180827140808,-33.99176025390625,-0.5932681349792077,-77.97801971435547,-1.3609731882005511,89.24996948242188,1.5577058247727211,78.72078704833984,1.373936923754839,93.69998931884766,1.6353733226974105,0.0,0.0,True,False,0.15339180827140808,0.0,0.0,0.0,0.0,11.562034606933594,11.562034606933594,0.0,0.0,0.0,0.0,0.0,0.0,0.0,0.0,0.0
1,216,8.72106736607384,8.731776106054895,False,-35.47252655029297,-0.6191123723983765,-74.94505310058594,-1.3080378770828247,86.54945373535156,1.510572910308838,78.9011001586914,1.3770840167999268,94.06593322753906,1.641760230064392,0.7554945054945055,0.007554945054945055,-0.5991692543029785,-1.5447068214416504,1.5406665802001953,1.3789528608322144,1.635059118270874,0.0005476400256156921,-34.32986831665039,-0.5991692339016326,-78.94505310058594,-1.3778511047669828,88.27368927001953,1.5406665206442307,79.00817108154297,1.3789527213518942,93.6819839477539,1.6350590696887812,0.054764002561569214,0.0005476400256156921,False,False,0.0,0.0,0.0,0.0,0.0,9.560127258300781,9.560127258300781,0.0,0.0,0.0,0.0,0.0,0.0,0.0,0.0,0.0
1,217,8.755073907086626,8.765764513053,False,-34.68132019042969,-0.6053032279014587,-76.17582702636719,-1.3295190334320068,87.51648712158203,1.5274507999420166,78.63735961914062,1.372480869293213,93.97801971435547,1.640225887298584,0.7554945054945055,0.007554945054945055,-0.5965885519981384,-1.5461593866348267,1.5235698223114014,1.3871524333953857,1.64126455783844,0.00019497424364089966,-34.182003021240234,-0.5965884976472913,-80.17582702636719,-1.399332162119562,87.29411315917969,1.5235696922361945,79.47797393798828,1.387152328032139,94.03752899169922,1.6412645013447749,0.019497424364089966,0.00019497424364089966,False,False,0.0,0.0,0.0,0.0,0.0,8.412574768066406,8.412574768066406,0.0,0.0,0.0,0.0,0.0,0.0,0.0,0.0,0.0
1,218,8.787943455041386,8.798909450066276,False,-34.32966995239258,-0.5991657376289368,-77.4065933227539,-1.3509999513626099,87.78022003173828,1.532053828239441,78.63735961914062,1.372480869293213,93.97801971435547,1.640225887298584,0.7554945054945055,0.007554945054945055,-0.6043108105659485,-1.5358922481536865,1.5195660591125488,1.3847273588180542,1.6353660821914673,-0.00038523972034454346,-34.62445831298828,-0.6043107992811668,-81.4065933227539,-1.4208130863140866,87.0647201538086,1.519566029011424,79.33902740478516,1.384727253543513,93.69956970214844,1.6353659990044127,0.0,0.0,True,False,0.038523972034454346,0.0,0.0,0.0,0.0,6.593544006347656,6.593544006347656,0.0,0.0,0.0,0.0,0.0,0.0,0.0,0.0,0.0
1,219,8.82188063999638,8.832575123989955,False,-34.85714340209961,-0.608371913433075,-78.46154022216797,-1.3694121837615967,87.86813354492188,1.533588171005249,78.72527313232422,1.374015212059021,93.97801971435547,1.640225887298584,0.7554945054945055,0.007554945054945055,-0.6056097149848938,-1.5194644927978516,1.4962389469146729,1.3892532587051392,1.649741291999817,0.0010081678628921509,-34.69887924194336,-0.6056096895238258,-82.46154022216797,-1.4392253831425674,85.7281723022461,1.4962388683912018,79.59834289550781,1.389253162658048,94.52320861816406,1.6497412099364426,0.10081678628921509,0.0010081678628921509,False,False,0.0,0.0,0.0,0.0,0.0,4.597358703613281,4.597358703613281,0.0,0.0,0.0,0.0,0.0,0.0,0.0,0.0,0.0
1,220,8.855142262997106,8.865712968050502,False,-34.85714340209961,-0.608371913433075,-79.42857360839844,-1.3862900733947754,87.95604705810547,1.5351226329803467,78.81318664550781,1.375549554824829,93.97801971435547,1.640225887298584,0.7554945054945055,0.007554945054945055,-0.6172745227813721,-1.5216013193130493,1.5100831985473633,1.3835837841033936,1.6355756521224976,0.0002532154321670532,-35.36722183227539,-0.6172744682564273,-83.42857360839844,-1.456103299708999,86.52139282226562,1.5100831781599242,79.27350616455078,1.3835836921714328,93.71157836914062,1.635575589782202,0.025321543216705322,0.0002532154321670532,False,False,0.0,0.0,0.0,0.0,0.0,3.7527542114257812,3.7527542114257812,0.0,0.0,0.0,0.0,0.0,0.0,0.0,0.0,0.0
1,221,8.888731725048274,8.899480903055519,False,-34.5054931640625,-0.6022344827651978,-80.3956069946289,-1.4031680822372437,87.95604705810547,1.5351226329803467,79.25274658203125,1.3832213878631592,93.97801971435547,1.640225887298584,0.7554945054945055,0.007554945054945055,-0.6112016439437866,-1.5395196676254272,1.5169713497161865,1.3861210346221924,1.6331305503845215,0.00029078125953674316,-35.01927185058594,-0.6112015954436923,-84.3956069946289,-1.4729812162754308,86.91605377197266,1.5169713111613596,79.41888427734375,1.386121018900006,93.57147979736328,1.6331304084273457,0.029078125953674316,0.00029078125953674316,False,False,0.0,0.0,0.0,0.0,0.0,3.8123703002929688,3.8123703002929688,0.0,0.0,0.0,0.0,0.0,0.0,0.0,0.0,0.0
1,222,8.922248893999495,8.933221749030054,False,-34.593406677246094,-0.6037688255310059,-81.27472686767578,-1.4185116291046143,87.95604705810547,1.5351226329803467,79.42857360839844,1.3862900733947754,93.53845977783203,1.632554054260254,0.7554945054945055,0.007554945054945055,-0.6232784986495972,-1.4877722263336182,1.4729609489440918,1.3824266195297241,1.638059377670288,-0.0012023001909255981,-35.71122360229492,-0.6232784317759564,-85.2430648803711,-1.4877721466536218,84.39443969726562,1.4729608430930916,79.20720672607422,1.3824265486777934,93.8538818359375,1.63805925381481,0.0,0.0,True,False,0.12023001909255981,0.0,0.0,0.0,0.0,0.0,0.0,0.0,0.0,0.0,0.0,0.0,0.0,0.0,0.0,0.0
1,223,8.956301951082423,8.966975149000064,False,-35.120880126953125,-0.612975001335144,-81.89010620117188,-1.4292519092559814,87.95604705810547,1.5351226329803467,79.42857360839844,1.3862900733947754,93.53845977783203,1.632554054260254,0.7554945054945055,0.007554945054945055,-0.5995758175849915,-1.5386275053024292,1.5125432014465332,1.3849133253097534,1.6378719806671143,0.001613706350326538,-34.3531608581543,-0.5995757654420332,-85.89010620117188,-1.4990651480980484,86.66233825683594,1.5125431400588303,79.34968566894531,1.384913275345655,93.84314727783203,1.6378719004321227,0.1613706350326538,0.001613706350326538,False,False,0.0,0.0,0.0,0.0,0.0,2.266754150390625,2.266754150390625,0.0,0.0,0.0,0.0,0.0,0.0,0.0,0.0,0.0
1,224,8.990040384000167,9.000582074047998,False,-35.29670333862305,-0.6160436868667603,-82.5934066772461,-1.4415268898010254,87.95604705810547,1.5351226329803467,79.42857360839844,1.3862900733947754,93.62637329101562,1.6340885162353516,0.7554945054945055,0.007554945054945055,-0.6304322481155396,-1.3421976566314697,1.2990802526474,1.391905426979065,1.6434600353240967,0.00039651989936828613,-36.1211051940918,-0.6304322150961272,-78.5934066772461,-1.3717137168768407,83.95604705810547,1.4653094481232396,79.75030517578125,1.391905404787658,94.16332244873047,1.643460011347436,0.03965198993682861,0.00039651989936828613,False,False,0.0,0.0,0.0,0.0,0.0,1.6911468505859375,1.6911468505859375,0.0,9.524238586425781,9.524238586425781,0.0,0.0,0.0,0.0,0.0,0.0
1,225,9.023456645081751,9.034400701057166,False,-35.120880126953125,-0.612975001335144,-83.56044006347656,-1.458404779434204,87.78022003173828,1.532053828239441,79.51648712158203,1.387824535369873,93.53845977783203,1.632554054260254,0.7554945054945055,0.007554945054945055,-0.6325116157531738,-1.3594967126846313,1.2915514707565308,1.3961985111236572,1.6399226188659668,0.0008258521556854248,-36.2402458190918,-0.6325116112752611,-79.56044006347656,-1.3885916334432724,83.78022003173828,1.4622406875991412,79.99627685546875,1.3961984204648656,93.96063995361328,1.6399225344714838,0.08258521556854248,0.0008258521556854248,False,False,0.0,0.0,0.0,0.0,0.0,1.667022705078125,1.667022705078125,0.0,9.779777526855469,9.779777526855469,0.0,0.0,0.0,0.0,0.0,0.0
1,226,9.056737128994428,9.067767456988804,False,-34.68132019042969,-0.6053032279014587,-84.61538696289062,-1.4768171310424805,87.69230651855469,1.5305194854736328,79.51648712158203,1.387824535369873,93.53845977783203,1.632554054260254,0.7554945054945055,0.007554945054945055,-0.6349401473999023,-1.2962578535079956,1.224377155303955,1.3968645334243774,1.6349644660949707,0.00022073835134506226,-36.37938690185547,-0.6349400812942771,-80.61538696289062,-1.4070039302717532,83.69230651855469,1.460706307337092,80.03443908691406,1.3968644770534946,93.67655944824219,1.634964394312029,0.022073835134506226,0.00022073835134506226,False,False,0.0,0.0,0.0,0.0,0.0,6.345283508300781,6.345283508300781,0.0,13.540664672851562,13.540664672851562,0.0,0.0,0.0,0.0,0.0,0.0
1,227,9.090387028991245,9.10123371402733,False,-35.120880126953125,-0.612975001335144,-83.47252655029297,-1.456870436668396,87.34066009521484,1.5243821144104004,79.51648712158203,1.387824535369873,93.45054626464844,1.6310197114944458,0.7554945054945055,0.007554945054945055,-0.6293938159942627,-1.2517149448394775,1.1751244068145752,1.3984029293060303,1.632928490638733,-0.00018224865198135376,-36.061607360839844,-0.6293937820080782,-79.47252655029297,-1.3870572531812233,83.34066009521484,1.45456891944695,80.1225814819336,1.3984028520571787,93.55990600585938,1.6329284076586632,0.0,0.0,True,False,0.018224865198135376,0.0,0.0,0.0,0.0,7.754547119140625,7.754547119140625,0.0,16.01099395751953,16.01099395751953,0.0,0.0,0.0,0.0,0.0,0.0
1,228,9.123933062073775,9.134702592040412,False,-36.17582321166992,-0.6313872337341309,-81.62637329101562,-1.4246490001678467,87.25274658203125,1.5228476524353027,79.51648712158203,1.387824535369873,93.71428680419922,1.6356228590011597,0.7554945054945055,0.007554945054945055,-0.6145556569099426,-1.4044010639190674,1.2873964309692383,1.400755524635315,1.6350630521774292,0.001326732337474823,-35.21144485473633,-0.6145556470995653,-80.46624755859375,-1.4044009566223097,83.25274658203125,1.4530345391849007,80.25737762451172,1.4007554885641549,93.68220520019531,1.6350629312723617,0.1326732337474823,0.001326732337474823,False,False,0.0,0.0,0.0,0.0,0.0,0.0,0.0,0.0,9.490371704101562,9.490371704101562,0.0,0.0,0.0,0.0,0.0,0.0
1,229,9.157188662094995,9.16932159604039,False,-35.82417678833008,-0.6252498030662537,-80.3956069946289,-1.4031680822372437,87.16483306884766,1.5213133096694946,79.25274658203125,1.3832213878631592,93.97801971435547,1.640225887298584,0.7554945054945055,0.007554945054945055,-0.5944710373878479,-1.4338644742965698,1.2912464141845703,1.4081804752349854,1.6394991874694824,0.0007532909512519836,-34.0606803894043,-0.5944710182645693,-82.15438079833984,-1.4338644398682379,83.16483306884766,1.4515001589228516,80.68279266357422,1.4081803816832956,93.9363784790039,1.6394990918581613,0.07532909512519836,0.0007532909512519836,False,False,0.0,0.0,0.0,0.0,0.0,0.0,0.0,0.0,9.181869506835938,9.181869506835938,0.0,0.0,0.0,0.0,0.0,0.0
1,230,9.190655525075272,9.201637851074338,False,-35.38461685180664,-0.6175780892372131,-81.18681335449219,-1.4169771671295166,87.07691955566406,1.5197789669036865,79.51648712158203,1.387824535369873,93.45054626464844,1.6310197114944458,0.7554945054945055,0.007554945054945055,-0.5914708971977234,-1.5171643495559692,1.419935941696167,1.400854468345642,1.6305886507034302,0.0014734640717506409,-33.8887825012207,-0.5914708341385405,-85.18681335449219,-1.4867903723177642,83.07691955566406,1.4499657786608025,80.26304626464844,1.4008544249986512,93.42584228515625,1.6305885543249197,0.1473464071750641,0.0014734640717506409,False,False,0.0,0.0,0.0,0.0,0.0,1.74029541015625,1.74029541015625,0.0,1.7205886840820312,1.7205886840820312,0.0,0.0,0.0,0.0,0.0,0.0
1,231,9.224031493999064,9.234907631063834,False,-35.64834976196289,-0.6221810579299927,-81.36264038085938,-1.4200459718704224,86.989013671875,1.518244743347168,79.78022003173828,1.3924275636672974,93.89010620117188,1.6386914253234863,0.7554945054945055,0.007554945054945055,-0.5914466977119446,-1.5116550922393799,1.4263662099838257,1.393860101699829,1.6294232606887817,0.0012376978993415833,-33.88739776611328,-0.5914466659516481,-85.36264038085938,-1.4898591328418624,82.989013671875,1.448431531556808,79.86229705810547,1.3938600318697216,93.35906982421875,1.629423155031901,0.12376978993415833,0.0012376978993415833,False,False,0.0,0.0,0.0,0.0,0.0,1.248809814453125,1.248809814453125,0.0,1.264251708984375,1.264251708984375,0.0,0.0,0.0,0.0,0.0,0.0
1,232,9.257616051007062,9.271531242062338,False,-34.85714340209961,-0.608371913433075,-81.62637329101562,-1.4246490001678467,86.81318664550781,1.5151759386062622,79.95604705810547,1.3954962491989136,93.89010620117188,1.6386914253234863,0.7554945054945055,0.007554945054945055,-0.5855973362922668,-1.5188393592834473,1.4599134922027588,1.3936822414398193,1.6310014724731445,0.0013261288404464722,-33.55225372314453,-0.5855972989333981,-85.62637329101562,-1.4944621404699554,83.6468734741211,1.4599133511225209,79.85210418701172,1.3936821327089044,93.44949340820312,1.631001344293882,0.13261288404464722,0.0013261288404464722,False,False,0.0,0.0,0.0,0.0,0.0,1.3967056274414062,1.3967056274414062,0.0,0.0,0.0,0.0,0.0,0.0,0.0,0.0,0.0
1,233,9.291099744034,9.302661171066575,False,-34.06593322753906,-0.5945627093315125,-83.20879364013672,-1.4522674083709717,86.72527313232422,1.513641595840454,79.95604705810547,1.3954962491989136,93.27472686767578,1.6279510259628296,0.7554945054945055,0.007554945054945055,-0.5768578052520752,-1.532450795173645,1.4395954608917236,1.3959743976593018,1.6341814994812012,0.0007724687457084656,-33.051517486572266,-0.5768578029211667,-87.20879364013672,-1.5220805857126767,82.72527313232422,1.4438283907706604,79.98343658447266,1.3959743154591355,93.63169860839844,1.6341814249515456,0.07724687457084656,0.0007724687457084656,False,False,0.0,0.0,0.0,0.0,0.0,0.5941619873046875,0.5941619873046875,0.0,0.24253082275390625,0.24253082275390625,0.0,0.0,0.0,0.0,0.0,0.0
1,234,9.325247926986776,9.336475702002645,False,-34.593406677246094,-0.6037688255310059,-84.43955993652344,-1.4737483263015747,86.72527313232422,1.513641595840454,79.95604705810547,1.3954962491989136,93.27472686767578,1.6279510259628296,0.7554945054945055,0.007554945054945055,-0.5938878655433655,-1.4880560636520386,1.4016367197036743,1.3990873098373413,1.636109709739685,0.0007563605904579163,-34.02726745605469,-0.5938878525648692,-85.25933074951172,-1.4880560396258242,82.72527313232422,1.4438283907706604,80.16179656982422,1.3990872844573292,93.74217224121094,1.6361095535807628,0.07563605904579163,0.0007563605904579163,False,False,0.0,0.0,0.0,0.0,0.0,0.0,0.0,0.0,2.4174118041992188,2.4174118041992188,0.0,0.0,0.0,0.0,0.0,0.0
1,235,9.359480001032352,9.37044450698886,False,-34.241756439208984,-0.5976313948631287,-85.23076629638672,-1.4875575304031372,86.63735961914062,1.5121071338653564,80.04395294189453,1.3970304727554321,93.80220031738281,1.6371572017669678,0.7554945054945055,0.007554945054945055,-0.5955575704574585,-1.5002167224884033,1.389203667640686,1.3991085290908813,1.631664752960205,0.0004942566156387329,-34.12293243408203,-0.5955575214102944,-85.95608520507812,-1.5002166989533987,82.63735961914062,1.4422940105086113,80.16300964355469,1.3991084565879952,93.48749542236328,1.631664604563366,0.04942566156387329,0.0004942566156387329,False,False,0.0,0.0,0.0,0.0,0.0,0.0,0.0,0.0,3.0418548583984375,3.0418548583984375,0.0,0.0,0.0,0.0,0.0,0.0
1,236,9.392722295015119,9.403695643064566,False,-33.53845977783203,-0.5853565335273743,-85.4945068359375,-1.492160677909851,86.37362670898438,1.5075041055679321,80.04395294189453,1.3970304727554321,93.18681335449219,1.6264166831970215,0.7554945054945055,0.007554945054945055,-0.5998278856277466,-1.3959553241729736,1.2547054290771484,1.400514841079712,1.634153127670288,0.0005485564470291138,-34.36760330200195,-0.5998278336392092,-81.4945068359375,-1.4223474665761358,82.37362670898438,1.4376910028805183,80.24358367919922,1.4005147388016117,93.63007354736328,1.6341530622859362,0.05485564470291138,0.0005485564470291138,False,False,0.0,0.0,0.0,0.0,0.0,1.5121612548828125,1.5121612548828125,0.0,10.484306335449219,10.484306335449219,0.0,0.0,0.0,0.0,0.0,0.0
1,237,9.426559454994276,9.43925667006988,False,-34.32966995239258,-0.5991657376289368,-85.67032623291016,-1.4952292442321777,86.37362670898438,1.5075041055679321,80.04395294189453,1.3970304727554321,93.18681335449219,1.6264166831970215,0.7554945054945055,0.007554945054945055,-0.6030192375183105,-1.345205307006836,1.1901129484176636,1.4073400497436523,1.635475516319275,0.001084834337234497,-34.55045700073242,-0.6030192327315056,-81.67032623291016,-1.4254160939421796,82.37362670898438,1.4376910028805183,80.6346435546875,1.4073400212013212,93.70584106445312,1.635475454925215,0.10848343372344971,0.001084834337234497,False,False,0.0,0.0,0.0,0.0,0.0,4.595741271972656,4.595741271972656,0.0,14.1851806640625,14.1851806640625,0.0,0.0,0.0,0.0,0.0,0.0
1,238,9.460294372984208,9.471560689038597,False,-34.5054931640625,-0.6022344827651978,-85.67032623291016,-1.4952292442321777,86.37362670898438,1.5075041055679321,80.04395294189453,1.3970304727554321,93.71428680419922,1.6356228590011597,0.7554945054945055,0.007554945054945055,-0.588932454586029,-1.3402636051177979,1.160434365272522,1.4157648086547852,1.632763385772705,0.00038044899702072144,-33.743343353271484,-0.5889324421455315,-81.67032623291016,-1.4254160939421796,82.37362670898438,1.4376910028805183,81.11734008789062,1.415764664993678,93.55044555664062,1.6327632916710784,0.038044899702072144,0.00038044899702072144,False,False,0.0,0.0,0.0,0.0,0.0,4.878883361816406,4.878883361816406,0.0,15.885635375976562,15.885635375976562,0.0,0.0,0.0,0.0,0.0,0.0
1,239,9.493755943025462,9.505055746994913,False,-33.89011001586914,-0.5914940237998962,-84.43955993652344,-1.4737483263015747,86.37362670898438,1.5075041055679321,80.13186645507812,1.3985649347305298,93.27472686767578,1.6279510259628296,0.7554945054945055,0.007554945054945055,-0.5911741256713867,-1.2373019456863403,1.0716869831085205,1.4165620803833008,1.630338430404663,0.000602424144744873,-33.87178039550781,-0.5911740914140785,-80.43955993652344,-1.403935169747655,82.37362670898438,1.4376910028805183,81.16302490234375,1.4165620154240477,93.41150665283203,1.6303383503405067,0.060242414474487305,0.000602424144744873,False,False,0.0,0.0,0.0,0.0,0.0,9.547386169433594,9.547386169433594,0.0,20.970489501953125,20.970489501953125,0.0,0.0,0.0,0.0,0.0,0.0
1,240,9.527488643070683,9.696295864065178,False,-33.89011001586914,-0.5914940237998962,-83.12088012695312,-1.4507330656051636,86.37362670898438,1.5075041055679321,80.3956069946289,1.4031680822372437,93.27472686767578,1.6279510259628296,0.7554945054945055,0.007554945054945055,-0.5684297680854797,-1.6250557899475098,1.546417236328125,1.3960806131362915,1.6232500076293945,0.001078866422176361,-32.568626403808594,-0.5684297635984202,-87.12088012695312,-1.5205462054506276,88.60317993164062,1.5464172175440933,79.9895248413086,1.3960805755866297,93.00537109375,1.6232499476250972,0.10788664221763611,0.001078866422176361,False,False,0.0,0.0,0.0,0.0,0.0,5.987953186035156,5.987953186035156,0.0,0.0,0.0,0.0,0.0,0.0,0.0,0.0,0.0
1,241,9.697855926002376,9.709320760099217,False,-33.89011001586914,-0.5914940237998962,-81.45054626464844,-1.421580195426941,86.19779968261719,1.504435420036316,80.3956069946289,1.4031680822372437,93.71428680419922,1.6356228590011597,0.7554945054945055,0.007554945054945055,-0.559245228767395,-1.6145697832107544,1.5473805665969849,1.3930567502975464,1.6104027032852173,0.0004107430577278137,-32.042388916015625,-0.5592451867890095,-85.45054626464844,-1.4913933799458572,88.65837097167969,1.547380482910375,79.81626892089844,1.3930566893268992,92.26927185058594,1.610402592210446,0.04107430577278137,0.0004107430577278137,False,False,0.0,0.0,0.0,0.0,0.0,7.0574798583984375,7.0574798583984375,0.0,0.0,0.0,0.0,0.0,0.0,0.0,0.0,0.0
1,242,9.731103445985354,9.742372134001926,False,-33.978023529052734,-0.5930283665657043,-81.45054626464844,-1.421580195426941,86.19779968261719,1.504435420036316,80.3956069946289,1.4031680822372437,93.71428680419922,1.6356228590011597,0.7554945054945055,0.007554945054945055,-0.5519499182701111,-1.6247642040252686,1.5587739944458008,1.392909288406372,1.611694097518921,-0.0007923915982246399,-31.624399185180664,-0.5519498897464146,-85.45054626464844,-1.4913933799458572,89.31116485595703,1.5587738855278974,79.80781555175781,1.3929091502025088,92.34326171875,1.6116939590230255,0.0,0.0,True,False,0.07923915982246399,0.0,0.0,0.0,0.0,7.641578674316406,7.641578674316406,0.0,0.0,0.0,0.0,0.0,0.0,0.0,0.0,0.0
1,243,9.764882361050695,9.775849424069747,False,-33.80219650268555,-0.5899596214294434,-81.71428680419922,-1.4261833429336548,86.28571319580078,1.505969762802124,80.3956069946289,1.4031680822372437,93.45054626464844,1.6310197114944458,0.7554945054945055,0.007554945054945055,-0.5570938587188721,-1.6213608980178833,1.5450685024261475,1.3966737985610962,1.613699197769165,0.0002867281436920166,-31.919124603271484,-0.5570938186814162,-85.71428680419922,-1.4959965207320045,88.5259017944336,1.5450684596100226,80.02350616455078,1.3966736615613904,92.45814514160156,1.6136990530077462,0.02867281436920166,0.0002867281436920166,False,False,0.0,0.0,0.0,0.0,0.0,7.1828460693359375,7.1828460693359375,0.0,0.0,0.0,0.0,0.0,0.0,0.0,0.0,0.0
1,244,9.798123972024769,9.80911473708693,False,-32.659339904785156,-0.5700129866600037,-83.20879364013672,-1.4522674083709717,87.34066009521484,1.5243821144104004,80.30769348144531,1.401633620262146,93.18681335449219,1.6264166831970215,0.7554945054945055,0.007554945054945055,-0.5599222183227539,-1.6327776908874512,1.5549349784851074,1.3923553228378296,1.6084680557250977,-0.0014272108674049377,-32.0811767578125,-0.5599221623381077,-87.20879364013672,-1.5220805857126767,89.0912094116211,1.554934938816548,79.77607727050781,1.3923552126957723,92.1584243774414,1.608467938836558,0.0,0.0,True,False,0.14272108674049377,0.0,0.0,0.0,0.0,6.34246826171875,6.34246826171875,0.0,0.0,0.0,0.0,0.0,0.0,0.0,0.0,0.0
1,245,9.831617590039968,9.842982801026665,False,-32.131866455078125,-0.5608068704605103,-84.43955993652344,-1.4737483263015747,88.65933990478516,1.5473973751068115,79.95604705810547,1.3954962491989136,92.83516693115234,1.620279312133789,0.7554945054945055,0.007554945054945055,-0.5481522083282471,-1.642611026763916,1.5584694147109985,1.3916513919830322,1.6126952171325684,-0.0008713901042938232,-31.40680694580078,-0.5481521887424479,-88.43955993652344,-1.5435615099072013,89.29371643066406,1.5584693530572469,79.73574829101562,1.3916513392196643,92.40062713623047,1.6126951744348408,0.0,0.0,True,False,0.08713901042938232,0.0,0.0,0.0,0.0,5.675117492675781,5.675117492675781,0.0,0.0,0.0,0.0,0.0,0.0,0.0,0.0,0.0
1,246,9.866171634057537,9.877445962047204,False,-32.74725341796875,-0.5715473890304565,-85.23076629638672,-1.4875575304031372,89.0988998413086,1.5550692081451416,79.86813354492188,1.3939619064331055,92.92308044433594,1.6218136548995972,0.7554945054945055,0.007554945054945055,-0.5527321696281433,-1.6121859550476074,1.5549709796905518,1.3965686559677124,1.6071648597717285,-0.0009009167551994324,-31.669218063354492,-0.5527321267375981,-89.23076629638672,-1.5573706659495345,89.09326934814453,1.5549708914912643,80.01748657226562,1.3965685998563868,92.08375549316406,1.6071647209571276,0.0,0.0,True,False,0.09009167551994324,0.0,0.0,0.0,0.0,3.1406784057617188,3.1406784057617188,0.0,0.0,0.0,0.0,0.0,0.0,0.0,0.0,0.0
1,247,9.89835649705492,9.909188046003692,False,-32.39560317993164,-0.5654099583625793,-86.28571319580078,-1.505969762802124,89.36264038085938,1.559672236442566,80.21977996826172,1.400099277496338,92.92308044433594,1.6218136548995972,0.7554945054945055,0.007554945054945055,-0.5480141639709473,-1.645183801651001,1.5536936521530151,1.3946287631988525,1.611230731010437,-0.0020429641008377075,-31.398897171020508,-0.5480141371294409,-90.28571319580078,-1.5757829627780156,89.02008056640625,1.5536935062744077,79.90633392333984,1.3946286201603184,92.31671905517578,1.611230702151406,0.0,0.0,True,False,0.20429641008377075,0.0,0.0,0.0,0.0,3.9763717651367188,3.9763717651367188,0.0,0.0,0.0,0.0,0.0,0.0,0.0,0.0,0.0
1,248,9.932237266097218,9.943603079998866,False,-31.69230842590332,-0.553135097026825,-87.25274658203125,-1.5228476524353027,89.53845977783203,1.5627409219741821,80.3956069946289,1.4031680822372437,92.57142639160156,1.6156761646270752,0.7554945054945055,0.007554945054945055,-0.5555675625801086,-1.6345502138137817,1.5425993204116821,1.3958086967468262,1.6113886833190918,-0.0012283921241760254,-31.831674575805664,-0.5555675277711781,-91.25274658203125,-1.5926608793444472,88.3844223022461,1.542599176647301,79.97394561767578,1.3958086668393326,92.32576751708984,1.6113886276040479,0.0,0.0,True,False,0.12283921241760254,0.0,0.0,0.0,0.0,2.4000778198242188,2.4000778198242188,0.0,0.0,0.0,0.0,0.0,0.0,0.0,0.0,0.0
1,249,9.965616401983425,9.97719612205401,False,-31.868131637573242,-0.5562038421630859,-87.86813354492188,-1.533588171005249,89.53845977783203,1.5627409219741821,80.48351287841797,1.4047023057937622,92.3956069946289,1.6126075983047485,0.7554945054945055,0.007554945054945055,-0.5602152347564697,-1.6137481927871704,1.5311485528945923,1.3968238830566406,1.6060309410095215,-1.2621283531188965e-05,-32.097965240478516,-0.5602151766370436,-91.86813354492188,-1.6034014080207366,87.72834777832031,1.5311485160663418,80.03211212158203,1.3968238638468709,92.01879119873047,1.6060308801230265,0.0,0.0,True,False,0.0012621283531188965,0.0,0.0,0.0,0.0,0.5928192138671875,0.5928192138671875,0.0,0.0,0.0,0.0,0.0,0.0,0.0,0.0,0.0
1,250,9.998988959006965,10.009654853027314,False,-32.21977996826172,-0.5623412132263184,-88.65933990478516,-1.5473973751068115,89.53845977783203,1.5627409219741821,80.48351287841797,1.4047023057937622,92.57142639160156,1.6156761646270752,0.7554945054945055,0.007554945054945055,-0.5638667941093445,-1.6216912269592285,1.531171202659607,1.3993021249771118,1.6085498332977295,0.0004965439438819885,-32.307186126708984,-0.5638667699657057,-92.65933990478516,-1.61721056406307,87.72964477539062,1.5311711529356076,80.17410278320312,1.399302068399244,92.1631088256836,1.6085496978820233,0.04965439438819885,0.0004965439438819885,False,False,0.0,0.0,0.0,0.0,0.0,0.25672149658203125,0.25672149658203125,0.0,0.0,0.0,0.0,0.0,0.0,0.0,0.0,0.0
1,251,10.032404478057288,10.043546844040975,False,-32.131866455078125,-0.5608068704605103,-89.71428680419922,-1.565809726715088,89.53845977783203,1.5627409219741821,80.48351287841797,1.4047023057937622,92.74725341796875,1.618744969367981,0.7554945054945055,0.007554945054945055,-0.5600048303604126,-1.6452125310897827,1.5386676788330078,1.4004650115966797,1.6134026050567627,0.002265028655529022,-32.08591079711914,-0.5600047869109274,-93.71428680419922,-1.6356228608915508,88.1591567993164,1.5386675519300173,80.24073028564453,1.400464937689227,92.44115447998047,1.6134025100203657,0.22650286555290222,0.002265028655529022,False,False,0.0,0.0,0.0,0.0,0.0,0.5494461059570312,0.5494461059570312,0.0,0.0,0.0,0.0,0.0,0.0,0.0,0.0,0.0
1,252,10.065971786039881,10.079554456984624,False,-31.868131637573242,-0.5562038421630859,-90.85713958740234,-1.5857561826705933,89.53845977783203,1.5627409219741821,80.48351287841797,1.4047023057937622,92.3956069946289,1.6126075983047485,0.7554945054945055,0.007554945054945055,-0.5640796422958374,-1.6171276569366455,1.527306079864502,1.3992751836776733,1.614370346069336,0.0022123977541923523,-32.31938171386719,-0.5640796231158303,-92.65458679199219,-1.6171276065951141,87.50818634033203,1.527305974087521,80.17256164550781,1.3992751704722342,92.4966049194336,1.6143703027605005,0.22123977541923523,0.0022123977541923523,False,False,0.0,0.0,0.0,0.0,0.0,0.0,0.0,0.0,0.0,0.0,0.0,0.0,0.0,0.0,0.0,0.0
1,253,10.09949408902321,10.111234710086137,False,-31.69230842590332,-0.553135097026825,-91.82417297363281,-1.6026341915130615,89.53845977783203,1.5627409219741821,80.48351287841797,1.4047023057937622,92.3956069946289,1.6126075983047485,0.7554945054945055,0.007554945054945055,-0.5670208930969238,-1.6193257570266724,1.5432896614074707,1.3946895599365234,1.6039987802505493,0.0007318407297134399,-32.4879035949707,-0.567020884802741,-92.78052520751953,-1.619325646600811,88.42398071289062,1.5432896011599042,79.90982055664062,1.3946894733912267,91.90235900878906,1.6039987550532415,0.073184072971344,0.0007318407297134399,False,False,0.0,0.0,0.0,0.0,0.0,0.0,0.0,0.0,0.0,0.0,0.0,0.0,0.0,0.0,0.0,0.0
1,254,10.133162843994796,10.144390458008274,False,-31.868131637573242,-0.5562038421630859,-92.43955993652344,-1.6133747100830078,89.53845977783203,1.5627409219741821,80.48351287841797,1.4047023057937622,92.3956069946289,1.6126075983047485,0.7554945054945055,0.007554945054945055,-0.5511876344680786,-1.6414378881454468,1.5370259284973145,1.4007996320724487,1.6129393577575684,0.001419059932231903,-31.58072280883789,-0.551187593173893,-94.04745483398438,-1.6414377399736844,88.06509399414062,1.5370258462760378,80.25990295410156,1.4007995638801956,92.41461181640625,1.6129392531487465,0.1419059932231903,0.001419059932231903,False,False,0.0,0.0,0.0,0.0,0.0,0.0,0.0,0.0,0.0,0.0,0.0,0.0,0.0,0.0,0.0,0.0
1,255,10.166757496073842,10.178373411064968,False,-32.131866455078125,-0.5608068704605103,-92.35164642333984,-1.6118402481079102,89.53845977783203,1.5627409219741821,80.48351287841797,1.4047023057937622,92.3956069946289,1.6126075983047485,0.7554945054945055,0.007554945054945055,-0.5664033889770508,-1.601180076599121,1.511142373085022,1.4043314456939697,1.6181925535202026,0.0012872740626335144,-32.45252227783203,-0.566403364324979,-91.74085235595703,-1.6011799321974471,86.58207702636719,1.5111423173254488,80.4622573852539,1.4043313149598042,92.7155990600586,1.6181924715569822,0.12872740626335144,0.0012872740626335144,False,False,0.0,0.0,0.0,0.0,0.0,0.0,0.0,0.0,0.0,0.0,0.0,0.0,0.0,0.0,0.0,0.0
1,256,10.200175844016485,10.213024249998853,False,-32.21977996826172,-0.5623412132263184,-92.26373291015625,-1.610305905342102,89.53845977783203,1.5627409219741821,80.57142639160156,1.4062366485595703,92.3956069946289,1.6126075983047485,0.7554945054945055,0.007554945054945055,-0.5558048486709595,-1.6024318933486938,1.4815746545791626,1.4081287384033203,1.6205430030822754,0.0014217942953109741,-31.84527015686035,-0.5558048154243043,-91.81257629394531,-1.6024317510678387,85.53845977783203,1.4929277602079063,80.6798324584961,1.4081287163581482,92.85027313232422,1.6205429775350861,0.1421794295310974,0.0014217942953109741,False,False,0.0,0.0,0.0,0.0,0.0,0.0,0.0,0.0,0.6504898071289062,0.6504898071289062,0.0,0.0,0.0,0.0,0.0,0.0
1,257,10.23356845206581,10.24476576806046,False,-32.21977996826172,-0.5623412132263184,-92.70330047607422,-1.6179778575897217,89.53845977783203,1.5627409219741821,80.57142639160156,1.4062366485595703,92.3956069946289,1.6126075983047485,0.7554945054945055,0.007554945054945055,-0.5577837228775024,-1.5535858869552612,1.4213387966156006,1.4223737716674805,1.6173537969589233,0.000813804566860199,-31.958650588989258,-0.5577836772722876,-89.01390838623047,-1.553585781408314,85.53845977783203,1.4929277602079063,81.49600982666016,1.422373698712873,92.66754150390625,1.6173537089716619,0.0813804566860199,0.000813804566860199,False,False,0.0,0.0,0.0,0.0,0.0,0.0,0.0,0.0,4.101753234863281,4.101753234863281,0.0,0.0,0.0,0.0,0.0,0.0
1,258,10.266806394094601,10.300700715044513,False,-32.131866455078125,-0.5608068704605103,-92.96703338623047,-1.6225807666778564,89.45054626464844,1.561206579208374,80.57142639160156,1.4062366485595703,92.3956069946289,1.6126075983047485,0.7554945054945055,0.007554945054945055,-0.5512260794639587,-1.5825283527374268,1.4394220113754272,1.410381555557251,1.6168957948684692,0.0009712427854537964,-31.58292579650879,-0.551226042562131,-90.67218780517578,-1.5825282171869681,85.45054626464844,1.4913933799458572,80.80890655517578,1.4103814843242461,92.64129638671875,1.6168956452641683,0.09712427854537964,0.0009712427854537964,False,False,0.0,0.0,0.0,0.0,0.0,0.0,0.0,0.0,2.9777450561523438,2.9777450561523438,0.0,0.0,0.0,0.0,0.0,0.0
1,259,10.302092539030127,10.316132248030044,False,-31.956043243408203,-0.557738184928894,-92.0,-1.6057028770446777,89.27472686767578,1.5581378936767578,80.65933990478516,1.4077709913253784,92.3956069946289,1.6126075983047485,0.7554945054945055,0.007554945054945055,-0.5565676689147949,-1.5541175603866577,1.402043342590332,1.4123716354370117,1.6144734621047974,0.0013991370797157288,-31.88897705078125,-0.5565676446290438,-89.04437255859375,-1.5541174815199483,85.27472686767578,1.4883247525798133,80.92292785644531,1.412371531448808,92.50251007080078,1.6144733670946867,0.13991370797157288,0.0013991370797157288,False,False,0.0,0.0,0.0,0.0,0.0,0.0,0.0,0.0,4.943565368652344,4.943565368652344,0.0,0.0,0.0,0.0,0.0,0.0
1,260,10.33556464605499,10.349892384023406,False,-31.868131637573242,-0.5562038421630859,-90.76923370361328,-1.5842219591140747,89.18681335449219,1.5566035509109497,80.92308044433594,1.4123741388320923,92.3956069946289,1.6126075983047485,0.7554945054945055,0.007554945054945055,-0.5756903886795044,-1.4236462116241455,1.285881519317627,1.4114949703216553,1.6190028190612793,0.0016065612435340881,-32.98462677001953,-0.5756903396783033,-86.76923370361328,-1.5144088175604853,85.18681335449219,1.4867903723177642,80.8727035522461,1.4114949519760083,92.76202392578125,1.619002738318639,0.1606561243534088,0.0016065612435340881,False,False,0.0,0.0,0.0,0.0,0.0,5.2003173828125,5.2003173828125,0.0,11.51123046875,11.51123046875,0.0,0.0,0.0,0.0,0.0,0.0
1,261,10.369286540080793,10.384432006045245,False,-31.868131637573242,-0.5562038421630859,-89.97801971435547,-1.5704126358032227,89.18681335449219,1.5566035509109497,80.92308044433594,1.4123741388320923,92.3956069946289,1.6126075983047485,0.7554945054945055,0.007554945054945055,-0.5631898641586304,-1.4539579153060913,1.2922229766845703,1.4175026416778564,1.613352656364441,0.0017329901456832886,-32.268402099609375,-0.5631898609956348,-85.97801971435547,-1.5005995283600975,85.18681335449219,1.4867903723177642,81.21691131591797,1.417502510763009,92.43829345703125,1.6133525757499267,0.17329901456832886,0.0017329901456832886,False,False,0.0,0.0,0.0,0.0,0.0,2.6723709106445312,2.6723709106445312,0.0,11.147895812988281,11.147895812988281,0.0,0.0,0.0,0.0,0.0,0.0
1,262,10.402583994087763,10.417042533052154,False,-32.0439567565918,-0.5592725276947021,-89.89010620117188,-1.5688782930374146,89.18681335449219,1.5566035509109497,80.92308044433594,1.4123741388320923,92.3956069946289,1.6126075983047485,0.7554945054945055,0.007554945054945055,-0.597224771976471,-1.3058897256851196,1.1801304817199707,1.4126673936843872,1.6150871515274048,-0.00014744699001312256,-34.21845626831055,-0.5972247268317112,-85.89010620117188,-1.4990651480980484,85.18681335449219,1.4867903723177642,80.93987274169922,1.4126672754878613,92.53767395019531,1.6150870925678953,0.0,0.0,True,False,0.014744699001312256,0.0,0.0,0.0,0.0,11.068138122558594,11.068138122558594,0.0,17.57032012939453,17.57032012939453,0.0,0.0,0.0,0.0,0.0,0.0
1,263,10.436065345071256,10.448664862080477,False,-32.659339904785156,-0.5700129866600037,-88.74725341796875,-1.5489317178726196,89.0988998413086,1.5550692081451416,80.92308044433594,1.4123741388320923,92.3956069946289,1.6126075983047485,0.7554945054945055,0.007554945054945055,-0.5909139513969421,-1.220930576324463,1.082085371017456,1.4160364866256714,1.618261694908142,0.0017686188220977783,-33.85687255859375,-0.5909139005755777,-84.74725341796875,-1.4791186041655728,85.0988998413086,1.485255992055715,81.1329116821289,1.4160364405829204,92.71955871582031,1.6182615805872698,0.17686188220977783,0.0017686188220977783,False,False,0.0,0.0,0.0,0.0,0.0,14.7930908203125,14.7930908203125,0.0,23.099979400634766,23.099979400634766,0.0,0.0,0.0,0.0,0.0,0.0
1,264,10.469563001999632,10.483070529997349,False,-32.92307662963867,-0.5746160745620728,-87.6043930053711,-1.5289851427078247,89.0988998413086,1.5550692081451416,80.83516693115234,1.4108397960662842,92.83516693115234,1.620279312133789,0.7554945054945055,0.007554945054945055,-0.5981791019439697,-1.1357508897781372,1.023417353630066,1.416546106338501,1.616466999053955,0.0017644092440605164,-34.273136138916016,-0.5981790706083411,-83.6043930053711,-1.459171927075043,85.0988998413086,1.485255992055715,81.162109375,1.416546036457507,92.61672973632812,1.6164668763286654,0.17644092440605164,0.0017644092440605164,False,False,0.0,0.0,0.0,0.0,0.0,18.530662536621094,18.530662536621094,0.0,26.461406707763672,26.461406707763672,0.0,0.0,0.0,0.0,0.0,0.0
1,265,10.503147399052978,10.517050237045623,False,-32.83516311645508,-0.5730817317962646,-87.07691955566406,-1.5197789669036865,89.010986328125,1.553534746170044,80.65933990478516,1.4077709913253784,92.83516693115234,1.620279312133789,0.7554945054945055,0.007554945054945055,-0.6021889448165894,-1.064950942993164,0.9629278182983398,1.4192969799041748,1.6044878959655762,0.0012125521898269653,-34.50288391113281,-0.6021889256826461,-83.07691955566406,-1.4499657786608025,85.010986328125,1.4837216117936658,81.3197250366211,1.4192969487055045,91.93038177490234,1.6044878445874344,0.12125521898269653,0.0012125521898269653,False,False,0.0,0.0,0.0,0.0,0.0,22.05972671508789,22.05972671508789,0.0,29.839290618896484,29.839290618896484,0.0,0.0,0.0,0.0,0.0,0.0
1,266,10.537332506035455,10.552359634079039,False,-33.4505500793457,-0.5838222503662109,-86.10989379882812,-1.5029011964797974,89.010986328125,1.553534746170044,80.3956069946289,1.4031680822372437,92.74725341796875,1.618744969367981,0.7554945054945055,0.007554945054945055,-0.5827111601829529,-1.0087690353393555,0.9191646575927734,1.4198251962661743,1.6103216409683228,0.0007254928350448608,-33.38688659667969,-0.5827110981020247,-82.10989379882812,-1.4330879952524254,85.010986328125,1.4837216117936658,81.34998321533203,1.4198250535496673,92.2646255493164,1.610321498955253,0.07254928350448608,0.0007254928350448608,False,False,0.0,0.0,0.0,0.0,0.0,24.311687469482422,24.311687469482422,0.0,32.34673309326172,32.34673309326172,0.0,0.0,0.0,0.0,0.0,0.0
1,267,10.570355482050218,10.58518566400744,False,-34.32966995239258,-0.5991657376289368,-85.23076629638672,-1.4875575304031372,88.83516693115234,1.5504661798477173,80.21977996826172,1.400099277496338,92.83516693115234,1.620279312133789,0.7554945054945055,0.007554945054945055,-0.5966706871986389,-0.9414782524108887,0.8751614093780518,1.418673038482666,1.6084095239639282,0.00033693015575408936,-34.186710357666016,-0.5966706561669203,-81.23076629638672,-1.4177443257899882,84.83516693115234,1.480652984427622,81.28397369384766,1.4186729700620988,92.15507507324219,1.6084094824506308,0.033693015575408936,0.00033693015575408936,False,False,0.0,0.0,0.0,0.0,0.0,27.288040161132812,27.288040161132812,0.0,34.692115783691406,34.692115783691406,0.0,0.0,0.0,0.0,0.0,0.0
1,268,10.604331971029751,10.618254029075615,False,-34.06593322753906,-0.5945627093315125,-84.61538696289062,-1.4768171310424805,88.74725341796875,1.5489317178726196,80.21977996826172,1.400099277496338,92.74725341796875,1.618744969367981,0.7554945054945055,0.007554945054945055,-0.58338463306427,-0.8929568529129028,0.8397929668426514,1.421438217163086,1.602805256843567,0.0003143027424812317,-33.42547607421875,-0.5833846115417057,-80.61538696289062,-1.4070039302717532,84.74725341796875,1.4791186041655728,81.4424057006836,1.421438130221928,91.83396911621094,1.602805126252668,0.03143027424812317,0.0003143027424812317,False,False,0.0,0.0,0.0,0.0,0.0,29.45273208618164,29.45273208618164,0.0,36.63066482543945,36.63066482543945,0.0,0.0,0.0,0.0,0.0,0.0
1,269,10.637221454060636,10.651603715028614,False,-33.53845977783203,-0.5853565335273743,-83.82417297363281,-1.4630078077316284,88.57142639160156,1.5458630323410034,80.30769348144531,1.401633620262146,92.74725341796875,1.618744969367981,0.7554945054945055,0.007554945054945055,-0.5863125324249268,-0.8474783897399902,0.8386780023574829,1.4206615686416626,1.6049363613128662,-0.0007636323571205139,-33.593231201171875,-0.5863124908441388,-79.82417297363281,-1.3931946410713654,84.57142639160156,1.4760498436414746,81.39791107177734,1.420661552448061,91.9560775756836,1.6049363209150038,0.0,0.0,True,False,0.07636323571205139,0.0,0.0,0.0,0.0,31.267242431640625,31.267242431640625,0.0,36.51871871948242,36.51871871948242,0.0,0.0,0.0,0.0,0.0,0.0
1,270,10.671655831043608,10.84091224509757,False,-33.71428680419922,-0.5884252786636353,-83.12088012695312,-1.4507330656051636,88.21977996826172,1.539725661277771,80.30769348144531,1.401633620262146,92.65933990478516,1.6172105073928833,0.7554945054945055,0.007554945054945055,-0.5711249113082886,-1.5822609663009644,1.5352317094802856,1.3952957391738892,1.6152962446212769,-5.747377872467041e-05,-32.723045349121094,-0.5711248826215805,-87.12088012695312,-1.5205462054506276,87.96229553222656,1.5352316746496515,79.94454956054688,1.3952956088553288,92.54965209960938,1.6152961507134667,0.0,0.0,True,False,0.005747377872467041,0.0,0.0,0.0,0.0,3.5359878540039062,3.5359878540039062,0.0,0.0,0.0,0.0,0.0,0.0,0.0,0.0,0.0
1,271,10.842398633016273,10.855355184990913,False,-33.71428680419922,-0.5884252786636353,-81.45054626464844,-1.421580195426941,87.42857360839844,1.5259164571762085,80.30769348144531,1.401633620262146,92.65933990478516,1.6172105073928833,0.7554945054945055,0.007554945054945055,-0.568874180316925,-1.5950795412063599,1.550126075744629,1.3929336071014404,1.608425259590149,-0.0003709867596626282,-32.59408950805664,-0.5688741786053272,-85.45054626464844,-1.4913933799458572,88.815673828125,1.5501259356781376,79.80921173095703,1.392933518126483,92.15597534179688,1.6084251951010622,0.0,0.0,True,False,0.03709867596626282,0.0,0.0,0.0,0.0,5.940773010253906,5.940773010253906,0.0,0.0,0.0,0.0,0.0,0.0,0.0,0.0,0.0
1,272,10.875951835070737,10.888952621025965,False,-33.80219650268555,-0.5899596214294434,-81.36264038085938,-1.4200459718704224,87.34066009521484,1.5243821144104004,80.30769348144531,1.401633620262146,92.65933990478516,1.6172105073928833,0.7554945054945055,0.007554945054945055,-0.5692232847213745,-1.605287790298462,1.5609369277954102,1.3885951042175293,1.609886884689331,-0.0020219534635543823,-32.61408996582031,-0.5692232524452093,-85.36264038085938,-1.4898591328418624,89.43509674072266,1.5609369049652597,79.56063079833984,1.388594962394635,92.23971557617188,1.6098867379072976,0.0,0.0,True,False,0.20219534635543823,0.0,0.0,0.0,0.0,6.6135711669921875,6.6135711669921875,0.0,0.0,0.0,0.0,0.0,0.0,0.0,0.0,0.0
1,273,10.909376163035631,10.92171666608192,False,-33.53845977783203,-0.5853565335273743,-81.62637329101562,-1.4246490001678467,87.51648712158203,1.5274507999420166,80.13186645507812,1.3985649347305298,92.65933990478516,1.6172105073928833,0.7554945054945055,0.007554945054945055,-0.5625221729278564,-1.6177382469177246,1.5604909658432007,1.3869364261627197,1.6090830564498901,-0.001782253384590149,-32.23014450073242,-0.5625221399313247,-85.62637329101562,-1.4944621404699554,89.40953826904297,1.5604908254826715,79.4655990600586,1.3869363456677337,92.19366455078125,1.6090829958903117,0.0,0.0,True,False,0.1782253384590149,0.0,0.0,0.0,0.0,7.063194274902344,7.063194274902344,0.0,0.0,0.0,0.0,0.0,0.0,0.0,0.0,0.0
1,274,10.943087839987129,10.97991232003551,False,-32.92307662963867,-0.5746160745620728,-82.94505310058594,-1.4476642608642578,88.48351287841797,1.5443285703659058,79.86813354492188,1.3939619064331055,92.65933990478516,1.6172105073928833,0.7554945054945055,0.007554945054945055,-0.5505381226539612,-1.6090726852416992,1.5393353700637817,1.3894333839416504,1.6118428707122803,-0.0013346076011657715,-31.543508529663086,-0.5505380814735362,-86.94505310058594,-1.5174774449265291,88.19741821289062,1.5393353395733544,79.6086654663086,1.389433325505792,92.35179138183594,1.6118428297279608,0.0,0.0,True,False,0.13346076011657715,0.0,0.0,0.0,0.0,5.248016357421875,5.248016357421875,0.0,0.0,0.0,0.0,0.0,0.0,0.0,0.0,0.0
1,275,10.981550346012227,10.995049295015633,False,-32.57143020629883,-0.5684787034988403,-84.26373291015625,-1.470679521560669,89.45054626464844,1.561206579208374,79.78022003173828,1.3924275636672974,92.65933990478516,1.6172105073928833,0.7554945054945055,0.007554945054945055,-0.5686732530593872,-1.601385474205017,1.5352261066436768,1.3917332887649536,1.6111048460006714,0.0002572089433670044,-32.582576751708984,-0.5686732431010807,-88.26373291015625,-1.5404927493831029,87.96197509765625,1.5352260820113623,79.74044036865234,1.3917332314231843,92.30950164794922,1.6111047346318454,0.02572089433670044,0.0002572089433670044,False,False,0.0,0.0,0.0,0.0,0.0,3.4888916015625,3.4888916015625,0.0,0.0,0.0,0.0,0.0,0.0,0.0,0.0,0.0
1,276,11.015071212081239,11.027786503080279,False,-32.659339904785156,-0.5700129866600037,-84.87911987304688,-1.4814200401306152,89.62637329101562,1.5642752647399902,79.86813354492188,1.3939619064331055,92.65933990478516,1.6172105073928833,0.7554945054945055,0.007554945054945055,-0.5595657825469971,-1.6124606132507324,1.5481120347976685,1.3881968259811401,1.6145926713943481,-0.0005336254835128784,-32.06075668334961,-0.5595657648052278,-88.87911987304688,-1.5512332780593925,88.70027923583984,1.5481119201037652,79.53781127929688,1.3881966866536137,92.50933837890625,1.6145925435534676,0.0,0.0,True,False,0.05336254835128784,0.0,0.0,0.0,0.0,3.5080642700195312,3.5080642700195312,0.0,0.0,0.0,0.0,0.0,0.0,0.0,0.0,0.0
1,277,11.048410742077976,11.061142159043811,False,-32.83516311645508,-0.5730817317962646,-85.5824203491211,-1.4936950206756592,89.62637329101562,1.5642752647399902,80.13186645507812,1.3985649347305298,92.65933990478516,1.6172105073928833,0.7554945054945055,0.007554945054945055,-0.5630974173545837,-1.6014443635940552,1.5438357591629028,1.3891676664352417,1.6056166887283325,-0.0004368796944618225,-32.26310348510742,-0.5630973827267818,-89.5824203491211,-1.5635081869977312,88.45526885986328,1.543835682341425,79.59343719482422,1.389167542029002,91.99505615234375,1.6056166254154647,0.0,0.0,True,False,0.04368796944618225,0.0,0.0,0.0,0.0,2.1735763549804688,2.1735763549804688,0.0,0.0,0.0,0.0,0.0,0.0,0.0,0.0,0.0
1,278,11.081707681063563,11.093961616046727,False,-32.659339904785156,-0.5700129866600037,-86.63735961914062,-1.5121071338653564,89.62637329101562,1.5642752647399902,80.30769348144531,1.401633620262146,92.65933990478516,1.6172105073928833,0.7554945054945055,0.007554945054945055,-0.5688541531562805,-1.596411943435669,1.543450117111206,1.389827013015747,1.6064741611480713,0.00018634647130966187,-32.59294128417969,-0.5688541383181244,-90.63735961914062,-1.5819203506681576,88.43317413330078,1.5434500566155815,79.63121795654297,1.3898269407149055,92.04418182373047,1.6064740301284157,0.018634647130966187,0.00018634647130966187,False,False,0.0,0.0,0.0,0.0,0.0,0.8302993774414062,0.8302993774414062,0.0,0.0,0.0,0.0,0.0,0.0,0.0,0.0,0.0
1,279,11.115446274983697,11.127971091074869,False,-32.39560317993164,-0.5654099583625793,-87.6043930053711,-1.5289851427078247,89.62637329101562,1.5642752647399902,80.30769348144531,1.401633620262146,92.21977996826172,1.6095387935638428,0.7554945054945055,0.007554945054945055,-0.5714894533157349,-1.5812565088272095,1.5041069984436035,1.391245722770691,1.6143158674240112,-0.001401171088218689,-32.74393081665039,-0.571489402795785,-90.59931945800781,-1.5812564246084009,86.1789779663086,1.504106911515732,79.7125015258789,1.391245606627591,92.49348449707031,1.6143158411162084,0.0,0.0,True,False,0.1401171088218689,0.0,0.0,0.0,0.0,0.0,0.0,0.0,0.0,0.0,0.0,0.0,0.0,0.0,0.0,0.0
1,280,11.148948826012202,11.161206605029292,False,-32.21977996826172,-0.5623412132263184,-88.3956069946289,-1.5427943468093872,89.62637329101562,1.5642752647399902,80.30769348144531,1.401633620262146,92.21977996826172,1.6095387935638428,0.7554945054945055,0.007554945054945055,-0.5655066967010498,-1.5845667123794556,1.4914647340774536,1.393226981163025,1.6132392883300781,0.0005640462040901184,-32.401145935058594,-0.5655066779859492,-90.78897857666016,-1.5845666006853147,85.62637329101562,1.4944621404699554,79.82601928710938,1.3932268653205553,92.43180084228516,1.613239258245544,0.05640462040901184,0.0005640462040901184,False,False,0.0,0.0,0.0,0.0,0.0,0.0,0.0,0.0,0.17174530029296875,0.17174530029296875,0.0,0.0,0.0,0.0,0.0,0.0
1,281,11.182177378097549,11.194446536013857,False,-32.57143020629883,-0.5684787034988403,-89.18681335449219,-1.5566035509109497,89.62637329101562,1.5642752647399902,80.30769348144531,1.401633620262146,92.21977996826172,1.6095387935638428,0.7554945054945055,0.007554945054945055,-0.5617629289627075,-1.6133694648742676,1.492514967918396,1.3956788778305054,1.613817572593689,-0.0003930330276489258,-32.186641693115234,-0.5617628727045432,-92.43925476074219,-1.6133693536647944,85.62637329101562,1.4944621404699554,79.96650695800781,1.3956788377361913,92.46492767333984,1.6138174305182,0.0,0.0,True,False,0.03930330276489258,0.0,0.0,0.0,0.0,0.0,0.0,0.0,0.111572265625,0.111572265625,0.0,0.0,0.0,0.0,0.0,0.0
1,282,11.216162212076597,11.228304843069054,False,-32.83516311645508,-0.5730817317962646,-89.62637329101562,-1.5642752647399902,89.45054626464844,1.561206579208374,80.30769348144531,1.401633620262146,92.21977996826172,1.6095387935638428,0.7554945054945055,0.007554945054945055,-0.5614657998085022,-1.5931323766708374,1.425229549407959,1.4027905464172363,1.6099965572357178,-0.0018861964344978333,-32.169620513916016,-0.5614657970849448,-91.27975463867188,-1.593132258857391,85.45054626464844,1.4913933799458572,80.37397003173828,1.4027904099530843,92.24600219726562,1.609996460144209,0.0,0.0,True,False,0.18861964344978333,0.0,0.0,0.0,0.0,0.0,0.0,0.0,3.7909164428710938,3.7909164428710938,0.0,0.0,0.0,0.0,0.0,0.0
1,283,11.249579609022476,11.261916905990802,False,-32.659339904785156,-0.5700129866600037,-89.97801971435547,-1.5704126358032227,89.27472686767578,1.5581378936767578,80.30769348144531,1.401633620262146,92.30769348144531,1.6110731363296509,0.7554945054945055,0.007554945054945055,-0.5690591931343079,-1.6004835367202759,1.4929403066635132,1.396163821220398,1.6039599180221558,-0.0009275823831558228,-32.60468673706055,-0.5690591351430332,-91.70094299316406,-1.600483382414337,85.53917694091797,1.4929402770650295,79.99429321289062,1.3961637993706946,91.90013122558594,1.6039598729013262,0.0,0.0,True,False,0.09275823831558228,0.0,0.0,0.0,0.0,0.0,0.0,0.0,0.0,0.0,0.0,0.0,0.0,0.0,0.0,0.0
1,284,11.282834617071785,11.317079546046443,False,-32.30769348144531,-0.5638756155967712,-90.68132019042969,-1.5826876163482666,89.18681335449219,1.5566035509109497,80.3956069946289,1.4031680822372437,92.21977996826172,1.6095387935638428,0.7554945054945055,0.007554945054945055,-0.566375732421875,-1.615394949913025,1.5177844762802124,1.393115758895874,1.6030592918395996,-0.0009078606963157654,-32.4509391784668,-0.5663757340286694,-92.55530548095703,-1.615394820831854,86.96263885498047,1.5177843742421608,79.81964874267578,1.3931156783450445,91.84852600097656,1.6030591918206616,0.0,0.0,True,False,0.09078606963157654,0.0,0.0,0.0,0.0,0.0,0.0,0.0,0.0,0.0,0.0,0.0,0.0,0.0,0.0,0.0
1,285,11.318663951009512,11.331432890030555,False,-32.131866455078125,-0.5608068704605103,-91.29669952392578,-1.5934280157089233,89.18681335449219,1.5566035509109497,80.3956069946289,1.4031680822372437,92.21977996826172,1.6095387935638428,0.7554945054945055,0.007554945054945055,-0.5581954717636108,-1.632537841796875,1.5090422630310059,1.3973487615585327,1.6093263626098633,-0.0009580850601196289,-31.982242584228516,-0.5581954352663275,-93.53752136230469,-1.6325377219267485,86.46174621582031,1.5090421484898122,80.06217956542969,1.3973486397396708,92.20760345458984,1.6093262756558906,0.0,0.0,True,False,0.09580850601196289,0.0,0.0,0.0,0.0,0.0,0.0,0.0,0.0,0.0,0.0,0.0,0.0,0.0,0.0,0.0
1,286,11.352359476033598,11.366379923070781,False,-32.57143020629883,-0.5684787034988403,-91.56044006347656,-1.5980311632156372,89.18681335449219,1.5566035509109497,80.3956069946289,1.4031680822372437,92.21977996826172,1.6095387935638428,0.7554945054945055,0.007554945054945055,-0.5569940805435181,-1.6379722356796265,1.5138546228408813,1.393801212310791,1.6144828796386719,-0.000491410493850708,-31.913408279418945,-0.5569940500090791,-93.84889221191406,-1.6379721684471642,86.73747253417969,1.5138544805795853,79.85892486572266,1.393801176009631,92.5030517578125,1.6144828213165565,0.0,0.0,True,False,0.0491410493850708,0.0,0.0,0.0,0.0,0.0,0.0,0.0,0.0,0.0,0.0,0.0,0.0,0.0,0.0,0.0
1,287,11.385620539076626,11.396670266985893,False,-32.74725341796875,-0.5715473890304565,-91.56044006347656,-1.5980311632156372,89.18681335449219,1.5566035509109497,80.3956069946289,1.4031680822372437,92.48351287841797,1.614141821861267,0.7554945054945055,0.007554945054945055,-0.5667410492897034,-1.6022402048110962,1.513636589050293,1.3943825960159302,1.6080310344696045,0.00039605051279067993,-32.471866607666016,-0.5667409865721738,-91.80159759521484,-1.6022401366274077,86.72498321533203,1.5136365008443624,79.8922348022461,1.3943825440755953,92.13338470458984,1.608030914101676,0.03960505127906799,0.00039605051279067993,False,False,0.0,0.0,0.0,0.0,0.0,0.0,0.0,0.0,0.0,0.0,0.0,0.0,0.0,0.0,0.0,0.0
1,288,11.419297505985014,11.429798540077172,False,-32.21977996826172,-0.5623412132263184,-92.17582702636719,-1.6087716817855835,89.18681335449219,1.5566035509109497,80.3956069946289,1.4031680822372437,92.3956069946289,1.6126075983047485,0.7554945054945055,0.007554945054945055,-0.563452422618866,-1.5884743928909302,1.478375792503357,1.3919123411178589,1.6165835857391357,-0.0005326494574546814,-32.283443450927734,-0.5634523821000894,-91.01287078857422,-1.588474256952788,85.18681335449219,1.4867903723177642,79.75070190429688,1.391912329006492,92.6234130859375,1.616583522784411,0.0,0.0,True,False,0.05326494574546814,0.0,0.0,0.0,0.0,0.0,0.0,0.0,0.48212432861328125,0.48212432861328125,0.0,0.0,0.0,0.0,0.0,0.0
1,289,11.452714542043395,11.465392771060579,False,-31.956043243408203,-0.557738184928894,-92.79120635986328,-1.6195120811462402,89.18681335449219,1.5566035509109497,80.3956069946289,1.4031680822372437,92.21977996826172,1.6095387935638428,0.7554945054945055,0.007554945054945055,-0.5739744305610657,-1.4662702083587646,1.2889273166656494,1.399618148803711,1.6153454780578613,-0.0008662045001983643,-32.88631057739258,-0.5739743984089379,-88.79120635986328,-1.5496988977973434,85.18681335449219,1.4867903723177642,80.19220733642578,1.3996180524625819,92.55247497558594,1.6153454191936332,0.0,0.0,True,False,0.08662045001983643,0.0,0.0,0.0,0.0,4.780113220214844,4.780113220214844,0.0,11.336723327636719,11.336723327636719,0.0,0.0,0.0,0.0,0.0,0.0
1,290,11.48643060401082,11.500013267039321,False,-32.483516693115234,-0.5669443011283875,-92.35164642333984,-1.6118402481079102,89.18681335449219,1.5566035509109497,80.3956069946289,1.4031680822372437,92.30769348144531,1.6110731363296509,0.7554945054945055,0.007554945054945055,-0.5859841704368591,-1.2950477600097656,1.1286704540252686,1.4022800922393799,1.6083365678787231,0.0007981136441230774,-33.57441711425781,-0.5859841230817321,-88.35164642333984,-1.5420271296451522,85.18681335449219,1.4867903723177642,80.3447265625,1.4022800151301706,92.15089416503906,1.6083365118367625,0.07981136441230774,0.0007981136441230774,False,False,0.0,0.0,0.0,0.0,0.0,14.15087890625,14.15087890625,0.0,20.518760681152344,20.518760681152344,0.0,0.0,0.0,0.0,0.0,0.0
1,291,11.51953054801561,11.53267083200626,False,-32.659339904785156,-0.5700129866600037,-91.29669952392578,-1.5934280157089233,88.92308044433594,1.5520005226135254,80.3956069946289,1.4031680822372437,92.65933990478516,1.6172105073928833,0.7554945054945055,0.007554945054945055,-0.5988218784332275,-1.1114360094070435,1.0367087125778198,1.401307225227356,1.6097129583358765,0.0008336976170539856,-34.30996322631836,-0.5988218245374317,-87.29669952392578,-1.5236148328166712,84.92308044433594,1.4821873646896713,80.28898620605469,1.4013071623839648,92.22975158691406,1.6097128334881154,0.08336976170539856,0.0008336976170539856,False,False,0.0,0.0,0.0,0.0,0.0,23.616111755371094,23.616111755371094,0.0,25.524051666259766,25.524051666259766,0.0,0.0,0.0,0.0,0.0,0.0
1,292,11.55322998703923,11.567744126077741,False,-32.39560317993164,-0.5654099583625793,-90.24176025390625,-1.5750157833099365,88.83516693115234,1.5504661798477173,80.3956069946289,1.4031680822372437,92.21977996826172,1.6095387935638428,0.7554945054945055,0.007554945054945055,-0.6163415908813477,-0.990807294845581,0.9251569509506226,1.4057245254516602,1.604341983795166,0.00023118406534194946,-35.31377029418945,-0.6163415629265725,-86.24176025390625,-1.505202669146245,84.83516693115234,1.480652984427622,80.54207611083984,1.4057244145260246,91.9220199584961,1.6043419033596982,0.023118406534194946,0.00023118406534194946,False,False,0.0,0.0,0.0,0.0,0.0,29.472686767578125,29.472686767578125,0.0,31.827579498291016,31.827579498291016,0.0,0.0,0.0,0.0,0.0,0.0
1,293,11.586841804091819,11.60890841204673,False,-33.27472686767578,-0.5807535648345947,-89.89010620117188,-1.5688782930374146,88.83516693115234,1.5504661798477173,80.3956069946289,1.4031680822372437,92.13186645507812,1.6080044507980347,0.7554945054945055,0.007554945054945055,-0.6245748996734619,-0.9010763168334961,0.840315043926239,1.404019832611084,1.6073024272918701,-0.0005868822336196899,-35.78550338745117,-0.624574858594607,-85.89010620117188,-1.4990651480980484,84.83516693115234,1.480652984427622,80.44440460205078,1.4040197251122648,92.09163665771484,1.6073022732274302,0.0,0.0,True,False,0.058688223361968994,0.0,0.0,0.0,0.0,34.262237548828125,34.262237548828125,0.0,36.688663482666016,36.688663482666016,0.0,0.0,0.0,0.0,0.0,0.0
1,294,11.620438895071857,11.63353209302295,False,-34.41758346557617,-0.6007001399993896,-88.83516693115234,-1.5504661798477173,88.83516693115234,1.5504661798477173,80.3956069946289,1.4031680822372437,92.3956069946289,1.6126075983047485,0.7554945054945055,0.007554945054945055,-0.6205348372459412,-0.8185132741928101,0.7847819328308105,1.4078162908554077,1.6052769422531128,-8.098036050796509e-05,-35.55402374267578,-0.6205347766419296,-84.83516693115234,-1.480652984427622,84.83516693115234,1.480652984427622,80.66192626953125,1.4078161944042273,91.9755859375,1.6052768060603706,0.0,0.0,True,False,0.008098036050796509,0.0,0.0,0.0,0.0,37.93781280517578,37.93781280517578,0.0,39.87047576904297,39.87047576904297,0.0,0.0,0.0,0.0,0.0,0.0
1,295,11.653866326087154,11.668215080047958,False,-34.68132019042969,-0.6053032279014587,-87.78022003173828,-1.532053828239441,88.83516693115234,1.5504661798477173,80.3956069946289,1.4031680822372437,92.57142639160156,1.6156761646270752,0.7554945054945055,0.007554945054945055,-0.6305068731307983,-0.753557562828064,0.729271411895752,1.4089993238449097,1.6028681993484497,0.00017382949590682983,-36.12538146972656,-0.6305068501856768,-83.78022003173828,-1.4622406875991412,84.83516693115234,1.480652984427622,80.7297134399414,1.4089993037184951,91.83757781982422,1.6028681100124484,0.017382949590682983,0.00017382949590682983,False,False,0.0,0.0,0.0,0.0,0.0,40.60455322265625,40.60455322265625,0.0,43.050994873046875,43.050994873046875,0.0,0.0,0.0,0.0,0.0,0.0
1,296,11.687575450050645,11.702228720998392,False,-34.68132019042969,-0.6053032279014587,-86.63735961914062,-1.5121071338653564,88.83516693115234,1.5504661798477173,80.3956069946289,1.4031680822372437,92.30769348144531,1.6110731363296509,0.7554945054945055,0.007554945054945055,-0.6399234533309937,-0.6557720899581909,0.6625006198883057,1.4089242219924927,1.6043046712875366,-0.0015225335955619812,-36.66490936279297,-0.6399233883260335,-82.63735961914062,-1.4422940105086113,84.83516693115234,1.480652984427622,80.72541046142578,1.408924202575755,91.91988372802734,1.604304619104437,0.0,0.0,True,False,0.15225335955619812,0.0,0.0,0.0,0.0,45.064388275146484,45.064388275146484,0.0,46.876678466796875,46.876678466796875,0.0,0.0,0.0,0.0,0.0,0.0
1,297,11.721470204996876,11.73599475005176,False,-35.03296661376953,-0.6114405989646912,-86.46154022216797,-1.5090385675430298,88.83516693115234,1.5504661798477173,80.3956069946289,1.4031680822372437,92.30769348144531,1.6110731363296509,0.7554945054945055,0.007554945054945055,-0.6529248356819153,-0.5755037069320679,0.565224289894104,1.4114952087402344,1.5948022603988647,-0.00025475025177001953,-37.40983581542969,-0.6529248076097458,-82.46154022216797,-1.4392253831425674,84.83516693115234,1.480652984427622,80.87271118164062,1.4114950851340629,91.37543487548828,1.5948021940189254,0.0,0.0,True,False,0.025475025177001953,0.0,0.0,0.0,0.0,49.48760986328125,49.48760986328125,0.0,52.45020294189453,52.45020294189453,0.0,0.0,0.0,0.0,0.0,0.0
1,298,11.755118412082084,11.768628905061632,False,-35.82417678833008,-0.6252498030662537,-85.4945068359375,-1.492160677909851,88.83516693115234,1.5504661798477173,80.13186645507812,1.3985649347305298,92.65933990478516,1.6172105073928833,0.7554945054945055,0.007554945054945055,-0.644560694694519,-0.49036818742752075,0.5093320608139038,1.4158859252929688,1.5944925546646118,0.00022322684526443481,-36.930606842041016,-0.6445606841531611,-81.4945068359375,-1.4223474665761358,84.83516693115234,1.480652984427622,81.12428283691406,1.4158858388232765,91.3576889038086,1.594492468384149,0.02232268452644348,0.00022322684526443481,False,False,0.0,0.0,0.0,0.0,0.0,53.39848327636719,53.39848327636719,0.0,55.652591705322266,55.652591705322266,0.0,0.0,0.0,0.0,0.0,0.0
1,299,11.788351110066287,11.802092324011028,False,-36.70329666137695,-0.6405933499336243,-84.61538696289062,-1.4768171310424805,88.83516693115234,1.5504661798477173,79.86813354492188,1.3939619064331055,92.48351287841797,1.614141821861267,0.7554945054945055,0.007554945054945055,-0.6591375470161438,-0.4333174228668213,0.4665795564651489,1.414489507675171,1.5949748754501343,-0.0002527385950088501,-37.76579666137695,-0.6591374963797099,-80.61538696289062,-1.4070039302717532,84.83516693115234,1.480652984427622,81.04427337646484,1.4144894103056935,91.38532257080078,1.5949747668575625,0.0,0.0,True,False,0.02527385950088501,0.0,0.0,0.0,0.0,55.78812789916992,55.78812789916992,0.0,58.10212707519531,58.10212707519531,0.0,0.0,0.0,0.0,0.0,0.0
1,300,11.822206248063594,11.992542357067578,False,-36.879119873046875,-0.6436620354652405,-84.0,-1.4660766124725342,88.83516693115234,1.5504661798477173,79.95604705810547,1.3954962491989136,92.21977996826172,1.6095387935638428,0.7554945054945055,0.007554945054945055,-0.6086143255233765,-1.591572642326355,1.55147385597229,1.3851052522659302,1.5955328941345215,0.0032973289489746094,-34.871028900146484,-0.6086142678656531,-88.0,-1.53588974175501,88.89289855957031,1.5514737615058267,79.36067962646484,1.3851051561021952,91.41729736328125,1.5955328322639886,0.32973289489746094,0.0032973289489746094,False,False,0.0,0.0,0.0,0.0,0.0,3.1903915405273438,3.1903915405273438,0.0,0.0,0.0,0.0,0.0,0.0,0.0,0.0,0.0
1,301,11.994128045043908,12.007946183090098,False,-37.230770111083984,-0.6497995257377625,-82.15384674072266,-1.4338550567626953,87.86813354492188,1.533588171005249,79.95604705810547,1.3954962491989136,92.04395294189453,1.606469988822937,0.7554945054945055,0.007554945054945055,-0.6137839555740356,-1.6002315282821655,1.5415323972702026,1.380873441696167,1.5996156930923462,0.0009886249899864197,-35.16722869873047,-0.6137839295946876,-86.15384674072266,-1.503668288884196,88.32329559326172,1.5415323143146153,79.11821746826172,1.3808733931300592,91.6512222290039,1.5996155913731345,0.09886249899864197,0.0009886249899864197,False,False,0.0,0.0,0.0,0.0,0.0,5.532661437988281,5.532661437988281,0.0,0.0,0.0,0.0,0.0,0.0,0.0,0.0,0.0
1,302,12.027489300002344,12.04143218905665,False,-37.93406677246094,-0.6620743870735168,-82.06593322753906,-1.4323207139968872,87.78022003173828,1.532053828239441,79.95604705810547,1.3954962491989136,91.95604705810547,1.6049357652664185,0.7554945054945055,0.007554945054945055,-0.6038004755973816,-1.624509334564209,1.5712521076202393,1.3737081289291382,1.5987194776535034,0.0008916780352592468,-34.595218658447266,-0.6038004710372804,-86.06593322753906,-1.5021339086221466,90.02610778808594,1.5712519936574092,78.70767211914062,1.3737080250591465,91.5998764038086,1.598719437666323,0.08916780352592468,0.0008916780352592468,False,False,0.0,0.0,0.0,0.0,0.0,7.011589050292969,7.011589050292969,0.0,0.0,0.0,0.0,0.0,0.0,0.0,0.0,0.0
1,303,12.061057255021296,12.0720724160783,False,-37.14285659790039,-0.6482651233673096,-82.32967376708984,-1.436923861503601,87.86813354492188,1.533588171005249,79.86813354492188,1.3939619064331055,91.95604705810547,1.6049357652664185,0.7554945054945055,0.007554945054945055,-0.6046793460845947,-1.594469666481018,1.5536543130874634,1.37713623046875,1.6051232814788818,0.00029186904430389404,-34.645572662353516,-0.6046793141970065,-86.32967376708984,-1.5067370494082941,89.01782989501953,1.5536542246483291,78.90409088134766,1.377136179172351,91.96678161621094,1.605123141665473,0.029186904430389404,0.00029186904430389404,False,False,0.0,0.0,0.0,0.0,0.0,5.026702880859375,5.026702880859375,0.0,0.0,0.0,0.0,0.0,0.0,0.0,0.0,0.0
1,304,12.094353910069913,12.106379147036932,False,-35.47252655029297,-0.6191123723983765,-83.73626708984375,-1.4614735841751099,88.83516693115234,1.5504661798477173,79.78022003173828,1.3924275636672974,91.86813354492188,1.6034014225006104,0.7554945054945055,0.007554945054945055,-0.6168644428253174,-1.5551488399505615,1.52119779586792,1.3807042837142944,1.604040265083313,0.00036491453647613525,-35.343727111816406,-0.6168644080275824,-87.73626708984375,-1.531286734126917,87.15821075439453,1.5211977478113154,79.1085205078125,1.3807041492427847,91.90473175048828,1.6040401672081923,0.036491453647613525,0.00036491453647613525,False,False,0.0,0.0,0.0,0.0,0.0,1.3671951293945312,1.3671951293945312,0.0,0.0,0.0,0.0,0.0,0.0,0.0,0.0,0.0
1,305,12.12828215106856,12.14059870201163,False,-35.38461685180664,-0.6175780892372131,-84.87911987304688,-1.4814200401306152,89.89010620117188,1.5688782930374146,79.51648712158203,1.387824535369873,91.6043930053711,1.5987982749938965,0.7554945054945055,0.007554945054945055,-0.6185344457626343,-1.5625591278076172,1.518883228302002,1.3812979459762573,1.6100430488586426,0.0002918913960456848,-35.43941116333008,-0.6185344097681438,-88.87911987304688,-1.5512332780593925,87.02559661865234,1.5188831945079275,79.14253997802734,1.381297901007818,92.24866485595703,1.6100429323052308,0.02918913960456848,0.0002918913960456848,False,False,0.0,0.0,0.0,0.0,0.0,0.6489181518554688,0.6489181518554688,0.0,0.0,0.0,0.0,0.0,0.0,0.0,0.0,0.0
1,306,12.162036654073745,12.174424318014644,False,-35.912086486816406,-0.6267841458320618,-85.14286041259766,-1.486023187637329,89.89010620117188,1.5688782930374146,79.51648712158203,1.387824535369873,91.95604705810547,1.6049357652664185,0.7554945054945055,0.007554945054945055,-0.6160170435905457,-1.5737041234970093,1.5277211666107178,1.383135199546814,1.6084991693496704,0.0006402209401130676,-35.29517364501953,-0.6160169901687191,-89.14286041259766,-1.55583641884554,87.53196716308594,1.52772102774341,79.247802734375,1.383135082685809,92.16020965576172,1.6084990978213118,0.06402209401130676,0.0006402209401130676,False,False,0.0,0.0,0.0,0.0,0.0,1.02374267578125,1.02374267578125,0.0,0.0,0.0,0.0,0.0,0.0,0.0,0.0,0.0
1,307,12.19565742101986,12.210601060069166,False,-35.736263275146484,-0.6237154603004456,-86.54945373535156,-1.510572910308838,89.89010620117188,1.5688782930374146,79.51648712158203,1.387824535369873,91.86813354492188,1.6034014225006104,0.7554945054945055,0.007554945054945055,-0.6295000314712524,-1.5552029609680176,1.5024151802062988,1.3846465349197388,1.605560064315796,0.0019489824771881104,-36.067691802978516,-0.629499975556545,-89.10655975341797,-1.5552028528222102,86.08204650878906,1.502415138433259,79.33439636230469,1.384646426604429,91.99181365966797,1.6055600332423003,0.19489824771881104,0.0019489824771881104,False,False,0.0,0.0,0.0,0.0,0.0,0.0,0.0,0.0,0.0,0.0,0.0,0.0,0.0,0.0,0.0,0.0
1,308,12.22953435103409,12.242072461987846,False,-35.29670333862305,-0.6160436868667603,-87.69230651855469,-1.5305194854736328,89.89010620117188,1.5688782930374146,79.51648712158203,1.387824535369873,91.51648712158203,1.597264051437378,0.7554945054945055,0.007554945054945055,-0.6102273464202881,-1.5659517049789429,1.4912327527999878,1.3889861106872559,1.6007407903671265,0.0006542354822158813,-34.96345138549805,-0.6102273445379142,-89.72241973876953,-1.565951637297879,85.89010620117188,1.4990651480980484,79.58303833007812,1.3889860476007132,91.71568298339844,1.6007406437756386,0.06542354822158813,0.0006542354822158813,False,False,0.0,0.0,0.0,0.0,0.0,0.0,0.0,0.0,0.44876861572265625,0.44876861572265625,0.0,0.0,0.0,0.0,0.0,0.0
1,309,12.262568110018037,12.274910034029745,False,-35.56044006347656,-0.6206467747688293,-88.48351287841797,-1.5443285703659058,89.89010620117188,1.5688782930374146,79.51648712158203,1.387824535369873,91.51648712158203,1.597264051437378,0.7554945054945055,0.007554945054945055,-0.6081076264381409,-1.5977932214736938,1.5183113813400269,1.3860645294189453,1.5991920232772827,0.0011261552572250366,-34.84199905395508,-0.6081076014682656,-91.54680633544922,-1.5977931902391933,86.99282836914062,1.518311280663833,79.41564178466797,1.3860644267268416,91.62694549560547,1.599191882443703,0.11261552572250366,0.0011261552572250366,False,False,0.0,0.0,0.0,0.0,0.0,0.0,0.0,0.0,0.0,0.0,0.0,0.0,0.0,0.0,0.0,0.0
1,310,12.296206739032641,12.309501103009097,False,-36.0,-0.6283185482025146,-88.48351287841797,-1.5443285703659058,89.62637329101562,1.5642752647399902,79.51648712158203,1.387824535369873,91.6043930053711,1.5987982749938965,0.7554945054945055,0.007554945054945055,-0.5976576805114746,-1.615525484085083,1.5237480401992798,1.38652765750885,1.597510814666748,0.001303255558013916,-34.24325942993164,-0.5976576236669037,-92.48351287841797,-1.6141418035389719,87.30432891845703,1.5237479908711753,79.44217681884766,1.3865275504404064,91.53062438964844,1.5975107620055904,0.1303255558013916,0.001303255558013916,False,False,0.0,0.0,0.0,0.0,0.0,0.07927703857421875,0.07927703857421875,0.0,0.0,0.0,0.0,0.0,0.0,0.0,0.0,0.0
1,311,12.329584778053686,12.341875782003626,False,-35.38461685180664,-0.6175780892372131,-88.74725341796875,-1.5489317178726196,89.53845977783203,1.5627409219741821,79.51648712158203,1.387824535369873,91.86813354492188,1.6034014225006104,0.7554945054945055,0.007554945054945055,-0.6012842059135437,-1.6259223222732544,1.5159950256347656,1.390839695930481,1.6030884981155396,0.0005196928977966309,-34.451045989990234,-0.601284183281319,-92.74725341796875,-1.6187449443251192,86.86011505126953,1.5159949963057366,79.68923950195312,1.3908396077194083,91.8501968383789,1.6030883534345979,0.051969289779663086,0.0005196928977966309,False,False,0.0,0.0,0.0,0.0,0.0,0.41123199462890625,0.41123199462890625,0.0,0.0,0.0,0.0,0.0,0.0,0.0,0.0,0.0
1,312,12.363795299082994,12.376012456021272,False,-34.593406677246094,-0.6037688255310059,-90.06593322753906,-1.5719470977783203,89.53845977783203,1.5627409219741821,79.51648712158203,1.387824535369873,91.51648712158203,1.597264051437378,0.7554945054945055,0.007554945054945055,-0.6043571829795837,-1.6064376831054688,1.530596137046814,1.3873090744018555,1.596489429473877,0.0017069652676582336,-34.627113342285156,-0.6043571382841342,-92.0420913696289,-1.6064375448214816,87.69669342041016,1.530596043298205,79.48695373535156,1.3873090550622902,91.47209930419922,1.5964893065694905,0.17069652676582336,0.0017069652676582336,False,False,0.0,0.0,0.0,0.0,0.0,0.0,0.0,0.0,0.0,0.0,0.0,0.0,0.0,0.0,0.0,0.0
1,313,12.397031771019101,12.41053264203947,False,-34.68132019042969,-0.6053032279014587,-91.47252655029297,-1.5964967012405396,89.53845977783203,1.5627409219741821,79.51648712158203,1.387824535369873,91.51648712158203,1.597264051437378,0.7554945054945055,0.007554945054945055,-0.614441454410553,-1.5899900197982788,1.5204626321792603,1.3871543407440186,1.5982577800750732,0.0012041032314300537,-35.204898834228516,-0.614441397488801,-91.09971618652344,-1.5899899950872067,87.1160888671875,1.520462582192399,79.47808837890625,1.3871543254029566,91.57341766357422,1.598257645533303,0.12041032314300537,0.0012041032314300537,False,False,0.0,0.0,0.0,0.0,0.0,0.0,0.0,0.0,0.0,0.0,0.0,0.0,0.0,0.0,0.0,0.0
1,314,12.430293778073974,12.441356011084281,False,-35.20878982543945,-0.6145092844963074,-91.9120864868164,-1.6041685342788696,89.53845977783203,1.5627409219741821,79.51648712158203,1.387824535369873,91.86813354492188,1.6034014225006104,0.7554945054945055,0.007554945054945055,-0.6159581542015076,-1.5780432224273682,1.503093957901001,1.386344313621521,1.5973551273345947,0.0008868426084518433,-35.29180145263672,-0.6159581343086283,-90.41521453857422,-1.5780431875951657,86.12093353271484,1.5030938450370657,79.43167114257812,1.3863441917993544,91.5217056274414,1.5973551002398754,0.08868426084518433,0.0008868426084518433,False,False,0.0,0.0,0.0,0.0,0.0,0.0,0.0,0.0,0.0,0.0,0.0,0.0,0.0,0.0,0.0,0.0
1,315,12.463750475086272,12.478044728050008,False,-35.20878982543945,-0.6145092844963074,-91.82417297363281,-1.6026341915130615,89.53845977783203,1.5627409219741821,79.51648712158203,1.387824535369873,91.86813354492188,1.6034014225006104,0.7554945054945055,0.007554945054945055,-0.6064512729644775,-1.582663655281067,1.481248378753662,1.3878718614578247,1.6017606258392334,0.00019221007823944092,-34.74709701538086,-0.6064512484282908,-90.67993927001953,-1.5826635057703442,85.53845977783203,1.4929277602079063,79.51919555664062,1.387871781000624,91.77411651611328,1.6017605013150844,0.019221007823944092,0.00019221007823944092,False,False,0.0,0.0,0.0,0.0,0.0,0.0,0.0,0.0,0.6691818237304688,0.6691818237304688,0.0,0.0,0.0,0.0,0.0,0.0
1,316,12.49721345398575,12.51034548098687,False,-34.85714340209961,-0.608371913433075,-90.94505310058594,-1.587290644645691,89.53845977783203,1.5627409219741821,79.51648712158203,1.387824535369873,91.51648712158203,1.597264051437378,0.7554945054945055,0.007554945054945055,-0.6165090799331665,-1.475847840309143,1.34659743309021,1.3904774188995361,1.601043701171875,0.0003780946135520935,-35.323368072509766,-0.6165090757591385,-86.94505310058594,-1.5174774449265291,85.53845977783203,1.4929277602079063,79.6684799194336,1.390477284653103,91.73303985595703,1.601043578349635,0.03780946135520935,0.0003780946135520935,False,False,0.0,0.0,0.0,0.0,0.0,2.3852081298828125,2.3852081298828125,0.0,8.384117126464844,8.384117126464844,0.0,0.0,0.0,0.0,0.0,0.0
1,317,12.53102341806516,12.545379279996268,False,-34.68132019042969,-0.6053032279014587,-90.68132019042969,-1.5826876163482666,89.53845977783203,1.5627409219741821,79.51648712158203,1.387824535369873,91.51648712158203,1.597264051437378,0.7554945054945055,0.007554945054945055,-0.6277075409889221,-1.2972561120986938,1.1997268199920654,1.3931630849838257,1.5923792123794556,0.001121431589126587,-35.96499252319336,-0.6277075349848672,-86.68132019042969,-1.5128744372984362,85.53845977783203,1.4929277602079063,79.82235717773438,1.3931629494543933,91.23660278320312,1.5923791169011168,0.11214315891265869,0.001121431589126587,False,False,0.0,0.0,0.0,0.0,0.0,12.354026794433594,12.354026794433594,0.0,16.799179077148438,16.799179077148438,0.0,0.0,0.0,0.0,0.0,0.0
1,318,12.564148898003623,12.575161696993746,False,-34.85714340209961,-0.608371913433075,-90.68132019042969,-1.5826876163482666,89.53845977783203,1.5627409219741821,79.51648712158203,1.387824535369873,91.51648712158203,1.597264051437378,0.7554945054945055,0.007554945054945055,-0.6238576769828796,-1.1682844161987305,1.0764280557632446,1.403520107269287,1.5952773094177246,0.0011672526597976685,-35.74441146850586,-0.6238576693130486,-86.68132019042969,-1.5128744372984362,85.53845977783203,1.4929277602079063,80.415771484375,1.4035199829337115,91.40264892578125,1.595277168799341,0.11672526597976685,0.0011672526597976685,False,False,0.0,0.0,0.0,0.0,0.0,19.743560791015625,19.743560791015625,0.0,23.863677978515625,23.863677978515625,0.0,0.0,0.0,0.0,0.0,0.0
1,319,12.597699898062274,12.609325618017465,False,-35.29670333862305,-0.6160436868667603,-89.89010620117188,-1.5688782930374146,89.53845977783203,1.5627409219741821,79.51648712158203,1.387824535369873,91.51648712158203,1.597264051437378,0.7554945054945055,0.007554945054945055,-0.6319964528083801,-1.1376185417175293,1.0058144330978394,1.405765414237976,1.595758080482483,0.0016004964709281921,-36.21072769165039,-0.6319964227623853,-85.89010620117188,-1.4990651480980484,85.53845977783203,1.4929277602079063,80.54441833496094,1.4057652940487573,91.4301986694336,1.595758002534155,0.1600496470928192,0.0016004964709281921,False,False,0.0,0.0,0.0,0.0,0.0,20.709365844726562,20.709365844726562,0.0,27.909542083740234,27.909542083740234,0.0,0.0,0.0,0.0,0.0,0.0
1,320,12.630986177013256,12.644094438059255,False,-35.64834976196289,-0.6221810579299927,-88.57142639160156,-1.5458630323410034,89.53845977783203,1.5627409219741821,79.69230651855469,1.3908931016921997,91.51648712158203,1.597264051437378,0.7554945054945055,0.007554945054945055,-0.6582241654396057,-1.0760040283203125,0.9395396709442139,1.405652403831482,1.5919655561447144,0.003186523914337158,-37.713462829589844,-0.6582240987048399,-84.57142639160156,-1.4760498436414746,85.53845977783203,1.4929277602079063,80.53794860839844,1.405652376018538,91.21290588378906,1.5919655279838274,0.3186523914337158,0.003186523914337158,False,False,0.0,0.0,0.0,0.0,0.0,22.920940399169922,22.920940399169922,0.0,31.706806182861328,31.706806182861328,0.0,0.0,0.0,0.0,0.0,0.0
1,321,12.66447624808643,12.675636428059079,False,-35.736263275146484,-0.6237154603004456,-87.16483306884766,-1.5213133096694946,89.53845977783203,1.5627409219741821,79.95604705810547,1.3954962491989136,91.51648712158203,1.597264051437378,0.7554945054945055,0.007554945054945055,-0.6601091027259827,-0.9942055940628052,0.9054937362670898,1.4035720825195312,1.592052698135376,0.003621324896812439,-37.82146453857422,-0.6601090841243981,-83.16483306884766,-1.4515001589228516,85.53845977783203,1.4929277602079063,80.41875457763672,1.4035720477330227,91.2178955078125,1.592052613351473,0.3621324896812439,0.003621324896812439,False,False,0.0,0.0,0.0,0.0,0.0,26.2010498046875,26.2010498046875,0.0,33.657493591308594,33.657493591308594,0.0,0.0,0.0,0.0,0.0,0.0
1,322,12.697957796044648,12.709770155022852,False,-35.82417678833008,-0.6252498030662537,-87.07691955566406,-1.5197789669036865,89.53845977783203,1.5627409219741821,80.04395294189453,1.3970304727554321,91.86813354492188,1.6034014225006104,0.7554945054945055,0.007554945054945055,-0.6656776070594788,-0.9500199556350708,0.8904069662094116,1.3997106552124023,1.59065842628479,0.004280120134353638,-38.1405143737793,-0.665677554226672,-83.07691955566406,-1.4499657786608025,85.53845977783203,1.4929277602079063,80.197509765625,1.3997105973104622,91.13800811767578,1.590658315362762,0.42801201343536377,0.004280120134353638,False,False,0.0,0.0,0.0,0.0,0.0,28.644786834716797,28.644786834716797,0.0,34.52190017700195,34.52190017700195,0.0,0.0,0.0,0.0,0.0,0.0
1,323,12.73184298502747,12.74355178407859,False,-36.70329666137695,-0.6405933499336243,-86.02198028564453,-1.5013667345046997,89.45054626464844,1.561206579208374,79.86813354492188,1.3939619064331055,91.34066009521484,1.5941952466964722,0.7554945054945055,0.007554945054945055,-0.6716514229774475,-0.8722296953201294,0.8396544456481934,1.39853036403656,1.5986049175262451,0.003893136978149414,-38.4827880859375,-0.6716513574468559,-82.02198028564453,-1.431553614990376,85.45054626464844,1.4913933799458572,80.1298828125,1.398530284315339,91.59330749511719,1.598604788581395,0.3893136978149414,0.003893136978149414,False,False,0.0,0.0,0.0,0.0,0.0,32.04690170288086,32.04690170288086,0.0,37.34189224243164,37.34189224243164,0.0,0.0,0.0,0.0,0.0,0.0
1,324,12.764971693046391,12.778178431093693,False,-37.846153259277344,-0.660539984703064,-85.05494689941406,-1.484488844871521,89.45054626464844,1.561206579208374,79.51648712158203,1.387824535369873,91.78022003173828,1.6018669605255127,0.7554945054945055,0.007554945054945055,-0.644896388053894,-0.8910843133926392,0.820777177810669,1.4002431631088257,1.5924867391586304,0.00400986522436142,-36.9498405456543,-0.6448963756085656,-81.05494689941406,-1.4146756984239444,85.45054626464844,1.4913933799458572,80.22801971435547,1.4002430963704235,91.24276733398438,1.5924867086091559,0.40098652243614197,0.00400986522436142,False,False,0.0,0.0,0.0,0.0,0.0,29.99958038330078,29.99958038330078,0.0,38.42348098754883,38.42348098754883,0.0,0.0,0.0,0.0,0.0,0.0
1,325,12.798644711030647,12.813248518039472,False,-37.846153259277344,-0.660539984703064,-84.43955993652344,-1.4737483263015747,89.36264038085938,1.559672236442566,79.51648712158203,1.387824535369873,91.78022003173828,1.6018669605255127,0.7554945054945055,0.007554945054945055,-0.6500251889228821,-0.8282971382141113,0.7950104475021362,1.3977950811386108,1.5893930196762085,0.0037796199321746826,-37.24369812011719,-0.6500251578148675,-80.43955993652344,-1.403935169747655,85.36264038085938,1.4898591328418624,80.08775329589844,1.3977949855383682,91.06550598144531,1.589392914370811,0.37796199321746826,0.0037796199321746826,False,False,0.0,0.0,0.0,0.0,0.0,32.981632232666016,32.981632232666016,0.0,39.8119010925293,39.8119010925293,0.0,0.0,0.0,0.0,0.0,0.0
1,326,12.832191933994181,12.843789434060454,False,-37.406593322753906,-0.6528682112693787,-83.56044006347656,-1.458404779434204,89.0988998413086,1.5550692081451416,79.51648712158203,1.387824535369873,91.78022003173828,1.6018669605255127,0.7554945054945055,0.007554945054945055,-0.6492510437965393,-0.8368254899978638,0.8158528804779053,1.4023090600967407,1.5880368947982788,0.004345834255218506,-37.1993408203125,-0.6492509768859814,-79.56044006347656,-1.3885916334432724,85.0988998413086,1.485255992055715,80.34638977050781,1.4023090435860526,90.98780822753906,1.5880368327437426,0.4345834255218506,0.004345834255218506,False,False,0.0,0.0,0.0,0.0,0.0,31.613872528076172,31.613872528076172,0.0,38.35397720336914,38.35397720336914,0.0,0.0,0.0,0.0,0.0,0.0
1,327,12.86557664105203,12.876652032020502,False,-37.31867980957031,-0.6513338088989258,-82.85713958740234,-1.4461299180984497,88.83516693115234,1.5504661798477173,79.51648712158203,1.387824535369873,91.78022003173828,1.6018669605255127,0.7554945054945055,0.007554945054945055,-0.6656717658042908,-0.7507331371307373,0.7511612772941589,1.3982797861099243,1.5837072134017944,0.0029811039566993713,-38.14018249511719,-0.6656717618513011,-78.85713958740234,-1.3763167245049337,84.83516693115234,1.480652984427622,80.11552429199219,1.3982796808567626,90.73973083496094,1.5837070654434917,0.29811039566993713,0.0029811039566993713,False,False,0.0,0.0,0.0,0.0,0.0,35.843299865722656,35.843299865722656,0.0,41.79679870605469,41.79679870605469,0.0,0.0,0.0,0.0,0.0,0.0
1,328,12.898965795058757,12.9097914500162,False,-37.31867980957031,-0.6513338088989258,-82.06593322753906,-1.4323207139968872,88.3956069946289,1.5427943468093872,79.42857360839844,1.3862900733947754,91.78022003173828,1.6018669605255127,0.7554945054945055,0.007554945054945055,-0.6552677750587463,-0.714515745639801,0.720025897026062,1.4032191038131714,1.583742618560791,0.0023853033781051636,-37.54407501220703,-0.655267723578743,-78.06593322753906,-1.3625075684626002,84.3956069946289,1.4729812162754308,80.39852905273438,1.4032190457305327,90.74176025390625,1.5837424854859898,0.23853033781051636,0.0023853033781051636,False,False,0.0,0.0,0.0,0.0,0.0,37.127197265625,37.127197265625,0.0,43.14116287231445,43.14116287231445,0.0,0.0,0.0,0.0,0.0,0.0
1,329,12.93243822909426,12.94562748807948,False,-37.4945068359375,-0.6544026136398315,-81.36264038085938,-1.4200459718704224,88.21977996826172,1.539725661277771,79.42857360839844,1.3862900733947754,91.78022003173828,1.6018669605255127,0.7554945054945055,0.007554945054945055,-0.6416935324668884,-0.651038408279419,0.6711492538452148,1.4052526950836182,1.5891621112823486,0.0018519684672355652,-36.76633071899414,-0.6416935249235819,-77.36264038085938,-1.350232792682316,84.21977996826172,1.4699124557513326,80.51504516601562,1.405252635538917,91.05227661132812,1.589162018304301,0.18519684672355652,0.0018519684672355652,False,False,0.0,0.0,0.0,0.0,0.0,40.060890197753906,40.060890197753906,0.0,45.76576232910156,45.76576232910156,0.0,0.0,0.0,0.0,0.0,0.0
1,330,12.966066127992235,13.137216940056533,False,-37.758243560791016,-0.6590056419372559,-80.65933990478516,-1.4077709913253784,87.78022003173828,1.532053828239441,79.42857360839844,1.3862900733947754,91.78022003173828,1.6018669605255127,0.7554945054945055,0.007554945054945055,-0.6227843761444092,-1.5766873359680176,1.5514025688171387,1.3757380247116089,1.592867374420166,-0.0008933022618293762,-35.68291473388672,-0.6227843488147194,-84.65933990478516,-1.4775842239035237,88.8888168334961,1.5514025219466672,78.823974609375,1.375737886442005,91.26457214355469,1.5928672743289283,0.0,0.0,True,False,0.08933022618293762,0.0,0.0,0.0,0.0,5.678184509277344,5.678184509277344,0.0,0.0,0.0,0.0,0.0,0.0,0.0,0.0,0.0
1,331,13.13867142808158,13.15097350301221,False,-37.14285659790039,-0.6482651233673096,-78.989013671875,-1.3786183595657349,87.25274658203125,1.5228476524353027,79.42857360839844,1.3862900733947754,91.78022003173828,1.6018669605255127,0.7554945054945055,0.007554945054945055,-0.6361078023910522,-1.5531234741210938,1.5230716466903687,1.381131649017334,1.5861588716506958,-8.42660665512085e-06,-36.4462890625,-0.6361077442742223,-82.989013671875,-1.448431531556808,87.26557159423828,1.5230715479542951,79.13301086425781,1.3811315865977425,90.88020324707031,1.5861587715430188,0.0,0.0,True,False,0.000842660665512085,0.0,0.0,0.0,0.0,5.9983978271484375,5.9983978271484375,0.0,0.0,0.0,0.0,0.0,0.0,0.0,0.0,0.0
1,332,13.172041645040736,13.184030345059,False,-36.70329666137695,-0.6405933499336243,-78.989013671875,-1.3786183595657349,87.25274658203125,1.5228476524353027,79.42857360839844,1.3862900733947754,91.78022003173828,1.6018669605255127,0.7554945054945055,0.007554945054945055,-0.6293084621429443,-1.5765414237976074,1.544616460800171,1.3810505867004395,1.5858957767486572,-0.0013253390789031982,-36.05671691894531,-0.6293084276951411,-82.989013671875,-1.448431531556808,88.5,1.5446163880149817,79.12836456298828,1.3810504933425496,90.86512756347656,1.5858956512273188,0.0,0.0,True,False,0.13253390789031982,0.0,0.0,0.0,0.0,7.34014892578125,7.34014892578125,0.0,0.0,0.0,0.0,0.0,0.0,0.0,0.0,0.0
1,333,13.20593290508259,13.219582908088341,False,-36.61538314819336,-0.6390590071678162,-79.34066009521484,-1.3847557306289673,87.25274658203125,1.5228476524353027,79.16483306884766,1.3816869258880615,91.78022003173828,1.6018669605255127,0.7554945054945055,0.007554945054945055,-0.634982705116272,-1.581260085105896,1.534932017326355,1.3817795515060425,1.5805511474609375,-0.0018374994397163391,-36.38182830810547,-0.6349826918717184,-83.34066009521484,-1.45456891944695,87.94512176513672,1.534931935868963,79.17013549804688,1.3817795336909586,90.55890655517578,1.5805510863936933,0.0,0.0,True,False,0.1837499439716339,0.0,0.0,0.0,0.0,7.2588653564453125,7.2588653564453125,0.0,0.0,0.0,0.0,0.0,0.0,0.0,0.0,0.0
1,334,13.23934208904393,13.251663303002715,False,-36.61538314819336,-0.6390590071678162,-80.57142639160156,-1.4062366485595703,87.95604705810547,1.5351226329803467,79.16483306884766,1.3816869258880615,91.78022003173828,1.6018669605255127,0.7554945054945055,0.007554945054945055,-0.6196346879005432,-1.6079893112182617,1.551059603691101,1.3765674829483032,1.5769248008728027,-0.0021996647119522095,-35.50244903564453,-0.6196346281934828,-84.57142639160156,-1.4760498436414746,88.8691635131836,1.5510595067982649,78.87150573730469,1.3765674611215646,90.35112762451172,1.5769246599373323,0.0,0.0,True,False,0.21996647119522095,0.0,0.0,0.0,0.0,7.5595703125,7.5595703125,0.0,0.0,0.0,0.0,0.0,0.0,0.0,0.0,0.0
1,335,13.272710744058713,13.28669872903265,False,-36.70329666137695,-0.6405933499336243,-81.80220031738281,-1.427717685699463,88.3956069946289,1.5427943468093872,79.16483306884766,1.3816869258880615,91.78022003173828,1.6018669605255127,0.7554945054945055,0.007554945054945055,-0.6185544729232788,-1.6097313165664673,1.556882619857788,1.3763996362686157,1.5813920497894287,-0.0032048895955085754,-35.44055938720703,-0.6185544500553466,-85.80220031738281,-1.4975309009940536,89.20279693603516,1.556882508521723,78.86188507080078,1.376399548814835,90.60708618164062,1.581391979507886,0.0,0.0,True,False,0.32048895955085754,0.0,0.0,0.0,0.0,6.4286041259765625,6.4286041259765625,0.0,0.0,0.0,0.0,0.0,0.0,0.0,0.0,0.0
1,336,13.306352112093009,13.319508688990027,False,-36.70329666137695,-0.6405933499336243,-82.68132019042969,-1.4430612325668335,88.48351287841797,1.5443285703659058,79.42857360839844,1.3862900733947754,91.42857360839844,1.5957295894622803,0.7554945054945055,0.007554945054945055,-0.6292365789413452,-1.5959781408309937,1.5130847692489624,1.37881338596344,1.584025502204895,-0.0011980459094047546,-36.05259704589844,-0.6292365223457089,-86.68132019042969,-1.5128744372984362,86.69336700439453,1.513084693866498,79.00018310546875,1.3788133048688285,90.75797271728516,1.5840254463518106,0.0,0.0,True,False,0.11980459094047546,0.0,0.0,0.0,0.0,4.7614898681640625,4.7614898681640625,0.0,0.0,0.0,0.0,0.0,0.0,0.0,0.0,0.0
1,337,13.339927637018263,13.351824059034698,False,-35.912086486816406,-0.6267841458320618,-83.73626708984375,-1.4614735841751099,89.010986328125,1.553534746170044,79.6043930053711,1.3893587589263916,91.25274658203125,1.592660903930664,0.7554945054945055,0.007554945054945055,-0.6094691753387451,-1.6094642877578735,1.543778419494629,1.3766483068466187,1.581813931465149,-0.0012417808175086975,-34.92000961303711,-0.6094691425755685,-87.73626708984375,-1.531286734126917,88.45198059082031,1.5437782912199338,78.87613677978516,1.3766482880606485,90.63125610351562,1.5818138242245543,0.0,0.0,True,False,0.12417808175086975,0.0,0.0,0.0,0.0,4.479240417480469,4.479240417480469,0.0,0.0,0.0,0.0,0.0,0.0,0.0,0.0,0.0
1,338,13.373461956041865,13.38720427104272,False,-35.64834976196289,-0.6221810579299927,-84.43955993652344,-1.4737483263015747,89.18681335449219,1.5566035509109497,79.6043930053711,1.3893587589263916,90.989013671875,1.5880578756332397,0.7554945054945055,0.007554945054945055,-0.6102065443992615,-1.6132501363754272,1.5531202554702759,1.376530408859253,1.5831712484359741,-0.0021585077047348022,-34.962257385253906,-0.6102065053023843,-88.43955993652344,-1.5435615099072013,88.98722839355469,1.5531201276917137,78.86937713623047,1.376530310024358,90.70902252197266,1.5831711042741132,0.0,0.0,True,False,0.21585077047348022,0.0,0.0,0.0,0.0,3.99285888671875,3.99285888671875,0.0,0.0,0.0,0.0,0.0,0.0,0.0,0.0,0.0
1,339,13.406852691085078,13.4179300860269,False,-36.087913513183594,-0.6298528909683228,-85.05494689941406,-1.484488844871521,89.18681335449219,1.5566035509109497,79.78022003173828,1.3924275636672974,90.9011001586914,1.5865235328674316,0.7554945054945055,0.007554945054945055,-0.6115148067474365,-1.6128066778182983,1.5414868593215942,1.3798466920852661,1.5846281051635742,-0.0020927786827087402,-35.03721618652344,-0.6115147831878857,-89.05494689941406,-1.554302038583491,88.32068634033203,1.541486774259975,79.05938720703125,1.379846611371779,90.79249572753906,1.5846279865484412,0.0,0.0,True,False,0.20927786827087402,0.0,0.0,0.0,0.0,3.3520660400390625,3.3520660400390625,0.0,0.0,0.0,0.0,0.0,0.0,0.0,0.0,0.0
1,340,13.440395447076298,13.451557317050174,False,-35.736263275146484,-0.6237154603004456,-86.37362670898438,-1.5075041055679321,89.27472686767578,1.5581378936767578,79.78022003173828,1.3924275636672974,91.25274658203125,1.592660903930664,0.7554945054945055,0.007554945054945055,-0.6290007829666138,-1.5924824476242065,1.5167967081069946,1.3785632848739624,1.5841727256774902,-0.0035361573100090027,-36.03908920288086,-0.6290007660102097,-90.37362670898438,-1.5773173430400647,86.90604400634766,1.5167966077938504,78.98585510253906,1.37856323404247,90.76640319824219,1.5841725860020375,0.0,0.0,True,False,0.35361573100090027,0.0,0.0,0.0,0.0,0.8688888549804688,0.8688888549804688,0.0,0.0,0.0,0.0,0.0,0.0,0.0,0.0,0.0
1,341,13.474165608058684,13.486478582024574,False,-35.03296661376953,-0.6114405989646912,-87.6043930053711,-1.5289851427078247,89.62637329101562,1.5642752647399902,79.78022003173828,1.3924275636672974,90.72527313232422,1.5834547281265259,0.7554945054945055,0.007554945054945055,-0.618200957775116,-1.606685757637024,1.5169333219528198,1.3814584016799927,1.5893685817718506,-0.0019255578517913818,-35.42030334472656,-0.6182009154206386,-91.6043930053711,-1.5987982672345893,86.91387176513672,1.5169332279577714,79.1517333984375,1.3814583564634952,91.0641098022461,1.5893685464468368,0.0,0.0,True,False,0.19255578517913818,0.0,0.0,0.0,0.0,0.45191192626953125,0.45191192626953125,0.0,0.0,0.0,0.0,0.0,0.0,0.0,0.0,0.0
1,342,13.507022370002232,13.517942031030543,False,-35.56044006347656,-0.6206467747688293,-87.95604705810547,-1.5351226329803467,89.71428680419922,1.565809726715088,79.78022003173828,1.3924275636672974,90.81318664550781,1.584989070892334,0.7554945054945055,0.007554945054945055,-0.6055963039398193,-1.6146605014801025,1.5153019428253174,1.382295846939087,1.586281657218933,-0.00161685049533844,-34.6981086730957,-0.6055962405603208,-91.95604705810547,-1.604935788282786,86.82040405273438,1.5153019086320434,79.19971466064453,1.3822957874682706,90.88723754882812,1.5862815432692714,0.0,0.0,True,False,0.161685049533844,0.0,0.0,0.0,0.0,0.5571823120117188,0.5571823120117188,0.0,0.0,0.0,0.0,0.0,0.0,0.0,0.0,0.0
1,343,13.540475293062627,13.551358964992687,False,-36.087913513183594,-0.6298528909683228,-88.83516693115234,-1.5504661798477173,89.62637329101562,1.5642752647399902,79.78022003173828,1.3924275636672974,91.07691955566406,1.5895920991897583,0.7554945054945055,0.007554945054945055,-0.6131632328033447,-1.6098949909210205,1.5061924457550049,1.3877242803573608,1.5890215635299683,-0.0013806596398353577,-35.13166427612305,-0.6131632133236175,-92.24018096923828,-1.6098948605486225,86.2984619140625,1.5061922998073185,79.5107421875,1.3877242418762337,91.04422760009766,1.5890215365567995,0.0,0.0,True,False,0.13806596398353577,0.0,0.0,0.0,0.0,0.0,0.0,0.0,0.0,0.0,0.0,0.0,0.0,0.0,0.0,0.0
1,344,13.573971525998786,13.585227626026608,False,-35.20878982543945,-0.6145092844963074,-90.06593322753906,-1.5719470977783203,89.62637329101562,1.5642752647399902,79.78022003173828,1.3924275636672974,91.16483306884766,1.5911264419555664,0.7554945054945055,0.007554945054945055,-0.6146828532218933,-1.6153534650802612,1.5100594758987427,1.3847315311431885,1.5862160921096802,-0.001508474349975586,-35.21873092651367,-0.6146828130416166,-92.55293273925781,-1.6153534086769032,86.52002716064453,1.510059342868168,79.33927154541016,1.384731514601257,90.88348388671875,1.5862160295064553,0.0,0.0,True,False,0.1508474349975586,0.0,0.0,0.0,0.0,0.0,0.0,0.0,0.0,0.0,0.0,0.0,0.0,0.0,0.0,0.0
1,345,13.607944621006027,13.61991312308237,False,-34.769229888916016,-0.6068375110626221,-91.47252655029297,-1.5964967012405396,89.62637329101562,1.5642752647399902,79.78022003173828,1.3924275636672974,90.81318664550781,1.584989070892334,0.7554945054945055,0.007554945054945055,-0.6236794590950012,-1.588101863861084,1.5030720233917236,1.383948564529419,1.592233657836914,-0.0014992058277130127,-35.73419952392578,-0.6236794372570951,-90.99153137207031,-1.5881018138743406,86.11968231201172,1.503072007116127,79.2944107055664,1.3839485452407738,91.22826385498047,1.5922335751475438,0.0,0.0,True,False,0.14992058277130127,0.0,0.0,0.0,0.0,0.0,0.0,0.0,0.0,0.0,0.0,0.0,0.0,0.0,0.0,0.0
1,346,13.641512554022484,13.65357889002189,False,-35.64834976196289,-0.6221810579299927,-91.64835357666016,-1.5995655059814453,89.62637329101562,1.5642752647399902,79.78022003173828,1.3924275636672974,90.9011001586914,1.5865235328674316,0.7554945054945055,0.007554945054945055,-0.6224444508552551,-1.5889251232147217,1.517561912536621,1.383035659790039,1.583001732826233,-0.0006139501929283142,-35.66343688964844,-0.6224443963015709,-91.0386962890625,-1.588924996967284,86.94989013671875,1.5175618671330846,79.24210357666016,1.3830356136190947,90.69931030273438,1.5830015940707298,0.0,0.0,True,False,0.06139501929283142,0.0,0.0,0.0,0.0,0.0,0.0,0.0,0.0,0.0,0.0,0.0,0.0,0.0,0.0,0.0
1,347,13.675154702039436,13.686346155009232,False,-35.56044006347656,-0.6206467747688293,-91.73626708984375,-1.6010998487472534,89.53845977783203,1.5627409219741821,79.78022003173828,1.3924275636672974,91.25274658203125,1.592660903930664,0.7554945054945055,0.007554945054945055,-0.6226896047592163,-1.599765419960022,1.5111850500106812,1.3799631595611572,1.5863796472549438,-0.0015437155961990356,-35.67748260498047,-0.6226895402799126,-91.65980529785156,-1.5997653941844516,86.58451843261719,1.51118492790289,79.0660629272461,1.3799631246694701,90.89285278320312,1.5863795475973863,0.0,0.0,True,False,0.15437155961990356,0.0,0.0,0.0,0.0,0.0,0.0,0.0,0.0,0.0,0.0,0.0,0.0,0.0,0.0,0.0
1,348,13.70857054006774,13.72229377005715,False,-35.03296661376953,-0.6114405989646912,-91.38461303710938,-1.5949623584747314,89.53845977783203,1.5627409219741821,79.78022003173828,1.3924275636672974,90.72527313232422,1.5834547281265259,0.7554945054945055,0.007554945054945055,-0.6235684156417847,-1.5800496339797974,1.4716731309890747,1.382183313369751,1.590517520904541,-0.0005429759621620178,-35.72783660888672,-0.6235683834396388,-90.5301742553711,-1.5800496131604314,85.53845977783203,1.4929277602079063,79.19326782226562,1.3821832689122147,91.12993621826172,1.5905174341410968,0.0,0.0,True,False,0.05429759621620178,0.0,0.0,0.0,0.0,0.0,0.0,0.0,1.217803955078125,1.217803955078125,0.0,0.0,0.0,0.0,0.0,0.0
1,349,13.742208519019186,13.755628344020806,False,-35.20878982543945,-0.6145092844963074,-91.12088012695312,-1.5903593301773071,89.53845977783203,1.5627409219741821,79.78022003173828,1.3924275636672974,90.81318664550781,1.584989070892334,0.7554945054945055,0.007554945054945055,-0.6075931191444397,-1.611732840538025,1.4882864952087402,1.3810813426971436,1.5867905616760254,-0.0010701566934585571,-34.81251907348633,-0.6075930787456623,-92.3454818725586,-1.6117327080168862,85.53845977783203,1.4929277602079063,79.130126953125,1.38108125285314,90.91639709472656,1.5867904733535856,0.0,0.0,True,False,0.10701566934585571,0.0,0.0,0.0,0.0,0.0,0.0,0.0,0.26593017578125,0.26593017578125,0.0,0.0,0.0,0.0,0.0,0.0
1,350,13.775896694045514,13.788073581061326,False,-35.912086486816406,-0.6267841458320618,-91.03296661376953,-1.588824987411499,89.53845977783203,1.5627409219741821,79.78022003173828,1.3924275636672974,90.81318664550781,1.584989070892334,0.7554945054945055,0.007554945054945055,-0.6068130135536194,-1.6062884330749512,1.4586210250854492,1.3836700916290283,1.5876013040542603,-0.0011397898197174072,-34.767822265625,-0.6068129722833507,-92.0335464477539,-1.6062884078004371,85.53845977783203,1.4929277602079063,79.27845001220703,1.3836699785907514,90.96285247802734,1.58760127274746,0.0,0.0,True,False,0.11397898197174072,0.0,0.0,0.0,0.0,0.0,0.0,0.0,1.96563720703125,1.96563720703125,0.0,0.0,0.0,0.0,0.0,0.0
1,351,13.809303554007784,13.821499817073345,False,-35.64834976196289,-0.6221810579299927,-91.03296661376953,-1.588824987411499,89.53845977783203,1.5627409219741821,79.78022003173828,1.3924275636672974,91.25274658203125,1.592660903930664,0.7554945054945055,0.007554945054945055,-0.6096209287643433,-1.609643578529358,1.4621875286102295,1.3871569633483887,1.5854405164718628,-0.0002584531903266907,-34.92870330810547,-0.6096208761786758,-92.22577667236328,-1.609643458141719,85.53845977783203,1.4929277602079063,79.47823333740234,1.387156855405992,90.83904266357422,1.58544038383897,0.0,0.0,True,False,0.025845319032669067,0.0,0.0,0.0,0.0,0.0,0.0,0.0,1.76129150390625,1.76129150390625,0.0,0.0,0.0,0.0,0.0,0.0
1,352,13.842925954028033,13.855265198042616,False,-35.03296661376953,-0.6114405989646912,-91.12088012695312,-1.5903593301773071,89.53845977783203,1.5627409219741821,79.78022003173828,1.3924275636672974,90.81318664550781,1.584989070892334,0.7554945054945055,0.007554945054945055,-0.6096400618553162,-1.5887655019760132,1.4419050216674805,1.3894264698028564,1.5878238677978516,0.0002769455313682556,-34.92980194091797,-0.6096400509385244,-91.02955627441406,-1.5887654736179881,85.53845977783203,1.4929277602079063,79.60826873779297,1.3894264012869577,90.97560119628906,1.5878237798565362,0.02769455313682556,0.0002769455313682556,False,False,0.0,0.0,0.0,0.0,0.0,0.0,0.0,0.0,2.9233932495117188,2.9233932495117188,0.0,0.0,0.0,0.0,0.0,0.0
1,353,13.876114219077863,13.888526262016967,False,-34.68132019042969,-0.6053032279014587,-91.38461303710938,-1.5949623584747314,89.53845977783203,1.5627409219741821,79.78022003173828,1.3924275636672974,90.81318664550781,1.584989070892334,0.7554945054945055,0.007554945054945055,-0.6162520051002502,-1.5647993087768555,1.3773880004882812,1.391000509262085,1.5882009267807007,-0.0010202154517173767,-35.30863571166992,-0.6162519475558914,-89.6563949584961,-1.5647992874942016,85.53845977783203,1.4929277602079063,79.69845581054688,1.3910004626492491,90.99720764160156,1.5882008834668915,0.0,0.0,True,False,0.10202154517173767,0.0,0.0,0.0,0.0,0.0,0.0,0.0,6.619941711425781,6.619941711425781,0.0,0.0,0.0,0.0,0.0,0.0
1,354,13.909840398002416,13.922234905068763,False,-34.94505310058594,-0.6099062561988831,-91.73626708984375,-1.6010998487472534,89.53845977783203,1.5627409219741821,79.78022003173828,1.3924275636672974,90.81318664550781,1.584989070892334,0.7554945054945055,0.007554945054945055,-0.6116902828216553,-1.5879050493240356,1.460649013519287,1.3876969814300537,1.5819975137710571,0.0009092018008232117,-35.04726791381836,-0.6116902189246947,-90.98025512695312,-1.5879050062697837,85.53845977783203,1.4929277602079063,79.5091781616211,1.3876969444750602,90.64177703857422,1.5819974491817153,0.09092018008232117,0.0009092018008232117,False,False,0.0,0.0,0.0,0.0,0.0,0.0,0.0,0.0,1.8494415283203125,1.8494415283203125,0.0,0.0,0.0,0.0,0.0,0.0
1,355,13.943148604012094,13.956018159049563,False,-35.29670333862305,-0.6160436868667603,-91.38461303710938,-1.5949623584747314,89.53845977783203,1.5627409219741821,79.86813354492188,1.3939619064331055,90.81318664550781,1.584989070892334,0.7554945054945055,0.007554945054945055,-0.6076989769935608,-1.5683435201644897,1.4188517332077026,1.3886094093322754,1.591192364692688,-0.00035437941551208496,-34.81858444213867,-0.6076989393989929,-89.85945892333984,-1.5683434222728792,85.53845977783203,1.4929277602079063,79.56145477294922,1.3886093434645215,91.1686019897461,1.5911922791613229,0.0,0.0,True,False,0.035437941551208496,0.0,0.0,0.0,0.0,0.0,0.0,0.0,4.2442474365234375,4.2442474365234375,0.0,0.0,0.0,0.0,0.0,0.0
1,356,13.97652923304122,13.987471865024418,False,-35.38461685180664,-0.6175780892372131,-90.68132019042969,-1.5826876163482666,89.53845977783203,1.5627409219741821,79.86813354492188,1.3939619064331055,90.9011001586914,1.5865235328674316,0.7554945054945055,0.007554945054945055,-0.6050786375999451,-1.5244369506835938,1.3470185995101929,1.3947919607162476,1.5912412405014038,-2.6732683181762695e-05,-34.66844940185547,-0.6050785886234367,-87.34379577636719,-1.5244368174871243,85.53845977783203,1.4929277602079063,79.91568756103516,1.3947918719351404,91.17140197753906,1.5912411481673259,0.0,0.0,True,False,0.0026732683181762695,0.0,0.0,0.0,0.0,0.0,0.0,0.0,8.3599853515625,8.3599853515625,0.0,0.0,0.0,0.0,0.0,0.0
1,357,14.009862635983154,14.02064214705024,False,-35.20878982543945,-0.6145092844963074,-90.4175796508789,-1.5780844688415527,89.53845977783203,1.5627409219741821,79.86813354492188,1.3939619064331055,90.81318664550781,1.584989070892334,0.7554945054945055,0.007554945054945055,-0.6132869124412537,-1.4713835716247559,1.2950859069824219,1.3942103385925293,1.5834959745407104,-0.00013872981071472168,-35.13874816894531,-0.6132868505772244,-86.4175796508789,-1.5082712965122889,85.53845977783203,1.4929277602079063,79.88236236572266,1.394210237553067,90.72763061523438,1.5834958767690483,0.0,0.0,True,False,0.013872981071472168,0.0,0.0,0.0,0.0,2.1135177612304688,2.1135177612304688,0.0,11.33551025390625,11.33551025390625,0.0,0.0,0.0,0.0,0.0,0.0
1,358,14.043673806008883,14.05435008299537,False,-34.85714340209961,-0.608371913433075,-90.68132019042969,-1.5826876163482666,89.53845977783203,1.5627409219741821,79.86813354492188,1.3939619064331055,90.81318664550781,1.584989070892334,0.7554945054945055,0.007554945054945055,-0.5995104312896729,-1.439851999282837,1.2635163068771362,1.3954216241836548,1.5848290920257568,-3.0666589736938477e-05,-34.34941482543945,-0.5995103848372717,-86.68132019042969,-1.5128744372984362,85.53845977783203,1.4929277602079063,79.95176696777344,1.3954215763748896,90.80401611328125,1.584829055210742,0.0,0.0,True,False,0.0030666589736938477,0.0,0.0,0.0,0.0,4.1838836669921875,4.1838836669921875,0.0,13.144309997558594,13.144309997558594,0.0,0.0,0.0,0.0,0.0,0.0
1,359,14.077077596099116,14.088070412050001,False,-34.769229888916016,-0.6068375110626221,-89.18681335449219,-1.5566035509109497,89.53845977783203,1.5627409219741821,79.86813354492188,1.3939619064331055,90.81318664550781,1.584989070892334,0.7554945054945055,0.007554945054945055,-0.5961489677429199,-1.3919156789779663,1.2010103464126587,1.396267294883728,1.590742826461792,-0.000917285680770874,-34.15681838989258,-0.5961489429093737,-85.18681335449219,-1.4867903723177642,85.53845977783203,1.4929277602079063,80.0002212524414,1.3962672631790443,91.1428451538086,1.5907427375693175,0.0,0.0,True,False,0.0917285680770874,0.0,0.0,0.0,0.0,5.435920715332031,5.435920715332031,0.0,16.72563934326172,16.72563934326172,0.0,0.0,0.0,0.0,0.0,0.0
1,360,14.110698197036982,14.28034022601787,False,-35.03296661376953,-0.6114405989646912,-87.78022003173828,-1.532053828239441,89.53845977783203,1.5627409219741821,79.86813354492188,1.3939619064331055,90.81318664550781,1.584989070892334,0.7554945054945055,0.007554945054945055,-0.5724758505821228,-1.6328269243240356,1.5755375623703003,1.382622480392456,1.5750468969345093,0.0004054754972457886,-32.80044937133789,-0.5724758376635504,-91.78022003173828,-1.6018670277586875,90.27164459228516,1.57553741932551,79.21842956542969,1.3826224241759688,90.24353790283203,1.5750468650527176,0.04054754972457886,0.0004054754972457886,False,False,0.0,0.0,0.0,0.0,0.0,1.77386474609375,1.77386474609375,0.0,0.0,0.0,0.0,0.0,0.0,0.0,0.0,0.0
1,361,14.281714269076474,14.296098839025944,False,-34.68132019042969,-0.6053032279014587,-86.28571319580078,-1.505969762802124,89.36264038085938,1.559672236442566,79.78022003173828,1.3924275636672974,91.16483306884766,1.5911264419555664,0.7554945054945055,0.007554945054945055,-0.5860986709594727,-1.6289011240005493,1.5595792531967163,1.3843120336532593,1.5741338729858398,-0.0012424513697624207,-33.58097839355469,-0.5860986390086055,-90.28571319580078,-1.5757829627780156,89.35730743408203,1.5595792254415373,79.31523132324219,1.384311933571515,90.19122314453125,1.5741338002729839,0.0,0.0,True,False,0.12424513697624207,0.0,0.0,0.0,0.0,3.0434417724609375,3.0434417724609375,0.0,0.0,0.0,0.0,0.0,0.0,0.0,0.0,0.0
1,362,14.315760359051637,14.329466955037788,False,-34.68132019042969,-0.6053032279014587,-86.19779968261719,-1.504435420036316,89.36264038085938,1.559672236442566,79.78022003173828,1.3924275636672974,91.16483306884766,1.5911264419555664,0.7554945054945055,0.007554945054945055,-0.5775860548019409,-1.6474066972732544,1.5856683254241943,1.3802387714385986,1.5679012537002563,-0.00245559960603714,-33.09324264526367,-0.5775860443212489,-90.19779968261719,-1.5742485825159662,90.85209655761719,1.585668217270226,79.08185577392578,1.3802387618422933,89.83412170410156,1.5679012043738714,0.0,0.0,True,False,0.245559960603714,0.0,0.0,0.0,0.0,4.191642761230469,4.191642761230469,0.0,0.0,0.0,0.0,0.0,0.0,0.0,0.0,0.0
1,363,14.348957629990764,14.361237386008725,False,-34.241756439208984,-0.5976313948631287,-86.46154022216797,-1.5090385675430298,89.36264038085938,1.559672236442566,79.78022003173828,1.3924275636672974,90.989013671875,1.5880578756332397,0.7554945054945055,0.007554945054945055,-0.5810319781303406,-1.6361945867538452,1.5589174032211304,1.383020281791687,1.5629386901855469,-0.0023050159215927124,-33.290679931640625,-0.5810319750347297,-90.46154022216797,-1.5788517233021138,89.31938171386719,1.5589172967525982,79.24121856689453,1.3830201672847722,89.54978942871094,1.5629386699986179,0.0,0.0,True,False,0.23050159215927124,0.0,0.0,0.0,0.0,3.2854995727539062,3.2854995727539062,0.0,0.0,0.0,0.0,0.0,0.0,0.0,0.0,0.0
1,364,14.382321174023673,14.392796759027988,False,-33.71428680419922,-0.5884252786636353,-87.78022003173828,-1.532053828239441,90.15384674072266,1.5734814405441284,79.78022003173828,1.3924275636672974,90.28571319580078,1.5757828950881958,0.7554945054945055,0.007554945054945055,-0.5797094702720642,-1.6373417377471924,1.5579235553741455,1.382792353630066,1.560637354850769,-0.002851828932762146,-33.21490478515625,-0.5797094492373963,-91.78022003173828,-1.6018670277586875,89.26243591308594,1.5579234050337807,79.22816467285156,1.3827923338535157,89.41793060302734,1.5606372993426258,0.0,0.0,True,False,0.2851828932762146,0.0,0.0,0.0,0.0,2.0325469970703125,2.0325469970703125,0.0,0.0,0.0,0.0,0.0,0.0,0.0,0.0,0.0
1,365,14.41578510706313,14.426242399029434,False,-33.4505500793457,-0.5838222503662109,-89.0988998413086,-1.5550692081451416,90.94505310058594,1.587290644645691,79.78022003173828,1.3924275636672974,90.10989379882812,1.5727143287658691,0.7554945054945055,0.007554945054945055,-0.5729234218597412,-1.6554197072982788,1.5742127895355225,1.3806686401367188,1.5640925168991089,-0.0017925649881362915,-32.82609176635742,-0.5729233818847382,-93.0988998413086,-1.6248823322152612,90.19574737548828,1.5742127629993048,79.10648345947266,1.3806685960422322,89.61589813232422,1.5640924845408946,0.0,0.0,True,False,0.17925649881362915,0.0,0.0,0.0,0.0,1.7496566772460938,1.7496566772460938,0.0,0.0,0.0,0.0,0.0,0.0,0.0,0.0,0.0
1,366,14.449300294043496,14.459894088096917,False,-33.53845977783203,-0.5853565335273743,-89.18681335449219,-1.5566035509109497,91.03296661376953,1.588824987411499,79.78022003173828,1.3924275636672974,90.02198028564453,1.571179986000061,0.7554945054945055,0.007554945054945055,-0.5743502974510193,-1.6568673849105835,1.5705269575119019,1.381382703781128,1.5666779279708862,-0.0015856549143791199,-32.90784454345703,-0.5743502370177754,-93.18681335449219,-1.6264167124773106,89.98455810546875,1.5705268148925806,79.14739227294922,1.3813825895304823,89.76403045654297,1.5666778813271436,0.0,0.0,True,False,0.158565491437912,0.0,0.0,0.0,0.0,1.74468994140625,1.74468994140625,0.0,0.0,0.0,0.0,0.0,0.0,0.0,0.0,0.0
1,367,14.482606965000741,14.493120865081437,False,-33.71428680419922,-0.5884252786636353,-90.5934066772461,-1.5811532735824585,91.03296661376953,1.588824987411499,79.78022003173828,1.3924275636672974,90.10989379882812,1.5727143287658691,0.7554945054945055,0.007554945054945055,-0.5715491771697998,-1.6481781005859375,1.5681511163711548,1.3823798894882202,1.563793659210205,3.3602118492126465e-06,-32.747352600097656,-0.57154912418323,-94.43364715576172,-1.6481780675346205,89.84843444824219,1.5681510088841208,79.20452880859375,1.3823798102006626,89.59877014160156,1.5637935447085332,0.00033602118492126465,3.3602118492126465e-06,False,False,0.0,0.0,0.0,0.0,0.0,0.0,0.0,0.0,0.0,0.0,0.0,0.0,0.0,0.0,0.0,0.0
1,368,14.516010620049201,14.527975260047242,False,-33.36263656616211,-0.5822878479957581,-91.9120864868164,-1.6041685342788696,91.03296661376953,1.588824987411499,79.78022003173828,1.3924275636672974,90.37362670898438,1.5773173570632935,0.7554945054945055,0.007554945054945055,-0.5745501518249512,-1.6308695077896118,1.5460996627807617,1.3810237646102905,1.569193720817566,-0.0017063915729522705,-32.91929626464844,-0.5745501072575858,-93.44193267822266,-1.6308693846618685,88.5849838256836,1.5460996355841012,79.1268310546875,1.3810237285735942,89.90817260742188,1.569193636450887,0.0,0.0,True,False,0.17063915729522705,0.0,0.0,0.0,0.0,0.0,0.0,0.0,0.0,0.0,0.0,0.0,0.0,0.0,0.0,0.0
1,369,14.549605690990575,14.561150805093348,False,-32.92307662963867,-0.5746160745620728,-92.87911987304688,-1.6210464239120483,91.03296661376953,1.588824987411499,79.78022003173828,1.3924275636672974,89.93406677246094,1.5696455240249634,0.7554945054945055,0.007554945054945055,-0.5653409361839294,-1.6574337482452393,1.5534950494766235,1.3826044797897339,1.5653208494186401,-0.0010586082935333252,-32.39164733886719,-0.5653408962080918,-94.96395111083984,-1.6574336175870819,89.00870513916016,1.5534949676151424,79.21739959716797,1.3826044478386108,89.68627166748047,1.5653207344356392,0.0,0.0,True,False,0.10586082935333252,0.0,0.0,0.0,0.0,0.0,0.0,0.0,0.0,0.0,0.0,0.0,0.0,0.0,0.0,0.0
1,370,14.582853319006972,14.595241166069172,False,-32.92307662963867,-0.5746160745620728,-92.96703338623047,-1.6225807666778564,91.03296661376953,1.588824987411499,79.78022003173828,1.3924275636672974,89.93406677246094,1.5696455240249634,0.7554945054945055,0.007554945054945055,-0.5672082901000977,-1.6475896835327148,1.571300745010376,1.3823517560958862,1.5664763450622559,-0.0019537508487701416,-32.49863815307617,-0.5672082381854281,-94.39993286132812,-1.6475896420917675,90.02889251708984,1.571300596347303,79.20291900634766,1.3823517138511623,89.75247955322266,1.5664762800326246,0.0,0.0,True,False,0.19537508487701416,0.0,0.0,0.0,0.0,0.0,0.0,0.0,0.0,0.0,0.0,0.0,0.0,0.0,0.0,0.0
1,371,14.6163394250907,14.6289776309859,False,-33.27472686767578,-0.5807535648345947,-92.79120635986328,-1.6195120811462402,91.03296661376953,1.588824987411499,79.69230651855469,1.3908931016921997,89.93406677246094,1.5696455240249634,0.7554945054945055,0.007554945054945055,-0.5621219873428345,-1.652370810508728,1.5588679313659668,1.3858505487442017,1.5635982751846313,-0.0006018728017807007,-32.20721435546875,-0.562121933398513,-94.67386627197266,-1.6523706820387323,89.3165512084961,1.5588678951143773,79.40338134765625,1.3858504417332538,89.58757781982422,1.563598201842576,0.0,0.0,True,False,0.06018728017807007,0.0,0.0,0.0,0.0,0.0,0.0,0.0,0.0,0.0,0.0,0.0,0.0,0.0,0.0,0.0
1,372,14.649631474050693,14.661689261090942,False,-33.098899841308594,-0.577684760093689,-93.05494689941406,-1.624115228652954,91.03296661376953,1.588824987411499,79.69230651855469,1.3908931016921997,90.19779968261719,1.5742485523223877,0.7554945054945055,0.007554945054945055,-0.5486244559288025,-1.6810446977615356,1.552303433418274,1.3914527893066406,1.5646048784255981,-0.0011902302503585815,-31.43386459350586,-0.5486244337827462,-96.31676483154297,-1.6810446711795064,88.9404296875,1.5523033361853864,79.724365234375,1.3914526674023444,89.64524841308594,1.5646047435765713,0.0,0.0,True,False,0.11902302503585815,0.0,0.0,0.0,0.0,0.0,0.0,0.0,0.0,0.0,0.0,0.0,0.0,0.0,0.0,0.0
1,373,14.683155433041975,14.695157292066142,False,-32.74725341796875,-0.5715473890304565,-93.4945068359375,-1.6317869424819946,91.03296661376953,1.588824987411499,79.69230651855469,1.3908931016921997,89.93406677246094,1.5696455240249634,0.7554945054945055,0.007554945054945055,-0.5558557510375977,-1.6866681575775146,1.5690995454788208,1.387447714805603,1.5628942251205444,-0.0017801523208618164,-31.848186492919922,-0.5558557150906384,-96.63896179199219,-1.6866680689792632,89.90277862548828,1.5690994937063527,79.4948959350586,1.3874476725970288,89.5472412109375,1.5628941952084134,0.0,0.0,True,False,0.17801523208618164,0.0,0.0,0.0,0.0,0.0,0.0,0.0,0.0,0.0,0.0,0.0,0.0,0.0,0.0,0.0
1,374,14.71665712504182,14.728832297027111,False,-32.39560317993164,-0.5654099583625793,-93.93406677246094,-1.6394587755203247,91.03296661376953,1.588824987411499,79.6043930053711,1.3893587589263916,89.93406677246094,1.5696455240249634,0.7554945054945055,0.007554945054945055,-0.5662211179733276,-1.6698155403137207,1.5672111511230469,1.3848299980163574,1.558039665222168,-0.0015784651041030884,-32.44207763671875,-0.566221070948363,-95.67337799072266,-1.6698154524431872,89.7945785522461,1.5672110461773774,79.34490966796875,1.3848299184035355,89.26908874511719,1.558039518857308,0.0,0.0,True,False,0.15784651041030884,0.0,0.0,0.0,0.0,0.0,0.0,0.0,0.0,0.0,0.0,0.0,0.0,0.0,0.0,0.0
1,375,14.750048652058467,14.762335017090663,False,-32.30769348144531,-0.5638756155967712,-94.72527313232422,-1.6532678604125977,91.03296661376953,1.588824987411499,79.51648712158203,1.387824535369873,89.93406677246094,1.5696455240249634,0.7554945054945055,0.007554945054945055,-0.5561901926994324,-1.6735444068908691,1.5647205114364624,1.3848069906234741,1.5627169609069824,-0.0007328763604164124,-31.86734962463379,-0.5561901748340387,-95.88702392578125,-1.6735442774434617,89.6518783569336,1.5647204579259353,79.34358978271484,1.3848068820601063,89.53707885742188,1.562716828679814,0.0,0.0,True,False,0.07328763604164124,0.0,0.0,0.0,0.0,0.0,0.0,0.0,0.0,0.0,0.0,0.0,0.0,0.0,0.0,0.0
1,376,14.783469827030785,14.795494795078412,False,-32.30769348144531,-0.5638756155967712,-94.9011001586914,-1.6563366651535034,91.03296661376953,1.588824987411499,79.42857360839844,1.3862900733947754,89.84615325927734,1.5681111812591553,0.7554945054945055,0.007554945054945055,-0.5684756636619568,-1.6594420671463013,1.5504095554351807,1.3837358951568604,1.5653785467147827,-0.0022056996822357178,-32.57125473022461,-0.5684756365481969,-95.07902526855469,-1.6594420405231651,88.83191680908203,1.5504094291761765,79.28221893310547,1.3837357586696764,89.68958282470703,1.565378525031294,0.0,0.0,True,False,0.22056996822357178,0.0,0.0,0.0,0.0,0.0,0.0,0.0,0.0,0.0,0.0,0.0,0.0,0.0,0.0,0.0
1,377,14.816948475083336,14.82864934403915,False,-32.30769348144531,-0.5638756155967712,-94.9011001586914,-1.6563366651535034,91.03296661376953,1.588824987411499,79.42857360839844,1.3862900733947754,89.84615325927734,1.5681111812591553,0.7554945054945055,0.007554945054945055,-0.5716757774353027,-1.6625392436981201,1.5437755584716797,1.3878960609436035,1.5641125440597534,-0.0013697519898414612,-32.754608154296875,-0.5716757574930633,-95.25647735595703,-1.6625391637128728,88.45182037353516,1.5437754949007891,79.52058410644531,1.3878960157665436,89.6170425415039,1.5641124582490702,0.0,0.0,True,False,0.13697519898414612,0.0,0.0,0.0,0.0,0.0,0.0,0.0,0.0,0.0,0.0,0.0,0.0,0.0,0.0,0.0
1,378,14.850119459093548,14.862135624047369,False,-32.30769348144531,-0.5638756155967712,-94.9011001586914,-1.6563366651535034,91.03296661376953,1.588824987411499,79.42857360839844,1.3862900733947754,89.84615325927734,1.5681111812591553,0.7554945054945055,0.007554945054945055,-0.5885812640190125,-1.6011499166488647,1.472084879875183,1.3931127786636353,1.567306637763977,-0.00013808906078338623,-33.72322082519531,-0.5885812377767773,-91.73912811279297,-1.6011498384771292,87.03296661376953,1.5190118251885782,79.8194808959961,1.3931127488678454,89.800048828125,1.5673065205024568,0.0,0.0,True,False,0.013808906078338623,0.0,0.0,0.0,0.0,0.0,0.0,0.0,2.688720703125,2.688720703125,0.0,0.0,0.0,0.0,0.0,0.0
1,379,14.883788009989075,14.896029617986642,False,-32.39560317993164,-0.5654099583625793,-94.9011001586914,-1.6563366651535034,91.03296661376953,1.588824987411499,79.42857360839844,1.3862900733947754,89.84615325927734,1.5681111812591553,0.7554945054945055,0.007554945054945055,-0.571122407913208,-1.640032410621643,1.5083955526351929,1.3934431076049805,1.5644656419754028,0.0001712888479232788,-32.722900390625,-0.5711223526185448,-93.96692657470703,-1.6400322567083951,87.03296661376953,1.5190118251885782,79.8384017944336,1.3934429808430153,89.63727569580078,1.5644655934096148,0.01712888479232788,0.0001712888479232788,False,False,0.0,0.0,0.0,0.0,0.0,0.0,0.0,0.0,0.6082687377929688,0.6082687377929688,0.0,0.0,0.0,0.0,0.0,0.0
1,380,14.917749971034937,14.929440356092528,False,-32.57143020629883,-0.5684787034988403,-94.9011001586914,-1.6563366651535034,90.94505310058594,1.587290644645691,79.42857360839844,1.3862900733947754,89.84615325927734,1.5681111812591553,0.7554945054945055,0.007554945054945055,-0.5685200691223145,-1.6464842557907104,1.5228290557861328,1.3929260969161987,1.559299349784851,-0.0007291436195373535,-32.57379913330078,-0.5685200447593739,-94.33659362792969,-1.6464841639232755,87.25167083740234,1.5228289339789889,79.80878448486328,1.3929260612754308,89.34127044677734,1.55929932721097,0.0,0.0,True,False,0.07291436195373535,0.0,0.0,0.0,0.0,0.0,0.0,0.0,0.0,0.0,0.0,0.0,0.0,0.0,0.0,0.0
1,381,14.951088583096862,14.9633315410465,False,-33.27472686767578,-0.5807535648345947,-94.19779968261719,-1.6440616846084595,90.68132019042969,1.5826876163482666,79.69230651855469,1.3908931016921997,89.75823974609375,1.5665768384933472,0.7554945054945055,0.007554945054945055,-0.5722290277481079,-1.6203444004058838,1.5079433917999268,1.3941041231155396,1.561571717262268,0.00016311556100845337,-32.78630828857422,-0.5722290292095272,-92.8388900756836,-1.6203443057177662,86.68132019042969,1.5128744372984362,79.87628173828125,1.3941041105836274,89.47146606445312,1.5615716694110802,0.016311556100845337,0.00016311556100845337,False,False,0.0,0.0,0.0,0.0,0.0,0.0,0.0,0.0,0.28253173828125,0.28253173828125,0.0,0.0,0.0,0.0,0.0,0.0
1,382,14.984461705083959,14.997838731040247,False,-33.098899841308594,-0.577684760093689,-93.93406677246094,-1.6394587755203247,90.5934066772461,1.5811532735824585,79.69230651855469,1.3908931016921997,90.19779968261719,1.5742485523223877,0.7554945054945055,0.007554945054945055,-0.5698053240776062,-1.6177550554275513,1.5050536394119263,1.3908522129058838,1.5658360719680786,0.0006723925471305847,-32.647438049316406,-0.5698052863014461,-92.6905288696289,-1.6177549141898824,86.5934066772461,1.511340057036387,79.68995666503906,1.3908521245765317,89.71578979492188,1.565835922948515,0.06723925471305847,0.0006723925471305847,False,False,0.0,0.0,0.0,0.0,0.0,0.0,0.0,0.0,0.36019134521484375,0.36019134521484375,0.0,0.0,0.0,0.0,0.0,0.0
1,383,15.01795769308228,15.030081712058745,False,-32.57143020629883,-0.5684787034988403,-94.10989379882812,-1.642527461051941,90.5934066772461,1.5811532735824585,79.69230651855469,1.3908931016921997,89.67032623291016,1.5650423765182495,0.7554945054945055,0.007554945054945055,-0.5769056677818298,-1.5465087890625,1.4496021270751953,1.392619013786316,1.5617824792861938,-0.00025659799575805664,-33.054256439208984,-0.5769056066627337,-90.10989379882812,-1.5727143354119717,86.5934066772461,1.511340057036387,79.79119110107422,1.3926189988017448,89.4835433959961,1.56178245861136,0.0,0.0,True,False,0.025659799575805664,0.0,0.0,0.0,0.0,1.5014724731445312,1.5014724731445312,0.0,3.5373306274414062,3.5373306274414062,0.0,0.0,0.0,0.0,0.0,0.0
1,384,15.052404818008654,15.065868086996488,False,-32.57143020629883,-0.5684787034988403,-94.10989379882812,-1.642527461051941,90.5934066772461,1.5811532735824585,79.69230651855469,1.3908931016921997,89.75823974609375,1.5665768384933472,0.7554945054945055,0.007554945054945055,-0.5770263075828552,-1.4750155210494995,1.3256430625915527,1.3982008695602417,1.5658254623413086,-0.0024436190724372864,-33.0611686706543,-0.5770262478601142,-90.10989379882812,-1.5727143354119717,86.5934066772461,1.511340057036387,80.11100769042969,1.3982008512884962,89.7151870727539,1.5658254034622092,0.0,0.0,True,False,0.24436190724372864,0.0,0.0,0.0,0.0,5.5977325439453125,5.5977325439453125,0.0,10.639656066894531,10.639656066894531,0.0,0.0,0.0,0.0,0.0,0.0
1,385,15.08595936698839,15.097118787001818,False,-33.010990142822266,-0.5761504769325256,-93.4065933227539,-1.6302525997161865,90.5054931640625,1.5796188116073608,79.69230651855469,1.3908931016921997,89.84615325927734,1.5681111812591553,0.7554945054945055,0.007554945054945055,-0.5811159610748291,-1.3798255920410156,1.2411352396011353,1.3963868618011475,1.5637381076812744,-0.003331109881401062,-33.29549026489258,-0.5811159311880945,-89.4065933227539,-1.560439426473633,86.5054931640625,1.509805676774338,80.00707244873047,1.396386839111989,89.59558868408203,1.563738017799805,0.0,0.0,True,False,0.3331109881401062,0.0,0.0,0.0,0.0,10.348411560058594,10.348411560058594,0.0,15.393684387207031,15.393684387207031,0.0,0.0,0.0,0.0,0.0,0.0
1,386,15.119128358084708,15.131534610060044,False,-33.098899841308594,-0.577684760093689,-92.17582702636719,-1.6087716817855835,90.4175796508789,1.5780844688415527,79.69230651855469,1.3908931016921997,89.84615325927734,1.5681111812591553,0.7554945054945055,0.007554945054945055,-0.560849130153656,-1.3773726224899292,1.2047133445739746,1.4041457176208496,1.5692405700683594,-0.0011590272188186646,-32.13428497314453,-0.5608490755555097,-88.17582702636719,-1.5389585022791084,86.4175796508789,1.5082712965122889,80.45162200927734,1.4041456926318256,89.91085815429688,1.5692405080860723,0.0,0.0,True,False,0.11590272188186646,0.0,0.0,0.0,0.0,9.258193969726562,9.258193969726562,0.0,17.392593383789062,17.392593383789062,0.0,0.0,0.0,0.0,0.0,0.0
1,387,15.15253084700089,15.164124094997533,False,-32.92307662963867,-0.5746160745620728,-90.94505310058594,-1.587290644645691,90.4175796508789,1.5780844688415527,79.69230651855469,1.3908931016921997,89.75823974609375,1.5665768384933472,0.7554945054945055,0.007554945054945055,-0.5670831203460693,-1.3407601118087769,1.1866122484207153,1.3997584581375122,1.5608607530593872,-0.002668604254722595,-32.4914665222168,-0.5670830696141944,-86.94505310058594,-1.5174774449265291,86.4175796508789,1.5082712965122889,80.20024871826172,1.3997584010520292,89.43072509765625,1.560860605400029,0.0,0.0,True,False,0.2668604254722595,0.0,0.0,0.0,0.0,10.125160217285156,10.125160217285156,0.0,18.429710388183594,18.429710388183594,0.0,0.0,0.0,0.0,0.0,0.0
1,388,15.185795985045843,15.198772552073933,False,-32.659339904785156,-0.5700129866600037,-90.15384674072266,-1.5734814405441284,90.4175796508789,1.5780844688415527,79.78022003173828,1.3924275636672974,89.75823974609375,1.5665768384933472,0.7554945054945055,0.007554945054945055,-0.5816040635108948,-1.3310757875442505,1.186754584312439,1.4012699127197266,1.5601469278335571,-0.0014056488871574402,-33.323455810546875,-0.5816040220368787,-86.15384674072266,-1.503668288884196,86.4175796508789,1.5082712965122889,80.28684997558594,1.4012698781287036,89.38983154296875,1.5601468782278878,0.0,0.0,True,False,0.14056488871574402,0.0,0.0,0.0,0.0,9.888824462890625,9.888824462890625,0.0,18.421554565429688,18.421554565429688,0.0,0.0,0.0,0.0,0.0,0.0
1,389,15.219510048045777,15.233474696055055,False,-32.483516693115234,-0.5669443011283875,-89.71428680419922,-1.565809726715088,90.4175796508789,1.5780844688415527,79.86813354492188,1.3939619064331055,89.75823974609375,1.5665768384933472,0.7554945054945055,0.007554945054945055,-0.5959648489952087,-1.2924708127975464,1.130405306816101,1.4033671617507935,1.5585097074508667,-0.0026259571313858032,-34.14626693725586,-0.5959647853199947,-85.71428680419922,-1.4959965207320045,86.4175796508789,1.5082712965122889,80.40701293945312,1.403367117487141,89.2960205078125,1.558509566789707,0.0,0.0,True,False,0.2625957131385803,0.0,0.0,0.0,0.0,11.661170959472656,11.661170959472656,0.0,21.650131225585938,21.650131225585938,0.0,0.0,0.0,0.0,0.0,0.0
1,390,15.252833942999132,15.42268583807163,False,-32.57143020629883,-0.5684787034988403,-88.65933990478516,-1.5473973751068115,90.4175796508789,1.5780844688415527,79.86813354492188,1.3939619064331055,89.75823974609375,1.5665768384933472,0.7554945054945055,0.007554945054945055,-0.5574753880500793,-1.622880220413208,1.545443058013916,1.3908320665359497,1.5657199621200562,-0.0011429712176322937,-31.94098472595215,-0.5574753497970837,-92.65933990478516,-1.61721056406307,88.54736328125,1.5454430332173423,79.68880462646484,1.3908320177103015,89.70914459228516,1.5657199422830421,0.0,0.0,True,False,0.11429712176322937,0.0,0.0,0.0,0.0,0.3248443603515625,0.3248443603515625,0.0,0.0,0.0,0.0,0.0,0.0,0.0,0.0,0.0
1,391,15.424138521077111,15.43502171698492,False,-33.626373291015625,-0.5868909358978271,-86.9011001586914,-1.5167102813720703,90.4175796508789,1.5780844688415527,79.51648712158203,1.387824535369873,89.75823974609375,1.5665768384933472,0.7554945054945055,0.007554945054945055,-0.554885983467102,-1.6243058443069458,1.5573338270187378,1.3906941413879395,1.5644537210464478,-0.001844853162765503,-31.79262351989746,-0.5548859582691996,-90.9011001586914,-1.586523491454305,89.22865295410156,1.5573337811684371,79.68090057373047,1.3906940659658353,89.63658905029297,1.5644536091847094,0.0,0.0,True,False,0.1844853162765503,0.0,0.0,0.0,0.0,2.164764404296875,2.164764404296875,0.0,0.0,0.0,0.0,0.0,0.0,0.0,0.0,0.0
1,392,15.458142713992856,15.468963092076592,False,-33.978023529052734,-0.5930283665657043,-86.9011001586914,-1.5167102813720703,90.4175796508789,1.5780844688415527,79.51648712158203,1.387824535369873,89.75823974609375,1.5665768384933472,0.7554945054945055,0.007554945054945055,-0.5464174151420593,-1.6378062963485718,1.5566390752792358,1.3858309984207153,1.5637656450271606,-0.0024243369698524475,-31.307409286499023,-0.5464173723188567,-90.9011001586914,-1.586523491454305,89.1888427734375,1.5566389624400354,79.40225982666016,1.3858308674992417,89.59716796875,1.5637655815170874,0.0,0.0,True,False,0.24243369698524475,0.0,0.0,0.0,0.0,2.9382858276367188,2.9382858276367188,0.0,0.0,0.0,0.0,0.0,0.0,0.0,0.0,0.0
1,393,15.491503506083973,15.501990422024392,False,-33.626373291015625,-0.5868909358978271,-87.25274658203125,-1.5228476524353027,90.4175796508789,1.5780844688415527,79.51648712158203,1.387824535369873,89.75823974609375,1.5665768384933472,0.7554945054945055,0.007554945054945055,-0.5425581336021423,-1.657193660736084,1.5598105192184448,1.3848538398742676,1.5672953128814697,-0.0027943402528762817,-31.08629035949707,-0.5425581190041956,-91.25274658203125,-1.5926608793444472,89.37055206298828,1.5598103878241563,79.34627532958984,1.3848537536952916,89.79940032958984,1.567295202067824,0.0,0.0,True,False,0.2794340252876282,0.0,0.0,0.0,0.0,3.69744873046875,3.69744873046875,0.0,0.0,0.0,0.0,0.0,0.0,0.0,0.0,0.0
1,394,15.525227730046026,15.536153970984742,False,-32.21977996826172,-0.5623412132263184,-88.57142639160156,-1.5458630323410034,90.5054931640625,1.5796188116073608,79.86813354492188,1.3939619064331055,89.75823974609375,1.5665768384933472,0.7554945054945055,0.007554945054945055,-0.5345672965049744,-1.6651527881622314,1.5815085172653198,1.3864649534225464,1.556472897529602,-0.0003997981548309326,-30.628448486328125,-0.5345672708638992,-92.57142639160156,-1.615676183801021,90.61376190185547,1.581508492805577,79.43858337402344,1.386464832996735,89.1793212890625,1.5564727811880144,0.0,0.0,True,False,0.03997981548309326,0.0,0.0,0.0,0.0,2.8347930908203125,2.8347930908203125,0.0,0.0,0.0,0.0,0.0,0.0,0.0,0.0,0.0
1,395,15.558352356078103,15.57364779501222,False,-31.69230842590332,-0.553135097026825,-89.71428680419922,-1.565809726715088,90.5054931640625,1.5796188116073608,79.95604705810547,1.3954962491989136,89.23076629638672,1.557370662689209,0.7554945054945055,0.007554945054945055,-0.5348485708236694,-1.6731667518615723,1.570539116859436,1.3836432695388794,1.558430552482605,-0.0011784806847572327,-30.644563674926758,-0.5348485339645253,-93.71428680419922,-1.6356228608915508,89.98526000976562,1.570539065433595,79.27691650390625,1.3836432138217962,89.29148864746094,1.5584304709053316,0.0,0.0,True,False,0.11784806847572327,0.0,0.0,0.0,0.0,2.1511001586914062,2.1511001586914062,0.0,0.0,0.0,0.0,0.0,0.0,0.0,0.0,0.0
1,396,15.59189102309756,15.604601495084353,False,-32.131866455078125,-0.5608068704605103,-90.5054931640625,-1.5796188116073608,90.5934066772461,1.5811532735824585,79.95604705810547,1.3954962491989136,89.5824203491211,1.563508152961731,0.7554945054945055,0.007554945054945055,-0.5281918048858643,-1.6653861999511719,1.5639474391937256,1.3821913003921509,1.5748310089111328,-0.0027546733617782593,-30.263158798217773,-0.5281917630827904,-94.5054931640625,-1.6494320169338843,89.60758209228516,1.5639473422614854,79.1937255859375,1.382191258395485,90.23116302490234,1.5748308826883122,0.0,0.0,True,False,0.2754673361778259,0.0,0.0,0.0,0.0,0.9141006469726562,0.9141006469726562,0.0,0.0,0.0,0.0,0.0,0.0,0.0,0.0,0.0
1,397,15.625192567007616,15.63594244606793,False,-31.604394912719727,-0.5516007542610168,-91.47252655029297,-1.5964967012405396,90.85713958740234,1.5857561826705933,79.95604705810547,1.3954962491989136,89.67032623291016,1.5650423765182495,0.7554945054945055,0.007554945054945055,-0.5330079197883606,-1.6541662216186523,1.560603141784668,1.3837823867797852,1.5669225454330444,-0.0013421475887298584,-30.53910255432129,-0.5330078901771169,-94.77674102783203,-1.6541661852456637,89.41596984863281,1.5606030777226183,79.2848892211914,1.3837823639887528,89.77804565429688,1.5669224926732674,0.0,0.0,True,False,0.13421475887298584,0.0,0.0,0.0,0.0,0.0,0.0,0.0,0.0,0.0,0.0,0.0,0.0,0.0,0.0,0.0
1,398,15.658515074988827,15.670408316073008,False,-30.63736343383789,-0.5347228646278381,-91.73626708984375,-1.6010998487472534,90.85713958740234,1.5857561826705933,79.95604705810547,1.3954962491989136,89.31867980957031,1.558905005455017,0.7554945054945055,0.007554945054945055,-0.5448712706565857,-1.634912371635437,1.545020341873169,1.3868796825408936,1.5648207664489746,-0.0019963085651397705,-31.218822479248047,-0.5448712408584976,-93.67357635498047,-1.6349123295127177,88.52313995361328,1.545020256394292,79.46234893798828,1.386879620336515,89.65762329101562,1.5648207259409768,0.0,0.0,True,False,0.19963085651397705,0.0,0.0,0.0,0.0,0.0,0.0,0.0,0.0,0.0,0.0,0.0,0.0,0.0,0.0,0.0
1,399,15.692302562994882,15.705926835071295,False,-31.16483497619629,-0.5439289808273315,-92.70330047607422,-1.6179778575897217,90.85713958740234,1.5857561826705933,79.86813354492188,1.3939619064331055,89.4065933227539,1.5604394674301147,0.7554945054945055,0.007554945054945055,-0.5417762398719788,-1.6550264358520508,1.5503473281860352,1.3891386985778809,1.5698022842407227,-0.001699112355709076,-31.04149055480957,-0.5417762149081483,-94.8260269165039,-1.6550263862777592,88.82835388183594,1.5503472443647233,79.59178161621094,1.3891386467311746,89.94303894042969,1.56980216875997,0.0,0.0,True,False,0.1699112355709076,0.0,0.0,0.0,0.0,0.0,0.0,0.0,0.0,0.0,0.0,0.0,0.0,0.0,0.0,0.0
1,400,15.725616621086374,15.738241733983159,False,-31.428571701049805,-0.5485320687294006,-93.23076629638672,-1.6271837949752808,90.85713958740234,1.5857561826705933,79.78022003173828,1.3924275636672974,89.84615325927734,1.5681111812591553,0.7554945054945055,0.007554945054945055,-0.5371474623680115,-1.6512680053710938,1.5491703748703003,1.390022873878479,1.5594912767410278,-0.0014199316501617432,-30.776281356811523,-0.5371474411965088,-94.61067962646484,-1.6512678670313303,88.76091766357422,1.5491702603209627,79.64244079589844,1.390022816213081,89.35226440429688,1.5594912079675103,0.0,0.0,True,False,0.14199316501617432,0.0,0.0,0.0,0.0,0.0,0.0,0.0,0.0,0.0,0.0,0.0,0.0,0.0,0.0,0.0
1,401,15.758826298057102,15.769986718078144,False,-31.076923370361328,-0.5423946380615234,-93.31867980957031,-1.6287182569503784,90.85713958740234,1.5857561826705933,79.78022003173828,1.3924275636672974,89.67032623291016,1.5650423765182495,0.7554945054945055,0.007554945054945055,-0.5449761748313904,-1.638643503189087,1.5516358613967896,1.3902511596679688,1.5582835674285889,-0.001519918441772461,-31.22483253479004,-0.544976136115933,-93.8873519897461,-1.6386434181999188,88.90218353271484,1.551635814858158,79.655517578125,1.3902510491185007,89.28306579589844,1.5582834644131593,0.0,0.0,True,False,0.1519918441772461,0.0,0.0,0.0,0.0,0.0,0.0,0.0,0.0,0.0,0.0,0.0,0.0,0.0,0.0,0.0
1,402,15.792454345035367,15.803514107014053,False,-30.813186645507812,-0.5377915501594543,-93.4945068359375,-1.6317869424819946,90.85713958740234,1.5857561826705933,79.78022003173828,1.3924275636672974,89.4065933227539,1.5604394674301147,0.7554945054945055,0.007554945054945055,-0.551026463508606,-1.6380513906478882,1.5419435501098633,1.3891738653182983,1.5649468898773193,-0.0011605322360992432,-31.571489334106445,-0.5510264386384296,-93.85342407226562,-1.6380512643315397,88.34685516357422,1.5419435063869236,79.59379577636719,1.3891738004575638,89.66484832763672,1.564946826618592,0.0,0.0,True,False,0.11605322360992432,0.0,0.0,0.0,0.0,0.0,0.0,0.0,0.0,0.0,0.0,0.0,0.0,0.0,0.0,0.0
1,403,15.825839815079235,15.836830758024007,False,-30.901098251342773,-0.5393258929252625,-93.4945068359375,-1.6317869424819946,90.85713958740234,1.5857561826705933,79.78022003173828,1.3924275636672974,89.4065933227539,1.5604394674301147,0.7554945054945055,0.007554945054945055,-0.5434828400611877,-1.650858998298645,1.5404819250106812,1.3917195796966553,1.5688396692276,-0.0011277422308921814,-31.139270782470703,-0.5434828018241847,-94.58724975585938,-1.6508589386459487,88.26310729980469,1.5404818304226335,79.73965454101562,1.3917195161435705,89.88788604736328,1.568839569183961,0.0,0.0,True,False,0.11277422308921814,0.0,0.0,0.0,0.0,0.0,0.0,0.0,0.0,0.0,0.0,0.0,0.0,0.0,0.0,0.0
1,404,15.859333427040838,15.873531572055072,False,-31.16483497619629,-0.5439289808273315,-93.4945068359375,-1.6317869424819946,90.85713958740234,1.5857561826705933,79.78022003173828,1.3924275636672974,89.4065933227539,1.5604394674301147,0.7554945054945055,0.007554945054945055,-0.5497525334358215,-1.608928918838501,1.449988603591919,1.3979532718658447,1.5730143785476685,-0.00039374828338623047,-31.498498916625977,-0.5497525155309901,-92.18482971191406,-1.6089287988631962,86.85713958740234,1.51594306466448,80.09681701660156,1.397953177307119,90.12708282470703,1.573014340508769,0.0,0.0,True,False,0.03937482833862305,0.0,0.0,0.0,0.0,0.0,0.0,0.0,3.7789154052734375,3.7789154052734375,0.0,0.0,0.0,0.0,0.0,0.0
1,405,15.893187043024227,15.905975684989244,False,-31.340660095214844,-0.5469977259635925,-93.4945068359375,-1.6317869424819946,90.85713958740234,1.5857561826705933,79.78022003173828,1.3924275636672974,89.4065933227539,1.5604394674301147,0.7554945054945055,0.007554945054945055,-0.5646890997886658,-1.542382836341858,1.3371220827102661,1.4010876417160034,1.5673590898513794,-0.0013149157166481018,-32.35430145263672,-0.564689087531295,-89.4945068359375,-1.561973806735682,86.85713958740234,1.51594306466448,80.27640533447266,1.4010875847520876,89.80305480957031,1.5673589847759313,0.0,0.0,True,False,0.13149157166481018,0.0,0.0,0.0,0.0,1.1224822998046875,1.1224822998046875,0.0,10.245689392089844,10.245689392089844,0.0,0.0,0.0,0.0,0.0,0.0
1,406,15.926421159994788,15.938059640000574,False,-31.340660095214844,-0.5469977259635925,-93.4945068359375,-1.6317869424819946,90.85713958740234,1.5857561826705933,79.78022003173828,1.3924275636672974,89.4065933227539,1.5604394674301147,0.7554945054945055,0.007554945054945055,-0.5678848028182983,-1.482487440109253,1.2566386461257935,1.4043428897857666,1.566664457321167,-0.000709138810634613,-32.53739929199219,-0.5678847476813356,-89.4945068359375,-1.561973806735682,86.85713958740234,1.51594306466448,80.4629135131836,1.4043427665524915,89.76325988769531,1.5666644323636387,0.0,0.0,True,False,0.0709138810634613,0.0,0.0,0.0,0.0,4.554237365722656,4.554237365722656,0.0,14.8570556640625,14.8570556640625,0.0,0.0,0.0,0.0,0.0,0.0
1,407,15.959795323084109,15.97357194707729,False,-31.25274658203125,-0.5454633235931396,-93.05494689941406,-1.624115228652954,90.5054931640625,1.5796188116073608,80.04395294189453,1.3970304727554321,89.4065933227539,1.5604394674301147,0.7554945054945055,0.007554945054945055,-0.5822370648384094,-1.3532705307006836,1.1634840965270996,1.3995189666748047,1.569716215133667,-0.0003480985760688782,-33.35972595214844,-0.5822370554279905,-89.05494689941406,-1.554302038583491,86.5054931640625,1.509805676774338,80.1865234375,1.3995188497119766,89.9381103515625,1.5697161486567603,0.0,0.0,True,False,0.03480985760688782,0.0,0.0,0.0,0.0,11.518264770507812,11.518264770507812,0.0,19.84276580810547,19.84276580810547,0.0,0.0,0.0,0.0,0.0,0.0
1,408,15.99336104199756,16.0082702630898,False,-31.868131637573242,-0.5562038421630859,-91.82417297363281,-1.6026341915130615,90.4175796508789,1.5780844688415527,80.04395294189453,1.3970304727554321,89.4065933227539,1.5604394674301147,0.7554945054945055,0.007554945054945055,-0.5847535729408264,-1.2786471843719482,1.1228340864181519,1.398750901222229,1.5622971057891846,-0.0008037835359573364,-33.503910064697266,-0.5847535429210337,-87.82417297363281,-1.5328209812309117,86.4175796508789,1.5082712965122889,80.14251708984375,1.3987507940535977,89.51302337646484,1.562296981333963,0.0,0.0,True,False,0.08037835359573364,0.0,0.0,0.0,0.0,14.563087463378906,14.563087463378906,0.0,22.08393096923828,22.08393096923828,0.0,0.0,0.0,0.0,0.0,0.0
1,409,16.02706517605111,16.03819170803763,False,-32.83516311645508,-0.5730817317962646,-90.4175796508789,-1.5780844688415527,90.4175796508789,1.5780844688415527,80.04395294189453,1.3970304727554321,89.4945068359375,1.5619738101959229,0.7554945054945055,0.007554945054945055,-0.5775537490844727,-1.1615793704986572,1.0327597856521606,1.4007503986358643,1.5604615211486816,-0.0003591403365135193,-33.09138870239258,-0.5775536869140044,-86.4175796508789,-1.5082712965122889,86.4175796508789,1.5082712965122889,80.257080078125,1.400750295400029,89.40785217285156,1.560461397552626,0.0,0.0,True,False,0.03591403365135193,0.0,0.0,0.0,0.0,19.863990783691406,19.863990783691406,0.0,27.24480438232422,27.24480438232422,0.0,0.0,0.0,0.0,0.0,0.0
1,410,16.060602109064348,16.074742131051607,False,-32.92307662963867,-0.5746160745620728,-89.80220031738281,-1.567344069480896,90.32967376708984,1.5765502452850342,80.04395294189453,1.3970304727554321,89.84615325927734,1.5681111812591553,0.7554945054945055,0.007554945054945055,-0.5783387422561646,-1.1229455471038818,1.0257230997085571,1.4000648260116577,1.5636847019195557,0.0005542710423469543,-33.13636779785156,-0.5783387202243325,-85.80220031738281,-1.4975309009940536,86.32967376708984,1.5067370494082941,80.21780395507812,1.4000647977354428,89.592529296875,1.563684621419949,0.055427104234695435,0.0005542710423469543,False,False,0.0,0.0,0.0,0.0,0.0,21.46216583251953,21.46216583251953,0.0,27.560073852539062,27.560073852539062,0.0,0.0,0.0,0.0,0.0,0.0
1,411,16.09391852701083,16.106383074074984,False,-32.92307662963867,-0.5746160745620728,-89.36264038085938,-1.559672236442566,90.32967376708984,1.5765502452850342,80.04395294189453,1.3970304727554321,89.4945068359375,1.5619738101959229,0.7554945054945055,0.007554945054945055,-0.5762753486633301,-1.0973963737487793,0.9973942041397095,1.4058499336242676,1.5616459846496582,-0.0005562007427215576,-33.01814270019531,-0.5762753030117391,-85.36264038085938,-1.4898591328418624,86.32967376708984,1.5067370494082941,80.54926300048828,1.4058498494133673,89.47571563720703,1.5616458384474388,0.0,0.0,True,False,0.05562007427215576,0.0,0.0,0.0,0.0,22.486461639404297,22.486461639404297,0.0,29.183197021484375,29.183197021484375,0.0,0.0,0.0,0.0,0.0,0.0
1,412,16.127475009066984,16.139256347087212,False,-32.659339904785156,-0.5700129866600037,-88.13186645507812,-1.5381911993026733,90.24176025390625,1.5750157833099365,79.95604705810547,1.3954962491989136,89.5824203491211,1.563508152961731,0.7554945054945055,0.007554945054945055,-0.570550799369812,-1.094430685043335,1.0000495910644531,1.4007991552352905,1.5630048513412476,-4.506111145019531e-05,-32.69015121459961,-0.5705507716695866,-84.13186645507812,-1.4683780754892832,86.24176025390625,1.505202669146245,80.25987243652344,1.4007990312479777,89.55357360839844,1.5630047163936518,0.0,0.0,True,False,0.004506111145019531,0.0,0.0,0.0,0.0,21.425609588623047,21.425609588623047,0.0,28.94314193725586,28.94314193725586,0.0,0.0,0.0,0.0,0.0,0.0
1,413,16.161143732024357,16.17518356104847,False,-32.39560317993164,-0.5654099583625793,-87.42857360839844,-1.5259164571762085,90.06593322753906,1.5719470977783203,79.69230651855469,1.3908931016921997,89.75823974609375,1.5665768384933472,0.7554945054945055,0.007554945054945055,-0.5599234104156494,-1.1546366214752197,1.033971905708313,1.404486894607544,1.5579358339309692,0.0010245665907859802,-32.08124542236328,-0.5599233607605981,-83.42857360839844,-1.456103299708999,86.06593322753906,1.5021339086221466,80.4711685180664,1.404486843567465,89.26314544677734,1.5579357887328495,0.10245665907859802,0.0010245665907859802,False,False,0.0,0.0,0.0,0.0,0.0,17.27277374267578,17.27277374267578,0.0,26.823711395263672,26.823711395263672,0.0,0.0,0.0,0.0,0.0,0.0
1,414,16.19465683004819,16.20717852807138,False,-32.39560317993164,-0.5654099583625793,-86.72527313232422,-1.513641595840454,89.80220031738281,1.567344069480896,79.6043930053711,1.3893587589263916,89.75823974609375,1.5665768384933472,0.7554945054945055,0.007554945054945055,-0.5658432245254517,-1.191392421722412,1.1037009954452515,1.4024053812026978,1.5525743961334229,0.0004908144474029541,-32.42042541503906,-0.5658431683896807,-82.72527313232422,-1.4438283907706604,85.80220031738281,1.4975309009940536,80.3519058227539,1.4024053168594588,88.9559555053711,1.5525743128263019,0.04908144474029541,0.0004908144474029541,False,False,0.0,0.0,0.0,0.0,0.0,14.463516235351562,14.463516235351562,0.0,22.564796447753906,22.564796447753906,0.0,0.0,0.0,0.0,0.0,0.0
1,415,16.22829100699164,16.240457395091653,False,-32.483516693115234,-0.5669443011283875,-85.75823974609375,-1.4967635869979858,89.62637329101562,1.5642752647399902,79.6043930053711,1.3893587589263916,89.75823974609375,1.5665768384933472,0.7554945054945055,0.007554945054945055,-0.5652375817298889,-1.16738760471344,1.0945764780044556,1.4021387100219727,1.5635257959365845,0.0004898607730865479,-32.38572692871094,-0.5652375655577968,-81.75823974609375,-1.4269504742042287,85.62637329101562,1.4944621404699554,80.33662414550781,1.4021386012762875,89.58342742919922,1.5635257638609257,0.048986077308654785,0.0004898607730865479,False,False,0.0,0.0,0.0,0.0,0.0,14.871864318847656,14.871864318847656,0.0,22.911766052246094,22.911766052246094,0.0,0.0,0.0,0.0,0.0,0.0
1,416,16.261754148057662,16.275823196046986,False,-32.57143020629883,-0.5684787034988403,-85.14286041259766,-1.486023187637329,89.36264038085938,1.559672236442566,79.51648712158203,1.387824535369873,89.75823974609375,1.5665768384933472,0.7554945054945055,0.007554945054945055,-0.5833490490913391,-1.0685750246047974,1.0422147512435913,1.4030437469482422,1.5556319952011108,3.394484519958496e-05,-33.42343521118164,-0.5833489917621258,-81.14286041259766,-1.4162100786859937,85.36264038085938,1.4898591328418624,80.38848114013672,1.403043676572751,89.13114166259766,1.5556318880738218,0.003394484519958496,3.394484519958496e-05,False,False,0.0,0.0,0.0,0.0,0.0,19.918025970458984,19.918025970458984,0.0,25.648136138916016,25.648136138916016,0.0,0.0,0.0,0.0,0.0,0.0
1,417,16.295101537019946,16.30773940309882,False,-32.57143020629883,-0.5684787034988403,-84.43955993652344,-1.4737483263015747,89.0988998413086,1.5550692081451416,79.51648712158203,1.387824535369873,89.75823974609375,1.5665768384933472,0.7554945054945055,0.007554945054945055,-0.5989853739738464,-1.006364345550537,1.0250718593597412,1.4019863605499268,1.5535832643508911,0.0002442076802253723,-34.319332122802734,-0.5989853426283627,-80.43955993652344,-1.403935169747655,85.0988998413086,1.485255992055715,80.32789611816406,1.4019862684619349,89.01375579833984,1.553583118247224,0.02442076802253723,0.0002442076802253723,False,False,0.0,0.0,0.0,0.0,0.0,22.779132843017578,22.779132843017578,0.0,26.36661148071289,26.36661148071289,0.0,0.0,0.0,0.0,0.0,0.0
1,418,16.32834703300614,16.34065252507571,False,-32.57143020629883,-0.5684787034988403,-83.64835357666016,-1.4599391222000122,88.83516693115234,1.5504661798477173,79.51648712158203,1.387824535369873,89.75823974609375,1.5665768384933472,0.7554945054945055,0.007554945054945055,-0.605675995349884,-0.921832799911499,0.9667249917984009,1.400018334388733,1.5600000619888306,0.0001386702060699463,-34.702674865722656,-0.6056759356559415,-79.64835357666016,-1.3901260137053215,84.83516693115234,1.480652984427622,80.21513366699219,1.4000181924163664,89.38141632080078,1.5600000048937699,0.013867020606994629,0.0001386702060699463,False,False,0.0,0.0,0.0,0.0,0.0,26.831226348876953,26.831226348876953,0.0,29.445907592773438,29.445907592773438,0.0,0.0,0.0,0.0,0.0,0.0
1,419,16.36157813598402,16.37509290804155,False,-33.27472686767578,-0.5807535648345947,-82.94505310058594,-1.4476642608642578,88.48351287841797,1.5443285703659058,79.51648712158203,1.387824535369873,89.75823974609375,1.5665768384933472,0.7554945054945055,0.007554945054945055,-0.6208383440971375,-0.8310046195983887,0.8809124231338501,1.403213381767273,1.5543779134750366,-0.0010555535554885864,-35.571414947509766,-0.6208383104271713,-78.94505310058594,-1.3778511047669828,84.48351287841797,1.4745154633794253,80.39820098876953,1.403213319934189,89.05928802490234,1.5543778055165036,0.0,0.0,True,False,0.10555535554885864,0.0,0.0,0.0,0.0,31.33199691772461,31.33199691772461,0.0,34.01095199584961,34.01095199584961,0.0,0.0,0.0,0.0,0.0,0.0
1,420,16.395122378016822,16.56336515105795,False,-34.32966995239258,-0.5991657376289368,-82.24176025390625,-1.435389518737793,88.21977996826172,1.539725661277771,79.51648712158203,1.387824535369873,89.75823974609375,1.5665768384933472,0.7554945054945055,0.007554945054945055,-0.5871670842170715,-1.5696473121643066,1.540878176689148,1.3845958709716797,1.5635919570922852,-0.0006814673542976379,-33.64219284057617,-0.587167032658918,-86.24176025390625,-1.505202669146245,88.28581237792969,1.5408781087928374,79.33149719238281,1.3845958265437175,89.58721160888672,1.5635918102559598,0.0,0.0,True,False,0.0681467354297638,0.0,0.0,0.0,0.0,3.6923980712890625,3.6923980712890625,0.0,0.0,0.0,0.0,0.0,0.0,0.0,0.0,0.0
1,421,16.56490916199982,16.579165289993398,False,-35.03296661376953,-0.6114405989646912,-80.48351287841797,-1.4047023057937622,87.34066009521484,1.5243821144104004,79.51648712158203,1.387824535369873,89.75823974609375,1.5665768384933472,0.7554945054945055,0.007554945054945055,-0.5833161473274231,-1.6007901430130005,1.554100513458252,1.3809877634048462,1.5494970083236694,-0.0018487349152565002,-33.42155075073242,-0.5833161017226635,-84.48351287841797,-1.4745154633794253,89.04339599609375,1.5541004372889717,79.12476348876953,1.3809876427408236,88.77963256835938,1.549496897028661,0.0,0.0,True,False,0.18487349152565002,0.0,0.0,0.0,0.0,7.2350006103515625,7.2350006103515625,0.0,0.0,0.0,0.0,0.0,0.0,0.0,0.0,0.0
1,422,16.598240726045333,16.610942922066897,False,-34.85714340209961,-0.608371913433075,-80.3956069946289,-1.4031680822372437,87.34066009521484,1.5243821144104004,79.42857360839844,1.3862900733947754,89.75823974609375,1.5665768384933472,0.7554945054945055,0.007554945054945055,-0.5820013284683228,-1.6082316637039185,1.5546388626098633,1.3800150156021118,1.563801646232605,-0.002710789442062378,-33.34621810913086,-0.5820012990924913,-84.3956069946289,-1.4729812162754308,89.0742416381836,1.5546387953033314,79.06903076171875,1.3800149231526722,89.59922790527344,1.5638015341918035,0.0,0.0,True,False,0.2710789442062378,0.0,0.0,0.0,0.0,7.749275207519531,7.749275207519531,0.0,0.0,0.0,0.0,0.0,0.0,0.0,0.0,0.0
1,423,16.63202421902679,16.644758152076975,False,-35.120880126953125,-0.612975001335144,-80.65933990478516,-1.4077709913253784,87.51648712158203,1.5274507999420166,79.16483306884766,1.3816869258880615,89.75823974609375,1.5665768384933472,0.7554945054945055,0.007554945054945055,-0.5853471159934998,-1.5803157091140747,1.5236886739730835,1.3813174962997437,1.564847469329834,-0.002217210829257965,-33.53791809082031,-0.5853470949489851,-84.65933990478516,-1.4775842239035237,87.3009262084961,1.5236886023788665,79.14366149902344,1.38131747524183,89.65914916992188,1.5648473575518775,0.0,0.0,True,False,0.2217210829257965,0.0,0.0,0.0,0.0,5.886077880859375,5.886077880859375,0.0,0.0,0.0,0.0,0.0,0.0,0.0,0.0,0.0
1,424,16.665464246994816,16.678153273067437,False,-34.06593322753906,-0.5945627093315125,-81.97801971435547,-1.430786371231079,88.3956069946289,1.5427943468093872,79.16483306884766,1.3816869258880615,89.67032623291016,1.5650423765182495,0.7554945054945055,0.007554945054945055,-0.5743459463119507,-1.6075103282928467,1.5439774990081787,1.382919430732727,1.5588716268539429,-0.0018854215741157532,-32.907596588134766,-0.574345909381004,-85.97801971435547,-1.5005995283600975,88.46338653564453,1.543977362511417,79.23544311523438,1.3829193666375126,89.31675720214844,1.5588714903818488,0.0,0.0,True,False,0.18854215741157532,0.0,0.0,0.0,0.0,6.1255340576171875,6.1255340576171875,0.0,0.0,0.0,0.0,0.0,0.0,0.0,0.0,0.0
1,425,16.698839595075697,16.712525904993527,False,-33.626373291015625,-0.5868909358978271,-83.12088012695312,-1.4507330656051636,88.65933990478516,1.5473973751068115,79.16483306884766,1.3816869258880615,89.23076629638672,1.557370662689209,0.7554945054945055,0.007554945054945055,-0.5855756998062134,-1.5898911952972412,1.5465474128723145,1.382660150527954,1.5635008811950684,-0.0005726069211959839,-33.5510139465332,-0.5855756607495411,-87.12088012695312,-1.5205462054506276,88.61063385009766,1.5465473129633436,79.22058868408203,1.3826601079053933,89.58199310302734,1.563500730146679,0.0,0.0,True,False,0.05726069211959839,0.0,0.0,0.0,0.0,3.9731674194335938,3.9731674194335938,0.0,0.0,0.0,0.0,0.0,0.0,0.0,0.0,0.0
1,426,16.732202738989145,16.744515264057554,False,-34.06593322753906,-0.5945627093315125,-84.0,-1.4660766124725342,88.65933990478516,1.5473973751068115,79.69230651855469,1.3908931016921997,89.67032623291016,1.5650423765182495,0.7554945054945055,0.007554945054945055,-0.5842402577400208,-1.6018506288528442,1.5505660772323608,1.38254976272583,1.5598909854888916,-0.0013465136289596558,-33.4744987487793,-0.5842402186209209,-88.0,-1.53588974175501,88.84088897705078,1.5505660230482732,79.21426391601562,1.3825497198782095,89.37516784667969,1.559890948447131,0.0,0.0,True,False,0.13465136289596558,0.0,0.0,0.0,0.0,3.7792739868164062,3.7792739868164062,0.0,0.0,0.0,0.0,0.0,0.0,0.0,0.0,0.0
1,427,16.765930406050757,16.78047046100255,False,-33.89011001586914,-0.5914940237998962,-84.96703338623047,-1.482954502105713,88.92308044433594,1.5520005226135254,79.78022003173828,1.3924275636672974,89.67032623291016,1.5650423765182495,0.7554945054945055,0.007554945054945055,-0.5784015655517578,-1.6092987060546875,1.5556286573410034,1.3821501731872559,1.5601893663406372,-0.0018845945596694946,-33.13996505737305,-0.5784015042470312,-88.96703338623047,-1.5527676583214416,89.13095092773438,1.5556285591224592,79.19136810302734,1.3821501125566433,89.39225769042969,1.56018922248922,0.0,0.0,True,False,0.18845945596694946,0.0,0.0,0.0,0.0,3.238983154296875,3.238983154296875,0.0,0.0,0.0,0.0,0.0,0.0,0.0,0.0,0.0
1,428,16.799043309991248,16.811551316059195,False,-33.36263656616211,-0.5822878479957581,-85.84615325927734,-1.4982980489730835,89.45054626464844,1.561206579208374,79.78022003173828,1.3924275636672974,89.4065933227539,1.5604394674301147,0.7554945054945055,0.007554945054945055,-0.5783384442329407,-1.6029576063156128,1.5364875793457031,1.3839293718338013,1.5547676086425781,-0.0033039674162864685,-33.136348724365234,-0.5783383873291963,-89.84615325927734,-1.5681111946258242,88.03424835205078,1.5364874882616784,79.29330444335938,1.3839292373228707,89.08161926269531,1.5547675591420367,0.0,0.0,True,False,0.33039674162864685,0.0,0.0,0.0,0.0,1.9965438842773438,1.9965438842773438,0.0,0.0,0.0,0.0,0.0,0.0,0.0,0.0,0.0
1,429,16.83254080498591,16.845788445090875,False,-33.4505500793457,-0.5838222503662109,-86.63735961914062,-1.5121071338653564,89.62637329101562,1.5642752647399902,79.78022003173828,1.3924275636672974,89.14286041259766,1.5558364391326904,0.7554945054945055,0.007554945054945055,-0.5768908858299255,-1.594182014465332,1.5463694334030151,1.3829551935195923,1.5572484731674194,-0.002677999436855316,-33.053409576416016,-0.5768908261186837,-90.63735961914062,-1.5819203506681576,88.6004409790039,1.5463694138025263,79.23748779296875,1.3829550529961196,89.22376251220703,1.5572484268555,0.0,0.0,True,False,0.2677999436855316,0.0,0.0,0.0,0.0,0.7025375366210938,0.7025375366210938,0.0,0.0,0.0,0.0,0.0,0.0,0.0,0.0,0.0
1,430,16.865930290077813,16.878515672986396,False,-33.80219650268555,-0.5899596214294434,-87.34066009521484,-1.5243821144104004,89.62637329101562,1.5642752647399902,79.78022003173828,1.3924275636672974,89.23076629638672,1.557370662689209,0.7554945054945055,0.007554945054945055,-0.5781287550926208,-1.609968662261963,1.5430324077606201,1.383181095123291,1.5581579208374023,-0.002955041825771332,-33.12433624267578,-0.5781287299723799,-91.34066009521484,-1.5941952596064963,88.40924072265625,1.5430323397986025,79.25043487548828,1.3831810222146128,89.27587127685547,1.558157896367762,0.0,0.0,True,False,0.2955041825771332,0.0,0.0,0.0,0.0,0.90374755859375,0.90374755859375,0.0,0.0,0.0,0.0,0.0,0.0,0.0,0.0,0.0
1,431,16.89935359498486,16.910129424999468,False,-33.80219650268555,-0.5899596214294434,-88.04395294189453,-1.5366568565368652,89.62637329101562,1.5642752647399902,79.78022003173828,1.3924275636672974,89.4065933227539,1.5604394674301147,0.7554945054945055,0.007554945054945055,-0.5782119631767273,-1.5929800271987915,1.5341745615005493,1.382604956626892,1.5546032190322876,-0.0036443322896957397,-33.12910461425781,-0.5782119537564447,-91.27102661132812,-1.5929799260430386,87.90172576904297,1.5341745328549445,79.21742248535156,1.3826048473127743,89.07219696044922,1.5546031089447243,0.0,0.0,True,False,0.364433228969574,0.0,0.0,0.0,0.0,0.0,0.0,0.0,0.0,0.0,0.0,0.0,0.0,0.0,0.0,0.0
1,432,16.932648952002637,16.943480779998936,False,-33.36263656616211,-0.5822878479957581,-89.0988998413086,-1.5550692081451416,89.62637329101562,1.5642752647399902,79.78022003173828,1.3924275636672974,89.31867980957031,1.558905005455017,0.7554945054945055,0.007554945054945055,-0.574617326259613,-1.6089314222335815,1.5463789701461792,1.3830479383468628,1.5565695762634277,-0.0024735555052757263,-32.92314529418945,-0.574617285496083,-92.18497467041016,-1.6089313288662317,88.60098266601562,1.5463788680243962,79.24280548095703,1.383047864160109,89.18486022949219,1.5565694539355843,0.0,0.0,True,False,0.24735555052757263,0.0,0.0,0.0,0.0,0.0,0.0,0.0,0.0,0.0,0.0,0.0,0.0,0.0,0.0,0.0
1,433,16.966371996095404,16.97855681204237,False,-33.098899841308594,-0.577684760093689,-89.97801971435547,-1.5704126358032227,89.62637329101562,1.5642752647399902,79.78022003173828,1.3924275636672974,89.14286041259766,1.5558364391326904,0.7554945054945055,0.007554945054945055,-0.5891571044921875,-1.5977040529251099,1.5245164632797241,1.384667992591858,1.558774471282959,-0.0019787997007369995,-33.7562141418457,-0.5891570797834798,-91.54169464111328,-1.5977039743426757,87.34835815429688,1.5245164460037177,79.33562469482422,1.384667865051204,89.31119537353516,1.5587744181601153,0.0,0.0,True,False,0.19787997007369995,0.0,0.0,0.0,0.0,0.0,0.0,0.0,0.0,0.0,0.0,0.0,0.0,0.0,0.0,0.0
1,434,16.999566155020148,17.01128833903931,False,-33.18681335449219,-0.5792191624641418,-90.76923370361328,-1.5842219591140747,89.62637329101562,1.5642752647399902,79.78022003173828,1.3924275636672974,89.14286041259766,1.5558364391326904,0.7554945054945055,0.007554945054945055,-0.5774987936019897,-1.6038732528686523,1.516209363937378,1.3874183893203735,1.565054178237915,-0.001450374722480774,-33.08824157714844,-0.5774987592165216,-91.8951644897461,-1.6038731870078442,86.87239074707031,1.5162092476154334,79.49321746826172,1.387418377825038,89.6709976196289,1.5650541520105223,0.0,0.0,True,False,0.1450374722480774,0.0,0.0,0.0,0.0,0.0,0.0,0.0,0.0,0.0,0.0,0.0,0.0,0.0,0.0,0.0
1,435,17.033009844017215,17.04502100800164,False,-33.36263656616211,-0.5822878479957581,-91.12088012695312,-1.5903593301773071,89.62637329101562,1.5642752647399902,79.78022003173828,1.3924275636672974,89.14286041259766,1.5558364391326904,0.7554945054945055,0.007554945054945055,-0.5730668902397156,-1.6014456748962402,1.5125412940979004,1.387487769126892,1.5590215921401978,-0.0020300447940826416,-32.834312438964844,-0.5730668596884662,-91.75607299804688,-1.6014455825161824,86.6622314453125,1.5125412758460672,79.4971923828125,1.3874877531714345,89.32535552978516,1.5590215595092747,0.0,0.0,True,False,0.20300447940826416,0.0,0.0,0.0,0.0,0.0,0.0,0.0,0.0,0.0,0.0,0.0,0.0,0.0,0.0,0.0
1,436,17.066606910084374,17.078534436994232,False,-33.4505500793457,-0.5838222503662109,-91.12088012695312,-1.5903593301773071,89.62637329101562,1.5642752647399902,79.78022003173828,1.3924275636672974,89.14286041259766,1.5558364391326904,0.7554945054945055,0.007554945054945055,-0.5784388780593872,-1.5613720417022705,1.4435118436813354,1.391902208328247,1.5639559030532837,-0.0028480738401412964,-33.14210510253906,-0.5784388550813195,-89.46002197265625,-1.5613719323293243,85.62637329101562,1.4944621404699554,79.75011444091797,1.3919020758362954,89.60807037353516,1.5639558643769735,0.0,0.0,True,False,0.28480738401412964,0.0,0.0,0.0,0.0,0.0,0.0,0.0,2.9192428588867188,2.9192428588867188,0.0,0.0,0.0,0.0,0.0,0.0
1,437,17.099779483047314,17.110814491054043,False,-33.4505500793457,-0.5838222503662109,-91.03296661376953,-1.588824987411499,89.62637329101562,1.5642752647399902,79.78022003173828,1.3924275636672974,89.14286041259766,1.5558364391326904,0.7554945054945055,0.007554945054945055,-0.5762732625007629,-1.591792345046997,1.4910173416137695,1.3884608745574951,1.564918041229248,-0.0018727704882621765,-33.01802444458008,-0.5762732390618943,-91.2029800415039,-1.591792289354918,85.62637329101562,1.4944621404699554,79.55294036865234,1.388460739075695,89.66319274902344,1.5649179313207646,0.0,0.0,True,False,0.18727704882621765,0.0,0.0,0.0,0.0,0.0,0.0,0.0,0.19738006591796875,0.19738006591796875,0.0,0.0,0.0,0.0,0.0,0.0
1,438,17.133240108028986,17.145188402035274,False,-33.18681335449219,-0.5792191624641418,-91.03296661376953,-1.588824987411499,89.62637329101562,1.5642752647399902,79.86813354492188,1.3939619064331055,89.14286041259766,1.5558364391326904,0.7554945054945055,0.007554945054945055,-0.590179979801178,-1.5631963014602661,1.4757277965545654,1.385105013847351,1.5620644092559814,-0.001738525927066803,-33.8148193359375,-0.5901799333791519,-89.56454467773438,-1.5631961976760285,85.62637329101562,1.4944621404699554,79.36066436767578,1.385104889786086,89.49969482421875,1.5620643542127448,0.0,0.0,True,False,0.1738525927066803,0.0,0.0,0.0,0.0,0.0,0.0,0.0,1.0734024047851562,1.0734024047851562,0.0,0.0,0.0,0.0,0.0,0.0
1,439,17.166858338052407,17.180427220999263,False,-32.92307662963867,-0.5746160745620728,-90.5934066772461,-1.5811532735824585,89.53845977783203,1.5627409219741821,79.86813354492188,1.3939619064331055,89.14286041259766,1.5558364391326904,0.7554945054945055,0.007554945054945055,-0.5849882364273071,-1.5828391313552856,1.4579732418060303,1.3870283365249634,1.5629373788833618,-0.0019791126251220703,-33.517356872558594,-0.5849882339920969,-90.68999481201172,-1.5828390080861805,85.53845977783203,1.4929277602079063,79.47086334228516,1.3870282247253414,89.54971313476562,1.5629373384180727,0.0,0.0,True,False,0.19791126251220703,0.0,0.0,0.0,0.0,0.0,0.0,0.0,2.0027542114257812,2.0027542114257812,0.0,0.0,0.0,0.0,0.0,0.0
1,440,17.19998608401511,17.210633138078265,False,-33.098899841308594,-0.577684760093689,-90.24176025390625,-1.5750157833099365,89.53845977783203,1.5627409219741821,79.86813354492188,1.3939619064331055,89.14286041259766,1.5558364391326904,0.7554945054945055,0.007554945054945055,-0.5756234526634216,-1.5948123931884766,1.4838519096374512,1.3885852098464966,1.5581181049346924,-0.0020017698407173157,-32.98079299926758,-0.575623427755915,-91.37601470947266,-1.5948123140310677,85.53845977783203,1.4929277602079063,79.56006622314453,1.3885851086986016,89.27359008789062,1.5581180821094653,0.0,0.0,True,False,0.20017698407173157,0.0,0.0,0.0,0.0,0.0,0.0,0.0,0.5200119018554688,0.5200119018554688,0.0,0.0,0.0,0.0,0.0,0.0
1,441,17.23358838900458,17.24631852901075,False,-33.4505500793457,-0.5838222503662109,-89.80220031738281,-1.567344069480896,89.53845977783203,1.5627409219741821,79.86813354492188,1.3939619064331055,89.14286041259766,1.5558364391326904,0.7554945054945055,0.007554945054945055,-0.5906819701194763,-1.5141334533691406,1.3357181549072266,1.3905187845230103,1.5640395879745483,-0.0018460676074028015,-33.84358215332031,-0.5906819392446319,-86.75344848632812,-1.5141333135457167,85.53845977783203,1.4929277602079063,79.67085266113281,1.3905186968080536,89.61286163330078,1.564039487635202,0.0,0.0,True,False,0.18460676074028015,0.0,0.0,0.0,0.0,0.0,0.0,0.0,9.007453918457031,9.007453918457031,0.0,0.0,0.0,0.0,0.0,0.0
1,442,17.267095490009524,17.280392954009585,False,-33.626373291015625,-0.5868909358978271,-90.24176025390625,-1.5750157833099365,89.53845977783203,1.5627409219741821,79.86813354492188,1.3939619064331055,89.31867980957031,1.558905005455017,0.7554945054945055,0.007554945054945055,-0.577592134475708,-1.5295816659927368,1.3532952070236206,1.390345573425293,1.5603458881378174,-0.0011185407638549805,-33.093589782714844,-0.5775921030127289,-87.6385726928711,-1.5295816452389939,85.53845977783203,1.4929277602079063,79.66092681884766,1.3903454581791441,89.40122985839844,1.5603458163613166,0.0,0.0,True,False,0.11185407638549805,0.0,0.0,0.0,0.0,0.0,0.0,0.0,8.000358581542969,8.000358581542969,0.0,0.0,0.0,0.0,0.0,0.0
1,443,17.300333908991888,17.311442745034583,False,-33.18681335449219,-0.5792191624641418,-90.68132019042969,-1.5826876163482666,89.53845977783203,1.5627409219741821,79.86813354492188,1.3939619064331055,89.4065933227539,1.5604394674301147,0.7554945054945055,0.007554945054945055,-0.5870327353477478,-1.4227358102798462,1.2274056673049927,1.3963991403579712,1.5597846508026123,-0.0006507784128189087,-33.63449478149414,-0.5870326761819235,-86.68132019042969,-1.5128744372984362,85.53845977783203,1.4929277602079063,80.00777435302734,1.3963990896530032,89.36907196044922,1.5597845551615825,0.0,0.0,True,False,0.06507784128189087,0.0,0.0,0.0,0.0,5.1645660400390625,5.1645660400390625,0.0,15.213302612304688,15.213302612304688,0.0,0.0,0.0,0.0,0.0,0.0
1,444,17.33391985099297,17.3461937319953,False,-33.18681335449219,-0.5792191624641418,-89.97801971435547,-1.5704126358032227,89.53845977783203,1.5627409219741821,79.86813354492188,1.3939619064331055,89.14286041259766,1.5558364391326904,0.7554945054945055,0.007554945054945055,-0.6003710031509399,-1.3295035362243652,1.163967490196228,1.4031891822814941,1.5635980367660522,-0.00044567883014678955,-34.39872360229492,-0.6003709853435308,-85.97801971435547,-1.5005995283600975,85.53845977783203,1.4929277602079063,80.39681243896484,1.4031890851682691,89.58756256103516,1.5635979355264669,0.0,0.0,True,False,0.044567883014678955,0.0,0.0,0.0,0.0,9.803085327148438,9.803085327148438,0.0,18.848037719726562,18.848037719726562,0.0,0.0,0.0,0.0,0.0,0.0
1,445,17.367167105083354,17.39244352199603,False,-33.626373291015625,-0.5868909358978271,-88.74725341796875,-1.5489317178726196,89.45054626464844,1.561206579208374,79.86813354492188,1.3939619064331055,89.23076629638672,1.557370662689209,0.7554945054945055,0.007554945054945055,-0.5821767449378967,-1.3584915399551392,1.1801759004592896,1.404565453529358,1.5604842901229858,-0.0014782622456550598,-33.35626983642578,-0.5821767348293002,-84.74725341796875,-1.4791186041655728,85.45054626464844,1.4913933799458572,80.47566986083984,1.404565406819622,89.4091567993164,1.5604841675799463,0.0,0.0,True,False,0.14782622456550598,0.0,0.0,0.0,0.0,6.9114227294921875,6.9114227294921875,0.0,17.831451416015625,17.831451416015625,0.0,0.0,0.0,0.0,0.0,0.0
1,446,17.4008377030259,17.428034665063024,False,-33.80219650268555,-0.5899596214294434,-87.34066009521484,-1.5243821144104004,89.45054626464844,1.561206579208374,79.86813354492188,1.3939619064331055,89.14286041259766,1.5558364391326904,0.7554945054945055,0.007554945054945055,-0.5954254865646362,-1.2803232669830322,1.1233811378479004,1.3973240852355957,1.5568537712097168,-0.0013622865080833435,-34.11536407470703,-0.5954254286202264,-83.34066009521484,-1.45456891944695,85.45054626464844,1.4913933799458572,80.0607681274414,1.3973240054995877,89.2011489868164,1.5568537463819503,0.0,0.0,True,False,0.13622865080833435,0.0,0.0,0.0,0.0,9.983543395996094,9.983543395996094,0.0,21.085548400878906,21.085548400878906,0.0,0.0,0.0,0.0,0.0,0.0
1,447,17.434058229089715,17.445032695075497,False,-33.978023529052734,-0.5930283665657043,-87.16483306884766,-1.5213133096694946,89.45054626464844,1.561206579208374,79.95604705810547,1.3954962491989136,89.4945068359375,1.5619738101959229,0.7554945054945055,0.007554945054945055,-0.6000245213508606,-1.213966727256775,1.0789796113967896,1.3993613719940186,1.5603705644607544,-0.0005053505301475525,-34.37887191772461,-0.6000245080857115,-83.16483306884766,-1.4515001589228516,85.45054626464844,1.4913933799458572,80.17749786376953,1.3993613237334983,89.40264129638672,1.5603704506013998,0.0,0.0,True,False,0.05053505301475525,0.0,0.0,0.0,0.0,13.609664916992188,13.609664916992188,0.0,23.62957000732422,23.62957000732422,0.0,0.0,0.0,0.0,0.0,0.0
1,448,17.46828109002672,17.479241752065718,False,-33.978023529052734,-0.5930283665657043,-86.63735961914062,-1.5121071338653564,89.36264038085938,1.559672236442566,79.95604705810547,1.3954962491989136,89.4945068359375,1.5619738101959229,0.7554945054945055,0.007554945054945055,-0.6100565791130066,-1.2558451890945435,1.0709537267684937,1.4056198596954346,1.5555697679519653,-0.00036443769931793213,-34.95366668701172,-0.6100565693330128,-82.63735961914062,-1.4422940105086113,85.36264038085938,1.4898591328418624,80.53607940673828,1.4056197522951845,89.12757873535156,1.5555697032623685,0.0,0.0,True,False,0.03644376993179321,0.0,0.0,0.0,0.0,10.682731628417969,10.682731628417969,0.0,24.001514434814453,24.001514434814453,0.0,0.0,0.0,0.0,0.0,0.0
1,449,17.50195343408268,17.512899157009088,False,-33.80219650268555,-0.5899596214294434,-85.4945068359375,-1.492160677909851,89.36264038085938,1.559672236442566,79.42857360839844,1.3862900733947754,89.4945068359375,1.5619738101959229,0.7554945054945055,0.007554945054945055,-0.6145256161689758,-1.1847938299179077,1.0498279333114624,1.401381015777588,1.5642133951187134,-0.0015385374426841736,-35.209720611572266,-0.6145255533792475,-81.4945068359375,-1.4223474665761358,85.36264038085938,1.4898591328418624,80.293212890625,1.4013809319461599,89.62281799316406,1.5642132588963298,0.0,0.0,True,False,0.15385374426841736,0.0,0.0,0.0,0.0,13.610824584960938,13.610824584960938,0.0,25.211933135986328,25.211933135986328,0.0,0.0,0.0,0.0,0.0,0.0
1,450,17.53602713998407,17.706372351036407,False,-34.06593322753906,-0.5945627093315125,-84.79120635986328,-1.4798856973648071,89.36264038085938,1.559672236442566,79.51648712158203,1.387824535369873,89.4945068359375,1.5619738101959229,0.7554945054945055,0.007554945054945055,-0.5865565538406372,-1.6070376634597778,1.5478163957595825,1.3817564249038696,1.5627918243408203,-0.0013202130794525146,-33.60721206665039,-0.5865565029790173,-88.79120635986328,-1.5496988977973434,88.68334197998047,1.5478163092227664,79.16880798339844,1.381756364189475,89.54137420654297,1.5627917966645,0.0,0.0,True,False,0.13202130794525146,0.0,0.0,0.0,0.0,3.2852630615234375,3.2852630615234375,0.0,0.0,0.0,0.0,0.0,0.0,0.0,0.0,0.0
1,451,17.70780655508861,17.720066476031207,False,-35.29670333862305,-0.6160436868667603,-82.94505310058594,-1.4476642608642578,88.48351287841797,1.5443285703659058,79.51648712158203,1.387824535369873,89.5824203491211,1.563508152961731,0.7554945054945055,0.007554945054945055,-0.5922122597694397,-1.590624213218689,1.546904444694519,1.3815218210220337,1.5490926504135132,-0.0016192123293876648,-33.9312629699707,-0.5922122581860186,-86.94505310058594,-1.5174774449265291,88.63108825683594,1.5469043097074686,79.15536499023438,1.381521739697439,88.7564697265625,1.5490926291751868,0.0,0.0,True,False,0.16192123293876648,0.0,0.0,0.0,0.0,4.1909942626953125,4.1909942626953125,0.0,0.0,0.0,0.0,0.0,0.0,0.0,0.0,0.0
1,452,17.741494345013052,17.753728350042365,False,-35.38461685180664,-0.6175780892372131,-82.94505310058594,-1.4476642608642578,88.48351287841797,1.5443285703659058,79.51648712158203,1.387824535369873,89.5824203491211,1.563508152961731,0.7554945054945055,0.007554945054945055,-0.5691919326782227,-1.6423646211624146,1.5673598051071167,1.3809276819229126,1.545293927192688,-0.00094594806432724,-32.6122932434082,-0.5691918937233736,-86.94505310058594,-1.5174774449265291,89.8031005859375,1.5673597837242583,79.12132263183594,1.3809275884582424,88.538818359375,1.5452938961962979,0.0,0.0,True,False,0.094594806432724,0.0,0.0,0.0,0.0,7.1555023193359375,7.1555023193359375,0.0,0.0,0.0,0.0,0.0,0.0,0.0,0.0,0.0
1,453,17.77526491007302,17.788445416023023,False,-34.94505310058594,-0.6099062561988831,-83.20879364013672,-1.4522674083709717,88.57142639160156,1.5458630323410034,79.34066009521484,1.3847557306289673,89.4945068359375,1.5619738101959229,0.7554945054945055,0.007554945054945055,-0.5716844201087952,-1.6305887699127197,1.5595544576644897,1.379185676574707,1.5430538654327393,-0.0014340654015541077,-32.755104064941406,-0.5716844127666061,-87.20879364013672,-1.5220805857126767,89.35588073730469,1.5595543248853452,79.02151489257812,1.3791856147892214,88.41046905517578,1.5430537782453777,0.0,0.0,True,False,0.14340654015541077,0.0,0.0,0.0,0.0,6.2170562744140625,6.2170562744140625,0.0,0.0,0.0,0.0,0.0,0.0,0.0,0.0,0.0
1,454,17.808760943007655,17.823848506086506,False,-34.153846740722656,-0.5960970520973206,-84.52747344970703,-1.4752826690673828,89.36264038085938,1.559672236442566,79.34066009521484,1.3847557306289673,89.23076629638672,1.557370662689209,0.7554945054945055,0.007554945054945055,-0.565662145614624,-1.6338945627212524,1.551660180091858,1.3825156688690186,1.549059271812439,-0.001032896339893341,-32.41005325317383,-0.5656621400145826,-88.52747344970703,-1.5450958901692504,88.90357208251953,1.5516600496240778,79.21231079101562,1.3825156314162566,88.75455474853516,1.5490592065035063,0.0,0.0,True,False,0.1032896339893341,0.0,0.0,0.0,0.0,5.0877838134765625,5.0877838134765625,0.0,0.0,0.0,0.0,0.0,0.0,0.0,0.0,0.0
1,455,17.842392199090682,17.854960780008696,False,-33.4505500793457,-0.5838222503662109,-85.75823974609375,-1.4967635869979858,89.89010620117188,1.5688782930374146,79.42857360839844,1.3862900733947754,89.05494689941406,1.5543019771575928,0.7554945054945055,0.007554945054945055,-0.5644357204437256,-1.6579804420471191,1.568636178970337,1.3806413412094116,1.5490530729293823,-0.0011387094855308533,-32.33978271484375,-0.5644356877535739,-89.75823974609375,-1.566576814363775,89.87622833251953,1.5686361036766787,79.10491943359375,1.3806412986410588,88.75419616699219,1.5490529480749446,0.0,0.0,True,False,0.11387094855308533,0.0,0.0,0.0,0.0,5.237037658691406,5.237037658691406,0.0,0.0,0.0,0.0,0.0,0.0,0.0,0.0,0.0
1,456,17.875663776998408,17.886353295994923,False,-32.92307662963867,-0.5746160745620728,-86.54945373535156,-1.510572910308838,89.89010620117188,1.5688782930374146,79.69230651855469,1.3908931016921997,89.05494689941406,1.5543019771575928,0.7554945054945055,0.007554945054945055,-0.5654101371765137,-1.6433161497116089,1.5640994310379028,1.3792160749435425,1.5446127653121948,-0.000515177845954895,-32.39561462402344,-0.565410138396434,-90.54945373535156,-1.5803861035641629,89.61629486083984,1.5640994087597289,79.02325439453125,1.3792159748256485,88.49978637695312,1.5446126595894556,0.0,0.0,True,False,0.0515177845954895,0.0,0.0,0.0,0.0,3.605621337890625,3.605621337890625,0.0,0.0,0.0,0.0,0.0,0.0,0.0,0.0,0.0
1,457,17.90906811808236,17.91970383399166,False,-32.83516311645508,-0.5730817317962646,-87.51648712158203,-1.5274507999420166,89.97801971435547,1.5704126358032227,79.78022003173828,1.3924275636672974,88.61538696289062,1.5466302633285522,0.7554945054945055,0.007554945054945055,-0.5641725063323975,-1.6480941772460938,1.560274600982666,1.3775972127914429,1.5415982007980347,-0.0016552060842514038,-32.324703216552734,-0.5641725008588468,-91.51648712158203,-1.5972640201305945,89.39714813232422,1.560274576802157,78.93050384521484,1.3775971723570437,88.32706451416016,1.5415980943935403,0.0,0.0,True,False,0.16552060842514038,0.0,0.0,0.0,0.0,2.9123458862304688,2.9123458862304688,0.0,0.0,0.0,0.0,0.0,0.0,0.0,0.0,0.0
1,458,17.942728019086644,17.95374022005126,False,-32.92307662963867,-0.5746160745620728,-88.3956069946289,-1.5427943468093872,90.15384674072266,1.5734814405441284,79.78022003173828,1.3924275636672974,88.61538696289062,1.5466302633285522,0.7554945054945055,0.007554945054945055,-0.5624914765357971,-1.6543257236480713,1.5663434267044067,1.380366325378418,1.5457215309143066,-0.0013326182961463928,-32.22838592529297,-0.5624914469997615,-92.3956069946289,-1.612607556434977,89.74486541748047,1.5663433882942297,79.08915710449219,1.3803661941004537,88.56331634521484,1.54572146670931,0.0,0.0,True,False,0.13326182961463928,0.0,0.0,0.0,0.0,2.3902664184570312,2.3902664184570312,0.0,0.0,0.0,0.0,0.0,0.0,0.0,0.0,0.0
1,459,17.97592545999214,17.98707968299277,False,-32.92307662963867,-0.5746160745620728,-88.83516693115234,-1.5504661798477173,90.15384674072266,1.5734814405441284,79.78022003173828,1.3924275636672974,88.61538696289062,1.5466302633285522,0.7554945054945055,0.007554945054945055,-0.5632050633430481,-1.6702700853347778,1.5590953826904297,1.3796650171279907,1.5459495782852173,-7.461011409759521e-05,-32.26927185058594,-0.5632050410138483,-92.83516693115234,-1.6202793245871683,89.32958221435547,1.55909532907147,79.04898071289062,1.3796649837854358,88.57637786865234,1.5459494332986208,0.0,0.0,True,False,0.0074610114097595215,0.0,0.0,0.0,0.0,2.8642578125,2.8642578125,0.0,0.0,0.0,0.0,0.0,0.0,0.0,0.0,0.0
1,460,18.01032334205229,18.022945823031478,False,-33.010990142822266,-0.5761504769325256,-89.97801971435547,-1.5704126358032227,90.15384674072266,1.5734814405441284,79.78022003173828,1.3924275636672974,88.61538696289062,1.5466302633285522,0.7554945054945055,0.007554945054945055,-0.564816951751709,-1.6351161003112793,1.5615606307983398,1.3785291910171509,1.5458420515060425,-0.0011511445045471191,-32.36162567138672,-0.5648169192636188,-93.68524932861328,-1.6351160613361089,89.4708251953125,1.5615604841345019,78.98390197753906,1.378529145580517,88.57022094726562,1.545841974748636,0.0,0.0,True,False,0.11511445045471191,0.0,0.0,0.0,0.0,0.0,0.0,0.0,0.0,0.0,0.0,0.0,0.0,0.0,0.0,0.0
1,461,18.043222870095633,18.055624329019338,False,-32.92307662963867,-0.5746160745620728,-91.03296661376953,-1.588824987411499,90.15384674072266,1.5734814405441284,79.78022003173828,1.3924275636672974,88.61538696289062,1.5466302633285522,0.7554945054945055,0.007554945054945055,-0.5660760402679443,-1.6417344808578491,1.5611146688461304,1.3805780410766602,1.543216347694397,0.00024302303791046143,-32.43376541137695,-0.5660759952479809,-94.064453125,-1.6417344161191192,89.44527435302734,1.561114537809968,79.10128784179688,1.380577915407115,88.4197769165039,1.5432162310718724,0.024302303791046143,0.00024302303791046143,False,False,0.0,0.0,0.0,0.0,0.0,0.0,0.0,0.0,0.0,0.0,0.0,0.0,0.0,0.0,0.0,0.0
1,462,18.077286521089263,18.091683431062847,False,-32.74725341796875,-0.5715473890304565,-92.17582702636719,-1.6087716817855835,90.15384674072266,1.5734814405441284,79.78022003173828,1.3924275636672974,88.61538696289062,1.5466302633285522,0.7554945054945055,0.007554945054945055,-0.5706681609153748,-1.6291111707687378,1.5509854555130005,1.3789806365966797,1.5441200733184814,-0.0012239590287208557,-32.696876525878906,-0.5706681504946318,-93.3411865234375,-1.6291110325521436,88.86491394042969,1.550985337761906,79.009765625,1.3789805513852855,88.4715576171875,1.544119974787791,0.0,0.0,True,False,0.12239590287208557,0.0,0.0,0.0,0.0,0.0,0.0,0.0,0.0,0.0,0.0,0.0,0.0,0.0,0.0,0.0
1,463,18.11106370505877,18.123841111082584,False,-32.57143020629883,-0.5684787034988403,-92.70330047607422,-1.6179778575897217,90.15384674072266,1.5734814405441284,79.78022003173828,1.3924275636672974,88.61538696289062,1.5466302633285522,0.7554945054945055,0.007554945054945055,-0.5733733773231506,-1.651643991470337,1.5442688465118408,1.3818899393081665,1.5499210357666016,-0.0008618831634521484,-32.851871490478516,-0.573373322950907,-94.6322250366211,-1.6516439053772496,88.4800796508789,1.544268712334672,79.17646026611328,1.3818899217181424,88.8039321899414,1.549921005432256,0.0,0.0,True,False,0.08618831634521484,0.0,0.0,0.0,0.0,0.0,0.0,0.0,0.0,0.0,0.0,0.0,0.0,0.0,0.0,0.0
1,464,18.14411121804733,18.157220054999925,False,-32.483516693115234,-0.5669443011283875,-92.87911987304688,-1.6210464239120483,90.15384674072266,1.5734814405441284,79.78022003173828,1.3924275636672974,88.61538696289062,1.5466302633285522,0.7554945054945055,0.007554945054945055,-0.5685380697250366,-1.6551628112792969,1.5412167310714722,1.3813282251358032,1.5427645444869995,-0.0013649612665176392,-32.5748291015625,-0.568538021096732,-94.8338394165039,-1.6551627401255713,88.30520629882812,1.5412165965673865,79.14427185058594,1.3813281278861902,88.39389038085938,1.5427644257929405,0.0,0.0,True,False,0.13649612665176392,0.0,0.0,0.0,0.0,0.0,0.0,0.0,0.0,0.0,0.0,0.0,0.0,0.0,0.0,0.0
1,465,18.177626008051448,18.189079827046953,False,-32.483516693115234,-0.5669443011283875,-92.87911987304688,-1.6210464239120483,90.15384674072266,1.5734814405441284,79.78022003173828,1.3924275636672974,88.61538696289062,1.5466302633285522,0.7554945054945055,0.007554945054945055,-0.5784907341003418,-1.6299012899398804,1.5199185609817505,1.379947543144226,1.5505802631378174,0.0002136528491973877,-33.145076751708984,-0.5784907201435489,-93.38645935058594,-1.6299011924475701,87.08491516113281,1.5199184983816958,79.0651626586914,1.3799474120190387,88.8416976928711,1.5505801378020505,0.02136528491973877,0.0002136528491973877,False,False,0.0,0.0,0.0,0.0,0.0,0.0,0.0,0.0,0.0,0.0,0.0,0.0,0.0,0.0,0.0,0.0
1,466,18.21098359208554,18.224409967078827,False,-32.483516693115234,-0.5669443011283875,-92.96703338623047,-1.6225807666778564,90.15384674072266,1.5734814405441284,79.78022003173828,1.3924275636672974,88.61538696289062,1.5466302633285522,0.7554945054945055,0.007554945054945055,-0.5537930130958557,-1.661602258682251,1.508078932762146,1.3895386457443237,1.553183674812317,-0.0017667785286903381,-31.73000144958496,-0.5537929969578311,-95.20278930664062,-1.6616021304833284,86.40655517578125,1.5080788831235306,79.61469268798828,1.38953852036885,88.9908676147461,1.5531836440837121,0.0,0.0,True,False,0.1766778528690338,0.0,0.0,0.0,0.0,0.0,0.0,0.0,0.0,0.0,0.0,0.0,0.0,0.0,0.0,0.0
1,467,18.244303045095876,18.256124549079686,False,-32.483516693115234,-0.5669443011283875,-93.31867980957031,-1.6287182569503784,90.15384674072266,1.5734814405441284,79.78022003173828,1.3924275636672974,88.61538696289062,1.5466302633285522,0.7554945054945055,0.007554945054945055,-0.5540784597396851,-1.629557490348816,1.4415980577468872,1.402944803237915,1.556998372077942,-0.0012754425406455994,-31.746355056762695,-0.5540784212476604,-93.36676025390625,-1.629557378350841,86.15384674072266,1.503668288884196,80.3828125,1.4029447401382544,89.20942687988281,1.556998222871087,0.0,0.0,True,False,0.12754425406455994,0.0,0.0,0.0,0.0,0.0,0.0,0.0,3.556365966796875,3.556365966796875,0.0,0.0,0.0,0.0,0.0,0.0
1,468,18.27782797499094,18.289946538046934,False,-32.659339904785156,-0.5700129866600037,-93.31867980957031,-1.6287182569503784,89.89010620117188,1.5688782930374146,79.86813354492188,1.3939619064331055,88.61538696289062,1.5466302633285522,0.7554945054945055,0.007554945054945055,-0.57639479637146,-1.5364211797714233,1.300333857536316,1.4060029983520508,1.5519903898239136,-0.0011305063962936401,-33.024986267089844,-0.5763947457866292,-89.31867980957031,-1.5589050462115839,85.89010620117188,1.4990651480980484,80.55803680419922,1.4060029811760468,88.92249298095703,1.5519902815992475,0.0,0.0,True,False,0.11305063962936401,0.0,0.0,0.0,0.0,1.288238525390625,1.288238525390625,0.0,11.386466979980469,11.386466979980469,0.0,0.0,0.0,0.0,0.0,0.0
1,469,18.311417338089086,18.325404533999972,False,-32.57143020629883,-0.5684787034988403,-93.4065933227539,-1.6302525997161865,89.80220031738281,1.567344069480896,79.86813354492188,1.3939619064331055,88.70330047607422,1.5481646060943604,0.7554945054945055,0.007554945054945055,-0.5852195024490356,-1.450891137123108,1.2325143814086914,1.4077600240707397,1.5560868978500366,-0.0001260712742805481,-33.53060531616211,-0.585219462953743,-89.4065933227539,-1.560439426473633,85.80220031738281,1.4975309009940536,80.65870666503906,1.4077600017052267,89.1572036743164,1.5560867559880074,0.0,0.0,True,False,0.01260712742805481,0.0,0.0,0.0,0.0,6.2766571044921875,6.2766571044921875,0.0,15.184333801269531,15.184333801269531,0.0,0.0,0.0,0.0,0.0,0.0
1,470,18.344554714043625,18.355590521008708,False,-32.21977996826172,-0.5623412132263184,-93.4945068359375,-1.6317869424819946,89.71428680419922,1.565809726715088,80.13186645507812,1.3985649347305298,88.61538696289062,1.5466302633285522,0.7554945054945055,0.007554945054945055,-0.5767508149147034,-1.3628977537155151,1.1616593599319458,1.4110015630722046,1.5550036430358887,-0.0009395331144332886,-33.045387268066406,-0.5767508104243728,-89.4945068359375,-1.561973806735682,85.71428680419922,1.4959965207320045,80.84442901611328,1.4110014682260166,89.09513854980469,1.5550035152146178,0.0,0.0,True,False,0.09395331144332886,0.0,0.0,0.0,0.0,11.406219482421875,11.406219482421875,0.0,19.156112670898438,19.156112670898438,0.0,0.0,0.0,0.0,0.0,0.0
1,471,18.37801773508545,18.388897172058932,False,-32.57143020629883,-0.5684787034988403,-92.17582702636719,-1.6087716817855835,89.53845977783203,1.5627409219741821,80.21977996826172,1.400099277496338,88.61538696289062,1.5466302633285522,0.7554945054945055,0.007554945054945055,-0.5656780004501343,-1.3517194986343384,1.134090781211853,1.4061461687088013,1.546448826789856,-0.0006699487566947937,-32.41096115112305,-0.5656779858230686,-88.17582702636719,-1.5389585022791084,85.53845977783203,1.4929277602079063,80.56623840332031,1.4061461260846386,88.60498809814453,1.5464487760030106,0.0,0.0,True,False,0.06699487566947937,0.0,0.0,0.0,0.0,10.728012084960938,10.728012084960938,0.0,20.559844970703125,20.559844970703125,0.0,0.0,0.0,0.0,0.0,0.0
1,472,18.411751898005605,18.423510164022446,False,-33.36263656616211,-0.5822878479957581,-90.94505310058594,-1.587290644645691,89.53845977783203,1.5627409219741821,80.21977996826172,1.400099277496338,89.05494689941406,1.5543019771575928,0.7554945054945055,0.007554945054945055,-0.5688073039054871,-1.2376099824905396,1.0577707290649414,1.4055228233337402,1.5432630777359009,-0.001299835741519928,-32.59025573730469,-0.568807266682939,-86.94505310058594,-1.5174774449265291,85.53845977783203,1.4929277602079063,80.530517578125,1.405522680073451,88.42245483398438,1.5432629695490034,0.0,0.0,True,False,0.1299835741519928,0.0,0.0,0.0,0.0,16.03522491455078,16.03522491455078,0.0,24.932662963867188,24.932662963867188,0.0,0.0,0.0,0.0,0.0,0.0
1,473,18.44506582408212,18.456417284091003,False,-32.74725341796875,-0.5715473890304565,-89.71428680419922,-1.565809726715088,89.53845977783203,1.5627409219741821,80.30769348144531,1.401633620262146,88.87911987304688,1.5512332916259766,0.7554945054945055,0.007554945054945055,-0.5750232934951782,-1.1165721416473389,0.9838764667510986,1.4067641496658325,1.5433818101882935,-0.0011672750115394592,-32.946407318115234,-0.5750232844042656,-85.71428680419922,-1.4959965207320045,85.53845977783203,1.4929277602079063,80.60164642333984,1.4067641126155916,88.42926025390625,1.5433817465336208,0.0,0.0,True,False,0.11672750115394592,0.0,0.0,0.0,0.0,21.739418029785156,21.739418029785156,0.0,29.166492462158203,29.166492462158203,0.0,0.0,0.0,0.0,0.0,0.0
1,474,18.4783033010317,18.49216344708111,False,-32.30769348144531,-0.5638756155967712,-89.53845977783203,-1.5627409219741821,89.53845977783203,1.5627409219741821,80.30769348144531,1.401633620262146,88.52747344970703,1.5450959205627441,0.7554945054945055,0.007554945054945055,-0.5832260847091675,-1.0325677394866943,0.9156540632247925,1.4115856885910034,1.54537034034729,-0.0002504289150238037,-33.41638946533203,-0.5832260202987914,-85.53845977783203,-1.4929277602079063,85.53845977783203,1.4929277602079063,80.87789916992188,1.4115856326111256,88.5431900024414,1.5453701957615287,0.0,0.0,True,False,0.02504289150238037,0.0,0.0,0.0,0.0,26.376689910888672,26.376689910888672,0.0,33.075347900390625,33.075347900390625,0.0,0.0,0.0,0.0,0.0,0.0
1,475,18.511734216008335,18.52423765801359,False,-33.098899841308594,-0.577684760093689,-88.48351287841797,-1.5443285703659058,89.53845977783203,1.5627409219741821,80.30769348144531,1.401633620262146,88.61538696289062,1.5466302633285522,0.7554945054945055,0.007554945054945055,-0.576871931552887,-0.9663562774658203,0.8635778427124023,1.4141334295272827,1.5439000129699707,-0.0013929754495620728,-33.05232620239258,-0.5768719176749442,-84.48351287841797,-1.4745154633794253,85.53845977783203,1.4929277602079063,81.02387237548828,1.41413334566795,88.45894622802734,1.5438998645236959,0.0,0.0,True,False,0.13929754495620728,0.0,0.0,0.0,0.0,29.115379333496094,29.115379333496094,0.0,36.05909729003906,36.05909729003906,0.0,0.0,0.0,0.0,0.0,0.0
1,476,18.546092297066934,18.55849196703639,False,-33.27472686767578,-0.5807535648345947,-87.51648712158203,-1.5274507999420166,89.53845977783203,1.5627409219741821,79.95604705810547,1.3954962491989136,89.05494689941406,1.5543019771575928,0.7554945054945055,0.007554945054945055,-0.5872629880905151,-0.8984088897705078,0.796729564666748,1.4106320142745972,1.5352903604507446,-0.0015565231442451477,-33.64768981933594,-0.5872629730371881,-83.51648712158203,-1.4576376799710482,85.53845977783203,1.4929277602079063,80.82325744628906,1.410631954624768,87.96565246582031,1.5352902641936332,0.0,0.0,True,False,0.15565231442451477,0.0,0.0,0.0,0.0,32.04145050048828,32.04145050048828,0.0,39.88922119140625,39.88922119140625,0.0,0.0,0.0,0.0,0.0,0.0
1,477,18.578979065059684,18.591408469015732,False,-32.74725341796875,-0.5715473890304565,-86.9011001586914,-1.5167102813720703,89.53845977783203,1.5627409219741821,79.95604705810547,1.3954962491989136,89.05494689941406,1.5543019771575928,0.7554945054945055,0.007554945054945055,-0.5936514735221863,-0.8492444753646851,0.7411153316497803,1.4100605249404907,1.5266128778457642,-0.0006501376628875732,-34.01372146606445,-0.5936514304390974,-82.9011001586914,-1.4468971512947586,85.53845977783203,1.4929277602079063,80.79051208496094,1.4100604402548371,87.46846771240234,1.5266127532557734,0.0,0.0,True,False,0.06501376628875732,0.0,0.0,0.0,0.0,34.242977142333984,34.242977142333984,0.0,43.075679779052734,43.075679779052734,0.0,0.0,0.0,0.0,0.0,0.0
1,478,18.61293713503983,18.62389707705006,False,-33.010990142822266,-0.5761504769325256,-86.02198028564453,-1.5013667345046997,89.45054626464844,1.561206579208374,79.95604705810547,1.3954962491989136,88.87911987304688,1.5512332916259766,0.7554945054945055,0.007554945054945055,-0.6063552498817444,-0.778278112411499,0.7106339335441589,1.4055153131484985,1.5406482219696045,-0.000500701367855072,-34.74159622192383,-0.6063552414709934,-82.02198028564453,-1.431553614990376,85.45054626464844,1.4913933799458572,80.53009033203125,1.4055152232223989,88.27263641357422,1.5406481448327092,0.0,0.0,True,False,0.0500701367855072,0.0,0.0,0.0,0.0,37.429931640625,37.429931640625,0.0,44.734222412109375,44.734222412109375,0.0,0.0,0.0,0.0,0.0,0.0
1,479,18.646391195012257,18.65699663304258,False,-33.89011001586914,-0.5914940237998962,-85.31867980957031,-1.4890918731689453,89.18681335449219,1.5566035509109497,79.95604705810547,1.3954962491989136,88.52747344970703,1.5450959205627441,0.7554945054945055,0.007554945054945055,-0.6269655227661133,-0.6937534809112549,0.6433925628662109,1.4062964916229248,1.5364930629730225,-0.0006213337182998657,-35.92247772216797,-0.6269655117261439,-81.31867980957031,-1.4192787060520373,85.18681335449219,1.4867903723177642,80.5748519897461,1.4062964615281737,88.03456115722656,1.536492947741913,0.0,0.0,True,False,0.06213337182998657,0.0,0.0,0.0,0.0,41.56953430175781,41.56953430175781,0.0,48.32313537597656,48.32313537597656,0.0,0.0,0.0,0.0,0.0,0.0
1,480,18.68004370399285,18.84850461804308,False,-34.06593322753906,-0.5945627093315125,-84.61538696289062,-1.4768171310424805,88.83516693115234,1.5504661798477173,79.95604705810547,1.3954962491989136,88.52747344970703,1.5450959205627441,0.7554945054945055,0.007554945054945055,-0.5751401782035828,-1.6052563190460205,1.553418517112732,1.3877846002578735,1.5382417440414429,-0.00125865638256073,-32.953102111816406,-0.5751401305970929,-88.61538696289062,-1.5466302704312995,89.00431823730469,1.5534184017338026,79.51419830322266,1.3877845624749239,88.13475799560547,1.5382417124717134,0.0,0.0,True,False,0.125865638256073,0.0,0.0,0.0,0.0,3.3590164184570312,3.3590164184570312,0.0,0.0,0.0,0.0,0.0,0.0,0.0,0.0,0.0
1,481,18.8499602250522,18.86240629607346,False,-35.47252655029297,-0.6191123723983765,-82.94505310058594,-1.4476642608642578,88.21977996826172,1.539725661277771,79.95604705810547,1.3954962491989136,88.52747344970703,1.5450959205627441,0.7554945054945055,0.007554945054945055,-0.5689635872840881,-1.6281524896621704,1.555785894393921,1.3876917362213135,1.5383656024932861,-0.002051934599876404,-32.59920883178711,-0.5689635276598993,-86.94505310058594,-1.5174774449265291,89.13996124267578,1.5557858187848286,79.50887298583984,1.38769161815288,88.14185333251953,1.5383655494624022,0.0,0.0,True,False,0.20519345998764038,0.0,0.0,0.0,0.0,6.341209411621094,6.341209411621094,0.0,0.0,0.0,0.0,0.0,0.0,0.0,0.0,0.0
1,482,18.88339893508237,18.893702806090005,False,-36.087913513183594,-0.6298528909683228,-82.94505310058594,-1.4476642608642578,88.21977996826172,1.539725661277771,79.95604705810547,1.3954962491989136,88.52747344970703,1.5450959205627441,0.7554945054945055,0.007554945054945055,-0.5804072022438049,-1.621617078781128,1.5479110479354858,1.384325385093689,1.5394147634506226,-0.0023314282298088074,-33.2548828125,-0.5804071974429971,-86.94505310058594,-1.5174774449265291,88.68876647949219,1.5479109845995187,79.31599426269531,1.3843252493769653,88.20196533203125,1.5394147017738389,0.0,0.0,True,False,0.23314282298088074,0.0,0.0,0.0,0.0,5.966758728027344,5.966758728027344,0.0,0.0,0.0,0.0,0.0,0.0,0.0,0.0,0.0
1,483,18.91669937002007,18.929472702089697,False,-35.20878982543945,-0.6145092844963074,-83.20879364013672,-1.4522674083709717,88.30769348144531,1.541260004043579,79.69230651855469,1.3908931016921997,88.52747344970703,1.5450959205627441,0.7554945054945055,0.007554945054945055,-0.5536394715309143,-1.6556411981582642,1.5674301385879517,1.383331298828125,1.5376487970352173,-0.0011344701051712036,-31.721202850341797,-0.5536394324314744,-87.20879364013672,-1.5220805857126767,89.80712890625,1.5674300911770365,79.25904083251953,1.3833312245000933,88.10078430175781,1.5376487596550072,0.0,0.0,True,False,0.11344701051712036,0.0,0.0,0.0,0.0,7.6524505615234375,7.6524505615234375,0.0,0.0,0.0,0.0,0.0,0.0,0.0,0.0,0.0
1,484,18.950057845097035,18.96275086607784,False,-33.80219650268555,-0.5899596214294434,-84.52747344970703,-1.4752826690673828,89.0988998413086,1.5550692081451416,79.6043930053711,1.3893587589263916,88.52747344970703,1.5450959205627441,0.7554945054945055,0.007554945054945055,-0.559323251247406,-1.6387488842010498,1.5527349710464478,1.3793023824691772,1.5373448133468628,-0.000963352620601654,-32.04685974121094,-0.5593232174089487,-88.52747344970703,-1.5450958901692504,88.96515655517578,1.5527349014400338,79.0281982421875,1.379302261244967,88.08336639404297,1.5373447598165748,0.0,0.0,True,False,0.0963352620601654,0.0,0.0,0.0,0.0,5.365913391113281,5.365913391113281,0.0,0.0,0.0,0.0,0.0,0.0,0.0,0.0,0.0
1,485,18.983718857052736,18.994717902038246,False,-33.098899841308594,-0.577684760093689,-85.67032623291016,-1.4952292442321777,89.89010620117188,1.5688782930374146,79.6043930053711,1.3893587589263916,88.17582702636719,1.5389585494995117,0.7554945054945055,0.007554945054945055,-0.5612599849700928,-1.650718331336975,1.5547162294387817,1.376409888267517,1.5340440273284912,-0.0007318258285522461,-32.1578254699707,-0.5612599347326817,-89.67032623291016,-1.565042434101726,89.07867431640625,1.5547161601329982,78.86247253417969,1.376409801985032,87.89424133300781,1.5340439048034762,0.0,0.0,True,False,0.07318258285522461,0.0,0.0,0.0,0.0,4.9088592529296875,4.9088592529296875,0.0,0.0,0.0,0.0,0.0,0.0,0.0,0.0,0.0
1,486,19.01699604606256,19.02808270708192,False,-33.010990142822266,-0.5761504769325256,-86.37362670898438,-1.5075041055679321,90.06593322753906,1.5719470977783203,79.69230651855469,1.3908931016921997,88.52747344970703,1.5450959205627441,0.7554945054945055,0.007554945054945055,-0.5624382495880127,-1.6318756341934204,1.5606144666671753,1.3779515027999878,1.538619875907898,-0.0015191882848739624,-32.225337982177734,-0.5624382503569872,-90.37362670898438,-1.5773173430400647,89.41661834716797,1.5606143961572512,78.95079803466797,1.3779513727820243,88.15641784667969,1.5386197481884503,0.0,0.0,True,False,0.15191882848739624,0.0,0.0,0.0,0.0,3.1259536743164062,3.1259536743164062,0.0,0.0,0.0,0.0,0.0,0.0,0.0,0.0,0.0
1,487,19.052731820032932,19.063698068028316,False,-33.098899841308594,-0.577684760093689,-87.34066009521484,-1.5243821144104004,90.06593322753906,1.5719470977783203,79.78022003173828,1.3924275636672974,88.52747344970703,1.5450959205627441,0.7554945054945055,0.007554945054945055,-0.5674331784248352,-1.624171495437622,1.5325161218643188,1.3828128576278687,1.5323865413665771,-5.11854887008667e-05,-32.51152420043945,-0.5674331421394854,-91.34066009521484,-1.5941952596064963,87.80670166015625,1.5325160492860976,79.22933959960938,1.3828128401939095,87.79927825927734,1.5323864864990653,0.0,0.0,True,False,0.00511854887008667,0.0,0.0,0.0,0.0,1.7175064086914062,1.7175064086914062,0.0,0.0,0.0,0.0,0.0,0.0,0.0,0.0,0.0
1,488,19.084230447071604,19.095074895070866,False,-32.74725341796875,-0.5715473890304565,-88.30769348144531,-1.541260004043579,90.06593322753906,1.5719470977783203,79.69230651855469,1.3908931016921997,88.35164642333984,1.5420271158218384,0.7554945054945055,0.007554945054945055,-0.5740817189216614,-1.6259400844573975,1.5374927520751953,1.3843514919281006,1.536189079284668,0.0007776394486427307,-32.8924560546875,-0.5740816572218409,-92.30769348144531,-1.611073176172928,88.09184265136719,1.5374926984151287,79.31749725341797,1.3843514815137028,88.01714324951172,1.5361889479034805,0.07776394486427307,0.0007776394486427307,False,False,0.0,0.0,0.0,0.0,0.0,0.851806640625,0.851806640625,0.0,0.0,0.0,0.0,0.0,0.0,0.0,0.0,0.0
1,489,19.118073430028744,19.129476591013372,False,-32.39560317993164,-0.5654099583625793,-89.010986328125,-1.553534746170044,90.06593322753906,1.5719470977783203,79.69230651855469,1.3908931016921997,87.9120864868164,1.5343554019927979,0.7554945054945055,0.007554945054945055,-0.5665283203125,-1.6388839483261108,1.5430958271026611,1.3835606575012207,1.5395934581756592,0.00023079663515090942,-32.459678649902344,-0.5665282665801037,-93.010986328125,-1.6233479519532121,88.41287231445312,1.5430957230325464,79.27217864990234,1.3835605226699492,88.21220397949219,1.5395933998829832,0.023079663515090942,0.00023079663515090942,False,False,0.0,0.0,0.0,0.0,0.0,0.8901443481445312,0.8901443481445312,0.0,0.0,0.0,0.0,0.0,0.0,0.0,0.0,0.0
1,490,19.151074375025928,19.162136144004762,False,-32.483516693115234,-0.5669443011283875,-89.80220031738281,-1.567344069480896,90.06593322753906,1.5719470977783203,79.69230651855469,1.3908931016921997,87.9120864868164,1.5343554019927979,0.7554945054945055,0.007554945054945055,-0.5624380111694336,-1.6411656141281128,1.5403108596801758,1.3835771083831787,1.5278418064117432,-0.00017324090003967285,-32.22532272338867,-0.5624379840408782,-93.80220031738281,-1.6371572411536,88.25330352783203,1.540310722322596,79.27312469482422,1.3835770342687077,87.53887939453125,1.5278416689407905,0.0,0.0,True,False,0.017324090003967285,0.0,0.0,0.0,0.0,0.2296600341796875,0.2296600341796875,0.0,0.0,0.0,0.0,0.0,0.0,0.0,0.0,0.0
1,491,19.18443979008589,19.19534709805157,False,-32.92307662963867,-0.5746160745620728,-90.68132019042969,-1.5826876163482666,90.06593322753906,1.5719470977783203,79.69230651855469,1.3908931016921997,87.9120864868164,1.5343554019927979,0.7554945054945055,0.007554945054945055,-0.566279411315918,-1.6383110284805298,1.5542397499084473,1.3833513259887695,1.5323303937911987,-0.0005920305848121643,-32.44541931152344,-0.5662793941762357,-93.86830139160156,-1.6383109225378223,89.05137634277344,1.554239720613983,79.26018524169922,1.383351198208269,87.79605865478516,1.5323302938000647,0.0,0.0,True,False,0.05920305848121643,0.0,0.0,0.0,0.0,0.0,0.0,0.0,0.0,0.0,0.0,0.0,0.0,0.0,0.0,0.0
1,492,19.217897408059798,19.228703470085748,False,-32.83516311645508,-0.5730817317962646,-91.64835357666016,-1.5995655059814453,90.06593322753906,1.5719470977783203,79.69230651855469,1.3908931016921997,88.26373291015625,1.5404927730560303,0.7554945054945055,0.007554945054945055,-0.5673452019691467,-1.6317722797393799,1.546021819114685,1.3847403526306152,1.5267184972763062,0.0010576620697975159,-32.50648498535156,-0.5673451912444855,-93.49365997314453,-1.6317721962714054,88.58052062988281,1.5460217381222165,79.33977508544922,1.3847403030328542,87.47451782226562,1.526718347592995,0.10576620697975159,0.0010576620697975159,False,False,0.0,0.0,0.0,0.0,0.0,0.0,0.0,0.0,0.0,0.0,0.0,0.0,0.0,0.0,0.0,0.0
1,493,19.251266481005587,19.262879447080195,False,-32.39560317993164,-0.5654099583625793,-92.61538696289062,-1.616443395614624,90.06593322753906,1.5719470977783203,79.69230651855469,1.3908931016921997,87.9120864868164,1.5343554019927979,0.7554945054945055,0.007554945054945055,-0.561551570892334,-1.6432403326034546,1.5463876724243164,1.383712887763977,1.5300687551498413,-0.00013415515422821045,-32.17453384399414,-0.5615515508720453,-94.1507339477539,-1.6432403005575045,88.60147857666016,1.546387523297939,79.2809066772461,1.3837128554843017,87.6664810180664,1.5300687374023694,0.0,0.0,True,False,0.013415515422821045,0.0,0.0,0.0,0.0,0.0,0.0,0.0,0.0,0.0,0.0,0.0,0.0,0.0,0.0,0.0
1,494,19.284739364986308,19.295484923990443,False,-32.21977996826172,-0.5623412132263184,-92.96703338623047,-1.6225807666778564,90.06593322753906,1.5719470977783203,79.69230651855469,1.3908931016921997,87.82417297363281,1.5328209400177002,0.7554945054945055,0.007554945054945055,-0.5673745274543762,-1.6234729290008545,1.5553585290908813,1.3818066120147705,1.525998830795288,0.0008340999484062195,-32.50816345214844,-0.5673744860164763,-93.01814270019531,-1.623472854208337,89.11547088623047,1.5553583814298708,79.17168426513672,1.381806564776023,87.43328857421875,1.5259987614664556,0.08340999484062195,0.0008340999484062195,False,False,0.0,0.0,0.0,0.0,0.0,0.0,0.0,0.0,0.0,0.0,0.0,0.0,0.0,0.0,0.0,0.0
1,495,19.3178716780385,19.329051937093027,False,-32.30769348144531,-0.5638756155967712,-93.05494689941406,-1.624115228652954,90.06593322753906,1.5719470977783203,79.69230651855469,1.3908931016921997,87.82417297363281,1.5328209400177002,0.7554945054945055,0.007554945054945055,-0.5693423748016357,-1.6310417652130127,1.5355135202407837,1.38499915599823,1.5338813066482544,-0.0009000599384307861,-32.620914459228516,-0.5693423623249632,-93.4518051147461,-1.6310416911843966,87.97843933105469,1.5355134370929817,79.35459899902344,1.3849990291327554,87.88491821289062,1.5338811856608723,0.0,0.0,True,False,0.09000599384307861,0.0,0.0,0.0,0.0,0.0,0.0,0.0,0.0,0.0,0.0,0.0,0.0,0.0,0.0,0.0
1,496,19.351264348020777,19.361598788993433,False,-32.483516693115234,-0.5669443011283875,-92.79120635986328,-1.6195120811462402,90.06593322753906,1.5719470977783203,79.69230651855469,1.3908931016921997,87.82417297363281,1.5328209400177002,0.7554945054945055,0.007554945054945055,-0.5711585283279419,-1.6392334699630737,1.5140711069107056,1.3867464065551758,1.5261034965515137,-0.0004958659410476685,-32.724971771240234,-0.5711585050303427,-93.92115783691406,-1.6392334415394259,86.7498779296875,1.5140709955762088,79.4547119140625,1.3867463291239566,87.43928527832031,1.526103423697296,0.0,0.0,True,False,0.049586594104766846,0.0,0.0,0.0,0.0,0.0,0.0,0.0,0.0,0.0,0.0,0.0,0.0,0.0,0.0,0.0
1,497,19.38466653600335,19.39552502799779,False,-32.57143020629883,-0.5684787034988403,-92.70330047607422,-1.6179778575897217,90.06593322753906,1.5719470977783203,79.69230651855469,1.3908931016921997,87.82417297363281,1.5328209400177002,0.7554945054945055,0.007554945054945055,-0.5486617684364319,-1.6765023469924927,1.54579496383667,1.3844999074935913,1.533215045928955,0.0008781924843788147,-31.436002731323242,-0.5486617513275209,-96.05650329589844,-1.6765022504662128,88.56752014160156,1.5457948367973418,79.32599639892578,1.3844998195864202,87.84674835205078,1.533214995914189,0.08781924843788147,0.0008781924843788147,False,False,0.0,0.0,0.0,0.0,0.0,0.0,0.0,0.0,0.0,0.0,0.0,0.0,0.0,0.0,0.0,0.0
1,498,19.418486913084053,19.429132375051267,False,-32.57143020629883,-0.5684787034988403,-92.79120635986328,-1.6195120811462402,89.97801971435547,1.5704126358032227,79.69230651855469,1.3908931016921997,87.82417297363281,1.5328209400177002,0.7554945054945055,0.007554945054945055,-0.5575356483459473,-1.6517773866653442,1.5413039922714233,1.3842542171478271,1.5281823873519897,0.0020421966910362244,-31.94443702697754,-0.5575356038167467,-94.6398696899414,-1.6517773297478626,88.31021118164062,1.541303948251141,79.31192016601562,1.3842541429758604,87.55839538574219,1.5281822872442117,0.20421966910362244,0.0020421966910362244,False,False,0.0,0.0,0.0,0.0,0.0,0.0,0.0,0.0,0.0,0.0,0.0,0.0,0.0,0.0,0.0,0.0
1,499,19.45193697907962,19.463039727066644,False,-32.483516693115234,-0.5669443011283875,-93.4065933227539,-1.6302525997161865,89.97801971435547,1.5704126358032227,79.69230651855469,1.3908931016921997,87.82417297363281,1.5328209400177002,0.7554945054945055,0.007554945054945055,-0.5613369345664978,-1.6373473405838013,1.5406986474990845,1.3847453594207764,1.536211371421814,0.0006476417183876038,-32.162235260009766,-0.5613369000881849,-93.8130874633789,-1.637347257697377,88.27552795410156,1.540698611735366,79.34005737304688,1.384745229880871,88.01842498779297,1.536211318456637,0.06476417183876038,0.0006476417183876038,False,False,0.0,0.0,0.0,0.0,0.0,0.0,0.0,0.0,0.0,0.0,0.0,0.0,0.0,0.0,0.0,0.0
1,500,19.485134791000746,19.49623746809084,False,-32.21977996826172,-0.5623412132263184,-94.28571319580078,-1.6455961465835571,89.97801971435547,1.5704126358032227,79.69230651855469,1.3908931016921997,87.82417297363281,1.5328209400177002,0.7554945054945055,0.007554945054945055,-0.5635719895362854,-1.6250933408737183,1.5181615352630615,1.3850528001785278,1.5266871452331543,0.001907259225845337,-32.2902946472168,-0.563571958033034,-93.1109848022461,-1.6250932545735957,86.98424530029297,1.518161477852516,79.35767364501953,1.3850526918287205,87.47272491455078,1.5266870554501868,0.1907259225845337,0.001907259225845337,False,False,0.0,0.0,0.0,0.0,0.0,0.0,0.0,0.0,0.0,0.0,0.0,0.0,0.0,0.0,0.0,0.0
1,501,19.518532776040956,19.529211393091828,False,-32.131866455078125,-0.5608068704605103,-94.46154022216797,-1.6486648321151733,89.97801971435547,1.5704126358032227,79.69230651855469,1.3908931016921997,87.82417297363281,1.5328209400177002,0.7554945054945055,0.007554945054945055,-0.5621695518493652,-1.6396980285644531,1.5200049877166748,1.3868114948272705,1.5318865776062012,0.0014501512050628662,-32.20994186401367,-0.5621695374029982,-93.94776916503906,-1.6396978968335356,87.0898666381836,1.520004917959069,79.45844268798828,1.3868114434126089,87.7706298828125,1.5318864780044028,0.14501512050628662,0.0014501512050628662,False,False,0.0,0.0,0.0,0.0,0.0,0.0,0.0,0.0,0.0,0.0,0.0,0.0,0.0,0.0,0.0,0.0
1,502,19.551938886055723,19.562872593989596,False,-32.0439567565918,-0.5592725276947021,-94.19779968261719,-1.6440616846084595,89.97801971435547,1.5704126358032227,79.69230651855469,1.3908931016921997,87.82417297363281,1.5328209400177002,0.7554945054945055,0.007554945054945055,-0.5599638819694519,-1.644871473312378,1.5314130783081055,1.3836899995803833,1.5339432954788208,0.0003150328993797302,-32.08356475830078,-0.5599638408091674,-94.24418640136719,-1.6448713535671236,87.74349975585938,1.5314129679625867,79.27959442138672,1.383689952298927,87.88847351074219,1.5339432373142712,0.03150328993797302,0.0003150328993797302,False,False,0.0,0.0,0.0,0.0,0.0,0.0,0.0,0.0,0.0,0.0,0.0,0.0,0.0,0.0,0.0,0.0
1,503,19.585506558069028,19.59637082798872,False,-32.0439567565918,-0.5592725276947021,-93.84615325927734,-1.637924313545227,89.97801971435547,1.5704126358032227,79.69230651855469,1.3908931016921997,87.82417297363281,1.5328209400177002,0.7554945054945055,0.007554945054945055,-0.5658193230628967,-1.6310303211212158,1.5227928161621094,1.3844751119613647,1.5268535614013672,0.0026246532797813416,-32.4190559387207,-0.5658192665188974,-93.4511489868164,-1.6310302395917093,87.24959564208984,1.5227927149881637,79.32457733154297,1.3844750521882825,87.48226165771484,1.5268535030183166,0.26246532797813416,0.0026246532797813416,False,False,0.0,0.0,0.0,0.0,0.0,0.0,0.0,0.0,0.0,0.0,0.0,0.0,0.0,0.0,0.0,0.0
1,504,19.619263483094983,19.63082556601148,False,-32.131866455078125,-0.5608068704605103,-93.84615325927734,-1.637924313545227,89.89010620117188,1.5688782930374146,79.69230651855469,1.3908931016921997,87.82417297363281,1.5328209400177002,0.7554945054945055,0.007554945054945055,-0.5705601572990417,-1.615907073020935,1.4982763528823853,1.3855963945388794,1.5314629077911377,0.0012468397617340088,-32.6906852722168,-0.5705600927334019,-92.58464813232422,-1.6159069467094762,85.89010620117188,1.4990651480980484,79.38882446289062,1.3855963761652603,87.74635314941406,1.5314627690749714,0.12468397617340088,0.0012468397617340088,False,False,0.0,0.0,0.0,0.0,0.0,0.0,0.0,0.0,0.045196533203125,0.045196533203125,0.0,0.0,0.0,0.0,0.0,0.0
1,505,19.65313991601579,19.664258022094145,False,-32.131866455078125,-0.5608068704605103,-93.84615325927734,-1.637924313545227,89.89010620117188,1.5688782930374146,79.69230651855469,1.3908931016921997,87.82417297363281,1.5328209400177002,0.7554945054945055,0.007554945054945055,-0.5892754197120667,-1.4497486352920532,1.3079683780670166,1.3863186836242676,1.5345100164413452,0.0002084299921989441,-33.76299285888672,-0.5892753907149064,-89.84615325927734,-1.5681111946258242,85.89010620117188,1.4990651480980484,79.43020629882812,1.3863186254528896,87.92094421386719,1.53450995799424,0.02084299921989441,0.0002084299921989441,False,False,0.0,0.0,0.0,0.0,0.0,6.78167724609375,6.78167724609375,0.0,10.949043273925781,10.949043273925781,0.0,0.0,0.0,0.0,0.0,0.0
1,506,19.687874700990506,19.69945604703389,False,-32.131866455078125,-0.5608068704605103,-93.67032623291016,-1.6348556280136108,89.89010620117188,1.5688782930374146,79.69230651855469,1.3908931016921997,87.73626708984375,1.5312867164611816,0.7554945054945055,0.007554945054945055,-0.6041374206542969,-1.281893014907837,1.1650516986846924,1.3900171518325806,1.5340580940246582,-0.00037285685539245605,-34.61452102661133,-0.6041373609151754,-89.67032623291016,-1.565042434101726,85.89010620117188,1.4990651480980484,79.6421127319336,1.3900170904167373,87.89505004882812,1.5340580195572535,0.0,0.0,True,False,0.037285685539245605,0.0,0.0,0.0,0.0,16.22327423095703,16.22327423095703,0.0,19.13756561279297,19.13756561279297,0.0,0.0,0.0,0.0,0.0,0.0
1,507,19.720283225062303,19.731757011031732,False,-32.483516693115234,-0.5669443011283875,-93.4945068359375,-1.6317869424819946,89.89010620117188,1.5688782930374146,79.69230651855469,1.3908931016921997,87.73626708984375,1.5312867164611816,0.7554945054945055,0.007554945054945055,-0.6115978360176086,-1.174511194229126,1.0462135076522827,1.3905071020126343,1.5310639142990112,-0.0010903477668762207,-35.04197311401367,-0.6115978072348689,-89.4945068359375,-1.561973806735682,85.89010620117188,1.4990651480980484,79.67018127441406,1.3905069788992575,87.72349548339844,1.5310638275436774,0.0,0.0,True,False,0.10903477668762207,0.0,0.0,0.0,0.0,22.199974060058594,22.199974060058594,0.0,25.946491241455078,25.946491241455078,0.0,0.0,0.0,0.0,0.0,0.0
1,508,19.753648500074632,19.76475173200015,False,-33.626373291015625,-0.5868909358978271,-92.0879135131836,-1.6072373390197754,89.89010620117188,1.5688782930374146,79.69230651855469,1.3908931016921997,87.73626708984375,1.5312867164611816,0.7554945054945055,0.007554945054945055,-0.6098139882087708,-1.068298578262329,0.9777134656906128,1.3923618793487549,1.5332927703857422,-0.0006830990314483643,-34.93976593017578,-0.6098139553577065,-88.0879135131836,-1.5374241220170592,85.89010620117188,1.4990651480980484,79.77645111083984,1.3923617374404431,87.8511962890625,1.5332926270599647,0.0,0.0,True,False,0.06830990314483643,0.0,0.0,0.0,0.0,26.878917694091797,26.878917694091797,0.0,29.871253967285156,29.871253967285156,0.0,0.0,0.0,0.0,0.0,0.0
1,509,19.786753187072463,19.798336175037548,False,-34.41758346557617,-0.6007001399993896,-91.03296661376953,-1.588824987411499,89.89010620117188,1.5688782930374146,79.69230651855469,1.3908931016921997,88.0879135131836,1.537424087524414,0.7554945054945055,0.007554945054945055,-0.6131393909454346,-0.9715762138366699,0.8946899175643921,1.3948419094085693,1.5353349447250366,-0.0003846883773803711,-35.13029861450195,-0.6131393780318612,-87.03296661376953,-1.5190118251885782,85.89010620117188,1.4990651480980484,79.91854858398438,1.3948418062055794,87.96820831298828,1.535334872141892,0.0,0.0,True,False,0.03846883773803711,0.0,0.0,0.0,0.0,31.365753173828125,31.365753173828125,0.0,34.628150939941406,34.628150939941406,0.0,0.0,0.0,0.0,0.0,0.0
1,510,19.820572821074165,19.993179374025203,False,-34.32966995239258,-0.5991657376289368,-89.89010620117188,-1.5688782930374146,89.89010620117188,1.5688782930374146,79.69230651855469,1.3908931016921997,88.17582702636719,1.5389585494995117,0.7554945054945055,0.007554945054945055,-0.5756924748420715,-1.6570570468902588,1.5645073652267456,1.381611704826355,1.5284298658370972,-0.0007095634937286377,-32.98474884033203,-0.5756924702071753,-93.89010620117188,-1.6386914882575947,89.63966369628906,1.5645072718806745,79.16051483154297,1.381611621384229,87.57257843017578,1.5284298280675346,0.0,0.0,True,False,0.07095634937286377,0.0,0.0,0.0,0.0,1.0522613525390625,1.0522613525390625,0.0,0.0,0.0,0.0,0.0,0.0,0.0,0.0,0.0
1,511,19.99472230707761,20.00620137201622,False,-34.593406677246094,-0.6037688255310059,-87.78022003173828,-1.532053828239441,89.80220031738281,1.567344069480896,79.69230651855469,1.3908931016921997,87.73626708984375,1.5312867164611816,0.7554945054945055,0.007554945054945055,-0.5602790117263794,-1.6757854223251343,1.5835545063018799,1.3777928352355957,1.5302037000656128,-0.00039461255073547363,-32.101619720458984,-0.5602789593451509,-91.78022003173828,-1.6018670277586875,90.73098754882812,1.58355446631303,78.94171142578125,1.37779278153911,87.67420959472656,1.530203626511582,0.0,0.0,True,False,0.03946125507354736,0.0,0.0,0.0,0.0,4.235206604003906,4.235206604003906,0.0,0.0,0.0,0.0,0.0,0.0,0.0,0.0,0.0
1,512,20.028021073085256,20.03916368901264,False,-35.20878982543945,-0.6145092844963074,-88.13186645507812,-1.5381911993026733,89.80220031738281,1.567344069480896,79.69230651855469,1.3908931016921997,87.82417297363281,1.5328209400177002,0.7554945054945055,0.007554945054945055,-0.5641714334487915,-1.669657588005066,1.5739588737487793,1.3787060976028442,1.530385136604309,-0.0011795908212661743,-32.324642181396484,-0.5641714355944107,-92.13186645507812,-1.6080044156488296,90.18119812011719,1.5739588305893657,78.99403381347656,1.3787059794768983,87.68460083007812,1.5303849877818163,0.0,0.0,True,False,0.11795908212661743,0.0,0.0,0.0,0.0,3.5324630737304688,3.5324630737304688,0.0,0.0,0.0,0.0,0.0,0.0,0.0,0.0,0.0
1,513,20.06158806604799,20.07229228806682,False,-34.68132019042969,-0.6053032279014587,-88.21977996826172,-1.539725661277771,89.80220031738281,1.567344069480896,79.6043930053711,1.3893587589263916,88.17582702636719,1.5389585494995117,0.7554945054945055,0.007554945054945055,-0.5674333572387695,-1.652449369430542,1.569308876991272,1.3783586025238037,1.5349788665771484,-0.00026153773069381714,-32.51153564453125,-0.5674333418765671,-92.21977996826172,-1.609538795910879,89.9147720336914,1.5693088181680328,78.97412872314453,1.3783585701126975,87.94780731201172,1.5349788075041484,0.0,0.0,True,False,0.026153773069381714,0.0,0.0,0.0,0.0,2.458587646484375,2.458587646484375,0.0,0.0,0.0,0.0,0.0,0.0,0.0,0.0,0.0
1,514,20.095026804017834,20.105982652050443,False,-33.010990142822266,-0.5761504769325256,-89.36264038085938,-1.559672236442566,90.5054931640625,1.5796188116073608,79.51648712158203,1.387824535369873,88.0,1.535889744758606,0.7554945054945055,0.007554945054945055,-0.5741478204727173,-1.6545546054840088,1.5613850355148315,1.3785974979400635,1.53579580783844,-0.0011933967471122742,-32.896244049072266,-0.5741477701959021,-93.36264038085938,-1.6294854730014088,89.46076965332031,1.5613849818186656,78.9878158569336,1.3785974556624776,87.99461364746094,1.5357957321685303,0.0,0.0,True,False,0.11933967471122742,0.0,0.0,0.0,0.0,1.4363479614257812,1.4363479614257812,0.0,0.0,0.0,0.0,0.0,0.0,0.0,0.0,0.0
1,515,20.12867529306095,20.13971597899217,False,-32.83516311645508,-0.5730817317962646,-90.76923370361328,-1.5842219591140747,91.12088012695312,1.5903593301773071,79.51648712158203,1.387824535369873,87.73626708984375,1.5312867164611816,0.7554945054945055,0.007554945054945055,-0.5786339640617371,-1.6467176675796509,1.5533238649368286,1.3803502321243286,1.5424067974090576,-0.002141989767551422,-33.153282165527344,-0.5786339316311678,-94.34996795654297,-1.646717589992821,88.99889373779297,1.5533237263570503,79.08824157714844,1.380350215133913,88.37339782714844,1.542406763258543,0.0,0.0,True,False,0.2141989767551422,0.0,0.0,0.0,0.0,0.0,0.0,0.0,0.0,0.0,0.0,0.0,0.0,0.0,0.0,0.0
1,516,20.161945400061086,20.172678286093287,False,-33.4505500793457,-0.5838222503662109,-91.20879364013672,-1.5918937921524048,91.03296661376953,1.588824987411499,79.51648712158203,1.387824535369873,88.26373291015625,1.5404927730560303,0.7554945054945055,0.007554945054945055,-0.5716590881347656,-1.656783103942871,1.5468510389328003,1.3773987293243408,1.538865327835083,-0.002842262387275696,-32.7536506652832,-0.5716590461572231,-94.92667388916016,-1.6567830073327754,88.6280288696289,1.5468509133276127,78.91912841796875,1.3773986336977784,88.17048645019531,1.5388652916409555,0.0,0.0,True,False,0.2842262387275696,0.0,0.0,0.0,0.0,0.0,0.0,0.0,0.0,0.0,0.0,0.0,0.0,0.0,0.0,0.0
1,517,20.195468662073836,20.209038178087212,False,-33.36263656616211,-0.5822878479957581,-92.87911987304688,-1.6210464239120483,91.03296661376953,1.588824987411499,79.51648712158203,1.387824535369873,88.0,1.535889744758606,0.7554945054945055,0.007554945054945055,-0.5644333958625793,-1.6391065120697021,1.5029985904693604,1.377344012260437,1.539262294769287,-0.0030698999762535095,-32.33964920043945,-0.5644333574876201,-93.91387939453125,-1.639106408755429,87.03296661376953,1.5190118251885782,78.9159927368164,1.3773439057373773,88.19322967529297,1.5392622358014318,0.0,0.0,True,False,0.30698999762535095,0.0,0.0,0.0,0.0,0.0,0.0,0.0,0.9174957275390625,0.9174957275390625,0.0,0.0,0.0,0.0,0.0,0.0
1,518,20.229164717020467,20.242499318090267,False,-32.83516311645508,-0.5730817317962646,-93.31867980957031,-1.6287182569503784,91.03296661376953,1.588824987411499,79.51648712158203,1.387824535369873,87.73626708984375,1.5312867164611816,0.7554945054945055,0.007554945054945055,-0.5954010486602783,-1.48383367061615,1.3405892848968506,1.373306393623352,1.532881498336792,-0.0026931986212730408,-34.11396408081055,-0.595400994117225,-89.31867980957031,-1.5589050462115839,87.03296661376953,1.5190118251885782,78.68465423583984,1.373306287208708,87.82763671875,1.5328814349876565,0.0,0.0,True,False,0.2693198621273041,0.0,0.0,0.0,0.0,4.301277160644531,4.301277160644531,0.0,10.222862243652344,10.222862243652344,0.0,0.0,0.0,0.0,0.0,0.0
1,519,20.262717428035103,20.274517772020772,False,-33.098899841308594,-0.577684760093689,-93.4065933227539,-1.6302525997161865,90.94505310058594,1.587290644645691,79.51648712158203,1.387824535369873,87.73626708984375,1.5312867164611816,0.7554945054945055,0.007554945054945055,-0.5868943333625793,-1.4729945659637451,1.353248953819275,1.3783562183380127,1.53804612159729,-0.0017765164375305176,-33.62656784057617,-0.5868943249632939,-89.4065933227539,-1.560439426473633,86.94505310058594,1.5174774449265291,78.97399139404297,1.3783561732677163,88.12355041503906,1.538046103289647,0.0,0.0,True,False,0.17765164375305176,0.0,0.0,0.0,0.0,5.010223388671875,5.010223388671875,0.0,9.40960693359375,9.40960693359375,0.0,0.0,0.0,0.0,0.0,0.0
1,520,20.296112767071463,20.307604028028436,False,-33.4505500793457,-0.5838222503662109,-92.96703338623047,-1.6225807666778564,90.68132019042969,1.5826876163482666,79.51648712158203,1.387824535369873,87.82417297363281,1.5328209400177002,0.7554945054945055,0.007554945054945055,-0.5816208124160767,-1.5654460191726685,1.4555132389068604,1.3813656568527222,1.5306305885314941,-0.0007115006446838379,-33.32441711425781,-0.5816207999517462,-89.69344329833984,-1.5654459030068728,86.68132019042969,1.5128744372984362,79.14641571044922,1.381365545299506,87.69866943359375,1.5306305312343216,0.0,0.0,True,False,0.07115006446838379,0.0,0.0,0.0,0.0,0.0,0.0,0.0,3.28656005859375,3.28656005859375,0.0,0.0,0.0,0.0,0.0,0.0
1,521,20.329627386061475,20.341634788084775,False,-33.53845977783203,-0.5853565335273743,-92.43955993652344,-1.6133747100830078,90.5934066772461,1.5811532735824585,79.51648712158203,1.387824535369873,87.73626708984375,1.5312867164611816,0.7554945054945055,0.007554945054945055,-0.5706577897071838,-1.610161304473877,1.5064157247543335,1.3797181844711304,1.534212350845337,-0.0007025152444839478,-32.69628143310547,-0.5706577641663805,-92.25543975830078,-1.6101611766576303,86.5934066772461,1.511340057036387,79.0520248413086,1.3797181138491827,87.90388488769531,1.534212216584369,0.0,0.0,True,False,0.07025152444839478,0.0,0.0,0.0,0.0,0.0,0.0,0.0,0.2821502685546875,0.2821502685546875,0.0,0.0,0.0,0.0,0.0,0.0
1,522,20.362838831031695,20.375660699093714,False,-33.626373291015625,-0.5868909358978271,-91.20879364013672,-1.5918937921524048,90.5934066772461,1.5811532735824585,79.51648712158203,1.387824535369873,87.73626708984375,1.5312867164611816,0.7554945054945055,0.007554945054945055,-0.5752689242362976,-1.6084853410720825,1.5188697576522827,1.3782289028167725,1.5234882831573486,-0.00045318156480789185,-32.960479736328125,-0.5752688944357982,-92.15941619873047,-1.6084852493836435,87.02481842041016,1.518869612386368,78.9666976928711,1.3782288741676105,87.28944396972656,1.5234881995068381,0.0,0.0,True,False,0.045318156480789185,0.0,0.0,0.0,0.0,0.0,0.0,0.0,0.0,0.0,0.0,0.0,0.0,0.0,0.0,0.0
1,523,20.3962419180898,20.407400333089754,False,-33.53845977783203,-0.5853565335273743,-90.5054931640625,-1.5796188116073608,90.5934066772461,1.5811532735824585,79.51648712158203,1.387824535369873,87.82417297363281,1.5328209400177002,0.7554945054945055,0.007554945054945055,-0.574717104434967,-1.6137027740478516,1.5263385772705078,1.3768084049224854,1.5299906730651855,0.000917091965675354,-32.928863525390625,-0.5747170874579338,-92.4583511352539,-1.6137026482752177,87.45275115966797,1.5263384476634954,78.88530731201172,1.3768083440421623,87.66200256347656,1.5299905736243755,0.0917091965675354,0.000917091965675354,False,False,0.0,0.0,0.0,0.0,0.0,0.0,0.0,0.0,0.0,0.0,0.0,0.0,0.0,0.0,0.0,0.0
1,524,20.42954622709658,20.440380876068957,False,-33.098899841308594,-0.577684760093689,-91.20879364013672,-1.5918937921524048,90.5934066772461,1.5811532735824585,79.51648712158203,1.387824535369873,87.73626708984375,1.5312867164611816,0.7554945054945055,0.007554945054945055,-0.571869969367981,-1.6307454109191895,1.5223697423934937,1.3800989389419556,1.528178095817566,0.0004386827349662781,-32.7657356262207,-0.5718699685155574,-93.43482208251953,-1.6307452813550707,87.22535705566406,1.5223696718490047,79.07383728027344,1.3800988127270097,87.55815124511719,1.5281780261864675,0.04386827349662781,0.0004386827349662781,False,False,0.0,0.0,0.0,0.0,0.0,0.0,0.0,0.0,0.0,0.0,0.0,0.0,0.0,0.0,0.0,0.0
1,525,20.462992637068965,20.47749390406534,False,-32.92307662963867,-0.5746160745620728,-92.26373291015625,-1.610305905342102,90.5934066772461,1.5811532735824585,79.51648712158203,1.387824535369873,87.73626708984375,1.5312867164611816,0.7554945054945055,0.007554945054945055,-0.5763351321220398,-1.6304808855056763,1.5356273651123047,1.3775328397750854,1.5283015966415405,-0.0004047006368637085,-33.021568298339844,-0.5763350909782115,-93.41967010498047,-1.630480829458826,87.9849624633789,1.5356272872295826,78.92681121826172,1.3775327238586639,87.56522369384766,1.5283014637029928,0.0,0.0,True,False,0.04047006368637085,0.0,0.0,0.0,0.0,0.0,0.0,0.0,0.0,0.0,0.0,0.0,0.0,0.0,0.0,0.0
1,526,20.496495636063628,20.510183660080656,False,-32.92307662963867,-0.5746160745620728,-92.35164642333984,-1.6118402481079102,90.5934066772461,1.5811532735824585,79.51648712158203,1.387824535369873,87.73626708984375,1.5312867164611816,0.7554945054945055,0.007554945054945055,-0.5790156126022339,-1.6109591722488403,1.5153312683105469,1.3769811391830444,1.5266618728637695,-6.205588579177856e-05,-33.175148010253906,-0.5790155626153762,-92.30115509033203,-1.6109590597202181,86.82208251953125,1.5153312034040343,78.89520263671875,1.376981050038854,87.47127532958984,1.526661755419831,0.0,0.0,True,False,0.0062055885791778564,0.0,0.0,0.0,0.0,0.0,0.0,0.0,0.0,0.0,0.0,0.0,0.0,0.0,0.0,0.0
1,527,20.529929385054857,20.543977299006656,False,-33.098899841308594,-0.577684760093689,-92.35164642333984,-1.6118402481079102,90.5934066772461,1.5811532735824585,79.51648712158203,1.387824535369873,87.73626708984375,1.5312867164611816,0.7554945054945055,0.007554945054945055,-0.5735600590705872,-1.6160584688186646,1.508678913116455,1.3801259994506836,1.5283796787261963,1.3619661331176758e-05,-32.86256790161133,-0.5735600105433216,-92.59332275390625,-1.6160583474174472,86.5934066772461,1.511340057036387,79.07539367675781,1.3801259769701284,87.5697021484375,1.5283796274809867,0.0013619661331176758,1.3619661331176758e-05,False,False,0.0,0.0,0.0,0.0,0.0,0.0,0.0,0.0,0.15247344970703125,0.15247344970703125,0.0,0.0,0.0,0.0,0.0,0.0
1,528,20.563139006029814,20.576556507032365,False,-33.18681335449219,-0.5792191624641418,-92.26373291015625,-1.610305905342102,90.5934066772461,1.5811532735824585,79.51648712158203,1.387824535369873,87.73626708984375,1.5312867164611816,0.7554945054945055,0.007554945054945055,-0.575682520866394,-1.6091991662979126,1.490351915359497,1.3805731534957886,1.528656005859375,-0.0006311312317848206,-32.98417663574219,-0.5756824833530876,-92.2003173828125,-1.6091991097138392,86.5934066772461,1.511340057036387,79.10101318359375,1.3805731217171529,87.58553314208984,1.5286559304440823,0.0,0.0,True,False,0.06311312317848206,0.0,0.0,0.0,0.0,0.0,0.0,0.0,1.2025375366210938,1.2025375366210938,0.0,0.0,0.0,0.0,0.0,0.0
1,529,20.596579506993294,20.60981206409633,False,-33.18681335449219,-0.5792191624641418,-92.26373291015625,-1.610305905342102,90.4175796508789,1.5780844688415527,79.51648712158203,1.387824535369873,87.73626708984375,1.5312867164611816,0.7554945054945055,0.007554945054945055,-0.5671416521072388,-1.6223063468933105,1.5036557912826538,1.380724549293518,1.5259226560592651,0.0012025535106658936,-32.49481964111328,-0.5671415925791489,-92.95130157470703,-1.6223062564928277,86.4175796508789,1.5082712965122889,79.10968780517578,1.380724522425124,87.42892456054688,1.5259225950592794,0.12025535106658936,0.0012025535106658936,False,False,0.0,0.0,0.0,0.0,0.0,0.0,0.0,0.0,0.2644500732421875,0.2644500732421875,0.0,0.0,0.0,0.0,0.0,0.0
1,530,20.630703869042918,20.644967233063653,False,-33.010990142822266,-0.5761504769325256,-92.26373291015625,-1.610305905342102,90.32967376708984,1.5765502452850342,79.51648712158203,1.387824535369873,87.73626708984375,1.5312867164611816,0.7554945054945055,0.007554945054945055,-0.576521635055542,-1.6074734926223755,1.483819603919983,1.384485125541687,1.5281352996826172,0.00036891549825668335,-33.03225326538086,-0.5765215788335443,-92.1014404296875,-1.6074733813274678,86.32967376708984,1.5067370494082941,79.32514953613281,1.3844850390423702,87.55569458007812,1.5281351492929174,0.036891549825668335,0.00036891549825668335,False,False,0.0,0.0,0.0,0.0,0.0,0.0,0.0,0.0,1.313079833984375,1.313079833984375,0.0,0.0,0.0,0.0,0.0,0.0
1,531,20.664086129050702,20.678396217059344,False,-32.92307662963867,-0.5746160745620728,-92.43955993652344,-1.6133747100830078,90.32967376708984,1.5765502452850342,79.51648712158203,1.387824535369873,87.73626708984375,1.5312867164611816,0.7554945054945055,0.007554945054945055,-0.5679802298545837,-1.5934792757034302,1.4548938274383545,1.3864617347717285,1.5325031280517578,2.4363398551940918e-05,-32.542869567871094,-0.5679802220064148,-91.29962921142578,-1.593479135589374,86.32967376708984,1.5067370494082941,79.43840026855469,1.386461637203427,87.80595397949219,1.5325029997967563,0.002436339855194092,2.4363398551940918e-05,False,False,0.0,0.0,0.0,0.0,0.0,0.0,0.0,0.0,2.9704055786132812,2.9704055786132812,0.0,0.0,0.0,0.0,0.0,0.0
1,532,20.697414148016833,20.71071188605856,False,-32.92307662963867,-0.5746160745620728,-92.43955993652344,-1.6133747100830078,90.32967376708984,1.5765502452850342,79.51648712158203,1.387824535369873,87.73626708984375,1.5312867164611816,0.7554945054945055,0.007554945054945055,-0.5690047144889832,-1.5597320795059204,1.397979497909546,1.3875848054885864,1.5274419784545898,-0.000760495662689209,-32.601566314697266,-0.5690046734987411,-89.36605834960938,-1.5597319577300535,86.32967376708984,1.5067370494082941,79.50274658203125,1.3875846922351134,87.51597595214844,1.5274419284611696,0.0,0.0,True,False,0.0760495662689209,0.0,0.0,0.0,0.0,0.0,0.0,0.0,6.231353759765625,6.231353759765625,0.0,0.0,0.0,0.0,0.0,0.0
1,533,20.730853058048524,20.74504320009146,False,-33.010990142822266,-0.5761504769325256,-92.52747344970703,-1.614909052848816,90.32967376708984,1.5765502452850342,79.51648712158203,1.387824535369873,87.73626708984375,1.5312867164611816,0.7554945054945055,0.007554945054945055,-0.559934139251709,-1.6120237112045288,1.4558907747268677,1.3865175247192383,1.5401175022125244,0.00033029913902282715,-32.08185958862305,-0.5599340799839857,-92.36215209960938,-1.6120236583659773,86.32967376708984,1.5067370494082941,79.44159698486328,1.3865174304282641,88.24222564697266,1.5401173768274563,0.033029913902282715,0.00033029913902282715,False,False,0.0,0.0,0.0,0.0,0.0,0.0,0.0,0.0,2.9132843017578125,2.9132843017578125,0.0,0.0,0.0,0.0,0.0,0.0
1,534,20.764362664078362,20.778358295094222,False,-33.098899841308594,-0.577684760093689,-92.0,-1.6057028770446777,90.32967376708984,1.5765502452850342,79.51648712158203,1.387824535369873,87.73626708984375,1.5312867164611816,0.7554945054945055,0.007554945054945055,-0.5694452524185181,-1.5868996381759644,1.446570634841919,1.3821779489517212,1.534460425376892,4.488229751586914e-05,-32.626808166503906,-0.5694452269220674,-90.92264556884766,-1.5868995298002242,86.32967376708984,1.5067370494082941,79.19295501708984,1.38217780943198,87.91809844970703,1.53446029003991,0.004488229751586914,4.488229751586914e-05,False,False,0.0,0.0,0.0,0.0,0.0,0.0,0.0,0.0,3.4472885131835938,3.4472885131835938,0.0,0.0,0.0,0.0,0.0,0.0
1,535,20.797582997009158,20.81122663000133,False,-33.098899841308594,-0.577684760093689,-91.03296661376953,-1.588824987411499,90.32967376708984,1.5765502452850342,79.51648712158203,1.387824535369873,87.73626708984375,1.5312867164611816,0.7554945054945055,0.007554945054945055,-0.5630714297294617,-1.579709529876709,1.4251856803894043,1.3843412399291992,1.533509373664856,0.0008053407073020935,-32.26161575317383,-0.5630714169061536,-90.51068115234375,-1.5797093943311737,86.32967376708984,1.5067370494082941,79.31690979003906,1.384341228343506,87.86360931396484,1.5335092752146426,0.08053407073020935,0.0008053407073020935,False,False,0.0,0.0,0.0,0.0,0.0,0.0,0.0,0.0,4.672554016113281,4.672554016113281,0.0,0.0,0.0,0.0,0.0,0.0
1,536,20.831416754052043,20.84268180001527,False,-32.92307662963867,-0.5746160745620728,-90.32967376708984,-1.5765502452850342,90.32967376708984,1.5765502452850342,79.51648712158203,1.387824535369873,87.73626708984375,1.5312867164611816,0.7554945054945055,0.007554945054945055,-0.542590856552124,-1.5787943601608276,1.387873888015747,1.387482762336731,1.5333622694015503,0.0006048232316970825,-31.088165283203125,-0.5425908425960899,-90.458251953125,-1.5787943321806226,86.32967376708984,1.5067370494082941,79.49690246582031,1.3874826931653634,87.85517883300781,1.5333621355644158,0.06048232316970825,0.0006048232316970825,False,False,0.0,0.0,0.0,0.0,0.0,0.0,0.0,0.0,6.81036376953125,6.81036376953125,0.0,0.0,0.0,0.0,0.0,0.0
1,537,20.864785059005953,20.87587056902703,False,-32.659339904785156,-0.5700129866600037,-90.4175796508789,-1.5780844688415527,90.32967376708984,1.5765502452850342,79.51648712158203,1.387824535369873,87.73626708984375,1.5312867164611816,0.7554945054945055,0.007554945054945055,-0.553159236907959,-1.5589643716812134,1.419717788696289,1.3853092193603516,1.5299460887908936,-0.0015055090188980103,-31.693687438964844,-0.5531591979079059,-89.32207489013672,-1.558964301545838,86.32967376708984,1.5067370494082941,79.37236785888672,1.3853091542416953,87.6594467163086,1.5299459656761167,0.0,0.0,True,False,0.15055090188980103,0.0,0.0,0.0,0.0,0.0,0.0,0.0,4.98583984375,4.98583984375,0.0,0.0,0.0,0.0,0.0,0.0
1,538,20.89860444806982,20.910653644008562,False,-32.39560317993164,-0.5654099583625793,-90.76923370361328,-1.5842219591140747,90.32967376708984,1.5765502452850342,79.51648712158203,1.387824535369873,87.73626708984375,1.5312867164611816,0.7554945054945055,0.007554945054945055,-0.5496277213096619,-1.5581141710281372,1.4083261489868164,1.3890851736068726,1.5290429592132568,6.0558319091796875e-05,-31.49134635925293,-0.5496276798548927,-89.27336120605469,-1.5581140873678303,86.32967376708984,1.5067370494082941,79.58871459960938,1.389085117193264,87.60770416259766,1.5290428877504707,0.0060558319091796875,6.0558319091796875e-05,False,False,0.0,0.0,0.0,0.0,0.0,0.0,0.0,0.0,5.6385345458984375,5.6385345458984375,0.0,0.0,0.0,0.0,0.0,0.0
1,539,20.931532319053076,20.943657453986816,False,-32.21977996826172,-0.5623412132263184,-90.76923370361328,-1.5842219591140747,90.32967376708984,1.5765502452850342,79.51648712158203,1.387824535369873,87.73626708984375,1.5312867164611816,0.7554945054945055,0.007554945054945055,-0.555640697479248,-1.4835948944091797,1.3317331075668335,1.387792944908142,1.5332876443862915,-0.0009265169501304626,-31.835865020751953,-0.5556406648326144,-86.76923370361328,-1.5144088175604853,86.32967376708984,1.5067370494082941,79.5146713256836,1.3877928182743031,87.85090637207031,1.5332875670538937,0.0,0.0,True,False,0.09265169501304626,0.0,0.0,0.0,0.0,1.7655105590820312,1.7655105590820312,0.0,10.026992797851562,10.026992797851562,0.0,0.0,0.0,0.0,0.0,0.0
1,540,20.964891203097068,21.130776313017122,False,-31.868131637573242,-0.5562038421630859,-90.24176025390625,-1.5750157833099365,90.32967376708984,1.5765502452850342,79.51648712158203,1.387824535369873,87.73626708984375,1.5312867164611816,0.7554945054945055,0.007554945054945055,-0.5432187914848328,-1.6553775072097778,1.5618603229522705,1.3832333087921143,1.5230125188827515,-0.0013572350144386292,-31.124141693115234,-0.5432187494021034,-94.24176025390625,-1.6448290093057913,89.48799896240234,1.56186022291519,79.25342559814453,1.3832332201719784,87.2621841430664,1.5230124257780953,0.0,0.0,True,False,0.13572350144386292,0.0,0.0,0.0,0.0,0.6043777465820312,0.6043777465820312,0.0,0.0,0.0,0.0,0.0,0.0,0.0,0.0,0.0
1,541,21.132229715003632,21.143005736987107,False,-31.868131637573242,-0.5562038421630859,-87.78022003173828,-1.532053828239441,90.32967376708984,1.5765502452850342,79.42857360839844,1.3862900733947754,88.17582702636719,1.5389585494995117,0.7554945054945055,0.007554945054945055,-0.5408933162689209,-1.658106803894043,1.5687023401260376,1.3798246383666992,1.5244543552398682,-0.00141250342130661,-30.990901947021484,-0.5408932771382462,-91.78022003173828,-1.6018670277586875,89.88002014160156,1.5687022832297672,79.05812072753906,1.3798245071347315,87.34479522705078,1.5244542611922642,0.0,0.0,True,False,0.141250342130661,0.0,0.0,0.0,0.0,3.2222976684570312,3.2222976684570312,0.0,0.0,0.0,0.0,0.0,0.0,0.0,0.0,0.0
1,542,21.165511438040994,21.177198147051968,False,-31.868131637573242,-0.5562038421630859,-87.78022003173828,-1.532053828239441,90.32967376708984,1.5765502452850342,79.42857360839844,1.3862900733947754,88.17582702636719,1.5389585494995117,0.7554945054945055,0.007554945054945055,-0.5469704866409302,-1.6537106037139893,1.5586152076721191,1.3815957307815552,1.5188924074172974,0.0005449950695037842,-31.33909797668457,-0.5469704442982388,-91.78022003173828,-1.6018670277586875,89.30207061767578,1.5586151611269288,79.15959930419922,1.3815956424176887,87.026123046875,1.5188923824136882,0.05449950695037842,0.0005449950695037842,False,False,0.0,0.0,0.0,0.0,0.0,2.9704132080078125,2.9704132080078125,0.0,0.0,0.0,0.0,0.0,0.0,0.0,0.0,0.0
1,543,21.199060946004465,21.20956513204146,False,-31.868131637573242,-0.5562038421630859,-87.95604705810547,-1.5351226329803467,90.32967376708984,1.5765502452850342,79.42857360839844,1.3862900733947754,88.0,1.535889744758606,0.7554945054945055,0.007554945054945055,-0.5392840504646301,-1.6603965759277344,1.5541914701461792,1.3829741477966309,1.5252305269241333,0.00012886524200439453,-30.898698806762695,-0.5392840287600522,-91.95604705810547,-1.604935788282786,89.0486068725586,1.554191384240198,79.23857879638672,1.3829740945979137,87.38926696777344,1.5252304394919678,0.012886524200439453,0.00012886524200439453,False,False,0.0,0.0,0.0,0.0,0.0,3.1776657104492188,3.1776657104492188,0.0,0.0,0.0,0.0,0.0,0.0,0.0,0.0,0.0
1,544,21.232452498050407,21.244093333021738,False,-31.78022003173828,-0.5546694993972778,-88.83516693115234,-1.5504661798477173,90.5934066772461,1.5811532735824585,79.42857360839844,1.3862900733947754,87.73626708984375,1.5312867164611816,0.7554945054945055,0.007554945054945055,-0.5345563888549805,-1.667054533958435,1.5687756538391113,1.3783737421035767,1.5280874967575073,-0.0015044882893562317,-30.627822875976562,-0.5345563519034299,-92.83516693115234,-1.6202793245871683,89.88421630859375,1.5687755201597444,78.97499084472656,1.3783736169728564,87.55296325683594,1.5280874787094048,0.0,0.0,True,False,0.15044882893562317,0.0,0.0,0.0,0.0,2.6800155639648438,2.6800155639648438,0.0,0.0,0.0,0.0,0.0,0.0,0.0,0.0,0.0
1,545,21.266075670020655,21.276958806090988,False,-31.604394912719727,-0.5516007542610168,-89.89010620117188,-1.5688782930374146,90.68132019042969,1.5826876163482666,79.42857360839844,1.3862900733947754,87.47252655029297,1.5266835689544678,0.7554945054945055,0.007554945054945055,-0.5402169823646545,-1.6542797088623047,1.5487797260284424,1.3813815116882324,1.5295100212097168,-0.0005876943469047546,-30.952152252197266,-0.5402169673794206,-93.89010620117188,-1.6386914882575947,88.73853302001953,1.548779574589048,79.14732360839844,1.3813813911079917,87.63446044921875,1.5295098730476162,0.0,0.0,True,False,0.058769434690475464,0.0,0.0,0.0,0.0,0.8931350708007812,0.8931350708007812,0.0,0.0,0.0,0.0,0.0,0.0,0.0,0.0,0.0
1,546,21.29976229905151,21.31055625504814,False,-31.076923370361328,-0.5423946380615234,-91.12088012695312,-1.5903593301773071,90.68132019042969,1.5826876163482666,79.42857360839844,1.3862900733947754,87.29669952392578,1.523614764213562,0.7554945054945055,0.007554945054945055,-0.5220678448677063,-1.6780675649642944,1.559805154800415,1.3796273469924927,1.528682827949524,-0.0012245401740074158,-29.912282943725586,-0.5220678241561532,-95.12088012695312,-1.660172545610174,89.37024688720703,1.559805061501976,79.04682159423828,1.379627300056011,87.58706665039062,1.5286826952130375,0.0,0.0,True,False,0.12245401740074158,0.0,0.0,0.0,0.0,1.0253067016601562,1.0253067016601562,0.0,0.0,0.0,0.0,0.0,0.0,0.0,0.0,0.0
1,547,21.33299394499045,21.345063303015195,False,-30.72527503967285,-0.5362572073936462,-92.26373291015625,-1.610305905342102,90.68132019042969,1.5826876163482666,79.42857360839844,1.3862900733947754,87.29669952392578,1.523614764213562,0.7554945054945055,0.007554945054945055,-0.5405848026275635,-1.6717631816864014,1.5677698850631714,1.3794667720794678,1.518747329711914,-0.0011766180396080017,-30.97322654724121,-0.5405847832154741,-95.78497314453125,-1.6717631553064167,89.82659149169922,1.567769777374076,79.0376205444336,1.3794667114422794,87.01780700683594,1.518747240134279,0.0,0.0,True,False,0.11766180396080017,0.0,0.0,0.0,0.0,0.0,0.0,0.0,0.0,0.0,0.0,0.0,0.0,0.0,0.0,0.0
1,548,21.36693885701243,21.377959668985568,False,-30.72527503967285,-0.5362572073936462,-92.61538696289062,-1.616443395614624,90.68132019042969,1.5826876163482666,79.42857360839844,1.3862900733947754,87.29669952392578,1.523614764213562,0.7554945054945055,0.007554945054945055,-0.5311064720153809,-1.6698732376098633,1.548274040222168,1.381174921989441,1.5331599712371826,-0.001252390444278717,-30.430156707763672,-0.531106426448314,-95.67668151855469,-1.6698731098807875,88.70956420898438,1.5482739734560964,79.13549041748047,1.381174862965456,87.84358978271484,1.5331598684796244,0.0,0.0,True,False,0.1252390444278717,0.0,0.0,0.0,0.0,0.0,0.0,0.0,0.0,0.0,0.0,0.0,0.0,0.0,0.0,0.0
1,549,21.39994157408364,21.41128804802429,False,-30.72527503967285,-0.5362572073936462,-93.31867980957031,-1.6287182569503784,90.68132019042969,1.5826876163482666,79.51648712158203,1.387824535369873,87.29669952392578,1.523614764213562,0.7554945054945055,0.007554945054945055,-0.525260865688324,-1.661790132522583,1.5387781858444214,1.3823684453964233,1.524237036705017,-0.0012598633766174316,-30.09522819519043,-0.5252608211451036,-95.21355438232422,-1.6617900164982335,88.16548919677734,1.5387780731152554,79.20387268066406,1.3823683586079751,87.33234405517578,1.5242369472473138,0.0,0.0,True,False,0.12598633766174316,0.0,0.0,0.0,0.0,0.0,0.0,0.0,0.0,0.0,0.0,0.0,0.0,0.0,0.0,0.0
1,550,21.43336540402379,21.44451476307586,False,-30.72527503967285,-0.5362572073936462,-94.02198028564453,-1.6409931182861328,90.68132019042969,1.5826876163482666,79.51648712158203,1.387824535369873,87.29669952392578,1.523614764213562,0.7554945054945055,0.007554945054945055,-0.5278130769729614,-1.6713124513626099,1.5342202186584473,1.383059024810791,1.52457594871521,-0.0018304884433746338,-30.2414608001709,-0.5278130615757811,-95.75914764404297,-1.6713124152919208,87.90433502197266,1.5342200729095847,79.24343872070312,1.3830589162786329,87.35176086425781,1.5245758344960263,0.0,0.0,True,False,0.18304884433746338,0.0,0.0,0.0,0.0,0.0,0.0,0.0,0.0,0.0,0.0,0.0,0.0,0.0,0.0,0.0
1,551,21.46692819602322,21.479229146032594,False,-30.63736343383789,-0.5347228646278381,-94.28571319580078,-1.6455961465835571,90.68132019042969,1.5826876163482666,79.51648712158203,1.387824535369873,87.38461303710938,1.5251492261886597,0.7554945054945055,0.007554945054945055,-0.5311817526817322,-1.6697280406951904,1.5085546970367432,1.3854243755340576,1.5306919813156128,-0.00113648921251297,-30.434471130371094,-0.531181727328136,-95.66836547851562,-1.669727967601378,86.68132019042969,1.5128744372984362,79.37896728515625,1.3854243359588412,87.70218658447266,1.5306919170974478,0.0,0.0,True,False,0.113648921251297,0.0,0.0,0.0,0.0,0.0,0.0,0.0,0.24750518798828125,0.24750518798828125,0.0,0.0,0.0,0.0,0.0,0.0
1,552,21.500006968039088,21.511095404042862,False,-30.285715103149414,-0.5285854339599609,-94.37362670898438,-1.6471304893493652,90.68132019042969,1.5826876163482666,79.51648712158203,1.387824535369873,87.29669952392578,1.523614764213562,0.7554945054945055,0.007554945054945055,-0.5343221426010132,-1.6680930852890015,1.4951171875,1.3880536556243896,1.5314692258834839,-0.0006733238697052002,-30.614402770996094,-0.5343221268855575,-95.57469177246094,-1.6680930530081786,86.68132019042969,1.5128744372984362,79.52960968017578,1.388053541745022,87.74671936035156,1.5314691606615876,0.0,0.0,True,False,0.06733238697052002,0.0,0.0,0.0,0.0,0.0,0.0,0.0,1.0174179077148438,1.0174179077148438,0.0,0.0,0.0,0.0,0.0,0.0
1,553,21.533570572035387,21.54297224606853,False,-30.10988998413086,-0.5255166888237,-94.46154022216797,-1.6486648321151733,90.5934066772461,1.5811532735824585,79.51648712158203,1.387824535369873,87.29669952392578,1.523614764213562,0.7554945054945055,0.007554945054945055,-0.5368468761444092,-1.6724458932876587,1.4873542785644531,1.3895881175994873,1.533247470855713,-0.000418640673160553,-30.759057998657227,-0.5368468368884661,-95.82408905029297,-1.6724458566518585,86.5934066772461,1.511340057036387,79.6175308227539,1.3895880551651256,87.84860229492188,1.5332473533214335,0.0,0.0,True,False,0.0418640673160553,0.0,0.0,0.0,0.0,0.0,0.0,0.0,1.3742904663085938,1.3742904663085938,0.0,0.0,0.0,0.0,0.0,0.0
1,554,21.566965928068385,21.579083124059252,False,-30.10988998413086,-0.5255166888237,-94.46154022216797,-1.6486648321151733,90.5054931640625,1.5796188116073608,79.51648712158203,1.387824535369873,87.29669952392578,1.523614764213562,0.7554945054945055,0.007554945054945055,-0.5334001183509827,-1.6742619276046753,1.4996594190597534,1.3890678882598877,1.5318553447723389,-0.00015822798013687134,-30.561573028564453,-0.5334000739371447,-95.92813873291016,-1.6742618661991835,86.5054931640625,1.509805676774338,79.58772277832031,1.3890678066461786,87.76884460449219,1.5318553190196489,0.0,0.0,True,False,0.015822798013687134,0.0,0.0,0.0,0.0,0.0,0.0,0.0,0.5813446044921875,0.5813446044921875,0.0,0.0,0.0,0.0,0.0,0.0
1,555,21.600245982059278,21.62171387509443,False,-30.373626708984375,-0.530119776725769,-94.72527313232422,-1.6532678604125977,90.5054931640625,1.5796188116073608,79.51648712158203,1.387824535369873,87.29669952392578,1.523614764213562,0.7554945054945055,0.007554945054945055,-0.5615447759628296,-1.5401116609573364,1.361080527305603,1.3909437656402588,1.5304292440414429,-0.0008830353617668152,-32.17414474487305,-0.5615447598112656,-90.72527313232422,-1.5834547309302067,86.5054931640625,1.509805676774338,79.69520568847656,1.3909437373180304,87.6871337890625,1.5304291962559116,0.0,0.0,True,False,0.08830353617668152,0.0,0.0,0.0,0.0,2.4833831787109375,2.4833831787109375,0.0,8.521324157714844,8.521324157714844,0.0,0.0,0.0,0.0,0.0,0.0
1,556,21.633715654024854,21.644868412055075,False,-30.549449920654297,-0.5331884622573853,-94.9011001586914,-1.6563366651535034,90.5054931640625,1.5796188116073608,79.51648712158203,1.387824535369873,87.29669952392578,1.523614764213562,0.7554945054945055,0.007554945054945055,-0.5544154047966003,-1.5669564008712769,1.3996210098266602,1.3924976587295532,1.5309349298477173,0.00045716017484664917,-31.765661239624023,-0.5544153777045826,-90.9011001586914,-1.586523491454305,86.5054931640625,1.509805676774338,79.78423309326172,1.392497558656037,87.71610260009766,1.5309347973888632,0.04571601748466492,0.00045716017484664917,False,False,0.0,0.0,0.0,0.0,0.0,1.1211166381835938,1.1211166381835938,0.0,6.313117980957031,6.313117980957031,0.0,0.0,0.0,0.0,0.0,0.0
1,557,21.667152670095675,21.67809257900808,False,-30.549449920654297,-0.5331884622573853,-94.9011001586914,-1.6563366651535034,90.5054931640625,1.5796188116073608,79.51648712158203,1.387824535369873,87.29669952392578,1.523614764213562,0.7554945054945055,0.007554945054945055,-0.5530925989151001,-1.598817229270935,1.4604111909866333,1.3877215385437012,1.5308890342712402,8.65831971168518e-05,-31.689868927001953,-0.5530925523016267,-91.60547637939453,-1.5988171756783287,86.5054931640625,1.509805676774338,79.51058197021484,1.387721445557089,87.7134780883789,1.5308889910181138,0.00865831971168518,8.65831971168518e-05,False,False,0.0,0.0,0.0,0.0,0.0,0.0,0.0,0.0,2.8301010131835938,2.8301010131835938,0.0,0.0,0.0,0.0,0.0,0.0
1,558,21.700660847011022,21.71160345408134,False,-30.989011764526367,-0.5408602952957153,-94.63735961914062,-1.6517335176467896,90.5054931640625,1.5796188116073608,79.51648712158203,1.387824535369873,87.29669952392578,1.523614764213562,0.7554945054945055,0.007554945054945055,-0.5437142848968506,-1.641282081604004,1.5039708614349365,1.3878906965255737,1.5289593935012817,-0.0002287253737449646,-31.15253257751465,-0.5437142638124263,-94.03852844238281,-1.6412819450499148,86.5054931640625,1.509805676774338,79.52027130126953,1.387890556286309,87.60291290283203,1.5289592644922423,0.0,0.0,True,False,0.02287253737449646,0.0,0.0,0.0,0.0,0.0,0.0,0.0,0.33431243896484375,0.33431243896484375,0.0,0.0,0.0,0.0,0.0,0.0
1,559,21.734072245075367,21.746443988988176,False,-31.69230842590332,-0.553135097026825,-93.4945068359375,-1.6317869424819946,90.5054931640625,1.5796188116073608,79.51648712158203,1.387824535369873,87.64835357666016,1.5297523736953735,0.7554945054945055,0.007554945054945055,-0.5660568475723267,-1.5174791812896729,1.3463197946548462,1.393617868423462,1.5283764600753784,-0.0002911984920501709,-32.43266677856445,-0.5660568204881324,-89.4945068359375,-1.561973806735682,86.5054931640625,1.509805676774338,79.84841918945312,1.393617817368579,87.56951904296875,1.5283764316876784,0.0,0.0,True,False,0.02911984920501709,0.0,0.0,0.0,0.0,2.5493621826171875,2.5493621826171875,0.0,9.367057800292969,9.367057800292969,0.0,0.0,0.0,0.0,0.0,0.0
1,560,21.76778690807987,21.781577360001393,False,-31.604394912719727,-0.5516007542610168,-92.17582702636719,-1.6087716817855835,90.5054931640625,1.5796188116073608,79.51648712158203,1.387824535369873,87.73626708984375,1.5312867164611816,0.7554945054945055,0.007554945054945055,-0.5588518977165222,-1.4833036661148071,1.3144558668136597,1.391663670539856,1.5315930843353271,1.0013580322265625e-05,-32.01985168457031,-0.5588518378960048,-88.17582702636719,-1.5389585022791084,86.5054931640625,1.509805676774338,79.7364501953125,1.3916635897606788,87.75381469726562,1.5315929976522762,0.0010013580322265625,1.0013580322265625e-05,False,False,0.0,0.0,0.0,0.0,0.0,3.1887893676757812,3.1887893676757812,0.0,11.192726135253906,11.192726135253906,0.0,0.0,0.0,0.0,0.0,0.0
1,561,21.801767480093986,21.822407864034176,False,-31.16483497619629,-0.5439289808273315,-92.52747344970703,-1.614909052848816,90.5054931640625,1.5796188116073608,79.6043930053711,1.3893587589263916,87.20879364013672,1.5220805406570435,0.7554945054945055,0.007554945054945055,-0.5638411045074463,-1.3797643184661865,1.2404674291610718,1.38912832736969,1.5319210290908813,-0.000125199556350708,-32.30571365356445,-0.5638410704611865,-88.52747344970703,-1.5450958901692504,86.5054931640625,1.509805676774338,79.5911865234375,1.3891282604029234,87.7726058959961,1.5319209659405195,0.0,0.0,True,False,0.0125199556350708,0.0,0.0,0.0,0.0,9.472808837890625,9.472808837890625,0.0,15.43194580078125,15.43194580078125,0.0,0.0,0.0,0.0,0.0,0.0
1,562,21.83536649204325,21.84646601206623,False,-32.0439567565918,-0.5592725276947021,-93.05494689941406,-1.624115228652954,90.4175796508789,1.5780844688415527,79.6043930053711,1.3893587589263916,87.20879364013672,1.5220805406570435,0.7554945054945055,0.007554945054945055,-0.5649475455284119,-1.3327161073684692,1.2062225341796875,1.39017653465271,1.5369800329208374,0.000898413360118866,-32.369110107421875,-0.5649475473150871,-89.05494689941406,-1.554302038583491,86.4175796508789,1.5082712965122889,79.6512451171875,1.3901764806079786,88.06246185302734,1.5369799067472338,0.0898413360118866,0.000898413360118866,False,False,0.0,0.0,0.0,0.0,0.0,12.695945739746094,12.695945739746094,0.0,17.306121826171875,17.306121826171875,0.0,0.0,0.0,0.0,0.0,0.0
1,563,21.868890418088995,21.880698223016225,False,-32.30769348144531,-0.5638756155967712,-91.82417297363281,-1.6026341915130615,90.4175796508789,1.5780844688415527,79.6043930053711,1.3893587589263916,87.56044006347656,1.5282179117202759,0.7554945054945055,0.007554945054945055,-0.58123379945755,-1.2018297910690308,1.1159310340881348,1.3892563581466675,1.5296114683151245,-0.0006216689944267273,-33.302242279052734,-0.5812337760663304,-87.82417297363281,-1.5328209812309117,86.4175796508789,1.5082712965122889,79.59851837158203,1.3892562252933016,87.64027404785156,1.5296113394851483,0.0,0.0,True,False,0.06216689944267273,0.0,0.0,0.0,0.0,18.964401245117188,18.964401245117188,0.0,22.479446411132812,22.479446411132812,0.0,0.0,0.0,0.0,0.0,0.0
1,564,21.902169968001544,21.914481123094447,False,-31.69230842590332,-0.553135097026825,-90.24176025390625,-1.5750157833099365,90.4175796508789,1.5780844688415527,79.6043930053711,1.3893587589263916,87.56044006347656,1.5282179117202759,0.7554945054945055,0.007554945054945055,-0.5825725793838501,-1.146496057510376,1.0611587762832642,1.394174575805664,1.523770809173584,0.0004209280014038086,-33.37894821166992,-0.5825725471463132,-86.24176025390625,-1.505202669146245,86.4175796508789,1.5082712965122889,79.88031768798828,1.3941745511944599,87.30563354492188,1.5237707608984954,0.04209280014038086,0.0004209280014038086,False,False,0.0,0.0,0.0,0.0,0.0,20.55237579345703,20.55237579345703,0.0,25.617664337158203,25.617664337158203,0.0,0.0,0.0,0.0,0.0,0.0
1,565,21.935652963002212,21.9495735950768,False,-32.21977996826172,-0.5623412132263184,-89.0988998413086,-1.5550692081451416,90.4175796508789,1.5780844688415527,79.6043930053711,1.3893587589263916,87.20879364013672,1.5220805406570435,0.7554945054945055,0.007554945054945055,-0.5916380882263184,-1.0437167882919312,0.9737571477890015,1.3914743661880493,1.522223711013794,0.000323563814163208,-33.89836502075195,-0.5916380806549976,-85.0988998413086,-1.485255992055715,86.4175796508789,1.5082712965122889,79.72560119628906,1.3914742390071742,87.21698760986328,1.522223597463214,0.0323563814163208,0.000323563814163208,False,False,0.0,0.0,0.0,0.0,0.0,25.298336029052734,25.298336029052734,0.0,30.625408172607422,30.625408172607422,0.0,0.0,0.0,0.0,0.0,0.0
1,566,21.969108366058208,21.984826625091955,False,-33.18681335449219,-0.5792191624641418,-89.010986328125,-1.553534746170044,90.4175796508789,1.5780844688415527,79.6043930053711,1.3893587589263916,87.64835357666016,1.5297523736953735,0.7554945054945055,0.007554945054945055,-0.6037231087684631,-0.9491764307022095,0.9305529594421387,1.3920074701309204,1.518937349319458,0.0003542080521583557,-34.59078598022461,-0.6037231062076136,-85.010986328125,-1.4837216117936658,86.4175796508789,1.5082712965122889,79.75614929199219,1.392007403857408,87.02869415283203,1.5189372566780561,0.03542080521583557,0.0003542080521583557,False,False,0.0,0.0,0.0,0.0,0.0,30.627185821533203,30.627185821533203,0.0,33.100826263427734,33.100826263427734,0.0,0.0,0.0,0.0,0.0,0.0
1,567,22.002482614014298,22.015288310009055,False,-33.098899841308594,-0.577684760093689,-87.86813354492188,-1.533588171005249,90.4175796508789,1.5780844688415527,79.34066009521484,1.3847557306289673,87.73626708984375,1.5312867164611816,0.7554945054945055,0.007554945054945055,-0.6110420227050781,-0.8635575771331787,0.8623679876327515,1.3904865980148315,1.523016333580017,-0.001108020544052124,-35.010128021240234,-0.6110420055153694,-83.86813354492188,-1.4637750678611903,86.4175796508789,1.5082712965122889,79.66900634765625,1.3904864725588637,87.26240539550781,1.523016287361676,0.0,0.0,True,False,0.1108020544052124,0.0,0.0,0.0,0.0,34.389930725097656,34.389930725097656,0.0,37.007537841796875,37.007537841796875,0.0,0.0,0.0,0.0,0.0,0.0
1,568,22.03687956999056,22.047685704077594,False,-33.27472686767578,-0.5807535648345947,-86.9011001586914,-1.5167102813720703,90.32967376708984,1.5765502452850342,78.9011001586914,1.3770840167999268,87.38461303710938,1.5251492261886597,0.7554945054945055,0.007554945054945055,-0.6109941005706787,-0.7767490148544312,0.7877227067947388,1.394202709197998,1.518526315689087,-0.0012335553765296936,-35.007381439208984,-0.6109940686157479,-82.9011001586914,-1.4468971512947586,86.32967376708984,1.5067370494082941,79.88192749023438,1.3942026475439604,87.00514221191406,1.5185261977638023,0.0,0.0,True,False,0.12335553765296936,0.0,0.0,0.0,0.0,38.396663665771484,38.396663665771484,0.0,41.19649124145508,41.19649124145508,0.0,0.0,0.0,0.0,0.0,0.0
1,569,22.070261111017317,22.08106483798474,False,-34.5054931640625,-0.6022344827651978,-86.28571319580078,-1.505969762802124,90.24176025390625,1.5750157833099365,78.9011001586914,1.3770840167999268,87.73626708984375,1.5312867164611816,0.7554945054945055,0.007554945054945055,-0.618375837802887,-0.6881715655326843,0.7148764133453369,1.393141269683838,1.5210106372833252,-0.001939520239830017,-35.43032455444336,-0.6183758185252296,-82.28571319580078,-1.436156622618469,86.24176025390625,1.505202669146245,79.82111358642578,1.3931412446915092,87.1474838256836,1.5210105275866828,0.0,0.0,True,False,0.1939520239830017,0.0,0.0,0.0,0.0,42.856388092041016,42.856388092041016,0.0,45.2823600769043,45.2823600769043,0.0,0.0,0.0,0.0,0.0,0.0
1,570,22.10384169803001,22.278527255984955,False,-34.68132019042969,-0.6053032279014587,-85.31867980957031,-1.4890918731689453,89.97801971435547,1.5704126358032227,78.9011001586914,1.3770840167999268,87.73626708984375,1.5312867164611816,0.7554945054945055,0.007554945054945055,-0.5768967866897583,-1.6290432214736938,1.5726516246795654,1.3725029230117798,1.5240850448608398,-0.001580268144607544,-33.053749084472656,-0.5768967516521092,-89.31867980957031,-1.5589050462115839,90.10629272460938,1.5726514848102457,78.63861846923828,1.3725028115078313,87.32363891601562,1.5240850139071247,0.0,0.0,True,False,0.1580268144607544,0.0,0.0,0.0,0.0,4.01861572265625,4.01861572265625,0.0,0.0,0.0,0.0,0.0,0.0,0.0,0.0,0.0
1,571,22.279970558010973,22.294166118022986,False,-35.20878982543945,-0.6145092844963074,-83.73626708984375,-1.4614735841751099,89.45054626464844,1.561206579208374,78.9011001586914,1.3770840167999268,87.73626708984375,1.5312867164611816,0.7554945054945055,0.007554945054945055,-0.5617523193359375,-1.6609605550765991,1.5859016180038452,1.3756309747695923,1.5245699882507324,-0.001832425594329834,-32.18603515625,-0.5617522866392101,-87.73626708984375,-1.531286734126917,90.86546325683594,1.585901510181717,78.8178482055664,1.3756309605242383,87.3514175415039,1.5245698423835736,0.0,0.0,True,False,0.1832425594329834,0.0,0.0,0.0,0.0,7.429756164550781,7.429756164550781,0.0,0.0,0.0,0.0,0.0,0.0,0.0,0.0,0.0
1,572,22.31365809799172,22.32803065108601,False,-35.56044006347656,-0.6206467747688293,-83.73626708984375,-1.4614735841751099,89.45054626464844,1.561206579208374,78.9011001586914,1.3770840167999268,87.73626708984375,1.5312867164611816,0.7554945054945055,0.007554945054945055,-0.5690221190452576,-1.6507830619812012,1.5785826444625854,1.376905918121338,1.520133137702942,-0.0012890398502349854,-32.60256576538086,-0.5690221172038811,-87.73626708984375,-1.531286734126917,90.44612121582031,1.5785826108739613,78.8908920288086,1.3769058157380591,87.09720611572266,1.5201330160075017,0.0,0.0,True,False,0.12890398502349854,0.0,0.0,0.0,0.0,6.846626281738281,6.846626281738281,0.0,0.0,0.0,0.0,0.0,0.0,0.0,0.0,0.0
1,573,22.346992723993026,22.361153779085726,False,-34.68132019042969,-0.6053032279014587,-83.82417297363281,-1.4630078077316284,89.53845977783203,1.5627409219741821,78.81318664550781,1.375549554824829,87.73626708984375,1.5312867164611816,0.7554945054945055,0.007554945054945055,-0.5725975632667542,-1.6551300287246704,1.5673080682754517,1.3743658065795898,1.5215392112731934,-0.0018826425075531006,-32.80742263793945,-0.572597544125367,-87.82417297363281,-1.5328209812309117,89.80013275146484,1.5673079852410563,78.74535369873047,1.3743656926903416,87.17777252197266,1.5215391650630634,0.0,0.0,True,False,0.18826425075531006,0.0,0.0,0.0,0.0,7.007789611816406,7.007789611816406,0.0,0.0,0.0,0.0,0.0,0.0,0.0,0.0,0.0
1,574,22.380446625989862,22.393833329086192,False,-33.27472686767578,-0.5807535648345947,-85.23076629638672,-1.4875575304031372,90.4175796508789,1.5780844688415527,78.81318664550781,1.375549554824829,87.73626708984375,1.5312867164611816,0.7554945054945055,0.007554945054945055,-0.5760791897773743,-1.647441029548645,1.571585774421692,1.3716626167297363,1.5225659608840942,-0.00313568115234375,-33.00690460205078,-0.5760791611974548,-89.23076629638672,-1.5573706659495345,90.04522705078125,1.571585687741996,78.5904769897461,1.3716625841839112,87.2365951538086,1.5225658136632891,0.0,0.0,True,False,0.313568115234375,0.0,0.0,0.0,0.0,5.16064453125,5.16064453125,0.0,0.0,0.0,0.0,0.0,0.0,0.0,0.0,0.0
1,575,22.413992944988422,22.42580587801058,False,-33.010990142822266,-0.5761504769325256,-86.37362670898438,-1.5075041055679321,90.76923370361328,1.5842219591140747,78.81318664550781,1.375549554824829,87.20879364013672,1.5220805406570435,0.7554945054945055,0.007554945054945055,-0.5684157013893127,-1.6524068117141724,1.575197696685791,1.3719531297683716,1.5244649648666382,-0.0028092190623283386,-32.56781768798828,-0.5684156488446428,-90.37362670898438,-1.5773173430400647,90.2521743774414,1.575197599970416,78.60711669921875,1.3719530019007844,87.34540557861328,1.5244649138366246,0.0,0.0,True,False,0.28092190623283386,0.0,0.0,0.0,0.0,4.30230712890625,4.30230712890625,0.0,0.0,0.0,0.0,0.0,0.0,0.0,0.0,0.0
1,576,22.44731323805172,22.459128502989188,False,-33.71428680419922,-0.5884252786636353,-87.25274658203125,-1.5228476524353027,90.76923370361328,1.5842219591140747,79.34066009521484,1.3847557306289673,87.73626708984375,1.5312867164611816,0.7554945054945055,0.007554945054945055,-0.5674962997436523,-1.6398651599884033,1.5685927867889404,1.3731639385223389,1.5220258235931396,-0.002040393650531769,-32.515140533447266,-0.5674962590573203,-91.25274658203125,-1.5926608793444472,89.87374114990234,1.5685926941509105,78.6764907836914,1.3731638080903887,87.20565032958984,1.522025724594221,0.0,0.0,True,False,0.20403936505317688,0.0,0.0,0.0,0.0,2.7045974731445312,2.7045974731445312,0.0,0.0,0.0,0.0,0.0,0.0,0.0,0.0,0.0
1,577,22.48071160609834,22.492775926017202,False,-33.36263656616211,-0.5822878479957581,-88.30769348144531,-1.541260004043579,90.94505310058594,1.587290644645691,79.42857360839844,1.3862900733947754,87.73626708984375,1.5312867164611816,0.7554945054945055,0.007554945054945055,-0.5747767686843872,-1.6272152662277222,1.5606642961502075,1.3741462230682373,1.5205813646316528,-0.004149965941905975,-32.932281494140625,-0.5747767422663516,-92.30769348144531,-1.611073176172928,89.41947174072266,1.5606641972696356,78.73277282714844,1.3741461150584646,87.12288665771484,1.520581226018962,0.0,0.0,True,False,0.41499659419059753,0.0,0.0,0.0,0.0,0.92486572265625,0.92486572265625,0.0,0.0,0.0,0.0,0.0,0.0,0.0,0.0,0.0
1,578,22.51578098104801,22.526998155051842,False,-32.57143020629883,-0.5684787034988403,-88.74725341796875,-1.5489317178726196,90.94505310058594,1.587290644645691,79.34066009521484,1.3847557306289673,87.20879364013672,1.5220805406570435,0.7554945054945055,0.007554945054945055,-0.567744255065918,-1.6438769102096558,1.567117691040039,1.3737881183624268,1.5268627405166626,-0.0044260695576667786,-32.52934646606445,-0.5677441993548066,-92.74725341796875,-1.6187449443251192,89.78922271728516,1.5671175692231156,78.7122573852539,1.3737880530499034,87.4827880859375,1.5268626909240774,0.0,0.0,True,False,0.44260695576667786,0.0,0.0,0.0,0.0,1.4399490356445312,1.4399490356445312,0.0,0.0,0.0,0.0,0.0,0.0,0.0,0.0,0.0
1,579,22.547967229038477,22.559040692052804,False,-33.098899841308594,-0.577684760093689,-89.71428680419922,-1.565809726715088,90.94505310058594,1.587290644645691,79.34066009521484,1.3847557306289673,87.20879364013672,1.5220805406570435,0.7554945054945055,0.007554945054945055,-0.5684865117073059,-1.6380404233932495,1.515977382659912,1.3779428005218506,1.5260114669799805,-0.003999173641204834,-32.571876525878906,-0.5684864889296389,-93.71428680419922,-1.6356228608915508,86.94505310058594,1.5174774449265291,78.95030212402344,1.3779427175084815,87.43401336669922,1.5260114114816337,0.0,0.0,True,False,0.3999173641204834,0.0,0.0,0.0,0.0,0.13851165771484375,0.13851165771484375,0.0,0.0859527587890625,0.0859527587890625,0.0,0.0,0.0,0.0,0.0,0.0
1,580,22.581242984044366,22.592863852041773,False,-33.18681335449219,-0.5792191624641418,-90.68132019042969,-1.5826876163482666,90.94505310058594,1.587290644645691,79.34066009521484,1.3847557306289673,87.73626708984375,1.5312867164611816,0.7554945054945055,0.007554945054945055,-0.5755931735038757,-1.6100220680236816,1.3904682397842407,1.380486249923706,1.5283474922180176,-0.00510251522064209,-32.97905731201172,-0.5755931342985153,-92.24746704101562,-1.6100220264906737,86.94505310058594,1.5174774449265291,79.09603118896484,1.3804861695075616,87.56785583496094,1.5283474032317965,0.0,0.0,True,False,0.510251522064209,0.0,0.0,0.0,0.0,0.0,0.0,0.0,7.277091979980469,7.277091979980469,0.0,0.0,0.0,0.0,0.0,0.0
1,581,22.615149712073617,22.626060420065187,False,-32.39560317993164,-0.5654099583625793,-92.0879135131836,-1.6072373390197754,90.94505310058594,1.587290644645691,79.34066009521484,1.3847557306289673,87.38461303710938,1.5251492261886597,0.7554945054945055,0.007554945054945055,-0.5828949809074402,-1.5598865747451782,1.3213708400726318,1.37776780128479,1.527127742767334,-0.003072299063205719,-33.39741897583008,-0.5828949227962674,-89.37491607666016,-1.5598865542313325,86.94505310058594,1.5174774449265291,78.94027709960938,1.3777677478248633,87.49797058105469,1.5271276754525402,0.0,0.0,True,False,0.3072299063205719,0.0,0.0,0.0,0.0,0.0,0.0,0.0,11.236083984375,11.236083984375,0.0,0.0,0.0,0.0,0.0,0.0
1,582,22.648151844041422,22.659611107083037,False,-32.483516693115234,-0.5669443011283875,-92.43955993652344,-1.6133747100830078,90.5934066772461,1.5811532735824585,79.34066009521484,1.3847557306289673,87.20879364013672,1.5220805406570435,0.7554945054945055,0.007554945054945055,-0.5697992444038391,-1.5865691900253296,1.3539133071899414,1.3804569244384766,1.528552532196045,-0.0031580105423927307,-32.647090911865234,-0.5697992276099663,-90.90371704101562,-1.586569164667,86.5934066772461,1.511340057036387,79.09435272216797,1.3804568747355708,87.57960510253906,1.5285524666357326,0.0,0.0,True,False,0.31580105423927307,0.0,0.0,0.0,0.0,0.0,0.0,0.0,9.019889831542969,9.019889831542969,0.0,0.0,0.0,0.0,0.0,0.0
1,583,22.681868524989113,22.692966256989166,False,-33.36263656616211,-0.5822878479957581,-91.9120864868164,-1.6041685342788696,90.4175796508789,1.5780844688415527,79.34066009521484,1.3847557306289673,87.38461303710938,1.5251492261886597,0.7554945054945055,0.007554945054945055,-0.5842247605323792,-1.5003612041473389,1.2513432502746582,1.3831970691680908,1.529000997543335,-0.0035471469163894653,-33.473609924316406,-0.5842247057075712,-87.9120864868164,-1.5343553614929608,86.4175796508789,1.5082712965122889,79.25135040283203,1.3831970011811534,87.60530090332031,1.529000942963302,0.0,0.0,True,False,0.35471469163894653,0.0,0.0,0.0,0.0,1.947723388671875,1.947723388671875,0.0,14.720893859863281,14.720893859863281,0.0,0.0,0.0,0.0,0.0,0.0
1,584,22.714902347070165,22.72558631200809,False,-33.27472686767578,-0.5807535648345947,-90.5934066772461,-1.5811532735824585,90.24176025390625,1.5750157833099365,79.34066009521484,1.3847557306289673,87.64835357666016,1.5297523736953735,0.7554945054945055,0.007554945054945055,-0.5785792469978333,-1.4162729978561401,1.169508934020996,1.3911514282226562,1.5283362865447998,-0.003694601356983185,-33.150146484375,-0.5785792036707668,-86.5934066772461,-1.511340057036387,86.24176025390625,1.505202669146245,79.70709991455078,1.391151330725002,87.56721496582031,1.5283362179552182,0.0,0.0,True,False,0.3694601356983185,0.0,0.0,0.0,0.0,5.4469451904296875,5.4469451904296875,0.0,19.233840942382812,19.233840942382812,0.0,0.0,0.0,0.0,0.0,0.0
1,585,22.748215315048583,22.760926589020528,False,-32.74725341796875,-0.5715473890304565,-89.71428680419922,-1.565809726715088,90.15384674072266,1.5734814405441284,79.34066009521484,1.3847557306289673,87.20879364013672,1.5220805406570435,0.7554945054945055,0.007554945054945055,-0.5687130689620972,-1.5110591650009155,1.2411640882492065,1.3936842679977417,1.5272241830825806,-0.0036710575222969055,-32.58485794067383,-0.5687130573593774,-86.57730865478516,-1.5110590935413837,86.15384674072266,1.503668288884196,79.85221862792969,1.3936841300797218,87.50349426269531,1.5272240818840013,0.0,0.0,True,False,0.36710575222969055,0.0,0.0,0.0,0.0,0.0,0.0,0.0,15.040390014648438,15.040390014648438,0.0,0.0,0.0,0.0,0.0,0.0
1,586,22.78205858299043,22.79387911199592,False,-33.27472686767578,-0.5807535648345947,-89.53845977783203,-1.5627409219741821,89.97801971435547,1.5704126358032227,79.34066009521484,1.3847557306289673,87.20879364013672,1.5220805406570435,0.7554945054945055,0.007554945054945055,-0.5718775987625122,-1.5864765644073486,1.3440096378326416,1.3855916261672974,1.5238152742385864,-0.003402791917324066,-32.766170501708984,-0.571877558524664,-90.89840698242188,-1.5864764866610652,85.97801971435547,1.5005995283600975,79.3885498046875,1.385591582475298,87.30818176269531,1.5238152356886998,0.0,0.0,True,False,0.3402791917324066,0.0,0.0,0.0,0.0,0.0,0.0,0.0,8.971946716308594,8.971946716308594,0.0,0.0,0.0,0.0,0.0,0.0
1,587,22.81501968007069,22.82672570401337,False,-33.36263656616211,-0.5822878479957581,-88.48351287841797,-1.5443285703659058,89.80220031738281,1.567344069480896,79.51648712158203,1.387824535369873,87.56044006347656,1.5282179117202759,0.7554945054945055,0.007554945054945055,-0.5700722336769104,-1.6055063009262085,1.374049425125122,1.3854173421859741,1.5240466594696045,-0.0028874725103378296,-32.6627311706543,-0.5700722016216994,-91.98873138427734,-1.605506237388281,85.80220031738281,1.4975309009940536,79.3785629272461,1.3854172785819525,87.3214340209961,1.5240465312293732,0.0,0.0,True,False,0.28874725103378296,0.0,0.0,0.0,0.0,0.0,0.0,0.0,7.074974060058594,7.074974060058594,0.0,0.0,0.0,0.0,0.0,0.0
1,588,22.848762001027353,22.860995574039407,False,-32.659339904785156,-0.5700129866600037,-87.69230651855469,-1.5305194854736328,89.71428680419922,1.565809726715088,79.51648712158203,1.387824535369873,87.56044006347656,1.5282179117202759,0.7554945054945055,0.007554945054945055,-0.578853189945221,-1.60628080368042,1.4240028858184814,1.383204460144043,1.524935245513916,-0.0024633854627609253,-33.16584396362305,-0.5788531763679087,-91.69230651855469,-1.6003326474966384,85.71428680419922,1.4959965207320045,79.25177001953125,1.383204324874151,87.37235260009766,1.5249352280851325,0.0,0.0,True,False,0.24633854627609253,0.0,0.0,0.0,0.0,0.34079742431640625,0.34079742431640625,0.0,4.12493896484375,4.12493896484375,0.0,0.0,0.0,0.0,0.0,0.0
1,589,22.88206481502857,22.895241623045877,False,-32.57143020629883,-0.5684787034988403,-88.74725341796875,-1.5489317178726196,89.62637329101562,1.5642752647399902,79.51648712158203,1.387824535369873,87.20879364013672,1.5220805406570435,0.7554945054945055,0.007554945054945055,-0.571912407875061,-1.6345175504684448,1.4486545324325562,1.3832865953445435,1.5222811698913574,-0.0020163878798484802,-32.768165588378906,-0.5719123793559169,-92.74725341796875,-1.6187449443251192,85.62637329101562,1.4944621404699554,79.25647735595703,1.3832864833937801,87.22028350830078,1.5222811217427596,0.0,0.0,True,False,0.20163878798484802,0.0,0.0,0.0,0.0,0.9037017822265625,0.9037017822265625,0.0,2.6245880126953125,2.6245880126953125,0.0,0.0,0.0,0.0,0.0,0.0
1,590,22.915724985999987,22.927645327989012,False,-33.098899841308594,-0.577684760093689,-90.5054931640625,-1.5796188116073608,89.62637329101562,1.5642752647399902,79.51648712158203,1.387824535369873,87.20879364013672,1.5220805406570435,0.7554945054945055,0.007554945054945055,-0.5680733919143677,-1.6392232179641724,1.4450271129608154,1.3843767642974854,1.5262171030044556,-0.0023217350244522095,-32.5482063293457,-0.5680733660655404,-93.92057037353516,-1.639223188369229,85.62637329101562,1.4944621404699554,79.31893920898438,1.384376648386004,87.44579315185547,1.5262170075177877,0.0,0.0,True,False,0.23217350244522095,0.0,0.0,0.0,0.0,0.0,0.0,0.0,2.8324203491210938,2.8324203491210938,0.0,0.0,0.0,0.0,0.0,0.0
1,591,22.949193735024892,22.96114887006115,False,-33.27472686767578,-0.5807535648345947,-91.73626708984375,-1.6010998487472534,89.62637329101562,1.5642752647399902,79.51648712158203,1.387824535369873,87.56044006347656,1.5282179117202759,0.7554945054945055,0.007554945054945055,-0.5692604184150696,-1.6564630270004272,1.4735758304595947,1.3835785388946533,1.5242435932159424,-0.0012888237833976746,-32.61621856689453,-0.5692604035424159,-94.90833282470703,-1.656462895369748,85.62637329101562,1.4944621404699554,79.27320861816406,1.3835784990073072,87.33271789550781,1.5242434719919844,0.0,0.0,True,False,0.12888237833976746,0.0,0.0,0.0,0.0,0.0,0.0,0.0,1.1967010498046875,1.1967010498046875,0.0,0.0,0.0,0.0,0.0,0.0
1,592,22.982439556042664,22.994696154026315,False,-32.92307662963867,-0.5746160745620728,-92.26373291015625,-1.610305905342102,89.53845977783203,1.5627409219741821,79.51648712158203,1.387824535369873,87.20879364013672,1.5220805406570435,0.7554945054945055,0.007554945054945055,-0.5585176944732666,-1.645451307296753,1.4938894510269165,1.381813406944275,1.5199730396270752,-0.001874573528766632,-32.00070571899414,-0.558517677758227,-94.27741241455078,-1.6454512568944883,85.59355926513672,1.4938894276775339,79.17207336425781,1.3818133558368026,87.0880355834961,1.519972960025988,0.0,0.0,True,False,0.1874573528766632,0.0,0.0,0.0,0.0,0.0,0.0,0.0,0.0,0.0,0.0,0.0,0.0,0.0,0.0,0.0
1,593,23.01601452799514,23.028054014081135,False,-32.39560317993164,-0.5654099583625793,-92.43955993652344,-1.6133747100830078,89.53845977783203,1.5627409219741821,79.51648712158203,1.387824535369873,87.20879364013672,1.5220805406570435,0.7554945054945055,0.007554945054945055,-0.5552903413772583,-1.6557438373565674,1.4929161071777344,1.378095030784607,1.529646396636963,-0.0030334368348121643,-31.815792083740234,-0.5552903259912145,-94.86712646484375,-1.655743708717372,85.53845977783203,1.4929277602079063,78.95902252197266,1.3780949171647796,87.64228057861328,1.5296463600534826,0.0,0.0,True,False,0.30334368348121643,0.0,0.0,0.0,0.0,0.0,0.0,0.0,0.00067138671875,0.00067138671875,0.0,0.0,0.0,0.0,0.0,0.0
1,594,23.049684836994857,23.06064169202,False,-32.30769348144531,-0.5638756155967712,-93.31867980957031,-1.6287182569503784,89.53845977783203,1.5627409219741821,79.51648712158203,1.387824535369873,87.20879364013672,1.5220805406570435,0.7554945054945055,0.007554945054945055,-0.5506730079650879,-1.651081919670105,1.5049813985824585,1.3798625469207764,1.5271787643432617,-0.0018549039959907532,-31.551237106323242,-0.5506729705827488,-94.60002136230469,-1.6510818452291884,86.22908020019531,1.5049813604596594,79.06029510498047,1.3798624571802651,87.50089263916016,1.5271786749874152,0.0,0.0,True,False,0.18549039959907532,0.0,0.0,0.0,0.0,0.0,0.0,0.0,0.0,0.0,0.0,0.0,0.0,0.0,0.0,0.0
1,595,23.083838124992326,23.094879931071773,False,-32.39560317993164,-0.5654099583625793,-93.67032623291016,-1.6348556280136108,89.53845977783203,1.5627409219741821,79.51648712158203,1.387824535369873,87.20879364013672,1.5220805406570435,0.7554945054945055,0.007554945054945055,-0.5546994805335999,-1.6417455673217773,1.500180721282959,1.3790544271469116,1.5247993469238281,-0.0023304298520088196,-31.781936645507812,-0.5546994371243532,-94.0650863647461,-1.6417454682376431,85.95401763916016,1.5001806131206281,79.01399230957031,1.3790543209474806,87.36456298828125,1.524799273711484,0.0,0.0,True,False,0.23304298520088196,0.0,0.0,0.0,0.0,0.0,0.0,0.0,0.0,0.0,0.0,0.0,0.0,0.0,0.0,0.0
1,596,23.116728646098636,23.127726751030423,False,-32.483516693115234,-0.5669443011283875,-93.75823974609375,-1.636389970779419,89.53845977783203,1.5627409219741821,79.51648712158203,1.387824535369873,87.20879364013672,1.5220805406570435,0.7554945054945055,0.007554945054945055,-0.5557342767715454,-1.6372897624969482,1.498759388923645,1.3791511058807373,1.524587631225586,-0.002252727746963501,-31.84122657775879,-0.5557342416554172,-93.8097915649414,-1.6372897334178316,85.8725814819336,1.4987592840468527,79.01953125,1.3791509936950506,87.35243225097656,1.5245875524048227,0.0,0.0,True,False,0.2252727746963501,0.0,0.0,0.0,0.0,0.0,0.0,0.0,0.0,0.0,0.0,0.0,0.0,0.0,0.0,0.0
1,597,23.150243547046557,23.162039975984953,False,-32.483516693115234,-0.5669443011283875,-93.67032623291016,-1.6348556280136108,89.53845977783203,1.5627409219741821,79.51648712158203,1.387824535369873,87.20879364013672,1.5220805406570435,0.7554945054945055,0.007554945054945055,-0.5463464856147766,-1.630303144454956,1.4293606281280518,1.38387930393219,1.528394103050232,-0.0018857717514038086,-31.303346633911133,-0.5463464656548334,-93.40948486328125,-1.6303030634560631,85.53845977783203,1.4929277602079063,79.29043579101562,1.383879169894377,87.57052612304688,1.528394008550873,0.0,0.0,True,False,0.18857717514038086,0.0,0.0,0.0,0.0,0.0,0.0,0.0,3.6421356201171875,3.6421356201171875,0.0,0.0,0.0,0.0,0.0,0.0
1,598,23.183571467059664,23.1959617290413,False,-32.30769348144531,-0.5638756155967712,-93.67032623291016,-1.6348556280136108,89.53845977783203,1.5627409219741821,79.51648712158203,1.387824535369873,87.20879364013672,1.5220805406570435,0.7554945054945055,0.007554945054945055,-0.5540940165519714,-1.4872231483459473,1.2662934064865112,1.3857100009918213,1.5326650142669678,-0.002409517765045166,-31.74724769592285,-0.5540940007400373,-89.67032623291016,-1.565042434101726,85.53845977783203,1.4929277602079063,79.39533233642578,1.385709959985752,87.81523132324219,1.5326649199910332,0.0,0.0,True,False,0.2409517765045166,0.0,0.0,0.0,0.0,4.4587249755859375,4.4587249755859375,0.0,12.985198974609375,12.985198974609375,0.0,0.0,0.0,0.0,0.0,0.0
1,599,23.21691820502747,23.22798565798439,False,-32.0439567565918,-0.5592725276947021,-93.67032623291016,-1.6348556280136108,89.53845977783203,1.5627409219741821,79.51648712158203,1.387824535369873,87.20879364013672,1.5220805406570435,0.7554945054945055,0.007554945054945055,-0.5600816607475281,-1.4433869123458862,1.211748719215393,1.3866486549377441,1.5272889137268066,-0.0028769001364707947,-32.09031295776367,-0.5600816191083761,-89.67032623291016,-1.565042434101726,85.53845977783203,1.4929277602079063,79.44911193847656,1.3866485911119506,87.5072021484375,1.52728879669849,0.0,0.0,True,False,0.28769001364707947,0.0,0.0,0.0,0.0,6.9703521728515625,6.9703521728515625,0.0,16.110374450683594,16.110374450683594,0.0,0.0,0.0,0.0,0.0,0.0
1,600,23.25025858404115,23.417647010064684,False,-31.69230842590332,-0.553135097026825,-93.67032623291016,-1.6348556280136108,89.53845977783203,1.5627409219741821,79.51648712158203,1.387824535369873,87.20879364013672,1.5220805406570435,0.7554945054945055,0.007554945054945055,-0.5488269329071045,-1.6815094947814941,1.5915189981460571,1.3768205642700195,1.508370041847229,0.001025371253490448,-31.445465087890625,-0.5488269006046195,-96.34339141845703,-1.681509392789725,91.18731689453125,1.591518915869021,78.88600158691406,1.376820461425122,86.42323303222656,1.5083699666306762,0.1025371253490448,0.001025371253490448,False,False,0.0,0.0,0.0,0.0,0.0,0.0,0.0,0.0,0.0,0.0,0.0,0.0,0.0,0.0,0.0,0.0
1,601,23.41924024699256,23.432543469010852,False,-32.21977996826172,-0.5623412132263184,-90.76923370361328,-1.5842219591140747,89.53845977783203,1.5627409219741821,79.51648712158203,1.387824535369873,87.29669952392578,1.523614764213562,0.7554945054945055,0.007554945054945055,-0.5452751517295837,-1.6715872287750244,1.5768085718154907,1.3758243322372437,1.5132815837860107,-0.001402430236339569,-31.241962432861328,-0.5452751092378081,-94.76923370361328,-1.6540351577200316,90.34447479248047,1.576808546113805,78.82892608642578,1.375824306019378,86.70464324951172,1.5132815014710548,0.0,0.0,True,False,0.1402430236339569,0.0,0.0,0.0,0.0,1.0056533813476562,1.0056533813476562,0.0,0.0,0.0,0.0,0.0,0.0,0.0,0.0,0.0
1,602,23.452395647997037,23.46537457499653,False,-32.0439567565918,-0.5592725276947021,-90.68132019042969,-1.5826876163482666,89.53845977783203,1.5627409219741821,79.51648712158203,1.387824535369873,87.20879364013672,1.5220805406570435,0.7554945054945055,0.007554945054945055,-0.5486472249031067,-1.6792703866958618,1.586863398551941,1.3706737756729126,1.5128408670425415,-0.0017408356070518494,-31.435169219970703,-0.5486472038100664,-94.68132019042969,-1.6525007774579825,90.92057037353516,1.5868633108093992,78.53382110595703,1.3706737524711647,86.67938995361328,1.5128407483106467,0.0,0.0,True,False,0.17408356070518494,0.0,0.0,0.0,0.0,1.533782958984375,1.533782958984375,0.0,0.0,0.0,0.0,0.0,0.0,0.0,0.0,0.0
1,603,23.486159077030607,23.498365938081406,False,-31.868131637573242,-0.5562038421630859,-90.4175796508789,-1.5780844688415527,89.62637329101562,1.5642752647399902,79.51648712158203,1.387824535369873,87.20879364013672,1.5220805406570435,0.7554945054945055,0.007554945054945055,-0.5360874533653259,-1.691637396812439,1.5771366357803345,1.3712607622146606,1.5107696056365967,-0.0004551708698272705,-30.715547561645508,-0.5360874365036301,-94.4175796508789,-1.6478976366718352,90.36326599121094,1.5771365144020482,78.56745147705078,1.3712607131754182,86.56071472167969,1.5107694747728375,0.0,0.0,True,False,0.04551708698272705,0.0,0.0,0.0,0.0,2.5060958862304688,2.5060958862304688,0.0,0.0,0.0,0.0,0.0,0.0,0.0,0.0,0.0
1,604,23.519307040027343,23.531134753022343,False,-31.78022003173828,-0.5546694993972778,-92.0879135131836,-1.6072373390197754,90.5054931640625,1.5796188116073608,79.51648712158203,1.387824535369873,87.20879364013672,1.5220805406570435,0.7554945054945055,0.007554945054945055,-0.5272477269172668,-1.7000588178634644,1.589012622833252,1.3682546615600586,1.5095869302749634,-0.0008134692907333374,-30.209068298339844,-0.5272477057658709,-96.0879135131836,-1.6770504621766056,91.04370880126953,1.5890124818090932,78.39521026611328,1.3682545369369368,86.49295806884766,1.5095868980907878,0.0,0.0,True,False,0.08134692907333374,0.0,0.0,0.0,0.0,1.3182754516601562,1.3182754516601562,0.0,0.0,0.0,0.0,0.0,0.0,0.0,0.0,0.0
1,605,23.55268225306645,23.566063759033568,False,-31.78022003173828,-0.5546694993972778,-93.4945068359375,-1.6317869424819946,91.20879364013672,1.5918937921524048,79.51648712158203,1.387824535369873,87.20879364013672,1.5220805406570435,0.7554945054945055,0.007554945054945055,-0.530657172203064,-1.6918799877166748,1.572950839996338,1.3701268434524536,1.5123306512832642,7.571280002593994e-05,-30.404415130615234,-0.5306571511724176,-96.93757629394531,-1.6918798752325483,90.1234359741211,1.572950690958716,78.50247955322266,1.3701267391832626,86.65016174316406,1.512330619803842,0.007571280002593994,7.571280002593994e-05,False,False,0.0,0.0,0.0,0.0,0.0,0.0,0.0,0.0,0.0,0.0,0.0,0.0,0.0,0.0,0.0,0.0
1,606,23.586453482042998,23.600933041074313,False,-31.25274658203125,-0.5454633235931396,-93.4945068359375,-1.6317869424819946,91.29669952392578,1.5934280157089233,79.34066009521484,1.3847557306289673,87.38461303710938,1.5251492261886597,0.7554945054945055,0.007554945054945055,-0.5255976915359497,-1.6801081895828247,1.5664504766464233,1.37064528465271,1.5129164457321167,0.00024356693029403687,-30.11452865600586,-0.5255976777334851,-96.26309967041016,-1.6801080374241255,89.7509994506836,1.5664504473700507,78.53218841552734,1.370645256647501,86.68372344970703,1.5129163820856049,0.024356693029403687,0.00024356693029403687,False,False,0.0,0.0,0.0,0.0,0.0,0.0,0.0,0.0,0.0,0.0,0.0,0.0,0.0,0.0,0.0,0.0
1,607,23.620027143042535,23.634418713045307,False,-30.63736343383789,-0.5347228646278381,-94.28571319580078,-1.6455961465835571,91.29669952392578,1.5934280157089233,79.34066009521484,1.3847557306289673,87.20879364013672,1.5220805406570435,0.7554945054945055,0.007554945054945055,-0.5325803160667419,-1.6772090196609497,1.5672541856765747,1.3720202445983887,1.505412220954895,0.0003574565052986145,-30.514602661132812,-0.5325802863745911,-96.09699249267578,-1.6772089202614653,89.79704284667969,1.5672540562289823,78.6109619140625,1.3720201135602543,86.2537612915039,1.5054121267659797,0.03574565052986145,0.0003574565052986145,False,False,0.0,0.0,0.0,0.0,0.0,0.0,0.0,0.0,0.0,0.0,0.0,0.0,0.0,0.0,0.0,0.0
1,608,23.653003402985632,23.666914708097465,False,-30.461538314819336,-0.5316541194915771,-95.07691955566406,-1.65940523147583,91.29669952392578,1.5934280157089233,79.34066009521484,1.3847557306289673,87.20879364013672,1.5220805406570435,0.7554945054945055,0.007554945054945055,-0.5280749201774597,-1.685231328010559,1.5857266187667847,1.3706694841384888,1.5046414136886597,0.0007516667246818542,-30.25646209716797,-0.5280748836004495,-96.556640625,-1.6852312935711655,90.85543823242188,1.585726540498099,78.5335693359375,1.3706693582553662,86.2095947265625,1.5046412747884563,0.07516667246818542,0.0007516667246818542,False,False,0.0,0.0,0.0,0.0,0.0,0.0,0.0,0.0,0.0,0.0,0.0,0.0,0.0,0.0,0.0,0.0
1,609,23.68739331001416,23.69982943800278,False,-30.63736343383789,-0.5347228646278381,-95.07691955566406,-1.65940523147583,91.29669952392578,1.5934280157089233,79.34066009521484,1.3847557306289673,87.20879364013672,1.5220805406570435,0.7554945054945055,0.007554945054945055,-0.5402079224586487,-1.6641896963119507,1.5533822774887085,1.373809576034546,1.5137828588485718,0.00042466819286346436,-30.951631546020508,-0.5402078793422007,-95.35104370117188,-1.6641896577984494,89.00224304199219,1.5533821827429775,78.71348571777344,1.3738094914966785,86.73336791992188,1.5137828415462622,0.042466819286346436,0.00042466819286346436,False,False,0.0,0.0,0.0,0.0,0.0,0.0,0.0,0.0,0.0,0.0,0.0,0.0,0.0,0.0,0.0,0.0
1,610,23.720674898009747,23.73285065300297,False,-30.72527503967285,-0.5362572073936462,-95.07691955566406,-1.65940523147583,91.29669952392578,1.5934280157089233,79.25274658203125,1.3832213878631592,87.03296661376953,1.5190118551254272,0.7554945054945055,0.007554945054945055,-0.5278197526931763,-1.677116870880127,1.545670986175537,1.374738335609436,1.512722373008728,0.00019038468599319458,-30.24184226989746,-0.5278197194785064,-96.09171295166016,-1.6771167748877485,88.56041717529297,1.5456708666485985,78.7667007446289,1.3747382689268437,86.67259979248047,1.512722237642138,0.019038468599319458,0.00019038468599319458,False,False,0.0,0.0,0.0,0.0,0.0,0.0,0.0,0.0,0.0,0.0,0.0,0.0,0.0,0.0,0.0,0.0
1,611,23.754241881077178,23.768489058013074,False,-30.72527503967285,-0.5362572073936462,-95.07691955566406,-1.65940523147583,91.29669952392578,1.5934280157089233,79.25274658203125,1.3832213878631592,86.94505310058594,1.5174773931503296,0.7554945054945055,0.007554945054945055,-0.5252047777175903,-1.6975514888763428,1.5845876932144165,1.373830795288086,1.5029668807983398,0.0011855363845825195,-30.092016220092773,-0.5252047616041575,-97.26252746582031,-1.697551343089981,90.7901840209961,1.5845876396579264,78.7146987915039,1.3738306636273447,86.11365509033203,1.5029668122530688,0.11855363845825195,0.0011855363845825195,False,False,0.0,0.0,0.0,0.0,0.0,0.0,0.0,0.0,0.0,0.0,0.0,0.0,0.0,0.0,0.0,0.0
1,612,23.787504983018152,23.798805078025907,False,-30.72527503967285,-0.5362572073936462,-95.07691955566406,-1.65940523147583,91.20879364013672,1.5918937921524048,79.25274658203125,1.3832213878631592,86.85713958740234,1.5159430503845215,0.7554945054945055,0.007554945054945055,-0.5222609043121338,-1.6887235641479492,1.5694140195846558,1.376447081565857,1.5062955617904663,0.001878298819065094,-29.923343658447266,-0.5222608700456703,-96.75672912597656,-1.6887234967085862,89.92079162597656,1.5694138798730364,78.8646011352539,1.3764469530822385,86.30437469482422,1.506295497299559,0.1878298819065094,0.001878298819065094,False,False,0.0,0.0,0.0,0.0,0.0,0.0,0.0,0.0,0.0,0.0,0.0,0.0,0.0,0.0,0.0,0.0
1,613,23.820913619012572,23.833068798063323,False,-30.72527503967285,-0.5362572073936462,-95.34066009521484,-1.664008378982544,91.12088012695312,1.5903593301773071,79.25274658203125,1.3832213878631592,86.85713958740234,1.5159430503845215,0.7554945054945055,0.007554945054945055,-0.5292364954948425,-1.671717882156372,1.554418921470642,1.3745434284210205,1.5042076110839844,0.0022286400198936462,-30.323015213012695,-0.5292364545994013,-95.7823715209961,-1.671717748409831,89.06163787841797,1.5544188181972909,78.75553131103516,1.3745433255350499,86.18474578857422,1.504207579004937,0.22286400198936462,0.0022286400198936462,False,False,0.0,0.0,0.0,0.0,0.0,0.0,0.0,0.0,0.0,0.0,0.0,0.0,0.0,0.0,0.0,0.0
1,614,23.854769470985048,23.867484292015433,False,-30.461538314819336,-0.5316541194915771,-95.6043930053711,-1.6686114072799683,91.29669952392578,1.5934280157089233,79.25274658203125,1.3832213878631592,86.76923370361328,1.514408826828003,0.7554945054945055,0.007554945054945055,-0.5462250709533691,-1.6535096168518066,1.5474969148635864,1.3758772611618042,1.5058518648147583,0.0007212534546852112,-31.296388626098633,-0.5462250255091257,-94.73912048339844,-1.6535095828789046,88.6650390625,1.5474968630500114,78.83195495605469,1.375877169767016,86.2789535522461,1.5058518146619517,0.07212534546852112,0.0007212534546852112,False,False,0.0,0.0,0.0,0.0,0.0,0.0,0.0,0.0,0.0,0.0,0.0,0.0,0.0,0.0,0.0,0.0
1,615,23.887902830028906,23.898936785990372,False,-30.373626708984375,-0.530119776725769,-95.6043930053711,-1.6686114072799683,91.29669952392578,1.5934280157089233,79.25274658203125,1.3832213878631592,86.76923370361328,1.514408826828003,0.7554945054945055,0.007554945054945055,-0.5450168251991272,-1.6598306894302368,1.5183227062225342,1.3777005672454834,1.5088722705841064,0.0005286186933517456,-31.227161407470703,-0.5450167826120704,-95.10128784179688,-1.6598305957262076,87.29669952392578,1.5236148328166712,78.9364242553711,1.3777005030073388,86.45201110839844,1.508872238812265,0.05286186933517456,0.0005286186933517456,False,False,0.0,0.0,0.0,0.0,0.0,0.0,0.0,0.0,0.30322265625,0.30322265625,0.0,0.0,0.0,0.0,0.0,0.0
1,616,23.922198979067616,23.933246341068298,False,-30.373626708984375,-0.530119776725769,-95.51648712158203,-1.6670771837234497,91.12088012695312,1.5903593301773071,79.25274658203125,1.3832213878631592,86.76923370361328,1.514408826828003,0.7554945054945055,0.007554945054945055,-0.5395351052284241,-1.6485577821731567,1.501825213432312,1.377149224281311,1.5026146173477173,0.0010242313146591187,-30.913082122802734,-0.5395350649823057,-94.45539855957031,-1.6485577011480113,87.12088012695312,1.5205462054506276,78.90483093261719,1.3771490955036378,86.09346771240234,1.5026144760408515,0.10242313146591187,0.0010242313146591187,False,False,0.0,0.0,0.0,0.0,0.0,0.0,0.0,0.0,1.0726394653320312,1.0726394653320312,0.0,0.0,0.0,0.0,0.0,0.0
1,617,23.95486787101254,23.966086895088665,False,-30.549449920654297,-0.5331884622573853,-95.42857360839844,-1.6655428409576416,91.12088012695312,1.5903593301773071,79.25274658203125,1.3832213878631592,86.76923370361328,1.514408826828003,0.7554945054945055,0.007554945054945055,-0.5324580073356628,-1.6550369262695312,1.5098514556884766,1.3754570484161377,1.5030248165130615,-6.457418203353882e-05,-30.50759506225586,-0.5324579807015292,-94.82662200927734,-1.6550367726060105,87.12088012695312,1.5205462054506276,78.80787658691406,1.3754569229470015,86.11697387695312,1.503024736006778,0.0,0.0,True,False,0.006457418203353882,0.0,0.0,0.0,0.0,0.0,0.0,0.0,0.6127700805664062,0.6127700805664062,0.0,0.0,0.0,0.0,0.0,0.0
1,618,23.988274409086443,23.999467335059308,False,-30.72527503967285,-0.5362572073936462,-95.25274658203125,-1.6624740362167358,90.85713958740234,1.5857561826705933,79.25274658203125,1.3832213878631592,86.68132019042969,1.5128744840621948,0.7554945054945055,0.007554945054945055,-0.5280317664146423,-1.6714527606964111,1.5457830429077148,1.3733923435211182,1.4971587657928467,0.0012544915080070496,-30.253990173339844,-0.5280317403907903,-95.76718139648438,-1.6714526307233135,88.56684112548828,1.5457829857304908,78.68958282470703,1.3733923073119176,85.78087615966797,1.497158724231715,0.12544915080070496,0.0012544915080070496,False,False,0.0,0.0,0.0,0.0,0.0,0.0,0.0,0.0,0.0,0.0,0.0,0.0,0.0,0.0,0.0,0.0
1,619,24.02184630499687,24.033333150087856,False,-30.72527503967285,-0.5362572073936462,-95.25274658203125,-1.6624740362167358,90.76923370361328,1.5842219591140747,79.25274658203125,1.3832213878631592,86.68132019042969,1.5128744840621948,0.7554945054945055,0.007554945054945055,-0.5297526121139526,-1.6617298126220703,1.468088984489441,1.37747061252594,1.5087106227874756,0.0003995969891548157,-30.35258674621582,-0.5297525752186586,-95.21009826660156,-1.6617296958995431,86.76923370361328,1.5144088175604853,78.92324829101562,1.3774705390472104,86.4427490234375,1.5087105849340974,0.03995969891548157,0.0003995969891548157,False,False,0.0,0.0,0.0,0.0,0.0,0.0,0.0,0.0,2.6539382934570312,2.6539382934570312,0.0,0.0,0.0,0.0,0.0,0.0
1,620,24.055643607047386,24.066681010997854,False,-30.813186645507812,-0.5377915501594543,-95.16483306884766,-1.6609396934509277,90.76923370361328,1.5842219591140747,79.25274658203125,1.3832213878631592,86.5934066772461,1.5113400220870972,0.7554945054945055,0.007554945054945055,-0.5309489965438843,-1.664886474609375,1.5136399269104004,1.3766757249832153,1.497735619544983,0.0023931488394737244,-30.42113494873047,-0.5309489670488631,-95.39096069335938,-1.6648863407396142,86.76923370361328,1.5144088175604853,78.87770080566406,1.3766755854618218,85.81392669677734,1.4977355649238262,0.23931488394737244,0.0023931488394737244,False,False,0.0,0.0,0.0,0.0,0.0,0.0,0.0,0.0,0.04405975341796875,0.04405975341796875,0.0,0.0,0.0,0.0,0.0,0.0
1,621,24.089136341004632,24.10120034008287,False,-30.72527503967285,-0.5362572073936462,-95.16483306884766,-1.6609396934509277,90.68132019042969,1.5826876163482666,79.34066009521484,1.3847557306289673,86.5054931640625,1.509805679321289,0.7554945054945055,0.007554945054945055,-0.5277828574180603,-1.6566486358642578,1.4807109832763672,1.3750627040863037,1.4994481801986694,0.0005345642566680908,-30.239728927612305,-0.5277828346974087,-94.9189682006836,-1.6566485176977266,86.68132019042969,1.5128744372984362,78.78528594970703,1.3750626419476153,85.91204833984375,1.4994481106628017,0.05345642566680908,0.0005345642566680908,False,False,0.0,0.0,0.0,0.0,0.0,0.0,0.0,0.0,1.84283447265625,1.84283447265625,0.0,0.0,0.0,0.0,0.0,0.0
1,622,24.122954963007942,24.13410512707196,False,-30.63736343383789,-0.5347228646278381,-95.16483306884766,-1.6609396934509277,90.5934066772461,1.5811532735824585,79.34066009521484,1.3847557306289673,86.5054931640625,1.509805679321289,0.7554945054945055,0.007554945054945055,-0.5260726809501648,-1.6900235414505005,1.5095674991607666,1.375999927520752,1.5025300979614258,0.0005423948168754578,-30.141742706298828,-0.5260726525139007,-96.83120727539062,-1.690023385636654,86.5934066772461,1.511340057036387,78.83898162841797,1.3759998083352143,86.08863067626953,1.5025300538342958,0.054239481687545776,0.0005423948168754578,False,False,0.0,0.0,0.0,0.0,0.0,0.0,0.0,0.0,0.1015625,0.1015625,0.0,0.0,0.0,0.0,0.0,0.0
1,623,24.15598335908726,24.166819870006293,False,-30.549449920654297,-0.5331884622573853,-95.16483306884766,-1.6609396934509277,90.5054931640625,1.5796188116073608,79.34066009521484,1.3847557306289673,86.32967376708984,1.5067369937896729,0.7554945054945055,0.007554945054945055,-0.5367546677589417,-1.5730503797531128,1.359757661819458,1.3765519857406616,1.5033364295959473,-0.0007206052541732788,-30.753774642944336,-0.5367546249357221,-91.16483306884766,-1.591126499082398,86.5054931640625,1.509805676774338,78.87061309814453,1.3765518816291877,86.13482666015625,1.5033363258543175,0.0,0.0,True,False,0.07206052541732788,0.0,0.0,0.0,0.0,1.0356903076171875,1.0356903076171875,0.0,8.597122192382812,8.597122192382812,0.0,0.0,0.0,0.0,0.0,0.0
1,624,24.189389571081847,24.20039335405454,False,-30.549449920654297,-0.5331884622573853,-95.16483306884766,-1.6609396934509277,90.5054931640625,1.5796188116073608,79.34066009521484,1.3847557306289673,86.32967376708984,1.5067369937896729,0.7554945054945055,0.007554945054945055,-0.538544237613678,-1.4848610162734985,1.2836482524871826,1.3776605129241943,1.50434148311615,0.0003519877791404724,-30.85630989074707,-0.5385442026092282,-91.16483306884766,-1.591126499082398,86.5054931640625,1.509805676774338,78.93412780761719,1.3776604224329332,86.19241333007812,1.5043414028497133,0.03519877791404724,0.0003519877791404724,False,False,0.0,0.0,0.0,0.0,0.0,6.088569641113281,6.088569641113281,0.0,12.957870483398438,12.957870483398438,0.0,0.0,0.0,0.0,0.0,0.0
1,625,24.22299383499194,24.23441175604239,False,-30.63736343383789,-0.5347228646278381,-95.51648712158203,-1.6670771837234497,90.5054931640625,1.5796188116073608,79.34066009521484,1.3847557306289673,86.32967376708984,1.5067369937896729,0.7554945054945055,0.007554945054945055,-0.5116661190986633,-1.5114315748214722,1.2859896421432495,1.3765414953231812,1.5139856338500977,0.00017546117305755615,-29.316307067871094,-0.5116660828600353,-91.51648712158203,-1.5972640201305945,86.5054931640625,1.509805676774338,78.87001037597656,1.376541362142882,86.74497985839844,1.5139855081052174,0.017546117305755615,0.00017546117305755615,False,False,0.0,0.0,0.0,0.0,0.0,4.917839050292969,4.917839050292969,0.0,12.823715209960938,12.823715209960938,0.0,0.0,0.0,0.0,0.0,0.0
1,626,24.257119839079678,24.268861585995182,False,-30.63736343383789,-0.5347228646278381,-95.42857360839844,-1.6655428409576416,90.5054931640625,1.5796188116073608,79.34066009521484,1.3847557306289673,86.32967376708984,1.5067369937896729,0.7554945054945055,0.007554945054945055,-0.5267898440361023,-1.3894730806350708,1.192407488822937,1.3743960857391357,1.5121195316314697,0.00014071911573410034,-30.182832717895508,-0.5267898085059455,-91.42857360839844,-1.5957296398685454,86.5054931640625,1.509805676774338,78.7470932006836,1.3743960527267685,86.6380615234375,1.5121194311293988,0.014071911573410034,0.00014071911573410034,False,False,0.0,0.0,0.0,0.0,0.0,11.817634582519531,11.817634582519531,0.0,18.185577392578125,18.185577392578125,0.0,0.0,0.0,0.0,0.0,0.0
1,627,24.289840932004154,24.301033344003372,False,-30.63736343383789,-0.5347228646278381,-94.54945373535156,-1.650199294090271,90.5054931640625,1.5796188116073608,79.34066009521484,1.3847557306289673,86.32967376708984,1.5067369937896729,0.7554945054945055,0.007554945054945055,-0.5199304223060608,-1.3112589120864868,1.131746530532837,1.377090334892273,1.5075585842132568,-0.00023158639669418335,-29.789817810058594,-0.5199304043547692,-90.54945373535156,-1.5803861035641629,86.5054931640625,1.509805676774338,78.90145874023438,1.3770902396435472,86.37673950195312,1.5075585014465291,0.0,0.0,True,False,0.023158639669418335,0.0,0.0,0.0,0.0,15.419853210449219,15.419853210449219,0.0,21.66119384765625,21.66119384765625,0.0,0.0,0.0,0.0,0.0,0.0
1,628,24.323627660050988,24.33482733007986,False,-30.10988998413086,-0.5255166888237,-92.96703338623047,-1.6225807666778564,90.5054931640625,1.5796188116073608,79.34066009521484,1.3847557306289673,86.5054931640625,1.509805679321289,0.7554945054945055,0.007554945054945055,-0.5296199917793274,-1.1838407516479492,1.050710916519165,1.380975365638733,1.499584436416626,4.6938657760620117e-07,-30.344987869262695,-0.5296199497963726,-88.96703338623047,-1.5527676583214416,86.5054931640625,1.509805676774338,79.12405395507812,1.3809752590417548,85.91985321044922,1.4995843313525592,4.693865776062012e-05,4.6938657760620117e-07,False,False,0.0,0.0,0.0,0.0,0.0,21.137954711914062,21.137954711914062,0.0,26.304195404052734,26.304195404052734,0.0,0.0,0.0,0.0,0.0,0.0
1,629,24.356977621093392,24.368139736005105,False,-29.758241653442383,-0.5193793177604675,-91.82417297363281,-1.6026341915130615,90.5054931640625,1.5796188116073608,79.34066009521484,1.3847557306289673,86.32967376708984,1.5067369937896729,0.7554945054945055,0.007554945054945055,-0.532892107963562,-1.1279839277267456,0.996079683303833,1.3778221607208252,1.5029104948043823,-0.0004574805498123169,-30.532466888427734,-0.5328920759592122,-87.82417297363281,-1.5328209812309117,86.5054931640625,1.509805676774338,78.94338989257812,1.3778220763111009,86.11042022705078,1.5029103532379593,0.0,0.0,True,False,0.04574805498123169,0.0,0.0,0.0,0.0,23.195457458496094,23.195457458496094,0.0,29.43433380126953,29.43433380126953,0.0,0.0,0.0,0.0,0.0,0.0
1,630,24.39029244601261,24.56205895205494,False,-30.10988998413086,-0.5255166888237,-91.56044006347656,-1.5980311632156372,90.5054931640625,1.5796188116073608,79.34066009521484,1.3847557306289673,86.32967376708984,1.5067369937896729,0.7554945054945055,0.007554945054945055,-0.50203537940979,-1.6843632459640503,1.5798569917678833,1.3780120611190796,1.4995968341827393,0.00029749423265457153,-28.764507293701172,-0.5020353599890091,-95.56044006347656,-1.667844313762365,90.51913452148438,1.579856933455564,78.95426940917969,1.3780119596968237,85.92056274414062,1.499596715051628,0.029749423265457153,0.00029749423265457153,False,False,0.0,0.0,0.0,0.0,0.0,0.9464569091796875,0.9464569091796875,0.0,0.0,0.0,0.0,0.0,0.0,0.0,0.0,0.0
1,631,24.563566931989044,24.574820343987085,False,-30.285715103149414,-0.5285854339599609,-88.83516693115234,-1.5504661798477173,90.4175796508789,1.5780844688415527,79.34066009521484,1.3847557306289673,86.15384674072266,1.5036683082580566,0.7554945054945055,0.007554945054945055,-0.516994059085846,-1.671360731124878,1.5644316673278809,1.3789684772491455,1.5010961294174194,0.0003792569041252136,-29.6215763092041,-0.5169940362263615,-92.83516693115234,-1.6202793245871683,89.63533020019531,1.5644316381057162,79.00907135009766,1.3789684340023256,86.0064697265625,1.5010960747453428,0.03792569041252136,0.0003792569041252136,False,False,0.0,0.0,0.0,0.0,0.0,2.9267425537109375,2.9267425537109375,0.0,0.0,0.0,0.0,0.0,0.0,0.0,0.0,0.0
1,632,24.597033090074547,24.6091193620814,False,-30.549449920654297,-0.5331884622573853,-88.74725341796875,-1.5489317178726196,90.4175796508789,1.5780844688415527,79.34066009521484,1.3847557306289673,86.5934066772461,1.5113400220870972,0.7554945054945055,0.007554945054945055,-0.512971043586731,-1.6725505590438843,1.5609439611434937,1.3810375928878784,1.4937384128570557,0.0010494738817214966,-29.391075134277344,-0.5129710317941741,-92.74725341796875,-1.6187449443251192,89.43549346923828,1.560943829184094,79.12762451171875,1.3810375770112626,85.58489990234375,1.4937382932856718,0.10494738817214966,0.0010494738817214966,False,False,0.0,0.0,0.0,0.0,0.0,3.0828323364257812,3.0828323364257812,0.0,0.0,0.0,0.0,0.0,0.0,0.0,0.0,0.0
1,633,24.631411749054678,24.642545044072904,False,-30.549449920654297,-0.5331884622573853,-88.92308044433594,-1.5520005226135254,90.4175796508789,1.5780844688415527,79.34066009521484,1.3847557306289673,86.5934066772461,1.5113400220870972,0.7554945054945055,0.007554945054945055,-0.5122794508934021,-1.6699433326721191,1.5507566928863525,1.3795428276062012,1.4938631057739258,0.0009351968765258789,-29.35144805908203,-0.5122794088590805,-92.92308044433594,-1.6218137048492176,88.851806640625,1.5507565722242684,79.04197692871094,1.379542744691401,85.59204864501953,1.493863062382742,0.09351968765258789,0.0009351968765258789,False,False,0.0,0.0,0.0,0.0,0.0,2.7576217651367188,2.7576217651367188,0.0,0.0,0.0,0.0,0.0,0.0,0.0,0.0,0.0
1,634,24.663959451019764,24.67652761808131,False,-29.934066772460938,-0.5224480032920837,-89.80220031738281,-1.567344069480896,90.68132019042969,1.5826876163482666,79.34066009521484,1.3847557306289673,86.5054931640625,1.509805679321289,0.7554945054945055,0.007554945054945055,-0.5065869092941284,-1.6840498447418213,1.5615181922912598,1.3756804466247559,1.499152421951294,-0.00016691535711288452,-29.02528953552246,-0.5065868687395225,-93.80220031738281,-1.6371572411536,89.46839904785156,1.5615181398731695,78.8206787109375,1.3756803621624591,85.89510345458984,1.4991523666237485,0.0,0.0,True,False,0.016691535711288452,0.0,0.0,0.0,0.0,2.6867446899414062,2.6867446899414062,0.0,0.0,0.0,0.0,0.0,0.0,0.0,0.0,0.0
1,635,24.69715076906141,24.708491811994463,False,-29.406593322753906,-0.5132418870925903,-90.94505310058594,-1.587290644645691,90.68132019042969,1.5826876163482666,79.34066009521484,1.3847557306289673,85.89010620117188,1.4990651607513428,0.7554945054945055,0.007554945054945055,-0.5057872533798218,-1.6762205362319946,1.5587931871414185,1.378125548362732,1.4952036142349243,0.0021800175309181213,-28.979473114013672,-0.5057872213327127,-94.94505310058594,-1.6571037850860755,89.31226348876953,1.558793060287746,78.96076965332031,1.378125410359261,85.66885375976562,1.4952035645174335,0.21800175309181213,0.0021800175309181213,False,False,0.0,0.0,0.0,0.0,0.0,1.095306396484375,1.095306396484375,0.0,0.0,0.0,0.0,0.0,0.0,0.0,0.0,0.0
1,636,24.730687041999772,24.741935308091342,False,-29.494504928588867,-0.5147762298583984,-92.35164642333984,-1.6118402481079102,90.68132019042969,1.5826876163482666,79.34066009521484,1.3847557306289673,85.97801971435547,1.5005995035171509,0.7554945054945055,0.007554945054945055,-0.508600115776062,-1.692215919494629,1.5657292604446411,1.3756933212280273,1.4941670894622803,0.0008936524391174316,-29.14063835144043,-0.508600085365568,-96.35164642333984,-1.6816534698046985,89.70967102050781,1.5657291301888028,78.82141876220703,1.3756932784937461,85.60946655273438,1.4941670622211747,0.08936524391174316,0.0008936524391174316,False,False,0.0,0.0,0.0,0.0,0.0,0.6051788330078125,0.6051788330078125,0.0,0.0,0.0,0.0,0.0,0.0,0.0,0.0,0.0
1,637,24.76412829605397,24.775126772001386,False,-29.846153259277344,-0.5209136605262756,-92.96703338623047,-1.6225807666778564,90.68132019042969,1.5826876163482666,79.34066009521484,1.3847557306289673,86.06593322753906,1.502133846282959,0.7554945054945055,0.007554945054945055,-0.5083232522010803,-1.6590502262115479,1.566773533821106,1.3762807846069336,1.495600700378418,0.0003959834575653076,-29.124774932861328,-0.5083232164807406,-95.05657196044922,-1.6590501563687599,89.7695083618164,1.5667734888102773,78.8550796508789,1.3762807718302177,85.69160461425781,1.4956006418359642,0.03959834575653076,0.0003959834575653076,False,False,0.0,0.0,0.0,0.0,0.0,0.0,0.0,0.0,0.0,0.0,0.0,0.0,0.0,0.0,0.0,0.0
1,638,24.797611730056815,24.808739011990838,False,-29.58241844177246,-0.5163105726242065,-93.4065933227539,-1.6302525997161865,90.68132019042969,1.5826876163482666,79.34066009521484,1.3847557306289673,86.32967376708984,1.5067369937896729,0.7554945054945055,0.007554945054945055,-0.5084186792373657,-1.6717638969421387,1.558426856994629,1.3757600784301758,1.5000921487808228,0.0005028024315834045,-29.1302433013916,-0.5084186575163063,-95.7850112915039,-1.6717638210966892,89.29127502441406,1.5584267424798055,78.82524108886719,1.3757599906790525,85.94894409179688,1.5000920630143828,0.050280243158340454,0.0005028024315834045,False,False,0.0,0.0,0.0,0.0,0.0,0.0,0.0,0.0,0.0,0.0,0.0,0.0,0.0,0.0,0.0,0.0
1,639,24.83104572002776,24.841858008061536,False,-29.230770111083984,-0.5101732015609741,-94.19779968261719,-1.6440616846084595,90.68132019042969,1.5826876163482666,79.34066009521484,1.3847557306289673,85.97801971435547,1.5005995035171509,0.7554945054945055,0.007554945054945055,-0.4984821081161499,-1.6895647048950195,1.5536062717437744,1.3787484169006348,1.4981235265731812,0.0004355907440185547,-28.5609188079834,-0.49848207059408445,-96.80492401123047,-1.689564656138888,89.01507568359375,1.5536061545906532,78.9964599609375,1.3787483237382305,85.83615112304688,1.4981234543365962,0.04355907440185547,0.0004355907440185547,False,False,0.0,0.0,0.0,0.0,0.0,0.0,0.0,0.0,0.0,0.0,0.0,0.0,0.0,0.0,0.0,0.0
1,640,24.86427169002127,24.87471376603935,False,-28.96703338623047,-0.505570113658905,-94.46154022216797,-1.6486648321151733,90.68132019042969,1.5826876163482666,79.34066009521484,1.3847557306289673,85.97801971435547,1.5005995035171509,0.7554945054945055,0.007554945054945055,-0.5109484195709229,-1.6704267263412476,1.5558891296386719,1.3773859739303589,1.4940608739852905,-0.00038933753967285156,-29.27518653869629,-0.5109483942357727,-95.7083969116211,-1.6704266479133605,89.1458740234375,1.555889016277069,78.91839599609375,1.377385850524546,85.60337829589844,1.4940608020936805,0.0,0.0,True,False,0.038933753967285156,0.0,0.0,0.0,0.0,0.0,0.0,0.0,0.0,0.0,0.0,0.0,0.0,0.0,0.0,0.0
1,641,24.897876274073496,24.908634906983934,False,-28.96703338623047,-0.505570113658905,-94.54945373535156,-1.650199294090271,90.68132019042969,1.5826876163482666,79.34066009521484,1.3847557306289673,85.97801971435547,1.5005995035171509,0.7554945054945055,0.007554945054945055,-0.5189402103424072,-1.6482748985290527,1.53304922580719,1.377790093421936,1.5006372928619385,0.00024101883172988892,-29.733081817626953,-0.5189401744824506,-94.43919372558594,-1.6482748734402448,87.83724212646484,1.533049080978277,78.9415512084961,1.3777899852199655,85.98017883300781,1.5006372120895222,0.02410188317298889,0.00024101883172988892,False,False,0.0,0.0,0.0,0.0,0.0,0.0,0.0,0.0,0.0,0.0,0.0,0.0,0.0,0.0,0.0,0.0
1,642,24.931076200096868,24.941892622038722,False,-29.05494499206543,-0.5071044564247131,-94.989013671875,-1.6578710079193115,90.68132019042969,1.5826876163482666,79.34066009521484,1.3847557306289673,85.97801971435547,1.5005995035171509,0.7554945054945055,0.007554945054945055,-0.520142674446106,-1.657124638557434,1.552920937538147,1.3787026405334473,1.5011838674545288,0.0018070563673973083,-29.801979064941406,-0.5201426582936486,-94.94624328613281,-1.6571245577425782,88.9758071899414,1.5529207900841213,78.99383544921875,1.3787025173674812,86.0114974975586,1.5011838259032608,0.18070563673973083,0.0018070563673973083,False,False,0.0,0.0,0.0,0.0,0.0,0.0,0.0,0.0,0.0,0.0,0.0,0.0,0.0,0.0,0.0,0.0
1,643,24.96534399909433,24.976020936039276,False,-29.318681716918945,-0.5117075443267822,-94.989013671875,-1.6578710079193115,90.5934066772461,1.5811532735824585,79.34066009521484,1.3847557306289673,85.97801971435547,1.5005995035171509,0.7554945054945055,0.007554945054945055,-0.5234261751174927,-1.6568312644958496,1.5399447679519653,1.3771839141845703,1.498845100402832,0.0009272769093513489,-29.990108489990234,-0.5234261361806345,-94.92943572998047,-1.656831210548506,88.23233032226562,1.5399446708307647,78.90682220458984,1.3771838497558635,85.87749481201172,1.4988450378339533,0.09272769093513489,0.0009272769093513489,False,False,0.0,0.0,0.0,0.0,0.0,0.0,0.0,0.0,0.0,0.0,0.0,0.0,0.0,0.0,0.0,0.0
1,644,24.9985129639972,25.009524011053145,False,-29.58241844177246,-0.5163105726242065,-94.81318664550781,-1.6548023223876953,90.5934066772461,1.5811532735824585,79.34066009521484,1.3847557306289673,85.97801971435547,1.5005995035171509,0.7554945054945055,0.007554945054945055,-0.5167191624641418,-1.6390814781188965,1.5291680097579956,1.3793216943740845,1.5023521184921265,0.00048561394214630127,-29.605825424194336,-0.5167191314228381,-93.91244506835938,-1.6390813750411823,87.6148681640625,1.52916792316365,79.02930450439453,1.37932156916287,86.07843017578125,1.5023520215154242,0.04856139421463013,0.00048561394214630127,False,False,0.0,0.0,0.0,0.0,0.0,0.0,0.0,0.0,0.0,0.0,0.0,0.0,0.0,0.0,0.0,0.0
1,645,25.031917378073558,25.04371754603926,False,-29.670330047607422,-0.5178449749946594,-94.81318664550781,-1.6548023223876953,90.5934066772461,1.5811532735824585,79.34066009521484,1.3847557306289673,85.97801971435547,1.5005995035171509,0.7554945054945055,0.007554945054945055,-0.5145910382270813,-1.6440625190734863,1.5266727209091187,1.379213571548462,1.5009655952453613,0.0013402849435806274,-29.4838924407959,-0.5145909993957557,-94.19783782958984,-1.644062418386012,87.4719009399414,1.5266726743803003,79.02310943603516,1.3792134448226128,85.99898529052734,1.5009654466938744,0.13402849435806274,0.0013402849435806274,False,False,0.0,0.0,0.0,0.0,0.0,0.0,0.0,0.0,0.0,0.0,0.0,0.0,0.0,0.0,0.0,0.0
1,646,25.06603030709084,25.077202405082062,False,-29.670330047607422,-0.5178449749946594,-94.81318664550781,-1.6548023223876953,90.5934066772461,1.5811532735824585,79.34066009521484,1.3847557306289673,85.97801971435547,1.5005995035171509,0.7554945054945055,0.007554945054945055,-0.5160406827926636,-1.6573387384414673,1.5395361185073853,1.3785324096679688,1.4949138164520264,0.0013677477836608887,-29.566951751708984,-0.5160406578456267,-94.95851135253906,-1.6573386758942206,88.20891571044922,1.539536008761492,78.98408508300781,1.378532341373825,85.6522445678711,1.4949136794327784,0.13677477836608887,0.0013677477836608887,False,False,0.0,0.0,0.0,0.0,0.0,0.0,0.0,0.0,0.0,0.0,0.0,0.0,0.0,0.0,0.0,0.0
1,647,25.099073707009666,25.10997019498609,False,-29.670330047607422,-0.5178449749946594,-94.63735961914062,-1.6517335176467896,90.5934066772461,1.5811532735824585,79.34066009521484,1.3847557306289673,85.97801971435547,1.5005995035171509,0.7554945054945055,0.007554945054945055,-0.502675473690033,-1.6842314004898071,1.5580438375473022,1.3776952028274536,1.4953240156173706,0.0022990331053733826,-28.80118179321289,-0.5026754507570096,-96.49934387207031,-1.6842312765818406,89.26933288574219,1.5580437799150522,78.93611907958984,1.3776951766851586,85.67575073242188,1.495323939398705,0.22990331053733826,0.0022990331053733826,False,False,0.0,0.0,0.0,0.0,0.0,0.0,0.0,0.0,0.0,0.0,0.0,0.0,0.0,0.0,0.0,0.0
1,648,25.1326368910959,25.14346947905142,False,-29.494504928588867,-0.5147762298583984,-94.63735961914062,-1.6517335176467896,90.5934066772461,1.5811532735824585,79.34066009521484,1.3847557306289673,85.97801971435547,1.5005995035171509,0.7554945054945055,0.007554945054945055,-0.5049622058868408,-1.6727843284606934,1.5469428300857544,1.3764750957489014,1.4945720434188843,0.002302408218383789,-28.932201385498047,-0.5049621740270062,-95.84347534179688,-1.672784211268353,88.63329315185547,1.5469427923852204,78.8662109375,1.3764750494317388,85.6326675415039,1.494571995864921,0.2302408218383789,0.002302408218383789,False,False,0.0,0.0,0.0,0.0,0.0,0.0,0.0,0.0,0.0,0.0,0.0,0.0,0.0,0.0,0.0,0.0
1,649,25.165913475095294,25.17699003603775,False,-29.494504928588867,-0.5147762298583984,-94.81318664550781,-1.6548023223876953,90.5934066772461,1.5811532735824585,79.34066009521484,1.3847557306289673,85.97801971435547,1.5005995035171509,0.7554945054945055,0.007554945054945055,-0.5103359222412109,-1.678085446357727,1.5457391738891602,1.3790178298950195,1.4921987056732178,0.0016441717743873596,-29.240093231201172,-0.510335900474568,-96.14720916748047,-1.6780853665762103,88.56432342529297,1.5457390435725045,79.01189422607422,1.3790177024824921,85.4966812133789,1.4921985867014425,0.16441717743873596,0.0016441717743873596,False,False,0.0,0.0,0.0,0.0,0.0,0.0,0.0,0.0,0.0,0.0,0.0,0.0,0.0,0.0,0.0,0.0
1,650,25.199609315022826,25.210387303028256,False,-29.58241844177246,-0.5163105726242065,-95.16483306884766,-1.6609396934509277,90.5934066772461,1.5811532735824585,79.34066009521484,1.3847557306289673,85.97801971435547,1.5005995035171509,0.7554945054945055,0.007554945054945055,-0.5178433060646057,-1.6607211828231812,1.551558494567871,1.3771036863327026,1.4864485263824463,0.001303158700466156,-29.67023468017578,-0.5178432850084741,-95.15231323242188,-1.6607211567947302,88.89775085449219,1.5515584500284911,78.9022216796875,1.3771035554489977,85.16722106933594,1.486448422433798,0.1303158700466156,0.001303158700466156,False,False,0.0,0.0,0.0,0.0,0.0,0.0,0.0,0.0,0.0,0.0,0.0,0.0,0.0,0.0,0.0,0.0
1,651,25.232752716052346,25.244014451047406,False,-29.58241844177246,-0.5163105726242065,-95.25274658203125,-1.6624740362167358,90.5934066772461,1.5811532735824585,79.34066009521484,1.3847557306289673,85.97801971435547,1.5005995035171509,0.7554945054945055,0.007554945054945055,-0.5083258152008057,-1.6536825895309448,1.5395359992980957,1.3755760192871094,1.4954109191894531,0.0017152950167655945,-29.124921798706055,-0.5083257797732899,-94.74903106689453,-1.6536825551917052,88.20890808105469,1.5395358756034374,78.814697265625,1.375575966247728,85.68073272705078,1.4954108916082962,0.17152950167655945,0.0017152950167655945,False,False,0.0,0.0,0.0,0.0,0.0,0.0,0.0,0.0,0.0,0.0,0.0,0.0,0.0,0.0,0.0,0.0
1,652,25.266396729042754,25.277124313055538,False,-29.670330047607422,-0.5178449749946594,-95.34066009521484,-1.664008378982544,90.5934066772461,1.5811532735824585,79.34066009521484,1.3847557306289673,85.97801971435547,1.5005995035171509,0.7554945054945055,0.007554945054945055,-0.5007972717285156,-1.6815181970596313,1.558202862739563,1.376333236694336,1.4933851957321167,0.0034159570932388306,-28.69356918334961,-0.5007972563982311,-96.34388732910156,-1.6815180480632679,89.2784423828125,1.55820277063213,78.85807800292969,1.3763331029456376,85.56466674804688,1.4933851581251274,0.34159570932388306,0.0034159570932388306,False,False,0.0,0.0,0.0,0.0,0.0,0.0,0.0,0.0,0.0,0.0,0.0,0.0,0.0,0.0,0.0,0.0
1,653,25.300294997985475,25.310801699059084,False,-29.58241844177246,-0.5163105726242065,-95.16483306884766,-1.6609396934509277,90.5934066772461,1.5811532735824585,79.34066009521484,1.3847557306289673,85.89010620117188,1.4990651607513428,0.7554945054945055,0.007554945054945055,-0.5061303973197937,-1.660717487335205,1.547935962677002,1.3752490282058716,1.4900200366973877,0.0019351914525032043,-28.999134063720703,-0.5061303696391694,-95.152099609375,-1.660717428369204,88.69019317626953,1.547935885155711,78.79595947265625,1.3752489300658663,85.37185668945312,1.4900199877717033,0.19351914525032043,0.0019351914525032043,False,False,0.0,0.0,0.0,0.0,0.0,0.0,0.0,0.0,0.0,0.0,0.0,0.0,0.0,0.0,0.0,0.0
1,654,25.33408836903982,25.34515410498716,False,-29.318681716918945,-0.5117075443267822,-95.16483306884766,-1.6609396934509277,90.5934066772461,1.5811532735824585,79.34066009521484,1.3847557306289673,85.89010620117188,1.4990651607513428,0.7554945054945055,0.007554945054945055,-0.5146028399467468,-1.651166319847107,1.532880187034607,1.37894606590271,1.4947623014450073,0.0013985782861709595,-29.484569549560547,-0.514602817173093,-94.6048583984375,-1.651166267435744,87.82756042480469,1.5328801034071116,79.00778198242188,1.3789459302911145,85.64356994628906,1.4947622787248074,0.13985782861709595,0.0013985782861709595,False,False,0.0,0.0,0.0,0.0,0.0,0.0,0.0,0.0,0.0,0.0,0.0,0.0,0.0,0.0,0.0,0.0
1,655,25.368261458002962,25.379231114056893,False,-29.14285659790039,-0.5086387991905212,-95.34066009521484,-1.664008378982544,90.5934066772461,1.5811532735824585,79.34066009521484,1.3847557306289673,85.89010620117188,1.4990651607513428,0.7554945054945055,0.007554945054945055,-0.5209056735038757,-1.6172573566436768,1.5031789541244507,1.3785465955734253,1.4920239448547363,0.0008141696453094482,-29.84569549560547,-0.5209056539459562,-92.66201782226562,-1.617257302540201,86.5934066772461,1.511340057036387,78.98489379882812,1.3785464561276024,85.4866714477539,1.4920238833339334,0.08141696453094482,0.0008141696453094482,False,False,0.0,0.0,0.0,0.0,0.0,0.0,0.0,0.0,0.46759796142578125,0.46759796142578125,0.0,0.0,0.0,0.0,0.0,0.0
1,656,25.40087302203756,25.412564899073914,False,-29.05494499206543,-0.5071044564247131,-95.25274658203125,-1.6624740362167358,90.5934066772461,1.5811532735824585,79.34066009521484,1.3847557306289673,85.89010620117188,1.4990651607513428,0.7554945054945055,0.007554945054945055,-0.5264680981636047,-1.5113047361373901,1.3619763851165771,1.3824535608291626,1.493166446685791,0.0009405538439750671,-30.164398193359375,-0.5264680653567503,-91.25274658203125,-1.5926608793444472,86.5934066772461,1.511340057036387,79.20874786376953,1.3824534466048033,85.55213165283203,1.4931663794415773,0.09405538439750671,0.0009405538439750671,False,False,0.0,0.0,0.0,0.0,0.0,4.661369323730469,4.661369323730469,0.0,8.557914733886719,8.557914733886719,0.0,0.0,0.0,0.0,0.0,0.0
1,657,25.434272384038195,25.4457089160569,False,-29.14285659790039,-0.5086387991905212,-94.9011001586914,-1.6563366651535034,90.5934066772461,1.5811532735824585,79.34066009521484,1.3847557306289673,85.89010620117188,1.4990651607513428,0.7554945054945055,0.007554945054945055,-0.545619785785675,-1.3706434965133667,1.2419161796569824,1.3823508024215698,1.494276762008667,0.0006325244903564453,-31.261709213256836,-0.545619755572378,-90.9011001586914,-1.586523491454305,86.5934066772461,1.511340057036387,79.20286560058594,1.3823507817447807,85.6157455444336,1.4942766513000314,0.06325244903564453,0.0006325244903564453,False,False,0.0,0.0,0.0,0.0,0.0,12.3690185546875,12.3690185546875,0.0,15.436851501464844,15.436851501464844,0.0,0.0,0.0,0.0,0.0,0.0
1,658,25.46808887901716,25.479754495085217,False,-29.58241844177246,-0.5163105726242065,-94.19779968261719,-1.6440616846084595,90.5054931640625,1.5796188116073608,79.34066009521484,1.3847557306289673,85.89010620117188,1.4990651607513428,0.7554945054945055,0.007554945054945055,-0.564569890499115,-1.2313761711120605,1.1624571084976196,1.38185453414917,1.4896752834320068,0.0003956258296966553,-32.347469329833984,-0.5645698444934867,-90.19779968261719,-1.5742485825159662,86.5054931640625,1.509805676774338,79.17443084716797,1.3818545016756445,85.35210418701172,1.4896752415685925,0.03956258296966553,0.0003956258296966553,False,False,0.0,0.0,0.0,0.0,0.0,19.64514923095703,19.64514923095703,0.0,19.901611328125,19.901611328125,0.0,0.0,0.0,0.0,0.0,0.0
1,659,25.501501851016656,25.51276166306343,False,-30.10988998413086,-0.5255166888237,-92.96703338623047,-1.6225807666778564,90.5054931640625,1.5796188116073608,79.34066009521484,1.3847557306289673,85.89010620117188,1.4990651607513428,0.7554945054945055,0.007554945054945055,-0.5542972683906555,-1.1614214181900024,1.106741189956665,1.3807061910629272,1.4953640699386597,-5.2541494369506836e-05,-31.758892059326172,-0.554297233220724,-88.96703338623047,-1.5527676583214416,86.5054931640625,1.509805676774338,79.10863494873047,1.3807061466136024,85.67804718017578,1.4953640199731106,0.0,0.0,True,False,0.005254149436950684,0.0,0.0,0.0,0.0,22.42249298095703,22.42249298095703,0.0,23.09389877319336,23.09389877319336,0.0,0.0,0.0,0.0,0.0,0.0
1,660,25.53536870703101,25.708006630069576,False,-31.076923370361328,-0.5423946380615234,-92.0,-1.6057028770446777,90.5054931640625,1.5796188116073608,79.34066009521484,1.3847557306289673,85.89010620117188,1.4990651607513428,0.7554945054945055,0.007554945054945055,-0.5357825756072998,-1.6700074672698975,1.5817663669586182,1.3797945976257324,1.4900325536727905,0.002069219946861267,-30.698078155517578,-0.5357825378483296,-95.68437194824219,-1.6700073331997274,90.62853240966797,1.5817662867990965,79.05640411376953,1.3797945465724681,85.37257385253906,1.4900325046288265,0.2069219946861267,0.002069219946861267,False,False,0.0,0.0,0.0,0.0,0.0,0.0,0.0,0.0,0.0,0.0,0.0,0.0,0.0,0.0,0.0,0.0
1,661,25.709539404022507,25.720825439086184,False,-31.868131637573242,-0.5562038421630859,-90.06593322753906,-1.5719470977783203,90.5054931640625,1.5796188116073608,79.34066009521484,1.3847557306289673,86.24176025390625,1.5052026510238647,0.7554945054945055,0.007554945054945055,-0.5344548225402832,-1.6683446168899536,1.5673401355743408,1.3852771520614624,1.4947662353515625,0.0015131384134292603,-30.62200355529785,-0.534454785597357,-94.06593322753906,-1.641760248781693,89.80197143554688,1.5673400763321919,79.37052917480469,1.3852770631505598,85.64379119873047,1.4947661403083878,0.15131384134292603,0.0015131384134292603,False,False,0.0,0.0,0.0,0.0,0.0,1.5231704711914062,1.5231704711914062,0.0,0.0,0.0,0.0,0.0,0.0,0.0,0.0,0.0
1,662,25.74302123102825,25.75479353207629,False,-31.516483306884766,-0.5500664114952087,-89.89010620117188,-1.5688782930374146,90.5054931640625,1.5796188116073608,79.34066009521484,1.3847557306289673,85.97801971435547,1.5005995035171509,0.7554945054945055,0.007554945054945055,-0.5268910527229309,-1.6959686279296875,1.5820262432098389,1.3786144256591797,1.497686743736267,0.0018338784575462341,-30.188631057739258,-0.5268910086273685,-93.89010620117188,-1.6386914882575947,90.64342498779297,1.5820262113214882,78.98878479003906,1.3786143667353996,85.81112670898438,1.4976866959178234,0.1833878457546234,0.0018338784575462341,False,False,0.0,0.0,0.0,0.0,0.0,3.2817306518554688,3.2817306518554688,0.0,0.0,0.0,0.0,0.0,0.0,0.0,0.0,0.0
1,663,25.776928432052955,25.788787744008005,False,-31.16483497619629,-0.5439289808273315,-89.80220031738281,-1.567344069480896,90.5054931640625,1.5796188116073608,79.34066009521484,1.3847557306289673,85.71428680419922,1.4959964752197266,0.7554945054945055,0.007554945054945055,-0.5263279676437378,-1.675126552581787,1.5631557703018188,1.3777323961257935,1.4902101755142212,0.0016526207327842712,-30.156370162963867,-0.5263279497938984,-93.80220031738281,-1.6371572411536,89.56222534179688,1.5631557176274593,78.93824768066406,1.3777323277823652,85.38275146484375,1.4902101374735348,0.16526207327842712,0.0016526207327842712,False,False,0.0,0.0,0.0,0.0,0.0,2.17547607421875,2.17547607421875,0.0,0.0,0.0,0.0,0.0,0.0,0.0,0.0,0.0
1,664,25.810144623043016,25.821245893021114,False,-30.901098251342773,-0.5393258929252625,-91.20879364013672,-1.5918937921524048,91.12088012695312,1.5903593301773071,79.34066009521484,1.3847557306289673,85.71428680419922,1.4959964752197266,0.7554945054945055,0.007554945054945055,-0.5296573638916016,-1.6802489757537842,1.5640052556991577,1.3767216205596924,1.4931870698928833,0.00033014267683029175,-30.347129821777344,-0.5296573339201747,-95.20879364013672,-1.661706925872223,89.61089324951172,1.56400513285714,78.88033294677734,1.3767215249906257,85.55331420898438,1.4931870189400254,0.033014267683029175,0.00033014267683029175,False,False,0.0,0.0,0.0,0.0,0.0,1.0623779296875,1.0623779296875,0.0,0.0,0.0,0.0,0.0,0.0,0.0,0.0,0.0
1,665,25.843829190009274,25.855128385010175,False,-30.813186645507812,-0.5377915501594543,-92.26373291015625,-1.610305905342102,91.20879364013672,1.5918937921524048,79.34066009521484,1.3847557306289673,85.71428680419922,1.4959964752197266,0.7554945054945055,0.007554945054945055,-0.5317992568016052,-1.6656858921051025,1.5602128505706787,1.3764469623565674,1.488420009613037,0.002285674214363098,-30.469850540161133,-0.5317992145163845,-95.436767578125,-1.665685821698856,89.39360809326172,1.5602127914648671,78.8646011352539,1.3764469530822385,85.28018188476562,1.4884199605887836,0.22856742143630981,0.002285674214363098,False,False,0.0,0.0,0.0,0.0,0.0,0.0,0.0,0.0,0.0,0.0,0.0,0.0,0.0,0.0,0.0,0.0
1,666,25.8771811920451,25.88874776707962,False,-30.72527503967285,-0.5362572073936462,-93.4065933227539,-1.6302525997161865,91.20879364013672,1.5918937921524048,79.34066009521484,1.3847557306289673,85.71428680419922,1.4959964752197266,0.7554945054945055,0.007554945054945055,-0.5308229923248291,-1.6675148010253906,1.5564991235733032,1.377091646194458,1.4929126501083374,0.001045726239681244,-30.413915634155273,-0.5308229662397886,-95.54155731201172,-1.6675147475774679,89.18082427978516,1.5564990133247516,78.90153503417969,1.3770915712240923,85.53759002685547,1.4929125801896928,0.10457262396812439,0.001045726239681244,False,False,0.0,0.0,0.0,0.0,0.0,0.0,0.0,0.0,0.0,0.0,0.0,0.0,0.0,0.0,0.0,0.0
1,667,25.911027861060575,25.922448573983274,False,-30.63736343383789,-0.5347228646278381,-93.93406677246094,-1.6394587755203247,91.20879364013672,1.5918937921524048,79.34066009521484,1.3847557306289673,85.71428680419922,1.4959964752197266,0.7554945054945055,0.007554945054945055,-0.5286173820495605,-1.6676517724990845,1.5705389976501465,1.3771892786026,1.488547682762146,0.0010834261775016785,-30.28754425048828,-0.5286173695144987,-95.54940032958984,-1.6676516340574978,89.9852523803711,1.5705389322755405,78.9071273803711,1.3771891760780437,85.2874984741211,1.4885476591630529,0.10834261775016785,0.0010834261775016785,False,False,0.0,0.0,0.0,0.0,0.0,0.0,0.0,0.0,0.0,0.0,0.0,0.0,0.0,0.0,0.0,0.0
1,668,25.944420990068465,25.95532931003254,False,-30.549449920654297,-0.5331884622573853,-94.19779968261719,-1.6440616846084595,91.20879364013672,1.5918937921524048,79.34066009521484,1.3847557306289673,85.71428680419922,1.4959964752197266,0.7554945054945055,0.007554945054945055,-0.5242258906364441,-1.669711947441101,1.559114694595337,1.377830147743225,1.491799235343933,0.0006012842059135437,-30.03592872619629,-0.5242258501664716,-95.66744232177734,-1.6697118554767831,89.3306884765625,1.559114636989373,78.94384765625,1.3778300657943712,85.47379302978516,1.4917991125379306,0.06012842059135437,0.0006012842059135437,False,False,0.0,0.0,0.0,0.0,0.0,0.0,0.0,0.0,0.0,0.0,0.0,0.0,0.0,0.0,0.0,0.0
1,669,25.978273475077003,25.98976509703789,False,-30.549449920654297,-0.5331884622573853,-94.37362670898438,-1.6471304893493652,91.20879364013672,1.5918937921524048,79.34066009521484,1.3847557306289673,85.71428680419922,1.4959964752197266,0.7554945054945055,0.007554945054945055,-0.5433405041694641,-1.5735512971878052,1.4075188636779785,1.3819533586502075,1.4917261600494385,0.0005955696105957031,-31.13111686706543,-0.5433404891534336,-90.37362670898438,-1.5773173430400647,87.20879364013672,1.5220805857126767,79.18009185791016,1.3819533049520865,85.46961212158203,1.4917261419240624,0.05955696105957031,0.0005955696105957031,False,False,0.0,0.0,0.0,0.0,0.0,0.21578216552734375,0.21578216552734375,0.0,6.56390380859375,6.56390380859375,0.0,0.0,0.0,0.0,0.0,0.0
1,670,26.01151162700262,26.022369701997377,False,-30.549449920654297,-0.5331884622573853,-94.46154022216797,-1.6486648321151733,91.20879364013672,1.5918937921524048,79.34066009521484,1.3847557306289673,85.71428680419922,1.4959964752197266,0.7554945054945055,0.007554945054945055,-0.529240608215332,-1.650767207145691,1.5175946950912476,1.3828208446502686,1.4916460514068604,0.0017428398132324219,-30.323251724243164,-0.5292405824990909,-94.58198547363281,-1.650767059588341,87.20879364013672,1.5220805857126767,79.22979736328125,1.3828208296771798,85.46501922607422,1.4916459807752511,0.1742839813232422,0.0017428398132324219,False,False,0.0,0.0,0.0,0.0,0.0,0.0,0.0,0.0,0.25702667236328125,0.25702667236328125,0.0,0.0,0.0,0.0,0.0,0.0
1,671,26.04624767799396,26.05736862809863,False,-30.63736343383789,-0.5347228646278381,-94.46154022216797,-1.6486648321151733,91.12088012695312,1.5903593301773071,79.34066009521484,1.3847557306289673,85.71428680419922,1.4959964752197266,0.7554945054945055,0.007554945054945055,-0.5339043736457825,-1.6595090627670288,1.5359936952590942,1.3801348209381104,1.4954099655151367,0.0017089322209358215,-30.590465545654297,-0.5339043434895513,-95.0828628540039,-1.6595090190245807,88.00595092773438,1.5359936050375231,79.07589721679688,1.3801347654017257,85.68067169189453,1.49540982634386,0.17089322209358215,0.0017089322209358215,False,False,0.0,0.0,0.0,0.0,0.0,0.0,0.0,0.0,0.0,0.0,0.0,0.0,0.0,0.0,0.0,0.0
1,672,26.078679775004275,26.089502635062672,False,-30.813186645507812,-0.5377915501594543,-93.84615325927734,-1.637924313545227,90.85713958740234,1.5857561826705933,79.34066009521484,1.3847557306289673,85.71428680419922,1.4959964752197266,0.7554945054945055,0.007554945054945055,-0.5378267168998718,-1.6079879999160767,1.4459649324417114,1.380057692527771,1.4908174276351929,0.002503111958503723,-30.81519889831543,-0.5378266804325336,-92.13092041015625,-1.607987904050071,86.85713958740234,1.51594306466448,79.07147979736328,1.3800576668881679,85.41754150390625,1.4908173382020729,0.2503111958503723,0.002503111958503723,False,False,0.0,0.0,0.0,0.0,0.0,0.0,0.0,0.0,4.009452819824219,4.009452819824219,0.0,0.0,0.0,0.0,0.0,0.0
1,673,26.11210413905792,26.12312224402558,False,-30.901098251342773,-0.5393258929252625,-94.02198028564453,-1.6409931182861328,90.76923370361328,1.5842219591140747,79.34066009521484,1.3847557306289673,85.71428680419922,1.4959964752197266,0.7554945054945055,0.007554945054945055,-0.549490749835968,-1.4976599216461182,1.343143105506897,1.380959391593933,1.4972048997879028,0.0016216784715652466,-31.48349952697754,-0.5494907267958353,-90.02198028564453,-1.5711799551499226,86.76923370361328,1.5144088175604853,79.12313842773438,1.3809592800752142,85.78351593017578,1.4972047969185736,0.16216784715652466,0.0016216784715652466,False,False,0.0,0.0,0.0,0.0,0.0,4.212394714355469,4.212394714355469,0.0,9.81280517578125,9.81280517578125,0.0,0.0,0.0,0.0,0.0,0.0
1,674,26.146188928047195,26.15753892005887,False,-30.989011764526367,-0.5408602952957153,-94.28571319580078,-1.6455961465835571,90.68132019042969,1.5826876163482666,79.34066009521484,1.3847557306289673,85.71428680419922,1.4959964752197266,0.7554945054945055,0.007554945054945055,-0.5571174621582031,-1.5214303731918335,1.3969006538391113,1.3825408220291138,1.4936012029647827,0.002998627722263336,-31.92047691345215,-0.557117420946577,-90.28571319580078,-1.5757829627780156,86.68132019042969,1.5128744372984362,79.21375274658203,1.3825407982885578,85.57704162597656,1.4936011404895329,0.2998627722263336,0.002998627722263336,False,False,0.0,0.0,0.0,0.0,0.0,3.1141815185546875,3.1141815185546875,0.0,6.644813537597656,6.644813537597656,0.0,0.0,0.0,0.0,0.0,0.0
1,675,26.179937137058005,26.190954050049186,False,-30.989011764526367,-0.5408602952957153,-94.37362670898438,-1.6471304893493652,90.5934066772461,1.5811532735824585,79.34066009521484,1.3847557306289673,85.71428680419922,1.4959964752197266,0.7554945054945055,0.007554945054945055,-0.5537298917770386,-1.5685880184173584,1.4748784303665161,1.381311297416687,1.4932011365890503,0.0026815086603164673,-31.726383209228516,-0.5537298467504826,-90.37362670898438,-1.5773173430400647,86.5934066772461,1.511340057036387,79.14330291748047,1.3813112168132682,85.55411529541016,1.4932010005357483,0.26815086603164673,0.0026815086603164673,False,False,0.0,0.0,0.0,0.0,0.0,0.5001602172851562,0.5001602172851562,0.0,2.0891036987304688,2.0891036987304688,0.0,0.0,0.0,0.0,0.0,0.0
1,676,26.213112167082727,26.224687671056017,False,-31.076923370361328,-0.5423946380615234,-93.14286041259766,-1.6256495714187622,90.4175796508789,1.5780844688415527,79.34066009521484,1.3847557306289673,85.71428680419922,1.4959964752197266,0.7554945054945055,0.007554945054945055,-0.5436273217201233,-1.6104828119277954,1.4989368915557861,1.3800994157791138,1.4991494417190552,0.002547726035118103,-31.14754867553711,-0.5436272783133216,-92.27386474609375,-1.6104827533592574,86.4175796508789,1.5082712965122889,79.07386779785156,1.3800993453592276,85.89492797851562,1.4991493039884949,0.2547726035118103,0.002547726035118103,False,False,0.0,0.0,0.0,0.0,0.0,0.0,0.0,0.0,0.5348281860351562,0.5348281860351562,0.0,0.0,0.0,0.0,0.0,0.0
1,677,26.246533895027824,26.257120282039978,False,-31.69230842590332,-0.553135097026825,-91.29669952392578,-1.5934280157089233,90.4175796508789,1.5780844688415527,79.34066009521484,1.3847557306289673,85.71428680419922,1.4959964752197266,0.7554945054945055,0.007554945054945055,-0.5288114547729492,-1.6400771141052246,1.5133229494094849,1.3802247047424316,1.493649959564209,0.002826482057571411,-30.298662185668945,-0.5288114140894246,-93.96949005126953,-1.6400769978147085,86.70701599121094,1.5133229136260056,79.08104705810547,1.380224647088516,85.579833984375,1.4936498763374813,0.2826482057571411,0.002826482057571411,False,False,0.0,0.0,0.0,0.0,0.0,0.0,0.0,0.0,0.0,0.0,0.0,0.0,0.0,0.0,0.0,0.0
1,678,26.280531936092302,26.291675484040752,False,-31.69230842590332,-0.553135097026825,-91.20879364013672,-1.5918937921524048,90.32967376708984,1.5765502452850342,79.34066009521484,1.3847557306289673,85.89010620117188,1.4990651607513428,0.7554945054945055,0.007554945054945055,-0.5279485583305359,-1.643097162246704,1.5211660861968994,1.3793035745620728,1.490767240524292,0.003088325262069702,-30.249221801757812,-0.5279485166067253,-94.14252471923828,-1.6430970224908583,87.1563949584961,1.5211660561943434,79.02826690673828,1.3793034596674576,85.41466522216797,1.490767137615525,0.3088325262069702,0.003088325262069702,False,False,0.0,0.0,0.0,0.0,0.0,0.0,0.0,0.0,0.0,0.0,0.0,0.0,0.0,0.0,0.0,0.0
1,679,26.3143845370505,26.32553704304155,False,-31.076923370361328,-0.5423946380615234,-92.0879135131836,-1.6072373390197754,90.32967376708984,1.5765502452850342,79.34066009521484,1.3847557306289673,85.71428680419922,1.4959964752197266,0.7554945054945055,0.007554945054945055,-0.532406747341156,-1.6285288333892822,1.5300425291061401,1.3795924186706543,1.4959994554519653,0.0030793026089668274,-30.504657745361328,-0.5324067148505451,-93.30782318115234,-1.628528732379798,87.66497802734375,1.5300425052656321,79.04481506347656,1.3795922794876767,85.71444702148438,1.4959993170511492,0.30793026089668274,0.0030793026089668274,False,False,0.0,0.0,0.0,0.0,0.0,0.0,0.0,0.0,0.0,0.0,0.0,0.0,0.0,0.0,0.0,0.0
1,680,26.347351666074246,26.360338224098086,False,-30.461538314819336,-0.5316541194915771,-93.4065933227539,-1.6302525997161865,90.32967376708984,1.5765502452850342,79.34066009521484,1.3847557306289673,85.62637329101562,1.4944621324539185,0.7554945054945055,0.007554945054945055,-0.523776113986969,-1.6636425256729126,1.513042688369751,1.3823330402374268,1.4927152395248413,0.0037870556116104126,-30.01015853881836,-0.5237760755478709,-95.31968688964844,-1.663642378194438,86.69095611572266,1.5130426159212746,79.20184326171875,1.3823329385654772,85.52627563476562,1.4927151067948634,0.37870556116104126,0.0037870556116104126,False,False,0.0,0.0,0.0,0.0,0.0,0.0,0.0,0.0,0.0,0.0,0.0,0.0,0.0,0.0,0.0,0.0
1,681,26.38141216803342,26.39305386808701,False,-30.373626708984375,-0.530119776725769,-93.4945068359375,-1.6317869424819946,90.32967376708984,1.5765502452850342,79.34066009521484,1.3847557306289673,85.62637329101562,1.4944621324539185,0.7554945054945055,0.007554945054945055,-0.530549943447113,-1.5902339220046997,1.3672503232955933,1.385128140449524,1.4850832223892212,0.0028575584292411804,-30.398271560668945,-0.5305499256490284,-91.11368560791016,-1.5902338074850033,86.32967376708984,1.5067370494082941,79.36199188232422,1.3851280592875699,85.08899688720703,1.485083152900969,0.28575584292411804,0.0028575584292411804,False,False,0.0,0.0,0.0,0.0,0.0,0.0,0.0,0.0,7.99200439453125,7.99200439453125,0.0,0.0,0.0,0.0,0.0,0.0
1,682,26.414528612047434,26.425812302040868,False,-30.72527503967285,-0.5362572073936462,-93.4065933227539,-1.6302525997161865,90.32967376708984,1.5765502452850342,79.34066009521484,1.3847557306289673,85.71428680419922,1.4959964752197266,0.7554945054945055,0.007554945054945055,-0.5399368405342102,-1.466787576675415,1.254854679107666,1.386044979095459,1.4966830015182495,0.0024259984493255615,-30.936100006103516,-0.5399368028327443,-89.4065933227539,-1.560439426473633,86.32967376708984,1.5067370494082941,79.41452026367188,1.3860448524928295,85.75361633300781,1.4966829505029724,0.24259984493255615,0.0024259984493255615,False,False,0.0,0.0,0.0,0.0,0.0,5.3658599853515625,5.3658599853515625,0.0,14.431800842285156,14.431800842285156,0.0,0.0,0.0,0.0,0.0,0.0
1,683,26.448538038064726,26.459513541078195,False,-30.813186645507812,-0.5377915501594543,-93.5824203491211,-1.6333212852478027,90.32967376708984,1.5765502452850342,79.34066009521484,1.3847557306289673,85.71428680419922,1.4959964752197266,0.7554945054945055,0.007554945054945055,-0.5507246255874634,-1.3684699535369873,1.1887614727020264,1.384476900100708,1.4956884384155273,0.0036476776003837585,-31.554195404052734,-0.5507246026183827,-89.5824203491211,-1.5635081869977312,86.32967376708984,1.5067370494082941,79.32467651367188,1.384476783242991,85.6966323852539,1.4956883929938825,0.36476776003837585,0.0036476776003837585,False,False,0.0,0.0,0.0,0.0,0.0,11.174873352050781,11.174873352050781,0.0,18.218666076660156,18.218666076660156,0.0,0.0,0.0,0.0,0.0,0.0
1,684,26.482067679055035,26.493332879035734,False,-30.63736343383789,-0.5347228646278381,-94.19779968261719,-1.6440616846084595,90.32967376708984,1.5765502452850342,79.34066009521484,1.3847557306289673,85.62637329101562,1.4944621324539185,0.7554945054945055,0.007554945054945055,-0.5583476424217224,-1.2518576383590698,1.1157381534576416,1.384567141532898,1.4899945259094238,0.0019686371088027954,-31.9909610748291,-0.5583476016331119,-90.19779968261719,-1.5742485825159662,86.32967376708984,1.5067370494082941,79.32984924316406,1.3845670644039447,85.37039184570312,1.4899944214252385,0.19686371088027954,0.0019686371088027954,False,False,0.0,0.0,0.0,0.0,0.0,18.471641540527344,18.471641540527344,0.0,22.402591705322266,22.402591705322266,0.0,0.0,0.0,0.0,0.0,0.0
1,685,26.515395008027554,26.526908578001894,False,-30.72527503967285,-0.5362572073936462,-93.05494689941406,-1.624115228652954,90.06593322753906,1.5719470977783203,79.34066009521484,1.3847557306289673,85.62637329101562,1.4944621324539185,0.7554945054945055,0.007554945054945055,-0.5700828433036804,-1.1376928091049194,1.022439956665039,1.385830044746399,1.4890559911727905,0.001841627061367035,-32.66333770751953,-0.5700827876870325,-89.05494689941406,-1.554302038583491,86.06593322753906,1.5021339086221466,79.40220642089844,1.3858299353928603,85.31661987304688,1.4890559234570946,0.1841627061367035,0.001841627061367035,False,False,0.0,0.0,0.0,0.0,0.0,23.869956970214844,23.869956970214844,0.0,27.48444366455078,27.48444366455078,0.0,0.0,0.0,0.0,0.0,0.0
1,686,26.549182304996066,26.560750008095056,False,-31.604394912719727,-0.5516007542610168,-91.12088012695312,-1.5903593301773071,89.97801971435547,1.5704126358032227,79.34066009521484,1.3847557306289673,85.62637329101562,1.4944621324539185,0.7554945054945055,0.007554945054945055,-0.5795417428016663,-1.0003252029418945,0.9663599729537964,1.3868927955627441,1.48094642162323,0.0020095035433769226,-33.20529556274414,-0.5795417366677487,-87.12088012695312,-1.5205462054506276,85.97801971435547,1.5005995283600975,79.46309661865234,1.3868926698258564,84.85197448730469,1.4809463316216942,0.20095035433769226,0.0020095035433769226,False,False,0.0,0.0,0.0,0.0,0.0,29.806472778320312,29.806472778320312,0.0,30.609676361083984,30.609676361083984,0.0,0.0,0.0,0.0,0.0,0.0
1,687,26.582865489064716,26.595072319032624,False,-32.131866455078125,-0.5608068704605103,-90.06593322753906,-1.5719470977783203,89.89010620117188,1.5688782930374146,79.34066009521484,1.3847557306289673,85.71428680419922,1.4959964752197266,0.7554945054945055,0.007554945054945055,-0.5923098921775818,-0.9062361717224121,0.8728241920471191,1.389180302619934,1.4801461696624756,0.0024478361010551453,-33.93685531616211,-0.59230986303997,-86.06593322753906,-1.5021339086221466,85.89010620117188,1.4990651480980484,79.59416198730469,1.38918019204418,84.80612182617188,1.4801460517141254,0.24478361010551453,0.0024478361010551453,False,False,0.0,0.0,0.0,0.0,0.0,34.14242935180664,34.14242935180664,0.0,35.88096618652344,35.88096618652344,0.0,0.0,0.0,0.0,0.0,0.0
1,688,26.617181465029716,26.62957519001793,False,-32.21977996826172,-0.5623412132263184,-89.89010620117188,-1.5688782930374146,89.80220031738281,1.567344069480896,79.34066009521484,1.3847557306289673,85.89010620117188,1.4990651607513428,0.7554945054945055,0.007554945054945055,-0.5897654891014099,-0.8533087968826294,0.8256530165672302,1.392369270324707,1.4832192659378052,0.0020836442708969116,-33.791072845458984,-0.5897654789345083,-85.89010620117188,-1.4990651480980484,85.80220031738281,1.4975309009940536,79.7768783569336,1.3923691942914953,84.9822006225586,1.4832192064540224,0.20836442708969116,0.0020836442708969116,False,False,0.0,0.0,0.0,0.0,0.0,36.999114990234375,36.999114990234375,0.0,38.49576950073242,38.49576950073242,0.0,0.0,0.0,0.0,0.0,0.0
1,689,26.649797280086204,26.661854229983874,False,-32.659339904785156,-0.5700129866600037,-88.92308044433594,-1.5520005226135254,89.53845977783203,1.5627409219741821,79.34066009521484,1.3847557306289673,85.0988998413086,1.4852559566497803,0.7554945054945055,0.007554945054945055,-0.5979654788970947,-0.7832854390144348,0.7730274200439453,1.3900339603424072,1.4820477962493896,0.001731187105178833,-34.260894775390625,-0.5979654185098895,-84.92308044433594,-1.4821873646896713,85.53845977783203,1.4929277602079063,79.64307403564453,1.3900338683316047,84.91507720947266,1.4820476818904964,0.1731187105178833,0.001731187105178833,False,False,0.0,0.0,0.0,0.0,0.0,40.044132232666016,40.044132232666016,0.0,41.24725341796875,41.24725341796875,0.0,0.0,0.0,0.0,0.0,0.0
1,690,26.684462720062584,26.853590568061918,False,-33.53845977783203,-0.5853565335273743,-87.69230651855469,-1.5305194854736328,89.53845977783203,1.5627409219741821,79.34066009521484,1.3847557306289673,85.53845977783203,1.4929277896881104,0.7554945054945055,0.007554945054945055,-0.5649147033691406,-1.6398869752883911,1.5605931282043457,1.3759441375732422,1.4756137132644653,-0.001903817057609558,-32.367225646972656,-0.5649146572756246,-91.69230651855469,-1.6003326474966384,89.41539764404297,1.5605930908685306,78.83578491210938,1.375944015110377,84.54643249511719,1.4756136178549195,0.0,0.0,True,False,0.1903817057609558,0.0,0.0,0.0,0.0,2.2662887573242188,2.2662887573242188,0.0,0.0,0.0,0.0,0.0,0.0,0.0,0.0,0.0
1,691,26.85513181099668,26.86696410609875,False,-33.978023529052734,-0.5930283665657043,-86.02198028564453,-1.5013667345046997,89.18681335449219,1.5566035509109497,78.989013671875,1.3786183595657349,85.62637329101562,1.4944621324539185,0.7554945054945055,0.007554945054945055,-0.5597152709960938,-1.6588889360427856,1.5731405019760132,1.3760977983474731,1.4818364381790161,0.0003486350178718567,-32.06932067871094,-0.5597152347214085,-90.02198028564453,-1.5711799551499226,90.13430786132812,1.5731404411863843,78.84458923339844,1.3760976795052746,84.90296936035156,1.4818363600579987,0.03486350178718567,0.0003486350178718567,False,False,0.0,0.0,0.0,0.0,0.0,5.025352478027344,5.025352478027344,0.0,0.0,0.0,0.0,0.0,0.0,0.0,0.0,0.0
1,692,26.888702047988772,26.899845499079674,False,-33.71428680419922,-0.5884252786636353,-86.02198028564453,-1.5013667345046997,89.18681335449219,1.5566035509109497,78.989013671875,1.3786183595657349,85.53845977783203,1.4929277896881104,0.7554945054945055,0.007554945054945055,-0.5571935772895813,-1.6473851203918457,1.562414526939392,1.3756868839263916,1.483147382736206,-0.001032508909702301,-31.92483901977539,-0.5571935540642396,-90.02198028564453,-1.5711799551499226,89.5197525024414,1.5624144267380358,78.821044921875,1.3756867537490753,84.97808074951172,1.4831473011045901,0.0,0.0,True,False,0.1032508909702301,0.0,0.0,0.0,0.0,4.3662261962890625,4.3662261962890625,0.0,0.0,0.0,0.0,0.0,0.0,0.0,0.0,0.0
1,693,26.92200307000894,26.93270367209334,False,-33.80219650268555,-0.5899596214294434,-86.19779968261719,-1.504435420036316,89.18681335449219,1.5566035509109497,78.989013671875,1.3786183595657349,85.53845977783203,1.4929277896881104,0.7554945054945055,0.007554945054945055,-0.558551013469696,-1.6413737535476685,1.5677443742752075,1.3727736473083496,1.477995753288269,-0.003183990716934204,-32.00261306762695,-0.558550967271853,-90.19779968261719,-1.5742485825159662,89.82513427734375,1.5677443441856658,78.65412902832031,1.3727735218326378,84.68291473388672,1.477995682291941,0.0,0.0,True,False,0.3183990716934204,0.0,0.0,0.0,0.0,3.8459854125976562,3.8459854125976562,0.0,0.0,0.0,0.0,0.0,0.0,0.0,0.0,0.0
1,694,26.95554679003544,26.966535040992312,False,-33.010990142822266,-0.5761504769325256,-87.69230651855469,-1.5305194854736328,89.89010620117188,1.5688782930374146,79.25274658203125,1.3832213878631592,85.45054626464844,1.4913933277130127,0.7554945054945055,0.007554945054945055,-0.5650197863578796,-1.6246719360351562,1.5570051670074463,1.3704794645309448,1.4742677211761475,-0.001874871551990509,-32.37324905395508,-0.5650197855596555,-91.69230651855469,-1.6003326474966384,89.20982360839844,1.5570051470899213,78.5226821899414,1.370479341711589,84.46931457519531,1.4742676562399935,0.0,0.0,True,False,0.1874871551990509,0.0,0.0,0.0,0.0,1.39453125,1.39453125,0.0,0.0,0.0,0.0,0.0,0.0,0.0,0.0,0.0
1,695,26.989374398021027,27.000538783031516,False,-32.21977996826172,-0.5623412132263184,-88.74725341796875,-1.5489317178726196,90.4175796508789,1.5780844688415527,79.25274658203125,1.3832213878631592,84.92308044433594,1.4821873903274536,0.7554945054945055,0.007554945054945055,-0.5592213869094849,-1.6526269912719727,1.5647891759872437,1.3752005100250244,1.4812061786651611,-0.0014743730425834656,-32.04102325439453,-0.5592213514972533,-92.74725341796875,-1.6187449443251192,89.65580749511719,1.564789034324005,78.79318237304688,1.375200460534027,84.86685943603516,1.4812061229860314,0.0,0.0,True,False,0.14743730425834656,0.0,0.0,0.0,0.0,1.9412918090820312,1.9412918090820312,0.0,0.0,0.0,0.0,0.0,0.0,0.0,0.0,0.0
1,696,27.023034234996885,27.034799101995304,False,-32.659339904785156,-0.5700129866600037,-89.010986328125,-1.553534746170044,90.5054931640625,1.5796188116073608,79.25274658203125,1.3832213878631592,84.83516693115234,1.480652928352356,0.7554945054945055,0.007554945054945055,-0.5606838464736938,-1.6324151754379272,1.5585161447525024,1.3746240139007568,1.480178952217102,-0.0011866986751556396,-32.12481689453125,-0.5606838264098702,-93.010986328125,-1.6233479519532121,89.29639434814453,1.5585160915343776,78.76014709472656,1.3746238861580249,84.80799865722656,1.4801788085955334,0.0,0.0,True,False,0.11866986751556396,0.0,0.0,0.0,0.0,0.5195083618164062,0.5195083618164062,0.0,0.0,0.0,0.0,0.0,0.0,0.0,0.0,0.0
1,697,27.056431130040437,27.067985740024596,False,-32.83516311645508,-0.5730817317962646,-90.24176025390625,-1.5750157833099365,90.5054931640625,1.5796188116073608,79.25274658203125,1.3832213878631592,85.27472686767578,1.488324761390686,0.7554945054945055,0.007554945054945055,-0.5531069040298462,-1.6454707384109497,1.5633474588394165,1.3764852285385132,1.4752541780471802,-0.001205727458000183,-31.690689086914062,-0.5531068667924859,-94.24176025390625,-1.6448290093057913,89.57320404052734,1.5633473320678906,78.86679077148438,1.376485169443881,84.52583312988281,1.475254091107759,0.0,0.0,True,False,0.12057274580001831,0.0,0.0,0.0,0.0,0.03676605224609375,0.03676605224609375,0.0,0.0,0.0,0.0,0.0,0.0,0.0,0.0,0.0
1,698,27.089801936992444,27.100581259001046,False,-32.0439567565918,-0.5592725276947021,-91.20879364013672,-1.5918937921524048,90.5054931640625,1.5796188116073608,79.25274658203125,1.3832213878631592,85.010986328125,1.4837216138839722,0.7554945054945055,0.007554945054945055,-0.569004476070404,-1.6344302892684937,1.5586628913879395,1.3757659196853638,1.4685269594192505,-0.0020842254161834717,-32.60155487060547,-0.5690044737616593,-93.64595031738281,-1.6344301641973589,89.30480194091797,1.5586628317104412,78.82557678222656,1.3757658496334508,84.14038848876953,1.4685268130361642,0.0,0.0,True,False,0.20842254161834717,0.0,0.0,0.0,0.0,0.0,0.0,0.0,0.0,0.0,0.0,0.0,0.0,0.0,0.0,0.0
1,699,27.123124854057096,27.134413285995834,False,-31.956043243408203,-0.557738184928894,-92.43955993652344,-1.6133747100830078,90.5054931640625,1.5796188116073608,79.25274658203125,1.3832213878631592,84.74725341796875,1.4791185855865479,0.7554945054945055,0.007554945054945055,-0.5648783445358276,-1.6328604221343994,1.5564411878585815,1.3757811784744263,1.4752769470214844,-0.0014683380722999573,-32.365142822265625,-0.5648783051267451,-93.5560073852539,-1.6328603638928116,89.17750549316406,1.5564410895710425,78.82645416259766,1.3757811628097187,84.52713775634766,1.475276861135079,0.0,0.0,True,False,0.14683380722999573,0.0,0.0,0.0,0.0,0.0,0.0,0.0,0.0,0.0,0.0,0.0,0.0,0.0,0.0,0.0
1,700,27.157604905078188,27.170912706991658,False,-32.483516693115234,-0.5669443011283875,-93.05494689941406,-1.624115228652954,90.5054931640625,1.5796188116073608,79.25274658203125,1.3832213878631592,85.010986328125,1.4837216138839722,0.7554945054945055,0.007554945054945055,-0.5594964027404785,-1.6348694562911987,1.5500966310501099,1.3788336515426636,1.4760226011276245,-0.0015227273106575012,-32.05678176879883,-0.5594963894588312,-93.67111206054688,-1.634869319461113,88.8139877319336,1.5500965077480922,79.0013427734375,1.378833544893113,84.56986236572266,1.4760225462403012,0.0,0.0,True,False,0.15227273106575012,0.0,0.0,0.0,0.0,0.0,0.0,0.0,0.0,0.0,0.0,0.0,0.0,0.0,0.0,0.0
1,701,27.190047293086536,27.20205927407369,False,-32.659339904785156,-0.5700129866600037,-93.05494689941406,-1.624115228652954,90.5054931640625,1.5796188116073608,79.25274658203125,1.3832213878631592,85.0988998413086,1.4852559566497803,0.7554945054945055,0.007554945054945055,-0.5580803751945496,-1.63248872756958,1.5559297800064087,1.3761597871780396,1.4737539291381836,-0.002147376537322998,-31.975648880004883,-0.5580803534177224,-93.53470611572266,-1.6324885866046366,89.14820098876953,1.5559296294836928,78.84814453125,1.3761597311586735,84.43987274169922,1.4737537993076628,0.0,0.0,True,False,0.2147376537322998,0.0,0.0,0.0,0.0,0.0,0.0,0.0,0.0,0.0,0.0,0.0,0.0,0.0,0.0,0.0
1,702,27.224091445095837,27.23514231806621,False,-32.30769348144531,-0.5638756155967712,-92.87911987304688,-1.6210464239120483,90.5054931640625,1.5796188116073608,79.25274658203125,1.3832213878631592,85.010986328125,1.4837216138839722,0.7554945054945055,0.007554945054945055,-0.5583604574203491,-1.6406519412994385,1.5514494180679321,1.3774025440216064,1.473128318786621,-0.0027067288756370544,-31.991695404052734,-0.5583604180958579,-94.00242614746094,-1.640651841136002,88.8915023803711,1.5514493935818525,78.91934967041016,1.377402495281359,84.4040298461914,1.473128222767603,0.0,0.0,True,False,0.27067288756370544,0.0,0.0,0.0,0.0,0.0,0.0,0.0,0.0,0.0,0.0,0.0,0.0,0.0,0.0,0.0
1,703,27.259563646046445,27.27072152204346,False,-31.868131637573242,-0.5562038421630859,-92.70330047607422,-1.6179778575897217,90.5054931640625,1.5796188116073608,79.25274658203125,1.3832213878631592,84.65933990478516,1.4775842428207397,0.7554945054945055,0.007554945054945055,-0.5672181248664856,-1.6121917963027954,1.538795828819275,1.3764265775680542,1.4788613319396973,-0.002267584204673767,-32.499202728271484,-0.5672180918814614,-92.37178039550781,-1.6121917038307612,88.16650390625,1.5387957831365044,78.8634262084961,1.376426446741845,84.73250579833984,1.4788612096462168,0.0,0.0,True,False,0.2267584204673767,0.0,0.0,0.0,0.0,0.0,0.0,0.0,0.0,0.0,0.0,0.0,0.0,0.0,0.0,0.0
1,704,27.29160817200318,27.303399943048134,False,-31.868131637573242,-0.5562038421630859,-92.70330047607422,-1.6179778575897217,90.5054931640625,1.5796188116073608,79.25274658203125,1.3832213878631592,84.65933990478516,1.4775842428207397,0.7554945054945055,0.007554945054945055,-0.5649523138999939,-1.612023115158081,1.5515217781066895,1.3779834508895874,1.4728816747665405,-0.001437552273273468,-32.369380950927734,-0.564952274426022,-92.36211395263672,-1.6120229925757048,88.89564514160156,1.551521698405448,78.95262908935547,1.3779833307151053,84.38990020751953,1.4728816140506618,0.0,0.0,True,False,0.1437552273273468,0.0,0.0,0.0,0.0,0.0,0.0,0.0,0.0,0.0,0.0,0.0,0.0,0.0,0.0,0.0
1,705,27.32492490601726,27.335816738079302,False,-32.131866455078125,-0.5608068704605103,-92.61538696289062,-1.616443395614624,90.5054931640625,1.5796188116073608,79.25274658203125,1.3832213878631592,84.65933990478516,1.4775842428207397,0.7554945054945055,0.007554945054945055,-0.5727569460868835,-1.6152642965316772,1.5299081802368164,1.3779102563858032,1.4810243844985962,-0.0017139837145805359,-32.81655502319336,-0.5727569343166082,-92.54782104492188,-1.6152641927803857,87.65727996826172,1.5299081487886375,78.94844055175781,1.3779102269431827,84.8564453125,1.4810243622416335,0.0,0.0,True,False,0.1713983714580536,0.0,0.0,0.0,0.0,0.0,0.0,0.0,0.0,0.0,0.0,0.0,0.0,0.0,0.0,0.0
1,706,27.358470974024385,27.369847510010004,False,-32.39560317993164,-0.5654099583625793,-92.70330047607422,-1.6179778575897217,90.5054931640625,1.5796188116073608,79.25274658203125,1.3832213878631592,84.65933990478516,1.4775842428207397,0.7554945054945055,0.007554945054945055,-0.5630468130111694,-1.6150487661361694,1.527625322341919,1.376906156539917,1.4807913303375244,-0.001106947660446167,-32.26020431518555,-0.5630467826660703,-92.53547668457031,-1.6150487430481983,87.52648162841797,1.5276252871022216,78.89090728759766,1.376906082054168,84.84308624267578,1.480791202488197,0.0,0.0,True,False,0.1106947660446167,0.0,0.0,0.0,0.0,0.0,0.0,0.0,0.0,0.0,0.0,0.0,0.0,0.0,0.0,0.0
1,707,27.391923186019994,27.403143757022917,False,-32.39560317993164,-0.5654099583625793,-92.70330047607422,-1.6179778575897217,90.5054931640625,1.5796188116073608,79.25274658203125,1.3832213878631592,84.65933990478516,1.4775842428207397,0.7554945054945055,0.007554945054945055,-0.5502565503120422,-1.6372936964035034,1.5375239849090576,1.3765708208084106,1.4837754964828491,-0.0009634345769882202,-31.527376174926758,-0.5502565187672877,-93.81001281738281,-1.637293595001412,88.0936279296875,1.5375238573998826,78.87169647216797,1.3765707900729272,85.01406860351562,1.4837754076476855,0.0,0.0,True,False,0.09634345769882202,0.0,0.0,0.0,0.0,0.0,0.0,0.0,0.0,0.0,0.0,0.0,0.0,0.0,0.0,0.0
1,708,27.426076061092317,27.43786592106335,False,-32.39560317993164,-0.5654099583625793,-92.70330047607422,-1.6179778575897217,90.5054931640625,1.5796188116073608,79.25274658203125,1.3832213878631592,84.65933990478516,1.4775842428207397,0.7554945054945055,0.007554945054945055,-0.5484690070152283,-1.6417258977890015,1.5354973077774048,1.3769980669021606,1.488359808921814,-0.000561736524105072,-31.424957275390625,-0.5484689717541128,-94.06395721435547,-1.6417257608455764,87.97750854492188,1.5354971918103324,78.89617156982422,1.376997961111776,85.2767333984375,1.4883597731481477,0.0,0.0,True,False,0.0561736524105072,0.0,0.0,0.0,0.0,0.0,0.0,0.0,0.0,0.0,0.0,0.0,0.0,0.0,0.0,0.0
1,709,27.45941401203163,27.472102983039804,False,-32.21977996826172,-0.5623412132263184,-92.70330047607422,-1.6179778575897217,90.5054931640625,1.5796188116073608,79.25274658203125,1.3832213878631592,84.65933990478516,1.4775842428207397,0.7554945054945055,0.007554945054945055,-0.547346293926239,-1.6274969577789307,1.5280100107192993,1.378160834312439,1.482189655303955,-0.0006968900561332703,-31.36063003540039,-0.5473462496175627,-93.24870300292969,-1.6274968906154466,87.54852294921875,1.5280099807216836,78.9627914428711,1.3781606972437046,84.92321014404297,1.4821896283765978,0.0,0.0,True,False,0.06968900561332703,0.0,0.0,0.0,0.0,0.0,0.0,0.0,0.0,0.0,0.0,0.0,0.0,0.0,0.0,0.0
1,710,27.493263805052266,27.50564877607394,False,-32.0439567565918,-0.5592725276947021,-92.79120635986328,-1.6195120811462402,90.5054931640625,1.5796188116073608,79.25274658203125,1.3832213878631592,84.65933990478516,1.4775842428207397,0.7554945054945055,0.007554945054945055,-0.5594167709350586,-1.6121981143951416,1.471136450767517,1.3809877634048462,1.4853287935256958,-0.0015064403414726257,-32.05221939086914,-0.5594167609422378,-92.37213897705078,-1.612197962259323,86.5054931640625,1.509805676774338,79.12476348876953,1.3809876427408236,85.10306549072266,1.4853286963534742,0.0,0.0,True,False,0.15064403414726257,0.0,0.0,0.0,0.0,0.0,0.0,0.0,2.2155914306640625,2.2155914306640625,0.0,0.0,0.0,0.0,0.0,0.0
1,711,27.52683219802566,27.539256946067326,False,-31.78022003173828,-0.5546694993972778,-92.96703338623047,-1.6225807666778564,90.5054931640625,1.5796188116073608,79.25274658203125,1.3832213878631592,84.65933990478516,1.4775842428207397,0.7554945054945055,0.007554945054945055,-0.5535719990730286,-1.5589734315872192,1.3697640895843506,1.3864883184432983,1.4847384691238403,-0.0017003938555717468,-31.717336654663086,-0.5535719545873545,-89.32259368896484,-1.5589733562935444,86.5054931640625,1.509805676774338,79.43992614746094,1.3864882688143279,85.06924438476562,1.4847384066978582,0.0,0.0,True,False,0.17003938555717468,0.0,0.0,0.0,0.0,0.0,0.0,0.0,8.023796081542969,8.023796081542969,0.0,0.0,0.0,0.0,0.0,0.0
1,712,27.5605946109863,27.57189402298536,False,-31.604394912719727,-0.5516007542610168,-93.14286041259766,-1.6256495714187622,90.4175796508789,1.5780844688415527,79.34066009521484,1.3847557306289673,84.65933990478516,1.4775842428207397,0.7554945054945055,0.007554945054945055,-0.5579672455787659,-1.4229966402053833,1.2354503870010376,1.385641098022461,1.4818649291992188,-0.0025139376521110535,-31.969165802001953,-0.5579672023609077,-89.14286041259766,-1.55583641884554,86.4175796508789,1.5082712965122889,79.3913803100586,1.385640984113519,84.90460205078125,1.4818648558816625,0.0,0.0,True,False,0.25139376521110535,0.0,0.0,0.0,0.0,7.6111602783203125,7.6111602783203125,0.0,15.631492614746094,15.631492614746094,0.0,0.0,0.0,0.0,0.0,0.0
1,713,27.59385675401427,27.605195854092017,False,-31.604394912719727,-0.5516007542610168,-92.87911987304688,-1.6210464239120483,90.24176025390625,1.5750157833099365,79.34066009521484,1.3847557306289673,84.65933990478516,1.4775842428207397,0.7554945054945055,0.007554945054945055,-0.5560442805290222,-1.3160780668258667,1.145457148551941,1.386006236076355,1.4843705892562866,-0.0020986422896385193,-31.85898780822754,-0.5560442336063024,-88.87911987304688,-1.5512332780593925,86.24176025390625,1.505202669146245,79.41230010986328,1.386006103498969,85.04816436767578,1.4843704909932636,0.0,0.0,True,False,0.20986422896385193,0.0,0.0,0.0,0.0,13.473403930664062,13.473403930664062,0.0,20.611900329589844,20.611900329589844,0.0,0.0,0.0,0.0,0.0,0.0
1,714,27.62771374708973,27.639587253099307,False,-31.604394912719727,-0.5516007542610168,-91.56044006347656,-1.5980311632156372,89.97801971435547,1.5704126358032227,79.34066009521484,1.3847557306289673,84.65933990478516,1.4775842428207397,0.7554945054945055,0.007554945054945055,-0.5686753988265991,-1.2082422971725464,1.0495630502700806,1.3841089010238647,1.4780958890914917,-0.004150658845901489,-32.582698822021484,-0.5686753736299528,-87.56044006347656,-1.5282179736028187,85.97801971435547,1.5005995283600975,79.30359649658203,1.3841088675383966,84.68865203857422,1.478095817148928,0.0,0.0,True,False,0.4150658845901489,0.0,0.0,0.0,0.0,18.33325958251953,18.33325958251953,0.0,25.842491149902344,25.842491149902344,0.0,0.0,0.0,0.0,0.0,0.0
1,715,27.66108408407308,27.67241742706392,False,-31.69230842590332,-0.553135097026825,-90.15384674072266,-1.5734814405441284,89.89010620117188,1.5688782930374146,79.34066009521484,1.3847557306289673,84.74725341796875,1.4791185855865479,0.7554945054945055,0.007554945054945055,-0.5819104909896851,-1.0970741510391235,0.9847398996353149,1.3875315189361572,1.4787695407867432,-0.0030749663710594177,-33.34101486206055,-0.5819104852993195,-86.15384674072266,-1.503668288884196,85.89010620117188,1.4990651480980484,79.49969482421875,1.3875314290133118,84.72724914550781,1.4787694637466635,0.0,0.0,True,False,0.3074966371059418,0.0,0.0,0.0,0.0,23.296131134033203,23.296131134033203,0.0,29.468669891357422,29.468669891357422,0.0,0.0,0.0,0.0,0.0,0.0
1,716,27.694595520035364,27.705606185016222,False,-31.956043243408203,-0.557738184928894,-89.45054626464844,-1.561206579208374,89.80220031738281,1.567344069480896,79.34066009521484,1.3847557306289673,84.65933990478516,1.4775842428207397,0.7554945054945055,0.007554945054945055,-0.5849320888519287,-1.071260690689087,0.9615470170974731,1.3928442001342773,1.4805504083633423,-0.0030815303325653076,-33.514137268066406,-0.5849320412930963,-85.45054626464844,-1.4913933799458572,85.80220031738281,1.4975309009940536,79.80409240722656,1.3928441690719109,84.82928466796875,1.4805503195675995,0.0,0.0,True,False,0.30815303325653076,0.0,0.0,0.0,0.0,24.071834564208984,24.071834564208984,0.0,30.709617614746094,30.709617614746094,0.0,0.0,0.0,0.0,0.0,0.0
1,717,27.728167431079783,27.74108766298741,False,-32.57143020629883,-0.5684787034988403,-89.010986328125,-1.553534746170044,89.62637329101562,1.5642752647399902,79.34066009521484,1.3847557306289673,84.65933990478516,1.4775842428207397,0.7554945054945055,0.007554945054945055,-0.5904208421707153,-1.055799126625061,0.9400167465209961,1.3896777629852295,1.48085618019104,-0.0025955215096473694,-33.82862091064453,-0.5904208162997495,-85.010986328125,-1.4837216117936658,85.62637329101562,1.4944621404699554,79.62266540527344,1.3896776705358067,84.8468017578125,1.4808560504607406,0.0,0.0,True,False,0.25955215096473694,0.0,0.0,0.0,0.0,24.51815414428711,24.51815414428711,0.0,31.767383575439453,31.767383575439453,0.0,0.0,0.0,0.0,0.0,0.0
1,718,27.762112237047404,27.774413753999397,False,-33.27472686767578,-0.5807535648345947,-87.86813354492188,-1.533588171005249,89.53845977783203,1.5627409219741821,79.42857360839844,1.3862900733947754,84.65933990478516,1.4775842428207397,0.7554945054945055,0.007554945054945055,-0.5967551469802856,-1.0475949048995972,0.982438325881958,1.3899942636489868,1.477291226387024,-0.002928808331489563,-34.191551208496094,-0.596755144952503,-83.86813354492188,-1.4637750678611903,85.53845977783203,1.4929277602079063,79.64080047607422,1.3899941872313626,84.64254760742188,1.4772911430255604,0.0,0.0,True,False,0.2928808331489563,0.0,0.0,0.0,0.0,23.84537124633789,23.84537124633789,0.0,29.24889373779297,29.24889373779297,0.0,0.0,0.0,0.0,0.0,0.0
1,719,27.795416432083584,27.80722988198977,False,-33.4505500793457,-0.5838222503662109,-86.9011001586914,-1.5167102813720703,89.53845977783203,1.5627409219741821,79.07691955566406,1.3801525831222534,85.0988998413086,1.4852559566497803,0.7554945054945055,0.007554945054945055,-0.6150119304656982,-1.011164665222168,0.9249244928359985,1.3886444568634033,1.480103850364685,-0.002952657639980316,-35.237586975097656,-0.6150119131733233,-82.9011001586914,-1.4468971512947586,85.53845977783203,1.4929277602079063,79.56346130371094,1.3886443640328558,84.80369567871094,1.4801037074527932,0.0,0.0,True,False,0.2952657639980316,0.0,0.0,0.0,0.0,24.96563720703125,24.96563720703125,0.0,32.544193267822266,32.544193267822266,0.0,0.0,0.0,0.0,0.0,0.0
1,720,27.82901219301857,28.00385326403193,False,-33.18681335449219,-0.5792191624641418,-86.37362670898438,-1.5075041055679321,89.53845977783203,1.5627409219741821,78.989013671875,1.3786183595657349,85.0988998413086,1.4852559566497803,0.7554945054945055,0.007554945054945055,-0.5589284300804138,-1.6367299556732178,1.5699222087860107,1.3748676776885986,1.4731000661849976,0.0005018413066864014,-32.02423858642578,-0.5589284037773445,-90.37362670898438,-1.5773173430400647,89.94991302490234,1.569922144167078,78.77410888671875,1.374867565397767,84.40241241455078,1.4730999932600484,0.05018413066864014,0.0005018413066864014,False,False,0.0,0.0,0.0,0.0,0.0,3.404083251953125,3.404083251953125,0.0,0.0,0.0,0.0,0.0,0.0,0.0,0.0,0.0
1,721,28.005319766001776,28.01620657509193,False,-35.20878982543945,-0.6145092844963074,-84.26373291015625,-1.470679521560669,88.83516693115234,1.5504661798477173,78.81318664550781,1.375549554824829,85.0988998413086,1.4852559566497803,0.7554945054945055,0.007554945054945055,-0.5545425415039062,-1.6462063789367676,1.5601849555969238,1.3726028203964233,1.4714933633804321,-0.00013305991888046265,-31.772945404052734,-0.5545425103571203,-88.26373291015625,-1.5404927493831029,89.39200592041016,1.5601848282734214,78.64434051513672,1.3726026800487092,84.31035614013672,1.4714933081744035,0.0,0.0,True,False,0.013305991888046265,0.0,0.0,0.0,0.0,6.056938171386719,6.056938171386719,0.0,0.0,0.0,0.0,0.0,0.0,0.0,0.0,0.0
1,722,28.039143135072663,28.049775813007727,False,-35.38461685180664,-0.6175780892372131,-84.17582702636719,-1.4691452980041504,88.83516693115234,1.5504661798477173,78.81318664550781,1.375549554824829,85.0988998413086,1.4852559566497803,0.7554945054945055,0.007554945054945055,-0.5539349913597107,-1.6529638767242432,1.5620019435882568,1.3714981079101562,1.4695570468902588,-0.0015840530395507812,-31.738136291503906,-0.5539349767334459,-88.17582702636719,-1.5389585022791084,89.4961166381836,1.5620019030851824,78.58104705810547,1.3714980008285442,84.19940948486328,1.4695569237458068,0.0,0.0,True,False,0.15840530395507812,0.0,0.0,0.0,0.0,6.532020568847656,6.532020568847656,0.0,0.0,0.0,0.0,0.0,0.0,0.0,0.0,0.0
1,723,28.072582692024298,28.083079652045853,False,-34.68132019042969,-0.6053032279014587,-84.43955993652344,-1.4737483263015747,88.92308044433594,1.5520005226135254,78.81318664550781,1.375549554824829,85.010986328125,1.4837216138839722,0.7554945054945055,0.007554945054945055,-0.5552217364311218,-1.6575191020965576,1.5639106035232544,1.3763872385025024,1.4696884155273438,0.00020501762628555298,-31.811861038208008,-0.5552217163036314,-88.43955993652344,-1.5435615099072013,89.60546875,1.5639104574803877,78.86117553710938,1.3763871651157662,84.20693969726562,1.4696883507456022,0.020501762628555298,0.00020501762628555298,False,False,0.0,0.0,0.0,0.0,0.0,6.5292816162109375,6.5292816162109375,0.0,0.0,0.0,0.0,0.0,0.0,0.0,0.0,0.0
1,724,28.10581491701305,28.11646952200681,False,-33.18681335449219,-0.5792191624641418,-85.67032623291016,-1.4952292442321777,89.62637329101562,1.5642752647399902,78.81318664550781,1.375549554824829,84.83516693115234,1.480652928352356,0.7554945054945055,0.007554945054945055,-0.5470061898231506,-1.658436894416809,1.5693047046661377,1.3744277954101562,1.468880295753479,-0.001211807131767273,-31.341144561767578,-0.5470061639463596,-89.67032623291016,-1.565042434101726,89.9145278930664,1.5693045571102886,78.74890899658203,1.3744277443437405,84.16063690185547,1.4688802145128177,0.0,0.0,True,False,0.1211807131767273,0.0,0.0,0.0,0.0,5.351104736328125,5.351104736328125,0.0,0.0,0.0,0.0,0.0,0.0,0.0,0.0,0.0
1,725,28.139249470084906,28.150089628994465,False,-32.39560317993164,-0.5654099583625793,-86.81318664550781,-1.5151759386062622,89.97801971435547,1.5704126358032227,78.9011001586914,1.3770840167999268,84.21977996826172,1.4699124097824097,0.7554945054945055,0.007554945054945055,-0.5589197278022766,-1.6418935060501099,1.574455738067627,1.3771589994430542,1.4697355031967163,-0.0002025514841079712,-32.023738861083984,-0.5589196819247745,-90.81318664550781,-1.5849891111922558,90.20966339111328,1.57445564329072,78.9053955078125,1.3771589491996712,84.20964050292969,1.4697354886968967,0.0,0.0,True,False,0.02025514841079712,0.0,0.0,0.0,0.0,3.2603759765625,3.2603759765625,0.0,0.0,0.0,0.0,0.0,0.0,0.0,0.0,0.0
1,726,28.172632789006457,28.183446808019653,False,-32.83516311645508,-0.5730817317962646,-87.69230651855469,-1.5305194854736328,90.24176025390625,1.5750157833099365,79.34066009521484,1.3847557306289673,84.57142639160156,1.476049780845642,0.7554945054945055,0.007554945054945055,-0.546406626701355,-1.6666536331176758,1.5701780319213867,1.3753453493118286,1.4746668338775635,-0.0009512081742286682,-31.306791305541992,-0.5464065865164418,-91.69230651855469,-1.6003326474966384,89.96456909179688,1.5701779407897802,78.80148315429688,1.3753453364973272,84.49217987060547,1.474666730929342,0.0,0.0,True,False,0.09512081742286682,0.0,0.0,0.0,0.0,3.7999038696289062,3.7999038696289062,0.0,0.0,0.0,0.0,0.0,0.0,0.0,0.0,0.0
1,727,28.206093417014927,28.216909809038043,False,-32.659339904785156,-0.5700129866600037,-88.57142639160156,-1.5458630323410034,90.5054931640625,1.5796188116073608,79.42857360839844,1.3862900733947754,84.65933990478516,1.4775842428207397,0.7554945054945055,0.007554945054945055,-0.5580375790596008,-1.6519197225570679,1.5600937604904175,1.3753833770751953,1.4728899002075195,-0.0011400282382965088,-31.973196029663086,-0.5580375431031994,-92.57142639160156,-1.615676183801021,89.38677978515625,1.5600936150060862,78.80365753173828,1.3753832865428608,84.39037322998047,1.472889869850041,0.0,0.0,True,False,0.11400282382965088,0.0,0.0,0.0,0.0,2.07659912109375,2.07659912109375,0.0,0.0,0.0,0.0,0.0,0.0,0.0,0.0,0.0
1,728,28.239570880075917,28.250151241081767,False,-31.78022003173828,-0.5546694993972778,-89.36264038085938,-1.559672236442566,90.5934066772461,1.5811532735824585,79.42857360839844,1.3862900733947754,84.3956069946289,1.4729812145233154,0.7554945054945055,0.007554945054945055,-0.5376607179641724,-1.6795374155044556,1.5732616186141968,1.3765764236450195,1.4726932048797607,-0.0011686384677886963,-30.805688858032227,-0.5376606989175944,-93.36264038085938,-1.6294854730014088,90.14124298095703,1.5732614818579285,78.87201690673828,1.3765763827112163,84.37909698486328,1.4726930622454841,0.0,0.0,True,False,0.11686384677886963,0.0,0.0,0.0,0.0,2.8677597045898438,2.8677597045898438,0.0,0.0,0.0,0.0,0.0,0.0,0.0,0.0,0.0
1,729,28.272958029061556,28.28380620700773,False,-31.69230842590332,-0.553135097026825,-89.89010620117188,-1.5688782930374146,90.5934066772461,1.5811532735824585,79.42857360839844,1.3862900733947754,84.13186645507812,1.4683780670166016,0.7554945054945055,0.007554945054945055,-0.5459672212600708,-1.6635103225708008,1.5562546253204346,1.3776544332504272,1.470186710357666,0.00035580992698669434,-31.2816162109375,-0.5459671982260924,-93.89010620117188,-1.6386914882575947,89.16681671142578,1.5562545351366823,78.93377685546875,1.377654297162426,84.23548889160156,1.470186628185556,0.035580992698669434,0.00035580992698669434,False,False,0.0,0.0,0.0,0.0,0.0,1.4220123291015625,1.4220123291015625,0.0,0.0,0.0,0.0,0.0,0.0,0.0,0.0,0.0
1,730,28.306346007040702,28.316966918995604,False,-32.21977996826172,-0.5623412132263184,-90.94505310058594,-1.587290644645691,90.68132019042969,1.5826876163482666,79.42857360839844,1.3862900733947754,84.48351287841797,1.474515438079834,0.7554945054945055,0.007554945054945055,-0.5403045415878296,-1.6695661544799805,1.5874712467193604,1.376194715499878,1.4712445735931396,-0.002064123749732971,-30.957168579101562,-0.5403045188002569,-94.94505310058594,-1.6571037850860755,90.95539855957031,1.5874711773282097,78.85014343261719,1.3761946185689535,84.29609680175781,1.4712444357705357,0.0,0.0,True,False,0.20641237497329712,0.0,0.0,0.0,0.0,0.7140350341796875,0.7140350341796875,0.0,0.0,0.0,0.0,0.0,0.0,0.0,0.0,0.0
1,731,28.33974423003383,28.35053711209912,False,-31.516483306884766,-0.5500664114952087,-92.0879135131836,-1.6072373390197754,90.68132019042969,1.5826876163482666,79.42857360839844,1.3862900733947754,84.57142639160156,1.476049780845642,0.7554945054945055,0.007554945054945055,-0.5505762100219727,-1.661767601966858,1.5646528005599976,1.3748013973236084,1.4671909809112549,-0.001829482614994049,-31.545690536499023,-0.5505761646771244,-95.21226501464844,-1.6617675127870224,89.64799499511719,1.5646526804761929,78.77031707763672,1.3748013858446786,84.0638427734375,1.467190838275326,0.0,0.0,True,False,0.1829482614994049,0.0,0.0,0.0,0.0,0.0,0.0,0.0,0.0,0.0,0.0,0.0,0.0,0.0,0.0,0.0
1,732,28.373319599078968,28.384651698987,False,-31.16483497619629,-0.5439289808273315,-93.14286041259766,-1.6256495714187622,90.68132019042969,1.5826876163482666,79.42857360839844,1.3862900733947754,84.13186645507812,1.4683780670166016,0.7554945054945055,0.007554945054945055,-0.5495033860206604,-1.6457213163375854,1.5521228313446045,1.376088261604309,1.466417908668518,-0.0014558658003807068,-31.484222412109375,-0.5495033435214997,-94.29287719726562,-1.6457211682709678,88.93008422851562,1.552122773863479,78.84404754638672,1.3760882252834048,84.0195541381836,1.4664178557689305,0.0,0.0,True,False,0.14558658003807068,0.0,0.0,0.0,0.0,0.0,0.0,0.0,0.0,0.0,0.0,0.0,0.0,0.0,0.0,0.0
1,733,28.406609995057806,28.417584368027747,False,-31.956043243408203,-0.557738184928894,-93.75823974609375,-1.636389970779419,91.03296661376953,1.588824987411499,79.42857360839844,1.3862900733947754,84.30769348144531,1.4714468717575073,0.7554945054945055,0.007554945054945055,-0.5541167855262756,-1.651707649230957,1.5685807466506958,1.3771568536758423,1.462613582611084,-0.0012268126010894775,-31.748552322387695,-0.5541167707673575,-94.63587188720703,-1.6517075549273026,89.87305450439453,1.5685807099260052,78.9052734375,1.3771568186707992,83.80158233642578,1.4626135301517522,0.0,0.0,True,False,0.12268126010894775,0.0,0.0,0.0,0.0,0.0,0.0,0.0,0.0,0.0,0.0,0.0,0.0,0.0,0.0,0.0
1,734,28.440231710090302,28.45142029901035,False,-31.868131637573242,-0.5562038421630859,-93.5824203491211,-1.6333212852478027,91.12088012695312,1.5903593301773071,79.42857360839844,1.3862900733947754,84.57142639160156,1.476049780845642,0.7554945054945055,0.007554945054945055,-0.541279673576355,-1.6782528162002563,1.5660791397094727,1.376549482345581,1.4710168838500977,-0.0008093491196632385,-31.013038635253906,-0.5412796352333894,-96.15679931640625,-1.6782527462507217,89.72972106933594,1.5660790695560391,78.87046813964844,1.376549351626152,84.2830581665039,1.4710168686553884,0.0,0.0,True,False,0.08093491196632385,0.0,0.0,0.0,0.0,0.0,0.0,0.0,0.0,0.0,0.0,0.0,0.0,0.0,0.0,0.0
1,735,28.473615664057434,28.487021687091328,False,-31.340660095214844,-0.5469977259635925,-93.4945068359375,-1.6317869424819946,91.12088012695312,1.5903593301773071,79.51648712158203,1.387824535369873,84.04395294189453,1.4668437242507935,0.7554945054945055,0.007554945054945055,-0.5468229055404663,-1.6639949083328247,1.5602494478225708,1.3775848150253296,1.4699314832687378,-0.0011791735887527466,-31.330642700195312,-0.5468228718843349,-95.33988189697266,-1.6639948475647102,89.39570617675781,1.5602494099298558,78.92979431152344,1.3775847886579748,84.22086334228516,1.469931364195072,0.0,0.0,True,False,0.11791735887527466,0.0,0.0,0.0,0.0,0.0,0.0,0.0,0.0,0.0,0.0,0.0,0.0,0.0,0.0,0.0
1,736,28.507034501060843,28.517962279031053,False,-31.340660095214844,-0.5469977259635925,-94.02198028564453,-1.6409931182861328,91.12088012695312,1.5903593301773071,79.51648712158203,1.387824535369873,84.04395294189453,1.4668437242507935,0.7554945054945055,0.007554945054945055,-0.5365256071090698,-1.6684845685958862,1.5301169157028198,1.3801497220993042,1.467708706855774,-0.002147875726222992,-30.740652084350586,-0.5365255930819753,-95.59712219238281,-1.66848453768842,87.66923522949219,1.5301168074600453,79.07675170898438,1.3801496791038301,84.09351348876953,1.467708689949292,0.0,0.0,True,False,0.2147875726222992,0.0,0.0,0.0,0.0,0.0,0.0,0.0,0.0,0.0,0.0,0.0,0.0,0.0,0.0,0.0
1,737,28.5402212170884,28.551468454068527,False,-31.69230842590332,-0.553135097026825,-94.63735961914062,-1.6517335176467896,91.12088012695312,1.5903593301773071,79.42857360839844,1.3862900733947754,84.13186645507812,1.4683780670166016,0.7554945054945055,0.007554945054945055,-0.54351806640625,-1.6593996286392212,1.5081242322921753,1.3828990459442139,1.4634571075439453,-0.0009909197688102722,-31.14128875732422,-0.543518022129601,-95.07659149169922,-1.6593995631037783,87.12088012695312,1.5205462054506276,79.2342758178711,1.3828989934551734,83.84991455078125,1.4634570864270349,0.0,0.0,True,False,0.09909197688102722,0.0,0.0,0.0,0.0,0.0,0.0,0.0,0.71173095703125,0.71173095703125,0.0,0.0,0.0,0.0,0.0,0.0
1,738,28.573692258098163,28.58594359003473,False,-31.69230842590332,-0.553135097026825,-94.63735961914062,-1.6517335176467896,91.12088012695312,1.5903593301773071,79.42857360839844,1.3862900733947754,84.57142639160156,1.476049780845642,0.7554945054945055,0.007554945054945055,-0.531538188457489,-1.6727209091186523,1.4803307056427002,1.3901498317718506,1.4713385105133057,-0.001755841076374054,-30.454893112182617,-0.5315381581505295,-95.83984375,-1.6727208280344092,87.12088012695312,1.5205462054506276,79.64971160888672,1.3901497158390232,84.30148315429688,1.4713384453570153,0.0,0.0,True,False,0.1755841076374054,0.0,0.0,0.0,0.0,0.0,0.0,0.0,2.3041839599609375,2.3041839599609375,0.0,0.0,0.0,0.0,0.0,0.0
1,739,28.607068810029887,28.617994804051705,False,-31.16483497619629,-0.5439289808273315,-94.63735961914062,-1.6517335176467896,90.85713958740234,1.5857561826705933,79.42857360839844,1.3862900733947754,84.13186645507812,1.4683780670166016,0.7554945054945055,0.007554945054945055,-0.5273229479789734,-1.6233901977539062,1.4080358743667603,1.395870566368103,1.4697647094726562,-0.001597076654434204,-30.213376998901367,-0.527322906777152,-93.0134048461914,-1.62339016305649,86.85713958740234,1.51594306466448,79.97748565673828,1.3958704521766225,84.21131134033203,1.469764650310833,0.0,0.0,True,False,0.1597076654434204,0.0,0.0,0.0,0.0,0.0,0.0,0.0,6.1826324462890625,6.1826324462890625,0.0,0.0,0.0,0.0,0.0,0.0
1,740,28.64068084198516,28.651563754072413,False,-30.989011764526367,-0.5408602952957153,-94.81318664550781,-1.6548023223876953,90.5934066772461,1.5811532735824585,79.51648712158203,1.387824535369873,84.13186645507812,1.4683780670166016,0.7554945054945055,0.007554945054945055,-0.5290058851242065,-1.5191545486450195,1.270082950592041,1.4245193004608154,1.4758241176605225,-0.002537280321121216,-30.309803009033203,-0.529005858138514,-90.81318664550781,-1.5849891111922558,86.5934066772461,1.511340057036387,81.61894226074219,1.4245192744450954,84.55848693847656,1.4758240075810358,0.0,0.0,True,False,0.2537280321121216,0.0,0.0,0.0,0.0,3.7720489501953125,3.7720489501953125,0.0,13.823020935058594,13.823020935058594,0.0,0.0,0.0,0.0,0.0,0.0
1,741,28.67482034000568,28.685624815989286,False,-30.989011764526367,-0.5408602952957153,-94.81318664550781,-1.6548023223876953,90.5934066772461,1.5811532735824585,79.51648712158203,1.387824535369873,84.13186645507812,1.4683780670166016,0.7554945054945055,0.007554945054945055,-0.5431931614875793,-1.3631640672683716,1.1638041734695435,1.3988001346588135,1.4643008708953857,-0.0029961317777633667,-31.12267303466797,-0.5431931164766114,-90.81318664550781,-1.5849891111922558,86.5934066772461,1.511340057036387,80.14533996582031,1.3988000625337642,83.89825439453125,1.4643007758603719,0.0,0.0,True,False,0.29961317777633667,0.0,0.0,0.0,0.0,12.709640502929688,12.709640502929688,0.0,19.91234588623047,19.91234588623047,0.0,0.0,0.0,0.0,0.0,0.0
1,742,28.707549951039255,28.718220500042662,False,-31.076923370361328,-0.5423946380615234,-94.10989379882812,-1.642527461051941,90.5934066772461,1.5811532735824585,79.78022003173828,1.3924275636672974,84.13186645507812,1.4683780670166016,0.7554945054945055,0.007554945054945055,-0.569615364074707,-1.2228851318359375,1.0546855926513672,1.3944154977798462,1.4607679843902588,-0.0033500418066978455,-32.63655471801758,-0.5696153363366963,-90.10989379882812,-1.5727143354119717,86.5934066772461,1.511340057036387,79.89411926269531,1.3944154341150576,83.69583892822266,1.4607679595163274,0.0,0.0,True,False,0.33500418066978455,0.0,0.0,0.0,0.0,20.043739318847656,20.043739318847656,0.0,26.16437530517578,26.16437530517578,0.0,0.0,0.0,0.0,0.0,0.0
1,743,28.741135345073417,28.751918472000398,False,-30.813186645507812,-0.5377915501594543,-93.05494689941406,-1.624115228652954,90.5934066772461,1.5811532735824585,80.04395294189453,1.3970304727554321,84.13186645507812,1.4683780670166016,0.7554945054945055,0.007554945054945055,-0.5864945650100708,-1.057053804397583,0.9577487707138062,1.3941890001296997,1.4587234258651733,-0.00196201354265213,-33.603660583496094,-0.5864945179046457,-89.05494689941406,-1.554302038583491,86.5934066772461,1.511340057036387,79.88114166259766,1.3941889322643464,83.57868957519531,1.458723317589419,0.0,0.0,True,False,0.196201354265213,0.0,0.0,0.0,0.0,28.49022674560547,28.49022674560547,0.0,31.718448638916016,31.718448638916016,0.0,0.0,0.0,0.0,0.0,0.0
1,744,28.774327641003765,28.785067121032625,False,-31.16483497619629,-0.5439289808273315,-91.82417297363281,-1.6026341915130615,90.5054931640625,1.5796188116073608,80.13186645507812,1.3985649347305298,84.13186645507812,1.4683780670166016,0.7554945054945055,0.007554945054945055,-0.6012860536575317,-0.9508663415908813,0.875847339630127,1.3947744369506836,1.4575225114822388,-0.0022458434104919434,-34.45115280151367,-0.6012860474940821,-87.82417297363281,-1.5328209812309117,86.5054931640625,1.509805676774338,79.91468048095703,1.3947742950719457,83.50988006591797,1.4575223650958478,0.0,0.0,True,False,0.22458434104919434,0.0,0.0,0.0,0.0,33.34354782104492,33.34354782104492,0.0,36.32313919067383,36.32313919067383,0.0,0.0,0.0,0.0,0.0,0.0
1,745,28.807708993088454,28.818248748080805,False,-32.659339904785156,-0.5700129866600037,-90.68132019042969,-1.5826876163482666,90.5054931640625,1.5796188116073608,80.21977996826172,1.400099277496338,84.30769348144531,1.4714468717575073,0.7554945054945055,0.007554945054945055,-0.6165627837181091,-0.8631447553634644,0.8125214576721191,1.397728681564331,1.4545882940292358,-0.0020098164677619934,-35.32644271850586,-0.6165627384551036,-86.68132019042969,-1.5128744372984362,86.5054931640625,1.509805676774338,80.08394622802734,1.3977285396691708,83.34176635742188,1.454588227364853,0.0,0.0,True,False,0.20098164677619934,0.0,0.0,0.0,0.0,37.22677230834961,37.22677230834961,0.0,39.951446533203125,39.951446533203125,0.0,0.0,0.0,0.0,0.0,0.0
1,746,28.842136751045473,28.85309461399447,False,-33.53845977783203,-0.5853565335273743,-90.5934066772461,-1.5811532735824585,90.5054931640625,1.5796188116073608,80.21977996826172,1.400099277496338,84.57142639160156,1.476049780845642,0.7554945054945055,0.007554945054945055,-0.626023530960083,-0.7665897607803345,0.742673397064209,1.39457368850708,1.446753978729248,-0.00219079852104187,-35.86850357055664,-0.6260234850695556,-86.5934066772461,-1.511340057036387,86.5054931640625,1.509805676774338,79.90318298339844,1.3945736258838084,82.89289093017578,1.4467538732281124,0.0,0.0,True,False,0.219079852104187,0.0,0.0,0.0,0.0,42.671051025390625,42.671051025390625,0.0,43.95344543457031,43.95344543457031,0.0,0.0,0.0,0.0,0.0,0.0
1,747,28.875700031989254,28.886768701020628,False,-33.626373291015625,-0.5868909358978271,-89.36264038085938,-1.559672236442566,90.4175796508789,1.5780844688415527,79.78022003173828,1.3924275636672974,84.30769348144531,1.4714468717575073,0.7554945054945055,0.007554945054945055,-0.6431416273117065,-0.6750180721282959,0.7037166357040405,1.3937777280807495,1.4520437717437744,-0.0021386295557022095,-36.849300384521484,-0.6431416187663124,-85.36264038085938,-1.4898591328418624,86.4175796508789,1.5082712965122889,79.85757446289062,1.3937776070339836,83.19597625732422,1.4520437101013368,0.0,0.0,True,False,0.21386295557022095,0.0,0.0,0.0,0.0,46.686954498291016,46.686954498291016,0.0,46.09758758544922,46.09758758544922,0.0,0.0,0.0,0.0,0.0,0.0
1,748,28.90866429603193,28.91966911801137,False,-34.5054931640625,-0.6022344827651978,-88.57142639160156,-1.5458630323410034,90.24176025390625,1.5750157833099365,79.69230651855469,1.3908931016921997,83.95604705810547,1.4653093814849854,0.7554945054945055,0.007554945054945055,-0.6516405940055847,-0.5990005731582642,0.6534606218338013,1.3913042545318604,1.4515836238861084,-0.0028368905186653137,-37.33625411987305,-0.6516405647530823,-84.57142639160156,-1.4760498436414746,86.24176025390625,1.505202669146245,79.71585845947266,1.3913041961715726,83.16960906982422,1.451583515864971,0.0,0.0,True,False,0.28368905186653137,0.0,0.0,0.0,0.0,50.251224517822266,50.251224517822266,0.0,48.80122756958008,48.80122756958008,0.0,0.0,0.0,0.0,0.0,0.0
1,749,28.94232668809127,28.952993469079956,False,-35.64834976196289,-0.6221810579299927,-87.95604705810547,-1.5351226329803467,89.89010620117188,1.5688782930374146,79.69230651855469,1.3908931016921997,83.78022003173828,1.4622406959533691,0.7554945054945055,0.007554945054945055,-0.6712127327919006,-0.5028042793273926,0.556332528591156,1.3931254148483276,1.447438359260559,-0.002407178282737732,-38.4576530456543,-0.6712126682362927,-83.95604705810547,-1.4653094481232396,85.89010620117188,1.4990651480980484,79.82020568847656,1.3931253988830232,82.9321060180664,1.4474383056282627,0.0,0.0,True,False,0.2407178282737732,0.0,0.0,0.0,0.0,55.147483825683594,55.147483825683594,0.0,54.01460266113281,54.01460266113281,0.0,0.0,0.0,0.0,0.0,0.0
1,750,28.97541989001911,29.144368640030734,False,-36.43955993652344,-0.6359903216362,-86.989013671875,-1.518244743347168,89.62637329101562,1.5642752647399902,79.69230651855469,1.3908931016921997,83.69230651855469,1.460706353187561,0.7554945054945055,0.007554945054945055,-0.6082579493522644,-1.627619981765747,1.5685008764266968,1.3778477907180786,1.4433035850524902,-0.0007529482245445251,-34.85061264038086,-0.6082579369118005,-90.989013671875,-1.5880578717163543,89.86847686767578,1.5685008150933029,78.94486236572266,1.3778477758156202,82.69519805908203,1.4433034817198058,0.0,0.0,True,False,0.07529482245445251,0.0,0.0,0.0,0.0,2.2667388916015625,2.2667388916015625,0.0,0.0,0.0,0.0,0.0,0.0,0.0,0.0,0.0
1,751,29.14569591509644,29.158238077070564,False,-38.021976470947266,-0.6636086702346802,-85.4065933227539,-1.4906262159347534,89.18681335449219,1.5566035509109497,79.6043930053711,1.3893587589263916,83.6043930053711,1.4591718912124634,0.7554945054945055,0.007554945054945055,-0.5981473922729492,-1.6534532308578491,1.562267780303955,1.3762954473495483,1.4501174688339233,-0.0023962855339050293,-34.27132034301758,-0.5981473789913692,-89.4065933227539,-1.560439426473633,89.51134490966797,1.5622676865619722,78.85591888427734,1.3762954192162131,83.08560943603516,1.4501174456848824,0.0,0.0,True,False,0.23962855339050293,0.0,0.0,0.0,0.0,5.329292297363281,5.329292297363281,0.0,0.0,0.0,0.0,0.0,0.0,0.0,0.0,0.0
1,752,29.179122342029586,29.21328258002177,False,-37.758243560791016,-0.6590056419372559,-85.4065933227539,-1.4906262159347534,89.18681335449219,1.5566035509109497,79.6043930053711,1.3893587589263916,83.6043930053711,1.4591718912124634,0.7554945054945055,0.007554945054945055,-0.6030938625335693,-1.6570662260055542,1.5679343938827515,1.3749661445617676,1.4520610570907593,-0.0020484551787376404,-34.55472946166992,-0.6030938012420278,-89.4065933227539,-1.560439426473633,89.83602142333984,1.567934360729443,78.77975463867188,1.3749661023581,83.19696807861328,1.4520610206484224,0.0,0.0,True,False,0.20484551787376404,0.0,0.0,0.0,0.0,5.5363006591796875,5.5363006591796875,0.0,0.0,0.0,0.0,0.0,0.0,0.0,0.0,0.0
1,753,29.215023898053914,29.22994343400933,False,-37.58241653442383,-0.6559368968009949,-85.67032623291016,-1.4952292442321777,89.18681335449219,1.5566035509109497,79.34066009521484,1.3847557306289673,83.6043930053711,1.4591718912124634,0.7554945054945055,0.007554945054945055,-0.6111899018287659,-1.6182137727737427,1.550480842590332,1.3762321472167969,1.4546984434127808,-0.0017053484916687012,-35.01860046386719,-0.611189877534896,-89.67032623291016,-1.565042434101726,88.83600616455078,1.5504808018933907,78.85228729248047,1.376232035982269,83.34807586669922,1.4546983490759278,0.0,0.0,True,False,0.17053484916687012,0.0,0.0,0.0,0.0,3.0464859008789062,3.0464859008789062,0.0,0.0,0.0,0.0,0.0,0.0,0.0,0.0,0.0
1,754,29.248180775088258,29.262526929029264,False,-35.82417678833008,-0.6252498030662537,-86.989013671875,-1.518244743347168,89.89010620117188,1.5688782930374146,79.51648712158203,1.387824535369873,83.6043930053711,1.4591718912124634,0.7554945054945055,0.007554945054945055,-0.6056127548217773,-1.6420716047286987,1.5458670854568481,1.3747780323028564,1.454146146774292,-0.0020441412925720215,-34.69905471801758,-0.6056127521590793,-90.989013671875,-1.5880578717163543,88.5716552734375,1.545867008462883,78.76897430419922,1.3747779500270858,83.3164291381836,1.4541460094658454,0.0,0.0,True,False,0.20441412925720215,0.0,0.0,0.0,0.0,3.094757080078125,3.094757080078125,0.0,0.0,0.0,0.0,0.0,0.0,0.0,0.0,0.0
1,755,29.2820228820201,29.293479192070663,False,-35.20878982543945,-0.6145092844963074,-88.04395294189453,-1.5366568565368652,90.24176025390625,1.5750157833099365,79.6043930053711,1.3893587589263916,83.07691955566406,1.4499657154083252,0.7554945054945055,0.007554945054945055,-0.6061677932739258,-1.618690848350525,1.5478241443634033,1.3760877847671509,1.454458236694336,-0.002593390643596649,-34.73085403442383,-0.6061677549302519,-92.04395294189453,-1.6064700353867805,88.68378448486328,1.5478240323899275,78.8440170288086,1.376087692651187,83.33431243896484,1.4544581319456027,0.0,0.0,True,False,0.2593390643596649,0.0,0.0,0.0,0.0,0.7001953125,0.7001953125,0.0,0.0,0.0,0.0,0.0,0.0,0.0,0.0,0.0
1,756,29.31541957007721,29.326908675022423,False,-35.912086486816406,-0.6267841458320618,-88.48351287841797,-1.5443285703659058,90.24176025390625,1.5750157833099365,79.51648712158203,1.387824535369873,83.6043930053711,1.4591718912124634,0.7554945054945055,0.007554945054945055,-0.61766117811203,-1.618762731552124,1.5493674278259277,1.3772101402282715,1.4534281492233276,-0.002533957362174988,-35.38937759399414,-0.6176611592467068,-92.48351287841797,-1.6141418035389719,88.77220916748047,1.5493673342416285,78.9083251953125,1.3772100818926007,83.2752914428711,1.45342802123596,0.0,0.0,True,False,0.2533957362174988,0.0,0.0,0.0,0.0,0.2647552490234375,0.2647552490234375,0.0,0.0,0.0,0.0,0.0,0.0,0.0,0.0,0.0
1,757,29.349323929054663,29.361215787008405,False,-35.120880126953125,-0.612975001335144,-89.53845977783203,-1.5627409219741821,90.24176025390625,1.5750157833099365,79.51648712158203,1.387824535369873,83.42857360839844,1.4561033248901367,0.7554945054945055,0.007554945054945055,-0.6203259229660034,-1.6140899658203125,1.5372422933578491,1.3785040378570557,1.4499485492706299,-0.0029184669256210327,-35.542057037353516,-0.6203259182334401,-92.48053741455078,-1.6140898718977152,88.0774917602539,1.5372422281146068,78.98246002197266,1.3785039787082158,83.075927734375,1.449948468113717,0.0,0.0,True,False,0.29184669256210327,0.0,0.0,0.0,0.0,0.0,0.0,0.0,0.0,0.0,0.0,0.0,0.0,0.0,0.0,0.0
1,758,29.383280420093797,29.419711895054206,False,-34.85714340209961,-0.608371913433075,-90.4175796508789,-1.5780844688415527,90.24176025390625,1.5750157833099365,79.51648712158203,1.387824535369873,83.07691955566406,1.4499657154083252,0.7554945054945055,0.007554945054945055,-0.6178990602493286,-1.6035923957824707,1.5335825681686401,1.3795692920684814,1.44601309299469,-0.002121366560459137,-35.40300750732422,-0.6178990461110782,-91.87907409667969,-1.6035923566708954,87.86780548095703,1.5335825121446198,79.04349517822266,1.3795692431442474,82.8504409790039,1.4460129818128524,0.0,0.0,True,False,0.2121366560459137,0.0,0.0,0.0,0.0,0.0,0.0,0.0,0.0,0.0,0.0,0.0,0.0,0.0,0.0,0.0
1,759,29.42146164108999,29.436826099059545,False,-35.82417678833008,-0.6252498030662537,-91.56044006347656,-1.5980311632156372,90.24176025390625,1.5750157833099365,79.51648712158203,1.387824535369873,83.6043930053711,1.4591718912124634,0.7554945054945055,0.007554945054945055,-0.6177968978881836,-1.6180310249328613,1.5452296733856201,1.3793327808380127,1.4476357698440552,-0.0013427883386611938,-35.397151947021484,-0.6177968473042463,-92.70634460449219,-1.6180309508368689,88.5351333618164,1.5452295808559724,79.02994537353516,1.3793327544394485,82.94341278076172,1.4476356458650377,0.0,0.0,True,False,0.13427883386611938,0.0,0.0,0.0,0.0,0.0,0.0,0.0,0.0,0.0,0.0,0.0,0.0,0.0,0.0,0.0
1,760,29.455057981074788,29.468194240005687,False,-35.47252655029297,-0.6191123723983765,-92.0,-1.6057028770446777,90.24176025390625,1.5750157833099365,79.51648712158203,1.387824535369873,83.51648712158203,1.4576376676559448,0.7554945054945055,0.007554945054945055,-0.6246894001960754,-1.6037607192993164,1.5167487859725952,1.3782340288162231,1.4540040493011475,-0.003398679196834564,-35.79206466674805,-0.6246893745214804,-91.88871765136719,-1.6037606684517884,86.9032974243164,1.516748670894229,78.96698760986328,1.3782339341736818,83.30828857421875,1.4540039298216896,0.0,0.0,True,False,0.3398679196834564,0.0,0.0,0.0,0.0,0.0,0.0,0.0,0.0,0.0,0.0,0.0,0.0,0.0,0.0,0.0
1,761,29.48855008301325,29.502515473985113,False,-35.120880126953125,-0.612975001335144,-91.9120864868164,-1.6041685342788696,90.15384674072266,1.5734814405441284,79.51648712158203,1.387824535369873,83.07691955566406,1.4499657154083252,0.7554945054945055,0.007554945054945055,-0.6121475696563721,-1.6289292573928833,1.5370131731033325,1.3791165351867676,1.443805456161499,-0.0016440749168395996,-35.07347106933594,-0.6121475502628885,-93.33076477050781,-1.6289291386496911,88.06436157226562,1.5370130631028054,79.0175552368164,1.3791165057589339,82.72395324707031,1.4438053544272311,0.0,0.0,True,False,0.16440749168395996,0.0,0.0,0.0,0.0,0.0,0.0,0.0,0.0,0.0,0.0,0.0,0.0,0.0,0.0,0.0
1,762,29.521770642022602,29.536956901079975,False,-35.64834976196289,-0.6221810579299927,-91.56044006347656,-1.5980311632156372,90.15384674072266,1.5734814405441284,79.51648712158203,1.387824535369873,83.16483306884766,1.4515001773834229,0.7554945054945055,0.007554945054945055,-0.6129738688468933,-1.612866759300232,1.5035861730575562,1.3781243562698364,1.446855902671814,-0.0022074133157730103,-35.12081527709961,-0.6129738625701129,-92.41045379638672,-1.6128666820090418,86.15384674072266,1.503668288884196,78.96070861816406,1.3781243450948248,82.89873504638672,1.4468558722978624,0.0,0.0,True,False,0.22074133157730103,0.0,0.0,0.0,0.0,0.0,0.0,0.0,0.00470733642578125,0.00470733642578125,0.0,0.0,0.0,0.0,0.0,0.0
1,763,29.55511994904373,29.568014441989362,False,-35.82417678833008,-0.6252498030662537,-91.47252655029297,-1.5964967012405396,90.06593322753906,1.5719470977783203,79.51648712158203,1.387824535369873,83.51648712158203,1.4576376676559448,0.7554945054945055,0.007554945054945055,-0.6111962795257568,-1.6396576166152954,1.5237669944763184,1.380857229232788,1.4447667598724365,-0.0025438591837882996,-35.01896667480469,-0.6111962691215121,-93.9454574584961,-1.639657549943021,87.30541229248047,1.5237668993149147,79.1172866821289,1.3808571478474096,82.7790298461914,1.4447666224226954,0.0,0.0,True,False,0.25438591837882996,0.0,0.0,0.0,0.0,0.0,0.0,0.0,0.0,0.0,0.0,0.0,0.0,0.0,0.0,0.0
1,764,29.58983698906377,29.601230700034648,False,-35.29670333862305,-0.6160436868667603,-91.64835357666016,-1.5995655059814453,89.97801971435547,1.5704126358032227,79.51648712158203,1.387824535369873,83.34066009521484,1.454568862915039,0.7554945054945055,0.007554945054945055,-0.6023802757263184,-1.6293927431106567,1.5164810419082642,1.3813592195510864,1.4498157501220703,-0.0017939358949661255,-34.51384735107422,-0.6023802738069683,-93.3573226928711,-1.6293926618374195,86.8879623413086,1.516481023204676,79.14604949951172,1.3813591537128898,83.06832122802734,1.4498157095333766,0.0,0.0,True,False,0.17939358949661255,0.0,0.0,0.0,0.0,0.0,0.0,0.0,0.0,0.0,0.0,0.0,0.0,0.0,0.0,0.0
1,765,29.62304049008526,29.63497506605927,False,-34.85714340209961,-0.608371913433075,-91.82417297363281,-1.6026341915130615,89.97801971435547,1.5704126358032227,79.51648712158203,1.387824535369873,83.07691955566406,1.4499657154083252,0.7554945054945055,0.007554945054945055,-0.5993164777755737,-1.6158596277236938,1.4683175086975098,1.3938257694244385,1.4582912921905518,-0.001209154725074768,-34.33830261230469,-0.5993164401308867,-92.5819320678711,-1.615859542442073,85.97801971435547,1.5005995283600975,79.8603286743164,1.3938256770916595,83.5539321899414,1.4582912197025537,0.0,0.0,True,False,0.1209154725074768,0.0,0.0,0.0,0.0,0.0,0.0,0.0,1.8496246337890625,1.8496246337890625,0.0,0.0,0.0,0.0,0.0,0.0
1,766,29.655513199046254,29.66647318401374,False,-34.94505310058594,-0.6099062561988831,-92.35164642333984,-1.6118402481079102,89.97801971435547,1.5704126358032227,79.51648712158203,1.387824535369873,83.07691955566406,1.4499657154083252,0.7554945054945055,0.007554945054945055,-0.5976384878158569,-1.5843440294265747,1.397540807723999,1.3914250135421753,1.450613021850586,-0.003756575286388397,-34.24216079711914,-0.5976384489070551,-90.7762222290039,-1.5843439604181841,85.97801971435547,1.5005995283600975,79.7227783203125,1.3914249705270076,83.11399841308594,1.4506129268056918,0.0,0.0,True,False,0.3756575286388397,0.0,0.0,0.0,0.0,0.0,0.0,0.0,5.9048309326171875,5.9048309326171875,0.0,0.0,0.0,0.0,0.0,0.0
1,767,29.689181680092588,29.700140625005588,False,-35.29670333862305,-0.6160436868667603,-92.70330047607422,-1.6179778575897217,89.89010620117188,1.5688782930374146,79.51648712158203,1.387824535369873,83.07691955566406,1.4499657154083252,0.7554945054945055,0.007554945054945055,-0.5905062556266785,-1.5449953079223633,1.3219636678695679,1.3945865631103516,1.453089714050293,-0.003092825412750244,-33.83351516723633,-0.5905062371917138,-88.70330047607422,-1.5481646506933486,85.89010620117188,1.4990651480980484,79.90392303466797,1.3945865422150951,83.25590515136719,1.4530896666194655,0.0,0.0,True,False,0.3092825412750244,0.0,0.0,0.0,0.0,0.1815948486328125,0.1815948486328125,0.0,10.147171020507812,10.147171020507812,0.0,0.0,0.0,0.0,0.0,0.0
1,768,29.723425799049437,29.734740582993254,False,-35.03296661376953,-0.6114405989646912,-92.70330047607422,-1.6179778575897217,89.89010620117188,1.5688782930374146,79.51648712158203,1.387824535369873,83.51648712158203,1.4576376676559448,0.7554945054945055,0.007554945054945055,-0.6037363409996033,-1.4025648832321167,1.1868165731430054,1.4060899019241333,1.453028917312622,-0.0020072609186172485,-34.5915412902832,-0.6037362888550095,-88.70330047607422,-1.5481646506933486,85.89010620117188,1.4990651480980484,80.5630111694336,1.4060898002275835,83.2524185180664,1.4530288133885572,0.0,0.0,True,False,0.20072609186172485,0.0,0.0,0.0,0.0,8.342254638671875,8.342254638671875,0.0,17.890525817871094,17.890525817871094,0.0,0.0,0.0,0.0,0.0,0.0
1,769,29.757210007985123,29.768604113021865,False,-34.32966995239258,-0.5991657376289368,-91.47252655029297,-1.5964967012405396,89.89010620117188,1.5688782930374146,79.6043930053711,1.3893587589263916,83.07691955566406,1.4499657154083252,0.7554945054945055,0.007554945054945055,-0.6106158494949341,-1.2992140054702759,1.101995587348938,1.4052186012268066,1.459031343460083,-0.0013405829668045044,-34.98571014404297,-0.6106158331619295,-87.47252655029297,-1.5266835933407696,85.89010620117188,1.4990651480980484,80.51309204101562,1.405218547076964,83.5963363647461,1.4590313121694867,0.0,0.0,True,False,0.13405829668045044,0.0,0.0,0.0,0.0,13.033050537109375,13.033050537109375,0.0,22.750411987304688,22.750411987304688,0.0,0.0,0.0,0.0,0.0,0.0
1,770,29.790982560021803,29.82301188004203,False,-34.153846740722656,-0.5960970520973206,-89.89010620117188,-1.5688782930374146,89.80220031738281,1.567344069480896,79.78022003173828,1.3924275636672974,83.07691955566406,1.4499657154083252,0.7554945054945055,0.007554945054945055,-0.6323314905166626,-1.134866714477539,0.992279052734375,1.4028966426849365,1.4515907764434814,-0.0023027807474136353,-36.229923248291016,-0.6323314484275173,-85.89010620117188,-1.4990651480980484,85.80220031738281,1.4975309009940536,80.38005065917969,1.402896536922524,83.1700210571289,1.4515907063999143,0.0,0.0,True,False,0.23027807474136353,0.0,0.0,0.0,0.0,20.867034912109375,20.867034912109375,0.0,28.948802947998047,28.948802947998047,0.0,0.0,0.0,0.0,0.0,0.0
1,771,29.82471890503075,29.83568301005289,False,-34.769229888916016,-0.6068375110626221,-89.18681335449219,-1.5566035509109497,89.62637329101562,1.5642752647399902,79.95604705810547,1.3954962491989136,83.42857360839844,1.4561033248901367,0.7554945054945055,0.007554945054945055,-0.642459511756897,-1.020742654800415,0.9043518304824829,1.408803939819336,1.4460346698760986,-0.0022991299629211426,-36.81021499633789,-0.6424594500530886,-85.18681335449219,-1.4867903723177642,85.62637329101562,1.4944621404699554,80.71851348876953,1.4088038276944832,82.85167694091797,1.446034553417682,0.0,0.0,True,False,0.22991299629211426,0.0,0.0,0.0,0.0,26.702571868896484,26.702571868896484,0.0,33.81083297729492,33.81083297729492,0.0,0.0,0.0,0.0,0.0,0.0
1,772,29.85808190202806,29.869547174079344,False,-35.120880126953125,-0.612975001335144,-89.27472686767578,-1.5581378936767578,89.62637329101562,1.5642752647399902,80.04395294189453,1.3970304727554321,83.51648712158203,1.4576376676559448,0.7554945054945055,0.007554945054945055,-0.6505146622657776,-0.9616842269897461,0.8688467741012573,1.407852053642273,1.4443055391311646,-0.0019420087337493896,-37.27174377441406,-0.650514646823224,-85.27472686767578,-1.4883247525798133,85.62637329101562,1.4944621404699554,80.66397857666016,1.407852013920889,82.75260925292969,1.444305496079948,0.0,0.0,True,False,0.19420087337493896,0.0,0.0,0.0,0.0,30.17428207397461,30.17428207397461,0.0,35.845123291015625,35.845123291015625,0.0,0.0,0.0,0.0,0.0,0.0
1,773,29.891588616068475,29.901950236060657,False,-35.120880126953125,-0.612975001335144,-88.13186645507812,-1.5381911993026733,89.53845977783203,1.5627409219741821,79.78022003173828,1.3924275636672974,83.51648712158203,1.4576376676559448,0.7554945054945055,0.007554945054945055,-0.6421476602554321,-0.978919267654419,0.882226288318634,1.4025788307189941,1.450325846672058,-0.002246156334877014,-36.7923469543457,-0.6421475938894403,-84.13186645507812,-1.4683780754892832,85.53845977783203,1.4929277602079063,80.3618392944336,1.402578688646423,83.09754180908203,1.4503257048821268,0.0,0.0,True,False,0.22461563348770142,0.0,0.0,0.0,0.0,28.043926239013672,28.043926239013672,0.0,34.99061965942383,34.99061965942383,0.0,0.0,0.0,0.0,0.0,0.0
1,774,29.924848775030114,29.935790313989855,False,-36.087913513183594,-0.6298528909683228,-87.16483306884766,-1.5213133096694946,89.53845977783203,1.5627409219741821,79.6043930053711,1.3893587589263916,83.6043930053711,1.4591718912124634,0.7554945054945055,0.007554945054945055,-0.6579350233078003,-0.8801002502441406,0.8049902319908142,1.4037777185440063,1.453161597251892,-0.0015433579683303833,-37.6968994140625,-0.6579350125685118,-83.16483306884766,-1.4515001589228516,85.53845977783203,1.4929277602079063,80.43053436279297,1.4037776437691767,83.26002502441406,1.4531615719688975,0.0,0.0,True,False,0.15433579683303833,0.0,0.0,0.0,0.0,32.738807678222656,32.738807678222656,0.0,39.41592025756836,39.41592025756836,0.0,0.0,0.0,0.0,0.0,0.0
1,775,29.958508192095906,29.970497814007103,False,-36.79121017456055,-0.6421277523040771,-86.54945373535156,-1.510572910308838,89.45054626464844,1.561206579208374,79.6043930053711,1.3893587589263916,83.6043930053711,1.4591718912124634,0.7554945054945055,0.007554945054945055,-0.6553527116775513,-0.8363535404205322,0.7693536877632141,1.4066978693008423,1.447575330734253,-0.002292521297931671,-37.54894256591797,-0.6553526784175165,-82.54945373535156,-1.4407597634046165,85.45054626464844,1.4913933799458572,80.59784698486328,1.4066977999044485,82.93994903564453,1.4475751921082929,0.0,0.0,True,False,0.22925212979316711,0.0,0.0,0.0,0.0,34.62992858886719,34.62992858886719,0.0,41.36983108520508,41.36983108520508,0.0,0.0,0.0,0.0,0.0,0.0
1,776,29.992389362072572,30.003380796988495,False,-36.35165023803711,-0.6344559788703918,-85.75823974609375,-1.4967635869979858,89.18681335449219,1.5566035509109497,79.6043930053711,1.3893587589263916,83.6043930053711,1.4591718912124634,0.7554945054945055,0.007554945054945055,-0.6583653092384338,-0.8063874244689941,0.7509933114051819,1.4049092531204224,1.4497063159942627,-0.0011882558465003967,-37.72154998779297,-0.6583652462426142,-81.75823974609375,-1.4269504742042287,85.18681335449219,1.4867903723177642,80.49536895751953,1.4049092209163514,83.06204986572266,1.4497062536125742,0.0,0.0,True,False,0.11882558465003967,0.0,0.0,0.0,0.0,35.55564498901367,35.55564498901367,0.0,42.1580696105957,42.1580696105957,0.0,0.0,0.0,0.0,0.0,0.0
